seed,nc,prec,rec,fst_bo,jk0,jk1,jk2,jk3,jk4,jk5,jk6,jk7,jk8,jk9,jk10
0,4.0,0.5454545454545454,0.5454545454545454,0.0033617673443319487,0.003000643575103827,0.0037307258749256877,0.003564151494155914,0.003675123036423136,0.0035201625734234995,0.002349319650823517,0.003016096684252461,0.0036356309857256547,0.0035193472867357735,0.002306145611811264,0.003860274745511517
1,2.0,0.2857142857142857,0.18181818181818182,0.0027808347572237783,0.0025607298227434947,0.0034582385293335503,0.003563474860967334,0.0027024320560030232,0.0027578844672564657,0.0022810836182653575,0.0018422403885386888,0.0028578775975675475,0.0027851262542207687,0.0026883025384706184,0.002898130511041972
2,2.0,0.34615384615384615,0.8181818181818182,0.003529665909570355,0.003136815479308301,0.003950257431613548,0.0031399442374382704,0.0035792657288643793,0.003579113624343112,0.002740926211922582,0.0026508444104054907,0.0037451526222854613,0.00340376599471209,0.003395023572595868,0.003859324931923962
3,2.0,0.3448275862068966,0.9090909090909091,0.004167002189270721,0.003715735035631782,0.004905517054703264,0.004472237672733531,0.004062697969083693,0.003979826583988308,0.002280844786716287,0.003525788802965585,0.005096802544334347,0.0042483567684544,0.0034593345488905,0.004024472936955142
4,2.0,0.37037037037037035,0.9090909090909091,0.003031729547293493,0.002590964683519151,0.004179282000675642,0.003353848664391193,0.003143317316457949,0.0030074812827457433,0.0018738316236323323,0.0017161352396711852,0.003582352894447344,0.0030614564056165986,0.0018662163094602324,0.0038845892375153667
5,3.0,0.6923076923076923,0.8181818181818182,0.007946628732109592,0.006974453773642685,0.009090063844809315,0.007721622620938783,0.007846869993657742,0.007844425930095334,0.004137961292697489,0.004411241300988458,0.008191616517145082,0.007750046447181782,0.007223897684995369,0.007316470560239141
6,2.0,0.38461538461538464,0.9090909090909091,0.0047398744742443485,0.003675740908022862,0.005608966876398482,0.005081239423777553,0.004961550942180386,0.004491428153069475,0.002635155235328725,0.003466474681687871,0.005024081809002857,0.004813749679177202,0.0038483823895424964,0.0042520432531202535
7,3.0,0.43478260869565216,0.9090909090909091,0.006973966553884646,0.005151876739250915,0.008380202277453704,0.006870193391526165,0.006878057154890822,0.006907988565196653,0.00429779408160685,0.005089916464288339,0.00638194942221352,0.006991060122232514,0.004819096240216162,0.0070441742222759
8,2.0,0.3125,0.9090909090909091,0.004789172453171568,0.0041465687564103005,0.005823034228284223,0.005043231998739387,0.004429312137734314,0.004619321383077713,0.0039067401472708254,0.003916502815592988,0.004520164107902777,0.004718354250938757,0.003765113490061891,0.004476996008351271
9,2.0,0.2857142857142857,0.7272727272727273,0.004700229149217519,0.004218904836213325,0.004920018756067823,0.0054500165308675125,0.004463871689127628,0.004441412102264745,0.0032705188620916104,0.004012748857165611,0.004783365826788087,0.004659782188811032,0.00394876272831319,0.00437963698922679
10,3.0,0.391304347826087,0.8181818181818182,0.0048115173128014865,0.0034043071511746805,0.005098544529223515,0.0053312441952622,0.004471051146115382,0.00461098569212681,0.003583769597554677,0.003621001159310987,0.004984088104291826,0.004979964523749949,0.005450976802994784,0.003821819467399217
11,3.0,0.3333333333333333,0.8181818181818182,0.0037603730839125184,0.0036884409504772705,0.004655955085548758,0.003748126838939187,0.0032685583272304103,0.003597412605634676,0.0037232901996050857,0.0029267482322132645,0.0037866196565880966,0.003761229803196042,0.0029251428974104337,0.004081475341977313
12,2.0,0.25,0.6363636363636364,0.0037052989575018613,0.003391567380745841,0.0033038170113512183,0.0045293807522269695,0.003962820790680472,0.003956693834899399,0.0017409331745974026,0.0036600244746702003,0.003196577615441119,0.0038851725852038525,0.0027604003690205915,0.004029868829290611
13,3.0,0.2777777777777778,0.45454545454545453,0.004407747219272833,0.004114684816107888,0.004665415731821141,0.004731575617266148,0.004312374209837903,0.0040840803657069095,0.004348250504561892,0.002911032767297649,0.003925314972066614,0.004411371671934097,0.00436775944418048,0.004077835362096226
14,2.0,0.3333333333333333,0.9090909090909091,0.0038501574423301394,0.0032338034417310597,0.004600259352088144,0.003925810143688901,0.0040803175188104685,0.003744092591756186,0.0026896690232713146,0.0026049594506465045,0.0038242075837589995,0.0038420404765130817,0.0036289757336043756,0.0037592582583110988
15,2.0,0.3125,0.9090909090909091,0.004623597288617908,0.004094574738146717,0.005727819593132527,0.0049628829307730325,0.0045312234783732655,0.004556749235007168,0.003400688859640851,0.003138185967319339,0.0049301846361334035,0.004516839008629504,0.00384341094305447,0.004156633133219894
16,2.0,0.37037037037037035,0.9090909090909091,0.0035519498488551134,0.0034050104811380157,0.004736146163980857,0.0036933281846739186,0.0034626872612189006,0.0030377099356809698,0.0025137801004528606,0.003227800815720854,0.004682197147642012,0.0033553239100519135,0.0027898907840081173,0.002775136276670291
17,2.0,0.4,0.9090909090909091,0.004245400644126081,0.004298594130337703,0.005014415852299647,0.004130621702277884,0.00400879974215664,0.00411795057061417,0.0036217569100733165,0.0027578626315625425,0.004402518049284171,0.004160979912965225,0.0031504866004931848,0.003914673027578001
18,2.0,0.3225806451612903,0.9090909090909091,0.002932977479899601,0.002545909830578019,0.003359451352441582,0.0029490724463908814,0.002863108853742609,0.0030259396131734153,0.0025016470479725926,0.0027913524356210266,0.003056195249923878,0.0029872255061346963,0.00257656347151939,0.0027344199579163128
19,2.0,0.4166666666666667,0.9090909090909091,0.0056250445593363394,0.005217510706156157,0.006282351408241177,0.004818024460846563,0.0056519143438196525,0.005255132802902591,0.0037117641442007045,0.00442967113413332,0.005620913443223418,0.0056545751179403045,0.005229181271263229,0.0040446544795915505
20,2.0,0.3333333333333333,0.9090909090909091,0.0035967119253060608,0.0030037548967619962,0.004509141830168393,0.0037520735267644453,0.0034872801724544563,0.0032971530565089817,0.0033799200825720952,0.0024334583159903076,0.004631415322606301,0.0035605198905833196,0.0031560787483516832,0.0029638594075648956
21,2.0,0.3225806451612903,0.9090909090909091,0.00549859432480501,0.00543113062037697,0.006351882046248656,0.005216904142118588,0.005587314843494598,0.005368431411886365,0.0036091932946449644,0.0046059465215415795,0.005004718555462502,0.005427352924189362,0.00459697254905806,0.005212924773997114
22,3.0,0.38461538461538464,0.9090909090909091,0.003385733445605802,0.0031636083153898397,0.003773355336248936,0.0027459224929267854,0.0033380187793201066,0.0032576724667927564,0.003083351257073386,0.0020066028460581833,0.004232396286704189,0.003407415996580818,0.0027653837232166326,0.0032402659548370558
23,2.0,0.3333333333333333,0.9090909090909091,0.0023200615460974893,0.0022611481408257267,0.0029092572786668476,0.002131969413460812,0.002357808976766097,0.0021791449332090192,0.002383619165033939,0.0022885490960618767,0.002491238883634602,0.0022548406361149213,0.0022295009264985317,0.0024020159959005365
24,2.0,0.32142857142857145,0.8181818181818182,0.005541756454671116,0.0049237908187008995,0.006147302518058,0.0055227370786844485,0.005641752899870969,0.005283744869408262,0.0036685211110582517,0.00480027714600123,0.006081298974128481,0.005522907439658836,0.0034360332569136356,0.00428121993926331
25,2.0,0.2,0.18181818181818182,0.002720926551520846,0.002019888895671349,0.002964455680386094,0.0031759354668462413,0.0028199984871236736,0.0026812339572003818,0.002018944582674234,0.002821625024867162,0.003521696567032506,0.0027817047155226492,0.002665199052095465,0.0034528782443658743
26,3.0,0.5555555555555556,0.9090909090909091,0.003693967735483269,0.003866135063045992,0.004573155215964619,0.004069531268047032,0.0037759821875166908,0.003597573410728108,0.002476125373319256,0.0023761166078768306,0.0033343073942548418,0.0036623502866339154,0.0034139211010339094,0.0036083644262903513
27,2.0,0.35714285714285715,0.9090909090909091,0.004723795136954072,0.004356571519369158,0.00542029274618472,0.00466185942569127,0.0045561088578716805,0.004610141449428835,0.0030221257260259296,0.0038040852624176176,0.004673637823616089,0.004678356594168751,0.004254586154107659,0.004610907482676698
28,2.0,0.32142857142857145,0.8181818181818182,0.0032606898806569824,0.0024973541279694157,0.004250590254689306,0.004073313929175772,0.0031533575808594255,0.0030321726056199414,0.002212712105566752,0.0031025893956605167,0.0032515360377265976,0.003350672053264455,0.0024516424721591824,0.0027881585188652383
29,3.0,0.43478260869565216,0.9090909090909091,0.005759879992915466,0.005108411549631138,0.006810085866991509,0.005741070644632181,0.0055072346602394445,0.005270856459268641,0.004180271454090107,0.0035205171577346117,0.005524881739664332,0.005798124387238043,0.0042936411983045255,0.0053362726026506945
30,3.0,0.47058823529411764,0.7272727272727273,0.004208561109012756,0.004283370821705969,0.004740734728219584,0.00471007876011639,0.004373622272343508,0.0041069338643522245,0.0028507314101735804,0.0025077543493421364,0.0035508693756964565,0.004329509075106871,0.003982393605629998,0.0038836487903120475
31,2.0,0.3333333333333333,0.9090909090909091,0.003665973892912012,0.003337993044709431,0.0050259756316403,0.002771968023528179,0.003416432686231873,0.0036600414985291825,0.0029324542774347363,0.003985141081196293,0.0034282196845917445,0.0036922027781989223,0.003013267938366107,0.002847669354557898
32,3.0,0.2222222222222222,0.36363636363636365,0.00280210116295545,0.0029317025971160385,0.0035771045067248806,0.0032946580063638207,0.002745671802490185,0.002531062372001432,0.001960589755031654,0.0029791412768626277,0.0035240980612518723,0.0028486222298228147,0.0022156487727496735,0.002216147623722477
33,2.0,0.3225806451612903,0.9090909090909091,0.004668473093175965,0.004043105512399075,0.005345450217934607,0.00508701117861547,0.004749252063312077,0.004622915291953029,0.002865412567877949,0.003280798808751919,0.005443360888033256,0.004810422513890559,0.004027103714389817,0.004595768604273258
34,2.0,0.3333333333333333,0.9090909090909091,0.005186876885217254,0.004357005399520759,0.005929280109963577,0.005476638558380901,0.00493939793970846,0.004803790115869696,0.0041161232989970434,0.0035259039961567837,0.005393361615758372,0.005250064181525189,0.0034214121726539744,0.005366300296891653
35,2.0,0.3076923076923077,0.7272727272727273,0.004655659992952522,0.004398898412498687,0.005338086797875294,0.004426771992341263,0.0044540054077251545,0.004520827448593588,0.002823721680510155,0.003479604140938492,0.004731015014740713,0.004730983356251554,0.004135491844649912,0.004576550827541769
36,2.0,0.3333333333333333,0.8181818181818182,0.004194711393424084,0.003934580463855113,0.005340919583815028,0.00435203533401371,0.004149369407480528,0.0045223716554178926,0.00303869984030114,0.002843106388875668,0.002879147195334104,0.004246473860703306,0.003908254065553659,0.004083884917544694
37,3.0,0.2857142857142857,0.5454545454545454,0.004088987410510813,0.003819919064560735,0.004728151158769627,0.004317360981117694,0.004442995356246274,0.0038489549032276497,0.003208814551106374,0.002802848678056389,0.003868648108563809,0.004033896632556181,0.003439172851012312,0.004110045755985138
38,2.0,0.3333333333333333,0.9090909090909091,0.004765026872003072,0.003934689266561487,0.005870552677119,0.005091747993834137,0.004390248487003185,0.004502430626632906,0.003232550504210146,0.0030625163617223647,0.0047673237900672655,0.004818525233292746,0.004616322230980309,0.0032319721040243838
39,2.0,0.3125,0.9090909090909091,0.004221124518231993,0.004151189358174289,0.004858780097525408,0.0038591556308671796,0.0044850496137114875,0.004256364431265279,0.0021879983014937675,0.0027732626349565117,0.004003108362858532,0.0041774692997306505,0.0037645393854154052,0.004499783761680609
40,2.0,0.3448275862068966,0.9090909090909091,0.005171157112400026,0.0044014342071112544,0.00604712224511625,0.0057826976446464515,0.004684805258656692,0.004849447689511548,0.0037120223161242723,0.004136731178508936,0.004958024726247604,0.005262305767192012,0.004222034126738147,0.004933886108053217
41,3.0,0.625,0.9090909090909091,0.005719147843647839,0.004701018984026991,0.006509082254556605,0.005786867244591959,0.005754331323957505,0.0055836392192818995,0.0039971420815708494,0.003912048896579713,0.005681652036301995,0.005594116875836434,0.003811974282247305,0.005300785301403271
42,3.0,0.5882352941176471,0.9090909090909091,0.006048158369616205,0.005201786214334012,0.007034052354509318,0.006071429911726034,0.005877093095582675,0.005884836872562647,0.004296682873117704,0.005967002194759007,0.005481028421549287,0.006163782019459999,0.0044033051209177825,0.004949095749791128
43,2.0,0.35714285714285715,0.9090909090909091,0.004917874454272872,0.003916914813978125,0.006168007563377543,0.004673855310226215,0.00490079529053578,0.004862118792887573,0.003205789632392681,0.004480757644955601,0.004442102169458308,0.005064961897527339,0.004173603937904587,0.004398375760640037
44,2.0,0.3125,0.9090909090909091,0.0031652296606855855,0.0031029007497323474,0.0037925050809929565,0.003662947435870784,0.003342029417013492,0.0030540856938993783,0.002455264709934691,0.002738809738890867,0.0032042052123854884,0.003017482791982642,0.0029041162056506814,0.0029619612406054947
45,3.0,0.47368421052631576,0.8181818181818182,0.006307547668109098,0.004795075624271382,0.007114890318029706,0.005827999449236721,0.006281653138274199,0.005971829324046893,0.004938520017357371,0.002928689305028083,0.006557279082699134,0.0065505118383447185,0.006255363964973092,0.006319922470651859
46,2.0,0.2962962962962963,0.7272727272727273,0.0025620456509450585,0.0022703695653228406,0.0030076715315252973,0.0026499302861429336,0.002722241271645305,0.002466115836510788,0.002526843992143115,0.001519255259913306,0.00303118725427674,0.002576335273401006,0.002355607032114104,0.0025109985979851882
47,2.0,0.37037037037037035,0.9090909090909091,0.003178569927690776,0.002912606710805515,0.004187462943959091,0.0031733699963293477,0.003226200889597409,0.003177223809717941,0.002206866299126965,0.002334552260713146,0.00336323180442695,0.0032168778306755235,0.003016445763184804,0.003031862636496026
48,2.0,0.25925925925925924,0.6363636363636364,0.004718294406413089,0.004318066208099386,0.005063352280649631,0.004800010240072808,0.004565116239593527,0.004699555172086477,0.003307345177580816,0.003133233968352418,0.004906087487869221,0.004852349040267485,0.003989976945655245,0.0045334015460429125
49,3.0,0.4,0.5454545454545454,0.003962056615264995,0.004320475877785602,0.0045663524961294215,0.004709928101059497,0.004061629238470633,0.0038974992896688536,0.0014367503448737033,0.0037861018216233046,0.002896246219671587,0.004031973455135445,0.0035998890350741938,0.00447316288669731
50,2.0,0.37037037037037035,0.9090909090909091,0.003694996015014622,0.003193540075787073,0.004680593813242417,0.0037146868287826888,0.00342744635534096,0.0036896328181178764,0.0032024080409716526,0.003291561149064578,0.003689923639293756,0.0036191222921959174,0.0031396871720504056,0.002896570477163829
51,3.0,0.36363636363636365,0.7272727272727273,0.005606500556575152,0.005899956757812514,0.006380535746853962,0.005041770838637474,0.005849357415303207,0.0054010407889500565,0.004212273023769335,0.004287291403095972,0.004259725112481584,0.00557916335909166,0.004706325099006275,0.005850247588589214
52,2.0,0.35714285714285715,0.9090909090909091,0.005159848627546425,0.005181137849317403,0.006315647669940866,0.005807418632905094,0.005043270419654421,0.004891584752595947,0.0037796554083301234,0.0036038027486543734,0.004435227657313979,0.005341705445931779,0.004015982823743289,0.0051104612531782095
53,2.0,0.3225806451612903,0.9090909090909091,0.004408185989986345,0.004275642081501216,0.005649591505691954,0.004759901803523284,0.004422093324920526,0.004229290803626741,0.0026287106901895316,0.0023454762560504465,0.004234283270303316,0.004390972265468491,0.004134315813421406,0.004773486360585224
54,2.0,0.3333333333333333,0.9090909090909091,0.002692153918735312,0.0027562658588206274,0.0033672891617800133,0.0027823993511106094,0.0026294857039276553,0.0027588455034104446,0.0022523220808149122,0.002516323747174961,0.0022143119321591086,0.002688521619577553,0.0025979242352120986,0.0026352496142441253
55,2.0,0.3448275862068966,0.9090909090909091,0.004831215439105679,0.00511876716968313,0.006365055499388721,0.004824730104827294,0.004944748512149666,0.004768026860162177,0.002946248258660743,0.0033738276327065545,0.005562347692396145,0.004696296378855991,0.0031202243583087607,0.005026521574448106
56,2.0,0.3333333333333333,0.8181818181818182,0.0031937422233915304,0.002809616684646616,0.0038423626012777366,0.0032630285391642925,0.0030719482342711113,0.003001782822858816,0.002634964751631756,0.003326925826608519,0.0033084077971524063,0.0030968148588186323,0.0026882349289141815,0.0028252551208445306
57,3.0,0.2692307692307692,0.6363636363636364,0.004951170222600192,0.004664755875375425,0.005706211713823261,0.005475317828880157,0.004800226497172153,0.0047039732851641616,0.00404658086909935,0.0034020060750099995,0.004852021718332184,0.005128784209877013,0.004281035698608721,0.004446993273829708
58,2.0,0.27586206896551724,0.7272727272727273,0.0033881041509234793,0.003880304579096936,0.003985098277548315,0.003527748776693846,0.0032618555359991003,0.003330086165796688,0.002816326248969141,0.002236621812962105,0.0033030377077838727,0.003373849614805039,0.0029937724258554646,0.003526113348936601
59,2.0,0.32142857142857145,0.8181818181818182,0.0035632634063382587,0.0030284561620471,0.005067905466743583,0.003573842592879832,0.003550266155298791,0.0034443738047508147,0.0032047001099883604,0.0021237423434079224,0.003521256723195635,0.003693795853067417,0.0026393855847875462,0.0031266143825145554
60,3.0,0.35294117647058826,0.5454545454545454,0.003750395697714238,0.0038026830216766868,0.004091118663576382,0.004651457192109462,0.003845567557498561,0.0037614900408232572,0.0019409471018681092,0.004064084057505096,0.003208886544409277,0.003819107814382151,0.002312246969470605,0.003993973048468829
61,3.0,0.5,0.7272727272727273,0.004078496046318321,0.004227476052042833,0.004993867018105922,0.004462055860248954,0.004191643778447896,0.0040372304332152035,0.004825501716349872,0.0025604509817061106,0.005257660914135231,0.004243019797109332,0.002571249505313568,0.0035569542734125575
62,3.0,0.2222222222222222,0.36363636363636365,0.004601340031571575,0.0037160140950868543,0.005343905691581586,0.005420316749697462,0.004700599990623823,0.004562751267186441,0.0028047934193890203,0.004349097067551812,0.004710364246803016,0.004713216370240836,0.003009661757570626,0.005164591138397036
63,2.0,0.4166666666666667,0.9090909090909091,0.006816731353872137,0.005982351275707497,0.007766090833120117,0.006819276833088921,0.006414791034020874,0.006318695586322073,0.004870525539613143,0.0051776045130121915,0.006374164359847247,0.006716331064281882,0.005403606842736109,0.0056366998269266255
64,3.0,0.21739130434782608,0.45454545454545453,0.005656405241507081,0.005394114129593195,0.006268723531590729,0.00631599962223748,0.005598116537585496,0.005431279008523461,0.003733114142107767,0.004532150915496669,0.006709821834202587,0.005635876471438741,0.003555986202677849,0.00517604437237448
65,2.0,0.3225806451612903,0.9090909090909091,0.005605611373580365,0.005317341539218383,0.007048323219780385,0.005443829314075583,0.005528696688435914,0.005589863089690628,0.0034050836537651633,0.005010159669047769,0.006242003810325789,0.005559640149417817,0.004984344116046974,0.004223470105002183
66,2.0,0.37037037037037035,0.9090909090909091,0.004151775899820118,0.0037318483959666625,0.005057718126229998,0.003984121742537488,0.0041432515559298635,0.003924112422798243,0.0037394794607449053,0.002568480949475675,0.003846750895930915,0.004156938586701881,0.003462186547620468,0.004003839280489556
67,2.0,0.2903225806451613,0.8181818181818182,0.0029159607650742817,0.0027208971577105693,0.003512076672511788,0.0036395541378821325,0.003016116612354129,0.0028811656365068544,0.0024529440506303878,0.002146849404033779,0.00338921259446012,0.0029431155559999267,0.003201776362352638,0.002597159627733562
68,2.0,0.3125,0.9090909090909091,0.004884796031728035,0.00467154103215466,0.006050471819061453,0.004633690916658678,0.004765740623087652,0.004912061596881656,0.0031899268453477367,0.003419450600593244,0.004067103307730887,0.004916341699453669,0.003865356966160132,0.0047804001343792375
69,3.0,0.36363636363636365,0.7272727272727273,0.0030001948627339427,0.002308812263845834,0.003525153128010523,0.0030821647124929085,0.0029241005049558556,0.0031467076144643478,0.0023583658101723392,0.002850289427920663,0.0029238474079291876,0.003069187947082538,0.0032142762817381387,0.002852509106334044
70,2.0,0.4,0.9090909090909091,0.004253373553991542,0.003322133603100338,0.005262138864123902,0.004523483465023188,0.004356937617919521,0.004053506082158979,0.0031434922336656284,0.003431837966891988,0.004716538364276417,0.004318197654739064,0.0035283023667882297,0.0034351243120378113
71,3.0,0.6153846153846154,0.7272727272727273,0.005171873171786045,0.0037337247463052315,0.006626553088655257,0.0055283576426020786,0.005272713127005221,0.00516746706049383,0.004637973554858573,0.0033695421783019592,0.003909048121130872,0.005438169134509537,0.004163802004142977,0.005015712834326373
72,3.0,0.5,0.7272727272727273,0.0035517953251941515,0.003051157492696083,0.004217235004882672,0.004606242997943648,0.0035242671955061345,0.0035409737165380552,0.0033750693691029527,0.003140185757431025,0.004099668980860662,0.0036842083079391677,0.002775989324264771,0.0030125149964933154
73,3.0,0.38095238095238093,0.7272727272727273,0.006046735832269683,0.004792322186836646,0.006599836762120328,0.006822653939144679,0.006015980571913976,0.005799668404752337,0.004474287313830228,0.0034592152633191285,0.006249894121035403,0.0061056059546010935,0.0047603525179369735,0.005312696199733152
74,2.0,0.37037037037037035,0.9090909090909091,0.004231377628923639,0.0034803454767603306,0.00574544172476663,0.004311986973919182,0.004399375743661282,0.003907504090087907,0.0024331898571592504,0.0031552302443375083,0.004609326465397648,0.0042160262731499405,0.0036738686294583785,0.004021530442808583
75,2.0,0.37037037037037035,0.9090909090909091,0.004681779754810996,0.004493930228126915,0.006305878982313501,0.005207525513205546,0.004575860397416004,0.004518958042050221,0.002721705532429023,0.003149484083607254,0.005469663722853718,0.0046160642736717585,0.0038440108934761578,0.004691132718654878
76,3.0,0.391304347826087,0.8181818181818182,0.002894249763478958,0.0031558501184484975,0.00397368637338305,0.0028840873886568997,0.002802760315632849,0.002765628952728398,0.0024435777062731417,0.0031378260795205688,0.0028574377899939405,0.0030584927814020367,0.0023394255509163217,0.0033903485695584586
77,2.0,0.25,0.18181818181818182,0.0035424425675746603,0.003371413675836072,0.003780319310002525,0.0039602143178206544,0.003545714492129821,0.003514419920119054,0.0032605345805699747,0.0038720285700122804,0.003237120438679805,0.0036790416667357314,0.002923404959560868,0.0034825892807523726
78,2.0,0.3333333333333333,0.8181818181818182,0.00426667017865758,0.0044033519724378765,0.004939052912891137,0.0038251026254656328,0.0044582225647557885,0.004312437550476204,0.002993971179398912,0.0031167660000540687,0.004665970528285795,0.004200252672071627,0.004153083264875003,0.004009417951058791
79,2.0,0.3333333333333333,0.9090909090909091,0.0046531530982574535,0.004447728292196612,0.0050995120475488594,0.004121880976120671,0.004488131550767388,0.004137404341219533,0.0037853718668091683,0.004391030646912789,0.004851901483844383,0.004765934588173637,0.0031893316556329,0.004141237473129807
80,3.0,0.4375,0.6363636363636364,0.003874882357530787,0.00312428938367392,0.004910742836142576,0.004338482470438358,0.0036372980689631357,0.003773888782759135,0.00293409731054253,0.0027526048782154605,0.003699650712134087,0.003992915593582391,0.0029859603872658238,0.004615064369682376
81,2.0,0.3448275862068966,0.9090909090909091,0.0037688744848916205,0.0035950725897031226,0.004568861820345879,0.0038929644316076924,0.0037181183865638086,0.003744038644478975,0.0031434660936116967,0.00216325051647933,0.003219051043638582,0.003779220169691661,0.003301215568111572,0.003871435161426532
82,2.0,0.3448275862068966,0.9090909090909091,0.004419735436427765,0.004178108736187881,0.0059736245567229545,0.005126100488775748,0.004699773281634208,0.004277716962480737,0.0023272626551601784,0.0026358595934301765,0.004112585044126033,0.004512979097239523,0.0031257500311339162,0.00472598860570912
83,2.0,0.3448275862068966,0.9090909090909091,0.004122729847410996,0.004246335487174723,0.005396934871162721,0.004033224005633475,0.004045138082968889,0.004224470599049637,0.0026708459541563787,0.0033716785888701782,0.0038565274084758155,0.004176711440380715,0.0033343424402702657,0.0043961457738505
84,3.0,0.35,0.6363636363636364,0.004062394049429255,0.0035242784883048033,0.004496004773102736,0.004343447636343041,0.004013046392529107,0.003995358234993369,0.004233290581486791,0.003971440720442715,0.003533627768211801,0.00417379205855476,0.00373710563839808,0.0029642330656640663
85,3.0,0.5263157894736842,0.9090909090909091,0.0026622391822845883,0.0025955828453463913,0.0031436494584493125,0.003130778999699029,0.0027798052705773836,0.0026158413218356365,0.0020769727367897445,0.002087691495339168,0.0027015107202214878,0.0027149393447281614,0.00240862006190667,0.00299739728135929
86,2.0,0.2857142857142857,0.7272727272727273,0.0058408577597547475,0.005028742672383392,0.006926923675284827,0.007243133503061951,0.005720408200241195,0.005674559402510621,0.0034414273298666795,0.0033952761774252607,0.005960640619704258,0.005969847255226927,0.0042716507097583034,0.0052877657427749455
87,2.0,0.3225806451612903,0.9090909090909091,0.003752099480565092,0.0038114464846811364,0.004755797883671483,0.003400697263659051,0.003775803105359932,0.0036246403837889344,0.003380802635835974,0.0021739719770397805,0.004217075322548641,0.003936055593702725,0.0037120457293006535,0.0038048238275184146
88,2.0,0.3225806451612903,0.9090909090909091,0.0017293396551987725,0.002014871385456261,0.00258763120352166,0.001778726696232123,0.0018841035038345874,0.0016851844277364293,0.0015601574496940263,0.0021354523759657047,0.0017485962112367983,0.0016753606507588518,0.0019004954283582498,0.0018288576924342364
89,3.0,0.3181818181818182,0.6363636363636364,0.0037429906250294248,0.003002118573833308,0.004015048832851507,0.0036542670051965625,0.0037869968359932446,0.0036432274407720453,0.003518215453238477,0.0022178572773273895,0.004425232407614037,0.0037490034329747584,0.003382492984519868,0.003529776922239601
90,2.0,0.3103448275862069,0.8181818181818182,0.004891338731514727,0.004970395350936779,0.0054519462410378035,0.004810148271126389,0.005024211769866276,0.004530326703584855,0.004304541452512291,0.0030959346694504333,0.005124263015712242,0.005085402622079234,0.004002314263872003,0.005059357856694396
91,3.0,0.36,0.8181818181818182,0.0036820051781419074,0.0035304246536767476,0.004488675108201285,0.003657802393046435,0.0038214323211469285,0.0034313730798817515,0.002915328956441319,0.0033691679690688024,0.004258962880703543,0.003830970391536504,0.0034363112397007506,0.0038992610216113666
92,3.0,0.2916666666666667,0.6363636363636364,0.005676895668877791,0.005698117314504888,0.006422544689175158,0.006036321629855259,0.0058156196602064765,0.005886631485180105,0.0035717321784045357,0.004016956476941806,0.006459449321232155,0.005747922473799658,0.0046258976106401525,0.0056815825510391545
93,3.0,0.38461538461538464,0.9090909090909091,0.005042354737018836,0.004500267421008647,0.005830746077322717,0.005057075296912535,0.0050166194313821045,0.0051378382703067774,0.004727526296846685,0.002924977531732206,0.005184756248605125,0.004921454366993341,0.0036788610353655367,0.004553831472262605
94,2.0,0.3125,0.9090909090909091,0.00450655011053315,0.0038686979088414404,0.005011120605049096,0.0036570478533633132,0.004106615383401965,0.004135824656734128,0.004151975373396524,0.0032861610841125595,0.0038733018971755895,0.004481594177943776,0.004386406600105412,0.004476004386644315
95,3.0,0.5333333333333333,0.7272727272727273,0.005495634300346934,0.0048255633557435645,0.006311552375933106,0.005937456417202622,0.005471522949820622,0.005079664746883409,0.0036173285546838943,0.004513683785256526,0.0059881158173992685,0.005633175583970796,0.004008886032031667,0.004453044297166871
96,3.0,0.6,0.5454545454545454,0.006100779767511872,0.00495440424258923,0.006504013099975912,0.006382079833106917,0.005611205843205662,0.006011306331120951,0.0038559289977094253,0.004175764854845598,0.00794000337041704,0.006156992012151239,0.004956000557066581,0.005863698206379706
97,3.0,0.6666666666666666,0.7272727272727273,0.0055324094303683905,0.004649049603117517,0.005844768293125281,0.006033746882391843,0.005602653332527851,0.005288797742372921,0.0039396447889957446,0.0038439994036545324,0.006234847254634972,0.005465391559970799,0.004285296519270461,0.004990634987421556
98,3.0,0.34615384615384615,0.8181818181818182,0.0024057254650858297,0.002366548951229137,0.0028945917893305724,0.0028315969691284017,0.002182090715817421,0.002337724773102519,0.002330363459496464,0.0022700861706006843,0.0034450917416608724,0.002418939061558583,0.00215470097546431,0.0021472383444487556
99,2.0,0.3225806451612903,0.9090909090909091,0.0023643771453794094,0.0024172449161397064,0.003125363904829725,0.002814763124521552,0.0023277336712336748,0.0021004387159973222,0.0021905482689301317,0.002187625303514786,0.0024131424362153625,0.0024724945015934204,0.0018234018665007157,0.0022933055792717875
100,3.0,0.47368421052631576,0.8181818181818182,0.006946127783550803,0.005233637720283881,0.008217004501314908,0.007145252490890594,0.006739312459248221,0.007159557021487154,0.006314390914857672,0.0031126930867959343,0.005662959964956667,0.006900455677193827,0.005816609649062181,0.00790098531271656
101,2.0,0.3225806451612903,0.9090909090909091,0.002923915292248614,0.002679545523669271,0.004252495255513511,0.0032189446437263683,0.003115015288145279,0.0027060729688798473,0.002787878344964684,0.002010503597536684,0.0027840991203576765,0.002964435965781395,0.0024918463888714514,0.002967350969914949
102,2.0,0.35714285714285715,0.9090909090909091,0.004110009889767701,0.004487222338263978,0.005100154064180991,0.00417239577355764,0.004140199594895485,0.004068170755087497,0.002985872313254323,0.0018099964118926297,0.004350615248533801,0.0041520492472128705,0.003525813179682454,0.004262624452194011
103,2.0,0.37037037037037035,0.9090909090909091,0.0037286789959178443,0.0037732160075848397,0.004881045821905658,0.0034356548971194133,0.0036410442084891794,0.003733308379655511,0.0032524084554291814,0.0025037290856567457,0.004057163364033258,0.0036248298443903827,0.0025812682182189428,0.003370362271396257
104,2.0,0.2903225806451613,0.8181818181818182,0.0017561844518826605,0.002143801178668353,0.0018022739197588265,0.0019678369710820387,0.0018099760279734454,0.0018475251679135195,0.002093867854885937,0.0014803911466902315,0.0028874229701654373,0.001759373536883161,0.0013553800477110972,0.0015741482955269356
105,3.0,0.5294117647058824,0.8181818181818182,0.0030851795607066326,0.0025871488447984877,0.003750456897143928,0.003728535157344162,0.0029373828519822596,0.0026348020399764517,0.002256004902618374,0.0023779285786981286,0.003898993352474443,0.0032195898773033833,0.002739623625865904,0.0024351567675058483
106,3.0,0.5,0.9090909090909091,0.005388878419624181,0.00506343649304915,0.006101835083021057,0.005117168264115843,0.005248180900878602,0.0053757077772661095,0.0035097928165573108,0.003737713882238538,0.004233824038203192,0.005269036328786948,0.004480576181460907,0.005931484754423712
107,3.0,0.5454545454545454,0.5454545454545454,0.004773813590561706,0.004465712270472156,0.0056539907283607235,0.005037624574128061,0.00427724045885296,0.004707259461618211,0.0032872309458062284,0.0035088791559280807,0.005057752500149063,0.004826380090641549,0.004522148036538249,0.0047316750488981835
108,2.0,0.2962962962962963,0.7272727272727273,0.0028641121249358826,0.003138677441203357,0.0035209593414738975,0.0031299853593494157,0.0027974419225961357,0.002774745238931337,0.002153465891639718,0.0031997419945706774,0.0030368441124439026,0.002931249173740281,0.002236596870765576,0.002906860213388101
109,3.0,0.35,0.6363636363636364,0.0038269182089065144,0.002638106386886874,0.004991637932988476,0.004444115699310954,0.0036732164978281207,0.003681176199970207,0.0031495934901881193,0.0024708297933246984,0.004444325575600953,0.0037972144607225852,0.003628431047810627,0.003311664518565123
110,2.0,0.3225806451612903,0.9090909090909091,0.002885944322288481,0.002858012566425041,0.0035805540576571474,0.0031211939797585082,0.0028708068263351943,0.002683303615741507,0.003049073316019671,0.002490422076748851,0.0025955377841769605,0.002930257930330805,0.0029917317367477245,0.0029633355539653776
111,2.0,0.2857142857142857,0.7272727272727273,0.003358580213348133,0.002961250940865251,0.0043299271636116285,0.003854848907953438,0.0030310202145260442,0.003156745926636883,0.002549580043832911,0.003464837311477818,0.003125048701961311,0.0033979825703016786,0.0027626739968172873,0.002778794816163988
112,3.0,0.42105263157894735,0.7272727272727273,0.004421480862834119,0.004133079409929606,0.004793486088756438,0.00463511393658294,0.004377453189489451,0.004260601921716618,0.0040693207960580775,0.0028787895180591642,0.0033894101733097683,0.00450545141214659,0.0034242069744419143,0.004366894072049797
113,2.0,0.3333333333333333,0.9090909090909091,0.004191025702757087,0.004063351941020081,0.0048071289281945,0.0045225699085888246,0.00434644087253486,0.0038761158701055244,0.0034758853301206827,0.0019464933428156679,0.004871598387702561,0.00428897482635902,0.0035218443162042335,0.004299506622120673
114,2.0,0.2903225806451613,0.8181818181818182,0.005133006004022665,0.00483157718468959,0.006178302835347504,0.005682783389372435,0.005238500032566491,0.004918308413173236,0.003658208005223014,0.004118084614839863,0.005369690155487365,0.0052066095355117565,0.003629853063277818,0.005154195419880137
115,2.0,0.3333333333333333,0.9090909090909091,0.0029739119369359287,0.0023601123334230866,0.0038630397241399637,0.002880650130785622,0.0029420873632887024,0.0029777384726479075,0.003041780214957977,0.0027324726636103317,0.0031515779162678338,0.0028388545440376552,0.002423210642688778,0.0031308250773477296
116,2.0,0.3225806451612903,0.9090909090909091,0.0047582631778908405,0.003822536466515079,0.005780817926953821,0.00474085608008496,0.004632116275730673,0.004617356979908276,0.003384942218656166,0.003251763308400724,0.004993813290891985,0.004908770683609645,0.003984097000661853,0.004864528078820923
117,2.0,0.3448275862068966,0.9090909090909091,0.0037215948328057865,0.004275755495410178,0.0036230571656494215,0.0043638742085414526,0.0034781843018686425,0.0033515923917198077,0.0028163268947535036,0.0036155705528928346,0.004479000366571119,0.003645428682893083,0.002307147432521755,0.0035797519042019424
118,2.0,0.37037037037037035,0.9090909090909091,0.0055676859745214646,0.004176973445877181,0.006991058377145196,0.006355440444287442,0.005361904769511898,0.005477337363823866,0.002501137792871843,0.0042089285822700506,0.006333393444601611,0.005641683146627804,0.0046961556361149685,0.005670850303619218
119,2.0,0.35714285714285715,0.9090909090909091,0.0030909518144798115,0.0027922712956209884,0.004112956493147374,0.0033803159115906515,0.003004406750900529,0.002914388784019968,0.0030991340264639677,0.002949412567100788,0.002651380543345278,0.0030369417171328995,0.002542185182497165,0.002231215085866323
120,3.0,0.43478260869565216,0.9090909090909091,0.005771672088707163,0.004682877734013279,0.006147652663223577,0.006293475712295224,0.0055622294950063945,0.0056701028159109905,0.0030410134652669994,0.00503580095911129,0.005884238687124143,0.005690686352143676,0.003522926169856416,0.00608874968602906
121,3.0,0.42105263157894735,0.7272727272727273,0.002972836063402003,0.0029799180466879545,0.003621328259194343,0.0031521517261272622,0.0032261734002947836,0.0028762143000102152,0.0030266153421433352,0.001744840501302892,0.003227928536154109,0.002967258433948863,0.0021167602421936133,0.002865787587420045
122,2.0,0.3333333333333333,0.8181818181818182,0.002501198022657718,0.002095236949252616,0.0029015322931845574,0.002881617931534823,0.002516569291628902,0.0026637107117582024,0.0020135661611123986,0.0024456826965751854,0.0024876218323524116,0.002597553847165643,0.0023916190226128185,0.0027483125535502704
123,3.0,0.38461538461538464,0.9090909090909091,0.0038512931291086894,0.003211144032018636,0.004500509747726709,0.004005231383074645,0.003948790395817849,0.003850124485259443,0.002617757130068131,0.002115386057109319,0.004586617694678687,0.003973120834571331,0.0030061094889429043,0.0035655406157745874
124,2.0,0.3125,0.9090909090909091,0.003553994893840772,0.0037462937459640877,0.004638582021504552,0.0038054281148096956,0.003666642445198723,0.0033889382615899756,0.0021565557866775145,0.0024080212686711563,0.004108469043843506,0.0036154305167107616,0.00300873256913735,0.0034736732128637614
125,2.0,0.3333333333333333,0.9090909090909091,0.005912610461560117,0.004311678305721384,0.0061892718600188084,0.006578992380571418,0.0059132714223913314,0.005876359991449321,0.004294090601347552,0.004236780610904997,0.005580600805868214,0.005842521487683625,0.00409060867330199,0.005971929644433869
126,3.0,0.35714285714285715,0.45454545454545453,0.0033095052494572117,0.0032892964557992553,0.0036524352486063233,0.002966021290440096,0.0032406859991354867,0.003092526525134996,0.0030467296251293877,0.002437954838465012,0.0035283598447944427,0.003383251459607253,0.0030599428766093285,0.002884178545915468
127,3.0,0.43478260869565216,0.9090909090909091,0.0047992121979963335,0.004189651861710096,0.0055289180422535555,0.0054865755069053905,0.004466637363294386,0.004807271579151909,0.0024379137801937125,0.003976119465543439,0.00582677124119483,0.00490949834544031,0.0036502655323825735,0.004745172777840318
128,2.0,0.25,0.18181818181818182,0.0021367420162225004,0.0022169795082589558,0.0023888754236577594,0.002380359508986965,0.0023727190766000866,0.0020021829138140747,0.0022550987838998713,0.0020879817829227132,0.0033584502510157054,0.002318497968447651,0.0020540279453877966,0.0022236055544405837
129,2.0,0.3225806451612903,0.9090909090909091,0.00399648611420754,0.0036453810264539914,0.004436406769465833,0.004449338108169563,0.003916935006050929,0.003970793531625655,0.0036093168165270786,0.0030996228355329,0.004191677432002746,0.003981713375405852,0.0031935615910915318,0.0037502259591427325
130,3.0,0.34782608695652173,0.7272727272727273,0.004691282952989379,0.004356124023434062,0.00488723749960934,0.004762259626294411,0.004727095152251682,0.004551594060521833,0.003086507036713332,0.0049056277682651694,0.003508579490992741,0.004713648301054023,0.003502289065087192,0.0046209202374671585
131,2.0,0.35714285714285715,0.9090909090909091,0.006072056695717848,0.00440076297177718,0.007382256520528732,0.00648390572890933,0.0053979025275505245,0.005799911810094781,0.003017598120090148,0.005811369528379813,0.0062784967627285354,0.006424729142078757,0.0054899117261783,0.004536005573865092
132,3.0,0.45,0.8181818181818182,0.003484554070442094,0.0030255183699890342,0.0039024838946229087,0.004361731273342611,0.0035972568617988875,0.0034854064122663707,0.002309460795353791,0.0028799419125651914,0.003512767337593338,0.003646524063683367,0.003430429465875106,0.003177635259398698
133,2.0,0.3125,0.9090909090909091,0.0030727697790567474,0.002572004571348039,0.004178599871747775,0.0032391039724521398,0.0031423141585989792,0.0029889551979306703,0.003086740303762983,0.0021320784079001984,0.004203830427163975,0.003008273494568794,0.0020883341355467633,0.0028484742267860007
134,2.0,0.35714285714285715,0.9090909090909091,0.003825635202794895,0.004039899451111362,0.004812308942612352,0.004294375916633115,0.003757372403261327,0.003780433556013528,0.002251426137934235,0.003015832356263835,0.0046203005005716995,0.0037851619682256533,0.0029324226146277316,0.003571260131447008
135,2.0,0.2903225806451613,0.8181818181818182,0.002561182858725527,0.00246570781966735,0.0030518921072880466,0.002624119813173358,0.0026364215778354907,0.002423383394561919,0.0015632268690762448,0.0027021704251267123,0.0027708746790261166,0.0026884103411224493,0.0024267131907181254,0.002364802303674699
136,2.0,0.37037037037037035,0.9090909090909091,0.00824735555503704,0.008291603300692865,0.010025039960656028,0.008569803449599426,0.008263724969991094,0.008195952338299206,0.003281016458166766,0.006512820581637195,0.007447455792250857,0.008502393299479622,0.006531163301469339,0.007028415740159195
137,3.0,0.47368421052631576,0.8181818181818182,0.004970547535624304,0.004744838348012845,0.005475038035791258,0.004934069493002216,0.0051045859548122345,0.004862832197638354,0.0030584262815305297,0.003410168772237183,0.006041142183086925,0.005147835777083305,0.0036821005521530444,0.004939666499919138
138,2.0,0.3,0.8181818181818182,0.005227019032527108,0.004533603960504032,0.006642659594651026,0.005461590915389353,0.0053127535536486095,0.0051556541878614226,0.004244421784100998,0.0033545184436364695,0.004617617868694462,0.0052682440893493795,0.0038665432514765436,0.0054397986358879205
139,2.0,0.3225806451612903,0.9090909090909091,0.002479710639532032,0.002406480500211545,0.0034782508999263106,0.0028972396130433134,0.0022810074315919053,0.0023058606193949566,0.00312701593850458,0.0019643895174587234,0.0027397543486875286,0.0026285601869805897,0.001811099796950962,0.0020091760093218065
140,3.0,0.45454545454545453,0.45454545454545453,0.004470932797737384,0.00424432835295816,0.004270258151291816,0.004221820254341463,0.004423214440861634,0.0043934101782038175,0.003476571278119429,0.0033795887455262664,0.0048279530470774976,0.004564400165841025,0.004194825946324748,0.0046811702510471545
141,3.0,0.36363636363636365,0.7272727272727273,0.0033080831426148165,0.003137660123146401,0.003791400723707682,0.003331115481696828,0.0033644732436850103,0.0033229609172929736,0.002480141253565598,0.0023852966314952856,0.003994362629746955,0.003325190656989748,0.0023621666502711743,0.0034252579616519587
142,3.0,0.3157894736842105,0.5454545454545454,0.004558800682123608,0.004009117359356453,0.005568182541753353,0.005161604683713998,0.004499761728743553,0.0045321805745421875,0.0033155381945196,0.003936754891004753,0.00515622729650015,0.004540001171388057,0.0032876825688146205,0.004350284857187567
143,3.0,0.36363636363636365,0.7272727272727273,0.004695572859955446,0.0041050421308594445,0.005669489433940406,0.004764776135990666,0.004883507353228789,0.004155229529596026,0.002579405212551466,0.005303123794303467,0.004377540303439475,0.004895586088178385,0.004118666300427571,0.00461716604424966
144,2.0,0.3448275862068966,0.9090909090909091,0.0023909149149721645,0.001728174254394198,0.003563305365483254,0.0025866793607683108,0.0024487870515727626,0.002379115835118283,0.0017902759390596055,0.0023322085054562043,0.002214995555372807,0.0023582443724279195,0.0022253860389534518,0.0022219020337999797
145,2.0,0.3103448275862069,0.8181818181818182,0.005251578937235601,0.005351806077649695,0.00613828483820118,0.0056588463956212115,0.005227250751653316,0.005100262989013802,0.002935390325265293,0.0035689894094670057,0.00539227389893006,0.005292719519505494,0.003981312800560924,0.0051669488095596
146,2.0,0.36,0.8181818181818182,0.003476356018358596,0.003432808279066784,0.004513517285183856,0.0037938157489644645,0.0035343439772218144,0.003497737320198161,0.0024167234535482566,0.00272555438146372,0.004303906358658218,0.0032584008863588967,0.002591201158550982,0.004094440041958915
147,2.0,0.3448275862068966,0.9090909090909091,0.0034415935193087585,0.0035108164998236186,0.004259986681787782,0.0038318437263603266,0.0033408450938448857,0.0031671448148784054,0.002421677176101698,0.0030280824159934915,0.0031883959138623084,0.0034123657498835278,0.0026806444714429696,0.0029190269800724125
148,3.0,0.2727272727272727,0.5454545454545454,0.0043438203342222505,0.003815077512125945,0.004893090713294034,0.004746344767369731,0.0042727809740917095,0.004034431608442405,0.003760062298329399,0.003513876534600955,0.004439387545870045,0.004477766108890843,0.003555750252539445,0.0040666442095183344
149,3.0,0.6153846153846154,0.7272727272727273,0.004276048411792332,0.0035672722410561783,0.005256519340807078,0.005230575359064841,0.004256413892466401,0.004067906963917943,0.0027995737709203823,0.0036777860809704462,0.003486590643956201,0.004210349222700232,0.0035886427023965944,0.003622500397850772
150,2.0,0.3103448275862069,0.8181818181818182,0.005393615422034439,0.00451831423092401,0.006171071344705749,0.005680651074232064,0.005318241261246161,0.005559283603322777,0.003620063203180526,0.003857023824745709,0.0053792282911464895,0.005293750675593339,0.004415937335819191,0.0051309367635942165
151,2.0,0.2903225806451613,0.8181818181818182,0.00485136603202984,0.0051446478487578735,0.005420814467691277,0.004397438513801378,0.0046228499073231915,0.004575780438929694,0.003810822725128659,0.003580057472498697,0.00434697484971134,0.005074525976118383,0.003957403216173461,0.005112815824021251
152,2.0,0.3225806451612903,0.9090909090909091,0.0036033393743650478,0.003499135696731798,0.004142882527609353,0.004123521813238065,0.0036920322760105543,0.003613916578577361,0.0026867965779911714,0.0034292392758970107,0.002979709606783259,0.0037663759455194325,0.0027385623678117046,0.003738209078440933
153,2.0,0.391304347826087,0.8181818181818182,0.0048443242377733614,0.004395203191910181,0.005964496472084741,0.004900386281247576,0.004426812574554692,0.004554177228491271,0.0035676744900804726,0.003933867096199629,0.005680285876348217,0.004825020137824877,0.003701837450063863,0.004764979699408243
154,3.0,0.5,0.2727272727272727,0.004004363438293708,0.00425876395646315,0.00428245364753514,0.0035672909259412446,0.004240091546023243,0.003998447823418324,0.002596227354783176,0.003693795393114247,0.00447539690103614,0.004139487258003799,0.003495302920887627,0.003693470022235739
155,2.0,0.3103448275862069,0.8181818181818182,0.004088842745813383,0.004241183054243962,0.004510645480080292,0.004717716872259031,0.0037711795112040595,0.003961925263327242,0.0045173037597999125,0.002354663833706713,0.003628452271332363,0.004171444352790285,0.0029253636166580513,0.0038536831126864284
156,3.0,0.391304347826087,0.8181818181818182,0.0031871693851800906,0.002621969761319528,0.004027461483759532,0.004207748363210793,0.00291787657377707,0.003127532521621866,0.002989539882092865,0.0028039529421315873,0.0035326221759497084,0.0033340530321153816,0.0028027306245239523,0.0030861716358265307
157,3.0,0.47619047619047616,0.9090909090909091,0.003411417681055843,0.0037486235283056024,0.004506343724161856,0.0035484661724339544,0.0035010769049718623,0.003329549509851435,0.003575776878604617,0.0025821784432191013,0.0038107398725517887,0.003334861854517476,0.0027029863851541656,0.003383626566995102
158,3.0,0.36363636363636365,0.7272727272727273,0.003819751885988678,0.003420987387687013,0.0045524377539294565,0.003931786795500278,0.00376173027742769,0.0035639884218027626,0.003073990412535446,0.0034509815485843243,0.00384828508596938,0.004038810028630385,0.0030930100843521366,0.004262169015056805
159,3.0,0.3888888888888889,0.6363636363636364,0.002400376585272893,0.0023272148798950906,0.0028559410108492953,0.0025021075156903827,0.0024655321027898676,0.0022430766906510304,0.0018637458099574767,0.0025190585408462196,0.002728460849281603,0.0024276771513349086,0.0020594979251894255,0.0021304242937460033
160,2.0,0.3333333333333333,0.9090909090909091,0.0033936021603821246,0.0027193654494420765,0.0039369039526172276,0.00318662341268071,0.0034373840378717894,0.0032540284503430406,0.002428581251778591,0.0026131375606156804,0.003846550677933685,0.0034911740923220975,0.003073108485574914,0.003700654783323195
161,3.0,0.5833333333333334,0.6363636363636364,0.0047970330196458215,0.004555954572871579,0.00634280745607929,0.005194284826656276,0.004586275892433606,0.004785951286753389,0.0023199654453358296,0.003331925528298048,0.0047705554895115,0.004705433200747035,0.003922554398326656,0.004762196170411184
162,3.0,0.3125,0.45454545454545453,0.006484092186712422,0.005761018234052606,0.007872532353366468,0.006240988126103555,0.006264238485399374,0.006276573665186027,0.004156392640520455,0.004006613266708973,0.006371552226203413,0.006507948854939408,0.004879397666971688,0.006769544214264692
163,3.0,0.45454545454545453,0.9090909090909091,0.004824739204522463,0.0038262048989651416,0.0054820509151633215,0.005520755802051002,0.004663040281313398,0.004679596204994012,0.004121642149856201,0.004496594160032716,0.003698482501451192,0.004895814868420805,0.0036295874610457264,0.00439486871338083
164,2.0,0.3225806451612903,0.9090909090909091,0.004538960056260037,0.004237766781017383,0.005655446774769332,0.004792445162751257,0.004628577960591961,0.004431110523982921,0.00342269506373927,0.002866239740406964,0.005100864235142256,0.004530597876531533,0.003459054056520613,0.003671991867116691
165,2.0,0.3448275862068966,0.9090909090909091,0.004635317408869509,0.003114137721894327,0.005666266897024279,0.005705977647205705,0.004460922996507662,0.004518143908240825,0.0032492011840972207,0.0028046803236681976,0.004562951945574171,0.004848254868389653,0.0033722876236267664,0.0048372842979467106
166,2.0,0.36,0.8181818181818182,0.004752738945076135,0.0042060572677674124,0.005526333476232213,0.0052047131182151405,0.004402664882666492,0.0046814343935235835,0.003101571666036918,0.0039206190622255,0.0043410269329177955,0.004767341349014489,0.003569057125956009,0.005038842518370527
167,2.0,0.4,0.9090909090909091,0.002383620239941865,0.001892339828428669,0.003411256871178755,0.002887190772713038,0.002343750044691895,0.002448490697623711,0.0017357080632704692,0.002120278635723329,0.0033578108870663285,0.002300738427899081,0.0020255691326012053,0.002924561002190393
168,3.0,0.6666666666666666,0.7272727272727273,0.006632842210319453,0.005680527730153196,0.0075526487132455185,0.0075955401928923085,0.006462866999299436,0.006371438781665747,0.0038232889010341997,0.004871193486868284,0.005789362625945178,0.006762175206893054,0.004395121841408134,0.006559761082942086
169,2.0,0.3125,0.9090909090909091,0.0034693697159051216,0.0029118927466427707,0.004282015489134493,0.003381092178904553,0.003639213050878829,0.0036057046879031857,0.0023958964502194743,0.0028421491240823308,0.004111582552239165,0.0035056740209274072,0.002738525085727859,0.0034063712932379917
170,3.0,0.36363636363636365,0.7272727272727273,0.004138462720392058,0.003835072366788674,0.005181656321585552,0.005376155263822926,0.004222254916869452,0.00395018596032374,0.0029165902748036947,0.0026251404192417054,0.004065624562266126,0.004232727093498525,0.0028986118978107317,0.004100303829587548
171,2.0,0.3333333333333333,0.9090909090909091,0.005765034564993631,0.0052498295990985626,0.006823242723643736,0.00562386456170499,0.00537828399603694,0.005479112572582212,0.003825520193366874,0.004524866249722272,0.004986864988861642,0.005693179796822166,0.005028906942202513,0.004852484493906018
172,2.0,0.3225806451612903,0.9090909090909091,0.003967253926868492,0.0035117595746249853,0.004690964037863197,0.0039912684313637755,0.004134202462208402,0.003851946600018538,0.002732053936909949,0.003463246799418582,0.004080364501396453,0.004058027538121833,0.0027496241014859217,0.003824800122994059
173,3.0,0.24,0.5454545454545454,0.004833769522687546,0.004730872424977408,0.00565895803541098,0.00506204394607385,0.0045163172443222314,0.004609032192711862,0.0025606494961494934,0.004125388395302009,0.005202677902331391,0.004862259843490549,0.0034788094285336225,0.004731782831648866
174,2.0,0.28125,0.8181818181818182,0.003968181713858552,0.0036606854206127715,0.004738975847129914,0.004260036513023061,0.004003388636862952,0.004138931505065319,0.0022782892215237067,0.0027857788426289454,0.003966218767097563,0.004229250167244981,0.0036634675207997836,0.0036939527860545556
175,2.0,0.3,0.8181818181818182,0.003883600831771045,0.0038997728676020836,0.00468307506109561,0.0035141285288112444,0.003923644211322843,0.0037677168529960977,0.0033606745954325797,0.00273221926843029,0.003181536136949753,0.003925070907227206,0.003479989713238379,0.003573923772070712
176,2.0,0.35714285714285715,0.9090909090909091,0.005444601890017376,0.0045103460480755315,0.007134863271234911,0.005170850358368754,0.005232388421103976,0.005138408483523373,0.0029118081875565715,0.004270438316201089,0.005843392161695951,0.005508831766485913,0.0042152860739253,0.005197589815170217
177,2.0,0.3225806451612903,0.9090909090909091,0.003123638035242751,0.0029377667077065553,0.003754192719566966,0.0031209635227000968,0.003231088399465922,0.003023985080789071,0.0021305091772369712,0.002897115426815761,0.0031607369804490565,0.003125652710210822,0.0030336515617564452,0.0032624549813383185
178,2.0,0.35714285714285715,0.9090909090909091,0.002630171725452619,0.0025030851163570468,0.003371189071811914,0.002970724702314061,0.0023451290371149167,0.002579596998362943,0.0013819354330416058,0.0029235620997614797,0.0032483668300745576,0.0027034015328146867,0.0025566920857522882,0.002215005572546776
179,2.0,0.28125,0.8181818181818182,0.007100735669701256,0.005935125652755513,0.007845973169004369,0.008164561207803329,0.006990993192271269,0.007203537469296951,0.003542113953675917,0.0045398480202162835,0.005728193726169402,0.007361377312636575,0.006082562230321973,0.007420892024094845
180,2.0,0.2903225806451613,0.8181818181818182,0.005177439039624666,0.005009211084635286,0.004844859098922697,0.005810325251350054,0.005035836054761825,0.005170773276563978,0.004755694528488894,0.003580284710882174,0.004231421137229242,0.005115108497847953,0.004698936157430682,0.004725039469113915
181,2.0,0.2903225806451613,0.8181818181818182,0.00392023470025876,0.0037769725561292984,0.004723207532730106,0.0036568310809603193,0.0041451581967971935,0.003817892540902291,0.002987564689444123,0.0037155365198228555,0.003916052891727458,0.0038180664528757505,0.0029920674126078465,0.00419748015828669
182,3.0,0.4444444444444444,0.7272727272727273,0.004663881493012229,0.0042390397021302975,0.005280462206268661,0.004958078248107537,0.0046581763606294,0.003945802838653469,0.002507350409460387,0.0024838522867111136,0.004661849240310896,0.00469171808967652,0.004719149062004533,0.005146908052565177
183,3.0,0.29411764705882354,0.45454545454545453,0.004033778232109994,0.0037942367237274606,0.004646454525183502,0.004984337679890017,0.003739632759787796,0.003986477984567507,0.00351714763927283,0.0026767810999911213,0.0037089128009668597,0.003813865483763976,0.0037120148090655615,0.003915130790946192
184,3.0,0.5294117647058824,0.8181818181818182,0.004724543335584951,0.004245788290048068,0.0056014433333824495,0.005332704378570151,0.004990646119944574,0.0045108469066408394,0.002836611332119813,0.002952895550348812,0.005210615752444389,0.0046840353313539595,0.0035290410606535205,0.004523292161495725
185,3.0,0.43478260869565216,0.9090909090909091,0.0035966263294477645,0.003073998777812006,0.004333920802363743,0.0036865805100217424,0.0032339728968437892,0.0034908355217546662,0.003908005151796338,0.0032045249514524353,0.003186954889043402,0.003707515035689876,0.0028366441185755085,0.003608013929000736
186,3.0,0.6153846153846154,0.7272727272727273,0.005890557918869366,0.004540098498415104,0.006733047294831683,0.006582710862213425,0.005820806078757917,0.005386428208942567,0.005289822417447223,0.002610358254370439,0.0053711142735191324,0.005967479833341275,0.005694368393129428,0.005140599114836552
187,2.0,0.3076923076923077,0.36363636363636365,0.0048517159800359035,0.00448160853521249,0.004917038782612606,0.005735810112974012,0.004958659802150731,0.00477751050965481,0.0036856124693517376,0.0031422682585234797,0.004930839271388906,0.004995316663801194,0.004480736105926353,0.004687483894751648
188,3.0,0.75,0.8181818181818182,0.004110927946885194,0.0032024279261899306,0.004836189287860889,0.004317418579180844,0.0041460718921236825,0.004072595833596167,0.003051483596042888,0.0032011019535862304,0.005197157723452351,0.004076992928195001,0.003287678711160949,0.002854729774572771
189,2.0,0.37037037037037035,0.9090909090909091,0.004899439904147197,0.00419611500729431,0.006040957527424188,0.004969997832937918,0.004713827197195545,0.004599847947002646,0.004180314192115319,0.0035564460945063945,0.0041308272942301725,0.0049389977141632195,0.004753505681302485,0.004083966607815767
190,2.0,0.3448275862068966,0.9090909090909091,0.004653102624667388,0.00481833119608181,0.005883833014635585,0.004320341786865809,0.0046281246363213185,0.0046464722968280366,0.003092625441523812,0.0031750879354133965,0.003947935239170094,0.004747659367828169,0.003974687954289602,0.004314152267490126
191,3.0,0.42105263157894735,0.7272727272727273,0.0041172274422644935,0.0029685395872815243,0.004930238274988389,0.00458925178020181,0.003992620216883085,0.0038630692188387663,0.0036647179758119725,0.0033659492895972863,0.004195280379562221,0.004106144550530468,0.00331538176249527,0.0038289034477412545
192,2.0,0.3333333333333333,0.8181818181818182,0.003380028812638448,0.0032312535748707546,0.004081502050605313,0.0028327087937019637,0.003465722024696004,0.002939838251572347,0.0025529239112038887,0.0023685782601041826,0.004885675507411842,0.003339443080345505,0.00301813721894688,0.002900113643919493
193,2.0,0.3333333333333333,0.9090909090909091,0.004669994155166871,0.0034972980009506144,0.005781857826555303,0.005050244785318742,0.00459569710579419,0.004468568205167753,0.0034283957060904768,0.0035704262881204696,0.005592007418302826,0.004570401484109976,0.0033658665950810226,0.0038697363868592702
194,3.0,0.5294117647058824,0.8181818181818182,0.00449772188358672,0.003998734895850914,0.004335029171829737,0.0044359235195424,0.0045815106128266805,0.0041906070456845645,0.003087545156327825,0.004262556230766383,0.004926195451207547,0.004724201910248053,0.00381842652556882,0.0044148435873998335
195,2.0,0.35714285714285715,0.9090909090909091,0.004136710327616315,0.0035150705709807613,0.005398678632063657,0.0035917669329889796,0.004131048574206981,0.004071791906027131,0.0039213593104787765,0.002649259847106711,0.0038477087001002816,0.004296570351946681,0.003486707393348824,0.0038530809578114817
196,2.0,0.3125,0.9090909090909091,0.0039042203984522867,0.004034546449148795,0.004841471538630401,0.003994931978436838,0.003643532921917177,0.003697967280060993,0.0026261745321537492,0.003869874770028478,0.0030070777347968266,0.003926902764375577,0.004161992055864236,0.0034983527191485104
197,2.0,0.27586206896551724,0.7272727272727273,0.0033717172251111855,0.0031263183564462314,0.0037478253657106855,0.004791254842090113,0.003181257588172828,0.003278172438762056,0.0021317659355456955,0.0023786446072733476,0.0036763244661766965,0.003371401694836345,0.0028168787178032093,0.0037780522694176614
198,3.0,0.3333333333333333,0.18181818181818182,0.005492173656097158,0.0050716247711617615,0.005698708150131915,0.005471144340771015,0.005501497866374777,0.0053389767249885705,0.003801994329000817,0.003514615916022804,0.005948727059824348,0.005557871120308868,0.005348435808453843,0.005210992867651729
199,2.0,0.37037037037037035,0.9090909090909091,0.0033807243344195015,0.003108281478833216,0.004158182774615245,0.0036353609032099515,0.003227426736939635,0.0032612246358061123,0.0031777458034866093,0.003485143437550514,0.002715687548078951,0.003486798582678778,0.0021390313773799177,0.00315108385303581
200,2.0,0.3225806451612903,0.9090909090909091,0.0033466296812363844,0.0029293400437193193,0.004296283633609978,0.004077397470580757,0.0033522592453261793,0.0032497685836700065,0.0017801039207805418,0.002117939868585892,0.00336949697699664,0.00348233685023049,0.003402059350368909,0.003317970849361648
201,3.0,0.3125,0.45454545454545453,0.0033737796493158697,0.0026153782808802845,0.0035657259392444084,0.0032219040575622387,0.003302318890914491,0.003307484867602317,0.002954170354442818,0.002587277991706782,0.004081257757814196,0.0033146734717212933,0.0035456816190325238,0.0028532047709463565
202,3.0,0.5,0.5454545454545454,0.0045569660360670625,0.0035523590297407803,0.005270537338597437,0.0052363417592867275,0.004644029436747503,0.004441014248858617,0.003757666543495213,0.002803594699742164,0.004682088011503221,0.004666688172445502,0.0037636935777009104,0.0036904614731200188
203,2.0,0.38461538461538464,0.9090909090909091,0.003441904802029561,0.003633392326189347,0.004190931416284693,0.0036363553643564053,0.0032467992698790265,0.003463280935685394,0.002192633353555257,0.002819584700005452,0.004163873352439521,0.003477838267035328,0.003404022622089126,0.0033502854748866055
204,2.0,0.18181818181818182,0.18181818181818182,0.003493244194235772,0.0023516337736901945,0.0036259887707208952,0.004119284183925161,0.0031996289714667425,0.0034176730352698083,0.003527011275395848,0.0030656340613570616,0.003983365874288966,0.003603888619472843,0.003029585796619365,0.0029315990076357657
205,2.0,0.3333333333333333,0.9090909090909091,0.0036667378207160613,0.0032734696346592125,0.004464831461811699,0.003986643744086136,0.00370705792119908,0.0036454988601862404,0.0019187903533243614,0.003466379789521858,0.0030182212467814813,0.0037653615113711625,0.003024285766691504,0.004064810529294804
206,3.0,0.3684210526315789,0.6363636363636364,0.002783786955833273,0.0023072946985814085,0.003595732556732898,0.0030291042894308746,0.0027559585376525503,0.0026569532677686355,0.0018755050548760826,0.0019513831287153944,0.0038029922818992703,0.0027548056179487,0.0024927148443079448,0.002702176582943357
207,2.0,0.3225806451612903,0.9090909090909091,0.0046587606415137055,0.004743211399798123,0.005289996467658219,0.004957562083394761,0.004654472085271511,0.004603993383264748,0.0035431046986872505,0.0030190375993267887,0.004833439347078842,0.004746389422352786,0.003949399632733533,0.004018358983653562
208,3.0,0.4444444444444444,0.7272727272727273,0.0038852608754804336,0.0032172325882030488,0.004847510034203445,0.003800501133716073,0.0039897608823251645,0.003798545321783713,0.003527610769715952,0.003060608026555786,0.0032527086087437806,0.0039696241629455144,0.0035394111452056757,0.0037352246294874688
209,2.0,0.3225806451612903,0.9090909090909091,0.005944539512535693,0.006162425671425133,0.006771063834840718,0.005508246877583987,0.005917423909480008,0.005869695494917423,0.0036507259050677153,0.004298578123161936,0.0057112049411016,0.005931686925272824,0.004292892285129502,0.005755497659132707
210,2.0,0.30303030303030304,0.9090909090909091,0.003914880581417526,0.003340256051724098,0.004049353768028831,0.00416609866765547,0.0038452651152016313,0.0039003229001526134,0.0031063521596338306,0.003062974023378299,0.0038346448209128966,0.0038385325392171488,0.003436931826626807,0.003675333083813763
211,2.0,0.2903225806451613,0.8181818181818182,0.0025105515766075687,0.00220204080756591,0.0026844724682160647,0.002309156037915247,0.0026911696218702547,0.002509188897678326,0.0015873415848884867,0.003605493431105996,0.0027129458383706,0.0025339029228555123,0.002197853297391782,0.0023828547953198198
212,2.0,0.3333333333333333,0.9090909090909091,0.003442014929968958,0.00306199979710218,0.004420207474137508,0.0035379114065011725,0.0033401242707821297,0.003325299986954194,0.002242123889833151,0.002639163941458702,0.0037586273662496487,0.003568704588923486,0.0030362734294739914,0.0033797095502825975
213,3.0,0.5714285714285714,0.7272727272727273,0.004014947026122675,0.003722874926429971,0.0043158130562567084,0.003435241346393435,0.0039371101045809044,0.003733304333171335,0.003338940674353576,0.002927614041898382,0.004408549284632408,0.003913601056014221,0.0034487945887502727,0.004174733484047751
214,2.0,0.35714285714285715,0.9090909090909091,0.006336023064722657,0.005477994131580427,0.008289748214494304,0.0064818032973514685,0.005835473096850943,0.006119140277636357,0.00470172376957293,0.004368052590189327,0.0051798968268640146,0.006475074930953105,0.005816520179707076,0.005507866416254356
215,2.0,0.2903225806451613,0.8181818181818182,0.0023698184099990227,0.002119436097181032,0.0027344847660289097,0.0025564642939192805,0.0021679136026345166,0.002256946237681365,0.0016700361131306556,0.0038802779972147315,0.003503298516441933,0.0024177292541452326,0.001557010792769756,0.00226059704825441
216,2.0,0.37037037037037035,0.9090909090909091,0.0036873474582321164,0.003423742137206086,0.004103234251242023,0.004198099703839122,0.0036151528251217096,0.0035710101985923968,0.0025142563248000942,0.004060199699231067,0.0034773073660655167,0.0036753327357788943,0.0027356056189427533,0.0037379804990333564
217,2.0,0.35714285714285715,0.9090909090909091,0.004758464793895736,0.004469627920811147,0.005733817436107179,0.004377653605727641,0.004222091826305645,0.0044257991538502245,0.0033935424133863046,0.0037429260128668627,0.004985741571228132,0.004961169713187731,0.003314450507096633,0.004458082583420287
218,3.0,0.4166666666666667,0.9090909090909091,0.0044442478819291835,0.004347069466594075,0.005223153962285187,0.005373740480119716,0.004631773839096953,0.0043636803501773316,0.0029456166435716112,0.0039005439822542443,0.003595749187686113,0.004438953121511901,0.003955992313670658,0.003936633176850916
219,2.0,0.35714285714285715,0.9090909090909091,0.005603150940897094,0.005308434745717815,0.0062583889739079085,0.005294926353352809,0.005262339841111822,0.005189469683448058,0.003931254075515631,0.005549770337008181,0.0048874550794565765,0.0055921292498679045,0.0048381329108366155,0.004858966652511435
220,2.0,0.35714285714285715,0.9090909090909091,0.005092309289423723,0.004379627818607419,0.006178681322453905,0.0048749268695679445,0.0052666321200568154,0.004988804880981212,0.0037127844651968908,0.0041007070578469975,0.004536687104638698,0.005167614161316173,0.004469381411054804,0.004657161396631421
221,2.0,0.3333333333333333,0.9090909090909091,0.003954738970228309,0.003339509378102251,0.004896613351942992,0.004169986762392492,0.003839584014842576,0.003899701444683199,0.0034257873046342497,0.0034595359517181627,0.0038081513567074015,0.00403410104890033,0.0031293613806265943,0.003959624918997054
222,2.0,0.3225806451612903,0.9090909090909091,0.0033508679955671053,0.0031964854612218344,0.004542161089395866,0.0033076139010612465,0.0032136256354636243,0.0033359721436563286,0.002687602091982908,0.002520306012835337,0.0038840637032163286,0.00330321382251405,0.0028907932941038,0.0036131163696467095
223,2.0,0.3125,0.9090909090909091,0.008072309606554933,0.00786901972348403,0.00901232326891646,0.008347702222220954,0.0081192374873199,0.008036479214898149,0.003058052430752803,0.00495973792146938,0.009047914710130668,0.007849577692214093,0.0077658359144603265,0.007219204010110304
224,2.0,0.3,0.8181818181818182,0.002621315263704435,0.0025275234744184883,0.0035569792415244,0.003003515683861611,0.002686627545307582,0.0026719409335720637,0.002086486197117492,0.0019222254609326305,0.0030876877904461586,0.0026031031064693575,0.0018677271623586409,0.002708454615428619
225,2.0,0.2,0.18181818181818182,0.004207598729620172,0.0037641076054535302,0.0046151330028734935,0.00409816931860873,0.003830178712407819,0.003913039607027034,0.0027881683968838914,0.004904743971709177,0.004312899528408447,0.004205815431315055,0.002531198095801783,0.003947035351930043
226,2.0,0.3125,0.9090909090909091,0.005181633302726852,0.005559041395073273,0.005683329104860357,0.0059927496925462264,0.004780341258396052,0.005129633506722282,0.0020063357357634278,0.0046089471104178385,0.0060760595212975875,0.005145394520848367,0.005306480931298714,0.005778825410582736
227,2.0,0.3076923076923077,0.7272727272727273,0.0032632069966746194,0.00271958265831236,0.0039904615090419005,0.0034842533674558896,0.003154340549508806,0.0031350471101006696,0.0032644003692094995,0.0026134402932160754,0.004186504872652587,0.003268203091387185,0.0023329511670273214,0.0030658685388561886
228,2.0,0.3225806451612903,0.9090909090909091,0.004253648341459184,0.004146718476942581,0.005341473371787127,0.005117001811316523,0.004022477745201452,0.004132381322701852,0.003342601869647732,0.002745458870340979,0.003527067007708761,0.004363896273172897,0.0035713677619490505,0.0033320598863801356
229,2.0,0.16666666666666666,0.36363636363636365,0.004332166766365171,0.0038550800061839747,0.0036054824543720757,0.005113933789515326,0.004185844830676154,0.004036939957545125,0.0020700398237347775,0.004519282528111134,0.005048438060377431,0.004417138902465876,0.0036699957535408956,0.004278178852107121
230,3.0,0.47058823529411764,0.7272727272727273,0.0029458349969680247,0.0027365780283498966,0.003072123432532769,0.0031725152894797977,0.002677527011687971,0.003067445233951711,0.0019084427318327851,0.0027176236611271276,0.0032787505897894326,0.0029095611357934396,0.002521271691107082,0.0028433841214679976
231,3.0,0.4444444444444444,0.36363636363636365,0.003399133142148778,0.0034531961366428337,0.004243739142614061,0.0037704035272205305,0.00364353741211241,0.0032612949128475277,0.001872458272393207,0.002476206827983425,0.004511788351207833,0.0032785669319760737,0.0026432528928078437,0.003460584468538819
232,2.0,0.4,0.5454545454545454,0.00378973932727051,0.0030897094121664958,0.0033100110789234458,0.00464490683898927,0.0038475840906956804,0.003652390177622304,0.0025993995871680872,0.0029356587102016456,0.0045542171363727015,0.0038192179816437725,0.0032147056403026455,0.003944548732094728
233,3.0,0.47368421052631576,0.8181818181818182,0.002477952521764583,0.0024250543010486134,0.003025308907970535,0.0028779723821956513,0.002519544930931753,0.0023315930781114547,0.002243608143461742,0.0019895660428349755,0.0033013892663582662,0.0022961490607509957,0.0022034773448174547,0.0019367435036264141
234,3.0,0.5555555555555556,0.9090909090909091,0.004383938197422934,0.003752241179844686,0.004784694645457276,0.003956449184172352,0.004475832673061089,0.004311586090328445,0.0031786665819644104,0.0026810003678575103,0.004233873646525858,0.00432542396440112,0.004341291705740416,0.004862853913663645
235,2.0,0.37037037037037035,0.9090909090909091,0.003482168196041808,0.002865683051959305,0.00452098590225715,0.0034264423899162547,0.0033078829398403946,0.0033026762378552815,0.0024486262914711183,0.003267502896624234,0.003079581006899389,0.003494809444621319,0.0031719811255085458,0.0031448230527411896
236,2.0,0.3103448275862069,0.8181818181818182,0.0036864963902594854,0.003643759267420791,0.004426386465765613,0.003546829666442472,0.004036782067486657,0.003690365395053175,0.0026839950940025035,0.002942075138982898,0.003567819837134689,0.0037060461329496306,0.00239016162757751,0.0043270537331497215
237,3.0,0.5333333333333333,0.7272727272727273,0.0029885537893291005,0.0026218750589904,0.0036969799593830318,0.002695431717857811,0.002955240924441622,0.003095527377129879,0.0028448370636122637,0.002385848522331703,0.003203823393017503,0.003040985143578638,0.0025081879603337156,0.0029382178075905065
238,2.0,0.37037037037037035,0.9090909090909091,0.006698437054197217,0.00619947146810163,0.008049403688921705,0.007732015313558921,0.007123827493050377,0.006626592938495055,0.0034188519266657143,0.002632955303522837,0.007892206356391061,0.006797861875275034,0.00516428246165168,0.007425589625045494
239,2.0,0.3225806451612903,0.9090909090909091,0.002744293068246467,0.0026374012732868005,0.0035506973249649215,0.00376047583294104,0.0027528685495006285,0.00258959418633728,0.0027253643389324625,0.0031105522584234137,0.003354102203735178,0.0028060777682053237,0.0026331489098389673,0.0031475957779017088
240,2.0,0.3225806451612903,0.9090909090909091,0.002764824567059103,0.0028545722167824857,0.0038163750820309566,0.0029899208975750578,0.0028342122188924064,0.002862418926795333,0.0027967884839609023,0.0025524599577086532,0.003204790997988551,0.002880372023676359,0.002342894259082923,0.0031489806631413843
241,2.0,0.2,0.18181818181818182,0.003155905304210792,0.0026809241955132452,0.003539896404100178,0.0034537457638336385,0.0030457186950794486,0.003060054222234165,0.0031230716076381037,0.00345550792854689,0.0033089727711124815,0.003294865631458356,0.002631925436993146,0.0030725382912974203
242,2.0,0.3225806451612903,0.9090909090909091,0.003259840091180469,0.003174373329964773,0.004246627649724887,0.003649005417648297,0.0032958141937242578,0.0030986425131863983,0.002074877846981456,0.0032405158079495664,0.0030491500598022387,0.003285980353926441,0.0026991325950434714,0.003498663757827553
243,2.0,0.2903225806451613,0.8181818181818182,0.003964866102677634,0.003542843341990775,0.004074320440803115,0.004968786226093074,0.004066122131478746,0.003650572944074639,0.0029993388497001556,0.0034750948599030717,0.0047318593946839085,0.004206735606816178,0.0028110815192562396,0.003001919702748172
244,2.0,0.3,0.8181818181818182,0.004368105574795903,0.0034896992657265456,0.005124196667647538,0.004453552244044975,0.004161080103066286,0.004158036866955585,0.004265881055177258,0.003429718635070204,0.0043992862625548855,0.004416627022285449,0.003507257156801114,0.003913546293232692
245,2.0,0.3333333333333333,0.9090909090909091,0.003988329322938238,0.0034425856912208156,0.004541313392592222,0.0041545298633259235,0.004594557909738029,0.003999490707152872,0.002834680218093641,0.002224716765756192,0.004553552633949981,0.004026263959618666,0.003549093776322177,0.003380709250322128
246,3.0,0.3157894736842105,0.5454545454545454,0.005743444417987748,0.005211165275968761,0.006956233950856658,0.006439676367652769,0.00594821050668664,0.005563487988265283,0.003783915499583935,0.0041368627913104675,0.005541997278999657,0.005808638525121675,0.0039223925332990866,0.005741665346449653
247,2.0,0.3,0.8181818181818182,0.0032371253782305346,0.003296204547186707,0.003252373064457221,0.003670558285439861,0.003122179911980001,0.003401852476436441,0.001984969663403076,0.0033876589357186276,0.003547284029169775,0.0032210810947898793,0.0033240264521670923,0.002592843138968929
248,2.0,0.3448275862068966,0.9090909090909091,0.0035662286461627807,0.00338820760207315,0.004662331631207233,0.0032651216038789258,0.0033195389172221493,0.0033382366361080287,0.0020300835443978526,0.0024062597756904394,0.004648857466256659,0.003615944988388706,0.0026824476355941465,0.003400447813676646
249,2.0,0.3225806451612903,0.9090909090909091,0.0064444036227079265,0.006212578428416636,0.007027999707189425,0.006054226238902316,0.006258825612422891,0.006565330443428662,0.0032729684232529906,0.0048890159871807,0.006029238047337916,0.006462041552974822,0.005219091423403604,0.00523238964327099
250,2.0,0.3448275862068966,0.9090909090909091,0.005905859070121816,0.004953362327414896,0.0068991290085136025,0.00532107600911409,0.0060179302101502005,0.005564304590383484,0.005085433089149163,0.0037157396299974986,0.006910705786778499,0.005975371294652075,0.004434556030206509,0.005358643849278587
251,3.0,0.21428571428571427,0.2727272727272727,0.003619023242808779,0.002814833360186652,0.0044675379007652624,0.0038210891269951793,0.0035099758778753304,0.0035316993245527776,0.003024799301848059,0.0034234369539642836,0.00364742480323151,0.00368486368220272,0.003433483208232028,0.003976029122441927
252,2.0,0.35714285714285715,0.9090909090909091,0.0054442134079832685,0.005147500007746882,0.006382957027589241,0.004928220062995427,0.00528474821182192,0.005147921647639262,0.0035417674839526825,0.00426815769392489,0.005031091745195717,0.005461217090959883,0.004186837180722391,0.005323218742063375
253,3.0,0.4,0.36363636363636365,0.0031052894513394803,0.002384967757384553,0.0029878525130312443,0.003415480525635583,0.003140541353344331,0.0031444462174701053,0.0018571336826923403,0.0033020302392471547,0.004195778975386825,0.003220987633350908,0.002179487621714124,0.0028596291711891404
254,3.0,0.4166666666666667,0.9090909090909091,0.004043831827884519,0.003945541184225581,0.005207738160861035,0.004422866063004562,0.004294208464215527,0.0041308098049379315,0.002386192759787797,0.0026057806385402812,0.004211145955671177,0.0040821817490625046,0.0031017715833383114,0.004739284068217502
255,2.0,0.4166666666666667,0.45454545454545453,0.003984564500653591,0.0038225814430937408,0.00451991509045339,0.004243815020609747,0.0038875222313339585,0.003869206122622008,0.0027616092049861144,0.0031124369143193686,0.004269383308898569,0.004059204917029799,0.0036378975426232365,0.003945812607114023
256,2.0,0.3448275862068966,0.9090909090909091,0.004444138338666481,0.0041061114489840764,0.005620915016141172,0.00482678524110603,0.004534179202541097,0.004291147306718519,0.0031787735088276347,0.002130707231479618,0.004156352943540782,0.004434562738706086,0.0038390143879589757,0.0041359677830095695
257,2.0,0.4,0.9090909090909091,0.004920548666191581,0.0046185901966802,0.005874462328470646,0.0048678750805682776,0.0047763561746804704,0.004530400185605483,0.004212266222489959,0.004062442951471661,0.005132356910182254,0.00488092936324369,0.003839690741292035,0.004286631916040215
258,3.0,0.46153846153846156,0.5454545454545454,0.004052955681323292,0.003140766141145733,0.004708002125941307,0.004683551754770224,0.004254019812979548,0.0041160292722419445,0.00358828519741889,0.002294542911354292,0.003519465552922593,0.0042071449635905245,0.0033391264808076884,0.004391013238153044
259,2.0,0.4,0.9090909090909091,0.0055744256243585606,0.005407635666700766,0.006447064327482724,0.006347794690309719,0.00575010590105534,0.005661054856026414,0.003010219206885158,0.002409483778971276,0.004682790216539323,0.005635882899702858,0.005466021733495499,0.004868855622554645
260,3.0,0.5714285714285714,0.7272727272727273,0.005717417282004566,0.00476838340125492,0.006454781185447563,0.0051733368735150855,0.005587340921394454,0.005471455407334107,0.005187852764686497,0.004421062788102415,0.006098785178494869,0.005957809870228907,0.004977672601407998,0.005015468748874372
261,2.0,0.2962962962962963,0.7272727272727273,0.0036576578208533375,0.003682828884757121,0.0036508022477110794,0.0033676716334033,0.003696622214746287,0.0035052554614748467,0.003123323737236321,0.00282365060450163,0.003876660895125169,0.0038401679753531717,0.0035619684130321987,0.0032652301269913858
262,3.0,0.42105263157894735,0.7272727272727273,0.004090862752608772,0.003967477334387164,0.0044782557953744065,0.004218011069493571,0.003960727022132861,0.003841598633727087,0.002674782210328695,0.003865976291731637,0.004786326022331277,0.0042315418413630375,0.0033424313040122653,0.00342818587950492
263,3.0,0.45,0.8181818181818182,0.004415209720499828,0.003599928433527167,0.005324068929919729,0.005356622296889124,0.004640242503234771,0.0043801523191123026,0.0020256120395449433,0.003381497357105493,0.004117643166223585,0.00452330430270509,0.0036125642332582226,0.004984924981722555
264,3.0,0.2727272727272727,0.5454545454545454,0.0043409137430750686,0.0036767605938098718,0.004762615627986433,0.004480514809443012,0.003929162423541171,0.004178728388495638,0.0035094406556255052,0.0032169886702520384,0.004698818687497403,0.004254272975480036,0.003912952890133126,0.003785402149340649
265,2.0,0.3125,0.9090909090909091,0.002637642309608284,0.0021016747082188997,0.003686300558947013,0.0030263999305561924,0.002702187463301669,0.0026824632598931447,0.0020991229616381213,0.002134746713371783,0.0029821561117289504,0.0027474686421904413,0.002826682053408897,0.0026908054250444164
266,3.0,0.3333333333333333,0.7272727272727273,0.0041630592361548745,0.004128438129999573,0.004976167119923716,0.0041247560959405995,0.004060566509049365,0.00409382618614788,0.00335137154193799,0.0030208692194577244,0.003718935200234966,0.004246654594661168,0.0038944708855808744,0.00408301908744202
267,2.0,0.38461538461538464,0.9090909090909091,0.003921803742519751,0.003885207899071654,0.004582659994232626,0.0034628416113902595,0.0038295039166677037,0.003982345907967363,0.0028786511938606626,0.002765859032293582,0.004047565906166137,0.003998582294456283,0.00313276782790943,0.0041972803275286096
268,2.0,0.3225806451612903,0.9090909090909091,0.0042525178912967455,0.0043021308140308075,0.005253120882573261,0.004523782777322491,0.0038259688470776276,0.0040159343064272495,0.0022627452038763963,0.0034418761104966014,0.00472064462090418,0.004336268544381739,0.0032698267132387614,0.004099377718652816
269,2.0,0.37037037037037035,0.9090909090909091,0.003703730665611419,0.0038258205557169943,0.004694104602814,0.0038888700126492705,0.0036479418597583093,0.0035955888096395497,0.004297970498201325,0.0026517535326100366,0.0031986084327683766,0.0039052276264142454,0.0036676915898028557,0.003196604989220265
270,2.0,0.45454545454545453,0.9090909090909091,0.004266688928171642,0.003441941395357575,0.006046265682537627,0.004274037861252426,0.004105295717519623,0.004053442993790788,0.0026957490525984446,0.0027668657872157044,0.004452530225566408,0.004238529692921822,0.0036125155423242126,0.004258937327696432
271,2.0,0.3103448275862069,0.8181818181818182,0.0034024615806810244,0.0031584337895413255,0.003879423921541021,0.004364184715094835,0.0034328412779215055,0.0033647760640319337,0.0022363748222755963,0.002865776815659413,0.003351417306631679,0.003391378141730087,0.003236620948494735,0.00384926079540857
272,3.0,0.3076923076923077,0.36363636363636365,0.003946652151903851,0.0045902288200052755,0.004568319799971546,0.004477705488979312,0.0038873259357300816,0.0038417775111108713,0.0030253886083248943,0.0023926515978732643,0.0033403690281751707,0.004021248822194756,0.0025193505690992543,0.004692456289533714
273,2.0,0.3333333333333333,0.9090909090909091,0.003953023539831626,0.0037238348490796387,0.004244625417347499,0.004108689179891154,0.004182305275831336,0.0036904758705706346,0.0027423607918805265,0.003564274983724099,0.00466426001970343,0.003926581108683497,0.003731619866496688,0.0035748305438649975
274,2.0,0.2962962962962963,0.7272727272727273,0.004319130578015193,0.004476289053400535,0.004521218660073763,0.004401662626192321,0.004286725598040074,0.004063466758742372,0.003760492670525313,0.003200890754389339,0.0034909025904592966,0.0041413627568940665,0.004535004338553706,0.004375434027768708
275,2.0,0.35714285714285715,0.9090909090909091,0.003907526386965583,0.0037422019605410405,0.004656843432405776,0.004019513579900994,0.00398436396871265,0.0037999604990218293,0.0033002237094103964,0.00332724476687739,0.003174571592140257,0.00395892872875341,0.0029854815797692724,0.003643703606385497
276,3.0,0.45,0.8181818181818182,0.006737902453175481,0.006819035800852725,0.007355315516597689,0.006592232535341456,0.006935939377498923,0.006402699992309715,0.0046615296604543095,0.005559474005107807,0.0063434703454641585,0.007027126235670107,0.00531190274278539,0.005110660390641733
277,2.0,0.36363636363636365,0.36363636363636365,0.003865591798840126,0.003193583331121291,0.003474338387396772,0.003767131462386017,0.003826008896173119,0.0038849290146672406,0.0029773806445864263,0.0030943029354028257,0.004490640266502113,0.0040668704131416305,0.0036681244039458616,0.004120267203234305
278,2.0,0.3225806451612903,0.9090909090909091,0.0028510280102598713,0.003558897920959401,0.003935919686014312,0.002725992131438694,0.0029351831277447836,0.002839459717764389,0.0013862803042784786,0.002489340427266201,0.00267959680328228,0.0028770800913599653,0.0024217024555573865,0.002787163744093294
279,2.0,0.35714285714285715,0.9090909090909091,0.004693833705017118,0.004490640653557757,0.005339496774419336,0.00527316299725439,0.004576563262609625,0.004561381658653565,0.0030441217902123572,0.0031144297730046943,0.004763078535170265,0.00465984018132817,0.0039223973386597055,0.004318183261009038
280,2.0,0.3333333333333333,0.36363636363636365,0.004647926702583425,0.004612494388982795,0.0048974562463218844,0.005556180239421198,0.0047560485396351574,0.004609009602514633,0.0032303719338871704,0.00369535388073082,0.004454354097661082,0.0048178160978736215,0.004060700783392871,0.004746851711824359
281,2.0,0.3,0.8181818181818182,0.003793379526209721,0.0037771921998191876,0.004116328559315084,0.004069720077348872,0.003576215458875623,0.0038661818760393086,0.0030695312409129757,0.0032435382071056506,0.0036335142314262536,0.003709594583373426,0.003329287010817721,0.003426178106174395
282,2.0,0.3333333333333333,0.9090909090909091,0.004731457724395034,0.004915062485632597,0.005624488713407418,0.004886250118735358,0.004294469531173823,0.00470400456544519,0.0033566146866259145,0.0038114872050304016,0.0047358801054449605,0.004803910462580439,0.003998775605380006,0.003985271045755059
283,3.0,0.5333333333333333,0.7272727272727273,0.0030493762870795684,0.0036123215743952934,0.0034584617792125043,0.0033208979743037923,0.0031565444158034224,0.0029143204469833507,0.002548608164045442,0.0027220270918500615,0.003166489583449789,0.003151104668598868,0.0025447445069232025,0.002890166295713965
284,2.0,0.3448275862068966,0.9090909090909091,0.004321059454069585,0.003820244030713739,0.00542583275446236,0.005201096447689585,0.0040340835666725,0.004096919169475357,0.0029909671984289865,0.003009738790765735,0.003930393986435928,0.004212054974391593,0.003982362897503355,0.003900579238603922
285,2.0,0.37037037037037035,0.9090909090909091,0.001967128017051898,0.0018026545944959539,0.0025313912003486426,0.002186219557402983,0.0019927158980559993,0.0018686673648568122,0.0031719737230731094,0.0016812353244806324,0.002155550140796342,0.002073583663500841,0.001779978970784876,0.001910374920535729
286,2.0,0.37037037037037035,0.9090909090909091,0.0028179338725591516,0.0031967532640641786,0.003699701150214495,0.0020122937905894807,0.0027822733832549673,0.0027573712813223988,0.002023056765506719,0.002445554450610568,0.002983948436618253,0.002760098972632782,0.0022312922814254417,0.0028484802676925925
287,2.0,0.3448275862068966,0.9090909090909091,0.005532981212964173,0.005032449058726941,0.006001966866214437,0.005986214244327774,0.005518492251650549,0.005396770846839549,0.0030290840490314885,0.005017436599095974,0.006404253538709001,0.005501688213227139,0.0036932683540551654,0.003799651622149534
288,2.0,0.3448275862068966,0.9090909090909091,0.003836297876582948,0.002675575019466261,0.005112361145895161,0.004258617051746472,0.003944879473727345,0.003656940779018869,0.0024461975391956094,0.0033141023180875665,0.0035043711286626483,0.003814351217435728,0.0030085643000483738,0.00375210387343559
289,3.0,0.3181818181818182,0.6363636363636364,0.004269874573195571,0.0038069780548877154,0.0052917822356060495,0.004214129221669806,0.003986507593483131,0.004189699483086993,0.003384112753021261,0.0034072155021239434,0.004581061949358575,0.004194768098325122,0.0037309104328856965,0.004026264077063996
290,2.0,0.3,0.8181818181818182,0.004539227266608807,0.004527875208069908,0.005241717749916565,0.0037098057859676734,0.004603722089557317,0.004422152597334677,0.0029327147001459836,0.004677769508016039,0.004249768412528644,0.004575008581601345,0.0038004522866820103,0.004678321921270797
291,3.0,0.6,0.5454545454545454,0.00370836933397783,0.0034152260025995048,0.0043965906728579635,0.0038975155360982884,0.003608257367468153,0.0037394799695387843,0.0027480674912412385,0.0032729436691580393,0.0031400513395873856,0.003700463730864531,0.003805228933474477,0.003316901710577101
292,2.0,0.3225806451612903,0.9090909090909091,0.004480172155615878,0.004258000201570022,0.005435515296289484,0.004365034007674491,0.004463753514742483,0.004393981520495486,0.003823687723401041,0.0028733081098179752,0.005206985643285109,0.004598419576413906,0.003237816086121173,0.004087144258576723
293,3.0,0.5,0.8181818181818182,0.00480803502201205,0.004553067656043121,0.005290321364725662,0.0045424518625759676,0.0046844362907534146,0.00457567243295086,0.003470125928295194,0.002556881265147587,0.00445489968213123,0.0048741959550796755,0.005422247184367733,0.004713570061955313
294,3.0,0.38095238095238093,0.7272727272727273,0.003256901294076001,0.0032362078969160094,0.0035770878876307433,0.003843638861038915,0.003227144441341529,0.00308652103103793,0.0020841641243457784,0.0029164333435385656,0.0030952618271941797,0.0032205256143363484,0.0025255244914553217,0.003339725276500935
295,2.0,0.3225806451612903,0.9090909090909091,0.004690799266832062,0.004284237531951702,0.0056051991933179545,0.004793478907226409,0.004193118674402432,0.004529282910169283,0.0030011425764741133,0.005040487660812574,0.004179333690596069,0.004645008313714109,0.004041600418635277,0.004527259816082525
296,2.0,0.32142857142857145,0.8181818181818182,0.002159598603372524,0.0023114819461737906,0.0023894226825846615,0.002590230335856012,0.002261548161367279,0.0021987313689652383,0.00184056029037915,0.002304688502626084,0.0020469304406123064,0.0022106234278163957,0.0020118464969895865,0.0021079702285431816
297,3.0,0.45,0.8181818181818182,0.004906589098276985,0.005284715150212504,0.005899355847573562,0.005189236139724441,0.005003401169939587,0.004910333851588332,0.0035051499400738833,0.003408393342174152,0.0033142984414217523,0.004845225811166288,0.00413638035850658,0.004525489006465328
298,2.0,0.3448275862068966,0.9090909090909091,0.003568524765516043,0.003510679940828571,0.004053183658853175,0.004071307410367788,0.0036779057919686057,0.0034687095253995515,0.002486928527970439,0.0025497648812223264,0.00357881543988551,0.003560321517550585,0.0026388877322551614,0.003831606280497941
299,3.0,0.2222222222222222,0.18181818181818182,0.004073611806157407,0.0036122068458447746,0.004152652731322134,0.004652561255135316,0.0039728812667372574,0.003952241651064061,0.003147860258626645,0.0037632489660793886,0.0038662776913318342,0.004169059088545598,0.00342255042665963,0.003943462648982796
300,2.0,0.3333333333333333,0.8181818181818182,0.004082989847154297,0.003555090699954674,0.005176347989500901,0.0038930086336486625,0.004197748171948651,0.0039843945803080295,0.0025113166516523714,0.002873822560938572,0.003975754715653358,0.004041460060108169,0.003655066689558585,0.004225868876337928
301,2.0,0.34615384615384615,0.8181818181818182,0.004171648942104407,0.0035587737506125898,0.004871956705693444,0.0037483557855782956,0.004289960531014022,0.00408499766126391,0.0032895344855069807,0.0033114436012317496,0.004290476951582613,0.004021244117546787,0.0037797761534620593,0.004181922576103429
302,2.0,0.32,0.7272727272727273,0.006377026316962112,0.0057236084176360644,0.007320473105959828,0.0067844180517909955,0.006424064511017777,0.006277747918447062,0.0038293620930520233,0.00445489002253805,0.0062365221152401295,0.006198483907644498,0.005451337512728538,0.0058870920534019175
303,2.0,0.3333333333333333,0.9090909090909091,0.005338160759067182,0.0046546178274011,0.006659468776563831,0.004904031495217083,0.005160105705765371,0.00504352764697367,0.0034849142705344637,0.004821400707989723,0.004975943317546574,0.005167871481673927,0.0043635550466773095,0.0056597939739865275
304,2.0,0.37037037037037035,0.9090909090909091,0.005609411320967139,0.0042228264983681036,0.0072373105502329576,0.006052239549318268,0.005336861116406179,0.0053708616925329305,0.0032326710982115803,0.004748628735916126,0.0049215249431798,0.005533171262235068,0.00517322944854611,0.004385576536096592
305,2.0,0.37037037037037035,0.9090909090909091,0.005253629181965006,0.004594026904636681,0.006963335626346935,0.0056311699893938855,0.0049191191369656485,0.004971228767944743,0.0034645252525777113,0.0031130324178735434,0.005061399184360272,0.00512608849630477,0.004596487519311516,0.005057404253546105
306,2.0,0.3,0.8181818181818182,0.0034307761091895753,0.003363044701125701,0.004066223245859074,0.003842065110110777,0.003732506249771604,0.0034154685735498917,0.0024017006614480436,0.0015660466598272293,0.0033098584733686895,0.003390004191293525,0.002632498804404325,0.003719088699043863
307,2.0,0.3125,0.9090909090909091,0.005547145852902214,0.0037435377822826687,0.005915443043930243,0.006214395290968714,0.0057816564221701006,0.005342644865001435,0.004445506808258369,0.004672673716709694,0.004271521219279278,0.0056523166809933825,0.004036262223703168,0.005835971797392317
308,3.0,0.5625,0.8181818181818182,0.0037886194236037823,0.0037357279619140947,0.00481151506137975,0.003806900676854839,0.003758049634272063,0.0034415498352784873,0.0031783149435175113,0.0037113765922628028,0.004497538904559408,0.0036372232858633627,0.003077993582987362,0.0030519403150164877
309,3.0,0.3888888888888889,0.6363636363636364,0.005305978001688998,0.004428022489371939,0.005965431762101321,0.006021791161899979,0.005602774981812483,0.005375694416939784,0.0035365131570390764,0.002572145919308133,0.006446345480926912,0.005432302057449119,0.003082608492139155,0.006279106800692874
310,2.0,0.3125,0.9090909090909091,0.0037781750351400176,0.003241478699666925,0.004788251328149606,0.0036447901906836683,0.0034734220865587687,0.0037127689923430033,0.002177779606701452,0.002903660263481918,0.004600449909642276,0.0037918240477357165,0.003096681685255164,0.003942830573291134
311,2.0,0.3225806451612903,0.9090909090909091,0.004952438274113838,0.00545296935095565,0.005687164912464826,0.004982196727088487,0.004948071126796529,0.005069520232629105,0.0030570763525290343,0.003935233743310119,0.004152089794955203,0.004923222749368684,0.0038570517095753813,0.005045513509101656
312,2.0,0.3103448275862069,0.8181818181818182,0.00476349560308204,0.003648231091096292,0.006034715718232281,0.00510809503474024,0.0047617350496751126,0.004967746101585881,0.002303218973957595,0.0028066290437768686,0.005623354119435211,0.00498400226483009,0.0037420862476716167,0.005175313948917814
313,2.0,0.3448275862068966,0.9090909090909091,0.003727278513460387,0.0035308701943639565,0.0046421351198527696,0.0038588162337007126,0.003570487044050781,0.0037123853758699965,0.0033664130091066624,0.0027840515637539594,0.003131648934366756,0.0038257027845087404,0.00388132055026374,0.0034931710246238986
314,2.0,0.3333333333333333,0.9090909090909091,0.006239740203437392,0.00548959685392677,0.007203311811579657,0.006248897575783624,0.006253973140693542,0.00622775453645633,0.004302373415034156,0.00421778458074194,0.005147767438028638,0.0061396019113472,0.00554079697937719,0.00512657999243907
315,3.0,0.3125,0.45454545454545453,0.0042491805484145126,0.004199936901678892,0.004970832261485429,0.0037708318163151926,0.004189817713176778,0.004210444406056619,0.0027196497495182667,0.002720724593921132,0.00438342495330229,0.004200565000185643,0.0038663102350114144,0.004149933063612292
316,2.0,0.2857142857142857,0.7272727272727273,0.004292190243898648,0.003938130109208681,0.004559102595376163,0.004755300577670106,0.004437050401211654,0.004141893277783276,0.0038687664581682204,0.0028054941605762484,0.0037472950181233824,0.004349903516354552,0.0033947129639330803,0.003780805614231475
317,2.0,0.3225806451612903,0.9090909090909091,0.002911513144884822,0.002587088600221166,0.0037657403321754157,0.0031487771060989423,0.0026404528757489744,0.0028689148508087674,0.0026824774188145416,0.0022951146268322805,0.003279581814478582,0.0029902411538985157,0.0028689326729344285,0.002672664542228027
318,3.0,0.5294117647058824,0.8181818181818182,0.0042013010976401245,0.003823864501491741,0.004571435673997315,0.004800753180296941,0.004195699675754809,0.003913866932092981,0.0024731628747575955,0.0037517152613425957,0.004312600646992575,0.00413119150204523,0.003083417331816303,0.004154847573121888
319,3.0,0.6666666666666666,0.9090909090909091,0.006795452347911221,0.0056178963129446475,0.007784969992919354,0.007677130881499347,0.00712506788855926,0.006868980969224675,0.0030381905867295275,0.007254953860871642,0.0070537752100167895,0.006705897823056765,0.004252917922413224,0.0067616052877407145
320,3.0,0.5555555555555556,0.9090909090909091,0.006911145065765918,0.006657920799634418,0.00789231265934878,0.0069844965402624925,0.006776741031562119,0.006639830247794952,0.004365938648264151,0.006036047844289851,0.006704020780918362,0.007039068474448863,0.005373764837603383,0.00628045625462546
321,3.0,0.5,0.45454545454545453,0.004067781814497356,0.004352980079324305,0.004209842615308621,0.0047544154463236106,0.0041889961752397484,0.004139248495288023,0.002824517905093751,0.0025459349115549796,0.003903120874681122,0.004027581041407077,0.0033260829183358875,0.003782260149228167
322,2.0,0.16666666666666666,0.18181818181818182,0.003087514410655024,0.0024664899072323124,0.00399445769941947,0.0035333220768895357,0.0029891545468741084,0.00280852039024084,0.0023474710023429295,0.0030010489429979576,0.002748015911842052,0.003206901959997309,0.0025732095410970213,0.0030328313477744145
323,2.0,0.3,0.8181818181818182,0.003393223722987335,0.0032476231790148293,0.0037752868608577727,0.003265511686766223,0.0035223682977394448,0.003323634819013846,0.002926679103469497,0.0032042616186241813,0.003317244078804023,0.003337578231669811,0.0033140403649906894,0.00380405211433529
324,2.0,0.3448275862068966,0.9090909090909091,0.0024801195821771756,0.002209229258421566,0.003357711440923135,0.002709397091195028,0.0023125450675286693,0.0022728502332842624,0.002086028289988469,0.002389423041985108,0.002731791782434357,0.002516812179242868,0.0014853291443222125,0.0028816780741220643
325,3.0,0.4117647058823529,0.6363636363636364,0.002866557828597502,0.0024356026474569967,0.003307856239827179,0.003285122353570913,0.002738000054875361,0.003071981433813508,0.002084271646547284,0.0025202568165705193,0.003371370005218189,0.0029080368608076896,0.002120426035037607,0.0025630698560343695
326,3.0,0.5625,0.8181818181818182,0.0041955272693757475,0.004165063003481693,0.004891311900238906,0.004449289740855079,0.004174028645572596,0.004139921658885145,0.0031232276619558024,0.0033664886016889334,0.0031755917956016438,0.0042624455227378896,0.0030370731430454157,0.004409885715362138
327,2.0,0.26666666666666666,0.7272727272727273,0.003796514384878289,0.0033771267539658674,0.003942636643914664,0.004916400428447909,0.0036750283347151244,0.003552196588720953,0.0040308703569934675,0.0034224872603922795,0.003997596786191673,0.003674440688306841,0.0035119044377802536,0.0034115359545585588
328,2.0,0.3125,0.9090909090909091,0.005978857445123117,0.005674255575082323,0.007143694078580908,0.005690581177722498,0.005833815639738325,0.0059220324240147285,0.003973778040076517,0.004662663081806784,0.0061779827173486035,0.005907897881885466,0.003644426550726304,0.005010360448571066
329,3.0,0.3076923076923077,0.36363636363636365,0.005389811045561851,0.004925422407825674,0.00641164122907695,0.0057384173713231875,0.005386540031891114,0.005230496779461964,0.0043492140449390695,0.0032905087597388306,0.0037437625454596695,0.005561028630145678,0.004962361802197877,0.005975452411889931
330,2.0,0.3225806451612903,0.9090909090909091,0.0033539597266559838,0.003584549010930411,0.004364686806364632,0.002946174373969987,0.0032691907633596454,0.0033217794785083683,0.002932452204494836,0.003124810819249133,0.0031145973444180707,0.0033588328218720123,0.002989569320156135,0.003176172276226201
331,3.0,0.25,0.45454545454545453,0.0040149773022274855,0.0032866655760946896,0.004616983135038041,0.003890949974373224,0.003999279302745893,0.003720329395056962,0.003537964063359698,0.002678828342953519,0.0037324007624915134,0.004137713872169252,0.003943543861119677,0.0038102845100935665
332,2.0,0.38461538461538464,0.9090909090909091,0.0041669151011373565,0.0036161872910135083,0.005410083651017777,0.0038350359906959273,0.00393365182346881,0.0041063165982483975,0.003641990774049181,0.0027498445617679876,0.0034870927436213436,0.004127194915339012,0.0037502595288649567,0.004306682211155828
333,2.0,0.2727272727272727,0.2727272727272727,0.003086238434243431,0.003141735387146583,0.0026074390645193842,0.003630924652030458,0.0033431244585238576,0.0029917213939765737,0.002579565839472741,0.0021917460297034303,0.0037666716791427864,0.003136851419346196,0.002832961185491843,0.0034139123140907095
334,2.0,0.3225806451612903,0.9090909090909091,0.0034289290519736483,0.003128296431304968,0.00407592594676836,0.003734729616953023,0.003475969380549128,0.003376023466596788,0.002705646705557558,0.00183506126697182,0.004419597548153696,0.0034536733249123487,0.0032448400818079915,0.003319270602398824
335,2.0,0.3,0.8181818181818182,0.005447847820717485,0.00476045632587944,0.005801994225792891,0.005039210983909351,0.005542418634895586,0.005666731249824593,0.0031822950418011154,0.0026543772070461084,0.0061802661324446406,0.005408670517773302,0.004473030912602284,0.006071469083227507
336,2.0,0.3333333333333333,0.9090909090909091,0.003879118614344439,0.0034515881993145005,0.004554620974975297,0.004539939252593625,0.0035758994379621804,0.003861379092036633,0.0024022713519760825,0.004517241392186678,0.004630741295415232,0.0038411672408319108,0.002394506374098494,0.003436405023774578
337,3.0,0.625,0.9090909090909091,0.009298566964114376,0.008321491252928602,0.011051751119521542,0.010540768245210755,0.008862881502409381,0.009521004878368398,0.005635950977106763,0.004317859750207382,0.009635822077258431,0.009215427066962949,0.00637105546737204,0.010238732496069084
338,3.0,0.32,0.7272727272727273,0.0034868618388441915,0.0034175448415974946,0.00385956148155495,0.003746689474279639,0.0035216635989864372,0.003364424833677911,0.002805415541787146,0.0029515765339398112,0.003649256505491762,0.003687421116605795,0.002887752823789292,0.0028506163549527805
339,3.0,0.09090909090909091,0.09090909090909091,0.0026807326468761272,0.0025849627181547077,0.0030365385864532615,0.00275438794028447,0.0026059027809652194,0.0025379505614825898,0.0021816736037736937,0.002522866074134532,0.0027836656500824274,0.002658782554239052,0.002308276402202564,0.00271726073341183
340,2.0,0.35714285714285715,0.9090909090909091,0.004451984796350972,0.0038505881897982408,0.005287216766099411,0.004819996678591594,0.004386971308418636,0.00433433506331661,0.0026931892493762466,0.0030814810162485477,0.004083150932030281,0.0044417254156173865,0.003407578168068018,0.005439975237458691
341,2.0,0.3333333333333333,0.8181818181818182,0.0032657037255410717,0.0030917008469155565,0.004063736669055197,0.0037155035062867523,0.0030930078516761095,0.0031379356341495425,0.003479188638946515,0.0024783847268956636,0.0035274257488569685,0.0032350701998842876,0.0022370355046578954,0.003002617133591933
342,2.0,0.3448275862068966,0.9090909090909091,0.004955425401844066,0.005093476231536667,0.00623224943440097,0.005451746291595311,0.005129005464980539,0.004695999776207569,0.003174831979532767,0.0032479363174716413,0.004065818935376138,0.005153408366093446,0.003903448921869989,0.004740205585395161
343,3.0,0.15384615384615385,0.18181818181818182,0.0041151098951345295,0.003553805533219098,0.005392000595344976,0.004419748402083853,0.003969470068788655,0.003819238705594736,0.0027117469183065663,0.0044273567561841,0.004881626417143308,0.004210371942758691,0.002803663034157446,0.0037395771042094896
344,2.0,0.3125,0.9090909090909091,0.0035811991702462123,0.0030030103349833735,0.004744701502819561,0.003493972519822616,0.0037234582273417433,0.003569162297667134,0.002887468887508802,0.0032963343940870184,0.004783915729151171,0.003676213480067309,0.0026853266569576983,0.0027732460732342854
345,2.0,0.36363636363636365,0.7272727272727273,0.005334633620868345,0.005299481029731059,0.0061158475354129,0.005963161613987446,0.0050927714818212455,0.005303296504610484,0.004105267334829353,0.0036493807448707573,0.004499336360981629,0.005323816593623583,0.003889724158206823,0.0052434548613821364
346,2.0,0.3333333333333333,0.8181818181818182,0.003580303516910085,0.0032017299331086988,0.00459946646195144,0.0038267028348869516,0.003556293667618875,0.0031356239988337285,0.0030054249602925,0.003311268159598106,0.004511529007046302,0.003755267776220426,0.002475896753565069,0.002940047596530668
347,2.0,0.26666666666666666,0.7272727272727273,0.004777389130178773,0.004678185456521733,0.005237450598439403,0.004895335666896608,0.004692830041826296,0.00473089098729164,0.0027155507943211056,0.0038280623957371025,0.005166454679736615,0.004818071268830041,0.00391526067873976,0.0047004551325981565
348,3.0,0.25,0.2727272727272727,0.003191070931900213,0.0026710868375235948,0.003915916473848414,0.0032437308741836294,0.003208779492391771,0.003199699571725623,0.002729532524885034,0.003114826361425587,0.003736169528736292,0.00315989811588836,0.003168225137261793,0.0027970658908521226
349,2.0,0.3103448275862069,0.8181818181818182,0.0037576683942062484,0.0030597804730366223,0.004409701261465142,0.004069320180008683,0.003918694676400717,0.00369246086058523,0.00246312480828287,0.0033420813124507296,0.003791499860360951,0.0037960429095258087,0.0032134774876338744,0.003366723840332771
350,2.0,0.3448275862068966,0.9090909090909091,0.00343747928085927,0.003027870346054689,0.004215103170985171,0.003403883183795033,0.003428210235218605,0.0033510436872443887,0.0022590153613424764,0.003307251378947633,0.0035253839163120566,0.0035016177622043307,0.002624376812111195,0.002952887837994646
351,3.0,0.4375,0.6363636363636364,0.004696590518922174,0.004491045518132541,0.005444770829310757,0.005852710419329959,0.004053850486969814,0.004432369465277226,0.004927646304101336,0.002819045721825765,0.004623688307496759,0.004826026053936523,0.004636117390117958,0.004431028980451715
352,3.0,0.26666666666666666,0.36363636363636365,0.003703201771671271,0.0031816042534735097,0.004534883148941102,0.004043463171283073,0.0035668579053196358,0.0036520790682074587,0.0032658654921119065,0.0028386164478911035,0.003492027077453263,0.0035960987077119154,0.0030055694967419094,0.0033698211811179226
353,2.0,0.3333333333333333,0.9090909090909091,0.003467221281363165,0.003724690862304612,0.004416501379040288,0.0037207843305808617,0.003775983222620257,0.0034559113302152166,0.002455692639819019,0.002011138815280484,0.00340121389713482,0.0034184336052534665,0.0027587310460200965,0.0038308371461293926
354,3.0,0.36,0.8181818181818182,0.003992392180264608,0.003553135950246016,0.004862980231486539,0.004046998888312417,0.003877891408335783,0.003621754151462606,0.0032524121201326747,0.0036917236752384195,0.004556664796351806,0.004057026734663487,0.0025888953266098424,0.0033459757655429165
355,3.0,0.3333333333333333,0.7272727272727273,0.0041027017289095675,0.0035880953884979065,0.004285707974791764,0.004800919343804589,0.0039008463224464327,0.0039034345138899023,0.0037022879484498367,0.003407660873357353,0.004422673650750174,0.004153921483672013,0.003382459270637426,0.003560818074712218
356,2.0,0.4,0.9090909090909091,0.0043899068066250236,0.003570127118523416,0.0066684035493992265,0.004710500521271699,0.004366964793654633,0.004190346505688658,0.002446163461056408,0.003517090445558317,0.004571845554775875,0.004386820045932938,0.003064167803002355,0.003837823983431003
357,3.0,0.4166666666666667,0.45454545454545453,0.005027909962185674,0.003915763500517854,0.005689733829771039,0.005307383872063941,0.004962942461788988,0.004854844854280987,0.004076632585911409,0.003142127798852747,0.005013683120750959,0.005022095145539988,0.003789843062562339,0.004967718310215946
358,3.0,0.4375,0.6363636363636364,0.003800837630077615,0.0032629783933207893,0.004479105083277094,0.0043058814699845635,0.003449815901661372,0.0034401500708944825,0.003071793691238249,0.003477553046017355,0.0046116344191183024,0.003959858785376437,0.0031624619733605095,0.0034498700456894083
359,3.0,0.43478260869565216,0.9090909090909091,0.004613435335607118,0.0038868255255117543,0.006030424592913811,0.0038601751465302905,0.004395798517081958,0.00442769723695069,0.0036558733204414403,0.003251893610188274,0.004120306426451375,0.0045611858220359555,0.0035345613365735614,0.005407562409253988
360,2.0,0.4166666666666667,0.9090909090909091,0.005567643223295546,0.005211340012343383,0.006329154112292798,0.0062556914343921575,0.005544451070548095,0.005321370387624897,0.004694805360581141,0.004253657044926349,0.004517173064133436,0.0053661780658950655,0.004441439711139742,0.004690650173473611
361,3.0,0.46153846153846156,0.5454545454545454,0.004729007619891203,0.003995613888171725,0.0058166665342321705,0.004854025122739968,0.00466318266356179,0.004652986577141287,0.0026340419799532992,0.0030251364917512034,0.005459711782484876,0.004728081394199775,0.0038395631566111883,0.005051560216651301
362,3.0,0.375,0.8181818181818182,0.005569977510220527,0.0055193964419604676,0.00626786864673864,0.006455714354135027,0.005848923701864251,0.005269370331806117,0.0032142392612046645,0.0037007542325055136,0.006631696644533114,0.0055908350551004005,0.003732392972557473,0.004534752743288197
363,3.0,0.5625,0.8181818181818182,0.003479972855965826,0.0031554582412758212,0.004381294641875083,0.0038355800134258077,0.0034906334211017563,0.003586417606883901,0.0031891341478902744,0.0021506361811401875,0.0030237120425340475,0.0036108984877441055,0.0028508466062644494,0.003780884753083085
364,3.0,0.5384615384615384,0.6363636363636364,0.005296720145631966,0.004669053568543231,0.0057185716425799905,0.005745121761029846,0.005323046114086272,0.00509887982091803,0.003683929746453582,0.003429351933027265,0.005189187055476523,0.005359300892770455,0.004329667367126382,0.005186102026924824
365,2.0,0.30303030303030304,0.9090909090909091,0.0029330150000713958,0.0027923168762828666,0.003357275312151399,0.0030716343796137334,0.0030775972553640065,0.003047625378375764,0.002682573621998283,0.0026737527882337835,0.0028250142284059142,0.0030739206939699296,0.0024015492132740176,0.002696961391273181
366,2.0,0.3225806451612903,0.9090909090909091,0.0031458235892655693,0.0031037452567966727,0.003557662502703794,0.004018286461535019,0.0030103011373228236,0.002954535222601392,0.0023510605857628643,0.002884745616530425,0.0030597337500967415,0.0031118649421613682,0.0019695583907476727,0.003416904970754185
367,2.0,0.34615384615384615,0.8181818181818182,0.0033288065848028135,0.003609296483287307,0.004382175144108538,0.003861735719381747,0.0034053423576454345,0.003364974454159012,0.0024986026935369782,0.0030466897518185566,0.003945069159706959,0.0033405220255130937,0.0025352891869455355,0.0028365190865432916
368,3.0,0.32142857142857145,0.8181818181818182,0.0031205887836477553,0.0030747943257110645,0.0035537924641904192,0.003936304476024662,0.0029974255895858087,0.0028784928141689695,0.00198220835729897,0.003081052026756366,0.0029945072877132564,0.003231472385928133,0.002296779068268361,0.0033566697716802623
369,2.0,0.4,0.9090909090909091,0.004938384543683234,0.004620926750745435,0.005946896946167994,0.005055787752162977,0.004660816226601205,0.004494196863808363,0.00344749333479206,0.004022248260194318,0.004707234205144357,0.0048583054869223,0.003586232236829367,0.004631807745944724
370,2.0,0.2222222222222222,0.18181818181818182,0.005267016481030298,0.004858892305014974,0.005271455977294102,0.005090025616772409,0.005135813053928866,0.004993830559607954,0.0043003175318709185,0.004783343391745943,0.005899510430133986,0.0051354911487645405,0.004066522251686471,0.004285894537543768
371,2.0,0.3448275862068966,0.9090909090909091,0.005098308817995862,0.004310939258768785,0.006304938838133241,0.0055037743717836094,0.0051606339079207685,0.004729181055131905,0.003986540540612731,0.0037924807412351514,0.005294824393611813,0.005069199377389903,0.0035346949339080357,0.00457708481693447
372,2.0,0.25,0.18181818181818182,0.004039619571508921,0.003630151422247862,0.004236212329553997,0.0037047230347551346,0.00412332820054932,0.003984773208168447,0.003280389788938702,0.003367096407935014,0.004054253180671454,0.0041831505982012195,0.003989329545177335,0.0036112867089939994
373,2.0,0.3,0.8181818181818182,0.004582244393839829,0.0044808721665959535,0.005392188344482256,0.004719098211399632,0.004643889692107498,0.004719173402686615,0.003465928661674568,0.002695554796665593,0.005321757953857482,0.004609812784954118,0.0033140460044166885,0.004617637179744593
374,3.0,0.625,0.45454545454545453,0.005139328536407293,0.004440586088041548,0.0056395079913509755,0.005605570014719755,0.004883276962123957,0.0050396020549393515,0.0033326116312848812,0.004254606280893768,0.004558192069927019,0.005301314577285142,0.004892733834411952,0.004968670993749824
375,2.0,0.3225806451612903,0.9090909090909091,0.0038404161231922022,0.0036518604591198795,0.004450813398473335,0.0038540522784397575,0.003815731319802043,0.003765893218836791,0.003329733068205529,0.0032318943812425856,0.0034580061341114533,0.0038430572649407937,0.003215514418828578,0.003391847362213465
376,2.0,0.3333333333333333,0.9090909090909091,0.003801156581915686,0.0038426368196960016,0.004981847658284043,0.0037919631176950583,0.0036344963142922147,0.003715194319580511,0.0031555956343143777,0.00266056747693955,0.00303307351374623,0.003775868163405021,0.003424736564666733,0.004176941155714081
377,3.0,0.4444444444444444,0.7272727272727273,0.005800285109951368,0.004409918949238342,0.006432028012515604,0.006637317686033979,0.006010415648641411,0.005663534412507968,0.004393371657120118,0.003880721861973763,0.005226377921861866,0.00587656940639494,0.005481348979902881,0.003957244594111468
378,3.0,0.5,0.6363636363636364,0.004040584066372498,0.003505119625355659,0.005189404438999066,0.004576739439301967,0.004357392001001156,0.003874470611652261,0.0025083488092011766,0.0031547240733965343,0.0036034486233526637,0.0041130559724050254,0.003605927725662635,0.0034844685232532486
379,2.0,0.3076923076923077,0.7272727272727273,0.002353277398720784,0.0022941286197231394,0.0033365028935538254,0.002517759178943181,0.0022329379903944335,0.0021572680384862432,0.00193772715003812,0.002383382934659581,0.0032518025884399086,0.002388412502796215,0.0019204375763206493,0.0024224633088202395
380,2.0,0.3333333333333333,0.8181818181818182,0.00344654425285493,0.0032422968002114934,0.003806276721859298,0.0038747789332952754,0.0035684702862071238,0.0033187829911649146,0.0030404081874628643,0.003286742583844188,0.003665224722188518,0.003534659473139019,0.0019904713325608063,0.003688598763179901
381,2.0,0.3333333333333333,0.9090909090909091,0.0031057712643644216,0.0028061691397252182,0.003810830910962099,0.0034056335703557855,0.002992280036400231,0.0030436349314890646,0.0018099920323990755,0.001904955760647398,0.0037661627292975017,0.0030463311767401943,0.0025602823009503875,0.003732715563883104
382,3.0,0.3076923076923077,0.36363636363636365,0.0028117032662766128,0.002949523816492579,0.0027698336436582,0.003181650602434439,0.0026174658195848113,0.0026747747414319146,0.0020906280233044415,0.0029846876419659624,0.002916996786589697,0.0028171344297508033,0.003066495642883509,0.002791013200745201
383,3.0,0.3888888888888889,0.6363636363636364,0.0035763895935914253,0.0030404211200582097,0.004447412733782786,0.003084107833210604,0.0033943720153418663,0.003466956861063979,0.002669148506365549,0.0036468641916296953,0.0034825194893832317,0.0036650423134681654,0.003362974308378421,0.0031243368060751868
384,2.0,0.3333333333333333,0.8181818181818182,0.003927354828275201,0.003085755035116218,0.005190319785836967,0.0043280088281600175,0.004050038798562381,0.003838685692367004,0.002355328515521671,0.004425102695062783,0.005637850078916905,0.00399930364653304,0.0032667159056959335,0.0037832834106157997
385,4.0,0.5555555555555556,0.45454545454545453,0.0044766289749003305,0.003869702280488868,0.005205566112294515,0.0054685764887916315,0.004552437285672882,0.00459378394020651,0.003496055715627112,0.002072494406968448,0.0035964265831889934,0.004321635760901402,0.004070563130162348,0.004785260047820414
386,2.0,0.2903225806451613,0.8181818181818182,0.0033162280327975195,0.0031601713886321436,0.003843262108106424,0.003968216466625439,0.0034354984714838528,0.002816443960447076,0.0022606592492784307,0.0026407969912425415,0.0043130171078183,0.0032853418669384184,0.0027161104383263872,0.00274899940776443
387,2.0,0.26666666666666666,0.7272727272727273,0.004082706327826369,0.0038754447061910735,0.0038241130550662546,0.004186116078839419,0.0038876640525670335,0.0039742473255423095,0.003993192295127207,0.0028551031002498582,0.004651746397756411,0.004059695587714091,0.003320024084172492,0.0036877913488221597
388,2.0,0.3448275862068966,0.9090909090909091,0.004408056666059027,0.004320707482500009,0.005003260081266174,0.004116290846198715,0.004359495337671438,0.004374377733310924,0.004314348401501779,0.0028514098636035603,0.004806007100477067,0.004400140961167925,0.0038366338710434196,0.0045176144790041485
389,2.0,0.3333333333333333,0.9090909090909091,0.003762778853112258,0.0028729189193507855,0.004271052883309975,0.0034254427428426263,0.003805629942517736,0.003669380761896692,0.003013990676419737,0.0034849621225851836,0.003054274261617427,0.0037495906957518976,0.0031290949947847283,0.0040038798568413254
390,2.0,0.26666666666666666,0.7272727272727273,0.00558566217068129,0.005353501733917587,0.00611089697614995,0.005569871790536615,0.005561147901356705,0.0053281329216184935,0.0042227934024797594,0.0033981855238758175,0.004721299732184365,0.005649764189879854,0.005355763245769805,0.00486916834695895
391,3.0,0.391304347826087,0.8181818181818182,0.0034806841047370553,0.0032425240924128305,0.004549756907314179,0.003063206787389507,0.0034935462440887225,0.003378087841621197,0.0023880979258437225,0.0027383607255378702,0.003229364100554981,0.0034168710189637513,0.002921184412624159,0.003779777318580289
392,3.0,0.3181818181818182,0.6363636363636364,0.0028311812658529814,0.00315288133420661,0.002665823719536312,0.003159949289628026,0.002489542980904676,0.0025539678259783893,0.0035978327162991927,0.0027527747068844225,0.0025552406703265047,0.0028566794200294327,0.0019342468512063712,0.0024980117058095532
393,3.0,0.32,0.7272727272727273,0.004455237291997346,0.00471534905346351,0.004908594895710425,0.0047887678491064295,0.004256475638779941,0.0045381700688915455,0.003121902436535262,0.004034207881420267,0.003912434089669114,0.004429818578304099,0.004218749100707645,0.004475190600083345
394,3.0,0.5,0.6363636363636364,0.005871805043147744,0.004883720801483537,0.007419503654598075,0.00622599703910922,0.005874769780558833,0.0054623969555932335,0.004547550752093167,0.004415289298021349,0.005863533232759922,0.005874725274533202,0.004562943737894367,0.005164554039448765
395,2.0,0.2857142857142857,0.36363636363636365,0.0029334702247045255,0.0023011896945480006,0.003433707530585741,0.00348390377826381,0.002971360890214407,0.0028216848405084576,0.002473217393428499,0.0031744768604139656,0.0031037104159800885,0.0029269433058201366,0.00255722103417185,0.002838210586595886
396,2.0,0.3225806451612903,0.9090909090909091,0.00554921782993998,0.005964378802033504,0.006257572606911094,0.006091765056581567,0.005779469039554493,0.005549747629277339,0.0030857554116686427,0.002706177533766939,0.005371774358234729,0.005540790785020633,0.004527081151767146,0.0058951383582374565
397,2.0,0.27586206896551724,0.7272727272727273,0.0019474994136955697,0.0020750898980404185,0.0020491024469414592,0.0021046065681896197,0.0018747090218157114,0.0019977691833727588,0.0015248358304081361,0.0015873718359343543,0.0025126265700931173,0.001923796972604024,0.0019641823301314613,0.002075583160134409
398,3.0,0.3181818181818182,0.6363636363636364,0.0020949250232358864,0.002069127175908276,0.0025714249628018136,0.002827616046655433,0.0020262739507064375,0.0019967166634172542,0.0018409979966356334,0.0021462677305469752,0.001979795417039765,0.002110274387820042,0.0017338773084613066,0.00225719428795592
399,3.0,0.45,0.8181818181818182,0.004630483990960867,0.00426931703668076,0.005631258574627142,0.004594936076337164,0.004392468423925226,0.004315919374269624,0.004339532119279284,0.0028336737465755194,0.0042370818642682405,0.004707323912994018,0.004026049975561402,0.003729355404093393
400,2.0,0.18181818181818182,0.18181818181818182,0.0033490740170423446,0.002782952618363039,0.0036548167862785986,0.003929145490044354,0.0035613039142512546,0.003424785405358141,0.0025678092561935073,0.002381956703215104,0.0034656962187745236,0.00331418683375082,0.0022712698235104367,0.003496205831021462
401,2.0,0.27586206896551724,0.7272727272727273,0.0033864971584878826,0.003536464473944333,0.003974942201958666,0.003835503797543314,0.0033884658016965098,0.0032755307020888172,0.003149982210560085,0.0028121163610617993,0.0036944824881943567,0.0034569480822622557,0.003141707700635704,0.0031878813825380286
402,2.0,0.35714285714285715,0.9090909090909091,0.004294348411216091,0.003260310888490594,0.00516295461112045,0.005260092997328688,0.004211880987181156,0.004357887058565458,0.0037562859916839965,0.003361313445703079,0.005634795115213871,0.0042825167498396445,0.0038803461957852537,0.003778849332003269
403,3.0,0.5,0.6363636363636364,0.0061691361457762925,0.005918657630471189,0.007145101874339796,0.007612241624193903,0.0064838663219434715,0.006548634268106448,0.0028193249031377267,0.002032999272625707,0.00625352808222144,0.00596759460342354,0.005142088197369233,0.007836114120295681
404,3.0,0.3333333333333333,0.7272727272727273,0.0036985425573845872,0.0028901477896631283,0.004223425208265577,0.003967273381717094,0.0034582197867509476,0.0037037885186656707,0.0021618435203123454,0.003336126933140585,0.00428706348125227,0.0038875172410194093,0.003481106968595206,0.0032904864752439766
405,2.0,0.3,0.8181818181818182,0.0036797410105690685,0.003767712487337545,0.003455826672818062,0.0041248762057805675,0.0036080815253005053,0.003582288917205308,0.002653744839897801,0.0031657418665866017,0.0036429694965630006,0.004019257442195985,0.0029206349739405377,0.004182385680446354
406,2.0,0.3448275862068966,0.9090909090909091,0.004318272490456375,0.003660575205972089,0.005379647444608341,0.004384955305610294,0.00413330902652154,0.004047532417502756,0.0045967483487374975,0.0028366273738638557,0.005176284862924204,0.004422304217872168,0.00324517181627845,0.003939125699034665
407,2.0,0.3225806451612903,0.9090909090909091,0.004500007646980443,0.003661173858202277,0.004796496666499476,0.004532640679548911,0.004483181691804729,0.004400369702140657,0.003745201124188441,0.0035019539653733836,0.003951638145839814,0.004437014833835609,0.0036134822428439614,0.0040473560971674245
408,2.0,0.35714285714285715,0.9090909090909091,0.004326879738863931,0.0037603257892528477,0.004879745006544135,0.004964787590709381,0.004376796460300242,0.004204664337736691,0.002692147166086485,0.003213400141535657,0.005396391287224324,0.0043494784514135805,0.003078894940981783,0.004416102779650097
409,2.0,0.38461538461538464,0.9090909090909091,0.00508874584519069,0.0046252954598364785,0.006250681345447907,0.005180038590185251,0.0053362735688908675,0.005187065373282726,0.0025713901476304164,0.004336157609061662,0.004367631173033727,0.005305110316574533,0.004779035757385051,0.003976243739280724
410,3.0,0.4,0.9090909090909091,0.0051734968883894615,0.004633850563659998,0.006204340117255636,0.005568544679510787,0.005218191396879475,0.004999657733568447,0.0029619374246220636,0.0033756416734219367,0.005477428418285831,0.005284122117871682,0.0041208925599297225,0.004722141952289755
411,2.0,0.3448275862068966,0.9090909090909091,0.0038134772591139183,0.0035753417096108546,0.00542326503952015,0.0038169910554077123,0.0038619451643882702,0.003716342883325433,0.0022197797965829483,0.0022439463688774617,0.0035701570922018876,0.0038029177854926343,0.0035017120992471683,0.0033228327675724452
412,2.0,0.3076923076923077,0.7272727272727273,0.0037895971741260677,0.003995993280108937,0.004203338806508938,0.004267950092120553,0.0038447967024850473,0.0039085075101450905,0.0025313684162612212,0.002145949513828554,0.004451953653691862,0.0038864529321683073,0.003630393942939464,0.0038159236936949484
413,3.0,0.4,0.7272727272727273,0.005103224353147095,0.004212583958074198,0.005360001622836686,0.005828527399291473,0.004319838822794347,0.004421632960437501,0.0037173689725228235,0.005245985823082515,0.0049661005075634715,0.00516275361406808,0.0040449813334363675,0.004440092039441234
414,2.0,0.3448275862068966,0.9090909090909091,0.0029177264097560557,0.002472787442640418,0.003988042082614002,0.003337519715442739,0.002807552533050567,0.002690175268409381,0.0030259646388516334,0.0024920568297413627,0.0031170464696518214,0.002978526284530385,0.002131000917129676,0.0032362874037975505
415,3.0,0.5,0.6363636363636364,0.00415432326684998,0.0037786740812568234,0.004831926617822003,0.004227072087728811,0.004090223635755547,0.004175806260354052,0.0030533074137197216,0.003958760564205599,0.003951782307200499,0.0042266463474415995,0.0030125380607402353,0.003709143174635519
416,2.0,0.3103448275862069,0.8181818181818182,0.005886543837930183,0.005435581996487994,0.006629806184150627,0.005850535592452341,0.00549336234263399,0.005701445724327158,0.00545727361040267,0.0034834448235424725,0.00417070863661871,0.005984629380077004,0.00612642006476386,0.006283615556160148
417,2.0,0.25,0.6363636363636364,0.005373870841776068,0.005105639088621296,0.005337358909136379,0.0057762292777478715,0.005276129769417273,0.005204739198232448,0.004914020550724719,0.003957150023706833,0.0045000113670789765,0.005455728939123093,0.00484536901849066,0.005228799160079904
418,3.0,0.42857142857142855,0.5454545454545454,0.0039344662933734785,0.004222701901257871,0.004712664521356472,0.0042024757132038855,0.003889656114509466,0.003832563131903808,0.0025294725514561083,0.002678974583361009,0.004011314639157124,0.003896884918744927,0.0036642432314406893,0.003237310466288462
419,3.0,0.4444444444444444,0.7272727272727273,0.005233558482991087,0.004352485678575642,0.005951791179454383,0.005040969830090692,0.005050543150398793,0.005139491255056509,0.003315498138226679,0.004044341823279186,0.005392553216772873,0.005262645942632532,0.00500131952584418,0.004594582035143475
420,2.0,0.37037037037037035,0.9090909090909091,0.005516038904531185,0.005727701305626529,0.0062381133722715695,0.005823484747714638,0.005862376805531318,0.005783417714876475,0.004218652020709589,0.0031588380196130687,0.004924678374130256,0.005651005540375494,0.0036733347973677607,0.005552598807749597
421,2.0,0.3333333333333333,0.2727272727272727,0.0056340758623335315,0.005353873470390491,0.005297080556293077,0.006297297320094184,0.0057912723192698095,0.005382327778781346,0.0038964446606626324,0.0052103326516802035,0.005265402438639705,0.005644378442896603,0.00478032799926043,0.005011103052968342
422,2.0,0.32142857142857145,0.8181818181818182,0.00423266565619278,0.0046997883444261914,0.005286675907378433,0.004236490576037877,0.0038551177594004097,0.003806758034066063,0.0038040481325477787,0.003381987391083985,0.004345741618942599,0.00426189558018324,0.0035847714921166925,0.0035430981682394625
423,3.0,0.42105263157894735,0.7272727272727273,0.0024074063387781075,0.0019512116955287054,0.0038516853644017172,0.002883469854663545,0.0022509424130148776,0.0024475696991195766,0.0020688968047354404,0.0024510641653739825,0.002872579026897859,0.002490996426222332,0.001747349143272304,0.0020700870265358178
424,3.0,0.35,0.6363636363636364,0.004285595939645077,0.0037460017502515004,0.005048368102371299,0.00517048322021157,0.004439773978176263,0.004302709976321827,0.002999496959666511,0.003811737367438121,0.004267985096027775,0.004294974791401875,0.0030487725244018864,0.004466315685259665
425,2.0,0.3125,0.9090909090909091,0.0024279813363906394,0.0022178378767706186,0.003200176727744043,0.0031732309783562966,0.0023254497480612456,0.002569780678549461,0.0019883555698282387,0.0021550591561581615,0.0016885906224034374,0.0024963150446836394,0.0023020075887668066,0.002559842149709848
426,3.0,0.4375,0.6363636363636364,0.005493080348179265,0.004452160996957095,0.005963265307242055,0.005973329723025068,0.00527334917042266,0.005451569640261408,0.0035028784471922217,0.004619632694684797,0.0042553554686836775,0.005449000301626474,0.004904287179135208,0.00583013921629367
427,2.0,0.32142857142857145,0.8181818181818182,0.003671104709461527,0.003135576996565879,0.00382514101206203,0.004059981585861962,0.0034033781365510104,0.0033929059699628955,0.004453060585540599,0.003788435520633796,0.003274770832012339,0.003736015013161369,0.002563899605921894,0.003464763919988121
428,2.0,0.32,0.7272727272727273,0.003903436432371476,0.00364894129400945,0.004274647494960444,0.0042483712569296415,0.003983292485990781,0.00403330008736768,0.002761517864579013,0.002670088362529819,0.004759713545580326,0.004020426039718016,0.0027047048671761877,0.0033719179792242563
429,2.0,0.3225806451612903,0.9090909090909091,0.0037837438472973343,0.003381624687184431,0.004486655384482336,0.004982184344716889,0.0036436874869912724,0.003702250428799386,0.00219195160336785,0.003601722681438316,0.00370743208507337,0.003929013911308354,0.0025528398310839064,0.0036570224478623486
430,2.0,0.37037037037037035,0.9090909090909091,0.003435762272374543,0.0028683095583369764,0.004673512042158063,0.0035290549282890617,0.00339176265082418,0.003313884358657637,0.0029390631874303855,0.002531780159732349,0.0029653947438662513,0.003462459420984558,0.003373380272533178,0.002819135481362777
431,2.0,0.3448275862068966,0.9090909090909091,0.0052624153660947555,0.004477834321731285,0.00649848357719819,0.0058578737059547985,0.005185545017359043,0.0052398657115993496,0.003133200013914598,0.0033551925462754636,0.005645061413975179,0.005470166884939006,0.003737223402829013,0.0052269879610061356
432,3.0,0.28,0.6363636363636364,0.005592579286558657,0.004844371526846001,0.006517924270812584,0.005538793634050068,0.005389029320458929,0.005355833216624656,0.004593314954243623,0.003847554494892177,0.005608306408811924,0.005441920120588091,0.0051166817295302865,0.005548500215421267
433,3.0,0.6153846153846154,0.7272727272727273,0.0043278581810425225,0.003758823803539667,0.005118226169718571,0.0049243147208111486,0.004319200230132156,0.004259196130909802,0.0024991073932765675,0.00270147916939703,0.005182934349866216,0.004511761657904966,0.003015405586807378,0.0040915560742023765
434,2.0,0.3225806451612903,0.9090909090909091,0.004035665753203322,0.003653230986072201,0.0049825548141959695,0.00443902127170152,0.004273764568140416,0.003937650189353764,0.0030097652834592255,0.0034286001589026787,0.0036466111253552823,0.004102003455410476,0.0035901587740144064,0.003916938222745154
435,2.0,0.3,0.2727272727272727,0.004604550488563546,0.004243586140857268,0.005106236645188043,0.005089607950492718,0.004605239006316136,0.004568687371246165,0.002486162756479349,0.0036576967137106945,0.005719051669012287,0.004513035612454028,0.003774125037511429,0.004895313561498723
436,2.0,0.2903225806451613,0.8181818181818182,0.0033116149150354867,0.002931733646696089,0.004201943140809961,0.0037113385205147765,0.003089956626426456,0.003154851248037755,0.002808901517615622,0.002742925702811535,0.0035433769099209454,0.003503155725527951,0.0029451862508236707,0.0027397102415560133
437,2.0,0.3333333333333333,0.9090909090909091,0.0032596760273345925,0.0024390705258691683,0.0040067968326488075,0.003525631532711216,0.0031175384357769514,0.00308174415616774,0.002396670378007604,0.0036574920740012427,0.004055105222395002,0.0033311844321374157,0.003144326853833911,0.003290336312267878
438,3.0,0.35294117647058826,0.5454545454545454,0.004014514042702053,0.003753094657246439,0.004511879933592728,0.004496708289245877,0.004049483735533645,0.003583769486399519,0.001962665559540744,0.0027422115991368864,0.004335020916806469,0.003934679375691413,0.0033459878113647856,0.004327652945917042
439,3.0,0.6,0.5454545454545454,0.004943265909572871,0.006288908232900299,0.005255915248684376,0.005576325927072561,0.004949221147895641,0.004846629368298159,0.0029620616573855195,0.002686715191407399,0.007092508525941224,0.005039458019043847,0.0034094780626364187,0.004758697217392406
440,3.0,0.4166666666666667,0.9090909090909091,0.002819057537069041,0.0030314557165723173,0.0030726389368633937,0.003186064865928886,0.002628119263270923,0.0026615746977266715,0.0017204344006172317,0.0026139007431501813,0.0032468825642845037,0.002776626058746847,0.0026560300602411885,0.0022233303382716164
441,3.0,0.4,0.9090909090909091,0.007650717246626094,0.006623294907221374,0.008953470101790458,0.00821361299457184,0.00744152812244398,0.007499826975305182,0.004964127822629164,0.006158442378451221,0.008431713846356168,0.007735208207071741,0.005566215953974235,0.006323494540965022
442,3.0,0.6666666666666666,0.5454545454545454,0.00879103112849038,0.008941170374442794,0.009228337611903505,0.010353107847549952,0.00797545211391823,0.008799816795949642,0.0031228773170028285,0.005657790461066194,0.010709453920438405,0.008966321156358974,0.005523276022941993,0.00722534850887521
443,2.0,0.3333333333333333,0.9090909090909091,0.0031404029461488047,0.0028473832619079547,0.004447024866493268,0.0032495153008219,0.0031327873843914004,0.0028282556326974,0.002329308256477728,0.002472296788947058,0.003159772838726454,0.00311232049673373,0.0023827083837348996,0.002986959353766763
444,3.0,0.3157894736842105,0.5454545454545454,0.0026080944556165606,0.0023913780894361586,0.0034195851674269245,0.003070918090264811,0.002613873981285769,0.002440190894356683,0.0015247336463379702,0.0026279140855357654,0.0028512654650097525,0.0026309320623485533,0.00207203889833886,0.0023208015698530115
445,3.0,0.3125,0.45454545454545453,0.0028912160644766934,0.0032740923172336167,0.0037600765042936943,0.003142443799206732,0.002758708588658458,0.0028521383659634953,0.0016259375924258083,0.0032353061519968637,0.0028415538760253474,0.0029795982525986212,0.0025638780330962084,0.0030253184368286183
446,2.0,0.3225806451612903,0.9090909090909091,0.004414464394300757,0.003965379330094737,0.0055021621138946365,0.0041431758968947865,0.004455779147342229,0.0044375724030806885,0.004855449413126835,0.003053353980314949,0.0031668794794711473,0.004542517900937676,0.004167949244507125,0.004509336368549197
447,3.0,0.42105263157894735,0.7272727272727273,0.005911458582072096,0.005349336377813125,0.00689331833914521,0.006168332462805152,0.005944697222373657,0.005758750454010164,0.003258643729028175,0.004475840250889623,0.006280358218602075,0.006072930196074184,0.0038366144506566985,0.005401634314863885
448,3.0,0.5833333333333334,0.6363636363636364,0.004185077570204221,0.004702975798511235,0.004699915221259188,0.004878578821483972,0.003638093802193517,0.0039416842101680505,0.002452774265359156,0.0034454538624035685,0.0038425097044010245,0.004334279062225015,0.003789215188956443,0.0032685564481041087
449,2.0,0.3333333333333333,0.8181818181818182,0.004671999792280397,0.00465204608120603,0.0050500536403660385,0.004954281914673895,0.004341006914319484,0.004369369652289977,0.0033220818099698275,0.003837100084458051,0.0051195800704516275,0.004629124340739842,0.0039559748535813385,0.004203181561640946
450,3.0,0.47058823529411764,0.7272727272727273,0.002843535491003444,0.002577392257944105,0.0036720375490201206,0.0031761572374754046,0.002694813915766948,0.0027279391125245235,0.0024477202158106072,0.0024911618121778757,0.0030884022087961024,0.0029448346234299417,0.0027910556078843164,0.002926296086546527
451,3.0,0.5714285714285714,0.7272727272727273,0.003278300176214914,0.0029056128143506383,0.0037426033169357387,0.0032647830878969504,0.00296411681206373,0.003189074196748592,0.0025310863480513326,0.002138355957053199,0.0036033495733993896,0.0033787020451724035,0.003206399316654674,0.003111886026766707
452,2.0,0.3333333333333333,0.9090909090909091,0.004477483192246874,0.0040363497227480895,0.00518371875410609,0.004725831666421716,0.004448865656078397,0.0042187709862090824,0.0021254213270456603,0.004471014163083257,0.004588815192572669,0.004513916082032173,0.00322356336280537,0.004413074590919157
453,2.0,0.3448275862068966,0.9090909090909091,0.004905644321366209,0.004358502662854432,0.005643803994895866,0.005077956973552912,0.0046593391862155,0.004608596184398301,0.0037574255851367437,0.004072680559272726,0.0043617382827652275,0.004911199104724564,0.004093950975175269,0.00453083649563521
454,2.0,0.3225806451612903,0.9090909090909091,0.003947954326932291,0.0036030940474056764,0.00484410526356836,0.004500897901552757,0.0040696370706696725,0.003885233175776239,0.0032156807266538637,0.0027823289874732153,0.0035169670078540115,0.004033396548935861,0.0036682880945924584,0.003433616562020638
455,2.0,0.3225806451612903,0.9090909090909091,0.004431489482832164,0.004103426512841851,0.005496869175993278,0.004358176610384023,0.004188999817888078,0.004456508048659713,0.004136009889419082,0.0028544006136550035,0.0037433288914927305,0.004609031860361721,0.0037633868068322734,0.004179789626376512
456,3.0,0.32,0.7272727272727273,0.005510401278665704,0.005377415484703645,0.006259490614886303,0.006263479314782203,0.0053109307174693835,0.005311137645636887,0.0029960864203299104,0.0053231327217031655,0.006622085097348557,0.005332465314888375,0.003773275426330824,0.0049909862871415685
457,2.0,0.38461538461538464,0.9090909090909091,0.004571357999762922,0.004051399896195695,0.005483179614354358,0.00456581592106362,0.004536934253427259,0.004308602026626519,0.0030359233917543935,0.003068064776826849,0.005501988860820069,0.004676427494739739,0.004220594440855953,0.004476541461027667
458,2.0,0.3,0.8181818181818182,0.006277949391270169,0.005504219666969672,0.007033616684255009,0.00605439220125126,0.006279170146786596,0.00600484617665734,0.0037998589130222426,0.004958358577459937,0.006558342815021882,0.006327034292364873,0.004806976553718338,0.006358464131797672
459,3.0,0.3888888888888889,0.6363636363636364,0.004399183703413454,0.003506112581269445,0.004937383284246017,0.004663707807785309,0.004528678525301139,0.004311763505922721,0.003264158537710976,0.004223344046024684,0.00411071793145463,0.004330196371602961,0.004219733229114141,0.004135347372663964
460,2.0,0.3448275862068966,0.9090909090909091,0.00664331222159749,0.006035656493799463,0.00745889637355624,0.007104298013874662,0.006541280163225452,0.006660075497673124,0.004518650626610004,0.005244280664422681,0.005661857983319111,0.006675332285577104,0.006131272791279654,0.005770269581765927
461,2.0,0.3448275862068966,0.9090909090909091,0.0035635385577775427,0.0030975803493551186,0.004233414138799458,0.00364260116540402,0.0033582303414558938,0.0034246869012293946,0.0027590283043601223,0.002813004812580628,0.004579414865081266,0.0035741915732585387,0.003245563658646791,0.0031383145088496483
462,2.0,0.3448275862068966,0.9090909090909091,0.004812497071521895,0.003993229741125287,0.005746378024701028,0.004840062974925657,0.004704892276913464,0.004382232280056339,0.0027626473936259144,0.0037877744397482446,0.0055339388712634194,0.004814428747667455,0.003635147990301101,0.004671730519056034
463,2.0,0.3333333333333333,0.9090909090909091,0.0036725247562194334,0.0032494929913092128,0.004365321790502672,0.004849550558212424,0.0035184320043431007,0.0034588298502803766,0.0028327857851404895,0.002655415739209573,0.003568009377337546,0.003773909793118586,0.002970569703831944,0.003562440553966131
464,3.0,0.22727272727272727,0.45454545454545453,0.0037923589459198893,0.003788769912012177,0.004322166125009933,0.0038230851543421753,0.0038382571126720105,0.0038039819623219787,0.002728182088768763,0.0026164828892765685,0.004368417327947743,0.003847204158133611,0.0030902764896320605,0.0036314886537004002
465,3.0,0.5384615384615384,0.6363636363636364,0.004599867454363977,0.003952782278724874,0.005470857793405025,0.0053341065137315355,0.004590538119206572,0.004368914987492116,0.003383307504422456,0.002588273705253999,0.004895338789651085,0.004772522030740682,0.0038080279375899712,0.0047620508477919845
466,3.0,0.5,0.5454545454545454,0.006341980632119123,0.006506828865733515,0.006815352759402548,0.0069099158596053955,0.006405947434244389,0.006453391546442247,0.0038598752940230837,0.0035692923069800594,0.005439812130116986,0.006394424216433415,0.0058983442758520094,0.005772401241038174
467,2.0,0.3448275862068966,0.9090909090909091,0.00415599630627133,0.0036182086536356035,0.0055103059102571674,0.0040582660472592265,0.003695586988094695,0.004216965551893498,0.004652119119275115,0.002226246403868364,0.003700050258463604,0.00418911202804313,0.003163311568159785,0.0038228846687708377
468,2.0,0.35714285714285715,0.9090909090909091,0.009083178003062803,0.009020518305937461,0.01012407174367117,0.009632157701767514,0.008767331853245944,0.008310105540488142,0.0050337802434758366,0.008609513657376703,0.009014166808051149,0.00926968392797482,0.00518049299799965,0.00741814188649348
469,2.0,0.3448275862068966,0.9090909090909091,0.005022074281537976,0.004269983878540245,0.005911462356277402,0.005654745161648116,0.00490323979980885,0.004925427487332278,0.004713876830007305,0.0028035024314862467,0.0043075666070063676,0.005031363165638583,0.004189850326537006,0.004072368249086161
470,2.0,0.35714285714285715,0.9090909090909091,0.005457957184384272,0.005079175839836836,0.006129571139484987,0.005188232006968719,0.005295572174349773,0.005166558861904235,0.0030468943219799996,0.004411344080508088,0.005574513868335324,0.005455469906206063,0.004087742396599174,0.005335515064417489
471,2.0,0.3076923076923077,0.7272727272727273,0.00391745083002807,0.00372471232712811,0.004574928288091612,0.004225983992474603,0.0037851980934884843,0.003974588207478934,0.0026584694941458047,0.002946615296266141,0.004198133371235765,0.003991418421688911,0.004068540764928449,0.00431320463965696
472,2.0,0.35714285714285715,0.9090909090909091,0.004982896176620375,0.0037465804948359936,0.006520880702244139,0.004875669752733496,0.004843074840211386,0.004640355072937773,0.0030215083562040138,0.004304675759973924,0.004308700846074281,0.005202336631769648,0.004066496841547886,0.004600643783375497
473,2.0,0.3225806451612903,0.9090909090909091,0.004092005673596233,0.0038495159483132937,0.004697116031668034,0.004277440928655004,0.0038740687077274587,0.003839446882872469,0.002949762557240293,0.003336222559311772,0.0036955463934511897,0.004034383998776214,0.003346217467561685,0.003920696577198334
474,2.0,0.25,0.18181818181818182,0.002895455670049741,0.0030272723998876986,0.002554919933198682,0.0033908688747672257,0.003004561157548651,0.0028551225726102087,0.002879714541306098,0.0023505782989930724,0.002700007298262267,0.0029261301372172153,0.002823177670777234,0.0028334611798101713
475,3.0,0.6363636363636364,0.6363636363636364,0.005798889782374766,0.0047720696165375115,0.006564268218669408,0.005651848280897461,0.005539605550121154,0.005498072546394177,0.003270097379864047,0.005057536622931683,0.006496291052025304,0.005912089720771851,0.005382002309085623,0.005664401653695674
476,2.0,0.26666666666666666,0.36363636363636365,0.0039271445782140405,0.0037734615903487335,0.004134493270592943,0.00379207967690961,0.004031882141631951,0.003900261674987731,0.0030833764383350263,0.0023669612574748608,0.003764074240318647,0.004018589488058911,0.003479426902616068,0.004641315539724461
477,2.0,0.3225806451612903,0.9090909090909091,0.006583146998500514,0.0058507284795163315,0.00792844091203044,0.0072176446584045414,0.00646849975252778,0.006520895242339229,0.004026523121620712,0.004805720393805437,0.005651242984201076,0.006500701143940979,0.005505755424586405,0.007329407116409763
478,2.0,0.3225806451612903,0.9090909090909091,0.004624838199802311,0.003522320885818662,0.005832037341792838,0.004869287439631196,0.0045526495210546775,0.004568289177286591,0.0030887107305629224,0.0037845395596687293,0.004742888006237082,0.004697365260988188,0.0032154849492240806,0.004346619249608613
479,2.0,0.3333333333333333,0.9090909090909091,0.003163643589085055,0.0030329020859423926,0.004022838953061665,0.003460516436133992,0.00312180823874735,0.0031900894213411427,0.0023467161596802824,0.0024629013429461216,0.0031254597880440793,0.0031831191530604375,0.0021163728940274537,0.0031581064794397816
480,3.0,0.47058823529411764,0.7272727272727273,0.005814869099532271,0.005439894821279541,0.006512612817074285,0.006730088383973709,0.005801200297130677,0.005725546582266466,0.004343191655820121,0.004756678612334546,0.006307439754741105,0.005778270088140388,0.005384518885205693,0.004940112781967079
481,2.0,0.38461538461538464,0.9090909090909091,0.005036724240506757,0.003893433028850696,0.006878334478671088,0.004730254738058624,0.004821388844812787,0.004794109692322771,0.002951748062238838,0.0033837727867700625,0.0051425264230448185,0.0049665609605889505,0.004684731222617217,0.004417741543131279
482,2.0,0.3225806451612903,0.9090909090909091,0.004840172117985354,0.004570513614578554,0.005745083356821802,0.006071513659729297,0.004913062930608765,0.004643998167769737,0.004121705486586811,0.00372722222865592,0.005007973982277009,0.00511959107355962,0.0044602549959091515,0.0047037278647744435
483,2.0,0.27586206896551724,0.7272727272727273,0.003847807084728412,0.00402948562927924,0.0048573106434476624,0.004143809762941896,0.003973455914163965,0.003937237703716658,0.0032126577861503114,0.0031419511235229007,0.002814398282620404,0.0038795919041066953,0.003275720741720808,0.003364767172059646
484,2.0,0.3448275862068966,0.9090909090909091,0.003196521534549264,0.0032583673208574247,0.003678182058208329,0.003429908651700432,0.0030057074423980837,0.003009565817470668,0.002125467250137029,0.0035626291442688433,0.003672447897994123,0.003255634799197565,0.0023113324943900017,0.0032448643630913925
485,2.0,0.3333333333333333,0.9090909090909091,0.0029763049322779774,0.0026377133853890387,0.003934069804332071,0.002576562878278429,0.0032179341668052996,0.0026964075296628206,0.0020507587776347263,0.0024550735500881576,0.0034477057322886786,0.0029538092130500593,0.0029445315973994127,0.0035797066592785456
486,3.0,0.4090909090909091,0.8181818181818182,0.0033158931157048206,0.0028950227367938045,0.003651824125179638,0.003728690602503629,0.0032494833363348476,0.0033203429416883592,0.0025635831005499593,0.0029359071730997704,0.0034280171780710564,0.0031920622820157864,0.0027683215047727403,0.0031347427870601872
487,3.0,0.5454545454545454,0.5454545454545454,0.003765910875099817,0.003418544033521154,0.004261530349430891,0.0038093205065773553,0.00355332715056656,0.003782992445098683,0.003912254664660038,0.0027408604624152896,0.004396946049733292,0.0039010047418827133,0.0038223545876019532,0.0034444779435868463
488,3.0,0.42857142857142855,0.8181818181818182,0.003674151008349972,0.003361914291255829,0.0042215624918890025,0.004410180615910966,0.0035835403278268573,0.003655261963393163,0.002685738285541441,0.003435298787700722,0.0035907152042128645,0.0035725887961773517,0.0028768833896804097,0.003884574833937084
489,3.0,0.5,0.7272727272727273,0.004709101569486869,0.004852148806523294,0.005585815835817485,0.005138519686101206,0.004809481935578401,0.004657582391967541,0.0026516320089972943,0.002710099015327454,0.00523471204484581,0.004714332132078738,0.0036278897517454866,0.004239497127956295
490,3.0,0.125,0.09090909090909091,0.004458726128050663,0.0041482694415450865,0.005488115241014339,0.004877571056539515,0.004304836824003349,0.004141047945893247,0.003717269274446237,0.003941783451211132,0.0049064359120447746,0.00455215533968535,0.004138046695699698,0.003941787627597653
491,2.0,0.2916666666666667,0.6363636363636364,0.003075528749730565,0.002930562743984729,0.004070234314389901,0.002900660129813002,0.0031244824565109263,0.003080534106310254,0.0025601134508854,0.0028710561978880157,0.004063541538503225,0.0030137766881228227,0.002096640461115079,0.0035629541653801225
492,2.0,0.38461538461538464,0.9090909090909091,0.004241204060612997,0.003874541465422888,0.005446313387138409,0.004206924756858591,0.004046568992208792,0.003963055994872667,0.002699914359265801,0.003133070138725264,0.004910769422322191,0.004086151668273073,0.003891740974711524,0.004140114332638773
493,3.0,0.4,0.7272727272727273,0.0038690370623571434,0.004347671388103352,0.004222534898143255,0.004206569969942497,0.003888960000635244,0.0038446742004053795,0.0019735442962743066,0.0030853081759889857,0.004211587977660384,0.0038354141738436176,0.0032191255213018283,0.004380048983108181
494,2.0,0.3333333333333333,0.9090909090909091,0.005151269582614136,0.004632675589049157,0.006648396255574614,0.005289589055015821,0.004942636304553352,0.004694767162016673,0.00493518810401641,0.0033267819924582154,0.004739912265701923,0.005117986498088841,0.003580685567078159,0.004598635249294935
495,2.0,0.3333333333333333,0.8181818181818182,0.004125120006942452,0.003908555775776149,0.005186420129799376,0.0042797207643807955,0.004368719827900536,0.0038723478301602486,0.002707364863552172,0.003108991718037254,0.005026315669274474,0.004094073704682151,0.0030405567745947393,0.004095692839111526
496,2.0,0.3,0.8181818181818182,0.001956031302523361,0.0019594015075114326,0.002120162875784381,0.0022033584475260504,0.002061788080354106,0.001980243661077158,0.0016555241670698862,0.0017156778578445529,0.002467378865914705,0.0020311719012013727,0.0018667330724678125,0.0018982222006692527
497,2.0,0.3103448275862069,0.8181818181818182,0.003935721099432906,0.0031172298069609195,0.004613331513225,0.004859935000210547,0.004240290720057845,0.0037395537798337883,0.002959021365320589,0.0031000182447134526,0.004746882885581802,0.0038799705714881,0.003449886496451977,0.003992706622635536
498,2.0,0.3125,0.9090909090909091,0.005391395120534551,0.005380964248403102,0.0065903302472462,0.005372530377272523,0.005513190488847242,0.005193064639396726,0.003535891786282829,0.002926836024773463,0.005848359994869501,0.005526979697553593,0.005063009414820516,0.005329353217526748
499,3.0,0.36,0.8181818181818182,0.004824407153800592,0.00468986632318867,0.005308913184858467,0.004393807904579808,0.004467280205345202,0.0044821251401776984,0.003410634537497208,0.0035700086444236784,0.005483325013301939,0.004775726689069633,0.004390840267705625,0.00425900162314257
