leak,strength,rep,phase_fst,spatial_fst,be_phase,parkin_fst,be_parkin,hs,rich,ht
1.0,0.0,0,0.003964588045374676,0.004242350062434915,0.3748458845964109,0.0039048223759252684,-0.10814192432186094,0.6186966518505823,6.714285714285714,0.6446623604284167
1.0,0.0,1,0.00634822949993577,0.0060079172126086666,3.2316301364566797,0.0066706595697516614,7.327672602598,0.5718229607787562,6.5,0.5883262542694199
1.0,0.0,2,0.006695755196729886,0.003475072792791792,3.279720076028468,0.002800194535081314,0.07205655211036326,0.599674449015604,6.142857142857143,0.6015827612522003
1.0,0.0,3,0.0035483640505950876,0.003440470075373339,-1.0479588230551045,0.002955603091417941,-0.3008752899132503,0.5269239007694972,5.535714285714286,0.5399802928210964
1.0,0.0,4,0.0013673296642252779,0.0017190395154705262,-0.48395010859476884,0.0012995198434486224,-1.1767180992743154,0.597918453082417,6.214285714285714,0.599894182305542
1.0,0.0,5,0.0006195268874222812,0.000723337858134961,-2.584499682270227,0.0003992586267912415,1.696981464550106,0.5698392361148069,6.285714285714286,0.5629255718321451
1.0,0.0,6,0.0012110743643921743,0.0006686936219586195,-0.6530845517117854,0.0009601677448566784,-0.2209447360580062,0.5696517758864449,7.071428571428571,0.5902540226663989
1.0,0.0,7,0.0013293050779019852,0.0014720285572600907,2.015158157318872,0.001124592748017886,0.6858667779525547,0.5717302466264739,5.642857142857143,0.5891483297014943
1.0,0.0,8,0.004170149697281381,0.009214937257744938,1.5312560086184135,0.009043682606325936,3.138101855832673,0.5755015984637996,5.071428571428571,0.6011036179109264
1.0,0.0,9,0.0006811936564973544,0.00466152285602971,3.9056763688644693,0.0035353120776382345,-2.656994034034701,0.5951475346441976,5.642857142857143,0.6051553443696667
1.0,0.0,10,0.001640371987850635,0.002196955158605994,1.870795215854855,0.0011033405723283153,-0.004561400503755901,0.58986977531864,5.857142857142857,0.5844571084205294
1.0,0.0,11,0.000565044907379152,0.0008174950941087164,1.2040728920903234,0.0006964342040866749,-1.0376659118850853,0.5807941415369954,5.285714285714286,0.5780279414215783
1.0,0.0,12,0.003466176191819894,0.005394565619931078,3.582423635223961,0.005820851627723272,2.0250820452229257,0.6074107662942559,5.607142857142857,0.6118337693067339
1.0,0.0,13,0.0019681511073212587,0.005910672735084097,-0.8032204721545995,0.0045845775736237755,-0.2517759147782215,0.5951182835957727,6.5,0.6151112582234637
1.0,0.0,14,0.0028576562877897457,0.0046784272971168534,3.686284095388885,0.004325859190309437,2.9325143797645885,0.5591449180114512,6.071428571428571,0.5981248744047931
1.0,0.0,15,0.0028641592841376147,0.006959972864136213,3.9634702633935817,0.005594845163479533,3.6999211670736636,0.594198507892168,6.607142857142857,0.6059317243571318
1.0,0.0,16,0.002948313509768296,0.0024301538472335724,5.070867188515052,0.001776001225364681,-0.06545432285956092,0.5757164436243725,5.357142857142857,0.5666513548872835
1.0,0.0,17,0.000553930049280252,0.0029933719765622255,0.2826536821251864,0.0018992008688846942,2.750274291103068,0.5694320733622785,5.535714285714286,0.6106371783156498
1.0,0.0,18,0.0017559543948518325,0.002244035715406921,1.1725985073040022,0.0022304878867600263,0.5937549192826074,0.5975369011590661,5.035714285714286,0.5928034522903373
1.0,0.0,19,0.0033764525729244746,0.002370701708028476,2.6526629741233236,0.0035144748748074223,4.762330550714552,0.5774212290908239,6.142857142857143,0.5824979577239286
1.0,0.0,20,0.0034945045170419156,0.0015255998618011397,1.6186420340871237,0.0013291835443657004,-3.1494556388907142,0.6105113378303978,5.642857142857143,0.6118615305717838
1.0,0.0,21,0.0026527093658433995,0.0007432509774438628,2.0168720928499724,0.0010728285666748204,1.0187880216836902,0.6117260535730494,7.071428571428571,0.6101984396851388
1.0,0.0,22,0.0004088559004713684,0.0005693092957741669,-0.7718965076766864,0.000383964299516719,-0.44089899995334275,0.5869569586833562,5.785714285714286,0.5979486306054438
1.0,0.0,23,0.0019395217276609016,0.000992596976175103,2.1227710757804417,0.0006990421953907539,1.2923384241764115,0.57864572026491,6.357142857142857,0.5713024631519373
1.0,0.0,24,0.0003469521415834495,0.0008035780916073784,-0.13690861298109525,0.0008162012624425698,1.7397295576860377,0.5087139790452733,5.0,0.4941782188021304
1.0,0.0,25,0.0007197535254287574,0.0009048205861917108,-1.2925706550588103,0.0008104714507156084,0.029021938530036095,0.5662956930834725,5.714285714285714,0.5817038044917737
1.0,0.0,26,0.0031050866125660144,0.0011275665279752074,2.586854598567868,0.0013108940615087765,-0.45163853615746535,0.5952176589953427,6.285714285714286,0.5939821795108677
1.0,0.0,27,0.0017189534698156665,0.0011822515418206992,-2.254851946380647,0.0010256217719444914,0.22135129605880857,0.6158258153068609,6.178571428571429,0.6197950262082688
1.0,0.0,28,0.002269526094990776,0.0012779072096899453,3.1496942293742833,0.0017400004811003724,-3.545516768786181,0.6081498860107557,6.035714285714286,0.619755919034894
1.0,0.0,29,0.0017122231166433726,0.001012004869127499,-3.512189506584207,0.001347443314767391,-1.6854587318946226,0.5983824363125084,6.607142857142857,0.5902832122284187
1.0,0.0,30,0.002070757847919276,0.0005329850017989213,2.6446688547988373,0.00020538100598700145,2.602782593037413,0.5648320580272751,5.392857142857143,0.5772429313017171
1.0,0.0,31,0.001196846502004538,0.0035252074908391955,1.1571724443446954,0.0025040457049309846,1.0567469199214656,0.6056937907635668,6.678571428571429,0.6110862268362607
1.0,0.0,32,0.0007433591877373461,0.000875033332636904,1.3688544513507992,0.0009156972738332735,1.1987205594004895,0.5744178402320227,5.035714285714286,0.5917525878239062
1.0,0.0,33,0.002114062143348845,0.002639227861570742,-0.8830982518375308,0.0024251410033872345,-1.9201549144451537,0.6153173617609775,6.178571428571429,0.6374571252533108
1.0,0.0,34,0.0024346863918258453,0.00045245196239280367,-2.3761044677420315,0.0006650675482664381,0.49996373366694985,0.5853564935077792,6.535714285714286,0.5853316989123232
1.0,0.0,35,0.0024857536831202416,0.002910799820290755,4.832010704530177,0.0026296826321170605,1.8700186553695726,0.638168378674246,6.428571428571429,0.6513297009763229
1.0,0.0,36,0.0054724655154644525,0.004889148607365238,0.28912496801434173,0.00416746343243872,-4.078575532527755,0.6067111838811243,6.535714285714286,0.6165714102392226
1.0,0.0,37,0.0017028585075674534,0.002544291219903712,-2.829987895315668,0.0031749002227890485,0.42253501470297766,0.5583396096085708,5.75,0.5732435086756795
1.0,0.0,38,0.001973571946275301,0.0017950416731295328,-2.3804432719637845,0.0014136724864785663,0.36900618569787486,0.5941165696252498,6.035714285714286,0.6141164493838888
1.0,0.0,39,0.008069293368563959,0.013396162718158945,-1.0417799911035814,0.011799802340794752,2.230713389230914,0.5643468292187305,6.25,0.5608626885534937
1.0,0.0,40,0.002917694121379192,0.0037353663932199023,-0.24469693273169213,0.004074802623144798,-1.264534659795629,0.5655832760826714,5.785714285714286,0.5764522784029815
1.0,0.0,41,0.0024430760742179245,0.003406772428928272,0.40064001095641544,0.002202052201636972,1.735212052839472,0.6181216419655764,5.75,0.6388499863766118
1.0,0.0,42,0.000998787286087242,0.0008982931089505895,3.2081420625395296,0.0007649216695654837,-2.1797424011822764,0.5637908789776805,6.071428571428571,0.5765859649876837
1.0,0.0,43,0.0008493080209564985,0.0006875398172142065,3.9785981061629485,0.0006422640188353871,0.05003454693177408,0.59519489315624,5.857142857142857,0.588722827964029
1.0,0.0,44,0.0016889372007365222,0.0021257949775134633,-0.39457535908938723,0.0014363935367167954,-1.1120728226323138,0.6109407806427484,5.5,0.6221426837391272
1.0,0.0,45,0.0028153933777013257,0.004398017066723905,1.4843194461598799,0.0030520535590950666,0.07789099965398805,0.586934094989621,5.5,0.5842708967176785
1.0,0.0,46,0.001983348760152381,0.0019381765838687752,-0.3540250926429991,0.0015040376944477406,-2.163023090329441,0.5944198756619231,6.75,0.599650486678865
1.0,0.0,47,0.0011663141400402857,0.00041846381773399146,0.1008360516968736,0.000512167867529105,-1.9933049231985933,0.5996659870108957,6.464285714285714,0.599900368239602
1.0,0.0,48,0.004321169197202172,0.0023489414633632894,-0.2780640583089635,0.002363532562875594,-3.6487932304313895,0.5615425574320821,5.607142857142857,0.5860412305782228
1.0,0.0,49,0.0017510904495201866,0.0027488144779310116,-1.8004599463742181,0.0021365155901450672,-0.45640168639675,0.6166565208568213,5.75,0.6398967470038617
1.0,0.0,50,0.0021334492418912405,0.004210807619006455,1.9251727173888042,0.002558685135566659,0.21917758936921436,0.5473642342370864,6.071428571428571,0.5542175871929158
1.0,0.0,51,0.0009106710956717391,0.00039507082576709275,-2.10531226560407,0.0003558180464564291,-1.3630912692055308,0.6372521309628459,6.571428571428571,0.6354727681327192
1.0,0.0,52,0.0011691534730816466,0.0005578639850912791,0.16899416022501157,0.000532282741890881,-1.5880012668797672,0.6376824716468633,6.428571428571429,0.638864038002436
1.0,0.0,53,0.0022399235597564,0.0022211162850747867,1.8669888173805518,0.0018930241597120267,-0.15704914770908354,0.5998392949284644,6.607142857142857,0.6060327512216829
1.0,0.0,54,0.0006500654268315434,0.00039204791086120934,0.9534903912467882,0.00027837449810036696,-0.010608435224005083,0.5691929085738198,6.285714285714286,0.5554763895696281
1.0,0.0,55,0.0006774239730952442,0.001644032117347108,-0.34465437252436004,0.001182863467142561,0.676417628756127,0.624798374053385,7.428571428571429,0.637950984076747
1.0,0.0,56,0.0026396425454404387,0.0004372481329864533,1.0017463611023558,0.00025281055583167963,2.825796974969004,0.5448967678127667,5.928571428571429,0.545989922731196
1.0,0.0,57,0.0014929841849606036,0.0004818962365952515,-4.363152369290582,0.00038490152286891754,-2.5031568489607046,0.5800891524237163,6.285714285714286,0.5890583067586695
1.0,0.0,58,0.000487472760427031,0.0007635492240274412,0.01889667701810538,0.000723634914289726,0.11024458480956885,0.5477756100175771,5.714285714285714,0.5574769910536457
1.0,0.0,59,0.0010611343219607621,0.0027927145967465337,-1.014973419444324,0.0016073921288913477,3.3739724429915348,0.5870390024531602,5.75,0.613556265277214
1.0,0.0,60,0.0024752730580768875,0.0019253393349539514,2.4555573290346047,0.0018766148879127433,-1.129898755974106,0.5266348190747875,5.892857142857143,0.562619363066959
1.0,0.0,61,0.009897166888033241,0.007076678707597826,1.8800905424450534,0.00785016626195865,0.044995142500492115,0.5271746202993918,5.285714285714286,0.5355474927073998
1.0,0.0,62,0.002259533081888456,0.0011418692995138655,3.9722147276339115,0.001390925446359034,-3.05112438362616,0.5603167205168189,5.678571428571429,0.5669837658609675
1.0,0.0,63,0.0021378242530055193,0.0007591118803071341,2.369950244666022,0.0010992652993976248,4.298646767231882,0.5819216841787483,5.5,0.5753019260116923
1.0,0.0,64,0.0020329678492029355,0.002083223734089628,1.0249517586661625,0.0018221907341835304,-0.032488334490778925,0.5737977575789636,6.964285714285714,0.5844951292835323
1.0,0.0,65,0.0015313579992782956,0.0044139184750455075,-1.7418200916789885,0.002979267832470018,-0.5924966957657981,0.5963167198193597,6.714285714285714,0.604121730109598
1.0,0.0,66,0.0014511087639632167,0.0012197688185551054,0.6217422069387339,0.0009504659843856401,-3.0860820966641334,0.6138336418527611,5.857142857142857,0.6150222914157224
1.0,0.0,67,0.0028633659574738776,0.0008884932345670567,1.514933814883328,0.0006398735558753401,0.8811830140113557,0.537110805775142,5.428571428571429,0.5353426226180753
1.0,0.0,68,0.0038363322016742724,0.003461215495181121,0.07965707322860283,0.003926826251255944,-1.0146749096237027,0.5439047542623182,5.642857142857143,0.5572773614060207
1.0,0.0,69,0.003741700392353907,0.002039981896046988,-2.582528634821017,0.0023449396832232825,-1.7188678219845788,0.5734815644340391,5.678571428571429,0.5735164542149525
1.0,0.0,70,0.006214572717787402,0.0056292687995442335,3.506869803375544,0.0049513579811838035,0.1629434854508247,0.5551155040086148,5.678571428571429,0.5890877880151411
1.0,0.0,71,0.0047881826796738304,0.00367356333538423,1.6321661706302493,0.003026712417576113,-2.262181748728011,0.5991229792151244,6.214285714285714,0.6017532516299522
1.0,0.0,72,0.000688368077703083,0.00010005418589532266,-0.8646457574894697,0.00016135090660598334,-0.31110872056943134,0.5776632887327823,5.607142857142857,0.5759026355302821
1.0,0.0,73,0.0025769729952480748,0.0012651053846339658,-0.45995808353654866,0.0014186833870676986,0.6633983536418194,0.5580853345090119,5.214285714285714,0.5614957660977832
1.0,0.0,74,0.0009123530135746453,0.000503075803275332,-2.3269153030711465,0.0002371402285865,-0.31284233969224334,0.5516389423527059,5.785714285714286,0.5432994437522596
1.0,0.0,75,0.00252006276595258,0.002026326624873522,-2.74255407673607,0.0017718337260402772,1.5525154130162093,0.5662349138283026,5.892857142857143,0.6020661492506664
1.0,0.0,76,0.00034656191644930496,0.0003763759553423539,-0.16344109018795905,0.0002055078661630153,-1.802550080575107,0.5845216925071003,6.285714285714286,0.58415317286038
1.0,0.0,77,0.0022311220788507344,0.00075844356377479,3.740432634032615,0.0007916771316839528,-4.244287382633549,0.6556851437751261,6.285714285714286,0.6613844891907869
1.0,0.0,78,0.0029272174000850486,0.0035842875456343387,0.7680662231137916,0.004821115398708723,0.4324396268948287,0.6123494539027635,6.428571428571429,0.6124827693447095
1.0,0.0,79,0.0045655249959339695,0.0025399565523983817,1.404949199727767,0.002731472557690194,-1.6963820270972196,0.5538785863221812,5.642857142857143,0.5643940622858481
1.0,0.0,80,0.0028791347259725084,0.00153838660064564,-1.7424540626025546,0.001632610532755935,-1.4820412520261925,0.5635845993438098,5.571428571428571,0.5809844960325304
1.0,0.0,81,0.0024066789245498687,0.005719718799256215,-0.25060067440978884,0.0060969755377976555,4.7952433715292,0.5444676383151251,5.678571428571429,0.5810277070450863
1.0,0.0,82,0.0013649710752176214,0.0025367778369968647,0.592373411978329,0.0018537042431960137,1.1790507036846047,0.5879430426597206,5.535714285714286,0.6104218374013552
1.0,0.0,83,0.00021456218807969565,0.0004491145431513402,-1.5511208527031926,0.0003652341956665149,0.528899240008163,0.5820926431619627,5.464285714285714,0.5957978768878522
1.0,0.0,84,0.003905965916658167,0.005342924084400851,1.892215945708827,0.005342465393388064,-1.1355722838860156,0.5563341102152002,5.642857142857143,0.5635993256647902
1.0,0.0,85,0.002572553773518221,0.0024809471213111125,-0.5135863810978876,0.0023237906460769177,-3.594454160808444,0.6019086406515708,6.107142857142857,0.6035676112358309
1.0,0.0,86,0.0019535501332729375,0.002031559099513706,0.6351509258493593,0.0011773380336572374,1.0061273552684515,0.5742080158724602,6.464285714285714,0.5852122550636034
1.0,0.0,87,0.004377665442828396,0.009113537478941143,4.775212220375479,0.005910979721728657,4.849179287776479,0.5949317698016088,6.464285714285714,0.5688412057198203
1.0,0.0,88,0.0019518157416088412,0.0013144071337769056,2.2120094329555258,0.0009760599591700816,0.8431316856751797,0.543057034093312,5.142857142857143,0.5539087230023771
1.0,0.0,89,0.004744988794286477,0.0007724646177932023,0.6152545074880962,0.0006412075492655587,-2.7556384035783217,0.5583432112351626,6.535714285714286,0.5762046901641401
1.0,0.0,90,0.0024930678649026147,0.0025998051976054747,2.9130546127210977,0.002455770575355901,3.5879381353997153,0.5494286289044085,5.178571428571429,0.5703529474197968
1.0,0.0,91,0.0006682253854812859,0.0022950349454535623,-2.0615623445496425,0.001533687704166479,1.8117401887013311,0.588656454240567,6.035714285714286,0.6119388798936075
1.0,0.0,92,0.011054832002105046,0.004345093377466107,0.7969200519037898,0.0043893625758266875,-5.028105037837264,0.5638857359417773,6.392857142857143,0.5810179302517426
1.0,0.0,93,0.0009223302636613085,0.0006046522702985029,3.9301081134029516,0.00035035333545202914,-1.9530316649458257,0.5878585051866738,6.357142857142857,0.6017956479097293
1.0,0.0,94,0.0034570942030919117,0.0006193392008662699,5.206297186568804,0.0010116644068861099,1.284407391220346,0.5733888629365539,5.678571428571429,0.5702020307455911
1.0,0.0,95,0.006935342839333083,0.006433672060807735,-0.1761518145433314,0.0064532968112838525,1.397686727326904,0.5637773708363271,5.035714285714286,0.5809369397784886
1.0,0.0,96,0.004485082204013442,0.004931087784166792,1.1842311757757358,0.00592170668227378,4.95746534049124,0.5908710086873213,6.071428571428571,0.6008990998666297
1.0,0.0,97,0.0030839362045487094,0.0018305216511955386,-1.6966153646642823,0.0013331695540979027,-4.876525830423115,0.5665237969035678,5.75,0.5689183236977687
1.0,0.0,98,0.0007873086847120831,0.00031388996970869136,-0.7686040128375566,0.000700557809920827,-0.35274359217648527,0.6076323620278996,6.321428571428571,0.6028993191303316
1.0,0.0,99,0.001188318985260192,0.0023044028620699828,-4.297339106977169,0.002041621902026294,-2.1351460888547726,0.573276838233386,6.642857142857143,0.5537168182285053
1.0,0.0,100,0.0053386726391150725,0.005880104808968072,3.8037112256776453,0.007252068761870829,3.9680787597992833,0.585067412993663,6.785714285714286,0.6044159089932624
1.0,0.0,101,0.0010814355753027253,0.0009165747625162601,3.500126661186904,0.0006719641267891303,-0.6813639792067363,0.585316251621997,6.285714285714286,0.5901100463084556
1.0,0.0,102,0.0007815881582583716,0.0006583101160733477,3.259598240404806,0.0009127437207215914,-0.16991830648183281,0.6018769202781348,6.5,0.6001381897435292
1.0,0.0,103,0.0009321303610665349,0.002382152149545306,0.9961557534279706,0.0017500325708660802,1.1204865177085992,0.5511177319794387,5.821428571428571,0.5568915401724037
1.0,0.0,104,0.0014098518789965328,0.002839736052589242,-0.01248762735249187,0.002311345792907733,2.6211977577647,0.5876235381665238,6.107142857142857,0.5963561398345181
1.0,0.0,105,0.002895937067999361,0.001597743826011718,0.650569832371815,0.0019591427787121413,-3.5116038299084855,0.6025852974809182,5.928571428571429,0.6117990677254217
1.0,0.0,106,0.0008448952692460058,0.00052096731862677,-2.1617254349203847,0.00030187511946531086,3.3478321363728867,0.5699633141726471,6.5,0.6089252034622864
1.0,0.0,107,0.0009006726394832095,0.0015762018639419613,-2.4564079210742946,0.0006732964394874555,0.3436283119319607,0.5884395870970544,6.178571428571429,0.593938727096007
1.0,0.0,108,0.0026806793770287637,0.0015580334667811076,3.5700038713316857,0.0015110479412860371,6.5267198410836045,0.5858997004696299,6.535714285714286,0.5996461716126671
1.0,0.0,109,0.0037457657096952794,0.00406093221834038,1.7221746164561722,0.002661380879435642,-1.2847068765775493,0.587238962041784,6.428571428571429,0.5964920996242569
1.0,0.0,110,0.0013082226511339327,0.0012774168389242425,0.20668700412804952,0.0011702941308494082,1.0794767997604613,0.5757925319233171,5.857142857142857,0.571306798334994
1.0,0.0,111,0.002062386672356772,0.0036838206314147542,0.0858863963619001,0.0028705241340532656,0.4912281850585221,0.5996382266710066,5.892857142857143,0.616067201291969
1.0,0.0,112,0.0018928731918977134,0.0041159017587802426,-2.8494877098188596,0.0034272023421084274,1.3458392028608632,0.5974273813271241,6.428571428571429,0.5950684194733787
1.0,0.0,113,0.0073099653076178234,0.009924050558636847,-2.9209583660545277,0.010272650285104473,0.438757261196874,0.5651431080997447,5.714285714285714,0.5758796218438931
1.0,0.0,114,0.001575353845203933,0.0005744215343283734,2.3023174247876383,0.0005021117436259663,-1.3504896289748842,0.5705826260551459,5.178571428571429,0.5713141510468605
1.0,0.0,115,0.0011877317970146696,0.0013335378754365144,-0.45395103307098594,0.0014950485040840316,-1.1030010074953225,0.5764676152837641,5.535714285714286,0.5764456297811706
1.0,0.0,116,0.001637071000112294,0.0004776187767332381,-2.5889354951115138,0.00040036353632757994,-1.3372838695504374,0.5499117666500334,5.928571428571429,0.5743599943352937
1.0,0.0,117,0.001432922161305341,0.0003953992214575925,-0.9462860872696979,0.0007485735809943691,0.25500459842675127,0.5911647911969605,5.285714285714286,0.5993445293744133
1.0,0.0,118,0.009534462141181388,0.006567192094073304,10.841722802138356,0.007076015215966067,5.915090588205828,0.5944430733734858,6.0,0.6093848233921609
1.0,0.0,119,0.0014254115331427477,0.0024841926344438413,-3.2288857327513654,0.0015516138905564303,-3.1730696611876303,0.5755030806267867,5.428571428571429,0.5840939991204206
1.0,0.0,120,0.0006613651378618252,3.21706805628622e-05,-2.570675258821261,6.858440539499854e-05,-1.797617923914127,0.5308797289363715,5.357142857142857,0.5473904684945323
1.0,0.0,121,0.001853891072225349,0.001152321013522531,1.0652746459922113,0.0008152770312358428,1.2922681538910297,0.5742572562419903,5.178571428571429,0.5864987181210717
1.0,0.0,122,0.0017013377140105296,0.0019066775585362798,-0.544661768626149,0.0009389262264344755,-2.917938628273447,0.5645171711811614,5.642857142857143,0.5866770440152997
1.0,0.0,123,0.0011972454075833445,0.0010134626954751754,-2.091527455176937,0.0007100071944779378,0.1297328439772419,0.5659325928677772,6.0,0.5565877856639831
1.0,0.0,124,0.0022001433567962296,0.0023086575290710357,3.8371552224818686,0.001714120752280679,1.331332032032454,0.5524600868426702,5.571428571428571,0.5422148131384472
1.0,0.0,125,0.0042048752936462465,0.005901549375517855,-2.2259323466407963,0.005536021216806051,-0.5413201514386685,0.5641993130359134,5.535714285714286,0.5806587437390867
1.0,0.0,126,0.000933706761311626,0.002692717315325631,-0.6062266084424692,0.0012610825727641436,0.7635594582763096,0.48972374096486176,5.285714285714286,0.5129174649895369
1.0,0.0,127,0.0029502649060416295,0.0038577427863446256,1.2081330717638252,0.002681149628742279,2.563099998558092,0.559695220689951,6.428571428571429,0.5696151113336617
1.0,0.0,128,0.0004824665046050849,0.0009120992609229607,-0.9371474276929916,0.0011046857920519158,-0.49898721760211134,0.5750152958123278,5.964285714285714,0.5847112346384586
1.0,0.0,129,0.0017580775987934268,0.001299480064400571,1.6729783963855311,0.0012005292804720216,-0.23983766157961858,0.5990835904654984,6.214285714285714,0.5995446418266477
1.0,0.0,130,0.00035136923350130334,0.0023631720297453925,-0.8147260339851599,0.001954383111070715,-0.5604502951658029,0.597088453082226,5.321428571428571,0.5946590514566161
1.0,0.0,131,0.0013939542923058967,0.001386165202005272,1.9057670843225196,0.0008183661978381502,1.9771873710493726,0.5863862258412603,6.571428571428571,0.5849643952471688
1.0,0.0,132,0.002522891524945801,0.0018214606849737847,3.48763865725045,0.0023121922329131343,0.731526109809541,0.6001672755923944,5.928571428571429,0.616319335940884
1.0,0.0,133,0.0017881017020666423,0.0004361242417095721,-1.7919489934235457,0.0004451026049036463,-2.204468308609402,0.5428675324226376,5.678571428571429,0.5576963151059691
1.0,0.0,134,0.00936155179346188,0.0053094826066924965,11.02697276906644,0.005439622376467935,0.5374970372237536,0.562890613934232,5.892857142857143,0.5778326067232926
1.0,0.0,135,0.003305477110147587,0.0022679908294376103,6.771449410199139,0.0017924506710963865,-1.2048040142427492,0.5610933140846377,6.642857142857143,0.5741949556262582
1.0,0.0,136,0.002426329547763446,0.00044198579708241764,-0.8588856114796428,0.0005872092215876424,-2.204630563153946,0.5595350177877221,6.5,0.553613065529596
1.0,0.0,137,0.0012630508528653367,0.0012488938215451022,-0.08915726510721811,0.0021041542746229446,-1.9116246744090024,0.5795478808630717,6.535714285714286,0.5757077232860299
1.0,0.0,138,0.002101625852103837,0.0016076255627068255,-0.44226124268697475,0.0019752019666699067,2.017739098125304,0.5471263846971348,5.714285714285714,0.540845669791591
1.0,0.0,139,0.002301301971813276,0.0008618525738803735,-3.0783231444712484,0.0013205739902525356,-2.646871613705173,0.6120500831720991,6.214285714285714,0.5932480046930216
1.0,0.0,140,0.0070010544365683965,0.00930940292431927,0.04206759387653136,0.00882415101529497,0.6173334623595395,0.5987521136253207,5.642857142857143,0.6033887924785639
1.0,0.0,141,0.005614119743107399,0.005357811009664342,5.385845306030724,0.0048658081585619805,1.2195193729084128,0.5509114597511445,5.0,0.5583896929343068
1.0,0.0,142,0.002875636364124797,0.0007388171969516484,-2.0391582433225537,0.0010938687603956915,-3.98184351842365,0.6193063001623683,5.892857142857143,0.6342635739296394
1.0,0.0,143,0.0014447641986429808,0.003189794730106784,0.15970462122937334,0.0028511133176604454,0.5227340719043335,0.5641755410002919,6.535714285714286,0.5642183214079672
1.0,0.0,144,0.0007862876729684052,0.0003926081277363319,-3.9633291100432686,0.00030798357260976457,-2.2319286837138654,0.5190027526273869,5.642857142857143,0.527478198216046
1.0,0.0,145,0.004300366378414833,0.0007421905487992973,0.9110177224133409,0.001495719737055223,2.4024075938888623,0.5192528119650105,5.321428571428571,0.5363856415096011
1.0,0.0,146,0.0016397542221584115,0.0023556155172962316,-3.715295273527474,0.002362307188057697,1.7515268560963762,0.6026601759247076,6.285714285714286,0.6232432770803433
1.0,0.0,147,0.002296186560033138,0.0017116559542924067,2.8400920592264,0.001428589072810251,-3.39230879064822,0.5183891478673649,5.571428571428571,0.5327914428274274
1.0,0.0,148,0.005459832062347481,0.0008913687838274691,6.210844015504641,0.001528535286108238,-0.7812716660925029,0.5827191286237422,6.392857142857143,0.5807639951439714
1.0,0.0,149,0.004060282056644523,0.0041114409763439745,1.9291437425687832,0.004587347914967665,4.326047398054205,0.5716527014612606,6.107142857142857,0.5865125082277324
1.0,0.0,150,0.005120008102358947,0.0013536738372067017,3.3069008714062846,0.0015337934490270314,2.4065211362965613,0.5621580347482447,5.392857142857143,0.586003772987264
1.0,0.0,151,0.0014887923047583252,0.0005565035766498676,-0.3846001380527113,0.0002545958867284729,-1.7845896092112998,0.5805157441813656,5.821428571428571,0.6001313500115604
1.0,0.0,152,0.0011827558152714315,0.0005301461882036016,1.9012805088122064,0.0002837525225289514,-0.645399505207583,0.5560352912490346,5.928571428571429,0.5482913919544061
1.0,0.0,153,0.006119663271609541,0.011679245147620145,4.970046273629073,0.009515163151809405,3.524600574827815,0.6084700083056004,6.035714285714286,0.6274972886120611
1.0,0.0,154,0.003382080590976362,0.0017654566143810119,-0.9263989249828697,0.0029221622731885515,2.7126766273458904,0.5953928783661702,6.5,0.5936789178654861
1.0,0.0,155,0.0006224403848731678,0.0019462098093523212,-3.257256153505068,0.003130030288206296,-0.6209716368754338,0.5832303397911718,5.464285714285714,0.6117191233288215
1.0,0.0,156,0.005767937414224652,0.009606086451437602,3.316281482977807,0.008046355601511212,4.551284068032885,0.5359852784439726,5.571428571428571,0.55615574594743
1.0,0.0,157,0.0012118010053366946,0.0007476594238643268,1.9235844801650046,0.000570704046838458,1.2566741379129194,0.5857980537165447,6.428571428571429,0.5937004026706115
1.0,0.0,158,0.004818634187050738,0.006622991978883077,1.148527052777986,0.006761970352666523,6.434342919965246,0.5809212725552161,6.607142857142857,0.5880250043099113
1.0,0.0,159,0.0052030232240105195,0.0047328614614892146,4.666833660376582,0.004171346288857448,-1.4538327026318332,0.5468944091050798,5.464285714285714,0.5404890079447058
1.0,0.0,160,0.003047959818991422,0.005228736067899992,-0.08403116429825985,0.004206041817534453,-1.4019146235553894,0.5475991893993598,6.357142857142857,0.5605177548352492
1.0,0.0,161,0.0016396916085598982,0.0004373234239472707,0.2657082552514325,0.00023386338024221107,0.4976686309135611,0.5939202549867441,6.642857142857143,0.5982707719227454
1.0,0.0,162,0.004043310331720524,0.002927546821418508,-2.2974811001919306,0.002801091159550672,-0.8046617091119211,0.6234976336846737,6.392857142857143,0.6332591089978732
1.0,0.0,163,0.0019260071570287006,0.003492756907365419,-1.7677524916065366,0.003396046342822659,-0.9137682881963277,0.5922031933678291,6.285714285714286,0.6075559997648541
1.0,0.0,164,0.003527875685305731,0.011381948640707145,-0.344616551852269,0.008094274046337613,3.8140230260433725,0.5615814574866109,6.107142857142857,0.5837584096830568
1.0,0.0,165,0.0017470531246338615,0.00024329171446065633,-1.2604174734438018,0.00017464406911527468,1.487078096234228,0.5497659801780251,6.035714285714286,0.5595792027911176
1.0,0.0,166,0.009350962561014413,0.0024893160749313585,4.671894231081772,0.0032638921518771445,-0.6795552154352436,0.5445940961649834,5.857142857142857,0.5442658777625935
1.0,0.0,167,0.0017898386631564414,0.002196427592353416,-0.9895137103882945,0.0017631400660656426,1.7110430459797972,0.6008927561337394,6.214285714285714,0.6430288513825371
1.0,0.0,168,0.0034731242904548925,0.003868236143475139,-1.2238224008401275,0.003279123937421693,-1.8573372918939033,0.5725152159310899,6.321428571428571,0.5818038456302469
1.0,0.0,169,0.007124415532493283,0.006877405707710124,2.353699345197633,0.006521468012401963,4.016173073715682,0.5774063131932615,5.678571428571429,0.5561896126791048
1.0,0.0,170,0.0028984919364947936,0.0022700172950838645,-2.051672167479758,0.0017784326922357745,-1.1018996669668013,0.567050347231965,5.75,0.5701450799185213
1.0,0.0,171,0.002553579632582971,0.001308380801492783,3.121588725822903,0.0009753187938731162,-2.0830295993784014,0.5608372312757938,5.392857142857143,0.5525095451854344
1.0,0.0,172,0.003460029181777592,0.002921483761729465,-0.9253864217723731,0.0030902049473267115,-0.9867176561349803,0.5894287121814352,5.821428571428571,0.5981807791552087
1.0,0.0,173,0.0005916854480959786,0.0012193131899773716,1.178323069752281,0.001227620221859815,-1.1144526356254119,0.6033581779590653,6.321428571428571,0.6188800209472827
1.0,0.0,174,0.0018645557669532146,0.0009531405636936823,0.14158271321549876,0.00036883647990268285,-0.9720094011918263,0.5540427538292202,5.25,0.5558427678592808
1.0,0.0,175,0.0013249453925651168,0.0006656087823471562,-1.0240161337059988,0.00047085224254592807,-0.424079074967248,0.5811907143689682,6.107142857142857,0.5910524507310344
1.0,0.0,176,0.00043612328878283766,0.0008544123030376721,-0.07842558838488856,0.000978563764399249,-1.954605030439249,0.589299120047649,5.464285714285714,0.6091669175783783
1.0,0.0,177,0.0017342073312355821,0.0006734328254557287,0.8956749006658882,0.0009481541231790862,1.0087196788374513,0.6040064675066208,6.357142857142857,0.6095243740411833
1.0,0.0,178,0.0027042768017674626,0.0023458049745802355,0.7190296489973491,0.0016968035560386459,0.5172082854978441,0.5455423952150988,6.107142857142857,0.574844951448741
1.0,0.0,179,0.0019275160775783992,0.0044662595437261025,2.903554815686789,0.0029750285086386466,0.17189663225449672,0.5555259115385189,5.25,0.5548045669554212
1.0,0.0,180,0.001942242650666845,0.0014677515730108443,0.5123512185446515,0.0010784865161508818,-2.0541950052714433,0.5841845634476664,5.821428571428571,0.5946197632315129
1.0,0.0,181,0.001216279701311426,0.0033102493384517388,-0.29748095635036975,0.0020341379241922385,2.85943644236419,0.5825961651732439,5.642857142857143,0.6107244754241163
1.0,0.0,182,0.005325098069234467,0.003138369869799036,-3.341835092815863,0.004182891266349544,-1.7764070889512311,0.5786681436929182,6.178571428571429,0.5858748641565109
1.0,0.0,183,0.0007672078706087337,0.0018755027226471724,2.609204764494933,0.0010607749487408034,1.2137590048206068,0.6134002211179393,6.464285714285714,0.6184924294300973
1.0,0.0,184,0.003109549630511011,0.002905406523659423,-1.2425246198028432,0.0027229638475775686,1.2244004593644036,0.5956291393607758,5.214285714285714,0.5916840396277776
1.0,0.0,185,0.005771657450106019,0.003890612422368947,0.1454875483800322,0.0019350154676565,-0.6523766587017784,0.5654921216774708,6.071428571428571,0.5664066333008113
1.0,0.0,186,0.0016244043736766292,0.0004708298385139296,2.239202775430826,0.000413844111325413,-2.7593508589148428,0.5619698921896402,6.357142857142857,0.5793522141150331
1.0,0.0,187,0.008372971274198806,0.008716575260701789,2.155209452857335,0.006649631946209047,0.3795239159575014,0.5280996497698397,5.428571428571429,0.514543389979675
1.0,0.0,188,0.0032408658465118752,0.003255272630629333,-2.597992296368929,0.0027911052880516297,-1.0909152031772653,0.5852627354962617,7.035714285714286,0.5936459362755953
1.0,0.0,189,0.004728886805412048,0.003939467321396221,5.068568588120037,0.003895169679204916,2.4072129021859325,0.5677623158332423,6.071428571428571,0.5675168123252132
1.0,0.0,190,0.0014149313900102415,0.0011865387125638486,3.543066603810999,0.0011043870718672993,-1.7955087104571323,0.5622531112025827,5.321428571428571,0.5823016473579945
1.0,0.0,191,0.0017824960802908549,0.0005298278834344758,0.17748060874991012,0.0004948303068908713,-3.271213034062697,0.5716367561226312,5.892857142857143,0.5724784846549682
1.0,0.0,192,0.0008263242452276567,0.00022491780909185877,-1.4345537183782255,0.0003949617529449566,1.5883547614356341,0.618129352519639,6.892857142857143,0.6177209981898799
1.0,0.0,193,0.0011983051271609124,0.0017356622069241569,0.16198040428184157,0.0015131235130737219,0.9598161609593395,0.5770317017052029,5.857142857142857,0.5695681988190993
1.0,0.0,194,0.001179761227410626,0.00176779377199135,-0.2764852754704421,0.0011817403796425471,0.7271281157582526,0.5903950864981573,5.857142857142857,0.5919036855498406
1.0,0.0,195,0.005078675404548444,0.006982907453149069,2.5420059599034275,0.005607995357088157,-0.1686457842075697,0.6111878664789325,6.678571428571429,0.6339340497251833
1.0,0.0,196,0.0011976428144150108,0.0015976190318802333,-4.324555744126492,0.001032795051785981,-3.657538354545532,0.5224793011294262,6.25,0.519451641991068
1.0,0.0,197,0.015445018424003486,0.018880196940364916,-3.125544723769778,0.016931819893918898,6.136212663246217,0.542017959180553,5.571428571428571,0.5443660697775072
1.0,0.0,198,0.002165079853556994,0.0026382464616199683,-3.235831497170942,0.0012699446857721871,-0.11128271371162175,0.6151195506121058,6.285714285714286,0.620899441752644
1.0,0.0,199,0.0019766661030321633,0.0015086590140072267,-3.1295661256899194,0.001996393512647778,-2.758801085251283,0.5840307939529972,5.75,0.5908750703291668
1.0,0.0,200,0.0019384572279483128,0.0020161163041489813,1.9308461731653708,0.0014236452298896903,-0.38144034337280647,0.5286640381696585,6.607142857142857,0.5128062187607503
1.0,0.0,201,0.0015439217987224055,0.001870180892808827,1.2763567203448716,0.0020182586485822974,1.6190475219162863,0.6001123449326041,5.642857142857143,0.5895608359482192
1.0,0.0,202,0.003990731351339412,0.0031805338692570836,-2.09486965351779,0.004076598104006477,2.0346298260193123,0.5749740895697458,6.642857142857143,0.5873036640479361
1.0,0.0,203,0.0013127014623843813,0.0008437482354572285,1.1363540768299956,0.0006680173866719948,-2.424214647892702,0.5861843509034275,6.178571428571429,0.6018433952739293
1.0,0.0,204,0.01548357752404987,0.023612422343747275,3.6223780901782305,0.022800887400826662,8.335774494226419,0.5842464784776361,6.142857142857143,0.6101398996262293
1.0,0.0,205,0.005043179387435883,0.0025834045492836672,-1.6507577635903061,0.002355598583497259,-3.8700162513211183,0.5562318437981261,5.321428571428571,0.5775935983247003
1.0,0.0,206,0.0008379779565587909,0.00016356960725742958,5.118382259431911,0.0002407945043869308,-0.2896120993460632,0.5882443499733766,6.178571428571429,0.5979635975483403
1.0,0.0,207,0.002849428182305042,0.003410401280800913,-1.6492556871390036,0.004943073515948189,1.1377710474139444,0.5315490767396691,5.678571428571429,0.5358858280959804
1.0,0.0,208,0.0009383016717443476,0.0011483413172953458,-0.6732505843552943,0.0010309336561400183,0.4162024962821628,0.5841846969554482,6.178571428571429,0.5842236120412294
1.0,0.0,209,0.004075219677909616,0.0053685854603810895,3.113395782096106,0.004803293266402377,3.4018447078887655,0.5725871182806775,6.964285714285714,0.6034032766168509
1.0,0.0,210,0.010499666360340828,0.014388829689215137,-2.175321318778927,0.013785607143970261,3.186513279083073,0.5634453473968956,5.357142857142857,0.580952097831543
1.0,0.0,211,0.0025636892848176613,0.0008130665613929627,-4.091956227407053,0.0008563700996814534,-3.0362296891623544,0.5742527831281476,6.178571428571429,0.582560511096155
1.0,0.0,212,0.005381355604369592,0.004761814160032799,3.5174876790258693,0.005929632890932913,3.3722844293827356,0.6080234908584495,6.571428571428571,0.636860318405315
1.0,0.0,213,0.0012474306816670955,0.0009401286353770262,-0.7369241157684954,0.000982901858155223,-0.41552639257274865,0.5244892121871904,5.571428571428571,0.5289013452701677
1.0,0.0,214,0.0029262977576898956,0.002185205577153239,0.8301509680372092,0.001850522775080098,-2.67146205738509,0.5418453311503503,6.464285714285714,0.5549529086717094
1.0,0.0,215,0.004234948363829259,0.004992625695343806,2.062522088256607,0.004057954029218997,-0.24076647278031751,0.6037996268043017,5.892857142857143,0.5991228013574715
1.0,0.0,216,0.0015306808042712208,0.0005951935626900899,0.9494775304833141,0.0007799227424407094,-1.6059732325242635,0.5762167990029895,5.678571428571429,0.5708220222732754
1.0,0.0,217,0.002087146754431967,0.0004639948558881099,-3.1793601089100605,0.00011866277155690734,-2.794381093357354,0.563844911554435,5.642857142857143,0.5686125675619043
1.0,0.0,218,0.010303598992041542,0.0020222195698662224,7.017228857762717,0.0016526359017775202,3.33074439118108,0.5468339128917451,6.107142857142857,0.5721943440838112
1.0,0.0,219,0.009169763801270043,0.017365023379092136,-0.1989781794259713,0.015224943750395289,3.3439782364117434,0.5340118558720884,5.5,0.5497328352915445
1.0,0.0,220,0.0018481962747940335,0.003084066555661791,-0.2184665980690852,0.002643001228680947,-0.4013632428542451,0.5902691600861942,5.964285714285714,0.5934451499085933
1.0,0.0,221,0.0004436973947014781,0.0003481305307068977,-2.4768063899875656,0.00021619180270701676,-1.8323211492006994,0.5688095017495811,5.714285714285714,0.5846722582246657
1.0,0.0,222,0.0011881688708556331,0.00039432977906539505,-0.849282472748861,0.0002092042856016893,-2.252733559986846,0.6000190139914862,5.678571428571429,0.5989200234214551
1.0,0.0,223,0.002239663685961167,0.0006267066222350135,1.1229037477314776,0.0006133362709361312,1.3330310675224837,0.5783119164907198,5.892857142857143,0.5800815608867835
1.0,0.0,224,0.0030681052206827553,0.0023139885517357993,1.3550162736176716,0.002222085858071383,1.9735002915746804,0.6069995162616832,6.0,0.5965711588790727
1.0,0.0,225,0.0009745820579512031,0.00014960190229650769,1.423630810076311,0.00022221082552443,-2.000404205489256,0.5848329357181282,5.178571428571429,0.593184344893565
1.0,0.0,226,0.00195800337821845,0.0055024096758709805,2.928759196471063,0.0051523690093645,2.518754215443446,0.5766977206187374,7.25,0.5946585887688653
1.0,0.0,227,0.002131407251403205,0.0031914212416670955,-0.17905869394309804,0.0034531917908347675,4.169758090170329,0.6210973709459058,6.321428571428571,0.6291134468672848
1.0,0.0,228,0.0010803542570843427,0.0017620154280324138,-0.8266820143304727,0.0013538975848820447,0.459763208006611,0.5997447133427781,5.428571428571429,0.5994205610419903
1.0,0.0,229,0.001091177589799153,0.001515171018872812,1.0304392954070565,0.0018686906445644187,1.5097512718504806,0.5767143854517764,6.071428571428571,0.5807913440134173
1.0,0.0,230,0.004077583824767254,0.0022638559459354137,2.8017714180960454,0.0020813432641961934,-1.4771199475290853,0.5719991866089014,6.285714285714286,0.5884492889774234
1.0,0.0,231,0.0030132161619204944,0.0037708778261700427,1.8869212115230525,0.003725568197716895,1.0120299908138672,0.5745799096910371,5.892857142857143,0.5882867749341586
1.0,0.0,232,0.0018527020017435412,0.0007027345467357499,0.8247406203890932,0.0007950953415511478,3.7830320311484136,0.5985259057350257,5.785714285714286,0.5903991456852902
1.0,0.0,233,0.0168956077947658,0.0247402392130271,4.281339022480751,0.017738906594688363,3.6553521367296278,0.5479507956935171,6.107142857142857,0.581569112064135
1.0,0.0,234,0.0006673633283985594,0.0005515791318106056,1.7892629724427778,0.0005200283820855416,0.23032111294962002,0.5919948433733022,6.178571428571429,0.6068869633355816
1.0,0.0,235,0.001411872587188927,0.0001074660458815419,1.4491620030976193,6.337715279486265e-05,-3.731418763194739,0.5889521454917397,5.571428571428571,0.6028702502694642
1.0,0.0,236,0.0018302805149736756,0.0017875125085835867,0.486926234865237,0.0012916883774032309,-0.7210521421598438,0.6210184718427814,6.571428571428571,0.6170111848879583
1.0,0.0,237,0.0018073354964190755,0.0036579632212711956,-1.7213935179045592,0.003753479477896238,3.524884568459536,0.5803468860108584,6.357142857142857,0.59643684867175
1.0,0.0,238,0.0019150593269817893,0.003783244762052528,1.8966074936141695,0.0029253895279515627,2.8570339895488623,0.5977600360117179,6.178571428571429,0.6199790049398003
1.0,0.0,239,0.00111937459581971,0.0005543865017660673,1.4978015654166512,0.00038503155359755997,2.0004455497756815,0.5611332901553108,5.857142857142857,0.5587261976887429
1.0,0.0,240,0.006286017258099237,0.002926442298220571,-0.35215475665145135,0.003189057281106598,-4.0729384846391286,0.6031630967849723,6.464285714285714,0.5998162093610976
1.0,0.0,241,0.0014144389559626964,0.0008835506379134413,0.07359336916760384,0.00022414496992937037,1.1172350847355024,0.5866156712651326,6.107142857142857,0.586758235657141
1.0,0.0,242,0.001285019516718905,0.0008602847723010553,2.2487724924823524,0.0006042610615280027,-1.801621445576141,0.5302994295581337,4.857142857142857,0.5521085759571924
1.0,0.0,243,0.007313797054228003,0.018275068775610012,2.3448093780687103,0.011829824465133225,6.321364943467387,0.5405097770397672,5.357142857142857,0.5397202421882705
1.0,0.0,244,0.0021694709044241703,0.0007027646489613406,0.8558695274114498,0.0007444043400529753,-0.44449868136275467,0.5823595480728987,5.857142857142857,0.589910285901249
1.0,0.0,245,0.0006969195262821662,0.0006803180653510421,0.028690870648652833,0.00038579163863309646,0.49561247474161024,0.5655952121112064,6.178571428571429,0.5613538114841423
1.0,0.0,246,0.0025186602896739743,0.005300722636370811,-0.36717556261589124,0.004414393885939551,-0.804883497605554,0.5553148928021283,5.928571428571429,0.5577815703532744
1.0,0.0,247,0.008699801375313601,0.005774496473430727,8.124512774086,0.004762295479996345,-0.3481752086703409,0.5578388893808269,6.964285714285714,0.5994898133281743
1.0,0.0,248,0.002707613879209194,0.003813801347865309,0.21882509761047686,0.0032559993820159144,-0.1559770091525555,0.5622550394903919,6.392857142857143,0.570193259795184
1.0,0.0,249,0.0003850973461000727,0.0006106838358023636,-2.906054623540278,0.00046814327522456847,-2.3030403275473454,0.592326135487155,6.142857142857143,0.5987316390978612
1.0,0.0,250,0.0008988120393299103,0.0009410194356719084,-3.3899240942209516,0.0008144531968351509,-1.4356400699708918,0.6349914395465538,6.464285714285714,0.6314733656235403
1.0,0.0,251,0.0018079726051930018,0.0020760288352893092,0.7167212954201503,0.000979663558101735,-3.4418005985571276,0.54602561672403,5.714285714285714,0.547688177886904
1.0,0.0,252,0.004732161769060141,0.003547028322888734,0.186236857187005,0.003580211396215741,-0.5979825492628189,0.6235912833502126,7.392857142857143,0.624183780459772
1.0,0.0,253,0.0025740861200372065,0.00041260467989074327,-1.5045790255691145,0.00039450677334254065,-1.1388548712414586,0.5722644157821115,5.857142857142857,0.5926317750179202
1.0,0.0,254,0.003089383816883681,0.00644511785801569,-0.7901548101160287,0.004923779229741786,1.0464774202297917,0.5954608231960197,6.357142857142857,0.5943371515416196
1.0,0.0,255,0.001932162763771287,0.0012357463265477168,-0.297526331317421,0.0025624343038825057,1.5720979883643338,0.5461305223793543,6.214285714285714,0.5576527922821028
1.0,0.0,256,0.006888354565711626,0.0017810458511559343,3.095687118632725,0.0016423874833882924,-1.2382230968702288,0.5690488819343378,5.785714285714286,0.5900354127625607
1.0,0.0,257,0.006164790301883699,0.007475848070685823,3.822980298321305,0.007423693190175261,2.5406598501034807,0.5537377114546043,6.214285714285714,0.5493248653964639
1.0,0.0,258,0.0009751725288443568,0.0003107346294713769,1.9757932951618855,0.000427984512959827,0.442987205614268,0.5239114017374507,5.285714285714286,0.5353932366346443
1.0,0.0,259,0.0022043330039376477,0.0004622609186651489,0.29082600975011275,0.0003728844123653498,-3.3186133661578197,0.5621989601195623,5.285714285714286,0.5824619183715105
1.0,0.0,260,0.001650367787468625,0.005208644115884314,-0.30985059927674996,0.003458508186193056,0.7252546484507624,0.5368672481354989,5.857142857142857,0.5346201960457286
1.0,0.0,261,0.008735049842819807,0.01320588849640183,5.0901081885785615,0.010439941447421152,1.2299913083023928,0.6245313390388075,6.035714285714286,0.643363736729845
1.0,0.0,262,0.009274216169748828,0.013014852763749321,1.7645965772618197,0.014219759020798521,9.711392085775003,0.5878911549697214,6.178571428571429,0.6094203397062519
1.0,0.0,263,0.003466286373082417,0.0019366366845856003,1.9572085477329466,0.0025619667655070563,1.4381576893360564,0.6310965891244736,5.75,0.648732694981484
1.0,0.0,264,0.0063904715392087644,0.004862213954103972,1.3137114555473701,0.005525202658117015,4.457908446559912,0.5975091676798645,6.464285714285714,0.6045617461606384
1.0,0.0,265,0.0010232466313152642,0.00045803617866252774,2.1685725116564,0.0006464284117205908,-0.4574497421837407,0.524359242143544,6.071428571428571,0.526208462326613
1.0,0.0,266,0.004372295191968295,0.005541739387185975,-0.40841484166304554,0.005262465471131156,2.692948253599212,0.607161650221464,6.321428571428571,0.616711785679453
1.0,0.0,267,0.0028556391162690787,0.0010917968873668498,-0.6320908124157256,0.0013505811538231923,-0.8079201007447144,0.5462356980821925,6.178571428571429,0.5521046129360223
1.0,0.0,268,0.0019869123693382093,0.00043707836953114416,1.7088319388358357,0.00032405310113508044,-2.533818296158273,0.6175753972992695,6.678571428571429,0.6288300405614714
1.0,0.0,269,0.0034523571047599694,0.000407005445640742,2.1868641820929327,0.00033517717933004905,1.4912606100327348,0.6021209911143431,6.357142857142857,0.6264240139650027
1.0,0.0,270,0.0018190011766651463,0.0005307066930576071,-2.2113485513513425,0.0003151307068453032,-5.46975415911848,0.5504918251385074,6.107142857142857,0.5561160453267228
1.0,0.0,271,0.004235409083683768,0.006424487989225757,2.3638041248458137,0.0053655942666964865,4.993819798288162,0.5732826196938874,6.178571428571429,0.6114065073441295
1.0,0.0,272,0.0011502694660907667,0.001399032063506139,2.9128363663237025,0.0010057835247129657,0.6554056170748671,0.5945774114112482,5.464285714285714,0.5907434155471966
1.0,0.0,273,0.0015265804343490496,0.0034750626359184504,-0.9565320508824868,0.0020734742904167133,-0.13020393671232947,0.6192903511229398,6.071428571428571,0.6239783772736911
1.0,0.0,274,0.001814285184323735,0.002369023995516918,3.513247383662346,0.0019648115243441028,2.5352341991213145,0.58437791963399,5.392857142857143,0.5921932677312847
1.0,0.0,275,0.0032803775329156596,0.00604355919004417,2.3968932962054197,0.005707655228967175,0.6153896565490697,0.5719537494483447,5.75,0.5771539142018287
1.0,0.0,276,0.0017597161996829166,0.0014448518248251115,0.2116814830314837,0.0010495989395168733,-0.01746406026716348,0.6043152872238797,6.464285714285714,0.6139398736563706
1.0,0.0,277,0.000985649200119448,0.0013230382958026336,2.115242973073805,0.0008918742447609991,-0.8638151665324472,0.5741364355493576,5.428571428571429,0.591201436186802
1.0,0.0,278,0.002063530746494239,0.001575830952361503,1.4903189433114363,0.00144804261032635,-1.798656234914792,0.5493763954514821,5.25,0.5635282025107439
1.0,0.0,279,0.0025503828355915477,0.005668445494329445,-5.629195050133838,0.004792900093639161,-0.16494232981790447,0.5813307863235186,5.857142857142857,0.5884974587956568
1.0,0.0,280,0.004075776441997405,0.0013567064560656892,-1.0202325108602395,0.0011058783550533763,-1.3279670028402772,0.5663892341095171,6.071428571428571,0.5719090065595593
1.0,0.0,281,0.0033239504021330747,0.0014673197971500778,1.053386066881508,0.0020135381590470156,0.37855416169247746,0.5482531136637576,5.178571428571429,0.5663721630633743
1.0,0.0,282,0.0008234702867502073,0.00107506911986656,1.9840737324772633,0.0007121137226888745,-0.7648743543924562,0.5665915548006706,5.857142857142857,0.580717414557578
1.0,0.0,283,0.0009864584071839866,0.002282487774373005,-3.5333074428654214,0.001644292693090673,-1.1205969283107133,0.5802236728821141,5.678571428571429,0.607647018492186
1.0,0.0,284,0.0013916621951812573,0.0020597051436687503,1.5892448281380567,0.001194611870273465,-0.7749943811623344,0.605660808955065,5.821428571428571,0.623428110778371
1.0,0.0,285,0.0013118807890226823,0.0002935010603273737,-0.9143650804011401,0.00033252795701007876,-0.6337609099901537,0.5995526107488995,6.535714285714286,0.6018478511581384
1.0,0.0,286,0.0025809879181033363,0.002473999224699391,3.948629629926934,0.0020943224724587328,0.1870214945323596,0.5680448652071717,5.607142857142857,0.5820778573630326
1.0,0.0,287,0.001178723053286471,0.00230708147848718,-2.7517724311882077,0.001292519826719813,2.737461823625201,0.57401827533942,6.071428571428571,0.5795404073284691
1.0,0.0,288,0.0019880195446205047,0.005230834047766033,1.7554521656640816,0.0038273286879123305,3.0496905401294043,0.5771341339245195,6.178571428571429,0.5846074316474027
1.0,0.0,289,0.0026323527774163493,0.0016528836823234542,-0.4571845312729934,0.001284238178453627,-4.6213319835065745,0.6143124204126315,6.035714285714286,0.626006890899199
1.0,0.0,290,0.000918083370634438,0.0005490389336986646,1.5067043720761006,0.0006043633218957896,-1.078481060272755,0.5423597130201043,5.75,0.5690712017657009
1.0,0.0,291,0.002202207009039896,0.003060755859854234,0.2250047797450705,0.0024205257568534456,-0.8277687745340359,0.5671404766546927,7.142857142857143,0.5980698950298791
1.0,0.0,292,0.0018641939467024086,0.0026433919853565218,-1.5670361529786874,0.0026247557574702314,-3.491745038498872,0.5806788279180729,5.25,0.5821754543031699
1.0,0.0,293,0.006815257795663615,0.006256133740409666,1.6042268107212223,0.0054158390069605645,2.3277111081743365,0.5932861251095524,6.035714285714286,0.5962065005808415
1.0,0.0,294,0.007549683341324019,0.0067411633591408305,4.020747979554216,0.006175198670326192,0.34075687711174396,0.6025667896440231,6.535714285714286,0.6272711650614864
1.0,0.0,295,0.004654970371280105,0.0025410024653980054,6.015610895142764,0.0021939155838986805,-0.34495812292608247,0.5636948654546629,5.071428571428571,0.5803109433684728
1.0,0.0,296,0.006638537790247665,0.01068006857483789,2.8315490347929355,0.009924181497470274,2.991919917712456,0.598909297487121,5.642857142857143,0.6302691000508498
1.0,0.0,297,0.0013718867299820335,0.002987027668905884,0.8524805670177926,0.0031411554476120885,5.647201119421557,0.5832198941333848,5.75,0.5905897428633444
1.0,0.0,298,0.0040461858070960435,0.004163393142287679,3.92489745904777,0.004749747233929934,0.634035070665656,0.5609881558453964,5.821428571428571,0.5778832609735793
1.0,0.0,299,0.008286862072864937,0.010131237765074694,4.903974196441453,0.009064850974306768,5.968826079209151,0.506477598864603,5.857142857142857,0.5126125638201686
1.0,0.1,0,0.00549855141481049,0.004059398042461924,2.9897451927622782,0.0037061594567618043,-1.5655642259983626,0.5999872943784921,6.392857142857143,0.6130748789061917
1.0,0.1,1,0.0053272805398034,0.009636720960066077,1.6234918777285756,0.008786031835228627,1.1961223603418414,0.5774883805944347,6.392857142857143,0.5935972534774643
1.0,0.1,2,0.0015761868678193655,0.0015617222172173869,5.259847378439325,0.0012816104618997976,-0.4401496082817289,0.5682662753451865,6.107142857142857,0.5783531505598363
1.0,0.1,3,0.002711190801547897,0.003756587977213148,-1.879146603940427,0.0034273038127485703,0.4828855125272469,0.563708904556825,5.535714285714286,0.5746103285253521
1.0,0.1,4,0.008005782204121334,0.008595834511149323,0.6496288364965253,0.00921340983056709,0.6498142148284671,0.5511022197685626,6.428571428571429,0.5667185250785889
1.0,0.1,5,0.003939557500590086,0.0028448580094574205,0.8297540741481839,0.002304727958207489,-2.5944114183672773,0.5394400799172078,5.392857142857143,0.5673827435201952
1.0,0.1,6,0.004102262200000501,0.0014131818005486566,2.194062774960358,0.0012765779327598753,-0.5886186877003752,0.6049174658793783,6.678571428571429,0.6082448814752655
1.0,0.1,7,0.002638963568901667,0.007506359821554083,-1.963472069566123,0.005591972444124123,3.359690929474889,0.5725544545332654,6.0,0.5884872897235678
1.0,0.1,8,0.002291865241397706,0.0023257714245992133,-0.2117787504156894,0.0020947430870818387,0.57053608697935,0.6154276811675627,7.535714285714286,0.6345037792813263
1.0,0.1,9,0.0012788370110223932,0.0023178851886333355,1.500276626422533,0.001500831117804922,0.9497758656364207,0.582380487243759,6.0,0.5848930005155297
1.0,0.1,10,0.006624071211090066,0.006088108898630154,2.971624832802277,0.006447626924427249,2.9808540580495353,0.5732048124182814,6.892857142857143,0.5914179941710498
1.0,0.1,11,0.0012430820433492452,0.0002584805384165573,-2.9493150693752455,0.00020981666861528072,-1.5683442334041804,0.5845814274046418,5.428571428571429,0.5936912696167473
1.0,0.1,12,0.000417125636916369,0.0016206086148311052,0.38605275858583354,0.0008196080469475804,-0.7749224696335754,0.552696287938319,6.75,0.5530577698195931
1.0,0.1,13,0.019655200487316032,0.014318731761320938,2.1063338511619314,0.015488212936370245,1.346204707945257,0.7107759375584765,6.0,0.7367831496322983
1.0,0.1,14,0.003325044513642176,0.002455673168031096,-0.12391723370465968,0.0025763712389448366,-1.6753947482698759,0.5762253852122708,5.75,0.5830479224663676
1.0,0.1,15,0.005657947411204383,0.008438954513229763,0.10733520863116297,0.007417421978190511,0.8429267929067711,0.6233635733434361,6.285714285714286,0.6461052320625251
1.0,0.1,16,0.0011424287116907766,0.0016178309553656375,3.8500278020884053,0.0013122218844841497,1.3250278633396704,0.5830637522518478,6.071428571428571,0.584858620803957
1.0,0.1,17,0.0019752845706856813,0.0005191673783548477,4.177727822363757,0.0005835481249540192,2.1357938580165885,0.5770164750099097,6.0,0.6099971705135272
1.0,0.1,18,0.0036611310889872856,0.0052723391750562,0.7559345090504408,0.0036946889584219466,-0.7552872926092391,0.5474362945155646,5.678571428571429,0.5600559824014903
1.0,0.1,19,0.002543064558932412,0.0009534337682539865,-1.6141204404930178,0.0012022662797294354,0.4968053106268731,0.6359139571127841,6.25,0.6273445614205693
1.0,0.1,20,0.0015901091143442983,0.003328271280082492,0.14702455687109506,0.002957629519417573,2.580011194165858,0.5674214231384275,6.392857142857143,0.5714154796642925
1.0,0.1,21,0.0032484927734168323,0.00218522010532732,-3.034841523961589,0.002571835657553059,0.32408676499058703,0.5805536193496129,6.75,0.6051656743766254
1.0,0.1,22,0.0005464562661385257,0.0024416711843725314,1.1115137103158332,0.0020611510697599016,1.0415821042920375,0.5592224727390562,5.357142857142857,0.5657983598433382
1.0,0.1,23,0.002170274504987506,0.003595098048877155,-0.5737121436709032,0.002778363179241295,-0.24822947501101567,0.621224868403541,5.214285714285714,0.6314708912499163
1.0,0.1,24,0.00028617901224585213,0.00040502964907581263,-3.6546997330578748,0.00033920805101890055,-1.9361403634539915,0.5466512824854216,5.821428571428571,0.5484870183471435
1.0,0.1,25,0.0027167862901261142,0.0031119786420344426,-3.5216983170366376,0.0024512628735580675,-3.284968200672836,0.5949487485286186,6.214285714285714,0.6117898240288344
1.0,0.1,26,0.0018509008044242396,0.002539574347007249,-1.6408790948937906,0.0023493932365568075,1.0790193874050356,0.5324474364711939,4.892857142857143,0.5468327788783405
1.0,0.1,27,0.0073084983150808755,0.002365476569555025,4.727846531605806,0.0029672263505248443,-0.751626502906305,0.5797117730299577,6.357142857142857,0.5973426705867251
1.0,0.1,28,0.000609810887651305,0.0003505016623089078,0.13107306923021156,0.00030252365474252643,-1.2918767227746553,0.5823905795842125,5.75,0.5945474028906548
1.0,0.1,29,0.005359481576446114,0.003808782030431777,6.351759899444744,0.003115449272709654,1.4548412913557058,0.6056483864351757,7.142857142857143,0.6184737308099061
1.0,0.1,30,0.010039370837692409,0.01404959046710965,0.8242107191816999,0.014303959149176912,6.205869704874459,0.565477353481478,5.607142857142857,0.5914712837298302
1.0,0.1,31,0.0024665501776137333,0.0025075636947825084,2.562916242396291,0.0028503655964500574,-0.06204975404478811,0.5858248125756637,6.357142857142857,0.5856610621819094
1.0,0.1,32,0.017928542225211785,0.020669291662432396,8.411651534852709,0.020294318905192336,6.245562293833558,0.6774730688748474,6.75,0.7216657426909632
1.0,0.1,33,0.003786814464493034,0.00522075776232324,-0.12756793182897042,0.004318435152723072,-1.2770517820705816,0.6579652051930343,6.75,0.6865020067245529
1.0,0.1,34,0.0032325316178247448,0.0017462919006727307,2.757924068621314,0.001782258003183586,1.7588382665418199,0.6022916579903307,7.107142857142857,0.6158185468596147
1.0,0.1,35,0.0007706285814895543,0.0005973531718077652,2.051322424291641,0.0007880178408515359,0.42388203134240143,0.5634657136055711,6.285714285714286,0.5669593339360377
1.0,0.1,36,0.0019149399104955937,0.0021425097487786744,1.6754085420392215,0.0020165649897801365,-1.7217005680979962,0.5355684122012404,6.178571428571429,0.5523029249294003
1.0,0.1,37,0.0034497073615763255,0.009197940162006995,3.378590044385092,0.007453730249727551,4.967578587217058,0.5792059423428657,6.357142857142857,0.611406436935124
1.0,0.1,38,0.007108972309628014,0.0033433111393882256,3.2782348789776137,0.003333215249764159,4.585979313367204,0.6996684348327002,6.142857142857143,0.7101814303781596
1.0,0.1,39,0.0020272384608768703,0.002768730311578749,2.6436325220072803,0.001993349792150016,2.4585423391601275,0.5763993275864283,5.892857142857143,0.5789360264831604
1.0,0.1,40,0.005040951387739806,0.005197843689293741,0.909225611166832,0.005295878438550622,0.8273339842731294,0.6161716352887827,6.714285714285714,0.6366753036555586
1.0,0.1,41,0.0025442213101482584,0.003387551783765951,1.912036797893471,0.0016060913399891608,-0.2865750705109444,0.5664524084592879,6.357142857142857,0.5753491101038478
1.0,0.1,42,0.0022116091403807715,0.0015794537795147208,2.703118846981674,0.0020590443957335097,0.6313202315263217,0.5630808299705155,5.714285714285714,0.5720053260791673
1.0,0.1,43,0.002843104771917588,0.004288154879515533,1.6721024265538276,0.003986695680258193,1.9109753561521075,0.5577780216289401,5.571428571428571,0.5778476038414772
1.0,0.1,44,0.002585663355503047,0.005465679014705338,0.18475810120938263,0.004031195748643339,-0.030869540882169606,0.5728800484437594,6.178571428571429,0.5720061810456634
1.0,0.1,45,0.0025604671659071885,0.005257994799287607,1.3405782738654821,0.004284464809515497,0.5723701128723254,0.5381426510866187,5.964285714285714,0.5518610380104978
1.0,0.1,46,0.0062591466720748725,0.00515440162037638,3.6068312870609844,0.004366869782299228,-1.5118691586156103,0.633337334564785,7.142857142857143,0.6558771772432199
1.0,0.1,47,0.0012000386459117187,0.001679207399806695,0.1302578624599562,0.0017571095500201624,2.82543857199236,0.630472276074734,6.535714285714286,0.6298183013635292
1.0,0.1,48,0.001968439181989631,0.00014807977985971027,-4.577637390521772,0.0003672627906452069,-2.413759664533084,0.591245983941178,6.178571428571429,0.6225049581895986
1.0,0.1,49,0.0019574485557385156,0.0028508385252593417,-0.7884245763197271,0.0024761024962694366,1.8497167117694744,0.6057592547438481,6.5,0.6076506797604753
1.0,0.1,50,0.0021416748917780877,0.0022842413700765894,2.2713253725383495,0.0018777649885837798,2.200811094251492,0.5667404078934204,5.464285714285714,0.5772861121389848
1.0,0.1,51,0.0175344740252012,0.017422206817896434,9.797532305803742,0.014524849405263485,3.1367989440608617,0.6265623280511488,6.857142857142857,0.6665099328674775
1.0,0.1,52,0.006227307283911596,0.007526007955526552,-2.6060009772585744,0.007178569746159065,-1.2316341229441434,0.6063742465031552,6.285714285714286,0.6146854949668349
1.0,0.1,53,0.002571295802945365,0.0008882261615562891,4.6062710491694645,0.0007439455724599868,-0.5917083402636649,0.5991119681164453,6.535714285714286,0.5967734942441971
1.0,0.1,54,0.003963970316323695,0.0073364454457805215,5.543749879983828,0.0075915442075554776,5.188132003187055,0.5704632570520143,5.642857142857143,0.5645692097163966
1.0,0.1,55,0.001774279300856714,0.0019788332158068057,3.6663352303696684,0.0019014824741323242,-1.7455931529112452,0.5832520420013244,5.392857142857143,0.5945750635714111
1.0,0.1,56,0.0015089149179734922,0.001277590299434298,1.3852626432156256,0.0011881621825769759,-1.1658144695172343,0.5690861180543384,6.428571428571429,0.5710500770422884
1.0,0.1,57,0.0018811527960415797,0.0030152005660509284,2.7979462107648487,0.0031652028004872097,1.057861395137138,0.589925115477094,5.964285714285714,0.6094910906984117
1.0,0.1,58,0.011981726526897761,0.01021759911698864,10.787963183579066,0.009961753053284495,6.141282870259412,0.6773192498672075,7.607142857142857,0.6958851634349679
1.0,0.1,59,0.0029870474692033295,0.0013020290891593749,1.117725565825431,0.0013276916810917073,-3.858360484846173,0.5880405971198882,6.107142857142857,0.5857949700520575
1.0,0.1,60,0.0017816543614619063,0.0006232762835908832,0.8707600085503131,0.0008670944264416487,0.6968274638305539,0.6015375181099983,6.75,0.6037216359647108
1.0,0.1,61,0.001531278195969238,0.0018282711479454272,1.4846029259878009,0.0015446420924658346,0.2274739257756361,0.6039828918202562,6.5,0.6160488748336644
1.0,0.1,62,0.01780206197803105,0.013169573696096703,2.47093348540011,0.013587979254430416,-2.5786411120759567,0.5835030429792033,6.571428571428571,0.6113298621123614
1.0,0.1,63,0.00848402830252738,0.01150381317210715,4.009513444687094,0.009224262785779938,4.706094258145451,0.6945095446350027,5.964285714285714,0.7175101025984438
1.0,0.1,64,0.0014643375078470713,0.0005245281470911529,0.8498151404437877,0.0004228825023575971,-3.681043437561044,0.6470676576453417,6.428571428571429,0.652870682530466
1.0,0.1,65,0.022952140472596028,0.022206704573705476,6.062436901353493,0.022803467851112504,4.852719480554678,0.7020284992841862,5.571428571428571,0.717126484160858
1.0,0.1,66,0.0025598189492051946,0.0028583927070211864,-2.8842783557482647,0.0024062402839549442,-0.01022953668521609,0.596471991437831,6.25,0.6246390048560135
1.0,0.1,67,0.005011194464209266,0.005351879986854467,6.686955726577224,0.005507279365426594,5.404436217611902,0.6644389852420698,6.857142857142857,0.6750878821318647
1.0,0.1,68,0.003978491186517376,0.004617666644782322,4.7273793516452685,0.004777160794528282,2.4938226290290118,0.6069999575183428,6.535714285714286,0.6240324010978151
1.0,0.1,69,0.007938282596695557,0.009693850772875072,-2.6732400746795335,0.008779620401768481,4.352948903717116,0.6711693279907394,6.357142857142857,0.6956943449714674
1.0,0.1,70,0.004788275675725959,0.003508620984005908,2.855603935235692,0.003960935774378969,2.706860561843172,0.5831202058463412,6.5,0.5877690575162666
1.0,0.1,71,0.006031322609085952,0.0055850627141608294,4.382733802852684,0.0061440468554476565,1.859703020861436,0.6039210071001099,6.464285714285714,0.598901878014879
1.0,0.1,72,0.000614401527547686,0.0019849501532809982,3.2702162927339202,0.0014715561626046248,-0.026971237696822453,0.5444038001003427,6.642857142857143,0.5646575931352347
1.0,0.1,73,0.002147222219963602,0.002876377504546074,-2.1053733194378808,0.0028612690133526194,0.09512395676841834,0.6153121297821506,6.071428571428571,0.6186110384291799
1.0,0.1,74,0.0021283144046313216,0.0007805626967139108,2.436109581013504,0.0004621031198532606,1.176171508947533,0.6564872533626204,6.928571428571429,0.6645813799130078
1.0,0.1,75,0.011925866713986098,0.013197171239991968,9.85751980445032,0.011308382962069879,2.737264833476862,0.6440287142235954,6.5,0.6865620454894379
1.0,0.1,76,0.0025232424322197784,0.0027087158696322217,6.397090510155948,0.0022602024078472458,2.739495586989676,0.5910664683057484,6.571428571428571,0.6060586617357295
1.0,0.1,77,0.0015120363329253872,0.0010843100460939947,1.5254713679555465,0.0012390269321881087,-0.11508753279579764,0.47602220370775994,5.964285714285714,0.47012742787790573
1.0,0.1,78,0.002156570724129856,0.0014480574707530717,3.0393875821910683,0.0011707724897512765,-0.25829198442818324,0.601242123844919,5.857142857142857,0.5992019611965812
1.0,0.1,79,0.006289407939997021,0.004838438816446843,6.3121011818245165,0.0046158138461955866,2.7336747079618817,0.6131990059965141,6.392857142857143,0.629359264822558
1.0,0.1,80,0.0007797019935332157,0.0005048480722626216,1.937615083627513,0.0004244696858105987,-0.07396281834385832,0.5775140975572415,5.892857142857143,0.6074979324521248
1.0,0.1,81,0.0009646866914113177,0.002867643500674012,-1.221972382425875,0.0024275506843030787,0.934793655184213,0.6013810954969881,5.928571428571429,0.6097512720908191
1.0,0.1,82,0.0016170451440878646,0.0024644936688479942,0.4495148870964272,0.0013538064274578835,1.8362623813498449,0.5815494212147236,5.714285714285714,0.5864224048174727
1.0,0.1,83,0.005205765845391878,0.005190317881972156,3.9347659117950826,0.005670676387541908,1.5110146256484995,0.5705371237545525,6.464285714285714,0.5926604013078955
1.0,0.1,84,0.010842560279200579,0.007944099447269962,7.907203295623013,0.008812643791525961,6.005030320502432,0.6080791302271844,6.071428571428571,0.6453555169713088
1.0,0.1,85,0.01310216847870893,0.01667146029736392,10.467967813421787,0.016958063298830806,10.121963752381694,0.6927193620737491,6.285714285714286,0.7092128539223708
1.0,0.1,86,0.002201542594856666,0.0024951662816936125,3.9775895507239767,0.0023871959841295204,-2.166290908504351,0.5610232767495572,6.071428571428571,0.5803259907788041
1.0,0.1,87,0.0020805012958811818,0.0005443217225093296,-0.6389678530829457,0.0006718138446085443,-1.8554916915372057,0.5872612536609122,6.142857142857143,0.5926889974225827
1.0,0.1,88,0.0005119525652221831,0.0007187566413687454,-0.5957102819971283,0.0009917345493753304,-1.6063463342941304,0.6130633297504249,5.75,0.6078493940910279
1.0,0.1,89,0.0029226635908885562,0.0004172399569381704,-1.3553345214519368,0.0007565119151575261,-0.34524592455599645,0.5374809590856456,5.785714285714286,0.5409109087644582
1.0,0.1,90,0.005254107377639761,0.0071890671797721906,-0.9542416624016141,0.005634971185051729,-0.42939036906450195,0.5398069052241656,5.392857142857143,0.5678825066416688
1.0,0.1,91,0.004474578446742686,0.0023320224244586627,3.357179675739104,0.002576366897517021,1.2671850416168031,0.588723752792742,5.607142857142857,0.5947380704777147
1.0,0.1,92,0.003461772366308775,0.0011931322384078687,2.553006043474099,0.0012006822935116941,-0.06009250345356539,0.6046109565155612,5.785714285714286,0.6172654116901812
1.0,0.1,93,0.0031759712276253987,0.0028447395593557325,6.201352860925937,0.002263440414529912,3.059806808852651,0.5361668910152002,6.285714285714286,0.5487913763613261
1.0,0.1,94,0.0013415630814381959,0.00043871092034798145,4.198592598674715,0.0007736406820838029,1.889201222953422,0.5693147260893457,6.0,0.5724676517265412
1.0,0.1,95,0.028441216641338543,0.03256507488743661,8.251279583938373,0.03243374202435556,7.211616537525458,0.6607685093095484,5.892857142857143,0.6985990886127561
1.0,0.1,96,0.0076181618292719255,0.00385972831005445,1.3812356332784361,0.0035091669496934872,-1.652295138411849,0.5742892012996802,6.0,0.5835114551252655
1.0,0.1,97,0.0008494227756374193,0.0002534341167000057,1.290002582180037,9.224033804661111e-05,-1.8211848889293094,0.5206409201090341,5.392857142857143,0.528028685996812
1.0,0.1,98,0.0006747241524767906,0.0016929002753338558,1.0104064024781039,0.0008748806505077229,0.47008468408053733,0.5820697711277748,6.178571428571429,0.5787558397795
1.0,0.1,99,0.007788980089753661,0.0068771373596622784,1.5995135031500283,0.006130336470865611,0.9477090078056278,0.5779483354348111,6.464285714285714,0.6128658446271097
1.0,0.1,100,0.00900928773500145,0.017353040861652017,5.133481433378442,0.014402129736616271,4.604036792742136,0.5681600022141499,6.785714285714286,0.5969295910095264
1.0,0.1,101,0.004506581202926972,0.003660549413551923,1.959373379654565,0.005077148894480841,-2.1520605313686,0.5881605358777443,6.642857142857143,0.5980582171933853
1.0,0.1,102,0.00322621240391121,0.008756706623706919,-3.3771210820015654,0.008397687833854939,3.1826546861082363,0.6143111651810449,6.321428571428571,0.6201186058809696
1.0,0.1,103,0.0016143620269840806,0.003216946563691728,-0.5470059946509593,0.002613659008801994,2.1504690324583655,0.5411132873085783,6.607142857142857,0.5425849130469653
1.0,0.1,104,0.001707510149552641,0.0025962604763373484,-0.31730834808224273,0.0019629039579685007,1.0921580538108155,0.6137213548069633,6.357142857142857,0.6130871200147301
1.0,0.1,105,0.000791593765824106,0.002730718684583321,-2.911347749601674,0.0018486533220723877,1.28283200323303,0.575579885165087,6.107142857142857,0.598367031091777
1.0,0.1,106,0.00036910118364869184,0.0007323439761455419,-5.126788382504046,0.0003331847716777012,-3.9076334985776007,0.5791760629023349,5.857142857142857,0.5856128521299586
1.0,0.1,107,0.0024807560359818874,0.001047472249916767,3.1177631252782234,0.0013205142798294012,0.7342768925405968,0.5526464313932619,5.178571428571429,0.5647666868601371
1.0,0.1,108,0.0029105316353309394,0.0009398946460882104,0.7578492494320983,0.0008460804642574775,-1.8864931037860895,0.5943656710739201,6.571428571428571,0.6055654567102022
1.0,0.1,109,0.009358694828423825,0.011143538057540951,-1.2506325830359373,0.010418334369558952,1.939358623319663,0.6137759618524085,6.25,0.6306519741646627
1.0,0.1,110,0.0022075531735630213,0.0024521440898922823,-1.466706878702638,0.0016101938300902476,0.8164168012379207,0.5889662494095554,5.0,0.595628261593455
1.0,0.1,111,0.0032217116594132076,0.007197497220585252,-0.7398675005070743,0.005158203746657303,-1.2894706459163576,0.5738903039992908,7.785714285714286,0.5697671947856741
1.0,0.1,112,0.0007257062681030943,0.0034338121362071368,0.03236209993815464,0.0024702217849475704,1.0721063344972965,0.5457808872146973,5.5,0.5552831470246504
1.0,0.1,113,0.0007273470080644801,0.0002268400914178047,1.3733418360637302,0.00030568771941161976,0.592535691367857,0.563494492830792,6.178571428571429,0.560384370003428
1.0,0.1,114,0.0006382090398784943,0.0003445801314355375,-0.3329147050755452,0.00028893911045529166,-2.6979441356383425,0.6275651371260605,5.5,0.6223923037807007
1.0,0.1,115,0.0014925152425147243,0.003574345751206605,-1.085802525703322,0.0020550539835190993,-1.1064509165110128,0.6136398801361507,6.642857142857143,0.6212768139055935
1.0,0.1,116,0.0021830298781294207,0.0014422043069112886,-1.997943169405474,0.001590136731961638,-0.6761960380542575,0.601561625607274,6.571428571428571,0.6049477082122665
1.0,0.1,117,0.003822395090664453,0.003997580409245502,-0.21805833480634362,0.0042670030107336485,4.84268840980198,0.5353798684286328,5.178571428571429,0.5221478542747426
1.0,0.1,118,0.0011717536683851005,0.003396401254175005,-0.7957306252017204,0.002458139750446833,-0.04539220791321933,0.5790438516507183,5.857142857142857,0.5789230008171318
1.0,0.1,119,0.03174203645735684,0.037959284499861204,4.0249676735167235,0.03568179511477107,12.743893301541911,0.6935173431223104,7.035714285714286,0.7273927910864573
1.0,0.1,120,0.005905730319810573,0.007546136125195471,-0.5353891277235974,0.006437206927763006,-0.07101290867042091,0.6200412587175437,6.214285714285714,0.6310877556169401
1.0,0.1,121,0.003799101046613113,0.0027454789180927914,5.11271396608182,0.001924324679725208,0.797928694201507,0.5162083157037541,6.321428571428571,0.5305592661241187
1.0,0.1,122,0.005129570453553859,0.004459459571901333,4.243062143915125,0.002881754740495749,-3.11661648674189,0.602259804308494,6.75,0.6113999693650418
1.0,0.1,123,0.015698023587449036,0.011841756456666871,6.713188584373711,0.012365547234898123,9.730205255719682,0.5796063378656816,7.178571428571429,0.588733057386694
1.0,0.1,124,0.0010273724904244436,0.0012447592806750047,-4.73058160434983,0.0008344754701245032,-1.1447353410493595,0.5759096044196373,6.821428571428571,0.581297011432929
1.0,0.1,125,0.016730555044755784,0.017528968660031785,7.832382759601643,0.017841814639941393,14.159458103126022,0.6728618307383255,7.464285714285714,0.717194881480546
1.0,0.1,126,0.0009209037228549149,0.0009746317384650209,-1.1320759229145025,0.000567425147488109,1.8209802426322785,0.5309785428245425,6.214285714285714,0.5360912011067733
1.0,0.1,127,0.002173824251727035,0.0017662588672099997,0.5275241792651073,0.0012154189039593844,0.037017126246998565,0.541629473047034,6.107142857142857,0.5455695608511364
1.0,0.1,128,0.002496904369845725,0.003139382209807639,2.430446283093829,0.0031593254058659963,-0.18574707001431534,0.5734098335261726,6.892857142857143,0.5787783907781382
1.0,0.1,129,0.007573561663250746,0.00429685928342974,-0.2669706074669307,0.004678976313262581,0.11273532677577691,0.5796280490616901,6.75,0.5961243332713516
1.0,0.1,130,0.0015900891256400299,0.004027740795796794,-1.0146667486378789,0.003839459184721007,1.233444808720776,0.5683334252925965,6.035714285714286,0.5987385995309824
1.0,0.1,131,0.005413488579076964,0.003955554388649252,0.3216296597976296,0.004129011418911224,-1.0848679728467705,0.626050480906087,7.25,0.6315716364784452
1.0,0.1,132,0.0022049868494803857,0.0007020716252573365,0.4177133728853448,0.0007315849990118453,1.060268820093114,0.5490618423339667,5.142857142857143,0.5678428462546793
1.0,0.1,133,0.0012331071281451518,0.0014373685142098967,-0.14633544391519138,0.001119932337660348,-0.5668135239223394,0.5885339270850968,6.321428571428571,0.6125631965459193
1.0,0.1,134,0.0019245812830720208,0.0009667919973294055,-1.399025976021015,0.001050235528387536,-0.16615973532120165,0.5968575631965418,6.25,0.5948625435411177
1.0,0.1,135,0.001462708361108979,0.0023277893701479434,0.4189291025495976,0.0017044983514803746,2.0309130002468314,0.5662523694500131,5.392857142857143,0.5591082872450652
1.0,0.1,136,0.005425735240477769,0.0029666088643847044,3.4233109861780733,0.002878557489191234,-1.852710409681028,0.5751532500402369,6.071428571428571,0.5754509014090305
1.0,0.1,137,0.0035892788483720462,0.0008188489635308778,1.3316539670459235,0.0010887860648567055,2.3998011726175625,0.5885104841051036,5.714285714285714,0.6045690385219287
1.0,0.1,138,0.002903101776936976,0.0010911563243981041,-1.311268828395896,0.0010346356389542989,-2.6993020691824277,0.5887724257756634,7.142857142857143,0.6049825304947313
1.0,0.1,139,0.003601648015109374,0.0049721907088234344,-1.6344519620102957,0.0038155427227649394,0.15011115176189568,0.5985915088918803,6.392857142857143,0.6104258104809548
1.0,0.1,140,0.0005531717613923346,0.001300919403780884,-0.8909658792979585,0.0005832766733612021,-1.0376059326983693,0.5993396397550512,6.071428571428571,0.5982587420412238
1.0,0.1,141,0.0040125104230116435,0.002482593514824225,2.9376791574040624,0.0014499638056117425,-1.3365908212956772,0.5588929888587068,6.071428571428571,0.5624444670971449
1.0,0.1,142,0.0063973510176554725,0.013238168206615764,1.213507958671805,0.009373071905998115,7.02718881449087,0.5867559434615097,6.392857142857143,0.5746878991326219
1.0,0.1,143,0.0005947402694073075,0.0009512127186011481,0.2561354667782112,0.0005546330753037836,0.017729828519094326,0.5757359962832457,5.75,0.5745598452683647
1.0,0.1,144,0.0008089792097095935,0.002194722228336082,3.414509229210587,0.0020378127933561715,0.7982968773008849,0.6105536466994615,6.321428571428571,0.6171000008192591
1.0,0.1,145,0.0036799606531195267,0.0059087198449448,1.4701280504382481,0.004417210317146323,-0.10627398046674823,0.5521612351857855,6.535714285714286,0.5504560363629523
1.0,0.1,146,0.0018944736860567518,0.0010701762799365164,1.2303463979218776,0.000610877752589844,-0.580872215109622,0.5509536960535797,5.607142857142857,0.5474828350513994
1.0,0.1,147,0.02643582470492304,0.028559086795037592,4.621719483138126,0.028042718948371567,9.60055456985443,0.7190397039286008,6.964285714285714,0.7599172153041155
1.0,0.1,148,0.01049847081857518,0.012921470022055896,3.387332732834274,0.012896634593255853,4.744723881473003,0.6058219978823594,6.785714285714286,0.6551516526746287
1.0,0.1,149,0.0019650682224704795,0.0012870638981891727,1.5699479752024175,0.0014730359612424174,0.397434692129868,0.6058717665798125,6.0,0.6140139841639383
1.0,0.1,150,0.008836004512075259,0.004830241740797203,1.2215516476325874,0.004428898222674498,3.3808962016835458,0.6097020498011796,6.035714285714286,0.6272064591853755
1.0,0.1,151,0.0004972132034098781,0.0004293178641273706,-1.290196306979908,0.00014189137943708947,-2.247900450554918,0.5565358206598413,6.464285714285714,0.5587510520677061
1.0,0.1,152,0.004401062585035541,0.0035698608636571616,3.9673851500233326,0.003479547089826265,3.715822829554014,0.591694217378149,5.678571428571429,0.5928696065802769
1.0,0.1,153,0.003407375687220516,0.0030804589998896423,-4.344064256444518,0.002869506313392103,-2.603582369194432,0.5216062581937881,5.357142857142857,0.5200745001711216
1.0,0.1,154,0.0020030142401991245,0.0017190288548056276,0.24545968094439985,0.0025184256743670946,-0.1139984120777342,0.5862517971709789,6.321428571428571,0.5887801509529851
1.0,0.1,155,0.0032518490472948905,0.005253884094669056,-1.767994886414634,0.004953609957635962,3.2051076838609447,0.6067155246491482,6.964285714285714,0.6262079387853645
1.0,0.1,156,0.004919125668167766,0.005314211178996609,-1.6524282639261543,0.004859253904768089,-2.198591980194872,0.5315361302904548,6.035714285714286,0.5446395484135366
1.0,0.1,157,0.004252582077564755,0.0038974766843017246,-3.649236962365478,0.003410094588921559,-0.5295771526800573,0.6119440288344282,6.428571428571429,0.6178299510967715
1.0,0.1,158,0.0027017910307363486,0.0008415055589804777,-0.9033072206862798,0.0008945365370671148,0.506372789423248,0.6083916729123731,6.535714285714286,0.626914141111144
1.0,0.1,159,0.002212000564513916,0.003452758782787507,3.7814003496602666,0.0030563936389215035,-0.11767805019382156,0.5814216948649581,5.892857142857143,0.5996753108825402
1.0,0.1,160,0.002221789459875853,0.0014609335726492863,0.8858005083146097,0.001725878475835389,0.12266418817908213,0.5770337076166349,6.214285714285714,0.5838418544130763
1.0,0.1,161,0.001854182918408291,0.002828610426638457,2.1472954017726167,0.002758119649357113,2.869123613678217,0.5685121489084626,5.607142857142857,0.5611693298311424
1.0,0.1,162,0.0019088665737440726,0.0020803926226374263,2.682754981116368,0.0015307491514726036,-0.6037153235453445,0.6288264839702998,6.928571428571429,0.6308439091138226
1.0,0.1,163,0.0008293908942957471,0.0012495419136429066,1.1185102703870555,0.0006328155280516547,-1.218385459177237,0.5618244414616415,6.25,0.5797630808377712
1.0,0.1,164,0.025296447219501254,0.028221803861122316,2.097923677485106,0.025193385388445705,0.4348245932303314,0.6563606912337548,6.535714285714286,0.6823261391305788
1.0,0.1,165,0.0028430412036731714,0.0029589462736431195,2.0734509663812304,0.002575195258930835,-3.088099938052958,0.5606556917152524,5.821428571428571,0.5725838467025761
1.0,0.1,166,0.001561346237624489,0.004407947912128713,0.5345413965566621,0.003879787537966095,0.046274539631241396,0.5784801353014263,6.214285714285714,0.5926315637909035
1.0,0.1,167,0.0025944554290055918,0.0011886644963903755,-2.7787679743617417,0.0008717461830869801,-4.325853311925878,0.561089286813949,6.535714285714286,0.6034919416717113
1.0,0.1,168,0.001003832594500449,0.003938633355381986,0.2834204291312119,0.0019910528345524476,1.3606674677079507,0.5994593641843082,5.464285714285714,0.6234116350710697
1.0,0.1,169,0.004880826642296134,0.009023929074274207,1.1031648553615554,0.008276927540901705,5.789792850371394,0.5836640368778204,6.178571428571429,0.6180095544115289
1.0,0.1,170,0.006706939748056907,0.004690386526422102,0.444023097556979,0.005357666032394061,0.22514189100179274,0.5786359978149871,6.107142857142857,0.6020654049268932
1.0,0.1,171,0.0008849038689484317,0.0014703921827669312,2.915531282789729,0.0012131720956815599,-1.737903593847875,0.5688527512758682,6.464285714285714,0.5593635902992304
1.0,0.1,172,0.0013942073431850936,0.0015914040358338852,0.35661711690252673,0.0012570431507428327,0.5767489900935819,0.6079623589245785,6.714285714285714,0.6125570609040061
1.0,0.1,173,0.0016280051479708655,0.005546466174933958,1.6180267272537776,0.004006129565637996,-1.0267704799141388,0.5486896885104043,5.321428571428571,0.5722049557267922
1.0,0.1,174,0.002590114554014865,0.0033903721870203784,3.9061114099025005,0.0025342072383324208,-0.8270398391137519,0.5876430780409242,6.25,0.6005231157769326
1.0,0.1,175,0.001351956238882158,0.0009186031193845759,-0.32645912450755077,0.0009428287869275566,0.32020142930233914,0.6317910230509156,6.642857142857143,0.6371623328054552
1.0,0.1,176,0.003787535444696743,0.0022755418862703733,5.66238666998693,0.0020815247423790232,-2.469440722100728,0.5796630616992177,6.607142857142857,0.5979747624049364
1.0,0.1,177,0.0036714644991438544,0.0026962355202015723,-0.8809515533619461,0.0023523838055362445,-0.08170804258255278,0.5379764933340397,5.821428571428571,0.5530446133939827
1.0,0.1,178,0.0009989967616579924,0.00032757997051989664,2.868419473628819,0.0004201370532837563,-0.7199842471659016,0.567799575686273,5.892857142857143,0.5844099947373795
1.0,0.1,179,0.0008996627467440282,0.0005591923267650562,-2.5853680795953693,0.0005312160567487196,-2.7274436693678865,0.5544180402281614,5.071428571428571,0.5615983922526034
1.0,0.1,180,0.002674760774695005,0.001708981615038516,2.3083879418673376,0.0010516713398991005,1.8511491213539273,0.5161853573310744,5.785714285714286,0.523535092736028
1.0,0.1,181,0.001223563654025564,0.003469511973747697,-0.8485758324059347,0.0022826046907292964,0.7068542677850568,0.583567548880749,6.607142857142857,0.5930468260472743
1.0,0.1,182,0.004728563585679167,0.009304944866957696,1.1740016644478501,0.007876271824019593,6.7043718889005675,0.5803905684878462,5.892857142857143,0.5786351285686797
1.0,0.1,183,0.0018636255120104126,0.003238681339931836,4.824455033825608,0.001804756132873239,2.1213864554410313,0.6293544609961,5.964285714285714,0.6411537992138643
1.0,0.1,184,0.0015482533662255751,0.0015123821127284583,0.7456597828392688,0.0011426446593224657,-0.6574937730268479,0.5819719555716146,5.714285714285714,0.5898406312778901
1.0,0.1,185,0.002617971093082789,0.0006847794133854827,1.6452731031907604,0.000481454824101666,0.7666169424102804,0.5903809592277609,6.071428571428571,0.60198487714139
1.0,0.1,186,0.0032551295058467693,0.004500176718341118,1.3438126355443671,0.003723597884926013,2.6461127540884775,0.582308861797552,5.392857142857143,0.5777293267705635
1.0,0.1,187,0.0012575140256040438,0.0030849460356365535,0.7244437681231162,0.0015786760801473638,-0.24845565449704546,0.6277610594830644,6.821428571428571,0.6336211722213279
1.0,0.1,188,0.0014038753028878036,0.00010135936958512927,-1.1184747497476906,0.00047636946154771984,-0.41987168814629666,0.5369567768066198,5.75,0.5283602822377175
1.0,0.1,189,0.003882030771710639,0.0009597912027628542,0.2998691756623231,0.0014878874976674322,-1.3098531853123916,0.582295800892423,4.892857142857143,0.5906669714840158
1.0,0.1,190,0.005306603642575077,0.0020889743299958713,4.743704140504597,0.0023360872157397778,-0.6640838869414741,0.6274447768232624,6.25,0.6363050729874588
1.0,0.1,191,0.009632576758892616,0.004221199063119503,6.212557173934769,0.004376667521830214,-0.3648001512915755,0.5810180919347584,5.428571428571429,0.5919197186862497
1.0,0.1,192,0.0019734673976697322,0.002354203673118613,0.6669986698695283,0.0027516184585271953,-0.658624876579457,0.5965199567018139,6.285714285714286,0.6064914156007677
1.0,0.1,193,0.0038455923749439176,0.002906307462610384,2.1321052528562916,0.002394772061717174,1.4607440393000768,0.6553963115954967,6.678571428571429,0.6814573322356703
1.0,0.1,194,0.000642908836158558,0.0018922570871307703,0.382008736040234,0.0018681298941526968,0.018520086662363155,0.5744689698487105,6.928571428571429,0.5819576188983926
1.0,0.1,195,0.0008161118417793343,0.00042961284497143923,-2.5629507947989367,0.00041093449844239766,-3.534515577080479,0.5828111168920793,6.214285714285714,0.5778545441577396
1.0,0.1,196,0.0006106408157763964,0.0007322449502994591,2.3619769329468454,0.0005949855940634659,-1.2486728422907352,0.5520737867857924,6.714285714285714,0.5608911840838875
1.0,0.1,197,0.01194152730329072,0.008922932555226555,7.894888977655889,0.008662523013950943,0.9262381938186005,0.5687130594048663,6.714285714285714,0.5796699699571312
1.0,0.1,198,0.0011627160040208226,0.0029193572948118178,-1.0849594718276947,0.003452079864455495,4.356356531782789,0.600693822556327,6.571428571428571,0.5972558462244386
1.0,0.1,199,0.0021729242383157457,0.0003057887626173862,2.037540852476269,0.00022395308076376573,-1.376297241893866,0.5629206830672414,5.428571428571429,0.5574996426365778
1.0,0.1,200,0.005362456406643197,0.008534406998552577,4.067950120243452,0.00669636190575538,4.8425124326439954,0.6495280927631482,6.785714285714286,0.6733705561940786
1.0,0.1,201,0.0033111266064485096,0.003722752997648429,3.817540516267904,0.0024367541679496257,0.7682503706148603,0.6025288102747418,6.5,0.6102924256491337
1.0,0.1,202,0.002851534843654113,0.0008698747368020715,1.8479110032892692,0.0008346068455927607,-0.2667288787273397,0.534239356704098,5.607142857142857,0.5180880307803629
1.0,0.1,203,0.0314686712022014,0.03711635031011957,9.148796920846625,0.03393367988815204,3.8986591533946657,0.6578110239430981,6.571428571428571,0.6987450967734314
1.0,0.1,204,0.0033154488716648114,0.0008829948048513095,5.642520502072976,0.0011281441803211788,-2.5525632025791842,0.606934513522525,6.178571428571429,0.615182049449341
1.0,0.1,205,0.0025649247899342787,0.0010876221122377045,2.6554190888602704,0.0006752759622575879,-1.8888886907273463,0.5722910397289515,6.142857142857143,0.565559331327887
1.0,0.1,206,0.002755386445362169,0.0033587588811421674,-0.3060777843763347,0.0025251749721844287,-2.126226773456551,0.6158552819488964,6.642857142857143,0.6266224064258155
1.0,0.1,207,0.012696462172961885,0.007346115021134376,5.593187701015879,0.007943957562788933,-0.6869122037017993,0.5608593471073887,5.714285714285714,0.5847682156408165
1.0,0.1,208,0.002131239299744994,0.0049131310133991215,-1.0845246714827468,0.0026633246104210786,0.009821843768615205,0.5449739403129936,6.321428571428571,0.5505390184052208
1.0,0.1,209,0.004240989813968915,0.0019403511626357802,1.9139197656731355,0.0017287618050918505,-0.9312507646080709,0.5728537824271921,7.714285714285714,0.5812692702847377
1.0,0.1,210,0.002333566260457673,0.005512187022686881,-4.091716633722406,0.003866145120418638,-1.1092306570534542,0.6353397239991503,6.535714285714286,0.6493353357185121
1.0,0.1,211,0.0010465990715752948,8.94452587853163e-05,0.38681374801593904,0.00012707768848716148,0.036885556184320954,0.5789915999894634,6.107142857142857,0.5972797048188945
1.0,0.1,212,0.003594896881552615,0.008881623854539411,2.2046266503460004,0.004589672575732504,5.518558879970972,0.5555856574972119,5.178571428571429,0.5664272430225818
1.0,0.1,213,0.011847460227824323,0.00859724609719679,3.8284773063689244,0.008752678098724504,-0.7384068393991564,0.5615153454787652,6.321428571428571,0.5829698388792002
1.0,0.1,214,0.0011689943188294236,0.0004821454536523498,1.8220478005231584,0.0007968897722536909,2.607445850057502,0.5375388836800682,6.071428571428571,0.5532279282691761
1.0,0.1,215,0.0036978117532494442,0.002051568985518011,1.2399424831375896,0.002410994107784334,-1.8961399862827573,0.5822161784449982,6.678571428571429,0.6132046024697235
1.0,0.1,216,0.003938110434424116,0.004229489650551658,-0.12630950047304168,0.004858848537636102,1.1100605016281595,0.5195538051675632,5.857142857142857,0.5287600042207181
1.0,0.1,217,0.0012663673310766201,0.0013921668915439552,0.6998608273533975,0.0005767782460919928,1.4237491372263473,0.5562817600006237,6.321428571428571,0.5487285011193599
1.0,0.1,218,0.003842837309397813,0.00039044347340600345,2.334421157094141,0.00026332901792547276,0.6749558498866577,0.5619179284518642,6.392857142857143,0.5665879666654197
1.0,0.1,219,0.000543576698068045,0.004812357008534315,-3.423535932939494,0.0028208552262303315,-2.343444325977449,0.5223881071960033,5.607142857142857,0.5659041946371262
1.0,0.1,220,0.004309946964067467,0.004650957491356626,3.250909648110742,0.004518230647410797,3.0219439516106945,0.5901133849012072,6.035714285714286,0.5952445928637222
1.0,0.1,221,0.012457976156181907,0.017332902560321006,4.879936959745159,0.015669674709495846,7.62623879179021,0.6688400644585804,6.428571428571429,0.6954533047701432
1.0,0.1,222,0.011818893019490396,0.008720531738801779,8.496798233392767,0.009341216143771213,8.75101977312454,0.6432064069797766,6.785714285714286,0.6774527898690856
1.0,0.1,223,0.0011606024341831683,0.0009579225228429274,2.2331748110321072,0.0007963900791548762,-2.5468383904037353,0.5753104749697868,5.428571428571429,0.587162252589481
1.0,0.1,224,0.017880198901483558,0.016035111846050082,8.713454377034317,0.018157921702299205,6.308620944058248,0.7032864669721206,7.142857142857143,0.7385150703510941
1.0,0.1,225,0.007181543625688598,0.0027806675944225625,3.227005445087279,0.0033934018336935763,-0.7845150689744097,0.5552264295962706,6.25,0.5595086529675453
1.0,0.1,226,0.004102635673213873,0.004648286552576975,0.8463552658311286,0.00312528391748183,1.7134465641591987,0.5846556006030263,6.535714285714286,0.5999117242063561
1.0,0.1,227,0.0065207325258173935,0.006976716133318871,4.454967916626437,0.006189871693328475,1.8167867096958428,0.7012459891164041,6.857142857142857,0.7125079249736321
1.0,0.1,228,0.0009632696189142272,0.0015321097303582396,-1.5530246780105088,0.0019513479794174978,0.10347477476263596,0.6226558346915121,7.035714285714286,0.6288751123834599
1.0,0.1,229,0.005348051137103113,0.004015817115451025,6.051873945987964,0.0030913922199362225,-1.2204998388012693,0.6212464592803913,5.642857142857143,0.6387400980357893
1.0,0.1,230,0.007415461839824783,0.0061949812059268914,3.063645949641284,0.004965233905075542,0.5009635674704404,0.5760744060596859,6.321428571428571,0.5956949892138683
1.0,0.1,231,0.0008163733870561223,0.002902875427764428,-1.2247070731194611,0.002104825434480596,3.2638003587538833,0.5857229987634673,5.928571428571429,0.6001497267620118
1.0,0.1,232,0.0035353529251290704,0.001655440953119272,5.178029545361369,0.0012346426031603058,-3.2967381832308527,0.5501705730472979,5.642857142857143,0.569120437777447
1.0,0.1,233,0.0018038956085937227,0.0014264774845069263,1.1410491272398673,0.001545530725760563,-0.9336792350843552,0.5612521000281189,6.214285714285714,0.5532021786899992
1.0,0.1,234,0.0010431469084901425,0.0011968188504786355,0.8870866859154987,0.0008338320892041596,-2.434264342674112,0.5157437926169883,5.892857142857143,0.5222867913595737
1.0,0.1,235,0.002754808946312774,0.0043065859486182325,-0.24352670118680209,0.0035262388597667306,-2.8267422520438195,0.5720201322622527,5.964285714285714,0.6005550613485987
1.0,0.1,236,0.0023534576254869133,0.001598910100613947,0.3697418965017789,0.0008056095364361312,0.4309697059754001,0.5587030498839903,5.285714285714286,0.570195462591215
1.0,0.1,237,0.002309474108493023,0.0010735502108401669,0.7726864833799212,0.0010056043019510683,-0.5614006984801941,0.6135092122169211,5.928571428571429,0.6121559005656061
1.0,0.1,238,0.008673449280901411,0.0090039728445831,3.421966644357049,0.012076303061739856,9.103699511641906,0.5713975764417294,5.821428571428571,0.57123881341091
1.0,0.1,239,0.0012038965547292247,0.0016329287538421771,-0.9916589319753086,0.0008374400358950529,1.299618872507428,0.5759722800401149,6.178571428571429,0.5898890424984281
1.0,0.1,240,0.007444219536321574,0.013203974284600834,0.9189471206142059,0.010734470655568996,2.7879849252630513,0.5562852261895965,6.285714285714286,0.5581783452164708
1.0,0.1,241,0.005038944745652439,0.002898874834563952,-2.6096078891372514,0.0038592170969127914,-6.114641505971956,0.569917907103636,6.142857142857143,0.5738809616367431
1.0,0.1,242,0.021626396164370183,0.03183718391595651,3.6748591429595017,0.028393009301664447,8.339477383563036,0.6945453825440827,6.321428571428571,0.7289096625854103
1.0,0.1,243,0.0035708403065537455,0.0018295317589738596,0.7312143214149742,0.0018692528629642633,-2.687706134583143,0.561317330827336,5.857142857142857,0.5711993743093662
1.0,0.1,244,0.0029149170425519415,0.005480863965374224,-3.004386846845321,0.004921928897405393,-1.10136677200551,0.5340787751096477,6.035714285714286,0.5354747199709377
1.0,0.1,245,0.0014726000146455956,0.004496203367560901,2.055086122093037,0.0031662393301250223,3.474078763216397,0.5844896257106188,6.035714285714286,0.5826518617516561
1.0,0.1,246,0.0002933701607617478,6.591732883168532e-05,-1.0503123712176716,1.2673538366115689e-05,0.5856890953239619,0.5390737931176169,5.571428571428571,0.5389216733056239
1.0,0.1,247,0.0013300147377392974,0.0010645416799616035,-1.1985387995865864,0.0009560505818323239,-0.16621113094970497,0.5785616601556466,5.964285714285714,0.5705612675503939
1.0,0.1,248,0.001537688993233435,0.0009508053110213279,-0.6475415150748773,0.0011378417737470707,-2.19296067074824,0.5873831449332522,6.464285714285714,0.5837648370194217
1.0,0.1,249,0.001266656341446116,0.001206870063456767,0.5793417639996505,0.0009339788265718821,-2.494582737434731,0.5430415391939889,6.321428571428571,0.5425681557036417
1.0,0.1,250,0.0008740425365779075,0.0012879293367411698,1.0152897686236884,0.000831731901684114,-2.3070022731974027,0.6091140256951535,5.714285714285714,0.6078872841944492
1.0,0.1,251,0.009492228817199844,0.006261345337075197,3.0843083333408714,0.00696814257761824,2.4747372255104474,0.6355784381170916,7.035714285714286,0.6512295391366975
1.0,0.1,252,0.004178447952523748,0.002165130731533841,3.1065463403805893,0.0016657867701483301,-0.18879841131489647,0.5520440825928163,5.714285714285714,0.5717732680552667
1.0,0.1,253,0.0026562129757111462,0.003172851709937512,-1.3347342656140313,0.0025640442202407143,-2.641782911641523,0.5936316192012641,5.535714285714286,0.5962727755719335
1.0,0.1,254,0.004033351761648841,0.0009071627580266819,1.6626389742770016,0.0009282660793070339,0.5748796689868337,0.5540452122101185,5.428571428571429,0.5544562837801978
1.0,0.1,255,0.0013184605810704548,0.0008288690524253095,0.0006280432846637041,0.0015922226875673025,-0.41066532635814684,0.5917038480842711,6.357142857142857,0.5845542326144865
1.0,0.1,256,0.00785416411093437,0.011857054441686051,6.8184760404183535,0.010373343178979847,4.3669621979756625,0.6199862894446423,5.892857142857143,0.6530369886016018
1.0,0.1,257,0.0013181450654558059,0.0021694169439919076,-2.916007103103688,0.0016171773473505205,1.8670171859162774,0.5648129366515343,6.5,0.5523967700753841
1.0,0.1,258,0.002346358628960334,0.0017450254001485522,-3.410047920525102,0.0017139843827637849,-0.8605405542655641,0.5938597900419588,5.892857142857143,0.5924032575611565
1.0,0.1,259,0.0008848914762222812,0.0018329087063992044,-1.2074751842646663,0.0015581408524471302,1.505037325339875,0.5775350383318261,7.035714285714286,0.5885373505265217
1.0,0.1,260,0.0020243190844329672,0.0003961821392860115,-0.06014643063279834,0.0004871827072003178,-1.4059502356516969,0.599068822198473,5.892857142857143,0.6175766496700501
1.0,0.1,261,0.0021034700585773735,0.0017503030645683853,-2.016512271076138,0.0013872244596788558,-3.0069204294541976,0.591570038713015,5.857142857142857,0.5987972904663325
1.0,0.1,262,0.006856818147062155,0.009244701877858726,-1.8279156383432351,0.009382771304590237,-0.2828407002533216,0.5692941136033153,6.714285714285714,0.5703000099060442
1.0,0.1,263,0.0047108550997296385,0.0050366270475093785,-0.48249380479025916,0.004617460454620954,2.603670734010052,0.7449513634263004,7.714285714285714,0.7675718309280016
1.0,0.1,264,0.003280253355288448,0.002946557208136457,-4.1279208335589885,0.0035301187292248876,-2.1564791422006238,0.55972344630117,6.107142857142857,0.5532372624916275
1.0,0.1,265,0.003184370399897744,0.003589349380595738,2.9138062939281184,0.003320855957018253,1.1848741860866596,0.6459617377454032,6.571428571428571,0.6444380272782694
1.0,0.1,266,0.0018349151786159648,0.003449693319625924,-0.12233853993926402,0.001956058734798865,0.14922371209228422,0.5763231047984584,6.357142857142857,0.6113563258400232
1.0,0.1,267,0.004821651619833082,0.0027571103384024763,5.5191035519791996,0.0026103378600491932,4.601930979649524,0.5779857273397168,6.285714285714286,0.592228683461082
1.0,0.1,268,0.0042848975139809994,0.00407560161274521,2.7710788698752253,0.003546827323263144,1.4258024604353068,0.5800491587366757,7.392857142857143,0.5906671525357444
1.0,0.1,269,0.0016904961414819799,0.0011731599485700632,2.277228566647544,0.0007046964764628545,-0.8087751607714418,0.6176131281468917,6.142857142857143,0.6319208047954528
1.0,0.1,270,0.014156348935710907,0.006913930420514178,1.3016822762824845,0.00811797368860476,-1.6091805160211454,0.707681375546768,5.714285714285714,0.7333149327779324
1.0,0.1,271,0.0020264104388927067,0.0030639026405748443,1.684299957200892,0.0020505532158221216,-0.22906104910233202,0.6187519087019829,6.928571428571429,0.646117352469911
1.0,0.1,272,0.006141244308664514,0.0062830682519296206,-3.126924311383817,0.005041740042793617,-0.44152224748521957,0.5786180107830218,5.785714285714286,0.5834768239529586
1.0,0.1,273,0.002606342507907394,0.00014620178235873728,0.27739393290341496,0.0002468568974607647,0.519490921970629,0.5558067230123981,5.821428571428571,0.5779420122595054
1.0,0.1,274,0.0035436973163947972,0.003433056592273159,4.3338803087901,0.0035080509012147022,-0.4232069412628145,0.6342014316047401,6.607142857142857,0.6531680700530982
1.0,0.1,275,0.004361068496091085,0.004750920723838019,5.2947132480958246,0.004278163128701684,-0.8044275787678808,0.5930931769451929,6.142857142857143,0.6025611145013328
1.0,0.1,276,0.0018549503353535372,0.0029412025049632717,-0.21592459977720324,0.001712046359637294,-0.11715011282027869,0.540562507860688,5.714285714285714,0.5675819406553573
1.0,0.1,277,0.0015108143937941623,0.004815388965101216,-0.6079103953109808,0.002920771261418691,0.6228986886122811,0.5475741508669445,6.0,0.5704366536689798
1.0,0.1,278,0.001386932429885435,0.0007484946294354117,3.075010565003545,0.000609106538909775,-1.0767817743786168,0.5455600683649467,5.857142857142857,0.5524065468687277
1.0,0.1,279,0.0069815559298980505,0.013687585463144908,5.7931663953379555,0.01297892236973388,10.738706221845462,0.6236272815708873,7.678571428571429,0.6387238838476516
1.0,0.1,280,0.0031608783163204327,0.0007964269757058217,0.009101521523959377,0.0008038286900140206,-1.9126238369811404,0.5823366603074257,6.178571428571429,0.601945649266863
1.0,0.1,281,0.0075674973092614535,0.004441954354323403,-3.0283716504297047,0.004913610859783235,-5.716673623147339,0.5707972626037419,5.857142857142857,0.5624536605015854
1.0,0.1,282,0.003634121632418421,0.0028965377378023347,1.3411820141901103,0.0025329692835633906,-1.2580229238616027,0.5682351141618369,6.285714285714286,0.5977533260824464
1.0,0.1,283,0.0042914998160709615,0.0064254635371769325,1.9558734053003235,0.006202290677851063,5.913513496514564,0.5279169289958309,5.178571428571429,0.5465920404298972
1.0,0.1,284,0.00030988058154295285,0.00032526088251689535,1.069413013515252,0.0001144357118039696,-2.1966530075101125,0.5488057168836081,5.607142857142857,0.5385231985678649
1.0,0.1,285,0.0009371735467317116,0.0009256977351755469,0.5654341344402383,0.0007934156661331659,-1.4343286862770412,0.5353407066258437,5.928571428571429,0.5358112046085148
1.0,0.1,286,0.001999502951530973,0.0002580449380064976,2.2252776424805347,0.00023608499882194736,-0.1506801375261849,0.5400028535531425,5.785714285714286,0.5485750597793833
1.0,0.1,287,0.0030487449469151543,0.0018308805653714211,1.6653115619416639,0.0019851590983394154,-0.38820909434406303,0.5577412758845377,5.75,0.5732734526199017
1.0,0.1,288,0.000507820654413313,0.0006866445955097365,-0.4042222288336603,0.00044227965515202254,0.8564897207262732,0.570857173202447,5.928571428571429,0.5696393722652924
1.0,0.1,289,0.00317608247163154,0.004786306980428071,-0.8551364249205804,0.003279465359183791,0.8207166814718789,0.5886571047413279,6.107142857142857,0.6246414188790614
1.0,0.1,290,0.002929482877344297,0.0032802452353872403,-3.6678950562111083,0.002302923668841306,0.3679002245039366,0.5715065481898771,5.714285714285714,0.5643097324140445
1.0,0.1,291,0.0009536207770819303,0.0012301318672630257,2.4732775985787043,0.0012679568877720464,1.1853753944387695,0.6287437313155787,5.535714285714286,0.645045848106421
1.0,0.1,292,0.002372912689586137,0.0007329314435593451,-3.62132881826372,0.0014747896771505036,-3.088016886901594,0.5621542123235403,5.571428571428571,0.5734977958284787
1.0,0.1,293,0.0013016510436570086,0.001582508846380556,-1.7295129114284222,0.0018062871599010943,-0.23696140348240155,0.563362253448669,6.178571428571429,0.5644535679539768
1.0,0.1,294,0.002633279935352873,0.0011172766361789777,4.141096350960929,0.0016570111875934784,1.4375981373493876,0.5971381138723816,5.535714285714286,0.6118313452252568
1.0,0.1,295,0.002005478726468587,0.0003701285383063884,1.0301315977049583,0.000823382426282379,-1.5588403335743142,0.7074906678140837,7.035714285714286,0.7152489576185614
1.0,0.1,296,0.0008651914805748544,0.0009680898485905062,-1.2335164529268283,0.0003961983077969637,0.19006176453698723,0.5870042992489458,6.571428571428571,0.5889658195006502
1.0,0.1,297,0.003130516171285201,0.0025518608704167833,0.6146803342937517,0.002516391777754044,2.329143109720784,0.5604280723413125,6.25,0.5629980830494439
1.0,0.1,298,0.0017163413273688752,0.007824070806057267,-3.003193521519975,0.007350294113888085,5.5349008307175325,0.5866699233470067,6.0,0.5969298223534019
1.0,0.1,299,0.0035708497903996425,0.002720177001819497,4.688730727906041,0.0024465668962384583,1.445956977794329,0.5679154837212091,6.892857142857143,0.5580342582158042
1.0,0.2,0,0.002544107082300721,0.0007388916735075071,-0.564277333619259,0.0006175832280311634,-3.635542465283436,0.5756802502608337,6.0,0.5967895776727532
1.0,0.2,1,0.029574917948466537,0.028071333219808457,17.76305690016058,0.028204015518241247,15.394405155588467,0.693432497695697,6.75,0.7207666196899458
1.0,0.2,2,0.0008780071194238822,0.0007432932614053404,1.3733573397354562,0.0009890771811967341,0.5048449632184978,0.6327261605198722,6.107142857142857,0.6536790684401736
1.0,0.2,3,0.010696982538315246,0.008059157540926377,0.2978235939234466,0.00991436459281788,5.102441251432045,0.5714235607912388,6.25,0.5951645981749755
1.0,0.2,4,0.011653467417343917,0.009018023548553597,1.6561664749638894,0.008322403668533752,-0.2766515999811456,0.6807481497314134,6.928571428571429,0.6969357663822356
1.0,0.2,5,0.019335925698201317,0.012834475516480263,5.306488331933693,0.014514227487572938,-2.395015136151026,0.646027665884879,6.214285714285714,0.6937877596267328
1.0,0.2,6,0.0012556770179389647,0.0010763709341067335,-0.054662906197776806,0.0008473520578566416,0.36785909869918026,0.5560085759589122,5.535714285714286,0.55067100511536
1.0,0.2,7,0.0068092844762927705,0.011295060408174578,5.196768667319297,0.00935326368954517,2.260530591451906,0.6233091916767195,6.75,0.6316521139718017
1.0,0.2,8,0.0037715859889337487,0.006078177634510339,-0.30258518181562266,0.0047158125260521365,3.484198382099,0.6278631388641457,7.321428571428571,0.6295680677577645
1.0,0.2,9,0.0018281498787205142,0.001331596048249858,2.445653203056402,0.0007983951489481685,1.1477062938577849,0.5337662169765861,5.392857142857143,0.5276975222683694
1.0,0.2,10,0.004562485578054852,0.0027536353527164133,4.5705362648612535,0.003248523006543533,-3.035655827503357,0.6015704908071358,5.928571428571429,0.6055494336322222
1.0,0.2,11,0.00671551899729129,0.010812700368584963,3.774368271596707,0.00939841175125621,4.996552735605178,0.6171991047337294,5.821428571428571,0.6549511680605077
1.0,0.2,12,0.0052736523304296,0.0036479483075392274,1.0772375170267239,0.003913330533983176,-3.6302894297796136,0.5898096555305056,6.0,0.6080826993601698
1.0,0.2,13,0.0030730783984043615,0.0013080053417930356,0.9650366028819519,0.0007804840573709249,-0.7614111105524822,0.5347831480776455,6.214285714285714,0.5586995428509234
1.0,0.2,14,0.0036882909599005795,0.006109378865521404,0.7567363400594118,0.004122744239158903,4.009560825944902,0.5500596006371181,6.0,0.5483475984577029
1.0,0.2,15,0.005947519279472258,0.0041311744152122696,8.374782113355664,0.00412587470201952,1.2209942847394757,0.6681133467165061,6.5,0.6758280718904713
1.0,0.2,16,0.01248102835698165,0.013515129037073428,4.130641759676671,0.012101657111581956,3.541500423321897,0.5849316628083098,5.964285714285714,0.6039345326806694
1.0,0.2,17,0.01152471157391722,0.01163093447006527,4.419162040967876,0.011210465083322114,1.576228126945087,0.7040274274482081,6.535714285714286,0.7423047043158473
1.0,0.2,18,0.0013676909844154482,0.0017529024011774489,-2.326928886528627,0.002047192438955194,1.1946935717271288,0.5644119313254085,6.892857142857143,0.5559760118730905
1.0,0.2,19,0.0019147631464276108,0.001240463012695077,2.518846236273731,0.0007386569001144335,-0.45031884136983535,0.6299451087741831,6.571428571428571,0.6444009418491972
1.0,0.2,20,0.00332037456684838,0.004564807477225779,3.0593040280377437,0.004560022250773898,3.9215484772530167,0.6198685031398318,6.821428571428571,0.6506121829175069
1.0,0.2,21,0.0050274615788340315,0.001653481647942153,-0.8605846286726546,0.001211487091840479,-0.4235141684587423,0.5871876613792645,6.285714285714286,0.6081135887967524
1.0,0.2,22,0.014409196361947872,0.018287278636861012,11.072720395804545,0.017473850308545265,12.262183867810279,0.762216398778168,7.214285714285714,0.7870232843235189
1.0,0.2,23,0.002932663324939029,0.0003777323991729362,-3.2013022090623764,0.0003029934693456836,-4.118985746621367,0.5867319720786609,6.571428571428571,0.6188031041379216
1.0,0.2,24,0.005110548634893283,0.002252087081705136,4.051880460728789,0.0028077932429544515,2.220435038031411,0.5772290480875281,6.214285714285714,0.5875435877636008
1.0,0.2,25,0.008145180889747446,0.010314859022344833,-1.0859710506034403,0.00853314701791147,4.348442008875746,0.6036969723907343,6.571428571428571,0.6522205559484016
1.0,0.2,26,0.0033932692604155155,0.0021831742973234133,2.4442644087388388,0.0016440464142626133,-2.574968857128558,0.5944952301872447,6.035714285714286,0.5975727471000405
1.0,0.2,27,0.00677484244120142,0.003764902962878996,2.9288352960513606,0.002640364991401932,-0.4257963995734239,0.6012188559143414,6.892857142857143,0.6222186047639809
1.0,0.2,28,0.0016479197377718428,0.0018368532782109081,-4.324080136174572,0.0017506384273330599,-3.4376220633243313,0.6024892169707698,6.714285714285714,0.6160730050057133
1.0,0.2,29,0.014541744574971066,0.01823634680285246,8.9596082746042,0.015440976867919592,6.500120042185434,0.6799698929575244,6.428571428571429,0.7036351128523839
1.0,0.2,30,0.0035539275565017467,0.003628695606922518,-1.395907359435192,0.0038323662782000817,-2.0110699766137636,0.5696636629943292,5.928571428571429,0.5882619406720543
1.0,0.2,31,0.004244627472844517,0.0043809352938155,0.4084385752690878,0.004236673939326741,-1.402185032548772,0.5790975164947915,6.107142857142857,0.6036639508722974
1.0,0.2,32,0.005676775854746021,0.005008050123095983,-0.15486147201871603,0.0039649855813810725,-0.5096701266964866,0.5860936681200707,6.178571428571429,0.6046338550407625
1.0,0.2,33,0.002263599647696759,0.0018732158466566232,-1.5636531384320307,0.0024683857178780383,0.7082275770280452,0.5939604885863865,5.821428571428571,0.6152929738083881
1.0,0.2,34,0.006044186717947067,0.002982901718104053,2.9612683207590607,0.002881780101541387,-0.883835102996585,0.655509965832179,8.0,0.6809544912348104
1.0,0.2,35,0.005874579015591618,0.005327899641928175,-1.2259593433779656,0.006785417447434646,-1.0449977477805703,0.6825465620609846,7.357142857142857,0.7029687016731759
1.0,0.2,36,0.0031425293084558635,0.0020985234998057794,2.1942582889714615,0.0017814901029377735,1.6928751004854898,0.556242174002828,5.714285714285714,0.5516181973503171
1.0,0.2,37,0.014672658943217483,0.013813716301824621,2.8824288594619567,0.01415587841020403,0.5675997272773449,0.7155990446199876,6.714285714285714,0.7521339423102104
1.0,0.2,38,0.001179051518825167,0.003419926730085496,-1.6225741411293626,0.0028865896160090733,0.9580846470899758,0.5966964155007182,6.357142857142857,0.6220154848413659
1.0,0.2,39,0.00752053669906624,0.013718828451720474,2.6434761298406357,0.01296755056226915,8.74586060885676,0.6479185593840036,6.785714285714286,0.6788998558682393
1.0,0.2,40,0.022403266014002353,0.03132593103856412,10.90152570093128,0.024850775670022893,7.782807383308229,0.6998858070888334,6.892857142857143,0.7517828628916231
1.0,0.2,41,0.018878931046629837,0.016918869365260252,5.175923421913907,0.01708200215291424,6.163365564957748,0.7067003676894655,6.821428571428571,0.7439924785881562
1.0,0.2,42,0.003354108332615457,0.005867405463196061,3.8043294631178455,0.004099028745748462,3.230761414433099,0.6032564871383055,7.357142857142857,0.614003855325567
1.0,0.2,43,0.01792178923247806,0.02726200309695045,8.582684467743256,0.022603271207375028,4.110768195992127,0.7033800780921524,6.928571428571429,0.7301752342850859
1.0,0.2,44,0.008094322471303898,0.013364331221927234,-1.6501586182306909,0.009511116906527417,-0.7209815636193374,0.5572926980851836,6.035714285714286,0.5510285420456003
1.0,0.2,45,0.0026973562024068965,0.005333931963414225,0.03818067195171437,0.004466773337172453,1.7088448872659587,0.5853642767975228,6.285714285714286,0.6033698323392094
1.0,0.2,46,0.009636476099478675,0.010428777475919195,4.823102739518276,0.009898411662303827,2.9350759139728666,0.7155491152194052,7.214285714285714,0.7493996789882442
1.0,0.2,47,0.004652139520175233,0.00461983999108987,-4.27068109062391,0.005101588875460029,-1.1290621287708689,0.5912509672394923,6.428571428571429,0.6070816744112465
1.0,0.2,48,0.0034212905983872846,0.004212783889147346,2.5088342579755363,0.004436791630748395,-1.9709679996343443,0.585993545339586,6.357142857142857,0.5795222116297462
1.0,0.2,49,0.0025420458975575354,0.0015499477249490063,5.8003143154066805,0.0014190803362115819,2.210011048609507,0.6275349803636632,7.678571428571429,0.6279080949842228
1.0,0.2,50,0.009682736425582653,0.01182756799900093,8.027206053771067,0.011390730244739153,4.205063616957072,0.729852779018067,7.25,0.745738883445239
1.0,0.2,51,0.0003503109926437285,0.00028181047394620044,-0.7737636609955061,0.00016286017818221418,1.637748527284856,0.5884365609225695,6.571428571428571,0.5893720090537332
1.0,0.2,52,0.00405769361107347,0.004947462715136267,5.854725989879675,0.004467384224733257,1.0471285883467185,0.6502751534557636,6.571428571428571,0.6764105655934796
1.0,0.2,53,0.008037660672766931,0.0072010867092757525,5.579337351028663,0.005837707147448484,1.3305409389903577,0.5528719004046648,6.571428571428571,0.5454155964728327
1.0,0.2,54,0.015829727689319135,0.010108852971729901,11.852686040276026,0.00903058309937628,-3.591559757626925,0.6282653806752131,6.571428571428571,0.6616701083510608
1.0,0.2,55,0.0015266898925734539,0.0018819784649855384,1.6161692828938783,0.0014300704467288135,1.0631854416100452,0.6251018162274836,6.107142857142857,0.6406081897713408
1.0,0.2,56,0.004813145374654253,0.004557641201463884,1.355238561615863,0.0031050758910844633,0.8333865526337642,0.5834078127306556,6.464285714285714,0.5940514418554814
1.0,0.2,57,0.003212290267162565,0.001918802287138753,1.7569669432110047,0.0030791002082958727,0.9337529577002593,0.5628493931916924,5.964285714285714,0.5671327211414472
1.0,0.2,58,0.011804065065603981,0.015006291235867907,6.929937039319121,0.01479030811352555,4.2605409271505055,0.703885202454713,7.25,0.7179921025336575
1.0,0.2,59,0.012236457033595608,0.005613505822630915,3.0556325220282616,0.006046879229896948,-0.8728266574505691,0.52464909666882,5.928571428571429,0.5437051505007329
1.0,0.2,60,0.013927871629455746,0.017313765160035344,11.021509900076182,0.015411575485160344,7.930436373800158,0.5876731905681931,6.357142857142857,0.6041954382799912
1.0,0.2,61,0.005784553032571801,0.010681270556143643,4.370421109869675,0.008679352416507576,2.5688940081500014,0.6305605872554397,6.142857142857143,0.6726263732390135
1.0,0.2,62,0.003106682379384331,0.002334339968320824,2.5206371448951543,0.002060294524562674,-0.7004888368326286,0.5834646385816,4.857142857142857,0.5952697590539959
1.0,0.2,63,0.0011070995366288378,0.0010436602477307893,-1.4289364615787505,0.0013633323807092793,2.645984755732665,0.4955670801990238,6.071428571428571,0.5245292880114119
1.0,0.2,64,0.006202145475638458,0.0026031317233446297,1.1806448327065553,0.0024340884918345605,0.5609824306314787,0.660946966931067,7.071428571428571,0.6684360818573288
1.0,0.2,65,0.0016315787641821304,0.0008982011399576278,2.7607602565908493,0.0007239983909977707,-2.7850444674280275,0.6190594523466143,6.571428571428571,0.6213488523767121
1.0,0.2,66,0.0017124560371331342,0.0012547276444928642,3.65184099770525,0.0010350505264173158,-1.513935503370978,0.5864979043122153,6.928571428571429,0.599254023626979
1.0,0.2,67,0.004488820097176189,0.0026921091923977213,3.24136070331555,0.003147767893593218,-0.11762157600933658,0.5104164298089574,6.285714285714286,0.5149668096222617
1.0,0.2,68,0.010906349704796694,0.017451513254517454,-0.9215066778136247,0.01465772794849228,1.9432561184983683,0.6956767344570675,6.214285714285714,0.744192711741543
1.0,0.2,69,0.0074639193585086675,0.003693810776740538,-1.2006513806726247,0.005369194741987164,4.01299116502157,0.5427781722130308,6.607142857142857,0.5584526687605667
1.0,0.2,70,0.006760070166866711,0.009967990959551741,2.426892132487694,0.008931555918617929,2.0694785672021205,0.7032950478059244,6.785714285714286,0.7181308283914719
1.0,0.2,71,0.0015598937635150196,0.0014318408835218232,-0.39702244220614347,0.0018076058424284444,0.28939225592299067,0.6253446749164849,5.0,0.6385782679657216
1.0,0.2,72,0.01914271656337379,0.027184255027344728,13.07521106337709,0.02341364096548386,10.449762140786012,0.5880540510838445,7.464285714285714,0.6282330023696001
1.0,0.2,73,0.0014849697373553747,0.0016377389944452793,0.8027917581481248,0.0013036009275997598,-2.543846989263699,0.5652396296199914,7.0,0.5736181952279884
1.0,0.2,74,0.01084006311081117,0.009244811296935886,4.681625252002846,0.009082935331385057,2.791354630298713,0.5987286738076497,6.964285714285714,0.5878168652310429
1.0,0.2,75,0.021908404226246816,0.02866083585421965,9.261927113841637,0.025784703826654636,7.913921939269083,0.7009997973709868,5.428571428571429,0.7460310305261714
1.0,0.2,76,0.01902259183917164,0.023236630162619697,7.130915305452852,0.021282376124746302,5.877147731023086,0.6245108979287004,5.535714285714286,0.6667399590886461
1.0,0.2,77,0.004572713013596334,0.0011965912952291921,2.773954062171377,0.001267789088962978,0.6628021320686912,0.6167668907181054,6.214285714285714,0.6369574627161307
1.0,0.2,78,0.003685059888736557,0.0013352536162795135,2.6227445455988416,0.0013733256961755394,-1.3608515158778687,0.5841618228369843,6.571428571428571,0.5871453242528581
1.0,0.2,79,0.02528606081165208,0.02777984037791492,7.790100600258551,0.02761204039380531,6.4022488419515655,0.7011238198196993,7.571428571428571,0.7273618211824397
1.0,0.2,80,0.01664284417969952,0.017973786105745338,2.4529195872105802,0.01791074508654509,5.913808392663479,0.5929202391961973,7.107142857142857,0.6079293384876279
1.0,0.2,81,0.0015073243368819939,0.0014467052399600219,-1.1702242980908792,0.001640575094746139,-1.3983693745757175,0.6158696511878764,5.785714285714286,0.6142006686129693
1.0,0.2,82,0.005204919883868126,0.005727385031421821,2.0845169682650635,0.0065769506683919406,-2.970438284572405,0.6584250343671963,7.285714285714286,0.7001197521395801
1.0,0.2,83,0.003960097161569257,0.004781259902022722,-4.3548658009584,0.003888382250878945,-1.6898046131045799,0.5957539215185422,6.678571428571429,0.6173876920159824
1.0,0.2,84,0.012501993720144565,0.009505191069381186,8.338041079510056,0.009137900939533882,3.965574925194725,0.5837353655713594,5.821428571428571,0.5739160052046539
1.0,0.2,85,0.0008837053369545123,0.0010162886001783937,1.7981554533194029,0.0007065915238939143,0.9951110581050102,0.5576472084817528,6.428571428571429,0.5557347403278909
1.0,0.2,86,0.005434023404277042,0.004570060218414307,3.688628088897133,0.00514637421179938,2.8209112776949326,0.7015285779205366,5.857142857142857,0.7163513111849167
1.0,0.2,87,0.000789207026644386,0.0020386321072256,1.6834920162956166,0.0007535001633701414,1.5839127256463996,0.5782912915266109,6.464285714285714,0.5984453560812493
1.0,0.2,88,0.004274419972684634,0.005546220975025133,0.5328523034262531,0.0036672600633379042,3.9190769925340305,0.6009642616588187,6.142857142857143,0.6411561931200535
1.0,0.2,89,0.005416398051636506,0.0019168346180138461,-0.10355545737883176,0.0025876753424793745,3.1108394115333433,0.5959634523725227,5.714285714285714,0.6200073194184652
1.0,0.2,90,0.002603819867533332,0.0034691893183644118,1.8024823880369283,0.003069917761554956,-1.1301746236198842,0.5930606035227789,6.25,0.5988872731754398
1.0,0.2,91,0.004969707564125992,0.0038900120879893528,0.4461603620626562,0.0035602835435620565,-0.22961035245420666,0.5910372095934022,5.428571428571429,0.5932272742700987
1.0,0.2,92,0.013384525376101785,0.015983759771894715,1.1208452962874205,0.018204138256008678,4.865683779106689,0.5782825775035596,6.928571428571429,0.5952342829736224
1.0,0.2,93,0.03454956310265724,0.03979756810387297,9.563014402227658,0.03594601806152588,5.177658165963133,0.6643826947173376,5.928571428571429,0.6968243994522964
1.0,0.2,94,0.0027614772362437637,0.002304942437724537,4.231214084284964,0.002132220474761909,0.11176736631932727,0.5722516735343115,6.607142857142857,0.5841283989488519
1.0,0.2,95,0.020652917846634533,0.023453077518724462,12.001543234661227,0.021764536399376547,9.02202620502168,0.6724921015745142,6.357142857142857,0.7236260702237998
1.0,0.2,96,0.0009075406613360983,0.0016117442478905293,-1.441452448051784,0.001084169717137051,-1.019470024720846,0.6104917940378518,7.107142857142857,0.6159692824820922
1.0,0.2,97,0.009629254855610996,0.008361729065831328,6.327555963928198,0.007230630720023165,3.1570312283330018,0.588066902797344,6.607142857142857,0.5698636651817223
1.0,0.2,98,0.008979602208099267,0.013121041554398959,2.49692266764977,0.010104048307106862,6.981482512137944,0.6336243625563721,7.821428571428571,0.6779165136381413
1.0,0.2,99,0.004082819444800391,0.005538450413727622,3.7280613292194076,0.004873249591214328,-0.47893396672403316,0.6173941563604589,7.035714285714286,0.6048539033000002
1.0,0.2,100,0.001601083246663332,0.003952165101943683,-1.6120560305258778,0.0044998697134639,-0.23964933665693403,0.5975364308076621,5.678571428571429,0.6058059939900582
1.0,0.2,101,0.0019749683363663247,0.006796990776122632,0.16001514460597122,0.005686601770516399,3.708968915541552,0.6096087094345978,6.5,0.6361122830718027
1.0,0.2,102,0.01150271312389479,0.01722746405075676,3.034264547107764,0.015480093537341338,9.909285545088304,0.7593029658253573,7.535714285714286,0.8033803826257712
1.0,0.2,103,0.0014674411851106502,0.0013679920395680493,0.11268306096764036,0.0015450085465707952,0.8327097637282463,0.5971922533346772,6.678571428571429,0.5958530674897828
1.0,0.2,104,0.03142837841111516,0.022446951732528433,11.503998068743456,0.025272834799134707,14.253042776119884,0.7283148969525,7.571428571428571,0.7805853966663076
1.0,0.2,105,0.0019086479257550302,0.001517872262800926,-3.74685832842475,0.0010591723940960988,-1.114347928328603,0.5701634324259663,5.857142857142857,0.5688985588840647
1.0,0.2,106,0.007737794412555019,0.007132890639035448,6.553807376910029,0.006043652369650084,0.580145053628371,0.6614307119410404,5.785714285714286,0.6901399193407509
1.0,0.2,107,0.0036179131102351656,0.0029233367161660257,-5.182057920706519,0.0026521436923919893,0.2272423320393102,0.6084124334642028,6.25,0.6071455655545787
1.0,0.2,108,0.007689875931722834,0.005988957758679061,9.340280265175203,0.006729556030572745,6.366904958761087,0.655055892066917,6.928571428571429,0.689814881195792
1.0,0.2,109,0.004921129494222653,0.007254309189341446,5.6314800388375446,0.005763664874086399,3.2766557715494287,0.643371466439116,7.142857142857143,0.6549437449396356
1.0,0.2,110,0.00909494200420559,0.012509043079150526,5.484428990519412,0.011703095774036899,7.213170293419324,0.6463279498421388,8.0,0.687304357576641
1.0,0.2,111,0.0021586601914672177,0.002525813551879894,2.4113777356794657,0.0022545776601794274,3.3418629453489266,0.5242916743662673,5.214285714285714,0.5401773676276623
1.0,0.2,112,0.021884779706577644,0.029381128657635154,3.853030640824077,0.027928645098330065,7.09909210143682,0.6692362947646195,6.392857142857143,0.7116727635249527
1.0,0.2,113,0.003291261402527967,0.0009632449139819106,-0.29263079390288027,0.0015600132228530566,-1.917659756585029,0.5855255106849417,5.857142857142857,0.5836712332757428
1.0,0.2,114,0.008654827783783582,0.014067707723244132,5.833342590268472,0.013542569723361176,11.353560110399476,0.6552456133470173,7.178571428571429,0.6915245224935425
1.0,0.2,115,0.016488587462650233,0.018573317806278168,13.900273945065962,0.017511135069006385,12.15737940110831,0.6807701928743297,6.892857142857143,0.7085062894931342
1.0,0.2,116,0.001350267785736017,0.0031501153363389252,-2.488777955870887,0.001436807545389957,1.2417272965469976,0.519365272921356,5.5,0.5037197957750583
1.0,0.2,117,0.005896607791367102,0.0035285382806317864,4.20448141378035,0.004315307722506263,1.7676011908528626,0.6123314594227172,6.857142857142857,0.6189458533674824
1.0,0.2,118,0.0008544823133896576,0.0018692789954599307,-0.8495596662755389,0.001808457165362823,1.3573229167511631,0.5994091484708457,6.392857142857143,0.6173296951122587
1.0,0.2,119,0.0018149980414190743,0.0013947230306532753,-3.113908004261148,0.0010049741375201455,-4.65794088061575,0.5699046182524056,5.642857142857143,0.5622036180059787
1.0,0.2,120,0.015379376999829292,0.017818352995621588,10.682701269878521,0.016748721536389156,5.998937493179255,0.6335045625200648,6.642857142857143,0.6707567827974867
1.0,0.2,121,0.00400922183661195,0.0034296902350479845,-1.4157300850543564,0.0033334154651975985,-3.8107465085685894,0.5699033987677886,5.964285714285714,0.566373088438876
1.0,0.2,122,0.000883710055701232,0.0007840341299384267,-2.083509380596979,0.0006264117238520733,-0.3397755182347453,0.5710575989478616,6.5,0.5733611218902548
1.0,0.2,123,0.0018878561681691655,0.0012928788059689896,4.121101933907362,0.0011831475726707579,-2.017405152389595,0.7049086724936052,6.107142857142857,0.721567984815956
1.0,0.2,124,0.001770775254949989,0.0018544991418060616,-0.36285687900979013,0.0014373997420319485,0.7348711331946353,0.5747615274644254,6.964285714285714,0.5909533450264922
1.0,0.2,125,0.006252989837252972,0.0056210909238554405,5.009678297423349,0.004826610225768647,2.739864222302591,0.6048673159147402,6.428571428571429,0.6075618940044624
1.0,0.2,126,0.013140462041655832,0.01915730912945389,10.444642493094484,0.0168352427258039,9.531510612713248,0.655665265477352,6.928571428571429,0.7046112029549091
1.0,0.2,127,0.008948641361761867,0.004598566166215124,-0.29850076085637056,0.004168215940496919,-1.9857800971125055,0.6824947662820426,6.464285714285714,0.6895169806932623
1.0,0.2,128,0.0008242439067912638,0.0005498071738822717,-1.757003441186825,0.0005507638411130007,-1.7969746305738852,0.5824428737176666,5.785714285714286,0.6055244686105363
1.0,0.2,129,0.0010203384916676287,0.002848968547674126,1.5553006590236649,0.0031717270738315134,-0.26209531381412415,0.578602083544511,6.142857142857143,0.5876776263933307
1.0,0.2,130,0.012477840243440338,0.016730341740175986,-1.7489825406919337,0.01490209312666973,2.1070270551693873,0.657717151992254,6.285714285714286,0.6934313592990111
1.0,0.2,131,0.003246054568744242,0.00714230062147871,-0.29467812017306727,0.004772033238025973,1.7834610678023448,0.6046594853514657,7.535714285714286,0.6107811043814464
1.0,0.2,132,0.008488820399263177,0.006915917716529329,3.493686517924523,0.007066301201383867,-0.970633602158936,0.6479281014447015,5.607142857142857,0.666701224077158
1.0,0.2,133,0.0017557605610530283,0.0007044695352435836,-0.7610422095824987,0.0009440608139476353,-2.6453635328383314,0.6829247287766849,6.785714285714286,0.6970877894836718
1.0,0.2,134,0.010069378988735871,0.01547526228798497,1.0800761805466124,0.014184377517705807,3.1491750142417345,0.6930044044180063,7.678571428571429,0.7226036208203271
1.0,0.2,135,0.0009222522186095834,0.001600177090193603,0.9785394757337968,0.001139942945255299,-0.13200102394425053,0.5892479619013627,5.857142857142857,0.5971201580122926
1.0,0.2,136,0.0031240041089154193,0.0023445808692226216,1.0580888723772475,0.0011524380681707989,0.49935654745774133,0.6189879302264435,6.464285714285714,0.6256440028845363
1.0,0.2,137,0.0011732617620734027,0.00017748493088671585,1.0529175883382749,0.00021649560228838568,-2.1098938162882916,0.5618709051495078,4.821428571428571,0.5687317498914608
1.0,0.2,138,0.0011512967901107427,0.002324811953588155,-0.5186412497794777,0.0018365885652542372,0.9253612721178021,0.6431039385551551,6.428571428571429,0.6525901831107395
1.0,0.2,139,0.01615888554082319,0.015599532391894818,7.7319394296414,0.016088439464017765,9.035915971926329,0.5376269572370359,7.607142857142857,0.5532644504262035
1.0,0.2,140,0.007307623045618464,0.0094961113406915,-1.7807382650705748,0.008154185626843438,-2.2105340710835435,0.6106171195055118,6.25,0.6227193938452501
1.0,0.2,141,0.0019507063747476877,0.0025117610171455935,2.6592566779730333,0.0025405499003479126,1.6566791417249174,0.6040871460828426,7.321428571428571,0.6296047407912326
1.0,0.2,142,0.0015890663221455094,0.0017203936619475063,1.6420460819492746,0.0015430783606068085,1.6383823698449096,0.617503609068948,5.892857142857143,0.6279081553347992
1.0,0.2,143,0.01579106158015962,0.023230822115697984,0.344599198558285,0.01786045961990704,2.955951144089435,0.5915299737147446,5.75,0.585373008881729
1.0,0.2,144,0.009207513891544146,0.014805870201084138,2.5347557516304775,0.013273016611449385,8.739985402657046,0.6152199961597402,6.464285714285714,0.6519382963035356
1.0,0.2,145,0.01783468998416145,0.0178360349557513,3.9728369755363744,0.019878877287986832,5.666209043841377,0.6559696927423391,6.571428571428571,0.6711134547028014
1.0,0.2,146,0.005092478385212099,0.005711575979667817,5.387937640195375,0.005039755169226574,5.882365225751386,0.5446253767802435,5.964285714285714,0.536309408673437
1.0,0.2,147,0.009459237923683243,0.010300029371867936,9.109109488360026,0.009770840761397793,3.7578116583769563,0.593082691602455,7.071428571428571,0.6063905094373692
1.0,0.2,148,0.0036099789792879045,0.003362477519799056,4.5572185568756325,0.003116918495936869,1.8279349910624678,0.5616700257585358,5.892857142857143,0.5642310453211152
1.0,0.2,149,0.031185040961779008,0.021956896904214734,10.587711411593702,0.024346107599367478,6.972063321317847,0.6666257185685783,6.392857142857143,0.6915124825535914
1.0,0.2,150,0.006642374289456742,0.006195725470386614,4.342775738224056,0.006486081989019517,6.2766615378862225,0.5574794867891009,5.857142857142857,0.5755670360344892
1.0,0.2,151,0.002324427305511776,0.004125055596816079,-4.228538724645375,0.004622547383838602,0.718790822982489,0.550449306683201,5.928571428571429,0.5487855122970058
1.0,0.2,152,0.005990315242496668,0.004193732438276495,2.8401288615184512,0.003335970101202582,-2.9196128007266586,0.6009801724618704,5.75,0.609168174882049
1.0,0.2,153,0.0019359410643719195,0.0011042857833861365,5.906742713588827,0.000517051639558674,2.5011290876490286,0.6039265015357244,6.107142857142857,0.6238570424402501
1.0,0.2,154,0.009526730796852829,0.016933694490257726,2.200455886487532,0.01691496763541759,7.116625203615058,0.6277747893356802,5.857142857142857,0.6655694194296196
1.0,0.2,155,0.012985662003650304,0.01103044855839881,3.300551310041989,0.01132004632539703,1.512794175568511,0.7565248621955306,7.642857142857143,0.7891127721478429
1.0,0.2,156,0.005198683484022077,0.005618017015946927,3.3866584568984948,0.005330067454802409,2.7053717484695405,0.6189102570513467,6.75,0.6337509863107241
1.0,0.2,157,0.0028775916959067754,0.0034045558120514036,0.28398113523405755,0.003146637025378159,-0.06620562758822264,0.5793490867982063,7.071428571428571,0.5754763794106144
1.0,0.2,158,0.03002695432773695,0.02929457252165196,10.039709855668793,0.027613323856192737,4.306052234874916,0.6806825614648616,6.428571428571429,0.7082566593931314
1.0,0.2,159,0.012293968415760618,0.013841938747026442,7.004060104249525,0.012288969020656272,5.296325188483697,0.6753375805733526,5.928571428571429,0.6910520378325089
1.0,0.2,160,0.012868928494106521,0.01921350140026246,10.170723041111906,0.017462690843474286,9.696220731071927,0.6808642244351562,7.678571428571429,0.7077845468939844
1.0,0.2,161,0.024422146914472826,0.021997888072602594,11.183827289230486,0.02054862260381667,9.565525975262867,0.7344358188507739,8.178571428571429,0.7592960167649072
1.0,0.2,162,0.022773120349428976,0.01902884754187035,4.050444091832304,0.021621339386042437,4.717857082826829,0.7217185927572596,6.928571428571429,0.7458842176911468
1.0,0.2,163,0.007393688555118644,0.008820790281684091,-1.3170829192381674,0.007835582986429635,-1.8728089687337217,0.7008724372659811,6.0,0.7379414582412159
1.0,0.2,164,0.0007075980655699277,0.0004636115705614831,-5.770575443093392,0.0006040014868021135,2.735613992173436,0.5321553509144091,5.107142857142857,0.5611000775449582
1.0,0.2,165,0.006498230677182731,0.005473440393275961,7.388649685371149,0.0038072799028853244,1.0421579223237245,0.6604578263247413,5.857142857142857,0.6728984034612142
1.0,0.2,166,0.00323103235374292,0.004632230467779838,3.791717352570714,0.0037381306170370496,1.2848908725297008,0.6734049307216968,7.071428571428571,0.6998102341511327
1.0,0.2,167,0.005187434834857768,0.003927281433609385,3.5721271633831577,0.003928809472856407,2.3147725636575274,0.6679850270486146,6.428571428571429,0.6710535466974981
1.0,0.2,168,0.0019256323025646116,0.004246466935361786,2.719642243427735,0.003812603573065786,4.161750808558992,0.5761391139597122,5.607142857142857,0.5846860382728971
1.0,0.2,169,0.003754938236919237,0.005389288415945987,1.8148635744065658,0.005308875450473195,4.015699148347504,0.6054384666419714,6.535714285714286,0.6288250314636472
1.0,0.2,170,0.009219523385457774,0.010391173914809084,3.0041973030479525,0.009937434416330672,2.4087484886164154,0.5925033979063931,6.464285714285714,0.6165899982166908
1.0,0.2,171,0.008197871398508205,0.014444740137556965,4.541849892796073,0.013017473209363887,5.90212147280199,0.7102068087584736,6.821428571428571,0.7328836876772991
1.0,0.2,172,0.009006093045839715,0.01406505379723302,3.845516895736665,0.011520539133831113,7.6663447742051005,0.6408020239755021,6.607142857142857,0.6598503775439006
1.0,0.2,173,0.0009625459196709547,0.0006605434338165217,-3.62846181930135,0.000480084908956594,0.23458170808986742,0.5781823624335785,6.392857142857143,0.5723369424369313
1.0,0.2,174,0.009926498990795963,0.010741240146279548,9.232895160429116,0.008945093043411118,5.606625350524259,0.6862114375855819,6.535714285714286,0.7084821693795147
1.0,0.2,175,0.00359615524421508,0.0024123360565521845,-1.223696123113001,0.0040841526213347195,-3.919092416228201,0.532573143420321,5.178571428571429,0.5486220024692336
1.0,0.2,176,0.0030084330801069385,0.0038503365072248327,-0.26872687553427,0.001642879010787171,0.2773036804165467,0.5845672882462278,6.071428571428571,0.5975993315288545
1.0,0.2,177,0.000700574724517299,0.0016083644979327401,2.763029715734895,0.0011287522337411536,-0.234676204863329,0.5725644887277109,6.392857142857143,0.5902831217025546
1.0,0.2,178,0.009285188532758209,0.008193974319682025,6.111652828882917,0.0075509914477348205,-2.5400286280641162,0.7094173497983359,6.357142857142857,0.7356865997796873
1.0,0.2,179,0.010171519011062948,0.009680273004971469,0.054336070714832374,0.00755402698165,3.393245963626081,0.5303031641283171,5.821428571428571,0.5369761920145314
1.0,0.2,180,0.008722864182768622,0.010648985276320197,-1.1502502770974417,0.009775641760763204,0.6468296799875569,0.6261407845640506,5.857142857142857,0.6504169085697974
1.0,0.2,181,0.0028509009857637453,0.002899119608297627,0.9361601789803728,0.0020922758077720656,1.802849275985153,0.5704906438253389,6.428571428571429,0.5815633988762552
1.0,0.2,182,0.0004968536409882129,0.002091676667808569,-0.8977527336057207,0.0017102041720762897,1.463814911469541,0.7239074137989082,6.821428571428571,0.72449357958132
1.0,0.2,183,0.0031073215569517696,0.0011682851199010032,2.3478647704031275,0.000726534493019689,1.2507715306240925,0.6289140097648025,5.714285714285714,0.6250374494184847
1.0,0.2,184,0.0023358047796646795,0.005032526405153774,3.772166197949069,0.005514415838209082,5.106610721811156,0.5818094322259776,6.857142857142857,0.6041442911666657
1.0,0.2,185,0.00706843319662369,0.004588877204781131,-1.8236095372558907,0.004463092560284449,0.650961628795225,0.6158760045372914,7.107142857142857,0.6319878140518883
1.0,0.2,186,0.0033459940499318275,0.0005597146617829438,-0.10647112326669372,0.0011382259555717316,0.5908475915643407,0.5756496689174029,5.428571428571429,0.5721160995617739
1.0,0.2,187,0.007456366550162001,0.00241700011438815,3.891968449683219,0.00224001273668759,-0.6411324693029125,0.7298871641018776,7.464285714285714,0.7565091981495045
1.0,0.2,188,0.01945140485914094,0.022209691258599232,1.6328416450602354,0.022196426388302323,5.137193520849631,0.7233082686943346,7.25,0.7438401336169804
1.0,0.2,189,0.0021691508862277846,0.0037695399402721858,-0.30884400729569705,0.003310115158297484,2.1568864343946266,0.5848063912247763,6.964285714285714,0.5975536662595332
1.0,0.2,190,0.016858638047732626,0.02050521129076798,8.886164751964973,0.019919187205950116,7.992298301701737,0.6315894912024376,7.178571428571429,0.6739723419646106
1.0,0.2,191,0.011500628478692279,0.010183675959297778,0.7482533559028326,0.010767880243203399,3.084172389078437,0.6569736684085031,6.321428571428571,0.6886378538498243
1.0,0.2,192,0.010048831738717377,0.010322764029767522,5.361873202057637,0.008141060066146767,-0.030633481256273853,0.5696262064605863,6.0,0.5798452179719732
1.0,0.2,193,0.005724230136166585,0.0016419897809868795,6.420001146388863,0.0023180884360991492,-0.503304957244192,0.6459532096880277,7.071428571428571,0.6587700921715742
1.0,0.2,194,0.0010705606000328454,0.00015294827127494413,1.3965385447407854,0.00022631737713099085,-0.49870031746503213,0.5855218849143399,5.571428571428571,0.5989192690392526
1.0,0.2,195,0.003431364789390307,0.007119860477883535,0.21681348778341203,0.006414011722951497,2.043949493171605,0.6038587805791414,6.75,0.6256518384010122
1.0,0.2,196,0.0014834926594978932,0.0006467676922137498,3.0944821961170135,0.0006625866420068998,-0.5269769895132109,0.5561219241039976,5.392857142857143,0.5647959468311625
1.0,0.2,197,0.005935273394408359,0.003931141397111634,-1.423489553800536,0.004019589886669652,-1.447576400785825,0.5421772994899008,6.035714285714286,0.5475789634608492
1.0,0.2,198,0.0020017605349977614,0.0031808171815567183,-1.6350372063766088,0.0029075373375978303,-5.566078580922228,0.5552945637430876,6.678571428571429,0.5621312677235497
1.0,0.2,199,0.003342606144827152,0.003563070770092424,-2.3561294807436255,0.0038102269594450333,-1.389839159149356,0.5803981080924977,6.214285714285714,0.5911306650777837
1.0,0.2,200,0.0037826471661001225,0.009193348843389735,-0.4321827257603772,0.007311908956707557,0.5526319534366166,0.5574798353949014,5.892857142857143,0.5883132587786791
1.0,0.2,201,0.0050621542372758545,0.0061378608061907,5.2023670867017415,0.005148596000852307,1.0331881475997118,0.6881671517870148,6.857142857142857,0.7064208451574152
1.0,0.2,202,0.013080737903688534,0.005975273754306704,5.751252264162524,0.006635760350396943,-2.849577436315665,0.6391123001270363,6.321428571428571,0.6544412459253743
1.0,0.2,203,0.00812133227272186,0.0074769908487355785,11.012009563018125,0.007064343516976618,2.8385862150378216,0.647222233998488,7.035714285714286,0.6694600500836355
1.0,0.2,204,0.0012064530509180457,0.00011520138725204968,2.7137372101370687,6.18888048476959e-05,-2.7072649833464006,0.5028566796668659,5.464285714285714,0.5124143825863724
1.0,0.2,205,0.00657558655273519,0.007909952800060094,5.513195286278112,0.007184669701598731,2.6921475461938846,0.6334167486373821,6.571428571428571,0.6600170557769228
1.0,0.2,206,0.0029755121203334555,0.0025837531342719567,-0.6206537101564251,0.0017847378085445716,1.3218823773417796,0.5432653593286326,5.928571428571429,0.5551162575646115
1.0,0.2,207,0.0013915244779345408,0.0023828684364705036,-3.2120170852343577,0.00266337720221054,1.4310525415705417,0.5707094771398614,5.857142857142857,0.5754751623406611
1.0,0.2,208,0.001883812033281408,0.000498670911483958,-4.13304757393977,0.000633511446507326,-4.752025470722032,0.5979087241506832,7.142857142857143,0.607799122061057
1.0,0.2,209,0.019379627213148936,0.021848638662205648,10.367102183948987,0.02047376716927473,6.9145043085217806,0.654516955249869,6.357142857142857,0.6900852014850003
1.0,0.2,210,0.0030939740540484113,0.004701613248845362,0.4075142656723898,0.0038881195693859115,0.2011884559696758,0.5355837981421325,6.821428571428571,0.5404412304052177
1.0,0.2,211,0.015859445192312974,0.016885610961058797,10.674805355321997,0.017303186457370237,9.885095305167008,0.6657836668696774,7.75,0.7147033180007497
1.0,0.2,212,0.011937533176400056,0.009234209028048756,5.454423431843203,0.009318257083228419,1.759631700747614,0.7581115664531233,7.964285714285714,0.7923563641576097
1.0,0.2,213,0.0006387215246965418,0.0002657012026163022,-0.944590926634703,0.0003488945786524637,-2.42922770043315,0.5975983113610074,6.035714285714286,0.6070718674426148
1.0,0.2,214,0.0021898026308451285,0.001311119714225803,1.7548078244162326,0.001222142770344705,-1.4859555869034484,0.5613741846804143,6.0,0.5639061882278849
1.0,0.2,215,0.0004253859019525579,0.0014253610627517138,-1.545373931321798,0.0009699425548076846,-1.0197441350579481,0.5530963831558943,6.035714285714286,0.5633803838327828
1.0,0.2,216,0.02644991484580294,0.024750417751747508,4.929218234613618,0.024164187256816908,1.9692314824543569,0.6932488358451367,7.392857142857143,0.7361248354887298
1.0,0.2,217,0.018299385184030244,0.019224611379434604,4.563599405481497,0.01947444645955452,4.0575235405404255,0.7274551020410068,7.821428571428571,0.7714305663024984
1.0,0.2,218,0.0024506317326461304,0.0011580066101278996,2.1888969673112797,0.0007179969361051295,-3.367495517921924,0.5954349338240332,6.107142857142857,0.608322200621801
1.0,0.2,219,0.0032373945013176937,0.005559805495805517,-2.4779906046897793,0.005081473221060991,-3.871556937339278,0.5649462587951645,6.642857142857143,0.5605723821651354
1.0,0.2,220,0.0017151440249298165,0.0016142104269017841,-1.0594515979394359,0.0018806266062874261,1.63960958116193,0.5115153633370044,5.535714285714286,0.5107912437811686
1.0,0.2,221,0.014566801034593594,0.010664217155398873,5.953722725709554,0.011467302441900137,3.0446316290483346,0.6907803215774911,6.571428571428571,0.716452016179728
1.0,0.2,222,0.0008060240017140364,0.0006858641834240685,1.632883960372979,0.0005673114011594824,-1.045194404189014,0.5677933957798388,6.071428571428571,0.5869284544573001
1.0,0.2,223,0.002078936433243998,0.0010112975445109452,0.7313207813137765,0.0009040232794905546,2.02149274075515,0.6009229906706255,5.785714285714286,0.5929282874571975
1.0,0.2,224,0.005920743581765674,0.004913584774468305,0.31856747065643987,0.00524816504933344,1.3396930027612086,0.5586828717497313,5.535714285714286,0.5601997877661347
1.0,0.2,225,0.004035569897600454,0.005484229178776316,0.9135790120529776,0.004339510906687408,0.7058396225087998,0.5842531698057228,5.892857142857143,0.58434447412849
1.0,0.2,226,0.0010109660349258125,0.0002558919994070932,1.508814976036561,0.00025944022409339797,-0.08236418123866922,0.589738259620898,6.035714285714286,0.6025317036538668
1.0,0.2,227,0.0013316427875943227,0.0018917413286786936,-1.5968737950508327,0.001667790017381778,-1.1289074526500447,0.6080313607706233,5.714285714285714,0.6185696781676273
1.0,0.2,228,0.03559226698021988,0.03217251568759273,10.775448262203593,0.02961193185276386,-0.9421128176930248,0.690673535435999,7.25,0.7433327361476179
1.0,0.2,229,0.0028727974830867185,0.0031597641998654486,2.8561163231412294,0.00259957740096002,1.748998821226839,0.579250343588366,6.678571428571429,0.5911940734165062
1.0,0.2,230,0.01944041407901026,0.021640079427326694,7.252129504046081,0.021910936841019683,9.42799008811438,0.6919112888775143,7.035714285714286,0.7087137948909525
1.0,0.2,231,0.010838829596756656,0.008689151101351406,-0.013276618623237368,0.009701038332866787,-4.287164363053108,0.6269043518751142,6.821428571428571,0.6617657237806129
1.0,0.2,232,0.0006302738387409856,0.0005386405050517487,0.9033426577932744,0.00031992346534741366,-3.7340211822534,0.5608317650579485,5.464285714285714,0.5747958059628593
1.0,0.2,233,0.024574718720014807,0.03203237620735792,8.137464291800402,0.029601664912826564,11.635161697754919,0.7024059324207597,6.5,0.7438308094529582
1.0,0.2,234,0.002672238430747757,0.005685578445974622,3.1261939421217235,0.003816849198856097,5.357494272322526,0.6084118718758781,6.071428571428571,0.6216434637728391
1.0,0.2,235,0.001249737170967825,0.0013371883384193214,0.09390325418115708,0.001217555616813809,-1.910373020014011,0.5534548649378067,5.964285714285714,0.5504539341512148
1.0,0.2,236,0.0035708137139553306,0.005081339448731695,-0.2708863631007574,0.0046880383530480164,-0.5777884958735342,0.6200944966022709,6.035714285714286,0.6481574634644778
1.0,0.2,237,0.0015111432337997263,0.0023788351946008243,-0.4608535097113844,0.0016115164193118033,-0.5087603523359974,0.5751248604211241,6.071428571428571,0.5973082506414349
1.0,0.2,238,0.004096142587602937,0.004609131175964805,2.4114480426063025,0.00362350090971358,0.1757485138858783,0.6020527534488176,6.785714285714286,0.6090349107513802
1.0,0.2,239,0.011793708780662965,0.01578029597513744,11.34108150334874,0.01317781970981722,3.4416553684823534,0.6798098400065448,7.285714285714286,0.7014559440718335
1.0,0.2,240,0.0024601920731105687,0.0014006166712417134,2.2098530905313396,0.0012932898795347085,-1.481192787099502,0.6112305945616843,6.785714285714286,0.6137652392057198
1.0,0.2,241,0.022073292529884395,0.024884670332365248,9.786453433659378,0.024619091810400895,6.111149118853395,0.7013376424011583,7.035714285714286,0.7208694470133533
1.0,0.2,242,0.002200017946276421,0.0004229348815280045,0.3164838335864957,0.00019801764556286115,-0.6610563070924703,0.5702173495687981,5.785714285714286,0.5643267009843849
1.0,0.2,243,0.001503104304456177,0.0009847494075548,-1.8295036060862913,0.0007934119655391335,-1.7836309586932277,0.5630736409726164,6.178571428571429,0.5759049992611833
1.0,0.2,244,0.005312543292755058,0.0026326478908469332,-0.11942528146492037,0.0025813433588139276,-3.262428668680409,0.5598524636419134,5.821428571428571,0.5791820053733036
1.0,0.2,245,0.00023850084233530038,0.00014594738066846266,-2.803785620684934,0.00013784636569308452,-1.586146879438246,0.5766539910200523,5.642857142857143,0.5893669898974796
1.0,0.2,246,0.003915687575654098,0.006089597516592341,2.9983505085588718,0.004006197235380847,3.5496748779623792,0.5576901016533127,5.75,0.5807377426433264
1.0,0.2,247,0.011673122254141534,0.011232389089701025,4.592140040736034,0.011190374908792253,-1.3573844441141223,0.7170914869083619,7.071428571428571,0.7605111655581716
1.0,0.2,248,0.012793828996044691,0.014936404853926673,8.561176708594445,0.012960460825868941,7.360455173679033,0.6496013940684726,5.428571428571429,0.6729959400507752
1.0,0.2,249,0.003931091001887725,0.0033980876812651074,-1.7302186429987003,0.002705533093684776,-5.247274331157532,0.5941033219930097,5.964285714285714,0.6063452364467933
1.0,0.2,250,0.001909235231283904,0.0015158245639551346,-2.3056279623151,0.0017406688066900118,-3.3558863494082423,0.5640060560793421,6.678571428571429,0.5762630592297504
1.0,0.2,251,0.0015900601527631011,0.0005456182273431794,-0.7378905890775016,0.00029650674618261893,1.002156731456239,0.5859109968206145,6.571428571428571,0.5841291633894836
1.0,0.2,252,0.0011121424391817502,0.000924749683689952,2.6398015786339784,0.0009405113022953055,-1.3017132439138284,0.5546658649981441,5.25,0.5508320103942199
1.0,0.2,253,0.0071449616139501486,0.006417085278555282,4.476896880643565,0.006841196779478836,4.129052668498654,0.5982643219876379,7.678571428571429,0.6209480843170574
1.0,0.2,254,0.0061186269825254545,0.0059884065175575055,-0.14463940021520472,0.004545970341651619,-0.5020134089455155,0.5834874157648998,5.928571428571429,0.5893496994573996
1.0,0.2,255,0.008777440401242304,0.008067430386421702,7.247844426033019,0.007942662913390545,3.6879631227181826,0.5884425767642177,6.892857142857143,0.5984551429330222
1.0,0.2,256,0.008324847028999372,0.010944159801517715,4.233200118802166,0.009824790330809813,6.102587105484797,0.6658678520785308,7.071428571428571,0.7118840307753538
1.0,0.2,257,0.006642799477211475,0.006776428854155244,3.23542200187309,0.0067871961564257,4.755149721829885,0.6773094670809997,7.0,0.6915259809658004
1.0,0.2,258,0.0014302625347122153,0.0025909534794143654,-1.384556654105701,0.0026133454405913082,0.6531360533726817,0.5649841737893716,5.678571428571429,0.564242974618343
1.0,0.2,259,0.01698610562618161,0.02130606315362125,2.168611211891889,0.02269254526666379,2.687221438581029,0.6540109791220994,6.964285714285714,0.6837597167759529
1.0,0.2,260,0.00907229632869081,0.010795786622324907,1.2623429683414429,0.01101061121090127,1.2692780551976075,0.6916723237084342,6.607142857142857,0.7286828550616387
1.0,0.2,261,0.0010460269909044351,0.0008566909795455004,-3.2807934609102816,0.0004768604918704018,-0.2166654354007278,0.619887898727698,6.678571428571429,0.6265581431205969
1.0,0.2,262,0.009418674798952443,0.00818117676830366,6.8518538910533096,0.006855942189983215,4.505961461983399,0.7085944931925969,7.464285714285714,0.7351398034424985
1.0,0.2,263,0.01461920321712615,0.02067019027431482,8.826102524431285,0.017910767549236244,6.4028808354079745,0.5895712606070695,5.892857142857143,0.6138902956580259
1.0,0.2,264,0.0022489830992762304,0.0022298917653938576,-0.46508606305137334,0.001997002531895731,-1.108996792490558,0.6046864001815327,6.142857142857143,0.6033659095517566
1.0,0.2,265,0.02102905092841454,0.029884362126502605,5.788942563254672,0.030341458101844365,17.577494184310893,0.6976493709340567,6.392857142857143,0.7484450334571273
1.0,0.2,266,0.003831062778446783,0.0018789874778601143,2.565176134237859,0.002556309257314493,0.40344072329861547,0.6128401475098378,6.071428571428571,0.6283321986000064
1.0,0.2,267,0.015562129444033523,0.015497976946443977,5.094132564462122,0.01676800197683897,2.8026287451082035,0.7175928831326958,5.571428571428571,0.7516232557344451
1.0,0.2,268,0.008703975483570206,0.014613019745885367,2.0873199965234477,0.010728913332981047,3.6322851907564484,0.5724835800290125,5.964285714285714,0.574505700743088
1.0,0.2,269,0.0014772879664413986,0.0024291327050104264,0.0428577410102946,0.002480903537610062,3.5845057703697214,0.5846151960424836,5.535714285714286,0.6126294916538698
1.0,0.2,270,0.02512506780134224,0.012975676281483724,7.439304324640812,0.014606255351098501,-2.0558039283487424,0.6824931351108143,7.464285714285714,0.722234235060294
1.0,0.2,271,0.007296627792306557,0.009648573313035157,-0.656865601536083,0.008382349358456788,0.5020488606567047,0.5366632691735803,6.0,0.5239159752808263
1.0,0.2,272,0.017032958453574762,0.018103164021735292,3.15444258812483,0.01989138158807531,7.6179458508861915,0.6582003574459485,6.428571428571429,0.6743162698399188
1.0,0.2,273,0.0006030000455474392,0.0006224359468396275,0.010988800975901825,0.00039987233836054304,1.7716120992674955,0.562197827349778,5.821428571428571,0.5664560604227151
1.0,0.2,274,0.007301776767354284,0.005740755837780482,-0.6857972533102625,0.005577344288547882,-2.8323511069951146,0.6295026026669545,6.5,0.635906336730536
1.0,0.2,275,0.004521646969723605,0.004158891273348157,4.103059516606741,0.0039847287647452115,0.3575839656371708,0.6502753479508568,7.571428571428571,0.6534663024837969
1.0,0.2,276,0.004434848395902495,0.00714385537153203,3.0233305775483856,0.005627363205705935,4.463713276343668,0.5677437338861233,5.785714285714286,0.5869580362980653
1.0,0.2,277,0.009124854970556763,0.008731825577261234,5.623101073269275,0.008576871216069315,1.4657247463055683,0.6579358506084441,6.464285714285714,0.6744754042509165
1.0,0.2,278,0.0020948233652766106,0.007836555073271688,-6.7696279339870955,0.006093699878771879,1.119090618704443,0.5543304814592963,5.892857142857143,0.576218379686507
1.0,0.2,279,0.006921786200078165,0.004721289851895039,7.509247348960415,0.00511646637539774,3.8838411969776225,0.6356327837524459,7.357142857142857,0.6715572627817127
1.0,0.2,280,0.0058044617588040755,0.002137680042831179,-1.2684538408656962,0.0025369903694696387,-3.2269759499903614,0.5384242965195652,5.428571428571429,0.552147079624805
1.0,0.2,281,0.0021186162757132736,0.0029487543310452655,0.14297439014545432,0.003297234840537593,-2.777103543655907,0.6067620584204555,7.392857142857143,0.6218727657870933
1.0,0.2,282,0.0015413448013306768,0.0014195543072200232,-4.67013259345876,0.001299817899395377,-1.3301460625517336,0.5888071036865357,5.714285714285714,0.5926466313180936
1.0,0.2,283,0.020701114331972574,0.023456899367733958,13.047373455216828,0.020277845164569083,5.0694878046927085,0.7080855637941514,6.642857142857143,0.7598762875550257
1.0,0.2,284,0.0014097266836972367,0.0015342374988298378,-2.5257783504644635,0.0013004489257104333,-0.29425912641175955,0.5905278958075799,6.178571428571429,0.6150297145365946
1.0,0.2,285,0.002307568635211593,0.0008174799076695857,2.74815425356185,0.0009448345785388238,-1.304934653890939,0.6440570452955651,6.535714285714286,0.6392687389079728
1.0,0.2,286,0.0024865318643150437,0.003094946579476667,2.9433956382898145,0.0025531588420179227,0.5637511140469277,0.5628059230504984,5.678571428571429,0.5822707880966997
1.0,0.2,287,0.006181705087270179,0.005030996152941061,1.1010706843325266,0.005779928567376594,0.5914374230185994,0.5209958018974676,5.857142857142857,0.5177095823754712
1.0,0.2,288,0.0033876547262486657,0.002713306114292505,-1.086537549332398,0.0028137966601936115,1.730714367675451,0.6705962052275104,7.357142857142857,0.7015419034091945
1.0,0.2,289,0.006949315077718647,0.009167034551878185,-1.5782047580620358,0.008695027752317364,1.4223764972552904,0.5375636664645913,6.071428571428571,0.539705516647679
1.0,0.2,290,0.007127981480207577,0.0032552290963069664,0.2604179579755055,0.004021146917793343,1.7884518698703762,0.5729580680640876,6.392857142857143,0.5882933430885345
1.0,0.2,291,0.003781929907475716,0.00806722699364808,-0.30289581938398413,0.005901713269531881,3.6268107254076845,0.5926172853964583,6.714285714285714,0.6043480347119012
1.0,0.2,292,0.0031849576391671523,0.0012234042898015348,6.435417376830678,0.0017176367760126953,3.200787638427547,0.5776589495707916,6.464285714285714,0.5984303891383528
1.0,0.2,293,0.0022114439051699225,0.00481350714253725,-0.5180412461832873,0.004076754094365233,2.951142601427383,0.6024367623363037,6.142857142857143,0.6371519022142028
1.0,0.2,294,0.012741435492030159,0.00812016345487476,3.0824264474555534,0.008961842862791185,0.34287115124618595,0.556854654274108,7.107142857142857,0.5953643988158995
1.0,0.2,295,0.0016502082248866501,0.0018336373285591848,1.547462267905395,0.0007331526151911117,0.9324703893227498,0.5237661716555984,5.178571428571429,0.5223974944331748
1.0,0.2,296,0.00397209256783914,0.0010375950823815557,1.2129878184127705,0.001940330427585254,-0.1418002776201964,0.5687392948181792,6.642857142857143,0.5669481590210123
1.0,0.2,297,0.014996557556795293,0.021632361479221665,4.1410205807112845,0.020570735792839866,6.860170360604751,0.6595110320083367,6.178571428571429,0.6921751620555047
1.0,0.2,298,0.0017567416315570825,0.001501009092968854,1.8627624776034537,0.001177903487298213,-0.3266186894779442,0.595763177789742,6.428571428571429,0.6034114239446373
1.0,0.2,299,0.012274433563163026,0.009132843396637492,0.9349960444997052,0.011003173591904173,3.9485067843457577,0.5340676550667134,5.5,0.539503664087164
1.0,0.3,0,0.0026115781842828887,0.002202593844637464,4.045522712249074,0.0019365607039184588,1.0968714452019697,0.5725748511466632,6.25,0.5658689297837693
1.0,0.3,1,0.003862480710954805,0.007640441124421029,1.9758996065721135,0.006827284150722369,2.8407495750156593,0.6269483204862123,6.642857142857143,0.6327200475928667
1.0,0.3,2,0.024201652241612095,0.020268108462252743,10.026186759492852,0.02040926315199444,3.7242061074835724,0.7041785037028729,6.785714285714286,0.7345933289750495
1.0,0.3,3,0.016515575107909554,0.01827015627003329,1.835599208889299,0.018584241897992657,8.325745847512849,0.6955053145592258,7.321428571428571,0.7242394030712438
1.0,0.3,4,0.014321319586881683,0.01677414852520688,8.264122151748097,0.014777870158652335,3.0081045799886397,0.6329131537626278,7.357142857142857,0.642187001078329
1.0,0.3,5,0.03546553590169633,0.032474505510068225,15.118805605816114,0.03389190582114608,18.515960667396755,0.7602180175246146,7.142857142857143,0.8050525462157043
1.0,0.3,6,0.019776932687055274,0.01752544676808745,9.478478708984191,0.018502406278257368,7.647612040075463,0.6135377939944243,8.0,0.6326525454733922
1.0,0.3,7,0.012317502570131821,0.01256688218137157,6.3603840545270955,0.011179607086183076,3.343878743930977,0.5981058630960635,7.107142857142857,0.6246306764764986
1.0,0.3,8,0.0016850350087604083,0.00010828662586011269,-0.11411827924823115,0.0001909841899365157,-1.8142419632057738,0.5547325690483274,5.464285714285714,0.5821074995543738
1.0,0.3,9,0.011628305097164096,0.018004091018560896,5.908867405498739,0.015986962627590626,7.250551337545971,0.653274811094863,5.892857142857143,0.6933706969115054
1.0,0.3,10,0.018568197740097134,0.011636173266021638,6.898211198278553,0.01256757415520112,8.306999756478794,0.5895345813852089,6.142857142857143,0.6150359608212307
1.0,0.3,11,0.008334832323073655,0.01340311620297373,1.8074226424825,0.011816933516970685,7.61003688690685,0.763099893924677,7.678571428571429,0.789180012748154
1.0,0.3,12,0.003638830042018742,0.002146624100277679,1.0382435300569526,0.0030008486768939905,-4.8433658151269965,0.5943049253237167,6.428571428571429,0.6272200078897314
1.0,0.3,13,0.019255577849695827,0.01880115854140799,5.814679795087436,0.02081460799686502,9.189437797655529,0.7475438989046285,7.75,0.7743857730839155
1.0,0.3,14,0.0012144525862928313,0.0016887657451827244,-2.4317629473398483,0.0013235419782290827,-0.9654412668016619,0.5694809021999647,5.892857142857143,0.5765293762640711
1.0,0.3,15,0.015770155263526896,0.01636532169718989,6.024166044485327,0.016955453809627246,7.457116480534741,0.7173177305950914,7.321428571428571,0.7475553251459965
1.0,0.3,16,0.0025610654792772927,0.0020426792421487077,3.7577857936149073,0.001993455585690807,0.7656767034908872,0.6905437356134143,5.928571428571429,0.716635290821204
1.0,0.3,17,0.0060583530618426315,0.008297429757084435,4.6335582447985075,0.007301332242524628,1.0651140181878607,0.5932184235773313,6.392857142857143,0.5990669368407735
1.0,0.3,18,0.004225478928246168,0.003329249724882486,1.9320232333369418,0.0032751307717919158,0.5218367903644889,0.7590048385671126,6.75,0.7795270084947107
1.0,0.3,19,0.00885676167479986,0.003982621825990894,4.001232833776761,0.0052677107250247235,-2.302279479562941,0.7179130557817804,7.285714285714286,0.7469117264845904
1.0,0.3,20,0.003952837957654103,0.0029719175624044417,-2.758538558238456,0.002959692586045881,-2.157588535288994,0.6198783117309495,6.678571428571429,0.6444938616196794
1.0,0.3,21,0.006130071448971755,0.006400625392408706,0.5961891617241761,0.005698408114654202,1.0383426203411925,0.6694569652873688,7.678571428571429,0.6748260310401821
1.0,0.3,22,0.003025524581274492,0.0012586358838651477,2.3482958634029245,0.001304613109644451,-0.6588697059652399,0.6255670186978307,7.285714285714286,0.6424435513777356
1.0,0.3,23,0.018490117983094766,0.02600699345189833,4.194279832233796,0.022741704472327783,10.688426937992697,0.638926526285674,6.535714285714286,0.6787124874460114
1.0,0.3,24,0.0027497183023839572,0.007279799583134322,2.3667848687905817,0.005714944404760276,1.5321441543218175,0.5778838857325803,6.464285714285714,0.5854547637956149
1.0,0.3,25,0.004929034399899152,0.00614839173680355,-1.5894338644605597,0.005854866283155522,2.0912854650259,0.5689317644080578,5.928571428571429,0.5881604008276056
1.0,0.3,26,0.003262326451963263,0.0026623691860073544,-2.727654584258403,0.002237972526903916,-1.0307184259194269,0.592508386479608,7.035714285714286,0.5857579751488498
1.0,0.3,27,0.01761172505277978,0.02343369517444653,2.7892517738773606,0.019324173592477952,2.9013588371688477,0.5941360700518324,6.178571428571429,0.6081780029784116
1.0,0.3,28,0.003627024459920821,0.002734331680560602,1.2788065798887587,0.0036655648018093347,3.6216798803241375,0.5233709655950392,5.678571428571429,0.5478999279419149
1.0,0.3,29,0.028985757053348986,0.026201265592110643,14.661194022265018,0.025844732522618336,8.620720165156891,0.7405256454801261,7.321428571428571,0.7885830349068588
1.0,0.3,30,0.0068791074298880425,0.004123138893041275,-0.8680879083282633,0.005178551480487772,-0.14625394033072325,0.6697432518971461,6.464285714285714,0.687409176469063
1.0,0.3,31,0.011883649819331325,0.012554333430754449,4.763355936236302,0.013811683115685244,4.952642409949846,0.5758955678814273,6.357142857142857,0.5993635599227736
1.0,0.3,32,0.0010542615411919959,0.0007498860681495195,-0.2544125199485876,0.000754732338985651,-3.4343692152035885,0.6428854548142034,6.892857142857143,0.6530092373949814
1.0,0.3,33,0.012613781009612348,0.014545436619577619,5.6452833720044,0.014215539396187799,7.121693810612669,0.6151586861436301,7.214285714285714,0.6139112775416832
1.0,0.3,34,0.00538729975288606,0.006404467348997389,3.695690869383121,0.00546944166976366,1.3677452602303504,0.6506058078705289,6.928571428571429,0.6909052350559137
1.0,0.3,35,0.006436446838271489,0.0046457505008751145,6.143415274202631,0.004651165381225478,2.0963222186358337,0.6723466331167106,7.642857142857143,0.6699410642927713
1.0,0.3,36,0.012078241179583568,0.017569953232914888,5.77597023838306,0.015101445844386349,8.473587998224142,0.7640417615438488,7.321428571428571,0.801667914909369
1.0,0.3,37,0.01721521577501961,0.01657158517099867,7.620798392846332,0.015143327453877052,3.2152793147893703,0.7131361373280637,6.785714285714286,0.7444287428450431
1.0,0.3,38,0.03094010640227432,0.04059197577925507,8.42080296000104,0.0392257499892375,14.968228518268896,0.7217446029457496,7.214285714285714,0.7617704205642053
1.0,0.3,39,0.005508948522889621,0.004168397738467904,4.730383608901505,0.005010099889967065,2.731335671588738,0.6482051467350666,6.928571428571429,0.6826067793683168
1.0,0.3,40,0.0010958047349866721,0.006362243277994009,-0.4771399123943496,0.0038815704898085557,3.356907012697699,0.5602118895444032,7.285714285714286,0.5814631565691947
1.0,0.3,41,0.0044847735743060455,0.0020447543083525178,0.6146046795914089,0.002773399667312744,-0.09670222073774919,0.5818188945431204,6.464285714285714,0.6141080505953682
1.0,0.3,42,0.02296459284634623,0.02592937527362548,10.340999975748183,0.02541254971259006,9.325190353575843,0.7086527180439025,6.785714285714286,0.7618986755970499
1.0,0.3,43,0.004188919950188631,0.00636819662568719,-2.3840212439256234,0.005162682113521552,0.8508544455943555,0.6005337761472314,5.321428571428571,0.616530351730551
1.0,0.3,44,0.001215034059306643,0.0008386933479615311,1.3120912908474907,0.000575081118636091,-2.5319553914944586,0.579654982560142,6.5,0.5821652550557929
1.0,0.3,45,0.0017530393334015473,0.0008122490250921879,-0.5119654434636729,0.0007838893837617741,-1.9045848092460365,0.6047941746148231,5.821428571428571,0.6339636516828072
1.0,0.3,46,0.006198567963653372,0.008173290623090254,5.972126289849449,0.007528867614215093,5.027309004442979,0.6220651772636865,7.678571428571429,0.6245100759084015
1.0,0.3,47,0.004365732160263169,0.004911393839737425,1.3455342242697057,0.004764413848904246,0.9441011299560955,0.5916991932509085,5.964285714285714,0.6146091011958009
1.0,0.3,48,0.0021820795300439492,0.0014481079953177593,0.6995479132434568,0.001617916981513414,0.9255859481780723,0.5772942184238679,7.178571428571429,0.5868765630202015
1.0,0.3,49,0.02673057889496221,0.028901133573386743,8.705478320687476,0.02821992213055066,11.700612611539432,0.7058970165499874,7.821428571428571,0.7347633968987679
1.0,0.3,50,0.0039218231836917,0.0017454892664187753,1.630864765311756,0.0015486945313425587,-0.7535810047773358,0.5790039446602169,7.642857142857143,0.5925168272871266
1.0,0.3,51,0.005190885570763278,0.003779871467648464,0.8799785901964441,0.0037527413144201878,-1.2763384192534584,0.5936861965147601,6.107142857142857,0.5957328491420018
1.0,0.3,52,0.003191877109505068,0.003706255275033254,5.7028841270729345,0.002812497119135756,1.7554195090184141,0.5836144612363768,6.392857142857143,0.6033338734542263
1.0,0.3,53,0.0016626409553522068,0.0004505864434916219,1.950365048573346,0.0004290610882448405,-1.6844278448395755,0.5881030364191862,5.607142857142857,0.6114911188519554
1.0,0.3,54,0.007183682587893102,0.0049767316000626565,-0.5542222179524501,0.004944602962737236,1.0100795266648295,0.6077937452479654,7.035714285714286,0.6427991470311081
1.0,0.3,55,0.002475893318637545,0.003534930658380951,-1.3865418866070627,0.002836969543677573,-0.5651551819949248,0.5527554183407688,5.0,0.5777143698860965
1.0,0.3,56,0.0012699722464369256,0.0034006303296692237,0.44869380337553366,0.0024755963301691655,1.5747161425914082,0.6046216919513837,6.357142857142857,0.6116008160826198
1.0,0.3,57,0.0064787011934033375,0.002624546752900602,3.089949061616231,0.002978264968377526,-1.818238323833081,0.7049205490303718,6.607142857142857,0.7234023104041261
1.0,0.3,58,0.00944452432586685,0.007423330905170017,1.1231172488584278,0.008774273041319346,-0.2901657806721876,0.6134715314064482,6.607142857142857,0.6262769396108145
1.0,0.3,59,0.0031149762619799293,0.002352871669208395,-0.024868265026420033,0.0024835134042701717,2.8112646775611174,0.6150659077204711,6.357142857142857,0.6277311068611007
1.0,0.3,60,0.008949211629800476,0.014810581545980316,3.5951597411079774,0.010614257832725791,4.888008778108978,0.644369780165155,6.892857142857143,0.6874402570158036
1.0,0.3,61,0.0026750610166250987,0.0032553611985340477,-0.2491455530493525,0.0027892215462858084,-2.0293286177432415,0.556373413315147,6.821428571428571,0.5538403960916948
1.0,0.3,62,0.0015908826762924611,0.0024423776640058866,2.403907916250226,0.002451186819332513,8.896174575943585,0.5683628409408512,6.678571428571429,0.595351051280131
1.0,0.3,63,0.010003331107660123,0.01106778966201365,4.706105507135668,0.010411951094385035,2.103981831899953,0.6512672781762573,6.785714285714286,0.6710150229130267
1.0,0.3,64,0.034793713490130045,0.04863705412788391,10.464881852109226,0.04560696717550598,14.451820943671743,0.6669171585851614,6.464285714285714,0.7062614291103951
1.0,0.3,65,0.003622776620554599,0.004784077026809058,2.875450892670848,0.004230005427996236,2.1416309632281334,0.5792663845854807,6.857142857142857,0.589843125768373
1.0,0.3,66,0.0030369939979481395,0.0031235089806382196,3.9476819063050215,0.0035118270841622964,2.4137036524244686,0.6216055693161501,6.285714285714286,0.6179035385660123
1.0,0.3,67,0.0020275519421220738,0.0019299847628179185,0.14529538933562236,0.0022558660397836066,-0.1264184127974204,0.605194505841865,6.428571428571429,0.6295634006465388
1.0,0.3,68,0.0012436184296152632,0.001272480104234305,1.3200146269428004,0.0016578142866480554,-0.8004648780008475,0.5716449379942998,5.821428571428571,0.5855897278008464
1.0,0.3,69,0.004265919705491038,0.004235004307142743,-0.9615054217725714,0.0039317748134599035,0.6276032404309149,0.6019314243841236,6.571428571428571,0.5992492358146009
1.0,0.3,70,0.018130980331959787,0.019351556894911526,-1.2269280450435254,0.017689953909281297,3.6142082527658963,0.7263408137468735,7.25,0.7604371053427506
1.0,0.3,71,0.004563690806130466,0.004414274673989759,-0.06745492583631574,0.004273969345624362,0.5104682987888131,0.5959366196143712,5.75,0.6103828609875626
1.0,0.3,72,0.00425812277489223,0.0005634236217323328,4.031344597987463,0.0005045285480398001,-1.0139134862728838,0.5788805105613241,5.75,0.6030537260795273
1.0,0.3,73,0.0031415044387914253,0.0006048147300475935,1.3786234504341692,0.0003963467098080495,1.3413533652322844,0.6150566146367149,5.821428571428571,0.6205205004847132
1.0,0.3,74,0.024214025169037277,0.022849142989751936,13.92198212724081,0.023097675963748378,14.408345999828015,0.6731175817257299,6.5,0.7043698610007038
1.0,0.3,75,0.01738145804933456,0.019024200294273576,7.285222410238312,0.01811941389940913,6.930606169446207,0.7092497276883598,7.214285714285714,0.7479448881153375
1.0,0.3,76,0.001163802095994108,0.0009051945785762577,1.338037468328146,0.001255831151969866,1.2013178825831403,0.5366239986920001,5.571428571428571,0.539117812678259
1.0,0.3,77,0.01138520777292092,0.006487024587221342,-1.032165588262167,0.007887400560058284,0.9874197807225661,0.6927706978794111,6.428571428571429,0.7212661715844029
1.0,0.3,78,0.012153109054081672,0.014161074372264914,3.2977865540848796,0.01500731778443781,8.14160617732631,0.6425430116914379,6.464285714285714,0.6610852106834341
1.0,0.3,79,0.0003573020545411457,8.622978712602993e-05,0.1808738190817465,0.00014924581869836127,0.2727748389176649,0.5216749216585745,6.0,0.5169180242180929
1.0,0.3,80,0.00487066086771665,0.0049915988161238255,1.732667996306951,0.004795051685743191,-0.9192392389491223,0.6032364987250781,7.785714285714286,0.6111217431503515
1.0,0.3,81,0.017873600312007375,0.01822906027759679,10.794792262691722,0.019188411017434553,14.318325717097471,0.6948278519155868,6.714285714285714,0.7150343006774639
1.0,0.3,82,0.0007905695575049587,0.0009092229337638558,2.9634283134045276,0.0007455320141127708,-0.9369184834167754,0.5875742402630814,5.642857142857143,0.5907841320692697
1.0,0.3,83,0.0035339103516156484,0.0019231007334891686,1.543888217985213,0.0020307321438021355,-1.5468562346660804,0.5669397745823969,6.5,0.5770574940979274
1.0,0.3,84,0.0042433750649669335,0.0014734944457435357,2.3945629895436653,0.0016197964706385546,-0.33958449500662863,0.7117026416312344,7.035714285714286,0.7379250831182083
1.0,0.3,85,0.00623011197893502,0.006430014014967398,-1.0217393882510493,0.0062315766844278885,-0.4890946853376761,0.7011619386084214,7.071428571428571,0.7054722346839177
1.0,0.3,86,0.009175398857690548,0.011150041445789145,1.855615046575366,0.01048205775415845,-0.5848771926830049,0.6443847486076887,7.821428571428571,0.6616309710023981
1.0,0.3,87,0.004574289868220365,0.009755595255495943,-4.377826115843959,0.00777924834889603,0.8839083958020714,0.6924019137837696,6.107142857142857,0.7167942039467556
1.0,0.3,88,0.014429236193670808,0.01392227641518204,0.791151837888556,0.015138814326983788,0.7616071107417876,0.6193150742512297,7.25,0.6443655060025412
1.0,0.3,89,0.010557158603607158,0.012541251573602571,5.543081380526139,0.011665664584841622,5.432237658931778,0.641617254543485,6.642857142857143,0.6658769257321937
1.0,0.3,90,0.008132352818927099,0.007598161897399169,4.5551890227003895,0.007565520465281403,-0.9782183302860119,0.7111893474028042,6.714285714285714,0.7344261679374177
1.0,0.3,91,0.00653228342081238,0.006019460441607263,-0.4436027788422905,0.006578291173352456,4.43162331225857,0.691310471205948,7.071428571428571,0.7114939850014033
1.0,0.3,92,0.011187959645306628,0.00996364703157611,2.1255387857704306,0.010725120837566524,4.272985729418584,0.755773474874812,7.285714285714286,0.7788113814206155
1.0,0.3,93,0.008122517605522548,0.0019352515230154355,-1.5462714701540747,0.0027991643007174802,-6.147472141620217,0.6649228238983655,6.178571428571429,0.6998198701264653
1.0,0.3,94,0.02751287537494582,0.037682676043125134,9.836650531914849,0.03368010466352247,8.836367584268563,0.7517901524071599,7.321428571428571,0.8176597212323401
1.0,0.3,95,0.008773191570067677,0.013615034193813916,3.7914492911080018,0.011737919073773313,9.711619705115945,0.7135419563417533,7.357142857142857,0.7537537718921526
1.0,0.3,96,0.006727663714631057,0.003142345220603214,-0.3679906337094323,0.0022406141137118686,-4.171168123310537,0.7415718733585575,7.142857142857143,0.75550486397732
1.0,0.3,97,0.010465361669235241,0.01548549938576555,7.4901213276954905,0.013476282853507169,9.508678988795765,0.6233903920245975,6.75,0.6639855688495191
1.0,0.3,98,0.02588599595513283,0.023778115312557902,7.251109803901564,0.02446164373504933,9.849581466297556,0.7000566755180347,7.107142857142857,0.7349092240077146
1.0,0.3,99,0.007737177074732367,0.0049767127435046896,3.9567561005147667,0.004911979297976631,1.421510122063495,0.7138793233008123,6.357142857142857,0.7255014744375001
1.0,0.3,100,0.0029772587144597552,0.004564111485653952,1.9891486805796035,0.0039963207396804595,-3.785939357776954,0.5748547997303604,6.285714285714286,0.5868357056801173
1.0,0.3,101,0.0009123273038329039,0.0011054474547433472,1.492245564932638,0.0007558694949432503,1.9584149111086049,0.5813015092466957,7.464285714285714,0.5917795041808893
1.0,0.3,102,0.015946760416237746,0.014063163349924366,7.283357906131663,0.014281151932002353,-0.774733635657545,0.6596822222261286,7.285714285714286,0.6858053900819592
1.0,0.3,103,0.005770561343854131,0.0039775332517496655,6.389347823794573,0.003711248797147535,0.5735172072115139,0.6095321039934538,6.428571428571429,0.6285646187273641
1.0,0.3,104,0.02323979952821534,0.02234468884516555,14.171814871732888,0.02313735778852032,11.665308229444378,0.6036358441862146,5.928571428571429,0.6318930535888323
1.0,0.3,105,0.02891181712311048,0.030893897319106647,10.793974367795396,0.029399621634633482,5.057126979469483,0.7237600185941334,7.5,0.7838258102123947
1.0,0.3,106,0.00960340644674598,0.012296587255961776,5.490789306450857,0.010521599548092318,5.173983061232415,0.6546401937799298,6.357142857142857,0.6942021367413196
1.0,0.3,107,0.011459097510192667,0.016063012871742298,5.551667062431385,0.014178426573295003,8.350343866994715,0.6435766526829225,6.285714285714286,0.6690405331116429
1.0,0.3,108,0.01985607940928368,0.027531695597255254,8.836035330715124,0.024795754793593375,2.5433026100723737,0.6922955874485764,7.035714285714286,0.7132083437025263
1.0,0.3,109,0.006628629056761657,0.001482358830782704,1.5050307712325406,0.001685809632097256,-2.3098356241800957,0.6839195962277552,6.571428571428571,0.702309522504682
1.0,0.3,110,0.005534284758382758,0.004587038807701227,6.534070779463995,0.00498424819011401,5.165820617286954,0.5653917577537111,6.5,0.5930562005034437
1.0,0.3,111,0.0063950175073420835,0.004692715719989768,-4.1255896063089,0.0041668411520685645,-2.68650662289672,0.5706876765151068,5.785714285714286,0.5921005390709605
1.0,0.3,112,0.008702604863392095,0.0047823288313225175,1.2900523474188432,0.004263871239918517,-3.8349877397257424,0.6992747413845487,5.75,0.7269331208644358
1.0,0.3,113,0.008838090208052818,0.004552784992657607,1.4810760076539466,0.004668175800405283,0.9051076151112435,0.6448802419513003,6.678571428571429,0.6553382667146541
1.0,0.3,114,0.0005693143372098558,0.000823002959657338,5.079691296181572,0.0006953673849112869,0.06385138771322356,0.6340170719766209,6.035714285714286,0.6374041676226994
1.0,0.3,115,0.01290739918696256,0.019499601871327016,5.729438181574203,0.019348318175091583,18.675790381630076,0.7531631849678143,7.428571428571429,0.7830082007229586
1.0,0.3,116,0.001715329639776561,0.0005641846945060442,2.596588748527502,0.0004392564001330955,-1.9813128919129024,0.626895795275897,6.678571428571429,0.6212590104856159
1.0,0.3,117,0.015697834334289208,0.008981398962195946,4.9893909133131515,0.008861526857589059,-1.396373476918266,0.736916960600556,7.107142857142857,0.7675505171161753
1.0,0.3,118,0.003084010527359281,0.0026545146628539425,3.0921690546248826,0.0029847669368557915,2.655502408288148,0.5699363334655854,5.392857142857143,0.5658723898834712
1.0,0.3,119,0.007352113408825011,0.005093638507452512,5.328336145217676,0.005875548039283081,3.2452381234461996,0.5413320726984562,6.5,0.5454935895341357
1.0,0.3,120,0.03181603852026445,0.0305515671157133,12.28434327046553,0.030251604976361292,6.45385035346149,0.7249974450630294,6.5,0.7621803116192949
1.0,0.3,121,0.0005095031314958139,0.0011319585415775191,-2.636015189598467,0.000892942328944062,0.0777665875932314,0.5381534481928077,5.607142857142857,0.5488670459254456
1.0,0.3,122,0.01061536079857802,0.01295230058094,9.360086251036932,0.012044489731329728,9.040106233802115,0.7111902923395128,7.857142857142857,0.7391485904662756
1.0,0.3,123,0.0003029137245755154,0.0001847078150143848,1.181432776993347,0.00043309609791233,1.4653355353452753,0.5460559791810644,6.357142857142857,0.5666566154458417
1.0,0.3,124,0.0035181747251102928,0.0012524515251491277,1.0097067585613928,0.001281873745679921,1.7708549868502435,0.577081113797888,5.428571428571429,0.5804494479408411
1.0,0.3,125,0.006498477099023195,0.010449685391427406,4.268384782344562,0.009567770100283963,2.4261113974911077,0.5224210440778012,6.464285714285714,0.5387704548785373
1.0,0.3,126,0.03130725605114505,0.033983962507090196,1.0307140564259285,0.033556092552251136,4.531831084122899,0.7001732635712857,6.678571428571429,0.7332746789436101
1.0,0.3,127,0.008399331991097127,0.00931305253724795,6.717366032021253,0.009617602690591935,4.637119584834096,0.6517118358147945,6.142857142857143,0.667425913796112
1.0,0.3,128,0.006339487599367615,0.008418226698353754,2.124194514178079,0.007846323814125382,4.999811070566608,0.6126605250218612,6.714285714285714,0.6259542249630392
1.0,0.3,129,0.02035927273750189,0.019563648655388878,5.211950657065341,0.017371412608802286,-1.5004142681293426,0.6336771158121745,6.535714285714286,0.646370895298937
1.0,0.3,130,0.012913925902816955,0.007063031427653624,6.62024917728403,0.007834570026806417,1.9563752060095017,0.6992072106814754,6.25,0.7164235307077638
1.0,0.3,131,0.0046940397133671714,0.005874503607578292,-0.564077806419391,0.006279858595276922,0.3569140295901529,0.6310346388147895,7.071428571428571,0.6351831256006988
1.0,0.3,132,0.0059433603929820306,0.0064556564786740584,6.606068134209593,0.00664582159396499,6.298882649095721,0.7510918400734489,6.785714285714286,0.7800030638981692
1.0,0.3,133,0.004130162348870861,0.010265694196654577,5.363805577967156,0.006452526516896261,3.493063894909161,0.588187373103792,6.321428571428571,0.606217263049971
1.0,0.3,134,0.026541130391795988,0.01842779687947173,8.677821210982675,0.019281050540478,-1.3346219596809117,0.6934783427318881,6.25,0.7224465483873495
1.0,0.3,135,0.002457921048187848,0.001135791735095792,6.287101932625241,0.0007216765467877649,-0.20599667390703758,0.7054688849336336,6.678571428571429,0.7206446712923136
1.0,0.3,136,0.003881298868389345,0.0015775838352577035,4.075713327707902,0.0019191676077580234,-0.5401153565884348,0.6332423566467341,6.392857142857143,0.6413276491070244
1.0,0.3,137,0.014111420096621273,0.018478488061055575,7.037365968663352,0.018694012363441724,7.102601672944833,0.6776790941042152,6.857142857142857,0.7006514407158613
1.0,0.3,138,0.007313479080050913,0.01150640637796647,4.1039154290733535,0.00956068227966992,3.791441411862138,0.5704225986903549,6.571428571428571,0.575308594750362
1.0,0.3,139,0.00962445062232469,0.012966810431583625,5.6672515332908375,0.011654548562657034,5.876949985877928,0.693454407320567,7.25,0.7241859626360229
1.0,0.3,140,0.0015063368760717178,0.0014821205617688447,0.2892359095947796,0.0012191615864298538,0.7542701604539275,0.6168268200831172,5.714285714285714,0.6226375282886412
1.0,0.3,141,0.0033527396406709082,0.0029073037590655634,0.6420714872465183,0.0028678588857635663,-0.5915366772225544,0.6388899495016258,6.785714285714286,0.6471817756991274
1.0,0.3,142,0.002287396155580619,0.0015751821237068118,3.582932139605923,0.0015592471955762212,-0.22266043430068785,0.5867923457828601,6.285714285714286,0.5917850664923285
1.0,0.3,143,0.003164378363540194,0.003451942512389259,5.616265779288625,0.0027231997824308475,1.5554960374870366,0.6254898465625277,6.321428571428571,0.6462891504434805
1.0,0.3,144,0.0064855511497956386,0.009858236528033712,-3.903822477754616,0.008458292270926517,-3.0952414668022166,0.6361918740980634,6.714285714285714,0.6642831977744559
1.0,0.3,145,0.004418504298549961,0.004105154105679921,6.984006807337792,0.002851980722781892,0.9947130262030347,0.6153464627106711,6.607142857142857,0.62886464155849
1.0,0.3,146,0.01553816548843827,0.028038802225341483,9.611020564224997,0.022303066205885097,11.358469300619419,0.6894417549056205,7.642857142857143,0.7173062886442028
1.0,0.3,147,0.004893653100601086,0.0064749174062891275,0.8762898790101445,0.006204737743935792,2.713391871248433,0.5853423474473335,7.142857142857143,0.5861744745920328
1.0,0.3,148,0.01166484455417418,0.016153706043571647,10.056191994774345,0.01366308834267713,9.740454798032127,0.7335422433433878,8.178571428571429,0.7638906067149541
1.0,0.3,149,0.013916335364588955,0.012159088089174099,4.895954460874016,0.012709844492377621,4.657458953938639,0.724100167138131,6.714285714285714,0.7594270076905393
1.0,0.3,150,0.013187997683459395,0.010701897606362247,2.907994969793595,0.011065449882881226,2.537840943244627,0.7427016706064435,7.607142857142857,0.7829131787407391
1.0,0.3,151,0.003641764483980912,0.006991205973046497,3.726494817144413,0.006779541443764634,4.5576608074735345,0.6242009839633847,6.25,0.6591137887030069
1.0,0.3,152,0.012020404558280634,0.016088801674129384,5.284050802147512,0.017151537209164045,3.418412630477121,0.579769670351601,5.714285714285714,0.600269009675862
1.0,0.3,153,0.01335274389770441,0.0171392145798716,3.6876150857776935,0.015315357828002332,6.697088438461312,0.6123076901256227,6.285714285714286,0.6334540111836959
1.0,0.3,154,0.0002406538149790238,0.00042522888763627626,0.18719226000163758,0.0003211262634546708,-2.0126328287428237,0.5776438218516525,6.642857142857143,0.5889343768504525
1.0,0.3,155,0.007450956703758032,0.007446850583359543,6.524862272293049,0.0059688876719511084,2.0943982981366673,0.5649950615011633,5.75,0.5968827589623987
1.0,0.3,156,0.0019385218980463412,0.004124348285563086,2.5629612446905057,0.002637852102517588,3.5942655795760836,0.6660245143849934,6.535714285714286,0.6890842972372295
1.0,0.3,157,0.00440774849045039,0.0028913287384842567,3.1888542335312664,0.002962385026923847,1.259041480432425,0.5816004900409827,6.928571428571429,0.5882907882474757
1.0,0.3,158,0.02287703244377909,0.023622851016427287,14.442631959246334,0.021836329072413146,13.582963723341047,0.7374911605391468,6.928571428571429,0.7778451083451514
1.0,0.3,159,0.002144295308352163,0.0027400132075437187,-2.4493447010434366,0.002643879934795915,0.8065406629640487,0.5683218032685172,5.678571428571429,0.5729382856365715
1.0,0.3,160,0.0018904431410129998,0.0012922081147794542,0.837192909770458,0.0012826323168746783,1.3960754096756034,0.5764506395452785,6.464285714285714,0.5923362181294327
1.0,0.3,161,0.0011863460796402191,0.0004792439776617961,1.8301481336086383,0.0002802842563046258,0.6853011370901356,0.5677827729665681,6.321428571428571,0.5692424465256554
1.0,0.3,162,0.0004333248663961371,0.0011565819475317948,1.5126272199765864,0.00043620200039250743,2.2140207701616155,0.5519055901849353,5.392857142857143,0.5657063855652165
1.0,0.3,163,0.00355479734126808,0.002558234681356787,-1.2226951837714992,0.002767119880927728,-0.25866917299251213,0.5496695169105807,5.75,0.5681190507250666
1.0,0.3,164,0.005926182746109278,0.004967529475054352,2.3884002787976044,0.005082494181815938,-0.21846064532285445,0.5471982482382665,5.928571428571429,0.5606779252644717
1.0,0.3,165,0.007725131501941205,0.007205873644217487,2.006436643166623,0.00804258215606744,3.892549239451654,0.6883846585039191,6.071428571428571,0.7054654150688077
1.0,0.3,166,0.009039955365450198,0.0005529127696161757,2.7956949022277584,0.0011956156136846863,0.9297610221928968,0.5436219525378935,6.535714285714286,0.5590272163043759
1.0,0.3,167,0.015109507513920307,0.014631635206560153,4.37046523431453,0.01436018214695768,4.410064939779005,0.687822120678974,6.892857142857143,0.7209997740826473
1.0,0.3,168,0.009561089562587133,0.010703463524000483,1.1199354250339013,0.01092679394862867,2.8080171103069254,0.6737121247961281,7.321428571428571,0.6998562112317643
1.0,0.3,169,0.0034873753088429794,0.0021723095798927387,7.341610446866767,0.002086620264702096,3.5395804437771687,0.6140912783895915,5.75,0.6185090057216923
1.0,0.3,170,0.034602318690750755,0.045814875239889835,16.899936489750406,0.042236040951346226,21.6992012882007,0.728302260415304,6.142857142857143,0.7852030003027436
1.0,0.3,171,0.006273994367705316,0.0072662212165820455,1.4141368469981828,0.005971136486470699,2.080082164429873,0.6470993092384022,6.25,0.661639299381913
1.0,0.3,172,0.002819818617213573,0.0034095101615370924,-1.864306861595729,0.0022084495304150274,0.32966529189509214,0.598526688307788,5.928571428571429,0.5987723254446463
1.0,0.3,173,0.013721980121386623,0.014374980966166982,8.510876888655005,0.013254658175835278,7.321636643525674,0.6632255245520575,8.428571428571429,0.670570903022805
1.0,0.3,174,0.0031821352571508852,0.0014440653761311896,2.5512128485773857,0.0020047455707587532,2.3920876485506426,0.605449616286637,5.571428571428571,0.6270605918427115
1.0,0.3,175,0.017784124724884807,0.026555886549674283,4.620857367257958,0.024260850885387424,14.37667645062561,0.7354494687538045,7.25,0.7772245334285639
1.0,0.3,176,0.003170104107910172,0.0014977696807893012,0.8949435353317838,0.0014420491050245248,-2.9384605354198734,0.6979709076001549,5.821428571428571,0.7177319513165381
1.0,0.3,177,0.012022975651016567,0.00816841677756776,1.3273903673586886,0.008983141637085443,-0.424598049795397,0.7080267512268862,5.928571428571429,0.7236458853296506
1.0,0.3,178,0.0007946096830052433,0.002502148436010785,1.2440589428679232,0.0015045784731260686,1.2695999812521848,0.5398733067816676,5.892857142857143,0.5618456586217052
1.0,0.3,179,0.0029170258239874748,0.002218916638933474,-4.453410417359592,0.0020728284759716554,-5.494128872900764,0.6336735292460592,6.142857142857143,0.6504667682041643
1.0,0.3,180,0.010195096797781142,0.011202576288154034,5.637344597846656,0.012301898698402643,9.354488292235336,0.6640848387001349,6.785714285714286,0.6790439629857645
1.0,0.3,181,0.00809509493004171,0.011954313936888544,9.326776565942914,0.010663070324109984,9.494688948666672,0.5847401799101594,7.071428571428571,0.6061260733293397
1.0,0.3,182,0.015394278747934968,0.017935367224743277,11.653978485440973,0.017629320815819197,12.329122417086873,0.6564609844780964,6.392857142857143,0.6861912817245817
1.0,0.3,183,0.01247648497220576,0.016924858312366065,-0.546288978709569,0.01720972839082465,8.049128388724105,0.665971362842173,7.071428571428571,0.6844467980275077
1.0,0.3,184,0.010585921771434229,0.013112244888342828,1.9584937197315995,0.012562882024844175,5.974004030694981,0.6727179940683509,6.678571428571429,0.7192122101325993
1.0,0.3,185,0.022700170848715666,0.01798279274279451,10.628394216258798,0.018296968739199997,12.745090479878124,0.6351197124475693,6.071428571428571,0.6752048214316725
1.0,0.3,186,0.0019526424884452952,1.981183206736979e-05,1.7491472714307577,4.363691133625004e-05,1.0209588937422704,0.575858155608742,6.178571428571429,0.5846662332254757
1.0,0.3,187,0.002117025457206999,0.001936963440409896,-1.900577989657961,0.0020071393017625314,-1.0866612105338713,0.530632760017605,6.107142857142857,0.5417503450456183
1.0,0.3,188,0.002632995202068947,0.0035692647735116206,-2.5528595896584676,0.0030839694228209967,-1.1375875649185996,0.5669922653920254,6.321428571428571,0.5599095719036404
1.0,0.3,189,0.022125330069542936,0.023102267939029048,8.57218686876556,0.020513108026586194,9.771527950529778,0.6652937302202606,6.928571428571429,0.6974918868834465
1.0,0.3,190,0.018527903593933942,0.02660766465871805,7.85048365373639,0.02292097391030012,4.996494940203888,0.6100098870837308,7.321428571428571,0.6517924490777303
1.0,0.3,191,0.046697414165328716,0.04437308040362902,10.402278962988163,0.04469248838967055,6.253167881871832,0.6812454070172865,7.035714285714286,0.7373297850346172
1.0,0.3,192,0.008150605876533684,0.012895222414474453,2.015604788644275,0.01123236935253618,5.104979481602119,0.6256548688899626,6.5,0.642620408741276
1.0,0.3,193,0.001729190005569183,0.0016546169754340292,-4.768090581380392,0.002219281382708773,-2.523890008997133,0.5875164098469027,5.964285714285714,0.5894597587915211
1.0,0.3,194,0.0030760607259814813,0.00580127905457222,0.8928026435103789,0.004633802068065906,4.492155175187463,0.6318730263097816,6.642857142857143,0.6391458249011215
1.0,0.3,195,0.006014198582807691,0.00742045518716534,7.666505005884112,0.007007659777648241,4.83043635545108,0.635416643686647,6.5,0.6510183322368723
1.0,0.3,196,0.0013200936551407637,0.0010322103510856588,0.8599629194105844,0.0011207090948748106,-2.3710050631532056,0.5455551881603214,6.821428571428571,0.5564204536330521
1.0,0.3,197,0.00601598728692773,0.00816986302555921,5.574346429721615,0.00735141709662678,2.7000667125768985,0.6706454651246913,7.178571428571429,0.6849013988011288
1.0,0.3,198,0.016738452866007995,0.013330676926751927,6.0231607511591605,0.010430726702615925,-0.6682770209241843,0.6447864697864721,5.285714285714286,0.6622489005520624
1.0,0.3,199,0.004416188605619749,0.0051427770448168,-3.9394438712222097,0.004877612942028936,-0.2598803810802792,0.5870331013850468,6.535714285714286,0.5879110423051956
1.0,0.3,200,0.017601164547966286,0.014426567451057935,11.67011011562024,0.013846388592783346,0.29637620833892697,0.7025492273604164,7.107142857142857,0.7496922887569275
1.0,0.3,201,0.01571558599028513,0.016343767074881756,8.781924885284212,0.015326596433176319,3.1176765516784144,0.6740260539459387,8.142857142857142,0.7000407632937696
1.0,0.3,202,0.0170383122998843,0.01901166875525082,5.963821855958244,0.01787223191070944,5.14847826123354,0.7088860898482618,7.071428571428571,0.7296215479237815
1.0,0.3,203,0.01297369123544986,0.01380965693799046,11.53342812010753,0.01232950948874029,6.682498555757367,0.7229666577863191,7.035714285714286,0.7546348299540288
1.0,0.3,204,0.007498881792924326,0.002918493159854717,0.07198364855426576,0.004020091597531813,1.5355246482753369,0.5827712205478528,5.107142857142857,0.6017628373131378
1.0,0.3,205,0.007173935423383493,0.00851356578592588,4.996715846997525,0.0076919968048710045,4.246586233489789,0.618945444159461,6.607142857142857,0.6401221865812396
1.0,0.3,206,0.004609635655198812,0.004779386372947923,2.5526251914771905,0.004850316900964043,3.3705105892743177,0.716198441323208,6.142857142857143,0.7380509945370105
1.0,0.3,207,0.006030064679543207,0.006345562937731882,2.5842015804148915,0.005653818051532102,2.557499657336687,0.6881265373990904,8.464285714285714,0.6997833680862964
1.0,0.3,208,0.001864352426096411,0.003687198069764241,-1.6398298858094904,0.004452882649996459,-0.32255272261745443,0.5362874010555031,6.142857142857143,0.5359970642663379
1.0,0.3,209,0.000964935865945198,0.0006832217943716646,1.546663482027931,0.0005594743164212832,-0.053947825619057234,0.6168001253362132,6.25,0.6268920025081096
1.0,0.3,210,0.0018543997995395332,0.0025546608088670604,-2.5866925204992697,0.0025130394690604297,1.1015798171123758,0.5861489557637701,6.035714285714286,0.5951179974717231
1.0,0.3,211,0.007070867396467844,0.01467717097469297,2.4665205261576233,0.013290471885428277,3.692628447640743,0.5980377504772737,6.821428571428571,0.6049538539126091
1.0,0.3,212,0.004619802341679176,0.006524658763053907,5.4307339357438025,0.005416766356099124,5.25610455616598,0.6396703125375804,7.392857142857143,0.6789786033117449
1.0,0.3,213,0.0024219765630400215,0.002197957694028529,-1.9711905185301006,0.002191015651815706,-3.685935502928203,0.5732281078370095,6.464285714285714,0.5825363105151007
1.0,0.3,214,0.008377025122838073,0.00911820350939247,3.3263959441314057,0.00973895614470446,7.11778207286261,0.6066602443045149,7.285714285714286,0.6196471270628727
1.0,0.3,215,0.005669700671378563,0.0008086538237196398,8.362854192384773,0.0014495223374289912,2.0276004928089058,0.6870372494782047,6.785714285714286,0.7152666906295335
1.0,0.3,216,0.005775601953879009,0.006733263386691218,3.4297518630931734,0.007226521916824432,2.7682992587884883,0.7125139153235293,6.75,0.7185524475752021
1.0,0.3,217,0.02952192340949787,0.02980494158459638,10.304225468166134,0.03017798647110598,7.929069302224481,0.7280877104187077,7.071428571428571,0.7663074260061324
1.0,0.3,218,0.033359361940180784,0.043904289164280526,5.567036678355038,0.039610557711457724,12.284542932705477,0.6931915781447849,7.428571428571429,0.7339277928791963
1.0,0.3,219,0.008445227161676127,0.0034555849900706043,3.490449208747812,0.004558032543152817,-1.9422264529871331,0.6951151290390004,6.071428571428571,0.7234466379023415
1.0,0.3,220,0.014078490059269087,0.01200220768715491,6.296857219864663,0.010616202863109783,5.1436008010571,0.6619641060552219,6.357142857142857,0.6916288082892079
1.0,0.3,221,0.01410003299395999,0.0156140502522317,5.5684681654500565,0.01524216335521719,0.12279467271129836,0.6660923224287947,7.678571428571429,0.6933116639895569
1.0,0.3,222,0.0013404740186418664,0.0014115300756738865,-0.4354973966313196,0.001994635792437445,2.5173707988975025,0.5992170969653218,6.357142857142857,0.6062290515291878
1.0,0.3,223,0.008174007672535106,0.011537785722025837,1.8383264530348953,0.010451842679457304,7.3107593603408345,0.5962015974332194,7.285714285714286,0.6274960614836784
1.0,0.3,224,0.007644613421411159,0.012226015378496668,9.435619361126179,0.010745412987266308,5.745914337622547,0.6555673942999759,6.0,0.6588457516772646
1.0,0.3,225,0.0019990954398688265,0.0012042734979151582,1.041105752466521,0.0013016128708285926,-1.1447650199374948,0.6218195047151486,7.25,0.6541219008514365
1.0,0.3,226,0.024960683382314823,0.03213291389589101,3.852213686225287,0.031217155481904228,9.140658547526973,0.7063615591139449,6.785714285714286,0.7488272235977431
1.0,0.3,227,0.01079809682791017,0.01448544494250734,0.09512065581300533,0.012783463560481956,2.4392854373347936,0.6421773927926333,7.107142857142857,0.6748755989800974
1.0,0.3,228,0.0026832866855786997,0.0016751441465203162,1.0732526405308178,0.002361668567655386,0.4627952570046621,0.6262738949101128,6.642857142857143,0.6507034128718556
1.0,0.3,229,0.004150087090869716,0.003016003037343353,4.367223453755763,0.002729668107821681,2.8221588237662636,0.5881380852416169,6.571428571428571,0.6150191431273309
1.0,0.3,230,0.039580582632615845,0.037307019786449805,13.744096876667218,0.035921848396805456,8.485942391471923,0.7375623384920981,7.142857142857143,0.7774384058121708
1.0,0.3,231,0.0021664494669112497,0.0009490940245607171,0.8686644871899958,0.0011653853428960105,1.2673363042339172,0.5447687412927643,5.821428571428571,0.5728001532260897
1.0,0.3,232,0.009348441395977673,0.010981220170098116,0.28672494363446077,0.008589803681646377,-0.20259629005562374,0.588743297845708,7.214285714285714,0.5950713263594656
1.0,0.3,233,0.005459237046494111,0.0029230990772504115,9.347387868945276,0.0024187265157246344,0.26605644411164536,0.6723740862972859,7.785714285714286,0.686653728073108
1.0,0.3,234,0.023980612193873145,0.03253500370888532,11.294604547785628,0.027968642852833552,8.848069566563728,0.6677451770772423,7.642857142857143,0.7251343115903568
1.0,0.3,235,0.02064312370975429,0.02093578927901227,7.157117706143399,0.01944163021342853,5.599382341546392,0.6876651189884921,6.142857142857143,0.706372373586301
1.0,0.3,236,0.003678921677051011,0.008084708533568548,1.5405140259173606,0.005804713922535556,2.346932385660788,0.5926575765958136,6.892857142857143,0.5906934251532482
1.0,0.3,237,0.0011229322279547795,0.0006455968580441175,1.95006666536473,0.000579104904641774,-0.403341377194361,0.5613833836857768,6.035714285714286,0.5935677621625635
1.0,0.3,238,0.008704685806696732,0.013189793464061447,4.432595926754736,0.011248151157809706,4.146522448042646,0.6635787340767332,7.0,0.7052244352180594
1.0,0.3,239,0.009223386208710686,0.009704314126565135,4.551057202238148,0.00968684545531891,4.6252490791315495,0.6679141271068467,7.428571428571429,0.6887291340963198
1.0,0.3,240,0.028611328409932368,0.02711334864487847,8.037191044598892,0.025329154578821293,2.494357390874162,0.7128398572359993,7.107142857142857,0.7565774848264696
1.0,0.3,241,0.008120380409965416,0.004242106152444017,0.6112592081738484,0.004792759729866375,4.996125144417145,0.7036580232609639,6.357142857142857,0.7351732980122869
1.0,0.3,242,0.012220345897795172,0.01661490260083718,6.2595364596109775,0.0143609971057247,10.398552984183652,0.6623607338135091,7.0,0.7164928232276654
1.0,0.3,243,0.0043401894999849835,0.00401713801643247,4.369877154190682,0.00426858331323624,3.956763773738345,0.6523160853150054,7.214285714285714,0.6630838205984373
1.0,0.3,244,0.0019593212316017274,0.00025554777122897745,1.983304032829416,0.0002190603749901749,-1.6422760009287458,0.6163529550598967,7.678571428571429,0.6191479674471607
1.0,0.3,245,0.012221294866839068,0.019657256704102517,6.2270196558066715,0.014612576293463823,6.783534371305772,0.6611858713680785,6.964285714285714,0.6921185532150333
1.0,0.3,246,0.0009964745363221334,0.0011012431912930487,-2.577589311748632,0.0010169863585044528,1.1562109362069084,0.541284310537876,6.0,0.5383549713367202
1.0,0.3,247,0.017929184926559517,0.024966687624208308,7.300176588530704,0.026112413422300668,13.403068954836746,0.6765281602612279,7.535714285714286,0.7004577153662741
1.0,0.3,248,0.010932414922266515,0.010183730750859188,3.3065054012964907,0.01025722303072325,-0.8561166046341194,0.5894026649433987,6.285714285714286,0.6188556896066465
1.0,0.3,249,0.00481137831931118,0.002095425246506794,3.841829183726823,0.001326839885764697,1.8379084121441263,0.5529238209348485,5.857142857142857,0.5690385219286912
1.0,0.3,250,0.016376910492112668,0.024775591804668207,10.122154838734275,0.021709480159803757,10.371722056565764,0.656002217784857,7.392857142857143,0.6933385199959639
1.0,0.3,251,0.0009952445664145775,0.0007465405797766893,-0.20874768087320206,0.0008864856635086494,0.08018827657038703,0.5570289224443825,6.321428571428571,0.5727595272298807
1.0,0.3,252,0.0019095071725021666,0.002245267204057557,-1.5351992290611847,0.0024648811811292235,2.297197127752071,0.5826225272306027,6.535714285714286,0.5957560137048313
1.0,0.3,253,0.004185243645466593,0.00451411327799017,0.87976708740986,0.004569391978241917,4.184929978884071,0.5882745943476495,7.25,0.6012371234439
1.0,0.3,254,0.0027360863428352415,0.004374604489471786,-1.5563782814685254,0.0046705867320830504,1.3066744663611207,0.5967477086855707,7.821428571428571,0.6217527787831876
1.0,0.3,255,0.0007536001907454597,0.0003920699868977938,-0.7091156961859397,0.0005137593387636529,-1.0871456533185722,0.5776167635274111,6.25,0.5953676476885847
1.0,0.3,256,0.012432562294429229,0.01264493037582303,0.9966012112551041,0.011609824880989541,-1.9057786869090876,0.6794649265688374,6.535714285714286,0.7071572127128629
1.0,0.3,257,0.0015369084839423931,0.0021899660851776785,0.06633596684304877,0.0027549176701604358,-0.569765103681173,0.6038828554670262,7.357142857142857,0.6258430994354048
1.0,0.3,258,0.0019610586763356332,0.0016028708457068578,0.25573960471970025,0.0014536307380514375,1.3348584252663234,0.5950930669353738,6.964285714285714,0.6241204022963374
1.0,0.3,259,0.016829256851541057,0.017562032042711666,7.899614017716573,0.01687771980525628,7.713286738389712,0.7380745785475066,7.642857142857143,0.7749759212516714
1.0,0.3,260,0.005110579300937712,0.005771150706848999,4.010973119382776,0.006143725914398032,1.677326447616063,0.5190236418638061,5.714285714285714,0.5181647765964248
1.0,0.3,261,0.000684926392414734,0.0013974361991109928,-1.4032904718138681,0.0008151340394604567,-2.039582751595541,0.5762586432676767,6.785714285714286,0.5826618397135871
1.0,0.3,262,0.008828733414512877,0.016435737609725307,7.724361570542349,0.014041253128929775,5.872743456320582,0.6557735884670005,7.535714285714286,0.6928024459444793
1.0,0.3,263,0.009053721242420194,0.009654647415948089,8.01973623721046,0.009125151674860676,0.3718132608579481,0.6803752935809226,7.892857142857143,0.7259826898152231
1.0,0.3,264,0.0022917164342411167,0.004102333183210305,0.8196468882361145,0.002760058783826017,3.648750027050492,0.5223826039092833,5.571428571428571,0.5171826614947095
1.0,0.3,265,0.011062167943482653,0.016096723558717035,8.338871052086283,0.013628986778560729,6.952500686024005,0.6076453969131496,6.178571428571429,0.6374409613573199
1.0,0.3,266,0.002457268601303407,0.0008862416105595521,1.2788791502062864,0.0007347949939115425,-0.7248865255352351,0.6203656092526569,6.892857142857143,0.635314860850104
1.0,0.3,267,0.017337492828623055,0.021781086923167676,8.702161529798424,0.01853847086525943,6.72346089085291,0.6603875172245136,7.5,0.7001616656147478
1.0,0.3,268,0.0011179798500424963,0.0009659820366780698,-0.02734837174430993,0.0007083024468638776,0.7120906187870162,0.585712431881699,5.964285714285714,0.5976278170008187
1.0,0.3,269,0.006005467883667139,0.0038732271694509623,2.5641843067039787,0.003576729066733859,-1.800824429247901,0.5823677446925615,5.321428571428571,0.5973469253023467
1.0,0.3,270,0.006352122712686048,0.01325547803052834,-1.244024724933638,0.014091405944694456,6.897769371575492,0.5364745487746125,5.75,0.5436192917476658
1.0,0.3,271,0.0172369194941497,0.018793555701395265,10.008080997821207,0.019896720155641277,4.783958055701741,0.6880490619686531,7.25,0.7285772616701557
1.0,0.3,272,0.0017557708153730295,0.0013942600735009447,-0.1814255347731617,0.0015513963778946314,-2.4844122405116593,0.6233665453971258,6.642857142857143,0.6219012914927751
1.0,0.3,273,0.03158294878080125,0.0320447565699702,9.197808723832658,0.03303893069417571,10.550925874902845,0.7333076334666407,6.75,0.7840550317592141
1.0,0.3,274,0.002273651519683178,0.00027834992479273523,-1.5968617294464167,0.0001509185608441547,-1.8978138455842195,0.5823320542138427,5.25,0.5916905675484361
1.0,0.3,275,0.003341183661983827,0.0029734086657420044,1.5971112877254257,0.0022878330285430997,1.6292235177923449,0.579415844852965,6.714285714285714,0.5972679565733952
1.0,0.3,276,0.006500067443035566,0.006075095854877356,3.850614834202787,0.0066899781969429325,0.08516806302441182,0.6612424236124542,7.107142857142857,0.6845494442991868
1.0,0.3,277,0.0026642627819881267,0.0021771941643998855,1.4859078015348288,0.0026647936854933274,5.291609752827772,0.5722656474149286,5.678571428571429,0.5979824369865425
1.0,0.3,278,0.0020789025981187603,0.001754722001621669,-1.2694183618244708,0.001793959157015138,0.8685603964336982,0.6041334763055783,6.035714285714286,0.6137879109055105
1.0,0.3,279,0.01741196367380431,0.01653023820945195,14.314596662370384,0.015438634431839286,11.650815809421578,0.7762207823022116,7.5,0.8095040348911626
1.0,0.3,280,0.00941259912272776,0.00979126791107385,2.109980834612891,0.008778807554551077,3.4185905950245874,0.6554982879591215,7.071428571428571,0.6643485071563286
1.0,0.3,281,0.016044138861756214,0.01823513267376291,5.230040790043386,0.017733758542740726,-0.5012738245426837,0.7329992842831532,6.464285714285714,0.7677319208897893
1.0,0.3,282,0.00343476049788182,0.002221663225661866,-0.6486887898988201,0.0021130250703307123,-5.556940309530972,0.7424494720777322,6.714285714285714,0.7641786499567053
1.0,0.3,283,0.020983560873954706,0.020408599690656025,11.898194035698936,0.020183933693413,5.9253146507759125,0.7237744784658283,7.071428571428571,0.7566030835292058
1.0,0.3,284,0.00690327036487055,0.0037286415543463813,4.599978391055004,0.0028463282044694106,4.375985690823039,0.6365330220254399,6.142857142857143,0.6513791381566564
1.0,0.3,285,0.010091411122193411,0.014952747714987592,2.828182305553163,0.013882983373396903,2.5892764115725506,0.646117549912936,6.785714285714286,0.6622104773518847
1.0,0.3,286,0.0018898198001867659,0.0019518921934895564,-5.351772830941215,0.0019735812713503266,-2.342559671334224,0.5893027057446742,7.107142857142857,0.6096522267368534
1.0,0.3,287,0.010860018963231686,0.011469087495174807,2.547134380197299,0.010485903829458201,0.8806909264857078,0.6295762666441099,7.892857142857143,0.6593308395502935
1.0,0.3,288,0.016761165555047565,0.016679690812540695,0.6564597337066935,0.016448203645073767,3.139651557988325,0.7093951535370205,6.464285714285714,0.7315228123593815
1.0,0.3,289,0.009930243082290511,0.010609074341051983,1.0542862947951903,0.009250719094652205,3.0341356998148874,0.5785674831382513,6.285714285714286,0.5889272051903145
1.0,0.3,290,0.0019702127004556586,0.002259962365896434,2.325220324588713,0.0014798266537780276,3.3991276151928957,0.5709891749364094,7.25,0.5783183785695185
1.0,0.3,291,0.02752259290851448,0.037897772475326316,6.609918914696543,0.0352865862554749,12.116460728138373,0.7210020875579046,7.535714285714286,0.7704468016183671
1.0,0.3,292,0.008753292025278978,0.012201315289476747,1.8812721430473829,0.012129241536968547,5.084098358276918,0.7077119326617244,7.785714285714286,0.7424282218284604
1.0,0.3,293,0.006133787718423278,0.0038747940486307583,4.153840729050032,0.004205448759451844,-1.0645612066145798,0.683208831665051,6.857142857142857,0.6934188264960213
1.0,0.3,294,0.006456249801181872,0.006381447815453888,4.949145395821347,0.006892315226215679,6.8474589635812135,0.6275303577042368,6.964285714285714,0.6350005449908491
1.0,0.3,295,0.013228493363721379,0.014524714602503094,8.014977196941302,0.013544817343589243,3.547063587397787,0.7589255366107892,7.25,0.7809543700307366
1.0,0.3,296,0.01013508029484039,0.01715882436842072,3.013975403915893,0.014328767479890422,8.118637973305491,0.6268626632873966,7.285714285714286,0.6591390152438565
1.0,0.3,297,0.0027009353243953073,0.0029634038675080635,0.27031389680829676,0.002519386055174567,-1.1082780903134999,0.5525888776561823,6.142857142857143,0.5578619170870489
1.0,0.3,298,0.0022090060522157165,0.002411055487339654,1.4419889051239352,0.0032590140541451152,8.241098095825635,0.6031611711381498,6.0,0.6172170205865019
1.0,0.3,299,0.021194527512291395,0.0224010073001647,16.655587232072243,0.02047518453388917,10.864908102289311,0.6956179473061777,8.107142857142858,0.7337701772910328
0.5,0.0,0,0.001184657212805589,0.001016252554833654,-0.5102723103936952,0.0009846590120524122,1.252149498539031,0.5638397278298803,6.035714285714286,0.5787586058475755
0.5,0.0,1,0.0029328681735610596,0.0010537756090532248,2.3907157943447572,0.0011777338893462213,-4.163880352968675,0.6046181711547449,6.285714285714286,0.6016776021826913
0.5,0.0,2,0.005276442063502682,0.008279991979638256,3.33675128135625,0.006616938614577616,1.4546652682019878,0.6156965827518316,6.214285714285714,0.6176668335477448
0.5,0.0,3,0.002570796416993868,0.0026851469536201805,1.8604568400091495,0.0018991025020752871,0.779120681097576,0.592778189210205,5.392857142857143,0.5914222388282421
0.5,0.0,4,0.00830514350387305,0.010651086213936638,7.418860299845669,0.010382704786310615,9.086529882787849,0.6255948054081806,6.75,0.6374975299640737
0.5,0.0,5,0.01268340791646407,0.005088696550830996,4.657030864480198,0.005000532713510486,-0.6172255779168646,0.6053781662234042,5.321428571428571,0.626568372543262
0.5,0.0,6,0.0010639903801135382,0.0009966270776392476,2.551273973216283,0.001056038801091184,0.5014113651296744,0.5524060711496359,6.142857142857143,0.5693253883342065
0.5,0.0,7,0.002517136494530607,0.0007889353345121952,2.7550543779385634,0.0006648456528046578,-0.6314104732760389,0.5994527117858369,5.642857142857143,0.602746129251089
0.5,0.0,8,0.002245542253304422,0.0031679774998152116,-1.3456059505675597,0.0027751034835374307,4.342239232152584,0.5917769402202595,6.392857142857143,0.5740828343141164
0.5,0.0,9,0.0006856837051307391,0.0002643662153064678,-2.961154498919136,0.0002963320512338384,0.9977703775796082,0.586663718934889,5.535714285714286,0.5946164741251103
0.5,0.0,10,0.0007868383140734628,0.0015054256287364265,1.956606964727186,0.0008761921392766098,-2.9920346659017127,0.5784232746370559,6.357142857142857,0.5943475016654369
0.5,0.0,11,0.0022348479895038013,0.00205862342703135,2.5169007158729713,0.002600189627918957,1.9268101109262357,0.5973663496340169,5.5,0.6074608671399113
0.5,0.0,12,0.004526956334197841,0.007784062832057032,3.329937130670686,0.006360570893323602,2.9068541400898766,0.5583560493574654,6.071428571428571,0.5632633338902517
0.5,0.0,13,0.007711431897211495,0.003267124047414954,7.040657894564532,0.002999818840328814,-2.372191610831919,0.5468645469804858,5.535714285714286,0.5584797460524198
0.5,0.0,14,0.001401898433339959,0.0007542261951397513,-2.1341332891089166,0.0006611913474722156,-0.033656205219699586,0.5832731378925675,6.214285714285714,0.570419121826595
0.5,0.0,15,0.0033718809888722266,0.0023930301760554974,-0.7485955767445702,0.0021500223344138644,-0.4508472146388082,0.5532753220056726,5.357142857142857,0.5412806365110898
0.5,0.0,16,0.0014145203863420001,0.0019771508817053403,-3.1751153429245065,0.001998682361757966,-0.6852359395726259,0.5321198221831852,5.392857142857143,0.541157984023402
0.5,0.0,17,0.0025804594091828597,0.0076768181015394125,1.2457754447227671,0.007185635976934986,3.793780710625318,0.5447258805941544,5.035714285714286,0.5736448902995255
0.5,0.0,18,0.0016392335606250214,0.0004935720987984659,0.03620780437913851,0.0005778450587218619,1.2434515139137357,0.5479909996736003,6.071428571428571,0.5508833486177036
0.5,0.0,19,0.006614682162229689,0.011002263646246265,0.9316129664682293,0.00994991452433371,4.229244049123849,0.6102956444744816,5.75,0.6046382505743955
0.5,0.0,20,0.002154997412320187,0.003242594313351096,-2.087870049095976,0.0019233356568015326,1.1240725674877485,0.5587150049627118,7.035714285714286,0.570885511079433
0.5,0.0,21,0.0018868799616511447,0.0038884760474997087,-1.2830223129888054,0.0031493334029981924,-1.3436366756217808,0.5628844571167613,6.285714285714286,0.5814641825289899
0.5,0.0,22,0.007886422518600847,0.007176707493364786,4.03649877460564,0.007252145177598437,-1.1718078886889316,0.5712954391441,6.071428571428571,0.5871383537613077
0.5,0.0,23,0.0006015762636595606,0.0005115638000742255,-0.45055057424917067,0.0002594042349947116,2.877112656529713,0.590894089829035,5.928571428571429,0.5910841850756836
0.5,0.0,24,0.0017669518097237493,0.00046777635966265696,2.251496798666757,0.00047693518797906314,0.5203395271610418,0.5764787349409124,5.714285714285714,0.5661844325376894
0.5,0.0,25,0.0017587065247968714,0.001685268083870979,-1.955872451658685,0.0017227790123323912,-1.3053552757804614,0.6254636119409065,5.964285714285714,0.6335729420525185
0.5,0.0,26,0.006344878230364446,0.008888888403520825,-2.081287839978735,0.008284518250075992,-3.106099567662151,0.5779298556953562,6.0,0.57602243142403
0.5,0.0,27,0.0014406296860599802,0.0010331063989687255,2.3507415628657284,0.0008272215449658478,-1.1239469056881337,0.556016829727303,5.892857142857143,0.555330250649371
0.5,0.0,28,0.0010357227113974845,0.0014375759972954526,2.536651278820017,0.0009336689060106974,-2.5448146489633245,0.5999302449231264,7.285714285714286,0.6328806203592638
0.5,0.0,29,0.003949286643415757,0.005107325351333694,2.3025504433643746,0.004760740381319061,-2.1003923980397587,0.5471400507488646,5.642857142857143,0.5521409640997506
0.5,0.0,30,0.003988084943764702,0.002897146459469786,-1.4286219441906454,0.002509919555834963,-0.9341689056474441,0.5777583020688332,5.285714285714286,0.5943679102186203
0.5,0.0,31,0.00486755198186463,0.003818918897173712,-1.3885837851955216,0.003842903450170919,-0.5081679103624689,0.5870049475792058,5.892857142857143,0.5814516899597175
0.5,0.0,32,0.005690446952265643,0.0054800337908284275,0.29903486103939514,0.005419955851480752,0.28769458535326936,0.5627256451976316,5.25,0.5710030840602908
0.5,0.0,33,0.017401558944122465,0.012690371941954368,5.3053425035470525,0.013233361976007782,5.504868479241054,0.5385299478253652,6.285714285714286,0.5456721367138098
0.5,0.0,34,0.006016622594026353,0.0015359704336142374,-2.033281336409047,0.0014787419935123074,-0.9134955448745359,0.5748782363593316,5.857142857142857,0.5783879527254423
0.5,0.0,35,0.0021047142794228192,0.007179692720768263,3.1632667665904464,0.004794518995716884,4.263662274126811,0.5864463325212955,5.642857142857143,0.5952373306777201
0.5,0.0,36,0.0013557367127994214,0.0009133043108716098,1.296323068010885,0.0004463405112974006,-3.149095422056348,0.6099167342005208,5.714285714285714,0.6200932184052499
0.5,0.0,37,0.006866838847612307,0.0007619727714455195,1.8925435875248482,0.0008655482143126499,1.2350240933195,0.6108728535761749,5.821428571428571,0.623812885935334
0.5,0.0,38,0.0011758450050868862,0.0011170503251208515,1.3284798468568155,0.0011031734251481127,1.5180804007487059,0.5276732893258907,5.75,0.5357017387217259
0.5,0.0,39,0.005932842358927889,0.0037111160013187303,5.086464628383212,0.003365218815300558,-0.49073218942706376,0.5879427390400053,6.321428571428571,0.5939962009614039
0.5,0.0,40,0.0036205461452410515,0.0040372326961359535,1.0956419152028047,0.003467008573895086,0.05848322307069983,0.5737192264999375,6.392857142857143,0.6056793080721948
0.5,0.0,41,0.0017899663551870484,0.0006160949498510447,-3.0051453663393772,0.0010082228738943551,3.7289203244744535,0.5556882226263621,5.928571428571429,0.5765755645717193
0.5,0.0,42,0.0015966157411694921,0.0010348889061200402,1.0259834654015307,0.001175609687807274,-1.537181482131814,0.5676078288527572,6.214285714285714,0.5765307844441823
0.5,0.0,43,0.00114175488752769,0.00045483805757678454,2.361991604893994,0.00047989206321824264,1.6280468821674958,0.5964389279415795,5.75,0.604123077939133
0.5,0.0,44,0.003947209381074471,0.0025307992819522543,-1.2958061902869105,0.0024127413238611427,-1.0667598292172518,0.6228923021796885,6.464285714285714,0.6301818532345302
0.5,0.0,45,0.00021127874455576857,0.0002830655725266881,-3.437907453926961,0.0002648135837654164,1.345585349305992,0.5598813229246437,6.0,0.5781949515827696
0.5,0.0,46,0.004019558937279643,0.004631896834901123,-1.4377008852776285,0.0029470632227202795,0.4984528237592561,0.5887515481318022,6.392857142857143,0.6089194198654009
0.5,0.0,47,0.0038588540417357113,0.002180595662389681,0.9363100585176269,0.0031145384487111898,-0.8623001760982921,0.6136078519903592,6.25,0.6186399161798893
0.5,0.0,48,0.008565280807790237,0.013222375249694262,3.1813870025805997,0.012902044139872811,6.583037795315562,0.614133077048457,5.928571428571429,0.6357516380868886
0.5,0.0,49,0.003624213687031485,0.0017133656405020528,2.304040086359997,0.0017443293705918434,-0.17288642669794285,0.5951676487237582,5.964285714285714,0.6058880003646784
0.5,0.0,50,0.0011468002728706188,0.00037221409292560834,-0.5930549914987893,0.0002873178692132792,-1.480946809278483,0.5499811436922466,5.642857142857143,0.5523787755452485
0.5,0.0,51,0.005180412353941151,0.008936136830215664,0.09375911418622707,0.0074687192811215665,0.897263504416884,0.5720476732050831,6.75,0.5909815086287167
0.5,0.0,52,0.0054289211251322255,0.006098518589104049,-0.8603473378273137,0.00562989058011881,4.041723493539138,0.5982951802506669,5.714285714285714,0.6133681927649305
0.5,0.0,53,0.006518393995788916,0.005302834754449637,4.487540602760291,0.005103263475464158,-0.1911911192537256,0.56372347804255,5.571428571428571,0.5766796894325151
0.5,0.0,54,0.001616905788427219,0.0013433483780383604,5.028831027076976,0.0012349443928443284,-0.9656202391983868,0.5471266060175414,6.071428571428571,0.5592325893151688
0.5,0.0,55,0.0017580356142250055,0.0033190932232726174,-2.618947460161209,0.002250177576546455,5.119973370322147,0.5886142634471373,6.357142857142857,0.5847851640942978
0.5,0.0,56,0.0052738498484035685,0.002234061897568086,4.950041410472828,0.0023931630060921166,3.6093320370018582,0.5945436213480473,5.714285714285714,0.6323665038590849
0.5,0.0,57,0.0019213665141984118,0.0006534312543066356,1.2408557093019255,0.0008000086474277495,-0.8480899464330965,0.6618849387693573,6.071428571428571,0.665816514805422
0.5,0.0,58,0.0026604414492401927,0.003207273754229566,2.1275645565201557,0.0026331278589141896,0.1821484275012987,0.6034117261983294,6.321428571428571,0.6189841156327902
0.5,0.0,59,0.0018909718397310152,0.004680092910616172,-1.8199277434850245,0.005347094168199063,1.7033456024410232,0.5902286437605108,5.964285714285714,0.6103391772288264
0.5,0.0,60,0.0008520924253521649,0.0005997175056762981,-1.2646066112324021,0.00040369245250716887,1.7120356953730322,0.5424231627648498,5.857142857142857,0.5531696195541418
0.5,0.0,61,0.005457564628079337,0.0109010772991866,0.6834269478013582,0.008253393458480135,3.9869090803671647,0.5698380814214267,5.5,0.5714010759934405
0.5,0.0,62,0.0041948503804822785,0.0012522198929765455,-0.29633206800551193,0.000987681734662514,1.6305145306316622,0.5416582852146112,5.535714285714286,0.5384138734990869
0.5,0.0,63,0.0016539862184469468,0.005030514757753425,-0.04717968739202405,0.003151858134517997,3.3202348147890652,0.6108428909811651,6.75,0.6173007368941141
0.5,0.0,64,0.0032911347836234338,0.0020838600224263814,3.409364286327346,0.0018672511900831297,2.228589831910815,0.4973766250414094,5.678571428571429,0.5069511366178576
0.5,0.0,65,0.007758811676802239,0.007146297251797587,0.7111534003399598,0.0073534293798698195,4.206168781973655,0.6123837203722404,5.785714285714286,0.6468298312556147
0.5,0.0,66,0.0015254538167151466,0.0009457731230899238,-3.8025177202348672,0.000999687198781528,-1.3364224398696745,0.5712981573636635,6.428571428571429,0.5820937195061425
0.5,0.0,67,0.00647949006838749,0.006088190491805478,0.9851427741595202,0.005404535486251284,1.0911524495237,0.5928933312897808,6.821428571428571,0.5934722070835876
0.5,0.0,68,0.0031120724720149,0.005498834382265578,5.812390240037608,0.0033604954131045447,2.2465444503482197,0.6153546458827325,5.964285714285714,0.623799226588255
0.5,0.0,69,0.0005650639126418729,0.0006415084061556144,0.2978896417411363,0.0006307310337799236,-0.268811767592761,0.5669539711828953,5.714285714285714,0.5802854251331715
0.5,0.0,70,0.001772878157482382,0.00377078998674712,-0.4749638217971395,0.00286057677843669,-0.9075514156656178,0.5518592254960092,6.107142857142857,0.5644873542182168
0.5,0.0,71,0.0062122550471642255,0.006505294203850564,1.3960526900008503,0.005212446296455666,0.24950351161151238,0.561433093248204,5.75,0.5641810448687374
0.5,0.0,72,0.0008706970713244935,0.0010049020051083116,0.361154530777803,0.0004931020284856065,-0.3448320575799926,0.643705494126603,6.678571428571429,0.6634262195924816
0.5,0.0,73,0.002281102746808032,0.0027571790965375867,1.5307944364390735,0.002061646689624322,0.8360509046161724,0.6294171435246092,6.642857142857143,0.6496390600516446
0.5,0.0,74,0.0011336631215532295,0.0021158060139739544,3.2266269941867733,0.0014603640731079052,2.315494884221702,0.5768352502351736,6.642857142857143,0.5801803950137329
0.5,0.0,75,0.0021477638100276426,0.003788918015821178,4.518073035375117,0.004909733593085665,1.2681549581809388,0.4843730391082453,5.464285714285714,0.503647898121951
0.5,0.0,76,0.0021698578002909657,0.001741674849775889,-0.5501060894049132,0.0017635341528418284,1.8334485386772978,0.5468942716891262,5.5,0.5669295509266854
0.5,0.0,77,0.0001274750964717843,0.0018897759883442753,-2.8449115861764014,0.0017405258956805086,1.8478964362877075,0.5773761592076461,5.75,0.5998378551010929
0.5,0.0,78,0.010199442917878412,0.01652322623173215,0.5811226511226906,0.016157204516421473,-0.0825519634729422,0.5812923598759253,5.785714285714286,0.5919651425532663
0.5,0.0,79,0.0013994214628050606,0.002696490951284054,-0.15930623808424826,0.002445185511180797,-2.8269433611195325,0.6010291141420706,6.642857142857143,0.5950070228205293
0.5,0.0,80,0.004321088403617499,0.005824396998430029,4.163132431972379,0.004219568288662997,1.0969915014014664,0.5992202170974205,5.607142857142857,0.6290722877743196
0.5,0.0,81,0.002806429731326849,0.0021823531059007007,3.847912785482528,0.0025145754507422693,-1.7417167583199575,0.5777228011838329,5.642857142857143,0.582586954706958
0.5,0.0,82,0.008199064529906154,0.005968033902573871,4.44529220553266,0.005292142730465196,0.021683068325188515,0.5822317263731396,5.607142857142857,0.5994966832354313
0.5,0.0,83,0.0015263170106500229,0.0008380676427904792,1.417149347646152,0.0006965845109242103,0.7683403498784381,0.5627235790394961,6.0,0.5877343358180958
0.5,0.0,84,0.0020534646167848195,0.0023762114367930497,-1.174747262713872,0.0017184158359018432,1.6408896848383658,0.5395234374838246,6.75,0.539589019918763
0.5,0.0,85,0.002219584198629654,0.0012081234055054202,0.017835867105006287,0.0011823303323772803,-1.1374859666277548,0.5553471717973136,6.178571428571429,0.5888198515736924
0.5,0.0,86,0.0025372753840699996,0.002425535593683109,1.073092927003195,0.0038631028725052002,5.467529423809897,0.5688650865042323,5.678571428571429,0.5684423487617453
0.5,0.0,87,0.001447550799276724,0.00017282803082616636,-0.3229398070304228,0.0004334138365026223,-2.173405287646915,0.5649548007087798,5.678571428571429,0.5799177794814188
0.5,0.0,88,0.00639457071432236,0.006169623696016184,2.0075443777563393,0.006243342221219743,0.801036227344099,0.6022948726510781,6.678571428571429,0.6226639920163028
0.5,0.0,89,0.004167754187897931,0.005013212149022497,3.166329509689575,0.0036926322999152805,3.6119577144787343,0.5720864847872524,6.75,0.5744567363089349
0.5,0.0,90,0.001181889455380792,0.0007781274843009371,1.797787694438604,0.0006933262805714338,0.22898621671594319,0.6175386847323546,7.178571428571429,0.6396409309697988
0.5,0.0,91,0.002598851776174665,0.001872669680036624,4.834974166217606,0.0017699093982863285,-1.714245824930875,0.5994214207871688,6.785714285714286,0.6126469832625372
0.5,0.0,92,0.007006276466008472,0.012582984048392776,4.651774468988336,0.009483259195079786,6.955270168663105,0.5351834868547568,5.571428571428571,0.5670367436084377
0.5,0.0,93,0.0063072007886552095,0.0030048187844049913,4.447429996980688,0.0036984861552024897,-2.0717518028885897,0.5676163755494088,6.0,0.5812799925704417
0.5,0.0,94,0.0019128758916656372,0.0009694489005888241,3.3627046029214824,0.0009757236664050136,2.3602885081813647,0.5803980403758523,6.0,0.5853279873518872
0.5,0.0,95,0.0034052282729970314,0.009564957377070037,0.9780467487140143,0.008140721650887769,4.346994492315332,0.5835109824954243,6.428571428571429,0.6013623207142174
0.5,0.0,96,0.0018099031633378286,0.0009645101346820713,-2.174911001167821,0.0008962396589533719,-0.5729148948960491,0.5587458800301347,6.178571428571429,0.5866571383835845
0.5,0.0,97,0.0025422875181920447,0.000554174479025631,-0.3803620466814621,0.0006473081411999817,-4.99910447176245,0.5300177193340861,5.571428571428571,0.5490047156481768
0.5,0.0,98,0.0008400911660380023,0.00013456286888643542,-1.5775509587188736,0.00030238156783141026,-0.11779785277290482,0.5392006136172297,6.178571428571429,0.5500090196450732
0.5,0.0,99,0.0036390416477735726,0.007476483966658039,-0.056641930708835275,0.009402526974300378,10.48178146867057,0.6074115230185386,6.464285714285714,0.6184239818182624
0.5,0.0,100,0.010034035804835535,0.013358238972223027,4.621052851454415,0.012680920263455533,5.049442717416355,0.5742715553706972,6.142857142857143,0.6040959402967039
0.5,0.0,101,0.0031505089901873178,0.003591357121819975,1.4445980251533612,0.0023719521299959533,-1.4245786174104087,0.5502407305738334,5.357142857142857,0.5653257645395817
0.5,0.0,102,0.005706333468773061,0.003624729906137604,-4.427158504278026,0.0034197783305115856,-4.076025965471577,0.5206880631736047,5.714285714285714,0.5211971818232253
0.5,0.0,103,0.0015329243067960653,0.0008442386520428342,-0.45903967955361935,0.000629617614877327,-1.4031085902677394,0.6187301161811539,6.821428571428571,0.6422345070402242
0.5,0.0,104,0.0005270569693479378,0.0002618454580982817,1.4586684328885795,0.0001924046299894724,-0.12611075388962453,0.5625664902633017,6.285714285714286,0.5693242617901175
0.5,0.0,105,0.0009708004178913516,0.002542921338236567,-1.259878909735157,0.0021952639910904,-0.654441638237112,0.5604540957603346,6.857142857142857,0.5658381509899096
0.5,0.0,106,0.004745635704464245,0.006552069138813719,-2.5556121904020657,0.005356319036320255,-1.644100899803438,0.6092462777874104,5.857142857142857,0.6248140416438388
0.5,0.0,107,0.007707432475617516,0.004082741521017088,5.046714114107992,0.0034862244545478902,0.9250325802894395,0.5656645686381924,6.035714285714286,0.5850866051639645
0.5,0.0,108,0.0019058162918950802,0.0014301318294547025,0.3648941854244683,0.0014730499215359861,2.9257781696666902,0.5836061826357375,5.964285714285714,0.5928250276213272
0.5,0.0,109,0.005224420927184993,0.009124251737609425,-2.7990410314970475,0.01056249580518095,3.8512124237734704,0.528469134118064,5.142857142857143,0.5354058700219282
0.5,0.0,110,0.0025164037300489483,0.0013339968817144279,1.9773240291554046,0.0006906468493556853,0.31043950687134725,0.5494493446829901,5.5,0.5392741005537462
0.5,0.0,111,0.006592778962331817,0.005250184157385148,1.8067036626283297,0.004643594574433852,-1.962995441599683,0.5598252199167758,5.642857142857143,0.5636434922281358
0.5,0.0,112,0.0006959387561764909,0.0006046314159599778,-2.9466985966315846,0.0004074433282820476,-2.28294744018595,0.5482527645852249,5.714285714285714,0.5565208266996944
0.5,0.0,113,0.0008435306499442669,0.002107267395864907,-0.405166932077627,0.0013886337305125847,-0.5887435167585693,0.6352099135295431,6.75,0.6486907513310283
0.5,0.0,114,0.002298360732351574,0.003963100706768274,2.1736787553051613,0.004068735027270955,3.6414826383199,0.5622590971324489,5.642857142857143,0.5664660786183636
0.5,0.0,115,0.004390814234621875,0.008610629428223658,1.0326447480797611,0.007341046269743208,0.6782787718509363,0.5636709925398263,5.964285714285714,0.5734816922830639
0.5,0.0,116,0.0025739949263827127,0.0014270819977124144,-1.183257221939897,0.0019087808837738736,-1.1253416626518156,0.5635889232683423,6.392857142857143,0.5652981843262603
0.5,0.0,117,0.005167695491223469,0.00695569450744417,-3.51055379950612,0.006588925195905334,-4.1631422533493305,0.6068840775467269,6.428571428571429,0.6256323552233305
0.5,0.0,118,0.0053579916183198045,0.004225842958894378,5.9952649645495555,0.004021131114962403,0.8440773149475168,0.6038837228114311,6.464285714285714,0.6357735755213356
0.5,0.0,119,0.007114619424282401,0.006091606830676786,-4.461912649557,0.005538993586225999,-0.8284441083833656,0.5763297722569095,6.035714285714286,0.6062408098331166
0.5,0.0,120,0.0008154842184517422,0.0008185987448551963,0.9379126964511855,0.0006910338645472639,0.7387938311344536,0.5771500520433782,5.678571428571429,0.5767657191788815
0.5,0.0,121,0.000841380203741884,0.00209515148915884,-0.4024990276658329,0.0018817513652518575,-0.03046902952716361,0.5405809758870624,6.0,0.5428292524131216
0.5,0.0,122,0.0028466730562333098,0.0049023627454891925,3.916903224442585,0.0032434565591535243,3.9077963885200973,0.5488017805338717,6.25,0.5643358642135371
0.5,0.0,123,0.007523874038463148,0.006640614126714369,-7.409800553310674,0.005831657664867682,-7.050813628683073,0.5673423854152898,5.821428571428571,0.6059998802745152
0.5,0.0,124,0.0024337426391304482,0.0005070744882334436,0.6178605682297089,0.000886729022162632,-0.20341931900191904,0.5584384038201036,5.857142857142857,0.5746562050216899
0.5,0.0,125,0.0013486773462494618,0.0011150549117297265,-0.5766393989644314,0.0012817069919919205,-1.5088756605867009,0.5991609502471776,6.678571428571429,0.6156499072328663
0.5,0.0,126,0.002686518075304036,0.0032922807029711837,8.296888809551021,0.003945666080532021,3.954881779013732,0.571965503300957,6.035714285714286,0.5753799291314248
0.5,0.0,127,0.00125095697914896,0.0007622360994167019,0.5105153379300233,0.0006886712069700831,-0.786442289328401,0.5845860126182911,6.107142857142857,0.606874681993326
0.5,0.0,128,0.006553079267290388,0.0028612381148174007,0.7840212117673957,0.0041205276298139784,5.070093725094694,0.5622220342658601,5.071428571428571,0.574041363409841
0.5,0.0,129,0.0011673399598396313,0.0012647415410765432,-2.4761913274185403,0.0007486307747601762,-2.8561461189488093,0.5580943950459624,5.678571428571429,0.5581584094094676
0.5,0.0,130,0.003364381629296505,0.003990072677561467,2.09431175094538,0.0034981052007993147,2.174571838085361,0.6011194403837471,7.5,0.6164392625942136
0.5,0.0,131,0.0022743487586825316,0.003455225862712394,-1.8618818969796465,0.0035375993611518218,1.7739774213258575,0.5916073742639129,5.285714285714286,0.6025138097080249
0.5,0.0,132,0.0005714423565516303,0.00032345219662336625,-1.6333686968777315,9.852747327808438e-05,-0.8948576920655095,0.5835891285374528,6.035714285714286,0.5962457485722273
0.5,0.0,133,0.001518604688276631,0.001566002086768934,1.2371446465560894,0.0006628137244115102,3.8595695489519244,0.5931076527299666,6.321428571428571,0.5976062215529702
0.5,0.0,134,0.0017997270887824576,0.0029746030450928714,3.5706911007202535,0.0019450133734201854,1.26579645847022,0.5815002961905016,5.678571428571429,0.5854973914192676
0.5,0.0,135,0.002766959709555546,0.00029679087109305176,-1.6208962777633147,0.00042928411441551763,-4.801775128894292,0.6246722781592536,6.607142857142857,0.6189643407606569
0.5,0.0,136,0.004128484838414015,0.002698550897489314,-0.2143798531528418,0.0018308077474857613,3.478103541010389,0.5726649562880815,6.535714285714286,0.5786019156349137
0.5,0.0,137,0.0034027431125587797,0.003065729130491622,0.16581803982482057,0.002635194563082769,0.5976143306115489,0.5757631079156502,6.5,0.571536532861711
0.5,0.0,138,0.002318179200020408,0.00034041496173383426,4.3204458197104,0.00024538665405228266,-1.1058617675581388,0.5594689551119111,5.857142857142857,0.565055082146916
0.5,0.0,139,0.0027249164081901887,0.0006127112570844895,1.6320284659719988,0.0012036151119082367,0.48777104415400646,0.6158897437015745,6.5,0.6232579523287881
0.5,0.0,140,0.0028043865542160457,0.0010068744948031965,0.6340879718246981,0.0010929855559264222,-2.486941497143382,0.5843067934265909,6.035714285714286,0.5740361330265706
0.5,0.0,141,0.0011332886151390281,0.0009613048652434079,3.833562211484036,0.0010062657472497958,-0.9578001695222534,0.6287081554302023,6.464285714285714,0.629727684973372
0.5,0.0,142,0.0012548091983487525,0.001786101704917578,-0.04510875114009849,0.0012578013118363007,-1.021200317150819,0.5758052820057429,5.571428571428571,0.5970745832688358
0.5,0.0,143,0.002788678661367764,0.0004956092893165909,-0.7253031747188814,0.00038319948147224307,-3.8062141615884664,0.5983870258162709,6.035714285714286,0.5978831703471307
0.5,0.0,144,0.0018843571657902228,0.0040660646938960295,-1.4843170647445803,0.0031818506996098227,0.2880671239034693,0.5806957228185148,6.25,0.5838501123835855
0.5,0.0,145,0.006343500291221209,0.00024971835196811737,-1.6169901441278114,0.0010230099402968298,-1.7814729471712287,0.5623846155984048,6.107142857142857,0.565235610837175
0.5,0.0,146,0.006801137409037621,0.0030761090333934903,0.2848556763551784,0.003946098913843948,-2.451198356311693,0.5648961498713219,5.678571428571429,0.5807862745650167
0.5,0.0,147,0.0014971593418125944,0.004644868998854966,0.6560901127524161,0.0030330705477809,-0.30145944078790876,0.5726026483870115,5.607142857142857,0.6020171948749425
0.5,0.0,148,0.0005376322081974364,0.0003979175246561355,0.1668693316797416,0.00021393915921369413,-1.3266368992495075,0.5707856489867764,6.0,0.568561812727324
0.5,0.0,149,0.00032606935274616367,0.0008028685451801053,1.2792017013430836,0.0003344747927975657,0.27574614450324475,0.5688978901103681,6.428571428571429,0.565798078207316
0.5,0.0,150,0.0026829272612907086,0.007696961306578825,-7.140906214993585,0.0061794490441678404,0.7020006881017858,0.5801909393266136,6.321428571428571,0.5684893518021721
0.5,0.0,151,0.0003874940356331364,0.000472332572987872,-0.5442070836699529,0.0005045985939287511,0.042538724817527886,0.5897616701668316,5.178571428571429,0.5888982670890288
0.5,0.0,152,0.0020867846430085812,0.0031043703627715237,0.08472549224934767,0.0023932633536042766,0.3139920507569798,0.604695660456702,5.928571428571429,0.6165481350336699
0.5,0.0,153,0.003217398931741184,0.0013267885011520753,-0.6097633419374944,0.0007264919368765345,0.638869072281769,0.5568094032135608,5.785714285714286,0.5766328674438168
0.5,0.0,154,0.004027327227909574,0.003889803725979585,1.4565140821060751,0.0041533872276530315,1.555224981676891,0.6056673608668245,6.285714285714286,0.6188234724573876
0.5,0.0,155,0.005227723941356108,0.005443656924014848,4.496535738230676,0.005178278575327948,-3.406192896114154,0.5484676273551713,6.035714285714286,0.5471571833422493
0.5,0.0,156,0.003978959115269431,0.0035871046994216498,3.6730640778630317,0.0029291868263566488,-1.881774741538834,0.5742615970922598,6.285714285714286,0.5966394254391791
0.5,0.0,157,0.00441075149498718,0.0039060501400969456,5.3167348245439285,0.003687747357250035,-3.162516131677345,0.5679069830788087,6.035714285714286,0.5792077147187626
0.5,0.0,158,0.0021274311030355544,0.0015937588772859212,-0.1658505924003535,0.0018395300883462444,0.29195336606340067,0.6210752844890773,5.5,0.6310773451425464
0.5,0.0,159,0.0018001784878454552,0.003985814618247052,2.4696168773225295,0.002843364159105262,-0.10519643992142846,0.5381081523291263,5.392857142857143,0.5349665178272258
0.5,0.0,160,0.004178748508754218,0.008188307640209277,2.5046130198579135,0.008282431564316284,4.0086309043316435,0.5670331696750319,5.285714285714286,0.5954856732987642
0.5,0.0,161,0.004580777307304234,0.006077103467717969,5.221899344095874,0.006078090081058123,2.8218034642730836,0.6167849020728026,6.464285714285714,0.6281610644827751
0.5,0.0,162,0.003525767225194316,0.0015360203105976287,2.2033486923624253,0.002077070921720899,-1.8139725561276236,0.5914290943177419,5.964285714285714,0.5980136684097237
0.5,0.0,163,0.0028711960982937194,0.00011293001964267985,1.735688994432543,0.00019044437485706147,0.1861410305768724,0.561129430860189,5.892857142857143,0.5560719089386652
0.5,0.0,164,0.001781234060697085,0.0004892677550634991,-1.4892076549492899,0.00037410116356876655,-0.39800438295346413,0.5737141880767217,5.285714285714286,0.5807483542863074
0.5,0.0,165,0.0015853358411152237,0.0018346966684713126,2.6951358931657907,0.0016471751693716702,-3.5248072453029806,0.5818977458004088,5.571428571428571,0.5990416097156301
0.5,0.0,166,0.004681549318513911,0.001725960122407815,-0.2009765142107085,0.001984614393552159,-0.6530041127218832,0.5699235762311798,5.571428571428571,0.5813298522048085
0.5,0.0,167,0.0010533433979454836,0.0001747473608769778,1.4001204914055663,5.165336401905174e-05,0.5239148736333258,0.6148232594116048,6.178571428571429,0.6177125792845009
0.5,0.0,168,0.0011957550855108887,0.0013505671232460904,-4.687539485616149,0.0017824041238850296,-0.016809100421539824,0.5840796974727163,5.285714285714286,0.5881498897689181
0.5,0.0,169,0.0027284455220460873,0.001489859397171408,4.653501527763154,0.001143494968231542,0.8969066426054345,0.5891533688942744,5.928571428571429,0.6068074313345855
0.5,0.0,170,0.0013941211942484154,0.009069957671183149,1.148969088555063,0.0073439104792922105,2.943711514088259,0.5601802983331482,5.678571428571429,0.5796683404915738
0.5,0.0,171,0.0029484373948313342,0.003973592858614677,1.3069706835034296,0.0028399964417287213,-0.3747149390936026,0.5642950175555221,5.607142857142857,0.5730584235169177
0.5,0.0,172,0.00379914097780338,0.005458224949807697,1.2438076006270862,0.004867529897995426,-0.7067162150033823,0.5848994283163433,5.928571428571429,0.5772432833467449
0.5,0.0,173,0.0009257275777748936,9.380692999640109e-05,-0.8701668283236259,9.351914859855634e-05,-2.410380394996821,0.6048563832123077,6.392857142857143,0.6197039169550724
0.5,0.0,174,0.0041179885186792215,0.0053282934474110305,4.832089936689414,0.005178338380626297,3.7966000591950433,0.5981186852756538,5.892857142857143,0.6140808827776509
0.5,0.0,175,0.003847765143191764,0.004416716404878345,4.187070395015141,0.0031173713280706365,1.2764055011494406,0.5405908199561623,6.0,0.5637672712599124
0.5,0.0,176,0.006319226435600792,0.009072190692742715,6.323447600976088,0.00768994955171884,2.5043431782863763,0.5750448121299977,6.357142857142857,0.5822244388541817
0.5,0.0,177,0.001668109124200919,0.001760569231977615,0.8313198319438158,0.0011071374286285777,2.635874911791357,0.5714448597955171,5.785714285714286,0.5651330450329312
0.5,0.0,178,0.0010944338055370198,0.0006311097965667984,0.1335370008301524,0.0005549084608301762,-0.8093519616347274,0.5703189343477985,5.535714285714286,0.569022468675423
0.5,0.0,179,0.002589764294613225,0.0009093206198783526,-0.1311811266713505,0.001021427719172986,-1.1474276369547074,0.6199109104762063,6.571428571428571,0.6345599958430523
0.5,0.0,180,0.0062623590171902175,0.012439614783470828,4.295069271687794,0.011035473618329739,5.017036104222465,0.5474371538403904,5.678571428571429,0.5550355386689502
0.5,0.0,181,0.0006180834890772925,0.0015649861895483674,1.6980210986927986,0.0011606414698052776,0.047256908229400096,0.5802416296926017,5.714285714285714,0.5940754815016658
0.5,0.0,182,0.004131901320141634,0.00471511700583259,-0.31475913962471225,0.004634351543520426,-1.896867106540005,0.5685123220454852,6.607142857142857,0.5683381736088027
0.5,0.0,183,0.000512371635317784,0.0025851080368166344,0.8153561509791558,0.001885568193606129,2.5385904079709007,0.5500929107707083,6.25,0.569345414667074
0.5,0.0,184,0.0037244377137826763,0.002486584773107391,1.6549641968380229,0.0020539778627234823,0.8059122376870297,0.6188974940068132,6.642857142857143,0.646904635794809
0.5,0.0,185,0.005197001717700639,0.004323068148458547,-4.410169042015234,0.003998425053160434,-1.5443016998346952,0.5941704440217457,6.178571428571429,0.6043683326223617
0.5,0.0,186,0.0016375356938108925,0.002228692716726333,-2.734442755039751,0.001686094653743441,-1.521624574040506,0.6169224873629435,5.928571428571429,0.6430542891504032
0.5,0.0,187,0.00228464389792073,0.0063973353517977165,0.10272280658067245,0.005612308160276281,5.619959886262545,0.5592206239584115,6.321428571428571,0.5566928359002806
0.5,0.0,188,0.0011563336370264187,0.000904802626798889,-0.3294532947914348,0.0009730846876757039,-3.386658654343601,0.6071616975225476,6.714285714285714,0.6358457648688945
0.5,0.0,189,0.000817171055682181,0.002551923500782672,2.204134161534938,0.0021118658605990153,-1.7345334555256973,0.577837313165683,5.75,0.5913338453509746
0.5,0.0,190,0.0012405674189362803,0.0021183294198092646,1.954534700671708,0.0018734142205305633,0.22718118875422041,0.521677787171023,5.142857142857143,0.5331245277158789
0.5,0.0,191,0.0006356433691357784,0.00015561011864189962,1.6129276991276313,0.00013462803824309584,-1.3537075825443878,0.5927529967087384,6.285714285714286,0.5927241918669341
0.5,0.0,192,0.0020962836683614907,0.0012976530828616114,-2.598065572944698,0.001136203608657267,-0.7271009904932555,0.5657281970533785,6.321428571428571,0.5768597051428764
0.5,0.0,193,0.001439399239625797,0.0010778338276651066,1.7359957423638406,0.0011283371319725825,1.181757993590253,0.5977730300498879,6.25,0.6047042741047531
0.5,0.0,194,0.0022451110142110574,0.0067090425500678594,-5.017377911391584,0.0051549261465990035,0.3491883182863944,0.6067017333115949,6.107142857142857,0.6119312153704308
0.5,0.0,195,0.0005016488851617075,0.001655858585797426,-1.5177164682157382,0.0018499543392940185,1.2144586887269402,0.5775423855403973,5.964285714285714,0.5845616557353583
0.5,0.0,196,0.003856280927627106,0.005485482636041889,3.963430701126434,0.0060312240297564785,2.1238762104807924,0.5933012314657679,6.25,0.5981968625837648
0.5,0.0,197,0.002008940661614765,0.003975719838809131,-1.2734342069962352,0.0035260720812282636,-1.5656011966879173,0.5430309909018074,5.285714285714286,0.5550086323703965
0.5,0.0,198,0.0011801790527308394,0.001176144750841903,-1.9561283152325117,0.0012343205372704247,1.769041492883569,0.572983595647926,6.035714285714286,0.6028493689701006
0.5,0.0,199,0.0022412089438055512,0.0013610373539531997,1.665256753432594,0.0008536532142640093,2.787123463895142,0.5826697666516363,6.642857142857143,0.5923874054764757
0.5,0.0,200,0.0026702327162744727,0.001786440608647416,-0.3658158326980683,0.0017996169384170717,-3.368481698396399,0.5784430806479792,7.035714285714286,0.568895983926147
0.5,0.0,201,0.004380149565677191,0.009222162894121049,0.05597628076984762,0.0050147680508685856,5.269696187991097,0.5447151917611717,6.142857142857143,0.5403551101329871
0.5,0.0,202,0.0014393317745234446,0.0025318197604925403,-0.24358155883953714,0.002519794206499287,0.09428168413087216,0.5513345422845021,6.357142857142857,0.5604195242140618
0.5,0.0,203,0.006957563108969656,0.00937956330486224,5.903371774637506,0.0080520159042104,5.100876946573844,0.5525390745757092,6.071428571428571,0.5574453371764312
0.5,0.0,204,0.0054630763479688324,0.008683143340395555,1.6061011363526703,0.006709975005240537,-0.5835791333105647,0.5720136900812387,5.964285714285714,0.590068434586169
0.5,0.0,205,0.003888992619008363,0.006455562022805514,4.093299708797588,0.005458174184481623,2.263057814877802,0.5847993209969007,5.428571428571429,0.5773823210158695
0.5,0.0,206,0.0021599713011662635,7.651830193168992e-05,3.154031770020552,0.0003391085895945124,-0.44041985559666347,0.5741189221617864,5.642857142857143,0.5853855316262896
0.5,0.0,207,0.001515181296742329,4.364780676568074e-05,0.7232128241783045,5.172529242022513e-05,-2.5764180033257276,0.6022080075443632,6.178571428571429,0.6130262061664902
0.5,0.0,208,0.00576367932294852,0.011187220843976203,-2.8720755744793323,0.010233564191688978,-2.4934241758805626,0.57557022683445,6.071428571428571,0.5839237602034028
0.5,0.0,209,0.00044655188785426504,0.0003536538467901626,-0.27457779702324814,0.00035149522088422406,-1.2451616410523059,0.5483317679272509,6.357142857142857,0.5605252684819855
0.5,0.0,210,0.0008044404723370892,0.0018229929851664348,0.7683735066504696,0.0010818137434782857,2.3171185242674803,0.5649877617960449,6.428571428571429,0.5964430848979567
0.5,0.0,211,0.003627694983738853,0.0018066661402739304,1.122254779670044,0.0014889126553703713,0.8453204708595857,0.6116878980387417,6.821428571428571,0.6307586840418055
0.5,0.0,212,0.003830868309718826,0.001687444413695353,4.079521548406788,0.002006624906828531,0.310258552461742,0.5714933581109055,6.142857142857143,0.5591658516363261
0.5,0.0,213,0.0013464689806103667,0.0020073697475598558,1.345795548052834,0.0019148251588554021,1.784953623878143,0.5632438522509793,5.678571428571429,0.57290119014907
0.5,0.0,214,0.001142920171381954,0.0012637884318608774,3.143462595200866,0.0010381692635731774,2.0581572420041048,0.5765795005175287,5.535714285714286,0.5923784635327696
0.5,0.0,215,0.0005198471100996819,0.0008002582886160707,-2.1141677476997245,0.0005636123241405612,-4.308815337713952,0.5999975478544768,6.642857142857143,0.6124535697242606
0.5,0.0,216,0.002818970686644306,0.003979041565193717,-0.4416913980778645,0.002547939100091136,2.8819312120052984,0.5679348464018471,5.714285714285714,0.5805775018050984
0.5,0.0,217,0.0038781993285383373,0.005522154578312001,2.3641460220074606,0.006016279075054156,0.6603983535680603,0.5588174026992819,5.357142857142857,0.5696902980931717
0.5,0.0,218,0.0011779595605749835,0.0006226287361216654,0.8684191327822717,0.000535728854789745,3.282526238852616,0.5594818919335058,7.178571428571429,0.5760737595890841
0.5,0.0,219,0.0008224210273034618,0.00014604203016383682,-0.3396141400411423,0.00020537797144507114,-2.669948857410825,0.5588787526672588,6.107142857142857,0.5710064536341284
0.5,0.0,220,0.0009676381111259478,0.001176218371171362,2.609110952301087,0.000631306396952719,0.6206633728690368,0.5849349586902359,6.5,0.6033778187321259
0.5,0.0,221,0.0021918596336833593,0.004111421563802904,0.27380177629735414,0.003367937710812136,2.240298168730893,0.5683437618767341,5.535714285714286,0.580021672998339
0.5,0.0,222,0.008175508916896985,0.007749598111135796,-5.0955069595516775,0.009029779231997636,-0.7000788401627082,0.5784856736312215,6.285714285714286,0.5851204014866338
0.5,0.0,223,0.0018358261715452288,0.0006488878899972485,0.6847749569367494,0.0006903475151569889,-0.3343137689458426,0.5385211445763899,5.428571428571429,0.5611921524073737
0.5,0.0,224,0.008346303233206093,0.01319399912153913,-0.8467369714642743,0.012559003456659935,4.161313852232088,0.6239445290867488,5.928571428571429,0.6487696496509743
0.5,0.0,225,0.0030363930433690615,0.0030945511669697666,-2.294460253197748,0.0024814333269129654,-1.586675306636342,0.5877601586219766,6.071428571428571,0.5837569009186518
0.5,0.0,226,0.0031677900861938656,0.004113908622357347,3.3084161623804533,0.0038873951791437134,2.82957462372921,0.5514313627748185,6.357142857142857,0.5624518701011583
0.5,0.0,227,0.004885506651591735,0.00541102072422256,6.975582631833404,0.005667224854761257,1.4703896103119405,0.5706551522912934,5.571428571428571,0.5828986553745776
0.5,0.0,228,0.0027326592676814388,0.001039688895321569,3.1117903421720072,0.0010884818337522555,-0.2274272442182621,0.6084396191563302,6.714285714285714,0.6132739754570602
0.5,0.0,229,0.002296282554431712,0.003416683124190203,0.7846993486004123,0.0030670293846467864,2.2018518366081707,0.5862129650110611,6.178571428571429,0.6036906258269757
0.5,0.0,230,0.002066777696652198,0.001914641008748559,-2.8879186520275724,0.0017797980124799745,-0.5588775173146701,0.5586025288260082,5.142857142857143,0.558303321201342
0.5,0.0,231,0.004141781337786627,0.005100828750461813,-0.22067510771137933,0.004091460855103038,-1.6872669226923922,0.5851637439460854,5.892857142857143,0.6005049904872153
0.5,0.0,232,0.0014438268844524083,0.00344539928736615,4.744932556757554,0.002329639500688908,1.2976141351253812,0.5750633608522895,5.285714285714286,0.5993882231915788
0.5,0.0,233,0.002224290107164826,0.00023437155986173343,2.286239320060062,0.00033280785200767894,-0.5404723460792032,0.5276679685869555,5.678571428571429,0.5197810354359422
0.5,0.0,234,0.006159694999963283,0.009269690818004704,0.4418342864742044,0.007152567596256768,4.601479949762137,0.5146820935389129,5.678571428571429,0.5313199951954906
0.5,0.0,235,0.002042903714344588,0.0038398578898628717,3.699324430021889,0.0027225681554768474,1.6815416402090477,0.5772549863709592,5.321428571428571,0.5942299186261498
0.5,0.0,236,0.0018774043561279087,0.0036440715963025126,0.11710546721636916,0.0031399870936718102,0.030956042410243374,0.5861060183890922,6.428571428571429,0.5971516811299253
0.5,0.0,237,0.0022636331782324506,0.0017580239653620898,-1.0627512984867025,0.0024912250130965765,-2.583432445213172,0.5321526466177948,6.107142857142857,0.5514545165292458
0.5,0.0,238,0.004482807967042856,0.0053692452012574785,2.853891662798482,0.005507462537364393,5.005044524407206,0.6308419422855351,6.892857142857143,0.649527733355423
0.5,0.0,239,0.004346865740384703,0.006283153201609027,5.2426945730188095,0.004843792068906312,3.602158390733043,0.6132530252544114,6.357142857142857,0.635297379299866
0.5,0.0,240,0.0015331947466188012,0.0009003557504885208,-1.773324968573391,0.0009342045329988046,-0.8620584573174502,0.5869968402136586,5.892857142857143,0.5847980992344625
0.5,0.0,241,0.006072220139069779,0.005361951915895521,5.732966997547223,0.005011093809046555,4.638453063154496,0.59779176843656,5.714285714285714,0.6019029009420578
0.5,0.0,242,0.010162150225593955,0.005673221507004919,-2.851381655277642,0.006135099849413443,-2.3416138910279187,0.587809652135182,5.892857142857143,0.574300840712193
0.5,0.0,243,0.0008575769202592028,0.0007577914879282588,1.0693215057856946,0.0006238045469675649,4.735520516078196,0.5796404291323921,5.928571428571429,0.5652735009405964
0.5,0.0,244,0.00622168876933786,0.006491350683906417,5.3318633118732635,0.006357962756945758,0.4416721587359689,0.576264101291522,5.571428571428571,0.5820936591555664
0.5,0.0,245,0.0003271013184713551,0.0008708178621328712,2.602440398265628,0.0006120021697273224,2.02784163726624,0.5816516643483308,5.678571428571429,0.598869328937451
0.5,0.0,246,0.010716120609828154,0.007645319944655284,3.2966966401353446,0.0073960332084364215,2.244817105225934,0.5522763516169101,5.75,0.5600978556429406
0.5,0.0,247,0.0023525331661415167,0.001484944819367307,2.3363456430518994,0.0015431829865627817,-3.7942322494456278,0.5870452967506588,5.892857142857143,0.5852398855690715
0.5,0.0,248,0.003063639841925883,0.006115157576766634,-3.0009777323298366,0.004210011047660815,8.317572317055323,0.5515594723879635,6.25,0.5752759752639284
0.5,0.0,249,0.004660383267985586,0.0023927896557344765,2.277487487164592,0.0022848282788493182,1.9879703628850696,0.6284770119297356,6.071428571428571,0.6425000898092013
0.5,0.0,250,0.0013348716504343852,0.00039897080997676937,0.7789900839370958,0.0003881392841676865,-2.681084176089693,0.5458905636786235,6.392857142857143,0.5671408483523748
0.5,0.0,251,0.0022490177436835066,0.002212813533382577,0.5344750060828005,0.002102209663907259,2.1417448881208543,0.5504760038125901,5.571428571428571,0.5468627630562801
0.5,0.0,252,0.0006525481380060105,0.0015049418062457094,-0.4777911272765465,0.0011443369764017263,0.7028084752375511,0.5515752901429578,5.678571428571429,0.5537913713069653
0.5,0.0,253,0.001902932266433292,0.004964723004701587,0.9229945466192859,0.0028194844766326857,1.9548873786605345,0.5892287291332913,5.785714285714286,0.6149226324975652
0.5,0.0,254,0.0020852771211708377,0.0006462951516750639,3.280826709502108,0.0007789934259739269,-3.609570486763772,0.5631416490277315,6.321428571428571,0.5741692965729457
0.5,0.0,255,0.0026243638840298855,0.003380903835184898,0.8222490663187401,0.002861697545712181,-0.46039805762529795,0.610482632042979,6.571428571428571,0.6169919431125812
0.5,0.0,256,0.003161804027469934,0.0006351625428480328,5.046724214813935,0.0004100226949090453,0.46482337197012197,0.5782135113788162,5.678571428571429,0.5933984184457592
0.5,0.0,257,0.001985345927720113,0.004459084453934907,-0.8097701446161736,0.0033432925346299444,2.2189855209697478,0.5442532000169205,5.642857142857143,0.5574452567089963
0.5,0.0,258,0.002315379506342728,0.000629659859236486,-0.040629617579099886,0.001060595440593673,-1.4769874634621658,0.5983684251538319,5.785714285714286,0.6046273371785333
0.5,0.0,259,0.0018626016619452043,0.003204638527642993,-1.2491259314659047,0.0027805861616479223,-2.9332520110871676,0.6229384455070696,6.178571428571429,0.6305570728835954
0.5,0.0,260,0.0013402865511530273,0.0007405679607107574,-1.3041001416407454,0.0007146990246325022,-3.312153864246549,0.5540208717825819,5.714285714285714,0.5835009340081487
0.5,0.0,261,0.004926968222083162,0.010878946878161275,1.8189176770402753,0.01112479801726919,4.420889519939133,0.5930841949427992,5.714285714285714,0.6059917430051583
0.5,0.0,262,0.0011477296047138381,0.0017223035710544092,1.537732868392375,0.0013282828622242302,-0.8984139533535256,0.6160487861566847,6.75,0.6145747416010869
0.5,0.0,263,0.006652597889659082,0.010957993152419711,4.077948486600725,0.009567235973830033,-0.32898582509254953,0.5831299153309194,5.428571428571429,0.5839113983937121
0.5,0.0,264,0.0011382827290177628,0.002241558881493239,1.6372476567053056,0.0015551620376284465,-0.669812326767565,0.577292785814787,5.464285714285714,0.592884845100766
0.5,0.0,265,0.004734761853779553,0.014765227333127866,2.7296471996160037,0.01548437598378477,8.940075920787507,0.5740735402648969,5.642857142857143,0.5634686566088978
0.5,0.0,266,0.008504754264544152,0.0091268701762877,2.6802786928943902,0.008444485178128154,4.4824380514410604,0.5673197096963442,5.178571428571429,0.5707711970296896
0.5,0.0,267,0.0028288587799606838,0.004240262706595115,-4.363021008043056,0.004592295154521151,-0.5443130817430225,0.5666110531429609,6.321428571428571,0.5733572695118077
0.5,0.0,268,0.0022119618903156286,0.0009746795777091435,0.18763782881660518,0.0008960288252777738,2.093098912704505,0.6010497606522692,6.892857142857143,0.6073358609797521
0.5,0.0,269,0.0005563239981661112,0.002889214548933274,1.8043119802084675,0.0017775613657628278,1.617423152957997,0.5728520920643546,6.25,0.5740996620664456
0.5,0.0,270,0.0010139067043924714,0.0009044060688088415,1.3521711228797315,0.0006701833877809327,-0.3111720552125898,0.6109943216055835,5.964285714285714,0.6334349202847596
0.5,0.0,271,0.003933474268075636,0.007039822729470722,-1.6640591110495109,0.007475363129112626,2.0047267334957914,0.5587445782349154,6.142857142857143,0.5621203140939702
0.5,0.0,272,0.004372518300377405,0.001704681629077903,-2.188515066699935,0.0022300031544131454,-0.2807390332566702,0.5716277263764533,6.285714285714286,0.577282873324729
0.5,0.0,273,0.0008740619434011884,0.0023551938146786594,-2.0909628597504692,0.0012139219981437605,1.358079062883661,0.6072128845283754,6.0,0.6056607905037322
0.5,0.0,274,0.008535866589236477,0.008792432525638261,6.769551543719643,0.008032980703014926,-0.5358400750874447,0.5860693520764296,5.964285714285714,0.5974872605088597
0.5,0.0,275,0.0023664614117756104,0.00247467616508227,2.2550826644178343,0.0024129557891344965,0.3028861096473179,0.6105670622218577,7.071428571428571,0.6389430771403932
0.5,0.0,276,0.005059391317649408,0.0029734578688685024,6.270921377866131,0.0035824018885350878,2.806222798540214,0.6200861689326086,5.892857142857143,0.6231245172048203
0.5,0.0,277,0.0011569556093707204,0.0012557753673878398,-0.7539476865605295,0.0011101561174419133,-2.4814061673742365,0.5539293060551017,6.071428571428571,0.5648193829715851
0.5,0.0,278,0.006427453641294015,0.007754813076006364,2.1733383454471635,0.008710841928581042,4.824452607969978,0.5563754920544108,5.571428571428571,0.5732149125609923
0.5,0.0,279,0.0035386154290779647,0.005690579681130068,6.374572745046635,0.004692477695633797,1.1380315182138456,0.6022318089785751,5.107142857142857,0.6205215867950846
0.5,0.0,280,0.0017946125508540166,0.0015041422357972357,-3.362839409744538,0.0017330645352779538,0.4739529274472905,0.583390810488506,5.642857142857143,0.5886534046845455
0.5,0.0,281,0.000836575158382187,0.0006181720423050165,-0.08302534117460425,0.0005210795604035011,-1.700776908365081,0.5631312333856341,5.928571428571429,0.5600211198853082
0.5,0.0,282,0.009825981267371628,0.022812709914973126,-1.3025157037980364,0.02036832587526546,7.683039049515675,0.5896049540799896,5.821428571428571,0.6050231564909401
0.5,0.0,283,0.004047360482950127,0.004414110212709507,2.0200653393433825,0.0035330849018921514,0.8003812491540998,0.5506967399030834,5.75,0.5738318563845788
0.5,0.0,284,0.0023689433273599058,0.0034527868298862034,1.7120630359154916,0.003115169129077457,3.068719580529129,0.5807864433244573,6.5,0.5805126349941176
0.5,0.0,285,0.002969651297694339,0.0006779994295474869,-0.010459823320751127,0.0004249025776865271,-1.0730267964783593,0.5316533953607753,6.75,0.5455577924887784
0.5,0.0,286,0.0007184842993279619,0.0005304810786046458,2.0197729695733244,0.0005426391497272064,3.427874303621394,0.546192165869216,6.321428571428571,0.5482003430517861
0.5,0.0,287,0.015961211861256507,0.015634512668253282,8.724576674973719,0.017515692122102026,8.475885472047565,0.5483554432741793,5.928571428571429,0.5585078291872094
0.5,0.0,288,0.006349974571023906,0.009072356177005986,2.082633406564291,0.008795370001607544,-2.7104061108708777,0.600814935370936,7.071428571428571,0.6229724840449546
0.5,0.0,289,0.0020009111393472162,0.001525985790670483,-3.2180084537893805,0.0015813824823642751,0.1469979409975224,0.5644952469006632,6.071428571428571,0.5773568933064325
0.5,0.0,290,0.0005069713818049388,0.0009720032531286651,-0.6961066438900758,0.0011387079986717311,-1.5442569564870798,0.5425052332871924,5.321428571428571,0.552621495504277
0.5,0.0,291,0.0007717608737506744,0.0012559672678765592,1.8843030168726997,0.0010696048942566226,-1.4939863314226802,0.6086918627755739,6.785714285714286,0.6134202250200402
0.5,0.0,292,0.0024419971668028975,0.002263605533538455,-0.2826459424635601,0.0022349109036676256,0.17104812132423794,0.5501433200837645,5.821428571428571,0.5872636918496361
0.5,0.0,293,0.0023691835525822286,0.00275789306716763,-1.5046469507826643,0.0018099969917988678,-0.27087168868538924,0.5723744201593213,5.178571428571429,0.5772998117197812
0.5,0.0,294,0.0008034287107471474,0.0010334110423748603,-2.684456374598966,0.0005924085874223098,-2.2416456239473255,0.6090089098596199,6.321428571428571,0.6123346790891555
0.5,0.0,295,0.00823318067027372,0.0032408409776074625,2.3038545401415504,0.003576485967730604,-0.9495638293248684,0.5617730597242643,5.678571428571429,0.5822469797943908
0.5,0.0,296,0.0015874397366796003,0.0030369516865805714,0.4627208467369357,0.0020055869123943686,4.343039517106054,0.5920945821400846,5.964285714285714,0.6085009087363449
0.5,0.0,297,0.0012474181872281086,0.0014859291268351448,-0.15643845848201465,0.0011585117741910265,-1.3454878998582558,0.6027299207586196,6.428571428571429,0.6155770137952515
0.5,0.0,298,0.0070086141194996435,0.010181783791565572,-2.3059496158954786,0.007920434655188834,-0.7381389250851763,0.5758753394623113,5.607142857142857,0.5996002146488943
0.5,0.0,299,0.0021797350577897646,0.00033146003408363625,-1.2816861963358477,0.0004337802216233083,-3.296393147828733,0.5699602194216371,6.642857142857143,0.5719847968248315
0.5,0.1,0,0.0028740709378130202,0.006048721946218208,-0.21730971533475696,0.005778589752779736,4.061023483354821,0.5875106105222432,5.75,0.595317868521653
0.5,0.1,1,0.0016166465681725897,0.0005620369277808892,1.8324827153710714,0.0006330742045911312,-0.35269578497266707,0.5893766514922919,5.964285714285714,0.5958098263019389
0.5,0.1,2,0.0034152821053142434,0.005190753973838442,-1.3241949616754738,0.004318402765077067,-0.3833828467572289,0.6166232510671829,5.428571428571429,0.6253440303455571
0.5,0.1,3,0.0022913913753663958,0.0013667132550826597,5.597739835990211,0.0014794621295708377,0.8735171458549758,0.6359287714941131,6.178571428571429,0.649887634016564
0.5,0.1,4,0.001925847155498423,0.0015861490849782519,-4.869880078694138,0.0016543595138822525,-4.011325105778913,0.5717799454736443,6.428571428571429,0.5709034553174216
0.5,0.1,5,0.0011652213912612779,0.0012974475930047453,1.6005423754870733,0.0006916704286650916,-1.1240666199784737,0.6167490510230763,6.285714285714286,0.6271018213446822
0.5,0.1,6,0.004229310040494167,0.0041222640716240926,3.240029649102688,0.00382730946551809,3.2030184330386837,0.5762556384419665,6.535714285714286,0.5939155222994599
0.5,0.1,7,0.020798505638285662,0.026929283665765153,0.744662155915023,0.027077319345875525,10.156195659128636,0.7140291144685008,6.428571428571429,0.7545484381042051
0.5,0.1,8,0.008572419713893015,0.005748349071937275,-0.49417946549773006,0.007490552030186372,-0.5506036925542427,0.68929451405464,6.5,0.7215142023941366
0.5,0.1,9,0.0035282467723549323,0.01005541673213232,1.3718799877084038,0.008532983849614387,3.8641279444533247,0.5261604723743717,6.071428571428571,0.5262244149955873
0.5,0.1,10,0.0027567286963912974,0.0018014139556725552,4.371417504248193,0.001507744425443385,-1.3306587075460072,0.6051086901548794,5.892857142857143,0.6060825505054735
0.5,0.1,11,0.006890363753879128,0.00905159171006544,0.6286047405239827,0.008619294781773324,0.43688235826016353,0.5756560675714244,5.285714285714286,0.5989308161161647
0.5,0.1,12,0.00566490695618653,0.007603028504495964,-5.253357087799721,0.007171703405622234,1.6187574656723502,0.5881653402669726,5.928571428571429,0.5952883872651815
0.5,0.1,13,0.0011853720799447304,0.0023672445049549374,-1.1721859047734071,0.0020645475446153905,0.18697239868591473,0.5705812640468003,6.107142857142857,0.5788270735762692
0.5,0.1,14,0.0007140144574608444,0.0016457324873703947,-0.1681810231127585,0.0011024226849067878,-1.1260878221708406,0.5848813233284591,5.285714285714286,0.6141134720887964
0.5,0.1,15,0.00626346963890683,0.00868013356261205,0.3344319005177496,0.007891992061305655,3.837456345026235,0.5792425210604689,5.964285714285714,0.6024446177724168
0.5,0.1,16,0.0014172123993561624,0.0030788557286705307,0.3287280130524266,0.003722270496014656,2.13683007435471,0.5247797011336895,5.928571428571429,0.5260580686907341
0.5,0.1,17,0.0052510387035565945,0.00722471165662345,5.09870107893304,0.006233478757409632,3.8222049938216003,0.6322925006892384,5.285714285714286,0.6588752429921653
0.5,0.1,18,0.005426883273254748,0.006402448352156469,1.4139056507887418,0.006921101452046889,7.2153568960504515,0.5936024447829834,5.642857142857143,0.6197541085176081
0.5,0.1,19,0.0033954346862985225,0.004005595879646685,4.006855069655536,0.003493847102178408,4.120457448751419,0.5333415292630033,5.285714285714286,0.5437255087617696
0.5,0.1,20,0.0026641283721976585,0.006652385663144368,-0.5256318311670185,0.004467902593615611,1.0350160826991537,0.521431650870542,6.928571428571429,0.5187106576165412
0.5,0.1,21,0.010825069121296113,0.0185264590407971,2.6867402694514126,0.013116391709321345,6.60465142762943,0.5555076646303657,6.678571428571429,0.5735837953995571
0.5,0.1,22,0.0017332292735604809,0.0015971187507397655,-0.28291063839000685,0.0016630196597640608,1.6476515342151667,0.6119084012163688,6.285714285714286,0.6166132030132379
0.5,0.1,23,0.0016921172875060506,0.0008798459104655892,-1.201489314078323,0.000752345978567848,-0.9073039615822628,0.5736409447513522,6.0,0.5784310530952752
0.5,0.1,24,0.002939374728022608,0.0035227311210906647,3.036060107350913,0.0021676339837071244,1.8098250974823031,0.5752794722135448,5.785714285714286,0.5693565694652407
0.5,0.1,25,0.002530163420299276,0.0034540023153275235,2.3034525882483265,0.002185428701338567,-0.024556891278810628,0.6280887020810997,6.0,0.6437922358792615
0.5,0.1,26,0.0008845772879441625,0.001477152615376708,-4.195910327352806,0.0013241104297715275,-2.134501317328945,0.5285336851174832,5.928571428571429,0.5394929518598894
0.5,0.1,27,0.0031743440725278474,0.0028905607461911283,-1.7780437135443705,0.0031278527172272966,0.5878873660928624,0.5620070401515918,5.964285714285714,0.5855045127872587
0.5,0.1,28,0.001032567233707638,0.000922301035042565,-0.7021231574795266,0.0008995748306199812,-3.9075531205619143,0.5770116257682496,6.321428571428571,0.5843557496278091
0.5,0.1,29,0.0042837847942862745,0.0003106437629384331,4.244346925050287,0.0002866132103484732,0.7925087044250271,0.5575461016824576,6.0,0.5491822871602021
0.5,0.1,30,0.003987483413790134,0.0028509203047867586,0.2307916377328354,0.002643669148860707,-2.7314000686219706,0.5657320632946861,5.357142857142857,0.5808593389959307
0.5,0.1,31,0.0009533608764463111,0.001461108725335183,0.24951477309617331,0.0008885304453635921,0.17765348490374322,0.5813323439534492,5.535714285714286,0.5987078207371228
0.5,0.1,32,0.003310517727750106,0.0015567709516924619,2.757414391590636,0.00102728242551951,0.6709359875779626,0.582640937266757,5.642857142857143,0.6059334141732655
0.5,0.1,33,0.026676697281007473,0.03362211431531817,14.736429454504275,0.028761162528055165,13.375483476218003,0.6759392982143527,5.928571428571429,0.7283967430383259
0.5,0.1,34,0.0030787327936341487,0.002305219779492997,-1.8985120255950676,0.0014398112895679614,-1.298272782177321,0.5263643775550179,5.107142857142857,0.5277083451383671
0.5,0.1,35,0.002611367761723141,0.002731477780775109,0.9773218667912786,0.002449989522417768,-0.13899711421830338,0.5891880387809451,6.071428571428571,0.6103633677514513
0.5,0.1,36,0.0048286023193139654,0.0013350016531360781,4.734043276304462,0.0007099838843028279,0.7049191596563466,0.5763626239190867,6.214285714285714,0.5904447707208937
0.5,0.1,37,0.0019006501426941246,0.006272961730265404,2.877471600327503,0.002969894125115045,4.207565088252949,0.5700239211686191,6.357142857142857,0.5702008337924964
0.5,0.1,38,0.012292250553304645,0.013650743826128004,1.6105747975343618,0.013490142191267075,3.03543886743725,0.6244464101688875,7.178571428571429,0.6336055112468051
0.5,0.1,39,0.0012590125455378455,0.0033696147674266348,0.9753916084467136,0.0033395027406254827,0.8178383816749886,0.5839145083331403,5.75,0.6068883413404047
0.5,0.1,40,0.012096208729831817,0.006773759636293789,10.70766813900839,0.008268879519869682,2.225766961034708,0.5227483362154587,6.25,0.5150175845737006
0.5,0.1,41,0.004742550393674579,0.007091404513304093,4.810033950207753,0.007071182114525385,6.215599983258547,0.6354219264699369,7.0,0.6444123078743808
0.5,0.1,42,0.004422186865961699,0.0022222426284865546,-4.701299946839917,0.0023631376205104173,-1.6680154055542478,0.5591359781455225,5.678571428571429,0.5717050517873072
0.5,0.1,43,0.004761460454980468,0.004693720498947779,3.978019000866311,0.005251025659013393,3.9669752456241745,0.6060697861052337,5.892857142857143,0.6004536723805904
0.5,0.1,44,0.012956079265790892,0.010203190911645423,7.569808644268996,0.009127986271216602,6.491328774032458,0.5537590976971338,6.392857142857143,0.5589607099694088
0.5,0.1,45,0.0025251077674783825,0.0012202902015961475,1.668816407462515,0.0015333842044405017,1.8543657043160806,0.542777203928375,5.785714285714286,0.5380949005870357
0.5,0.1,46,0.0007577832519039447,0.0009102233623194502,-2.2024316533313737,0.0005840436476076212,-0.6814173960638925,0.6080415815292662,6.892857142857143,0.6363222829601038
0.5,0.1,47,0.0006608558922356465,0.0009508121103148835,-2.258966672106837,0.000887175080111232,-1.6085496863179383,0.5960555575429327,6.321428571428571,0.604654927450284
0.5,0.1,48,0.01802923867473321,0.01858000249330448,6.810252157598086,0.019027258123960743,3.599546382506977,0.6670831922800254,6.142857142857143,0.7118404174256234
0.5,0.1,49,0.00286368868003828,0.006390588514103372,-1.9390467328422858,0.005505344433003532,2.7352088239555314,0.6270238602957149,6.535714285714286,0.6417210845716714
0.5,0.1,50,0.018102538248418426,0.02723935762445415,4.8799883366115395,0.025759596066632445,12.200114836015493,0.6333757246762264,6.428571428571429,0.6640073151738082
0.5,0.1,51,0.0009364905547934735,0.001284272994142932,3.197607811167117,0.0008463987507982996,-0.8495971072602421,0.5774638948781242,6.357142857142857,0.5928497411822792
0.5,0.1,52,0.0010901258464809912,0.004011383304980941,2.088714420287957,0.003544508722513166,1.7751058056159934,0.5833033854398033,6.214285714285714,0.614374971135451
0.5,0.1,53,0.002559538036682702,0.002385479952445381,-1.1301826182411858,0.002635925163125675,0.15848530160226915,0.581677937202534,6.642857142857143,0.6007651215874761
0.5,0.1,54,0.002200842167013562,0.0008167600571464147,2.6633175642044833,0.0006710956795959177,-1.1149783599650884,0.6247347315854738,7.142857142857143,0.6294076458678078
0.5,0.1,55,0.006323454354579872,0.009352335450270257,-0.8200051178296945,0.00631737834198461,0.41426601886870645,0.6096405372538026,6.035714285714286,0.6077291355095291
0.5,0.1,56,0.0002689640342225313,0.0007850455342614013,-1.3020787623181889,0.0002890689085753378,0.3424768420931817,0.6064020080118112,6.071428571428571,0.60031393062141
0.5,0.1,57,0.023858077482292482,0.02903258560780054,8.052281128080121,0.027503449908454387,10.239802486000363,0.601188246466168,6.785714285714286,0.6252438584475022
0.5,0.1,58,0.004022097440063569,0.005940534341060486,0.8077879660194895,0.005539291912025914,0.7363669326899279,0.589247279872911,5.571428571428571,0.6024450502848797
0.5,0.1,59,0.002470669670102982,0.002181847351157288,0.5509925821799015,0.0013647782278266146,-0.9719372028246956,0.5672346014004519,5.964285714285714,0.5551382151159174
0.5,0.1,60,0.0008907462400073971,0.0004250388564052097,-1.3201549467948013,0.0004010757744326798,-1.1880993981744534,0.5749467243780241,5.75,0.5991122198897787
0.5,0.1,61,0.005294238629606564,0.0036865478417331503,0.49957053050639644,0.004395169125807516,-1.3264100162102277,0.5859690157375451,6.107142857142857,0.6023173585240796
0.5,0.1,62,0.0016674058203130949,0.002260437483853301,0.2340395979897636,0.00199470065752155,-0.41752884437961296,0.5981048311265841,6.107142857142857,0.6106792829009754
0.5,0.1,63,0.0014837848539195264,0.002202285290045017,1.4346617221473181,0.0019321801240636193,5.323340703829293,0.5756488653952,6.678571428571429,0.5763864761580698
0.5,0.1,64,0.002431687038675015,0.0002356675300262438,4.3344415132694465,0.00029371277754822677,-2.2599318447900223,0.5619254552881893,5.25,0.5800951498248568
0.5,0.1,65,0.009168075036219001,0.005387473141902871,1.883414218534611,0.006431432877930692,2.46022722894034,0.6525031592031271,6.642857142857143,0.6561100499998993
0.5,0.1,66,0.0017979328129542659,0.003869829202850276,-0.3643800038506839,0.003221750029350499,0.3682733520663722,0.5798073400212939,6.428571428571429,0.5844750526585181
0.5,0.1,67,0.0069407828102536805,0.005241725425755817,3.2823605144139023,0.004518072116674474,1.434108827231455,0.6467570990375561,7.0,0.6783848341094174
0.5,0.1,68,0.004816332545793129,0.00515672154184085,-3.782184273325093,0.0035207874205516526,-3.2435813198153673,0.589227664772871,6.25,0.6141178475055706
0.5,0.1,69,0.0006744986025097988,0.0003858744967519824,-1.8075880745892619,0.0008182414550322783,-0.1467491439636793,0.6039590953695319,5.892857142857143,0.6218703316471869
0.5,0.1,70,0.004439974818851602,0.0022825976896347104,0.09533263295301708,0.0030164014407948947,5.674039093084805,0.6102855905943968,6.642857142857143,0.6004085502664552
0.5,0.1,71,0.000598037004210554,0.003442368054796201,-1.2303698728428287,0.003114828261333124,1.313374695482158,0.6007235670580439,5.607142857142857,0.6107666202431594
0.5,0.1,72,0.0015323371124817756,0.0004884214710488946,1.4180690357930104,0.0007914099754972371,-0.47723542469100266,0.6020339632153754,6.357142857142857,0.6053403088272761
0.5,0.1,73,0.004567822244078103,0.0033146681837372487,0.43374683743006415,0.003827545757404709,-1.5752713025089993,0.581145559540729,6.428571428571429,0.5944204353367691
0.5,0.1,74,0.002759538436754403,0.003407641709634207,0.07136134355103252,0.0025880263181598025,-0.04281752473512294,0.5540434964294342,6.25,0.5673682090897615
0.5,0.1,75,0.0026704312927463376,0.002311666377544256,2.4818915819800793,0.0016339440211512216,-1.2771396758376834,0.5525581758734733,6.071428571428571,0.560205189142704
0.5,0.1,76,0.003486726075049837,0.0025949045901010313,-0.13681362364552285,0.00223697116061919,0.789816419956793,0.571525135028503,6.428571428571429,0.5857586390051879
0.5,0.1,77,0.0019508127406890406,0.0034156030110864734,-0.8419970261559797,0.002987991816292481,2.7863572612000476,0.5984424458815163,6.75,0.6351634714297179
0.5,0.1,78,0.003809275007573144,0.004890836176436471,2.4203604905622456,0.0049353500229537125,1.972265595160233,0.5908963343292897,5.464285714285714,0.5906632800404384
0.5,0.1,79,0.007707790509676873,0.006846597183617073,4.2662814632422865,0.006249128860998531,1.563560314883233,0.589108429363928,6.107142857142857,0.586601122990446
0.5,0.1,80,0.0042300108535838765,0.003001444990784103,1.724847209472756,0.0030224142365192015,-0.43639453255985927,0.6198555877286633,6.857142857142857,0.638551341550309
0.5,0.1,81,0.0017427372993614218,0.0024833395664985757,-1.8681142331893952,0.002213471391991637,0.2163133802134496,0.5355059157968671,6.214285714285714,0.5253996338460132
0.5,0.1,82,0.00062184305786867,0.0004814910593198127,1.2659400617373109,0.0005275267382631074,0.5028339590205254,0.556782759915243,5.964285714285714,0.5674231180556699
0.5,0.1,83,0.0025647701079974977,0.0013456186280096068,1.1061317950943348,0.0011735717914526944,-2.923961843601281,0.5793297436808788,5.357142857142857,0.5879796005597537
0.5,0.1,84,0.009999275252593424,0.013659873885840959,1.118723359074309,0.010737581349447928,4.346291456314617,0.5884624794109768,5.178571428571429,0.6043657174307265
0.5,0.1,85,0.0059942669328357685,0.004379920678433131,4.303724453554551,0.0063612669953831864,5.460558938102953,0.5748818100655336,5.785714285714286,0.5881734667273519
0.5,0.1,86,0.0026182511199413566,0.003994021107608886,1.5657300103520129,0.0034307019623082352,-1.5203670202076107,0.5570571334152971,5.892857142857143,0.5749646769334833
0.5,0.1,87,0.0009688549248912129,0.0005748279417245974,1.9068677478607583,0.0005619057253807929,-2.0865243906545743,0.5747595792231704,6.535714285714286,0.5788047036293595
0.5,0.1,88,0.0016572887386395849,0.00030343128788072116,-1.634501967949035,0.00045634524408235587,0.20926791600822034,0.5567205705768569,5.642857142857143,0.5649451837476642
0.5,0.1,89,0.004912161764200118,0.0010197499517663935,1.0126255519682061,0.0017993412164210103,0.2875045644616705,0.5377658073027718,6.392857142857143,0.5524595749083446
0.5,0.1,90,0.007991393034525548,0.004484436817383814,-2.0322757889452703,0.004735105507579742,-1.8240325927306362,0.5626816748000929,5.892857142857143,0.5681563976733024
0.5,0.1,91,0.002476932107459951,0.0009492985687078985,0.7949945979890316,0.0007217273948437372,-0.8886735274393706,0.5685676340771301,6.607142857142857,0.5664838920967707
0.5,0.1,92,0.0022275860031072034,0.0016192739472290578,-1.4336473891266905,0.0018385795715623594,-1.219228053875014,0.5922288398333635,5.964285714285714,0.6036418525029805
0.5,0.1,93,0.0021434811262243734,0.001044978145724259,-3.3152695898608115,0.000906190492401975,2.0261809830334605,0.7001915969337409,6.535714285714286,0.7133120662261474
0.5,0.1,94,0.013481501929315338,0.013400403236908682,-0.18228348510635328,0.013417772685409935,5.354029435691463,0.6771814366181367,6.25,0.7131756135733698
0.5,0.1,95,0.0016814637774603541,0.00022952935105345545,0.39777664681783165,0.00020688575168004326,-6.142479498180658,0.5663241397161064,5.428571428571429,0.5732610204012056
0.5,0.1,96,0.005617804424510378,0.007267826640785321,-4.569578515239236,0.007089022421163129,2.6693041118879157,0.6333593406442344,6.25,0.6668601472611392
0.5,0.1,97,0.0025201101764908964,0.0006684753735099649,-3.399705040978894,0.00046150378703128307,-2.132300061492714,0.5783545263559686,6.071428571428571,0.5925292293305349
0.5,0.1,98,0.003815573025446483,0.0036812058437092347,-2.109711425498787,0.0027254625074431653,-3.2461859994286235,0.5717195559456091,6.0,0.5772342911108918
0.5,0.1,99,0.0026316871562028095,0.001505634340991567,-0.21444410647980305,0.0015875749751220836,-0.9230602223323577,0.6186613748884989,6.678571428571429,0.6306514611847649
0.5,0.1,100,0.0016107995827852333,0.001758134073393153,0.6750534856238914,0.0013617425681913039,-1.8619279263415365,0.6204518556235562,6.071428571428571,0.6263251898964827
0.5,0.1,101,0.02057304564672908,0.016149562569177885,7.888676539287182,0.017225323369369827,4.627722744568075,0.5844547151373415,6.142857142857143,0.6006038145557351
0.5,0.1,102,0.008781217523973461,0.00919750729607326,3.880551224524851,0.009468143668527702,6.070409700454168,0.5997301502779673,7.571428571428571,0.6558252053386864
0.5,0.1,103,0.004276953510263475,0.007246229851902132,2.029994402822787,0.0035724393116227963,0.10614720494629637,0.6208833346288706,6.607142857142857,0.6512894873757182
0.5,0.1,104,0.003680029477532789,0.005960988337273273,2.032237974561994,0.004951788748986331,0.6445978964656263,0.5444772320984071,5.607142857142857,0.5466536281929044
0.5,0.1,105,0.016572512064348448,0.01635182856996151,3.9208240587222605,0.01679420193366532,5.943528990772175,0.7243464548345638,7.785714285714286,0.7764140553655483
0.5,0.1,106,0.00298229328723453,0.004228998562388083,-2.856887420190141,0.0036813260558783358,-1.6158122714729757,0.5604756441615241,5.321428571428571,0.5735013464540448
0.5,0.1,107,0.004429846864925568,0.005251740239871397,-1.1380227693812728,0.004124120750372216,-2.2153855214470846,0.5885163505642895,6.535714285714286,0.6036566082188602
0.5,0.1,108,0.005657640582000313,0.007307400376557173,0.36276359821085435,0.006794664435541681,-1.3579411315189702,0.5975546876879435,6.321428571428571,0.6101739373512034
0.5,0.1,109,0.0005857845314988385,0.0010421088450769714,1.9837572918623962,0.0006507225741382638,0.38699413905596697,0.5447583878832395,5.892857142857143,0.5566969095641738
0.5,0.1,110,0.0021360197974145093,0.0016963064322650268,-0.6702180471285786,0.0018531463893220336,-0.4793491835283798,0.5903983687751271,6.642857142857143,0.6064303005839407
0.5,0.1,111,0.0055554705919978525,0.005288016676897382,5.090375110289742,0.004902599653138652,5.718149418885815,0.6333689845205781,6.785714285714286,0.6585861335569014
0.5,0.1,112,0.00189220189847388,0.0008761219209304944,4.021183760623877,0.0009113506117430796,-0.9214198329660329,0.5909106084069967,6.607142857142857,0.5882602307390621
0.5,0.1,113,0.010198209770242071,0.0074226801385447495,5.774657895470746,0.008885474236671367,5.2343952167456775,0.5967814205667202,5.892857142857143,0.6023339549325333
0.5,0.1,114,0.0036498151832871574,0.002218782275623993,1.4938814881080447,0.0018567859622867688,-0.3033364369704259,0.532435010506224,5.607142857142857,0.5343715516718037
0.5,0.1,115,0.015454837186839312,0.014398392787624292,2.92847196068341,0.014876894893428147,5.2602071758281,0.6269165288482802,6.964285714285714,0.6658622907174663
0.5,0.1,116,0.004059677393733855,0.002869440740770759,-0.5620219532888129,0.002396715627639698,0.6255442730229674,0.6046930531334545,5.964285714285714,0.6143657978478693
0.5,0.1,117,0.005130119503509643,0.0029563925319246722,-1.7008141297165622,0.0027341102533555606,-2.748934752718071,0.5461113181247004,5.642857142857143,0.5389916397402932
0.5,0.1,118,0.006480109653657787,0.010348638121232361,4.181209235238725,0.007814565944601767,6.8838043390583055,0.5915770927105368,5.964285714285714,0.6298283396760365
0.5,0.1,119,0.005636131060909571,0.003701947534153869,1.1297268404900862,0.00495041657246304,-1.1252267259652153,0.5663193397098333,6.178571428571429,0.5792333838305045
0.5,0.1,120,0.0005504584898716738,0.0019158204370367485,-1.0254572841999305,0.001113591499871804,0.9969528460496994,0.5768725158047683,6.142857142857143,0.5975214390518451
0.5,0.1,121,0.0013326550253306962,0.0009456834315655588,0.11115637469703188,0.0008313626755447984,-3.8797253132158005,0.5813569067503722,6.321428571428571,0.5875866277828574
0.5,0.1,122,0.004541032328865512,0.001986080422630287,-0.838293238728312,0.002673430513285331,1.173515605710918,0.5576647156777709,6.035714285714286,0.5681158622029576
0.5,0.1,123,0.001416832628805702,0.0031226068840385286,-0.8910054007288863,0.00309653303453851,0.17502905311188025,0.573849487331624,6.142857142857143,0.5840185407833176
0.5,0.1,124,0.0023063012331017902,0.0020397526365668207,-0.25734678990747284,0.0016482334244039948,-0.7744527150805519,0.5906669195294797,6.428571428571429,0.5888623082040457
0.5,0.1,125,0.005229769064915085,0.0013764779852361085,-0.2242094622478774,0.0018172337070039262,-1.1083969066723114,0.5949511563011841,5.857142857142857,0.6043419694789935
0.5,0.1,126,0.005501513142906371,0.004142125461831109,-0.621113586564725,0.0034071415191873917,-1.40989003538553,0.5634823399473682,6.285714285714286,0.575500479407375
0.5,0.1,127,0.008656004017278606,0.009877180726347924,1.3452931401964179,0.010266854688177784,0.0818233571378452,0.549210378290493,6.214285714285714,0.56236856618915
0.5,0.1,128,0.006220959706630915,0.0012812651957862515,0.6866155983642201,0.0012295292281429542,0.8887486966438493,0.5421748380422347,5.607142857142857,0.5524866823754858
0.5,0.1,129,0.014417212056428196,0.015066513677755205,7.7234530497908835,0.013782221345270185,8.048204062464416,0.5442189196996494,5.964285714285714,0.5617277838879663
0.5,0.1,130,0.0026971615775480927,0.006148800081571904,-4.914915317066196,0.006179466134281609,1.9288781232046972,0.6013251132024668,5.857142857142857,0.635822932234234
0.5,0.1,131,0.003134790384108598,0.0007337000546186931,2.73155571468979,0.0008810821745202967,-1.3497970607819714,0.5560392803068848,5.75,0.5565868804053402
0.5,0.1,132,0.0025831271935610064,0.00288975139718595,0.4678892735112328,0.004033470141064159,-2.200417258275801,0.5606394051270974,5.214285714285714,0.5814694933796951
0.5,0.1,133,0.0011706125129559962,0.0007445429167960368,1.6884837263710608,0.0005972736517088411,-4.62299379136645,0.553763960901233,5.535714285714286,0.5505947823376254
0.5,0.1,134,0.0005199527271305805,0.0007929815593992296,1.7755379046060398,0.0006079697641205515,-0.7908311364935514,0.5192530575133284,6.0,0.5471845825038419
0.5,0.1,135,0.0010350335228376203,0.0010536333280672413,-0.08480522348641273,0.0005556828015614809,-0.39963399775868425,0.5382638631444473,5.642857142857143,0.5351102226075763
0.5,0.1,136,0.0010915477294577214,0.002096690788729852,-5.137164866874464,0.001431322614134361,-0.20256722388488888,0.5693355730495505,6.357142857142857,0.5796205026015097
0.5,0.1,137,0.0013730491491657686,0.0014340677059871405,-2.5763383637580475,0.0017284521615536716,1.0425597978085743,0.5594638191502784,6.321428571428571,0.5623817326731899
0.5,0.1,138,0.0015557643483351104,0.005159007565955962,0.9814529953998417,0.0030866474660532746,-1.6700821504973362,0.5934916872198924,6.75,0.6164978026531229
0.5,0.1,139,0.004791321068370015,0.001334674753479944,1.006888490809942,0.0018805890309528922,-2.180068921623331,0.5962063714522351,7.107142857142857,0.6119625473779056
0.5,0.1,140,0.0016047109255062659,0.0005461500774331589,1.6126755533872768,0.0004476747900685582,3.2802543366470425,0.5560362958627895,5.571428571428571,0.5400128720738124
0.5,0.1,141,0.0022679246957279615,0.00038668161050143087,-1.8609703207130082,0.0006375392775896573,-0.3323868717847631,0.5625085950740552,7.0,0.5683600506926736
0.5,0.1,142,0.004348613201217725,0.0054540261053407525,0.3571538790133886,0.0032555296855369177,1.6051709623230959,0.5538671790802407,5.964285714285714,0.5885613197637007
0.5,0.1,143,0.002691598904619742,0.006042809379194826,-0.4063590368577721,0.004880220383554732,0.3033519414106631,0.5818553765703358,5.214285714285714,0.586261650999347
0.5,0.1,144,0.0015554513809893388,0.0013357926247270547,-1.759247417030302,0.001551267389569299,2.309800891159862,0.6094939782444474,6.535714285714286,0.6100322844904436
0.5,0.1,145,0.0025115231126743636,0.0037500158397269145,-3.3950902190465584,0.003249844845674638,-1.8389552602140309,0.6321240556360035,6.857142857142857,0.6310340838378435
0.5,0.1,146,0.0006615855531464802,0.0005059592724838406,0.8824860680439386,0.00021616541886653343,-0.882946867706219,0.5852202664517414,6.785714285714286,0.5997596005206264
0.5,0.1,147,0.0012134035186785086,0.0011296812002838674,-1.327587929919936,0.0007473443133105432,-0.5652123161003146,0.561861233497195,5.392857142857143,0.5723932998166685
0.5,0.1,148,0.004054615484094144,0.006700559222632591,-0.3369417616862336,0.00579572710363811,-1.7489206288411954,0.5753660146971425,6.714285714285714,0.57587189697014
0.5,0.1,149,0.0009395301418924061,0.000256877391159098,0.9684435386110479,0.00020260556988299983,0.7583765368335094,0.5819299044022367,5.464285714285714,0.5852977617716427
0.5,0.1,150,0.0026771469688431186,0.0014520781198289596,5.020977259901784,0.001646101396078798,-1.4468147707865835,0.5676372105688839,5.428571428571429,0.5667941845842792
0.5,0.1,151,0.0024898745376051835,0.0032734993721896667,2.655001495484491,0.0029729191711296166,1.1299469271833402,0.5376860122166706,5.285714285714286,0.5350754103835409
0.5,0.1,152,0.0008067384646682544,0.0011976119857982199,0.3852383381060136,0.0009485584202783567,-2.763310063544386,0.5315680318193056,4.964285714285714,0.5349432727969612
0.5,0.1,153,0.019378757951392777,0.012248197132381152,9.610617058407371,0.0148899793229813,3.428253200341203,0.6254821815583618,6.642857142857143,0.6639211848431479
0.5,0.1,154,0.0067968987480383995,0.00456904038361779,6.438625899691743,0.004234868176901353,5.735032863333781,0.6181148149212932,6.285714285714286,0.6156367508072556
0.5,0.1,155,0.0017539849940083642,0.00048117433074323354,-1.2399970576160513,0.0005103974020440566,-4.031808117582396,0.5378533796443768,6.357142857142857,0.5501132953823095
0.5,0.1,156,0.0014039546702971166,0.0013933084422428268,-0.23522042690989053,0.0020793926532802257,-1.0389433923330575,0.5858178371224214,6.428571428571429,0.6041022368734869
0.5,0.1,157,0.008272232323900371,0.001715910402322121,5.319701618370296,0.0029024847564810604,-0.450798214755622,0.5802294666710386,5.107142857142857,0.5847550491567763
0.5,0.1,158,0.0007604680665164149,0.003188026768056457,1.2528836229345046,0.0015503269477725732,3.382866928453647,0.5973639427419455,6.142857142857143,0.602028007686511
0.5,0.1,159,0.0021351287113311117,0.003937888554136621,1.3003938871400607,0.002895361976396924,1.6381246092503734,0.5744589376125708,6.428571428571429,0.5649038234861117
0.5,0.1,160,0.002020175960226019,0.0007272136525149198,0.7589153705104152,0.0012366276846898867,1.2036234048248957,0.5662671414218271,5.857142857142857,0.55719599877088
0.5,0.1,161,0.008128988410511932,0.01090786770180789,-4.82592627933392,0.00937394840128844,2.9727018973405754,0.5227279672389432,5.964285714285714,0.5595805807959406
0.5,0.1,162,0.005459708396378427,0.004695554579630069,3.2749233500961523,0.00466839070139149,3.03234461753965,0.5832816058112972,6.107142857142857,0.6053127084970961
0.5,0.1,163,0.0012055467617645495,0.0004272216275099245,-1.7701064746459565,0.0004276451970777414,0.005047199198836931,0.627210658329022,6.607142857142857,0.6461683487067961
0.5,0.1,164,0.0029470598557116085,0.0013244919158571615,3.8360144758880352,0.0009627661732772882,-1.1634961993584814,0.5626560149644709,5.642857142857143,0.5818920178220683
0.5,0.1,165,0.0013542611477515075,0.0033684270470380117,2.531127283954177,0.0023151714721811913,-0.2247861485350692,0.5599905049699612,5.321428571428571,0.5818854899014099
0.5,0.1,166,0.0013436497759885524,0.0028034961611212907,-2.4958964099664342,0.0030513355035313296,1.3058322419737465,0.5457994625317418,5.0,0.5550457177994685
0.5,0.1,167,0.0030584954014457612,0.003012075951124505,-0.8260847721386995,0.003496245762257607,-1.1499100164213683,0.5905240033829218,5.535714285714286,0.6082296027210586
0.5,0.1,168,0.020509723470016308,0.020374624334349955,8.559279100694788,0.019931208862265962,6.214515916704187,0.578194720968218,7.0,0.5915672914381277
0.5,0.1,169,0.017398596197997013,0.017540039227447523,4.940540813273955,0.01830126451111324,6.20763565499621,0.6071991698330164,7.357142857142857,0.6422222558732564
0.5,0.1,170,0.010375239001136976,0.0122459171180902,10.654664558376517,0.010981111862018228,5.185352589212196,0.6621835725794415,6.785714285714286,0.6809529522951174
0.5,0.1,171,0.004751915187810176,0.0056173672216956235,-2.835781057771378,0.004862469111588103,0.05335731857478739,0.5809661338346137,5.964285714285714,0.5858561253026022
0.5,0.1,172,0.0006677147908749992,0.0008166997413149851,0.24037169041447015,0.0007696876495520566,-1.6764759980677961,0.5754936573016668,5.821428571428571,0.5722037285984094
0.5,0.1,173,0.004464045483216622,0.0036472772800720645,0.45550204181859044,0.0035021590331989825,2.7334518609131826,0.618204521471476,7.214285714285714,0.6281119994643283
0.5,0.1,174,0.017619788955764534,0.012216267008615497,4.7939301342785114,0.011885221403766582,2.1212788421651205,0.6617882728725114,6.714285714285714,0.6905660648176957
0.5,0.1,175,0.00462764178424063,0.0032440327112896504,7.8786039772150644,0.002797988330231181,2.251870616711159,0.5783531837124887,5.571428571428571,0.6024769556228282
0.5,0.1,176,0.00170687620398959,0.0013007016432092563,0.5455952844966632,0.0012547792199424997,-0.8019950944846149,0.5630057839082159,6.25,0.5433385207503462
0.5,0.1,177,0.0011157035328570833,0.0025663434081510997,0.25861239623198884,0.0011987982780452924,0.527948646269086,0.5569499924117725,5.5,0.5755537689661556
0.5,0.1,178,0.0013529334302212642,0.002293549836623814,0.027313757336990818,0.0012700427339685445,-0.5307935904724275,0.5457319366773241,5.928571428571429,0.5578843775598232
0.5,0.1,179,0.014487063787869061,0.015873417415827904,8.153666616805587,0.017340493736015185,12.262207735605415,0.6989580526346745,6.607142857142857,0.7310990708470553
0.5,0.1,180,0.01446392846456101,0.018432837825068733,2.3198605808468074,0.017442701711791155,-1.066358713359809,0.6873958333030193,7.035714285714286,0.7123324858486322
0.5,0.1,181,0.003084724389182332,0.0016382166466273156,-0.8052191729229463,0.001466531445425814,-0.3491897933907164,0.5707415734689268,5.964285714285714,0.5966655471802422
0.5,0.1,182,0.0049679262688738296,0.010127816548672246,-1.818535261472654,0.009368496800349237,-0.1110991556463053,0.5874653233201551,6.142857142857143,0.5984761248166794
0.5,0.1,183,0.018528950867467243,0.011480712495648773,8.951097477785751,0.01315532804824089,2.2931168837648293,0.6617543603274881,5.678571428571429,0.692606326688703
0.5,0.1,184,0.003746210026617937,0.0030785767987804536,2.749121455203941,0.0028409579003383202,1.94160541294742,0.5673646807390332,5.357142857142857,0.5984491380506907
0.5,0.1,185,0.0011722187336696698,0.0005948364720877212,-0.6249442561988943,0.0006577480611345588,0.5703271807349021,0.6233151742857347,6.714285714285714,0.6329563905076772
0.5,0.1,186,0.00269487010692929,0.01076308354213269,-1.904785098808894,0.006551021831201658,4.127782217809018,0.5522147939869174,5.571428571428571,0.5506988669647037
0.5,0.1,187,0.005125279863692111,0.0027291436291210234,5.208172675247276,0.0019719203530654985,1.8597511247763994,0.6020983375035154,6.321428571428571,0.6173480316289927
0.5,0.1,188,0.002961633829709664,0.002068274820090893,-1.0923136640293833,0.0011160288897060502,-2.0509404691803943,0.5620845439649258,6.071428571428571,0.5793820977086792
0.5,0.1,189,0.002847849181634097,0.0021087714454215375,0.3847493772170836,0.00199112038403334,-1.355386736467769,0.5844996131379584,5.75,0.590795960782204
0.5,0.1,190,0.0020335473887521166,0.0016459873104260625,-1.554205309593165,0.0016720012929103232,-1.4815119669542298,0.5657169494006843,5.892857142857143,0.5775729081354946
0.5,0.1,191,0.02415613628137544,0.02421245598109963,16.361628887388825,0.023693649104972507,13.312524959368119,0.7114570294807336,7.571428571428571,0.7694089527595354
0.5,0.1,192,0.0009077861891330761,0.0013426884290467134,1.6970040816195748,0.0010881063324833717,-0.45073172014945345,0.5638511105447959,6.142857142857143,0.5418486259589524
0.5,0.1,193,0.003464897732422583,0.002241967002815481,3.606833808091288,0.0019220555167064643,-0.360306637209798,0.5924367519006714,7.071428571428571,0.6109215904643998
0.5,0.1,194,0.007015151006235067,0.008332329930871797,3.605293664371189,0.007466352359544641,0.9425941907274668,0.5669804945106459,5.892857142857143,0.5748593350027342
0.5,0.1,195,0.0010457666621878556,0.004902242520051129,1.2876636779230424,0.003969565441017065,1.0274886232982965,0.5668737343374064,5.821428571428571,0.5812539512968135
0.5,0.1,196,0.0008058680390464759,0.0010060378865247258,2.2573883273376083,0.0016380795565354204,-0.35307724242922706,0.5402375942916076,5.464285714285714,0.5416206214820865
0.5,0.1,197,0.002231584197682565,0.0004103137963148796,-0.9573735202193561,0.000665163286806426,0.0801909499413777,0.526647178489811,5.428571428571429,0.528209184511783
0.5,0.1,198,0.003190706074847488,0.007166240769557106,-0.07101278507773401,0.006858985224905922,0.5766495361069891,0.5772652665320923,6.142857142857143,0.592249876571756
0.5,0.1,199,0.0032114955844142817,0.004309333610181144,3.5646647076714046,0.003130469723197735,-0.3415742509261482,0.5433909657829684,6.214285714285714,0.55852986720595
0.5,0.1,200,0.002093391656127748,0.0014307610802884994,4.867904362885817,0.001448126146391401,-0.22619064170158745,0.6121942329919391,6.642857142857143,0.6111603272853992
0.5,0.1,201,0.002692313641026206,0.0016586553022571828,1.0988639452433446,0.0020572119134121534,3.356437558238715,0.5606216837061918,6.214285714285714,0.5725116674134464
0.5,0.1,202,0.0015084410799749194,0.0002104458013434225,3.215155925174493,0.00031732626266625327,-2.9614405134002673,0.5557210029977535,5.678571428571429,0.5653071262699667
0.5,0.1,203,0.0017961261251691174,0.0005120729012012358,3.0332748792901967,0.0004615650864407492,-1.924191044522691,0.5602001172927085,6.035714285714286,0.5788014044645275
0.5,0.1,204,0.0020104893077308845,0.0009423355472114835,-0.6607289034880708,0.0009668708225601567,-2.8585174999974945,0.5654115762466008,6.107142857142857,0.574000023265147
0.5,0.1,205,0.0067091913737410335,0.002688039907494914,1.9401910499347679,0.0031147282393472284,2.34607092269988,0.5920477257333129,5.857142857142857,0.6219610687384967
0.5,0.1,206,0.0015906256218868112,0.005680757739690042,4.190437426406049,0.003893151357868098,2.9544919255805078,0.5797555234129613,6.107142857142857,0.6052538264515881
0.5,0.1,207,0.005397224890965528,0.00271210988043596,-4.805381371687261,0.0030766366261071806,-4.375847582993629,0.5528793401971767,5.714285714285714,0.5511410154027697
0.5,0.1,208,0.003475417373254383,0.01066057005333152,-0.4854601195324548,0.008325128527378205,2.429758834888181,0.5944328881649632,6.357142857142857,0.6237790996710939
0.5,0.1,209,0.0011734795024760318,0.0013963282396482074,0.7035707701181764,0.000970293632050467,1.4776840314968354,0.6472824896385315,7.321428571428571,0.6586253614314284
0.5,0.1,210,0.0035148622362685114,0.005464401466007447,2.442614926698589,0.004328279099706617,4.930468680979668,0.5918001561229937,6.178571428571429,0.5991390155456093
0.5,0.1,211,0.0017064929662019025,0.00030021971079940903,-0.8896154820776943,0.0005552360431337264,-1.4714121174398447,0.5395729061045935,5.642857142857143,0.5318546711252935
0.5,0.1,212,0.0013833232268576521,0.00019497044620104753,1.4483199228887997,0.00011183077398407313,-0.6215621251317979,0.5448124145174854,6.035714285714286,0.5473675755092956
0.5,0.1,213,0.005641681712515287,0.0051517737703620945,6.058875873138881,0.005597796067753852,8.146107209738355,0.6024050098411898,7.642857142857143,0.6414873367316374
0.5,0.1,214,0.002004014479886565,0.001746976388551502,2.7421552431144534,0.0015694951179434716,1.8491309688734532,0.56434234879098,6.142857142857143,0.5779298113846847
0.5,0.1,215,0.003307826073900222,0.0021253590506414006,1.6827461032298032,0.00256934893893693,-1.6503355121660757,0.5984636018908033,5.928571428571429,0.6237761223760016
0.5,0.1,216,0.005576922722103066,0.008246402574772193,-0.621695333404297,0.007775252788466521,2.8600362269289215,0.6031741708411932,5.285714285714286,0.6154640878087605
0.5,0.1,217,0.0006577949837672185,0.0007820323153336473,0.5158962764032609,0.0006763050386951905,1.2889699975582214,0.5540252115970554,6.714285714285714,0.5375206849713955
0.5,0.1,218,0.0031965057171887304,0.002080662170006022,-0.8022344753247239,0.0016062597336513364,0.007819005022952297,0.5754540875002913,6.285714285714286,0.578685521299803
0.5,0.1,219,0.002877016518844794,0.005032228768211424,-1.8360948990522985,0.004550290122129086,1.8058817001531793,0.5846759575983739,6.178571428571429,0.5820861354504008
0.5,0.1,220,0.0022676859281148573,0.000449095394337221,1.7987145544980834,0.0007204434368508575,-0.1345680311966646,0.5863802176752541,6.178571428571429,0.5970415715036569
0.5,0.1,221,0.0008777963286363702,0.0008294682260898651,-7.290555643008993,0.0006678715439949224,-1.5622108534223003,0.6115652711579179,5.928571428571429,0.6189665133814
0.5,0.1,222,0.0004933868684389225,0.0009559109901176367,-5.390963401595137,0.001162999220586465,-3.6446525080234644,0.5509993602209958,5.821428571428571,0.5602381807910242
0.5,0.1,223,0.007251729931529519,0.0022698513196565046,1.7351353121740587,0.003232109304214121,-1.6882762583705169,0.6435231799945982,6.964285714285714,0.6593107428084204
0.5,0.1,224,0.00650352672112774,0.004845814809883719,5.650787837896168,0.004410481546588108,4.151840626482813,0.5569595454057622,6.5,0.5801614851665251
0.5,0.1,225,0.001793155716977269,0.0005901721525810735,-0.8641330173320867,0.0006504108325345545,-1.6219773375363786,0.5711391691358016,6.464285714285714,0.563824081268971
0.5,0.1,226,0.0022927962916325746,0.001856871681176762,0.8242842402232,0.0019666796470629412,0.5744609542317392,0.5960213326767306,6.142857142857143,0.6180399509850725
0.5,0.1,227,0.007265501967208465,0.009839715464432814,9.336148403633828,0.009112514962387403,6.815373167979279,0.6416947297599094,6.285714285714286,0.6803915712353483
0.5,0.1,228,0.003072597906257969,0.003583879268875958,1.0717141269217265,0.002230449086940153,-4.303045693133773,0.5461662273057233,5.75,0.5485060488955037
0.5,0.1,229,0.0020727916555259495,0.002305367936826299,3.2056391108420144,0.0017101899308789798,2.453726232108617,0.5518348263660797,6.464285714285714,0.5602800037403275
0.5,0.1,230,0.007195777543583728,0.007510136589469485,-2.131774867622042,0.007433474321508452,-1.817403711959751,0.6189200106322973,5.928571428571429,0.6296834379425913
0.5,0.1,231,0.005161014141267643,0.002008076226763233,5.0531471132443215,0.0016346121099049277,-1.8077154533093658,0.6118161477788604,7.035714285714286,0.6179016676981501
0.5,0.1,232,0.002178577284928152,0.000855184648983248,3.708051387699598,0.0004245960543379191,0.6549646893746038,0.5676027772359981,6.25,0.5897597112136416
0.5,0.1,233,0.005866879850621146,0.002256187966435037,4.447359886201944,0.001480289027269346,0.7251473852106946,0.5950216297397396,6.0,0.5831736729502999
0.5,0.1,234,0.004308812371059202,0.0027852760856696824,-1.8286337200034097,0.002781776985090231,0.847389695201277,0.6143954297925202,6.142857142857143,0.6067939932729526
0.5,0.1,235,0.007656416549876938,0.011646855520220965,1.136139387673488,0.010454870968295931,4.343331817881354,0.6328974386482498,6.892857142857143,0.6708326032380467
0.5,0.1,236,0.0016049197695356568,0.0021032819476355428,1.9061922178180808,0.0013198248527649234,-1.5228224439929174,0.5426767728473109,5.464285714285714,0.5389248517693037
0.5,0.1,237,0.004093256507981446,0.00030638583343989723,1.860737200919509,0.00039790073417044955,0.06950219796565686,0.5226026844002616,5.357142857142857,0.5061753500777246
0.5,0.1,238,0.018953842051368942,0.017419835190852162,7.5692491982644725,0.015791224724421616,4.448203205704516,0.6100556752676146,6.464285714285714,0.6467487401980669
0.5,0.1,239,0.00036994884158364787,0.00014477374518628614,-4.223232455147716,0.00020779809817875753,-2.334738762231126,0.5453155476422565,4.928571428571429,0.56253575740207
0.5,0.1,240,0.011914989102883652,0.013153198086710907,10.498967661556371,0.010902030335696908,3.14838148002652,0.6447295462117932,6.892857142857143,0.6809899874320429
0.5,0.1,241,0.009557870260004866,0.009166882232982789,-0.04438679455021344,0.008229647253825127,-2.1943774625378865,0.5393224989853594,6.357142857142857,0.5471807301253948
0.5,0.1,242,0.003912189782212787,0.001019020056952144,-0.004783937523427539,0.0013575090546489128,-4.59856880100575,0.5867811795880582,6.892857142857143,0.5937230140198261
0.5,0.1,243,0.0006295260659272501,0.00012725227318521786,0.23097187541877418,4.608434354880261e-05,-0.3033138527166841,0.5574716846242604,5.071428571428571,0.5520487685361829
0.5,0.1,244,0.0037780461318445875,0.0028817396447339072,2.1465755132266224,0.0016074423449300053,-1.7553481641688506,0.6028305436452384,5.428571428571429,0.6133582148029996
0.5,0.1,245,0.007830115706863181,0.004381140303715782,-0.35170646560995067,0.005252763043220103,-2.432404985176428,0.594043187092865,6.357142857142857,0.612525527727944
0.5,0.1,246,0.00586765060424138,0.006440367607989401,6.962217709898567,0.0059157435475899085,7.004141060332567,0.6110965729638532,6.892857142857143,0.6257844185584842
0.5,0.1,247,0.004998416945484077,0.002311211975575151,-0.8588400740320452,0.0019298753624302414,-0.7556768319550903,0.6226955675276862,6.392857142857143,0.6270682664243176
0.5,0.1,248,0.003874743119698145,0.004082315572658525,0.045996597371782855,0.003612873454837072,1.7202606712402069,0.5600648030671346,5.535714285714286,0.5618467046983593
0.5,0.1,249,0.008832377965574753,0.004845375241531365,-0.4229728421614638,0.0058104663550504546,-1.619448348592556,0.57519959247243,5.642857142857143,0.5992658623983427
0.5,0.1,250,0.00325610984081473,0.005142204656791493,2.5914768216044877,0.004420452624919349,0.15997934251418164,0.5947313136582804,5.964285714285714,0.6116152096950425
0.5,0.1,251,0.0007403715923103773,0.0016186550011529218,0.4576150006411055,0.0010884367531546655,1.2200642752445106,0.5827871610381342,7.0,0.6115265144648939
0.5,0.1,252,0.007834205642587131,0.013091397666190337,2.9461258629362135,0.011471923399727309,4.238937186558218,0.6196325824049504,5.714285714285714,0.6355578222114372
0.5,0.1,253,0.0017802910715972102,0.0019244471089198056,-1.5433027037823948,0.0013850450354718252,2.11628571227871,0.6108750015886013,6.214285714285714,0.6345139483534152
0.5,0.1,254,0.004218444821660954,0.0060997725146189905,1.185510983590632,0.0059924752400147135,1.3810492249771091,0.6150698062281015,6.25,0.6427480300930704
0.5,0.1,255,0.003624546660902553,0.00536098822034105,-1.31258790382293,0.004570159886612168,1.9271821017649415,0.5630806577916235,5.5,0.5890967903094235
0.5,0.1,256,0.001210584047731173,0.0006589156556288673,1.9185589016232,0.00048647012249838255,0.043522174549006344,0.5947605398856294,6.214285714285714,0.5958349723753535
0.5,0.1,257,0.0009961378486841542,0.0015631997060331646,-2.9023462726671667,0.001806457449941183,0.6102917567574574,0.5310092279482107,5.821428571428571,0.5261114890090964
0.5,0.1,258,0.006661530648219938,0.010814694511636917,2.9751123590558493,0.01080795921363177,-1.2471044612473179,0.5138119014695242,5.321428571428571,0.5241559694054967
0.5,0.1,259,0.01912644703694738,0.018105858350951413,14.62268154913074,0.017485109976642616,8.15352723312308,0.70179173698433,6.785714285714286,0.7375702418470382
0.5,0.1,260,0.004610498956357816,0.0024802480877112736,4.114926189907884,0.0015972002921283792,-0.4368004467772266,0.551765114628182,5.892857142857143,0.5814812114499064
0.5,0.1,261,0.0029142472300291667,0.0015543474683382458,-1.386742750774964,0.00018721987526781469,0.2748848014374043,0.5589596879135957,5.678571428571429,0.5858285350308516
0.5,0.1,262,0.0015173034614108657,0.0005961270553915067,3.0203838378611323,0.0011134992333238106,-0.30015329072198443,0.6269144454690715,6.25,0.6507122139975507
0.5,0.1,263,0.004826632731474342,0.004474612151079907,0.24717683007138902,0.00328367353614634,0.6739378589807549,0.4801802911463543,5.25,0.47113786751671516
0.5,0.1,264,0.007817957485991109,0.015287516415625963,-4.190246731837334,0.015558096496562632,0.7613675904456443,0.587257182175076,6.107142857142857,0.6090578741456225
0.5,0.1,265,0.006213355397195465,0.008446525974193032,5.141287257218053,0.009008897816200756,6.178037395614372,0.5887076509702948,6.785714285714286,0.6115647364964844
0.5,0.1,266,0.002901624422315825,0.0025285629092747816,-3.6292074940119434,0.0017868394368819784,2.499414367703821,0.5606704553746895,6.035714285714286,0.5606538152092817
0.5,0.1,267,0.0013223034311451165,0.0007368596015529343,-0.3379397051479742,0.000538490341032724,-0.7355236976067848,0.5628443611384907,5.821428571428571,0.5883680470434351
0.5,0.1,268,0.0037109804415906746,0.0024922981209342704,2.189838347762283,0.0019007943353986892,1.177316709789693,0.5842972444826271,6.321428571428571,0.610830742730367
0.5,0.1,269,0.020738029758937945,0.018472939601086934,8.937979458895846,0.019423658395298714,11.512744231391272,0.5496089496187568,6.535714285714286,0.5718080601624433
0.5,0.1,270,0.005692169915300679,0.0069040767722165445,2.0440670413867394,0.005780594093352404,0.6944567584116138,0.5956384057363779,6.214285714285714,0.5905649790102456
0.5,0.1,271,0.0009618458993906581,0.001650629811228508,-1.3146351931486535,0.0014699977868511478,0.7646403687526705,0.5485915867210317,5.714285714285714,0.5789953209242725
0.5,0.1,272,0.0037717326578364037,0.00474186349483848,5.9582565116140245,0.005295447674818672,4.992155338747324,0.6013684124855808,5.678571428571429,0.5948912704153868
0.5,0.1,273,0.0005256446076773935,0.00551492581202615,-3.7005424422506294,0.004544935491016964,-1.225139072321004,0.5380708846690506,5.678571428571429,0.5511658697817328
0.5,0.1,274,0.0044595529133629784,0.003805303126738739,3.1137537470723444,0.003972784785542786,-2.6933249477389913,0.5712911477402177,5.464285714285714,0.5757050477438187
0.5,0.1,275,0.002122771995846649,0.0014678372126877115,-3.422003157737194,0.0018395056133331592,-1.8252960559554765,0.5537239775710939,5.964285714285714,0.5806735899808307
0.5,0.1,276,0.002391204520381593,0.003605780008472088,-5.166229590633023,0.0029290070551675723,-0.646854953391132,0.5220437475634107,6.571428571428571,0.5531788733091587
0.5,0.1,277,0.0018731161450242916,0.006335640078843804,-0.6894193715827228,0.005130302915656838,2.2455727080940164,0.5624540324381141,6.5,0.5802606411632139
0.5,0.1,278,0.002259525496785291,0.0029079257638305496,-4.041135989231336,0.0033836464506635903,-4.789698082765938,0.5874567483637103,6.5,0.615748067445048
0.5,0.1,279,0.0017654919129581688,0.0005068287232129162,-2.925175537803973,0.0003830127163093722,-0.630583079277983,0.5301914274381521,5.428571428571429,0.5345881297729103
0.5,0.1,280,0.0023971356489251314,0.0008533387721488513,0.8489509961592105,0.0009360239476827273,1.6270323658672698,0.547207163002544,5.642857142857143,0.5401486407533933
0.5,0.1,281,0.004610490602247443,0.00041797177811736,0.8647322082037903,0.0006603036661629381,3.3308068588982187,0.5806325718255545,7.0,0.5769471631862129
0.5,0.1,282,0.002965236881560118,0.0011928271070166944,6.189921117928812,0.0013600080860586158,0.3945695655398538,0.600404548350245,5.821428571428571,0.6180468812429056
0.5,0.1,283,0.005037842401142365,0.008445366806356311,5.2200159949142275,0.006668656351134243,6.28630265312691,0.6068799627478906,6.964285714285714,0.6287130710863753
0.5,0.1,284,0.0015598232099470896,0.0010686201398290031,0.9632739188458785,0.0007696733471658301,-0.21420560410366343,0.482081253465238,5.75,0.4922039201109045
0.5,0.1,285,0.004137168148960821,0.0050106609867000525,2.4519618926336335,0.004658283463478605,3.914354972040267,0.5927958199241229,5.678571428571429,0.606510939012167
0.5,0.1,286,0.0009174699497260979,0.0003471946901473368,1.3961330457583827,0.00039659638865170943,0.7516464189565019,0.5427997848963607,5.535714285714286,0.5559439456002722
0.5,0.1,287,0.0014523946305612025,0.0013276058747987353,-0.9962315505039356,0.0013641927879357735,-1.1690095935837992,0.6155025224324376,6.428571428571429,0.6198367988654252
0.5,0.1,288,0.009864021740379475,0.011484923115651094,8.113939506943552,0.008757675426610934,0.5927414984871101,0.5381084447788258,5.75,0.5463950058570486
0.5,0.1,289,0.0013836004413685008,0.0015125298081585632,-0.02092253160144253,0.00181266065360076,0.968382787507096,0.5682969429882659,5.071428571428571,0.570155490392915
0.5,0.1,290,0.0012571082425232986,0.0010264483426768417,2.302586036908828,0.0010430549274906096,0.2696911596597526,0.5779057380510829,6.5,0.5784769698253305
0.5,0.1,291,0.008746576850973738,0.009536021051949409,-0.759737352652806,0.00857964066187974,-1.7014417972999165,0.7045396641866686,6.607142857142857,0.7074731178039577
0.5,0.1,292,0.0044611198939529095,0.0024246613921952466,1.4860201307800764,0.0025983880849440658,0.22326801713620625,0.5561472031978402,5.464285714285714,0.5857416804932771
0.5,0.1,293,0.0009413854027740426,0.00036093905650917647,-0.3236271254793124,0.0006392400620436219,-1.3116908649363381,0.5554807805958104,5.714285714285714,0.5606611779795776
0.5,0.1,294,0.000906368637891472,0.001552000194157113,1.1443142184061514,0.0009800642792709069,-0.9563328115045238,0.5888630539275012,5.285714285714286,0.6154452584289878
0.5,0.1,295,0.011051389414805162,0.011464147652787474,3.8864368397192592,0.010279000941984492,4.602817801486377,0.5850285301111704,6.678571428571429,0.6141574676588428
0.5,0.1,296,0.0015859312580975282,0.004995980789824827,1.1750279885465602,0.003909680183247879,-0.18828338716113535,0.6009986145780657,6.0,0.6041097102865058
0.5,0.1,297,0.0016725358609500996,0.007782873465344519,3.0238318339265504,0.0054377136542458,3.1123931695160345,0.6080828277395959,5.821428571428571,0.6192850236057004
0.5,0.1,298,0.0026796319635630545,0.002983306839051236,1.0911607345061185,0.0036025935399586462,-0.5866112206654085,0.5820460746396969,6.357142857142857,0.5880656604814082
0.5,0.1,299,0.0010689626614238876,0.001126982772839848,-1.9258838127440256,0.0008593216570185669,-3.1608445657076722,0.5803707804842226,6.607142857142857,0.5809659382303505
0.5,0.2,0,0.032194736847445615,0.020431235718601906,15.354520050289178,0.02358814156330752,4.5656389880778745,0.6819546699929553,6.357142857142857,0.7200168543065827
0.5,0.2,1,0.0012961762534838296,0.0023793449954828123,-0.42818420374526056,0.0026590260903130154,-2.6738507380225656,0.5483007373742242,5.928571428571429,0.5475095401813659
0.5,0.2,2,0.001918201658645375,0.0012604019576937721,0.6655682376387233,0.0011327824258548118,-3.147992455447754,0.5583346680425594,5.571428571428571,0.5533509529187504
0.5,0.2,3,0.004266388819772762,0.005772256702171109,1.4652096544019528,0.005546416776119528,4.482446054982868,0.6375033211306768,7.357142857142857,0.659510503215627
0.5,0.2,4,0.0022881136871073025,0.0024360749843733644,2.4430174346587776,0.0022742437353273186,0.5438126076965375,0.5784569070254861,6.321428571428571,0.5955266513400008
0.5,0.2,5,0.015879473796018593,0.021840998692218398,10.100070978520115,0.01935588225867532,12.082599071121043,0.6342429619378451,6.321428571428571,0.6750777633519225
0.5,0.2,6,0.001389037056549682,0.0006161283363586331,0.4650515360749381,0.000881864390368971,2.99930273550234,0.5930438863207296,7.107142857142857,0.5945265014744324
0.5,0.2,7,0.00048166088937758863,0.002933302204036339,0.05992866196474722,0.001551983538283523,1.2029472264130163,0.5944589288307761,6.035714285714286,0.6146926465101141
0.5,0.2,8,0.005176471341067292,0.006116762009288963,1.5568172008101442,0.0046341178371938725,0.8111833605774071,0.5979952535827984,7.214285714285714,0.6021267915213133
0.5,0.2,9,0.004624449818403738,0.006494907439874256,3.5144464037586616,0.004162220358115173,2.396982115997588,0.6370403848800951,6.142857142857143,0.657997313101822
0.5,0.2,10,0.018223258047350897,0.01741539513989344,14.240411832247034,0.016747010944826415,3.451914821796502,0.7105009754432315,6.964285714285714,0.7606331441310917
0.5,0.2,11,0.006508442622212201,0.012865354098544793,6.282701944271508,0.012126565693873236,8.049871698586847,0.5574801337709071,4.785714285714286,0.5681623924972043
0.5,0.2,12,0.020890786473545756,0.016303205792013636,12.198075611318192,0.018797508739465247,4.950208185434093,0.680021665441836,6.714285714285714,0.7143073880456201
0.5,0.2,13,0.0034364198971084613,0.0029222320980425366,5.447084567583637,0.001923743026228849,2.190183756294639,0.5909295130249711,6.464285714285714,0.6011207474161366
0.5,0.2,14,0.001703399371604763,0.0015198487578542514,0.20966875322810807,0.0023140567499473526,1.2192251987887062,0.6135266765941411,6.178571428571429,0.6184672632398239
0.5,0.2,15,0.013937604505137558,0.00807764345352849,5.483317406217374,0.009136976117852162,0.2407252888152603,0.6901247146363886,5.607142857142857,0.7117443191914616
0.5,0.2,16,0.0054695988236150355,0.0032996875521094722,3.033164879130105,0.0027441040691775424,0.0007738391835611461,0.5666809648113812,7.607142857142857,0.5745319230684449
0.5,0.2,17,0.008582029603830716,0.01163842251068593,9.668816303526846,0.010315598294473698,8.967742965761877,0.6654273489735623,6.821428571428571,0.6971672209003742
0.5,0.2,18,0.0015204463564841401,0.0024360721264183663,2.7763370655990514,0.0013531266159450806,-0.2960273045302415,0.6277714922736142,5.964285714285714,0.6326177231909275
0.5,0.2,19,0.0012746186609787877,0.0007285488521429947,-1.493125662661832,0.0006036351073592577,-1.267641234491909,0.6375502119693063,7.178571428571429,0.636369185416237
0.5,0.2,20,0.018372233388650534,0.019982238714961978,9.397742430526446,0.018274531743382373,-2.193909117547539,0.6449232845358132,6.678571428571429,0.6893725315891386
0.5,0.2,21,0.003945953496126072,0.002092472464594178,-1.4169241239028594,0.0027281364541595562,-0.4095285824708128,0.6194720958082492,6.5,0.6179725695667504
0.5,0.2,22,0.002717875063196474,0.003523697250291944,2.6311487422817876,0.0022843171922021905,0.19341491164822364,0.5062809597091681,5.357142857142857,0.5176740761198095
0.5,0.2,23,0.011718705317903482,0.010672436535740794,2.455291634964496,0.008706323817606615,1.5870805553234106,0.5453549507406432,6.035714285714286,0.5526856079330551
0.5,0.2,24,0.0050631064066569784,0.003197800071598869,1.1903710240931318,0.0023596041253353896,0.5502828888452598,0.6290988439503592,7.428571428571429,0.6404259813233777
0.5,0.2,25,0.000659195039562197,0.0006886712991461192,-5.321664293998403,0.0003352465948364242,-1.0293690219063194,0.5500160182769843,6.5,0.577195204054376
0.5,0.2,26,0.0014368385998286873,0.0004360817644052241,-0.4846653412218842,0.0006030026214814126,-4.663904186030815,0.5781792720570491,5.821428571428571,0.582292182375961
0.5,0.2,27,0.007485872815332743,0.004004952043651901,3.223033882866858,0.004549718003777747,3.5338236279833004,0.5869444220776316,6.071428571428571,0.588159394984669
0.5,0.2,28,0.001307460554382687,0.0010865625656120937,0.05589430433757059,0.0006084481709825996,-0.5814856499463303,0.6085920928644918,6.5,0.6160435740413885
0.5,0.2,29,0.018055309533875692,0.009892781041756272,8.37432216193205,0.010916564081649814,4.444069661666911,0.7191842926293283,6.892857142857143,0.7379912675834358
0.5,0.2,30,0.006822354353148767,0.00819518203803161,2.879077434906364,0.007181873921936945,0.9003641619226054,0.5897328902799777,7.071428571428571,0.6049319868871676
0.5,0.2,31,0.011920401257189954,0.00989145720784723,2.3815171149762975,0.010677831421536398,1.9845456292525985,0.7282744508731543,6.75,0.7454502970483021
0.5,0.2,32,0.0028342513657821492,0.001075049705727629,1.8809532101668367,0.0011725030540469604,0.07644504703905379,0.5512652596034248,6.142857142857143,0.54626015249454
0.5,0.2,33,0.01762557997347858,0.018583528323022607,1.8577923099491187,0.016883083650493038,7.351072155055533,0.5869058207834039,6.285714285714286,0.596561734130757
0.5,0.2,34,0.0024332606679268566,0.0019127843882148544,-2.831724289239091,0.0018549712537792235,0.29494429447932663,0.59269274593965,6.0,0.6025237776115264
0.5,0.2,35,0.03549286197862996,0.03712185841618017,1.4337334179775958,0.03458122368651452,9.53331768151628,0.6619308569216387,7.071428571428571,0.7255797793101135
0.5,0.2,36,0.0057471838707920005,0.005546148092348601,1.1022261697762445,0.005273975098966425,-1.9712391674125722,0.5616399839067248,6.035714285714286,0.5866319721933111
0.5,0.2,37,0.001162359583555283,0.0011310949806011795,-2.4615079146167247,0.0008464215970003886,-1.2529062222916423,0.5573957259026364,6.607142857142857,0.5592951829211128
0.5,0.2,38,0.001730914714914796,0.000507938378367412,0.4438669944402349,0.00036486349173497294,-0.9209066521416011,0.572081369037537,6.071428571428571,0.5841135527071077
0.5,0.2,39,0.023468549907477144,0.02411556488503616,13.597370686515848,0.02333858778482395,9.40988265252407,0.7025061323435018,6.142857142857143,0.7303018196186557
0.5,0.2,40,0.02042000332913784,0.01670721563221396,10.913119974116526,0.01829242893473625,8.616869766342802,0.6649206774427895,6.571428571428571,0.70946428448123
0.5,0.2,41,0.009283599644229723,0.012216769447479793,3.0234123866823452,0.011776890768128505,7.851624707901844,0.6164153665784561,6.142857142857143,0.6439031702967379
0.5,0.2,42,0.014823788122993082,0.012600444079017928,4.871691637750089,0.013254494124384893,4.457363818939257,0.5765537425592626,6.321428571428571,0.6008430744150617
0.5,0.2,43,0.0011300226159092054,0.0005693968946762372,3.2201616234475594,0.0010241489869480525,-1.1449187003516006,0.5550064246184143,5.071428571428571,0.5661470855894537
0.5,0.2,44,0.0057641572542219245,0.002519393921374054,4.809351894064328,0.0033436239985414518,-3.7922710000895847,0.5593734566522648,5.821428571428571,0.5714908173002431
0.5,0.2,45,0.005878920294977502,0.0076837655128566985,4.361574238366295,0.007149162631782756,3.319370185801612,0.6047814823356006,6.535714285714286,0.6185287504185375
0.5,0.2,46,0.0017013089385587445,0.0006194793287909934,-6.294380469005368,0.0004562013853404719,-4.762177970520962,0.5535943084679147,6.071428571428571,0.5850529496593061
0.5,0.2,47,0.03658553614154239,0.027462366597940154,13.881981625432186,0.029892410787857156,7.0066380947064175,0.7382350887411715,7.285714285714286,0.7893749249924062
0.5,0.2,48,0.0016064534759528564,0.0024212189012371836,-1.4391854124719714,0.0018941508885658423,0.17487035586807073,0.6115416606518062,6.357142857142857,0.6135597153184864
0.5,0.2,49,0.0013661764158532576,0.00048811494138532266,-2.5021039383973047,0.0007222701198456572,-1.9947988520900235,0.5359750902241242,6.178571428571429,0.5407694369554268
0.5,0.2,50,0.004054539446554242,0.0010336067922687303,1.177960699229466,0.0013858607169594294,1.252219917862656,0.5917712136075215,6.214285714285714,0.6086675065019322
0.5,0.2,51,0.004201374921898215,0.004652448506035331,-1.44103478068903,0.0028281036802276383,0.09001361219237462,0.5784318941609923,6.107142857142857,0.5892925072280251
0.5,0.2,52,0.011306822920469419,0.0045351246882842896,0.41011259310648995,0.004615237924640691,-3.96193883463431,0.7096000536269605,7.357142857142857,0.7342323017698194
0.5,0.2,53,0.0030371498764086243,0.0026538923886364053,3.332143236241137,0.004577277196450425,4.219807116689481,0.5678903511089255,5.857142857142857,0.5798826353292141
0.5,0.2,54,0.00391510185444651,0.0022701965325768424,1.977452944134825,0.0018443330724186844,-0.29562727183133575,0.5537079461976411,5.214285714285714,0.5548782047168088
0.5,0.2,55,0.00303554433961728,0.0020775970063369445,-0.7851070949635854,0.0022344294061198964,0.18576548514496002,0.5958406842065,6.107142857142857,0.6055204452387899
0.5,0.2,56,0.0022281787312416596,0.0004949922843954107,0.7974820680510604,0.0005475146960735819,-1.711747889842826,0.6140718796637401,6.107142857142857,0.6287124675806135
0.5,0.2,57,0.0247895702338741,0.031008860550353203,13.330693051457544,0.0308457923005415,20.00553283665703,0.6724052313697989,6.607142857142857,0.7152678171736224
0.5,0.2,58,0.0019374858301656065,0.0021088711830708423,0.004886429529271652,0.001689180428745217,-0.9984484219162463,0.6186145286782924,7.214285714285714,0.6337506744994137
0.5,0.2,59,0.0016474004625782839,0.003542849270536961,-2.0991546469916216,0.0025785679557302327,-0.8897218436937256,0.6073469719979804,6.642857142857143,0.6208474597896809
0.5,0.2,60,0.002528597178777159,0.002068708028402414,3.5457574231195323,0.0019297177084417032,1.207777199076645,0.6117295595837448,5.714285714285714,0.637525331462841
0.5,0.2,61,0.016861257294061568,0.02129788766464507,10.482901668805475,0.02087091531255154,11.148268764961955,0.5852976038677108,6.785714285714286,0.6441213879218309
0.5,0.2,62,0.010767640060749784,0.010321758671199877,6.193136676663563,0.009905170228741437,6.829612225301607,0.5766347265362463,7.464285714285714,0.5987423312082771
0.5,0.2,63,0.020974330511648542,0.021742095629911747,12.906608926926445,0.021120134957339567,10.433390048715873,0.7005464206256808,6.5,0.7312554291315481
0.5,0.2,64,0.004586019973069306,0.007845100904979278,5.079019533658624,0.006613252120464805,6.146721374934184,0.6342705408002602,6.428571428571429,0.6794637414769207
0.5,0.2,65,0.01036566430728167,0.0138922491349664,8.792016343949157,0.01192513879460742,6.1118307019528215,0.656210008047254,6.392857142857143,0.6903113451524339
0.5,0.2,66,0.0016565211518814048,0.001584874836627042,3.5536407495813833,0.0013356797660154344,1.9913531608702992,0.593086705399324,5.785714285714286,0.5943627100106382
0.5,0.2,67,0.004600235747437117,0.0032319639988132184,5.3955631693874295,0.0027368623518209153,1.084233316140048,0.59056257927468,6.5,0.6192788276132111
0.5,0.2,68,0.002284943115223604,0.006268949798062194,1.1420772808397714,0.0057675755477802305,-1.6686758777581285,0.5489619986823037,6.107142857142857,0.568649562465112
0.5,0.2,69,0.005664142191009071,0.005113603762881035,4.735097163859919,0.005192998082425695,3.879741865935396,0.5817930553907383,5.071428571428571,0.5949492170269637
0.5,0.2,70,0.002373643816751223,0.0008850998183875083,1.6105604821921702,0.0011895917137591673,0.7200352454981859,0.5731915641925165,6.285714285714286,0.590362935339573
0.5,0.2,71,0.004691720630091858,0.004396666543816688,1.6502455395252653,0.004217441735913819,-0.9971407108208533,0.6068055928012471,7.607142857142857,0.5994369261065684
0.5,0.2,72,0.008230822116067628,0.005870944685851904,2.436037887833294,0.005643423606565743,1.0549879661839914,0.63552975459607,7.607142857142857,0.6536920941062025
0.5,0.2,73,0.01059980509377038,0.010461557129324684,0.08160838098356038,0.011279063423113847,7.053557988796844,0.607029176221599,7.607142857142857,0.6536332522944119
0.5,0.2,74,0.0020498116011362093,0.003173538476513163,-2.7599342176520807,0.002887769213119231,-1.2169511894731784,0.5530439357942062,6.214285714285714,0.5585524986720234
0.5,0.2,75,0.004412564266450571,0.002252708244635816,1.0886166704752327,0.0018986976578170699,-5.435639299780377,0.580002606878813,6.571428571428571,0.5847721686035572
0.5,0.2,76,0.0016405859151226955,0.0019254402722711304,-0.01182996523900215,0.0023121136188149617,-1.129263859128855,0.5946279693056421,6.75,0.612790476815871
0.5,0.2,77,0.005305099056540003,0.0069006260179678095,0.6067174836150571,0.007020244298919098,4.020816169899338,0.5556818915424908,5.464285714285714,0.5554227379073904
0.5,0.2,78,0.012569465385713427,0.012326207518084014,8.786872961396199,0.011438902154352204,3.0601336816582907,0.6080142336336261,6.678571428571429,0.6155954307794205
0.5,0.2,79,0.006789709620831754,0.0014711680720730137,5.159005064955963,0.002418959101436403,0.3691534935293153,0.6285236880076116,5.928571428571429,0.6529771308884453
0.5,0.2,80,0.008026593475180166,0.004675391888315828,5.932861938851211,0.005336967075887669,1.7695194827604344,0.5470511121521902,5.428571428571429,0.5609188950567905
0.5,0.2,81,0.03348938587477674,0.03450314350611047,13.395950776527869,0.03380502636805648,9.79729882264247,0.6592792574258475,6.285714285714286,0.7040114288702501
0.5,0.2,82,0.003082692229628085,0.003151904812617491,3.624198855762266,0.0025436623554233044,0.6607370818488599,0.5849871831729455,6.035714285714286,0.6067668958642408
0.5,0.2,83,0.00493506746484349,0.007195052388182089,-1.7173282783476722,0.0065625516528042965,-1.343417628214297,0.5900114345981595,6.642857142857143,0.5856466685694868
0.5,0.2,84,0.0011448926664109089,0.0005526703282733038,0.9281491836256635,0.0005237624245919567,-1.3615997778975573,0.5571108213628635,5.071428571428571,0.5607404585198394
0.5,0.2,85,0.006066274339702967,0.008705559188151676,6.3254574177510605,0.006754517674932435,5.33667436847109,0.5753852079649288,6.214285714285714,0.5864718118225178
0.5,0.2,86,0.004636166757821382,0.00549881299613533,1.2301899673028203,0.004823702218220118,1.765496574179726,0.6400936582608213,6.714285714285714,0.6584411513560213
0.5,0.2,87,0.01802719325958738,0.014092857217021658,14.408089180896553,0.014741240394745777,7.2553511889132665,0.6768471721962578,7.321428571428571,0.7226151176050923
0.5,0.2,88,0.022599682258149748,0.017446190452015196,2.6691399565852763,0.018823910268197436,0.6125236014718402,0.6932938474661424,7.178571428571429,0.7168959650766504
0.5,0.2,89,0.003959055056581768,0.002739101951079861,5.296952448353551,0.002455538159106371,1.2883315427184812,0.5945243989306203,6.464285714285714,0.5880146743029525
0.5,0.2,90,0.0024787456712250153,0.0010662573954103398,0.5831223842761943,0.0003957707841645712,-4.304157483506192,0.5811770211088298,5.857142857142857,0.6032801413245537
0.5,0.2,91,0.016201756336050324,0.008706663219367979,9.637832026545915,0.008448658345302925,1.4314087581704105,0.6731125022572723,7.071428571428571,0.7029506166171762
0.5,0.2,92,0.007346551171131453,0.00918170564844088,5.382569230610024,0.007941798283046161,8.875455736834757,0.6248908137299802,6.892857142857143,0.6361471355295556
0.5,0.2,93,0.005799922401000368,0.0070904099776268326,5.239798788370855,0.00646715556292718,3.2688383114314283,0.6349511800995039,7.107142857142857,0.6358624216279245
0.5,0.2,94,0.009220713687318598,0.011608985839754973,3.3079933713850096,0.011877147133649488,3.288594241512802,0.6647899678580375,6.178571428571429,0.6855515656169109
0.5,0.2,95,0.005087023731541022,0.006958626344030225,6.795438204832884,0.005547661805303862,7.669490451613115,0.583424906593244,6.785714285714286,0.5960519930473522
0.5,0.2,96,0.0019853489984969527,0.000634643244389787,3.5646505493724945,0.0005008955731692986,0.7638804475067218,0.5680893365854736,7.285714285714286,0.5989028335656688
0.5,0.2,97,0.003124589252904066,0.0016211262875866959,4.0446683979361495,0.001529610410086374,1.5575807844181213,0.5534600631553807,6.75,0.5648856378458182
0.5,0.2,98,0.008815033737105722,0.007794047824817742,-3.4408707563917105,0.007290704516403953,-0.5398589759874236,0.5060632539090217,5.928571428571429,0.5036928693596459
0.5,0.2,99,0.01706078966637517,0.020476889861816137,3.756653927777215,0.019049265019315444,2.0283095915842373,0.6058691610323323,6.285714285714286,0.6312242786787234
0.5,0.2,100,0.009692039150654719,0.010036002583955336,0.5937740826589106,0.008944901068488335,5.246028311358988,0.7091591413364349,6.0,0.7355486785962221
0.5,0.2,101,0.0025296629846017385,0.00035690087077815846,1.5973530109707852,0.00023120589575024945,-3.246928278791368,0.6213749921482641,6.928571428571429,0.6302219360755532
0.5,0.2,102,0.025893186291106967,0.03271642830866284,5.497895086804164,0.03009819011880647,2.9534833109619476,0.6899647426083376,6.642857142857143,0.7451520646176033
0.5,0.2,103,0.0014657231660453068,0.0007980282058962919,-2.858548707300095,0.0007616882150507567,-1.135065219967591,0.5697492152230652,6.0,0.5811852522242444
0.5,0.2,104,0.031075699147293717,0.034548927256497455,3.5453460374065244,0.03748533692599891,8.760456173859183,0.5651379292928407,5.821428571428571,0.6028816162946475
0.5,0.2,105,0.003791411259691908,0.003413293709360194,-2.296042843852973,0.003985458837526453,-0.6517663536653421,0.616349947744281,6.25,0.6328689626396287
0.5,0.2,106,0.003786031502295894,0.0015655091580874584,3.950490766803192,0.0011006835263407374,-2.2321222145471515,0.5904953577850257,5.964285714285714,0.6013604599047847
0.5,0.2,107,0.0017663310964987802,0.0008924252131322333,-0.5813751130350155,0.001056870391880952,0.14889005518414442,0.5688583958092861,6.107142857142857,0.5783055641305064
0.5,0.2,108,0.0054786349979567715,0.003987799968947501,-3.363337193624794,0.0038296837267090245,-4.145428526983541,0.5519116153744713,5.5,0.566975065319566
0.5,0.2,109,0.0018025709604971366,0.0028423076726664647,0.16171002100815457,0.0024740319334165084,-0.7198603717553738,0.5998212469663764,7.178571428571429,0.6115737589076256
0.5,0.2,110,0.0019382318782515835,0.0019959096098556284,0.3571714487926201,0.0022238847032993512,0.7480019436545812,0.5724515243090714,6.75,0.5766955716924838
0.5,0.2,111,0.003850081948514369,0.0009793459091066352,4.019934326359596,0.0007131120305157492,-1.5970078075814815,0.6042716232578563,6.571428571428571,0.6339468943394835
0.5,0.2,112,0.0043532169579952725,0.0014461147332541868,2.9241294902503654,0.001407356603528496,3.191343731034967,0.7067511220482537,6.892857142857143,0.736919793395234
0.5,0.2,113,0.025321887746757817,0.020203491102804734,11.724869835994184,0.023593813321769463,9.534768889997736,0.666464856153292,5.357142857142857,0.694636982759666
0.5,0.2,114,0.01871937153209193,0.020039889254412656,9.722499377960489,0.018119954606635538,7.1058835545488535,0.6073233510685417,6.214285714285714,0.6273463618794257
0.5,0.2,115,0.004873155179895062,0.005478576922858367,0.40132088963959234,0.005701132670076046,2.060464592636739,0.7156404685789034,6.892857142857143,0.728384813741098
0.5,0.2,116,0.023073531931380963,0.016498504492383912,9.082255002755034,0.01789591461743604,10.52044497864974,0.735137659122403,7.821428571428571,0.7617139123080278
0.5,0.2,117,0.01177321503011309,0.012442747310485027,6.239035022604412,0.014314455402143095,9.748828643080495,0.6646105374613057,7.392857142857143,0.688509136129229
0.5,0.2,118,0.005172890453186276,0.007064735171383739,1.1119217574982727,0.005823800862177965,2.267619012161731,0.587024316266861,5.107142857142857,0.608711099734804
0.5,0.2,119,0.002458798670749244,0.0055617466523249694,-1.4431419624164548,0.00514808636696361,1.1045788201075861,0.5606659838832821,5.964285714285714,0.573724070255494
0.5,0.2,120,0.008724679615796257,0.004099362373204122,-1.4776545725693424,0.004435808972213486,-3.4872738442684863,0.7016362825689816,6.857142857142857,0.730289045413361
0.5,0.2,121,0.0031107434024129368,0.003717140867138753,5.432194394855067,0.0032546983064372006,1.7327370128724813,0.6488255986272131,6.857142857142857,0.6701858562882492
0.5,0.2,122,0.016913709777465986,0.011682762736270747,8.743983554009493,0.01213635928794837,-2.6911233803710197,0.762142779848448,7.964285714285714,0.7927709524992131
0.5,0.2,123,0.021210217870889034,0.03020096302120084,5.700118032206046,0.02730647373810937,11.709295462829223,0.6975926975230556,7.642857142857143,0.7399355720382925
0.5,0.2,124,0.0034836034061852335,0.0036650972064713296,4.680420857196978,0.004261420695229406,3.338038393388492,0.6476340066219003,6.107142857142857,0.6755483469698058
0.5,0.2,125,0.006247813831916164,0.009823314810741644,3.989432161896275,0.008763911661745961,5.885142727325861,0.6368250640840288,7.035714285714286,0.6604085499647021
0.5,0.2,126,0.003984323451727466,0.001907226428681198,2.38893793890081,0.0019372851049944408,0.6805859574378322,0.6792349781200743,6.714285714285714,0.7081284144187162
0.5,0.2,127,0.008310842877315388,0.003435959926082051,5.630948578886276,0.0033017063910620393,1.1530844960196684,0.516627668276476,6.071428571428571,0.5124886037366632
0.5,0.2,128,0.004629316293420162,0.0026925731070178037,5.131214331371105,0.001999505555005179,4.133806939539871,0.6878544910315896,7.178571428571429,0.7178800818058095
0.5,0.2,129,0.009024998529109552,0.006142946410582034,6.998231973529833,0.006008737599202502,1.0233002584178525,0.6592947923727746,6.107142857142857,0.6867802832313898
0.5,0.2,130,0.0223097611145831,0.019055266170734785,4.5966877447262995,0.017741817154774877,2.88557191805333,0.69098084946375,7.357142857142857,0.7419910422545012
0.5,0.2,131,0.003132097932666268,0.009240760512619873,-0.8311250075815195,0.006740333838786521,0.08458771405089276,0.560043821640331,5.928571428571429,0.54897833238795
0.5,0.2,132,0.025079586070921506,0.031103737247962837,10.936099480292917,0.03045478319286936,15.56844351570598,0.6912664349166098,7.25,0.7046364395541881
0.5,0.2,133,0.015315950628728245,0.012372231893949608,5.741592313591767,0.013001834941287437,2.1046456844694226,0.6539403562210333,6.964285714285714,0.6774280461328455
0.5,0.2,134,0.005602350285098026,0.004286668076203923,3.8120367000185595,0.0045897105492712365,3.2411378488247826,0.6012008421627402,6.428571428571429,0.6291734252815936
0.5,0.2,135,0.003535183839346504,0.00290535715478225,2.9455997734133774,0.0028606670876946206,-0.18760215025129887,0.719443379679128,7.071428571428571,0.7308636030155996
0.5,0.2,136,0.0028940509912063605,0.0025966473108077716,2.84206930244401,0.0021972528531668677,-0.4286074741830248,0.5698277124848012,6.035714285714286,0.5787789741670415
0.5,0.2,137,0.0013818960144151517,0.005515405340890526,-0.4053475579508685,0.004500968589715152,2.437271397770966,0.5560435115091925,5.678571428571429,0.5546981387143006
0.5,0.2,138,0.006515312578795604,0.0063831541991554944,3.0420467849234214,0.006072151246386536,2.0919103108947845,0.6110033838209633,6.75,0.6466057897999188
0.5,0.2,139,0.001382522082097651,0.0013446340434680576,2.141919038668206,0.0011421120274222665,0.652580040689808,0.5494476484018308,5.785714285714286,0.545471360405237
0.5,0.2,140,0.01702728478608592,0.023155246741045323,4.0510197804838874,0.024466671888044512,15.797691834153682,0.74250064804251,7.25,0.7720948249778221
0.5,0.2,141,0.002992177447970545,0.0029583520945042968,-0.6964788537545417,0.0021687739205210957,1.9441297787832166,0.6144876960921196,6.25,0.6095907999087158
0.5,0.2,142,0.006567844522990435,0.006890189884284604,3.431494616792243,0.005236382708971621,8.921589943659788,0.6154746968414128,5.964285714285714,0.6123624805879229
0.5,0.2,143,0.009758196654281046,0.00276782894273892,2.1953504486361552,0.004069909034633094,0.6688438512524991,0.5980696846956428,7.321428571428571,0.609924096024184
0.5,0.2,144,0.011595889373612424,0.00790673462596083,8.249658700973015,0.008290819745546331,6.3009273615155434,0.6308850842143434,6.821428571428571,0.6562481824103811
0.5,0.2,145,0.02611187771883106,0.02483880620661261,10.918550235147865,0.02549794747817395,5.885722156022183,0.6975591380245969,6.571428571428571,0.7420641368607032
0.5,0.2,146,0.0005923367694233172,0.00026107946065251396,2.424947847552531,0.0003170396240483024,2.4474270981575423,0.6127099711230556,5.571428571428571,0.6223158094253729
0.5,0.2,147,0.030079570547415817,0.01805671856284166,9.658351132167574,0.020635340612488402,1.792819538802945,0.6885232813932326,7.357142857142857,0.7214730433011712
0.5,0.2,148,0.007267818493897462,0.0068420987847994325,-0.18643478884414577,0.007306142376310544,4.914480541606641,0.6685048808830109,7.107142857142857,0.700362733617772
0.5,0.2,149,0.00981791767497668,0.012372825718866273,9.919442377693024,0.009031801684108498,5.288316435985384,0.6455620748453805,6.321428571428571,0.6882178641316514
0.5,0.2,150,0.013279762420449714,0.015402257439408332,2.6952947596856376,0.016583150923171315,7.2966912817629845,0.7172010113291264,6.928571428571429,0.7459842789464788
0.5,0.2,151,0.003251217921069491,0.0014920949885597608,1.844523006452043,0.0018035494727887602,1.2196675937618504,0.6325454896885282,5.785714285714286,0.6399659892316165
0.5,0.2,152,0.01517988732131969,0.017590302875989925,9.135259378349453,0.015786041937176937,9.026372155195455,0.6767063020469707,5.607142857142857,0.6915553716964076
0.5,0.2,153,0.0015618837903991908,0.0021250473176975073,-0.7320060782270872,0.0018212822434218914,3.7995745386274677,0.5831867332883224,6.285714285714286,0.5831294259195193
0.5,0.2,154,0.0020141899944998293,0.004919119560416672,3.1094594562109066,0.004912425492518214,4.808761214280405,0.5967058473695193,7.0,0.6216254088921274
0.5,0.2,155,0.038238989659269196,0.046987631072362014,12.652013138224305,0.045910354150023217,20.48483248739133,0.6982779602386809,6.928571428571429,0.7648198647703517
0.5,0.2,156,0.023662827822346733,0.027308531791755773,4.419965034299118,0.027447723631443374,11.564563493527894,0.6980629844040759,7.178571428571429,0.7586108969070787
0.5,0.2,157,0.004173001243786342,0.003376180930374095,6.592220547581604,0.0036831647243965315,6.312739979682742,0.6018465776046097,6.535714285714286,0.6170844504874594
0.5,0.2,158,0.0020908950086979757,0.0009285058061170268,4.684766440509321,0.0007907594062733599,1.8343610334171103,0.6238490735573369,6.214285714285714,0.649989948360074
0.5,0.2,159,0.00048137292975742175,0.0001320040329966883,0.4897105357034164,0.00013269234361518945,-0.46002875542417127,0.600959947774656,6.5,0.6178190980514855
0.5,0.2,160,0.0012583061615062598,0.0014336117199830675,0.6901342317269723,0.0013649647069083224,2.006083590845776,0.557021134080317,5.964285714285714,0.5770469428055226
0.5,0.2,161,0.01150312233864194,0.012940382445480559,8.762445366719525,0.010587175456467722,3.247462464147939,0.6707513213341744,6.785714285714286,0.6882879613259023
0.5,0.2,162,0.009618080161176119,0.0027471514415910157,2.6379537761073806,0.004080777929473299,0.7031735882024748,0.7349508259537657,7.928571428571429,0.7582474757956595
0.5,0.2,163,0.002637533647719472,0.0025776944856652976,1.7075170172494225,0.002060229124036911,1.4440243345635697,0.5989608992629902,6.178571428571429,0.6120906012421627
0.5,0.2,164,0.00520361326077767,0.004397802516343044,5.45555017946387,0.003556324934720191,-0.925584087647195,0.600641238430628,5.785714285714286,0.6134420920454816
0.5,0.2,165,0.0015229299867698142,0.002250619079272538,-1.2304857862381127,0.001863780354434144,-0.6048801606467956,0.6037259175581291,5.892857142857143,0.6170875686005628
0.5,0.2,166,0.0041473149964813515,0.0008714477383958904,1.3551320108811424,0.0006759212567072222,-0.14005192897396532,0.5979637258705306,5.892857142857143,0.5994525770226617
0.5,0.2,167,0.012800728533609494,0.0066535476071704226,10.782406640440286,0.007031825986314572,0.5318656740057577,0.7078735440331302,6.25,0.7422845170481098
0.5,0.2,168,0.008542418940801901,0.0026442734939780303,4.83495150968038,0.0037416967386633593,4.3436146842121275,0.7128694253310546,6.321428571428571,0.7520713989964132
0.5,0.2,169,0.01786474675254416,0.01473672535300272,6.859076797868706,0.01460433360970462,0.040715932112306064,0.7393263229672761,7.285714285714286,0.7745358448500548
0.5,0.2,170,0.0035301061275489374,0.00458851720163333,8.376912818419228,0.004235913335077912,6.132316936595032,0.5956733246072995,6.535714285714286,0.6138780243741997
0.5,0.2,171,0.0011195687583473034,0.002963334396272498,1.355031666322624,0.002203858042827514,1.1542905875985146,0.597943761974588,6.642857142857143,0.6299414869479734
0.5,0.2,172,0.0018476534047020966,0.004735294129141219,-0.6977434926012052,0.0039275486089178765,1.1514808148856162,0.5487653740847757,5.642857142857143,0.5550770598653727
0.5,0.2,173,0.00301895483068185,0.0034471272560459955,1.2379609924012627,0.004275509035521019,1.6978275471679563,0.5771107752844689,6.928571428571429,0.610405281226619
0.5,0.2,174,0.007448729394567312,0.006707039145576659,-0.5719375456897069,0.006365846241544991,-0.4975347200977846,0.6955515684501671,6.071428571428571,0.7268707485439381
0.5,0.2,175,0.0036280096438729985,0.0024088736502876143,5.117558277188159,0.002378439977699542,2.4591933659528613,0.5903260623050651,5.821428571428571,0.5867594728439531
0.5,0.2,176,0.003969596975602653,0.006578192384652517,2.7390309327687703,0.003973558122523951,1.9556141102627578,0.5479701605614954,5.928571428571429,0.5655798806990816
0.5,0.2,177,0.0023367250785330685,0.003993990182013166,3.950839532418975,0.004480503336528137,2.281142033225431,0.5741337550403512,6.714285714285714,0.5852761864406528
0.5,0.2,178,0.009952044210841431,0.012395315382208614,-3.015026969915631,0.011610611407180324,3.0471262743939938,0.6252293833323362,6.5,0.6531646099533963
0.5,0.2,179,0.003656393098093344,0.0019290028403240096,0.8090315511583768,0.0020471237632654813,1.0532709041510202,0.6028478474905329,6.928571428571429,0.6137857483431968
0.5,0.2,180,0.0067595122504501065,0.00786691648184149,5.333783527876392,0.008488102249865728,3.2464158086161774,0.6253029820278071,6.535714285714286,0.6369282329203934
0.5,0.2,181,0.001675395244459787,0.0027555034826989996,2.9737779146489345,0.001935485625818436,0.6787960444053738,0.5695034690511916,6.642857142857143,0.574832418645751
0.5,0.2,182,0.02073548759347848,0.026036710035661725,3.0233240716666785,0.02331746014417026,4.9021074431413085,0.6673613974475033,6.178571428571429,0.6985731076897039
0.5,0.2,183,0.0008162727447869967,0.0008034471161257922,-1.9198793282642939,0.00048473532294837174,-0.47269462876770757,0.5602789600923069,6.642857142857143,0.5847255578418757
0.5,0.2,184,0.0009208534505998474,0.0004921606002785853,0.966693539814031,0.0005018730732098891,-2.9039335655431935,0.6008358234492269,6.714285714285714,0.6210598535841712
0.5,0.2,185,0.0012429302168549857,0.0017316658457992454,3.4903480759679084,0.0013338672210786173,-0.5426053172845684,0.5981117233695022,6.642857142857143,0.6070330921974093
0.5,0.2,186,0.0033465908802970904,0.00271728597521069,1.355167601181769,0.0020150313292759997,0.6536934351793869,0.563010475136353,5.142857142857143,0.5879930687966746
0.5,0.2,187,0.003976093841965377,0.002890903483482008,5.208910495527739,0.0029128673349149764,2.439947474567513,0.6379707221246627,6.642857142857143,0.645676139465776
0.5,0.2,188,0.003731291124801522,0.005988379115843566,0.03656771604457987,0.005027879641241466,-3.9869364979899538,0.577246178121918,6.321428571428571,0.5864521677099663
0.5,0.2,189,0.0014973211193270819,0.0014177680153156151,-4.362905047974017,0.0013521892575839554,0.7318173047483848,0.5668992840516918,5.607142857142857,0.5737326702126017
0.5,0.2,190,0.0012510195089975857,0.00032568880246935234,-0.8609014085095197,0.00021168696925176104,-1.0692844555853374,0.6191438905939187,6.214285714285714,0.6269727716959177
0.5,0.2,191,0.006011119222017155,0.003880254617035271,6.036810085026367,0.004172453266412905,2.992610665619973,0.5935820818466079,5.535714285714286,0.6177392341223203
0.5,0.2,192,0.0009417185569235285,0.0014016052426996661,4.5061579219919,0.0010617099652157293,2.462160361567309,0.5595578615849816,5.964285714285714,0.553972081048953
0.5,0.2,193,0.011383726816781318,0.004039327484212148,6.883385712043726,0.005239347673609132,1.4387718452880733,0.7275496990276954,7.571428571428571,0.751899389795827
0.5,0.2,194,0.004047049694671201,0.005814250169588631,3.973915319507526,0.004496010348287169,1.821570464733469,0.6174077274287196,5.571428571428571,0.6294171209082704
0.5,0.2,195,0.0021339450133208487,0.0025629296066975397,2.6015066856053863,0.0031745929703737054,2.4608236166162762,0.5757219625381321,6.25,0.5943882885965157
0.5,0.2,196,0.027148459945650658,0.027406454482551273,0.5129879381647555,0.026753783236505544,6.999907710443874,0.6710160999314515,6.142857142857143,0.6971889471078044
0.5,0.2,197,0.0015394159299876838,0.0018206253900155743,1.1709967683622864,0.001952799169155175,-0.10280920515311702,0.6058624043673636,5.821428571428571,0.6107068631142967
0.5,0.2,198,0.00181482932715586,0.0012051701254842007,0.606688753162544,0.0015320723958460872,2.6459414740021336,0.5505452361031924,5.535714285714286,0.5678900202884052
0.5,0.2,199,0.04181553457655761,0.038753926191690956,10.331211115509813,0.03791260919371527,9.106021308492538,0.6607621278045663,6.321428571428571,0.7085161065201953
0.5,0.2,200,0.002649583260610679,0.003367027641369731,-1.0866604383227312,0.0034004933084411906,0.5835525758245789,0.5583611015048564,5.5,0.5529474389078788
0.5,0.2,201,0.015712405863539905,0.017274756336256095,13.337055852152293,0.017161004027747246,8.322335733753391,0.6955928183217751,8.0,0.7344256750743787
0.5,0.2,202,0.0025508832582053164,0.0006743371178697941,1.2945012585332165,0.0009505491781121454,-2.9601410517603974,0.5085917770612665,6.071428571428571,0.5388812987701492
0.5,0.2,203,0.003784997377420137,0.002071806953055741,6.3880998254788395,0.0021369579857008587,1.7456913351939154,0.5939523042074407,6.821428571428571,0.5930968868502285
0.5,0.2,204,0.001208202918497964,0.0019373597197062103,-2.8978941729851115,0.0014319807428258395,0.2107752951317726,0.557546433681324,6.071428571428571,0.5547093337461849
0.5,0.2,205,0.006351322328868897,0.0063641694535079086,6.276359352989715,0.006835826733406098,0.48414356853319873,0.6215826294735515,7.071428571428571,0.6214372458539796
0.5,0.2,206,0.022207580208906907,0.022335780852629567,4.896735471901263,0.025129100091271922,10.522343435786647,0.6892124331293082,6.535714285714286,0.7211114930576142
0.5,0.2,207,0.00624599315379827,0.009704344790267234,9.506297889860704,0.008703208060065424,6.55692076955386,0.6600292657511668,6.714285714285714,0.6927711642291513
0.5,0.2,208,0.013338612037505394,0.021488645195305744,5.8039235081873315,0.018824248062442137,4.539777657299415,0.5957198096383299,6.285714285714286,0.6475453778622752
0.5,0.2,209,0.01001043717539745,0.001086812613841025,2.7729666192211084,0.0023178647280842355,-2.736323747531003,0.5128630003112284,5.607142857142857,0.547256802026689
0.5,0.2,210,0.028748033971288292,0.028799086799082323,4.574293174645433,0.027840504094734052,6.435281389990753,0.6412451161528848,4.821428571428571,0.6835790573261121
0.5,0.2,211,0.004370785066995777,0.002418125671165487,5.626268722179454,0.00201185756420362,0.1642809654875824,0.5770221110723537,6.321428571428571,0.5800065350621433
0.5,0.2,212,0.0030746053439079956,0.00784169114934414,1.5938673612372938,0.006702279702831112,3.3414493692015506,0.5552240992973251,6.321428571428571,0.5646573517329299
0.5,0.2,213,0.013129617481728847,0.012944788116639572,9.255112119583323,0.012070749788641495,1.9418291638413525,0.65081673008858,7.25,0.6850955767800374
0.5,0.2,214,0.0027664353904914857,0.005668626229916694,0.6439200000837317,0.004900014896211861,-0.06044168504725652,0.5315960029719292,5.392857142857143,0.5334938631837651
0.5,0.2,215,0.003681886789748046,0.00426750117380482,-2.38966996262819,0.004053372665324732,-1.7781704954086877,0.591000054269941,5.785714285714286,0.6071359396376756
0.5,0.2,216,0.004765628363352021,0.0046672401244627305,6.139107900143344,0.004726409306322324,3.5036754718376812,0.5674230549015149,5.785714285714286,0.5965843555384008
0.5,0.2,217,0.005440394357892555,0.006217253868754126,-0.24069097438802345,0.005539685002324872,-1.9282545798055064,0.5933576722351124,6.357142857142857,0.6022948477591588
0.5,0.2,218,0.016258407005885007,0.010352569962656304,5.450052792113063,0.011082952593657684,-1.125146718814771,0.7237441851891908,7.0,0.742525496898858
0.5,0.2,219,0.005826864811279626,0.004333291410580798,6.426607216669481,0.0041113828687083095,4.051731027490395,0.5811999863429003,6.892857142857143,0.5920080719298
0.5,0.2,220,0.013223021566992297,0.011812471876730849,9.109340115249672,0.011658359456959262,5.223764295526725,0.6219792815148517,6.0,0.6575518453820652
0.5,0.2,221,0.0028746600995795853,0.001850630209828928,0.6610484785029982,0.0008111603118452981,1.1573067144043232,0.5820073334574455,5.785714285714286,0.5860996298191211
0.5,0.2,222,0.00741274015674882,0.00786496612655662,-0.4313307198760157,0.0073293907264074375,-1.5873040043042959,0.6758376876659077,7.285714285714286,0.6900773458516656
0.5,0.2,223,0.00662453344843919,0.009449697704082393,-1.4359546085844954,0.009690385959976134,5.365848983308543,0.5995043238479261,6.321428571428571,0.5969898711767161
0.5,0.2,224,0.010381017735089945,0.010162757630501914,6.703150788287857,0.008278896551099181,4.338636162513031,0.6737175990889117,6.107142857142857,0.7066470793507129
0.5,0.2,225,0.006225169848582112,0.007171417637169831,5.710710038165466,0.00788259221303788,6.705579554494752,0.5607583114741098,5.892857142857143,0.5541723041439104
0.5,0.2,226,0.005690280150656546,0.00413393790128669,3.312567311422555,0.004588685805290525,0.1171547062125929,0.5903165308759365,6.464285714285714,0.6059153894678417
0.5,0.2,227,0.01586628344999469,0.018350992683787253,4.857026779032786,0.016732915995789795,1.8828676800632138,0.5722312384668207,5.928571428571429,0.5856430173596271
0.5,0.2,228,0.014093036098847374,0.013714810112411251,11.669298798399808,0.01313429548429927,6.795509288176798,0.6601540422865531,6.821428571428571,0.6758549278968784
0.5,0.2,229,0.003358682739123573,0.004999165691072979,2.330296899070035,0.004619629650710146,3.797631726223576,0.6228537068586834,7.642857142857143,0.6412093619776815
0.5,0.2,230,0.0037633360038064703,0.003212088126998221,4.044127277026341,0.0029143567465017674,3.3613498471695493,0.553109304308012,5.464285714285714,0.5787166521386905
0.5,0.2,231,0.0020836102679672964,0.003030937596599182,0.8248563322370401,0.0029070783682206185,1.5971123081009277,0.5909396834084631,6.321428571428571,0.5895823408702032
0.5,0.2,232,0.034487942153333236,0.03682488621825424,15.414772421986441,0.03479739850589397,11.789367387633561,0.7194452778326709,8.035714285714286,0.8004906361026672
0.5,0.2,233,0.0065419768998668856,0.007003697074842793,-2.8514381700644265,0.005696929948151485,1.1991080850947735,0.629937102442719,5.892857142857143,0.631675188008767
0.5,0.2,234,0.014122007673081893,0.012576622597170272,10.72167077215014,0.012483052240969556,9.412398023215095,0.5698111144123661,7.107142857142857,0.5743533859472004
0.5,0.2,235,0.006142032773685954,0.001788765114513182,0.5405949755996602,0.0019326915460328967,0.2544162286914968,0.6305721277667071,6.821428571428571,0.6621076097947598
0.5,0.2,236,0.007206983163000051,0.008764692911710613,8.864764036378418,0.007562243201241845,3.8817809781748167,0.656287446657921,6.071428571428571,0.694530463992681
0.5,0.2,237,0.009560608424504725,0.010481336596246041,9.414354680391277,0.009399382887061925,1.0533494701775794,0.5950787402055389,7.392857142857143,0.5996564714443378
0.5,0.2,238,0.004943053075775204,0.010426509331538644,-0.35970839428133417,0.007648267042883423,2.8271437359764966,0.5584757871870252,5.607142857142857,0.5681100786060722
0.5,0.2,239,0.014401077617579413,0.0034007271873516065,4.486242535581155,0.005066208819046617,-0.4994898029498529,0.5220450850498407,6.321428571428571,0.5243602259306299
0.5,0.2,240,0.0049863007626393474,0.002607242826674324,2.2178180730708448,0.003137480738198009,-3.243869846153094,0.6179578960572097,7.642857142857143,0.6121215610877508
0.5,0.2,241,0.03436693631883605,0.02861971625371403,15.480203640857109,0.03329376927745479,5.427327785771506,0.6285467096985855,6.0,0.6762111471728715
0.5,0.2,242,0.005652108128483294,0.006282612049435394,5.677832361209205,0.006388023566235617,3.556269233950701,0.5929998718610581,5.607142857142857,0.62375790656042
0.5,0.2,243,0.0035766264754379887,0.0045647333238954075,4.088947057442304,0.00419974531038743,-0.12800419122214635,0.589080629623589,5.714285714285714,0.6023015466731164
0.5,0.2,244,0.0084323822720918,0.004818084417012054,2.501360771571157,0.005904506694439277,0.37784558429210807,0.6376333029042831,7.392857142857143,0.6778961553771048
0.5,0.2,245,0.002133594196076324,0.006074601580760325,1.5120209849712865,0.0038631235375843464,2.2170440729199377,0.6206822028442296,7.142857142857143,0.6210195293408434
0.5,0.2,246,0.025092202360662303,0.02953554590742736,12.010174614673783,0.02895587695163661,13.392784182246714,0.6572207420582037,5.428571428571429,0.6861292212153942
0.5,0.2,247,0.0033750607956684405,0.004577543824826119,1.251624390994543,0.00494570995284011,3.6027062329357875,0.5885714791880395,6.642857142857143,0.6034935107866923
0.5,0.2,248,0.019368318119574096,0.02181700135835799,0.018344230910802395,0.02351917042746599,3.561230085118941,0.6427026337917761,7.357142857142857,0.6980386128116297
0.5,0.2,249,0.03993518316751637,0.04199125230553269,11.153377559947526,0.041994714091857836,13.38742142272082,0.6727633415961088,6.75,0.7138461889423351
0.5,0.2,250,0.001955125515480256,0.0037287172051729362,1.5138825411638663,0.003153507836441852,0.8867213092179327,0.5894072655910544,6.25,0.6132281090191518
0.5,0.2,251,0.02966478291084162,0.03738351989518241,7.7051148133447285,0.03449071286250377,6.2926145101000275,0.6858449892162108,5.821428571428571,0.7296773319730447
0.5,0.2,252,0.009109068509147188,0.005637519351006726,6.2456565643184305,0.0052905755299739385,-1.4615019598999386,0.6302127867795887,7.071428571428571,0.6432166120835101
0.5,0.2,253,0.0009680770701182854,0.002882046077789676,-2.4514477961608634,0.0016658493189802407,-0.012259081360904625,0.5649292546267237,5.821428571428571,0.5584412423848071
0.5,0.2,254,0.0006001799029687751,0.0004468979108921466,0.25085848461819893,0.0006291845244114136,1.0804655796211005,0.5886429900267162,5.857142857142857,0.6142896857128575
0.5,0.2,255,0.001385942786357909,0.0010494256420609136,-1.1971148158915028,0.0010027256328715652,0.5384579730708481,0.5743932364110681,6.892857142857143,0.5837675930290679
0.5,0.2,256,0.013727901393787082,0.01588426454574166,5.3575683058377805,0.0147663324171158,4.6956347320645095,0.6597693075690463,6.607142857142857,0.7003446485617721
0.5,0.2,257,0.005142322862549576,0.0037136465100709444,0.6781098493398261,0.004080362381393458,3.7648486955671765,0.6278101430959423,7.535714285714286,0.6403989744405301
0.5,0.2,258,0.011726064532159065,0.011776363876247916,11.363005719331973,0.011324669777611254,0.49204153624173347,0.5987969828830932,6.0,0.5917481520565558
0.5,0.2,259,0.009348221508878752,0.010334495575712435,10.836781628273052,0.009359768898149516,6.166974167205751,0.6472099059430959,8.071428571428571,0.6655248505290994
0.5,0.2,260,0.0011603699935345086,0.0014976724298234655,1.6948980237502695,0.00089536544127654,1.3077024894744322,0.5376474465681144,5.571428571428571,0.5567512552580376
0.5,0.2,261,0.0016556197125064008,0.0004980160465099816,-1.1209331622452083,0.0007396580789677157,-0.5645174623686557,0.6107134805173869,7.035714285714286,0.6143940620343875
0.5,0.2,262,0.0012379470269268857,0.00111777457795039,-0.9206637481979527,0.0007577570197343727,-2.0783771598845058,0.5711857308161005,5.607142857142857,0.5645414082176292
0.5,0.2,263,0.0016423764009995746,0.0049844446754946335,0.906936006325104,0.0024554033224496482,4.03357108276892,0.5737703407405338,6.178571428571429,0.5935228713923035
0.5,0.2,264,0.014508961261389433,0.007751224425828334,8.670826161880463,0.009349412251731113,2.384400188365722,0.6541611745038288,7.607142857142857,0.6641641864381986
0.5,0.2,265,0.00937526743021825,0.007525807843793695,-0.015444792178257671,0.007441813183171713,-0.06742184598610379,0.5757462051965253,6.857142857142857,0.5968413785839876
0.5,0.2,266,0.0009490618129751062,0.0028660788265668902,3.1046426610055704,0.002699086768144078,0.6495480993975017,0.5851563263347458,5.821428571428571,0.6064915463603495
0.5,0.2,267,0.0038255792449436417,0.0009324749226664926,1.804428758314117,0.0011230060443138587,-1.8603337112684433,0.6074035844382563,6.464285714285714,0.622176329185356
0.5,0.2,268,0.003460078987683345,0.004465798324042195,0.08006052302881272,0.003916099199914598,-0.3093161379011349,0.6625150957535861,6.714285714285714,0.6666392339769761
0.5,0.2,269,0.0018059513826743027,0.003119399385611424,-0.13018680493456714,0.0024078295069565603,3.302330810529431,0.5797027031129602,6.571428571428571,0.5717017325056164
0.5,0.2,270,0.0019305243511402305,0.002031649044536904,-2.4015803430802265,0.001509681578119544,1.3848238211305102,0.620602525747049,6.142857142857143,0.6267395871279282
0.5,0.2,271,0.011735307138305829,0.010185669127618039,4.287195586397345,0.010807543396489233,6.189613187080956,0.6282054297102081,6.071428571428571,0.6457065662146078
0.5,0.2,272,0.0019084675333324705,0.003715556988116955,4.117379606942144,0.0028751693014384236,2.307908398787532,0.5956108932464239,6.714285714285714,0.5988001772355604
0.5,0.2,273,0.010137952736346302,0.004281187773540101,7.463942305770459,0.004996255687472272,1.5812175493739364,0.6426289423053398,7.035714285714286,0.6566620264282115
0.5,0.2,274,0.0018057578292864271,0.003294079690969942,2.11901420369324,0.0021239981010537875,3.827539879415563,0.6033437793456622,6.428571428571429,0.633896270264485
0.5,0.2,275,0.006016315648604129,0.006811048773700281,1.1241471715071825,0.0068410322475116955,2.092426261673315,0.6862270066475956,7.821428571428571,0.7178875552188284
0.5,0.2,276,0.002733423346744493,0.004563541568636781,6.533415597111038,0.0034118336722998707,3.2856047827500277,0.530516667571422,6.428571428571429,0.5380532989231782
0.5,0.2,277,0.01267325565082893,0.01638952024495932,7.548098675419631,0.018940691356523938,14.469214732134484,0.5937359295045201,6.035714285714286,0.6101531164024161
0.5,0.2,278,0.002572710880991113,0.003045227403022527,2.1182589339183124,0.0029378121114394364,0.6745249415706288,0.6014957793467622,6.25,0.611926105688313
0.5,0.2,279,0.0008102296797196782,0.0024781502019231606,1.7243938262883134,0.001599491323299643,0.33521888225002766,0.5686358109211408,5.464285714285714,0.5699625395423891
0.5,0.2,280,0.0027114816285391218,0.0010685896935582553,2.6195681079216797,0.0008512711034560058,-0.11641288476920408,0.5657713248654502,5.607142857142857,0.570738527251109
0.5,0.2,281,0.01615951633603096,0.009058853844504491,4.10372676392565,0.01030220655099187,5.485815172150391,0.6002653672081293,6.285714285714286,0.6296803298879172
0.5,0.2,282,0.011701215919789103,0.011016090555219613,4.772987388054219,0.011891591270793119,2.3889532046325144,0.703455441833212,7.071428571428571,0.7356809368839541
0.5,0.2,283,0.002546678176639739,0.0013005370095227303,5.310031807336308,0.0010836026903811005,1.610877568555793,0.5645174998365806,5.964285714285714,0.5662355193004387
0.5,0.2,284,0.0028196544326828075,0.0044055165747377955,1.356162338382319,0.0038118785499422765,2.7426328826780852,0.6048600525309149,6.571428571428571,0.6182259715777655
0.5,0.2,285,0.013025384407068059,0.013553845742838948,3.564656623622092,0.013449340857927242,0.13465731699191488,0.617591904048527,5.571428571428571,0.6401725089033572
0.5,0.2,286,0.0012613522047216937,0.0011965130768827631,-0.16203860390223923,0.000983598778086669,-0.07496115878969552,0.5777480561878624,6.321428571428571,0.5758558336584427
0.5,0.2,287,0.035353052551456,0.03124071189618792,14.201377660786918,0.03289325386905578,7.423086532963396,0.6868682094903127,6.178571428571429,0.7435793688356696
0.5,0.2,288,0.0034948431442991088,0.002032867209465396,4.625110689676113,0.0013180571323566609,0.8256919702655523,0.6138164339304394,7.285714285714286,0.6262700596451283
0.5,0.2,289,0.003796898395177607,0.003512966831476097,-2.8810213387103474,0.0035438268879316704,3.527644742114622,0.5739788112124186,5.035714285714286,0.5688948875573461
0.5,0.2,290,0.006148872133588575,0.0071388243814405694,7.175356055024395,0.0057793899182148846,3.106422115046333,0.5531499617006169,5.5,0.5826177837929643
0.5,0.2,291,0.008441487499890548,0.010665572680946873,1.71682502451187,0.010494337850289854,1.4154939679527843,0.5699172875843479,6.321428571428571,0.5655135352989842
0.5,0.2,292,0.004627645552657647,0.0023278620985577475,0.6472575540458649,0.0020640068683805838,-0.2190028747852466,0.5595044530831296,5.928571428571429,0.5726697859230782
0.5,0.2,293,0.0016638816523301314,0.0016587438787203986,2.3372923648428383,0.001904008245185036,-3.2895924976412707,0.5745485535348915,6.892857142857143,0.5630313261584982
0.5,0.2,294,0.002668627519812333,0.0013992540293257048,1.268962831540648,0.0013825590753526933,3.2468586590439847,0.5913485772606173,7.071428571428571,0.6041407103658114
0.5,0.2,295,0.0029531495898964762,0.00042235290499931894,-0.9987478732449233,0.0005836908116165012,-3.7712638182237677,0.5717749622637072,6.464285714285714,0.5992786366036372
0.5,0.2,296,0.007658478462728408,0.007683884789320656,-0.5417236828964818,0.008513085873054788,1.9795078262349932,0.5752752490514013,6.857142857142857,0.5584880945487934
0.5,0.2,297,0.006226528124259207,0.00391888933093584,-4.630074501150126,0.005118245425355837,-2.5103587250511907,0.5900796902516232,5.535714285714286,0.5999400185681624
0.5,0.2,298,0.0009957556924136842,0.0009064884412578647,-1.3065988938797162,0.0008395291704976192,-0.7772334844230026,0.5340945532632516,5.785714285714286,0.5303960982829452
0.5,0.2,299,0.001126807272855921,0.00046136426030864706,0.41615136028971733,0.00045914590654231,0.4517383036730962,0.6123947443652067,6.071428571428571,0.6219296964973045
0.5,0.3,0,0.0016794882123649978,0.0012021775114156156,-3.5732502735406584,0.0008566148814447296,-2.7971073686279055,0.5809962858461477,5.678571428571429,0.5623790470725494
0.5,0.3,1,0.00848765906467424,0.012055171657826332,6.703650575288357,0.011367127745870058,5.501541433203471,0.6088949895642752,5.75,0.6362413729542846
0.5,0.3,2,0.020521844227114963,0.017123722749124447,6.531214640799604,0.016914537446688593,5.622962704867717,0.6505207535667695,6.25,0.691658661707566
0.5,0.3,3,0.026708295501777297,0.02418728551404628,16.948459706697133,0.024805170391341006,12.447830441911767,0.7128243129628118,7.642857142857143,0.7716500211144035
0.5,0.3,4,0.006991260795472575,0.008128530167497603,5.608562070851498,0.007631897139678366,5.306672383439036,0.6784607815468681,8.321428571428571,0.7059870955078698
0.5,0.3,5,0.024443533988601197,0.022490113539820993,17.43419338136895,0.02312967374171269,11.025715280800659,0.7453523131551263,6.678571428571429,0.7932431354073657
0.5,0.3,6,0.0015497545069918259,0.0009570068340286911,0.7162743198465904,0.0005886073967283804,-1.878467493786265,0.5463967717003417,7.0,0.5455306749632078
0.5,0.3,7,0.005216141709017023,0.003247058641205378,5.965334351322916,0.0038225950621183554,3.1358824353422015,0.6684846441982529,5.535714285714286,0.6867778792667713
0.5,0.3,8,0.021131422256667743,0.021053516203294872,20.404774471208995,0.019783939482837385,10.095807384021802,0.6628399565858103,7.071428571428571,0.7039775118464283
0.5,0.3,9,0.001528467094367831,0.004784962476654137,2.8649833133223126,0.0034091104728130213,1.4264496438455296,0.47890018124007544,6.0,0.47223854132536647
0.5,0.3,10,0.013871086211851815,0.017122765072624186,1.3463141178431144,0.016157341925895574,4.406609804563819,0.6561461762437716,6.357142857142857,0.6933445651120128
0.5,0.3,11,0.007930555996133456,0.009779759524965166,4.986470832492614,0.008482027762153703,3.7640994008072064,0.5918183748571535,6.892857142857143,0.6251870786137317
0.5,0.3,12,0.02740196868036327,0.030098746872949757,17.840468896348604,0.030553844304994207,16.64061001380475,0.7163515141083785,6.821428571428571,0.7626348419839103
0.5,0.3,13,0.004546872970757473,0.002329956596303017,0.7135578297901617,0.002314155591044685,-1.8170535644154218,0.5921805753207442,6.642857142857143,0.5877788745433279
0.5,0.3,14,0.002911042975882226,0.003864225663166044,2.180767993571699,0.0024233022439847274,-1.0991196801738095,0.6019294602601404,6.107142857142857,0.6046185863449851
0.5,0.3,15,0.0418874078564845,0.04112288722548205,14.48191125687286,0.03868910021305792,15.061138378395242,0.6664970911334659,6.857142857142857,0.7175444320178697
0.5,0.3,16,0.018412753427530713,0.014537130200856622,4.32593041533854,0.01626451629299762,-0.47496932189609237,0.6106240910291376,6.607142857142857,0.6541860333970734
0.5,0.3,17,0.003379912317913258,0.004797274042465664,3.116127182578083,0.0034221920208836235,0.3939745824628839,0.5672452188125605,5.571428571428571,0.5784072146176782
0.5,0.3,18,0.001019967582694356,0.0009495144457334669,-3.0004872588961575,0.0007852903880426701,-0.9333367797098617,0.5893965075630524,6.678571428571429,0.6115040137584026
0.5,0.3,19,0.01400114046735182,0.018138232463692693,4.624147767055227,0.017900073426938726,9.497259374523281,0.6643558172126208,6.535714285714286,0.6946970919335567
0.5,0.3,20,0.005815534034825377,0.004897768158108038,1.4768604825963507,0.006478238893312572,7.257922229135166,0.6757984466281833,6.75,0.7043821423429595
0.5,0.3,21,0.0005537833122520595,0.0014737477146081796,-2.8381146700120894,0.0013919102081695325,1.2016582728062037,0.5661661521891427,5.892857142857143,0.5853459919404522
0.5,0.3,22,0.018275697149713874,0.02195696818658935,3.7369291346813327,0.021534629878430075,4.905026246911973,0.6258577973196624,6.0,0.6616479898648852
0.5,0.3,23,0.008559587819722997,0.004230732442784045,10.550384190473935,0.00403140832558174,2.7555786200360806,0.6140663677925823,7.857142857142857,0.6299190868257755
0.5,0.3,24,0.011461275113406154,0.005722300299322545,0.9284066318822539,0.006677409766775406,-4.469912436832317,0.5865774014992245,6.285714285714286,0.5959167876398157
0.5,0.3,25,0.003220776998368092,0.006440337786324584,-0.4061437174006599,0.0048295199624251595,7.030216076008259,0.6825052491742692,6.892857142857143,0.7074105040811549
0.5,0.3,26,0.0022194615939674918,0.00048035699666502555,1.2919607819437289,0.0003451774331349079,-2.536939939886063,0.589497422799459,7.0,0.5783368961379811
0.5,0.3,27,0.03791290662017666,0.027766731670483834,17.197032525488666,0.03078357187884914,9.636034524287382,0.7320548869493081,7.321428571428571,0.7743505082305587
0.5,0.3,28,0.006978879009642447,0.005332988077796038,8.876116997641333,0.0064880289539744765,-1.3613691141294169,0.7013772018286935,5.821428571428571,0.7281707804226212
0.5,0.3,29,0.005871044390420313,0.004698971091155799,-2.6251962299623273,0.00589809105032223,2.622703868424594,0.6689213381710389,6.464285714285714,0.6746983895715291
0.5,0.3,30,0.011825956736142269,0.009355584568741112,12.41411172238113,0.01013737078374117,4.565058287395051,0.7089872723626247,7.035714285714286,0.7345771751374879
0.5,0.3,31,0.006360254485060818,0.004977991240006365,-1.2718611867780893,0.005163123539129178,-1.3397517718759673,0.7091735324293676,6.714285714285714,0.7244843258263034
0.5,0.3,32,0.007019324925839532,0.0002762162908520103,1.6933112898568936,0.00022322977518569883,-0.26675519338634973,0.5534964471230748,5.75,0.553387394608343
0.5,0.3,33,0.009870538808699439,0.011052288302659006,7.313553026282399,0.010173925502779829,3.864207115429006,0.7077783298484654,7.928571428571429,0.7554982656476559
0.5,0.3,34,0.002081254308844799,0.00106932870136793,-1.8510735351473073,0.0013084306039093127,-4.083522665439564,0.5938649742517759,6.785714285714286,0.5942814781350794
0.5,0.3,35,0.01085730011056897,0.012503399008104935,4.080160193473233,0.009784203316490608,1.7557315762146573,0.640773425491367,6.821428571428571,0.661708762895114
0.5,0.3,36,0.0022098650709574627,0.0022673252954897114,-0.30936199279923926,0.0016826290304368095,0.36853056406746987,0.560457889325984,6.035714285714286,0.5547153486869458
0.5,0.3,37,0.0017659510399982306,0.0033249420808588387,2.803986869058946,0.002536910302834324,0.46204512471878917,0.5876962172439482,6.392857142857143,0.5979627828155618
0.5,0.3,38,0.009319752252545938,0.0037438106323639665,0.46557339553847754,0.004806171750246399,-4.037537494371615,0.642756646126303,7.285714285714286,0.6558622706508999
0.5,0.3,39,0.003851883911434126,0.0017945956244202312,-2.0255539376396,0.001645678388494086,-4.134318667005914,0.6083127927374977,7.071428571428571,0.6164657665555926
0.5,0.3,40,0.003873526842477908,0.003376420296470202,3.454487476773757,0.0028468622650565933,-1.1681977688540144,0.5502783068659225,5.607142857142857,0.5585934565964012
0.5,0.3,41,0.01015108752482622,0.010173964231129522,3.280220678616125,0.009543906233690697,0.11530560583093082,0.698682816664573,6.642857142857143,0.7298221934727724
0.5,0.3,42,0.003905841804601725,0.00454411906972491,0.6469307304497676,0.004405492373589743,0.8726604259371129,0.5571045052874489,5.607142857142857,0.5749506253076591
0.5,0.3,43,0.009130307770681658,0.0012820787692249393,-0.053786172176131686,0.0013452868766996437,-0.2248866560114872,0.5595820210866329,6.892857142857143,0.5618376722287887
0.5,0.3,44,0.0016463484561762623,0.0005616943729754053,0.8927949562010227,0.0004773480419094973,-0.26191499041307037,0.5691398142648828,5.75,0.5695953766952457
0.5,0.3,45,0.02101553703714715,0.028275230223072715,3.690693612169696,0.025604522445202015,10.45113685265261,0.7121599147762583,7.321428571428571,0.7526825893984024
0.5,0.3,46,0.007100806857644965,0.010681020336132935,4.920314746738406,0.010032527420869516,-0.5644243633089635,0.600651020555003,6.392857142857143,0.6132423718719926
0.5,0.3,47,0.021935382430747972,0.024212898549012346,8.19640872957968,0.023779769815872206,11.154601843790223,0.6078477746037212,6.142857142857143,0.6260921059127869
0.5,0.3,48,0.007518522700025921,0.007713922580301346,0.15135858943403235,0.008479117300811469,2.9888385757851665,0.645309722508859,7.214285714285714,0.6763573967358516
0.5,0.3,49,0.000508692798742197,0.00039983801186715875,-3.6425260542796636,0.00037936387237329873,0.6129702996998674,0.574661683516085,6.25,0.5620931462762531
0.5,0.3,50,0.018055244793070496,0.015153587504389462,7.558707442189977,0.01625066084383841,6.646856450073632,0.6387427993634207,7.0,0.6702639901675634
0.5,0.3,51,0.016523143672219496,0.021723549644481522,9.227709312076648,0.020550861965319047,12.665435977679977,0.661121908674632,6.428571428571429,0.7141868679449579
0.5,0.3,52,0.012587277844925039,0.016715287097075295,3.766976682008597,0.014175175314123727,4.189518278237689,0.6223901237777358,6.857142857142857,0.6334568174854891
0.5,0.3,53,0.027440765077237653,0.02930704119287075,3.3209217069514523,0.026622515874521736,5.248498713302524,0.6799092340904582,6.107142857142857,0.7118806109093695
0.5,0.3,54,0.0032396474558621493,0.0030280363663923947,-1.9709744761044377,0.0033210759534588806,-2.0017393243546544,0.5782043684384066,5.642857142857143,0.5893645054654262
0.5,0.3,55,0.022883611275652256,0.01579458639001051,5.752471907735128,0.018677529836798296,0.5241066345244102,0.7169035025186304,7.75,0.7467982573429137
0.5,0.3,56,0.00783961059967286,0.013934172756640141,9.97980232555905,0.011728543062101658,12.258199313645937,0.6994851084119424,6.857142857142857,0.7353948852112175
0.5,0.3,57,0.00675236980373059,0.006782317913435423,-3.2648032548852797,0.007543808190435351,2.512630714695092,0.5737926820433736,6.357142857142857,0.5842875031845616
0.5,0.3,58,0.027375788001740484,0.016049242367678344,11.095837847223638,0.018301900507684536,1.9917690748832133,0.6921302893798013,6.571428571428571,0.7232255938585967
0.5,0.3,59,0.008243917250819972,0.00557425280671744,-0.9324292004843784,0.007033778123629213,0.7595426305224938,0.5834046145229939,4.964285714285714,0.5997939299400521
0.5,0.3,60,0.009746455971831325,0.01411702116499778,3.7593231688727755,0.0123459896490007,8.728216704592114,0.6478637731808733,6.464285714285714,0.6735321348034123
0.5,0.3,61,0.0306315893109665,0.022402060380885554,14.382408441516773,0.024987308444742968,9.192901824887509,0.7090884014159661,7.321428571428571,0.7522568362002028
0.5,0.3,62,0.006223249874750178,0.007700826939748462,4.3901635004067145,0.007081130152251716,4.626836919238893,0.6565633103681533,6.571428571428571,0.6813476953555822
0.5,0.3,63,0.003756190969252566,0.003851827079055504,5.3260048249268195,0.003939363793484244,4.594295540073233,0.6019308523917424,7.25,0.62920711096154
0.5,0.3,64,0.004115143505970255,0.006865881016441104,-0.8252384443616876,0.005676738296078887,4.365165786471674,0.6460415129509983,6.785714285714286,0.6696965438748865
0.5,0.3,65,0.019684033457687246,0.019228910343342658,3.9038963847837493,0.01783814001591817,1.803808712797225,0.6726948010013567,6.535714285714286,0.6860406869201155
0.5,0.3,66,0.01231706123844944,0.009020465309219138,2.23647604016314,0.00902887007060501,0.16856002158780825,0.6265333452277745,7.214285714285714,0.6653557280977411
0.5,0.3,67,0.0018155933414148746,0.0009502043702688571,0.3610254082780884,0.0006618230609498942,0.6357792599076125,0.5573771509773751,5.321428571428571,0.566195476693133
0.5,0.3,68,0.028025129729332833,0.02650581637008833,6.76431204386807,0.02672593808470672,3.693110103313032,0.7331117145855167,7.035714285714286,0.7822155562552087
0.5,0.3,69,0.004847946073713439,0.008041848483590408,1.9038401396078584,0.007411181707633172,8.24535884217849,0.6409653627501074,7.107142857142857,0.6440390596774712
0.5,0.3,70,0.005170268103460918,0.009724401742561985,3.1286747667890538,0.008993464673052776,3.251483683429958,0.6111230071722258,6.107142857142857,0.6192304666848198
0.5,0.3,71,0.0177051724264799,0.010698921154691574,11.177699379463839,0.012261955041888463,1.7948214740011963,0.6773907164042724,6.178571428571429,0.7217366043258457
0.5,0.3,72,0.012274542131583275,0.0050964847351037445,8.394750432795632,0.00561919633761969,-1.3967030168257868,0.7037472670796303,7.178571428571429,0.737694051054103
0.5,0.3,73,0.0034519038455232912,0.0007609543142419315,-1.1354202897569436,0.0006032726397930588,-0.25662920246722365,0.6185036529328258,6.571428571428571,0.6426651184598074
0.5,0.3,74,0.025642174540126225,0.02233550619712776,6.253754363617258,0.0256915399002851,3.4432406338958494,0.698609090465524,7.571428571428571,0.7382650982644929
0.5,0.3,75,0.001980530156963877,0.0008066706257529569,-5.410460175799415,0.0014403593144153505,-1.8653001766545856,0.5599443328607258,6.178571428571429,0.5666759578055123
0.5,0.3,76,0.0023717624583898056,0.0023260746748470875,-1.984087902357679,0.0021771745378983314,0.2257143201459447,0.6042968015633117,5.678571428571429,0.6040668312021189
0.5,0.3,77,0.013253275281781843,0.015120131957587981,7.184139599291193,0.015456184416385407,12.168854383313837,0.6166816566292447,6.785714285714286,0.64456650359656
0.5,0.3,78,0.01735542447831326,0.01450589660311683,8.939022038604612,0.01576919127258814,6.975020819579346,0.7471843826452323,7.357142857142857,0.7783875795577129
0.5,0.3,79,0.0072085594707027864,0.007681434698158694,0.19175554715177157,0.00739072792187845,2.778606275200275,0.636599977076024,6.678571428571429,0.6732253325908938
0.5,0.3,80,0.006343525923100309,0.0017452512930882672,-1.5387753436360327,0.0013200577864856662,-2.540051630652139,0.6648956947477931,6.571428571428571,0.6901721063147217
0.5,0.3,81,0.025163136359028275,0.034065330524557465,7.47036759673281,0.03397380953449159,18.484712350620043,0.686183983992888,7.107142857142857,0.7186436674711214
0.5,0.3,82,0.0014915760934100946,0.0006738993429609651,0.8995359549247439,0.0003016974814060999,-0.41007237933126817,0.5762336712264601,5.75,0.5673573158107581
0.5,0.3,83,0.0009895479938760512,0.00101525824723472,3.3246526131008878,0.0007700864497635111,-0.7183195073440345,0.5884201135696374,6.285714285714286,0.6067810178990706
0.5,0.3,84,0.02786938582942492,0.025489711354451064,5.9995485095014445,0.02664603342128553,10.603266311977412,0.6565006977447204,6.571428571428571,0.6864905099397878
0.5,0.3,85,0.002033626717503886,0.002257649748558631,2.5364449550843418,0.0022398156656746678,0.01463295481993517,0.5645343877697959,6.928571428571429,0.5829148796211447
0.5,0.3,86,0.02666660099601241,0.0325624985994844,8.412455178350662,0.02906295833465064,4.513730216134775,0.7072076624333673,6.821428571428571,0.7527465107170226
0.5,0.3,87,0.0026167103100774892,0.0014698190461469775,2.494870352054839,0.001336627641737333,0.27178134009961735,0.5824989295716402,6.107142857142857,0.6097204128295247
0.5,0.3,88,0.01989591882523857,0.02211217893121783,17.01373336033081,0.021220078041870895,13.060236862492777,0.761507879645751,7.464285714285714,0.8164579803254205
0.5,0.3,89,0.004628920419583434,0.007119568269183971,-0.05660928754193151,0.005933916430996132,-1.894018165641531,0.5847810934367039,6.642857142857143,0.6077615035352286
0.5,0.3,90,0.008458282045496032,0.007440392079411332,4.73645925105086,0.007144029376315459,4.987127660060622,0.6402228153048583,7.107142857142857,0.6721887008020154
0.5,0.3,91,0.04504374002248862,0.06090798142776829,13.109531297788095,0.055747348043715075,19.882291626418816,0.7194085054388323,7.714285714285714,0.7869810489786115
0.5,0.3,92,0.0023947145896100652,0.0021965460502769074,1.6754194739873967,0.0022515467088477905,0.8525942397865643,0.5526573883891801,6.25,0.56900602314341
0.5,0.3,93,0.006886439981741934,0.0066831529305555245,5.6615869125367695,0.005357992950844082,1.7757648147392995,0.6507784362196807,7.964285714285714,0.6632840839271121
0.5,0.3,94,0.021854357402380994,0.03195487443675066,4.366107150993795,0.028242056144511685,10.215300227233305,0.7332415204823431,7.107142857142857,0.785545811692392
0.5,0.3,95,0.015772274414749342,0.008902083692094415,4.7625408646750245,0.010827570787442679,0.3767507388287565,0.671320215021075,6.285714285714286,0.7124029552047698
0.5,0.3,96,0.009433316054788612,0.006033047221580909,7.185486360985323,0.006110152365183628,2.737774537587986,0.639009323053987,6.25,0.6529345535569395
0.5,0.3,97,0.0070365852828267374,0.009135797307528972,7.115284711219424,0.00751213193853459,2.9450126203811258,0.6084640906160058,5.714285714285714,0.6138015300188719
0.5,0.3,98,0.008385453334283281,0.006485432013850396,3.4067677856473395,0.007961573893106725,7.378439924359394,0.5730137651391224,6.464285714285714,0.5765950879831185
0.5,0.3,99,0.013114287274174168,0.01720553771575415,8.086615364585548,0.015381888373084018,5.733421850464168,0.7137879289925265,6.285714285714286,0.7466964459208721
0.5,0.3,100,0.00986726292528278,0.008221645245122231,6.811291314652642,0.009077774269996784,4.1076696992450366,0.6284011356274191,6.464285714285714,0.6209198402473979
0.5,0.3,101,0.006436191221303677,0.0022293585854867614,4.524572145508031,0.00267072773267393,-0.5518727106154605,0.7076695307464593,6.964285714285714,0.7378866297427424
0.5,0.3,102,0.007698243993793546,0.010335844382694722,1.9255495821184425,0.008966625795859079,2.925143177789655,0.5754587528625624,6.821428571428571,0.5557215034348455
0.5,0.3,103,0.012021244959633241,0.012180255661090046,5.853983442655512,0.010804464012979147,3.4442092422415556,0.6607105215809405,7.107142857142857,0.683570809414032
0.5,0.3,104,0.0030165014902098493,0.0021577843159892207,5.386998320835971,0.0018159574260241886,1.9864334254425937,0.5224816281580928,7.714285714285714,0.5429396135001242
0.5,0.3,105,0.03281041756379176,0.027306361872946595,16.43493524858354,0.029619013543114615,10.394665115743228,0.6733259830862114,6.892857142857143,0.7250913319216763
0.5,0.3,106,0.011150433814553601,0.013919761810855264,3.1876095605430876,0.013936276781843917,8.192896177791871,0.614373840783876,7.035714285714286,0.6268260493867575
0.5,0.3,107,0.022132447041959474,0.025027046281540503,6.437292634579759,0.02239710203508592,1.0919483710235152,0.7115834064958371,7.107142857142857,0.7563007774346138
0.5,0.3,108,0.0023075687340686347,0.0027004267121676713,-2.1602640080469087,0.002400427838026153,-2.3540446266882404,0.5659380831964498,6.571428571428571,0.581265156387127
0.5,0.3,109,0.022778372629174617,0.020860028733465413,18.634003038560387,0.019340405467723643,7.584261477720783,0.725685378901433,6.607142857142857,0.7833805738365134
0.5,0.3,110,0.008687758231526755,0.010545509140200452,3.8456319949560296,0.009161786488321083,4.243861566481911,0.630305128158773,6.785714285714286,0.6655048644299493
0.5,0.3,111,0.004300363990134554,0.009544821811965639,2.735253122426208,0.007836127064063754,6.1207239962558235,0.6202098370437706,6.285714285714286,0.6251721820798408
0.5,0.3,112,0.017072804364824487,0.01045066746592187,8.327720199179986,0.010428927617643633,2.7165303001409975,0.6737258270270978,6.75,0.7129771104698337
0.5,0.3,113,0.004638625569167901,0.003976722765112332,8.494501259684455,0.00444414483016106,4.650948363899791,0.5897313564229147,6.214285714285714,0.5992768864369278
0.5,0.3,114,0.0006106037692086403,0.000785848104398194,-0.6571878498098016,0.0008817616775800412,-1.093487459185307,0.5797022749154237,5.821428571428571,0.5973022558175327
0.5,0.3,115,0.023510435860685287,0.019594848012594836,11.177693574480141,0.020291314715242096,7.78798923142286,0.7193203620691488,6.857142857142857,0.7661948822399576
0.5,0.3,116,0.020131928208002733,0.02535050517790199,9.830197555377659,0.022392496558380687,9.929013294070737,0.6621613167382046,5.714285714285714,0.6945723171172726
0.5,0.3,117,0.033841207273551006,0.04016403313918028,10.300656394107165,0.037162346623547136,18.002115002835893,0.6979864552890351,6.178571428571429,0.729500575193798
0.5,0.3,118,0.013032314987308018,0.011654803648655728,8.732355312070958,0.011751714203841124,6.276266218673821,0.6772897027071846,6.214285714285714,0.7025666260177037
0.5,0.3,119,0.006673362906713464,0.004397748254514235,4.048455589033125,0.004727197469560753,3.642210942842629,0.6086771242947211,5.5,0.6269416106817423
0.5,0.3,120,0.005666810613685708,0.007372562227507082,4.878499914288945,0.0064341599733851685,1.7973982438021114,0.6040263945060796,6.428571428571429,0.6161328224851521
0.5,0.3,121,0.0033622612462981707,0.004363530002820264,-1.6840806296967372,0.003965541579307714,-2.339379930540389,0.58043057416769,6.107142857142857,0.5810662207711284
0.5,0.3,122,0.00758682440156849,0.007207695258720399,3.404621036982199,0.006535413797858181,2.189636017189533,0.6086408788113646,6.285714285714286,0.6053837411252782
0.5,0.3,123,0.009889667290581463,0.008824176641380294,1.4829762440238596,0.008519866866346175,1.1424602660256937,0.7014702082599695,6.678571428571429,0.7288231098007169
0.5,0.3,124,0.002874821822849765,0.004302841988855714,3.6408107790740303,0.0032285219856529653,3.8502162822891157,0.5950092746098316,7.107142857142857,0.5885900667548284
0.5,0.3,125,0.003233327702284079,0.0013622687986851684,0.8627641717286636,0.0012064460547430587,0.37345868608119304,0.5690243717357456,6.25,0.575697584389229
0.5,0.3,126,0.0010509885406548018,0.001042084777956965,0.27325527478446787,0.0005576437509483358,-1.1531538313546246,0.5228534799637112,6.035714285714286,0.5401625515612063
0.5,0.3,127,0.0158151590705129,0.017054036296199483,11.239270011826981,0.017058501810634806,11.386196283121885,0.6861841017453321,7.107142857142857,0.729498100820174
0.5,0.3,128,0.01066232080715681,0.011904877766637088,0.4201613728024114,0.012035545805585975,2.0315345482243856,0.6262124307781827,6.857142857142857,0.6339903266374856
0.5,0.3,129,0.01851621096446585,0.013148086579485513,4.965677829232412,0.015053131332493535,1.3121328417694353,0.6599900122078349,6.035714285714286,0.6903942467272675
0.5,0.3,130,0.010400198995177233,0.006494302153972039,3.4523304831933004,0.007278959906180385,2.4371035380927424,0.6134494183563811,6.964285714285714,0.6574942508155162
0.5,0.3,131,0.0023849474410672523,0.0028164950237404705,-2.5640770067297183,0.002164663185151677,-0.5407636068491494,0.5745325050490234,6.571428571428571,0.5621819521491245
0.5,0.3,132,0.0354129466842248,0.03691889320078698,14.448666105172489,0.03588072446860988,8.326181699440193,0.6931304295296999,7.25,0.7307442899264613
0.5,0.3,133,0.02071573197028667,0.01518544484451437,9.096000328945081,0.01629353251922987,5.761713258595307,0.732878745638988,6.964285714285714,0.7772780442727905
0.5,0.3,134,0.009462432962635025,0.00618112426329379,10.362428788121342,0.006671414659653462,3.0192828178735076,0.7210289400605492,6.714285714285714,0.7452764773304301
0.5,0.3,135,0.005588076308491907,0.0035021352084937114,0.5772330612416212,0.004090984072693656,1.405576912299883,0.594215003210962,6.714285714285714,0.5965146908566126
0.5,0.3,136,0.021133264355501894,0.015526740498468703,14.556083735390146,0.01648941573993936,7.734516693313282,0.6176077388432238,7.571428571428571,0.6377584858555424
0.5,0.3,137,0.02090152230674605,0.018364312982764665,12.67889805800672,0.018395392258233348,7.033510200559552,0.7327319161787672,7.535714285714286,0.7701880988150763
0.5,0.3,138,0.019729832631992322,0.01921473378680473,8.348764476374583,0.01773473044283663,0.3663220258766084,0.7454949576126895,7.642857142857143,0.7882890068996349
0.5,0.3,139,0.014215003981780978,0.013832893603059235,8.968647460904464,0.012296898914620843,3.0514559032558473,0.6152131533354049,6.357142857142857,0.6633508718981017
0.5,0.3,140,0.014858227172860184,0.014527018925307006,-1.1252257410554627,0.014543140763380957,-1.8052900553260258,0.6110493279303475,6.428571428571429,0.6039423681971454
0.5,0.3,141,0.004354324683136572,0.003560412288612251,0.4205355105347408,0.002667937058716129,0.24823567642930774,0.6188230272922264,6.285714285714286,0.6223660814553436
0.5,0.3,142,0.015082287389842384,0.02134742938202962,8.640865402569474,0.01795028081891837,10.140303881970064,0.6476728048982717,7.214285714285714,0.6932781694197685
0.5,0.3,143,0.01381146590487203,0.021005774063615777,5.945082626060092,0.01929642279501482,8.69050150459672,0.5961388442602712,6.785714285714286,0.6051416246720116
0.5,0.3,144,0.006651866659537187,0.008366693713961237,3.809501946371256,0.006681053575877284,5.262640666444876,0.6024276865326337,7.857142857142857,0.5839121427174851
0.5,0.3,145,0.018522773375129583,0.016753257928225546,8.442663772663987,0.01713172200251477,1.6696172478468252,0.7242412508693368,7.107142857142857,0.749918734177242
0.5,0.3,146,0.0020670705904427883,0.001021606208701229,-0.4403936302552509,0.0011397780714193105,1.727292518698609,0.5015065990517759,5.607142857142857,0.5019853202152035
0.5,0.3,147,0.01716110201593865,0.018639720249726165,5.241495750772156,0.018713294746554046,4.2802359616211065,0.7234892446266574,6.928571428571429,0.7557585375659278
0.5,0.3,148,0.013134381057898629,0.0167926683610041,6.446016777986685,0.014844825523162306,10.124714642336187,0.5743592280803593,6.678571428571429,0.6211618259410826
0.5,0.3,149,0.004678800773574061,0.007487406026449702,3.9890062052445714,0.006184054248406153,3.60044622566366,0.6278180683169705,6.928571428571429,0.6292308890885611
0.5,0.3,150,0.013290373734768124,0.016827529615570023,8.856171777119954,0.01375075893879514,8.363212436818307,0.6393169165661582,6.214285714285714,0.6613331811425913
0.5,0.3,151,0.0024910813443688885,0.0035606384234883864,-1.493836080083483,0.00428568973179557,-0.2731594237565105,0.5897129073262665,5.821428571428571,0.5923352826955018
0.5,0.3,152,0.006323169516346517,0.008077737690868734,4.014465661371766,0.006813564806475764,1.5048388145907932,0.596377482449694,7.214285714285714,0.6213862194418063
0.5,0.3,153,0.001617028901092564,0.0015464841079499577,0.29764696441232275,0.0014356421735279804,1.549486187924496,0.5607435659737721,6.0,0.568228828423166
0.5,0.3,154,0.00827933913092888,0.011264023918547538,-0.0052604145519907775,0.009682489526981686,5.166508620255418,0.5494732301588796,6.035714285714286,0.5887405207412835
0.5,0.3,155,0.04641354498586707,0.05127482645473413,10.154369180807244,0.051385422489481025,15.603011651548092,0.6728035317455091,7.214285714285714,0.7590795291896651
0.5,0.3,156,0.012136799412198878,0.019147802106496463,4.412781910164384,0.018021465153862878,6.4164594882884005,0.6368210117743213,6.678571428571429,0.6602948494791502
0.5,0.3,157,0.012679618204440671,0.010951092534707302,8.425622366431245,0.011236403291431487,5.829735959517071,0.7719367562236749,7.142857142857143,0.8002263106373608
0.5,0.3,158,0.010461777271531428,0.019090138027265186,5.375382788783831,0.016014047447672302,11.553170257467295,0.5961845674194904,6.535714285714286,0.623772642159441
0.5,0.3,159,0.010751632399199136,0.012128627418049372,2.0916204721568334,0.012772936809815016,3.8114884974589907,0.6359980115390709,6.285714285714286,0.6633107789986492
0.5,0.3,160,0.013763357118376358,0.012986357935539386,14.783438700072871,0.012140349774486478,7.219226741610555,0.636425928736264,5.821428571428571,0.6435348104965001
0.5,0.3,161,0.0026387986752150834,0.0034798723050896243,0.6055856798912203,0.00279542638234908,1.6420855831943204,0.5776138851621152,6.357142857142857,0.5750666492903946
0.5,0.3,162,0.03128371747180922,0.032780519971385494,8.338407960762616,0.03201597669625023,7.1855992642950355,0.6933340206801366,6.785714285714286,0.7331689045003983
0.5,0.3,163,0.002357664055905236,0.0029973525438328668,2.5506997362668073,0.0022462651293519934,-0.14199650582796153,0.593665984810597,6.142857142857143,0.5879638792346547
0.5,0.3,164,0.030414285285545864,0.03336359481262991,12.713769019705637,0.03170132307238546,10.208944339545686,0.6587100871331308,6.964285714285714,0.7151249371844799
0.5,0.3,165,0.013117855063916559,0.014157892680046394,2.448685917985955,0.014009781348529489,4.356274140916355,0.626081230956235,8.107142857142858,0.6629436765020822
0.5,0.3,166,0.02745907242778482,0.031212548438976917,17.235530555733316,0.029875747500678444,22.205413117236137,0.757242111226854,7.035714285714286,0.8170963586619857
0.5,0.3,167,0.012047052360218233,0.00559931502381864,8.869362692420644,0.005597037017260077,1.2827287917655117,0.7070868557181769,7.035714285714286,0.7447623608302512
0.5,0.3,168,0.00819111418021472,0.005057364495136345,6.581284639083741,0.00631181154342297,4.667025220703967,0.650226719926282,6.357142857142857,0.6533145207846655
0.5,0.3,169,0.006566391321608502,0.0019372582424395954,0.31635693915641383,0.0027691032609053565,0.724514066703089,0.7051622728174952,6.285714285714286,0.7136733348336822
0.5,0.3,170,0.0017171024557951322,0.0005090801509147883,0.32778472672941916,0.0006367128800607181,-0.5955746179319021,0.594610300710224,5.571428571428571,0.6085976708268448
0.5,0.3,171,0.012207730503027652,0.013674315589212416,-2.4362093408910894,0.013990013090429597,2.8255702480328275,0.7202117241054279,7.178571428571429,0.7491188375819192
0.5,0.3,172,0.0017977894530726939,0.0013511527897636971,0.4604423535014419,0.0014985292011925298,-1.5534903380938185,0.5648376708109442,6.535714285714286,0.5817164781127747
0.5,0.3,173,0.0015417780783633062,0.0028757116175117414,1.4353277818612895,0.003337149095829116,2.0570971565550926,0.5698853195390735,6.678571428571429,0.5661360615508686
0.5,0.3,174,0.0014083303101096911,0.0014095986173410875,1.690103177836633,0.0010803948934055535,0.19350834590779678,0.5905844425276773,5.75,0.5947343388004198
0.5,0.3,175,0.014829293797002908,0.016760004639680463,10.974901371020508,0.015646213052326545,7.423290478922705,0.6302691773490016,6.428571428571429,0.6589346279591415
0.5,0.3,176,0.006991712329566089,0.01486161242186734,5.466722529924645,0.012143731008403803,7.555098885661096,0.6105876092160019,5.75,0.6365955704859751
0.5,0.3,177,0.002202804789083625,0.0018339171842875078,-0.06010427530589624,0.0014241182924030907,-0.6819251381986078,0.5882463205371206,6.357142857142857,0.6113233140748442
0.5,0.3,178,0.0031127630862707446,0.0035674514316719505,4.080682763808959,0.0018255386025488275,2.494282767489466,0.5965403185329953,6.714285714285714,0.6223002792104322
0.5,0.3,179,0.01554028280988459,0.01359256362004671,7.0377468607035105,0.01473690759616483,7.2268338643222405,0.7351673175711957,7.285714285714286,0.7796854488740823
0.5,0.3,180,0.006564681117762426,0.0044034870519009525,-2.9971264368449226,0.0052703301382122205,-3.452085829674265,0.7124777387997209,7.357142857142857,0.7326847922950177
0.5,0.3,181,0.020755351122349212,0.02017016422553654,4.945178406142524,0.01916649865762973,3.2228074242720766,0.7072933546385325,6.607142857142857,0.7345253742262534
0.5,0.3,182,0.003348728778827913,0.0007024669820830693,-1.3712907177608145,0.0008161866972908587,-4.0232141113583,0.5906911522144981,6.357142857142857,0.5905947117274513
0.5,0.3,183,0.006753688624319034,0.010488939297791202,3.917412600219194,0.009025705183599578,4.666170561073424,0.605882566143606,7.142857142857143,0.6088390429563382
0.5,0.3,184,0.05171640908727228,0.054812082974924584,14.350396312395688,0.05412999126509516,12.658414321647067,0.7021823018093624,7.678571428571429,0.7534952803158785
0.5,0.3,185,0.025754926458981572,0.023627064389679864,5.04524613800406,0.02189757792694747,1.777745584443115,0.7144618443117424,7.25,0.7714722786090787
0.5,0.3,186,0.0111769915380455,0.007753313547801341,1.7841677888705973,0.00906688151238398,3.0716468974671707,0.6984958734237967,6.142857142857143,0.735901397538796
0.5,0.3,187,0.009862685458485607,0.006555603950806055,4.0496290686933705,0.007614609655844384,4.7298383064715495,0.6493137230929528,7.285714285714286,0.6901817121147662
0.5,0.3,188,0.0022885200714396915,0.0011999143380284434,0.45293298630415535,0.0010366182605181433,-2.092096587947708,0.613043038393943,5.607142857142857,0.6161695558691964
0.5,0.3,189,0.02638761064037589,0.03200652255241599,9.340123927022347,0.03178845962681138,13.27407195810351,0.6967397053206122,6.857142857142857,0.7367830088142872
0.5,0.3,190,0.004311192545821934,0.005977864244332068,3.343441293794733,0.00531280375941934,1.354349322703077,0.5778041347783122,5.964285714285714,0.588808515723797
0.5,0.3,191,0.009454473839118988,0.007296314919291802,8.89103810603141,0.00786892055400063,5.804038418617779,0.6628840725614067,7.678571428571429,0.6969373656725047
0.5,0.3,192,0.02270644745358305,0.03198392577881759,5.152251199424704,0.03000583533715416,8.37279952756568,0.720493042381439,7.714285714285714,0.7793444379432904
0.5,0.3,193,0.000506948991977136,0.00034934404701147134,2.011058387780423,0.00037741377039823625,-0.14114619882416454,0.5698663124982881,5.5,0.5741605557978267
0.5,0.3,194,0.019945557438212323,0.01672289005366876,15.521351769800408,0.015953083487455506,3.0621087583021733,0.7286370412374285,7.0,0.7630025278693806
0.5,0.3,195,0.014559771520734127,0.015148638247287448,12.462947996533998,0.013125564415600586,5.0249059183300915,0.6024797030392758,6.714285714285714,0.6431535960235326
0.5,0.3,196,0.003959009456638856,0.0030236868850376094,3.493925633524846,0.0027178564900882415,-1.6489067911151285,0.5357956917528192,5.607142857142857,0.5517385866913973
0.5,0.3,197,0.010636792367241991,0.009770718514345201,2.7186869831630247,0.01089020566568967,4.458891466041583,0.7378625739068976,7.321428571428571,0.7704812115052277
0.5,0.3,198,0.0355916228067477,0.03900256644297759,6.88092430164113,0.041422288176325366,13.819555232584216,0.6786968647857509,7.464285714285714,0.7291941954353127
0.5,0.3,199,0.02162535861919329,0.020205305530984114,11.064904888918981,0.017965043276139767,3.8720147600274686,0.6860027901253415,6.75,0.74534151513471
0.5,0.3,200,0.012878184541485404,0.011845606288713612,14.486469980423951,0.012276546948309054,4.543527491716948,0.7279869194783041,8.464285714285714,0.7692471729816144
0.5,0.3,201,0.009275701500917437,0.007679716884102267,7.432558236362958,0.008054993046056199,1.5724663315272096,0.6157679614984566,5.964285714285714,0.6332242565401203
0.5,0.3,202,0.045377091340506936,0.046224436046098695,19.40858408598249,0.04684243995972946,24.026640149116883,0.7173075111948635,7.75,0.7668135661718243
0.5,0.3,203,0.011470034356906196,0.006190099340061747,11.899706526250839,0.005571602524758263,1.7850203569861758,0.7293113849080786,6.785714285714286,0.7553299378322176
0.5,0.3,204,0.007477549403419268,0.005988506639787384,2.8091006373059955,0.005361011348428389,2.6832291449071684,0.6216258266206182,6.571428571428571,0.6762704516724127
0.5,0.3,205,0.0015470878294881888,0.0031582263475985707,-2.9839873910468384,0.0021639942877310467,-1.5371881091425432,0.5875993045780171,5.964285714285714,0.6036648863062284
0.5,0.3,206,0.004182808602713675,0.0024003599938223286,3.2695609100551195,0.0019216226597166257,3.0580884725693616,0.6670059349058726,6.964285714285714,0.6922616041974751
0.5,0.3,207,0.02111538650635926,0.02402935098377291,9.006544751563027,0.022347160558978344,10.29135384005385,0.6526507258892754,6.892857142857143,0.6727929508877422
0.5,0.3,208,0.022878741432668475,0.020852849823297742,10.134932522867516,0.02142826596582941,10.379532589120382,0.7083872642753002,6.75,0.7451340499706091
0.5,0.3,209,0.023960224714018825,0.03711445535089183,8.234192431314511,0.03845567175591645,10.471604690368716,0.5897188184097549,7.142857142857143,0.6046102076733233
0.5,0.3,210,0.009793506475234262,0.007419065041847184,-0.13883114108742234,0.006831366837996717,1.3264120694582668,0.4983291384041802,5.785714285714286,0.498719247615804
0.5,0.3,211,0.03651355593917821,0.04125789914350434,11.358332305486993,0.0421567328489178,21.35881751057867,0.7072511849536031,7.785714285714286,0.7518074859267109
0.5,0.3,212,0.003033699048203978,0.00443463021970823,1.9006815387337213,0.003951781254918731,3.562545600090251,0.6370136275283355,7.107142857142857,0.6514809998708447
0.5,0.3,213,0.021160661539219233,0.019878402362692414,8.83541021426797,0.01994219364938413,5.657833244644697,0.6812176970523962,6.678571428571429,0.7356612223623971
0.5,0.3,214,0.004061225152569584,0.001295900543153694,-0.5676826669655313,0.0008773130576886596,-0.9733165800333552,0.567962025216536,6.285714285714286,0.5611454511198278
0.5,0.3,215,0.008122942568058148,0.006370047870872603,12.220758783815349,0.00524703635031232,2.306521523185675,0.5945527190241479,6.0,0.6248966716410798
0.5,0.3,216,0.011981340471655942,0.011132685245708538,12.201664787412874,0.010518745024776788,5.277170800555751,0.691018455338474,7.607142857142857,0.7258631051484921
0.5,0.3,217,0.01349158394693415,0.015202765739011817,4.06069359089085,0.014804791898930643,7.433436093987335,0.6355791350134077,6.678571428571429,0.6585433952905257
0.5,0.3,218,0.0012005626931763265,0.0014035198148809355,0.6777577609316552,0.0013297414050671417,0.30940165943227765,0.6045548530419834,8.0,0.608723169850043
0.5,0.3,219,0.005797048862933698,0.007106040147891661,0.33447186045481914,0.006225092020026247,2.2925091264828645,0.6039986068359158,6.535714285714286,0.6083576767021746
0.5,0.3,220,0.0022395910129330795,0.0006669226982477713,-2.07395638095705,0.0012427186594372098,0.022691457838144895,0.6105217307034237,6.392857142857143,0.6287666825148956
0.5,0.3,221,0.01471657017390368,0.011674475032094962,14.241018608029457,0.012967557226172094,7.44729007383584,0.5810350542448656,6.071428571428571,0.5974075675729937
0.5,0.3,222,0.03071495263105813,0.035600011010198655,20.38531285261372,0.0339764197996317,17.935417978393076,0.7415169752634547,8.642857142857142,0.7816119800842495
0.5,0.3,223,0.0012676551014105721,0.0017637620958363917,3.682810978169158,0.0009617546675638908,0.7097271173748064,0.5624274485853044,6.964285714285714,0.5776943837869464
0.5,0.3,224,0.007023449011454272,0.011849124377829345,5.0267720628946435,0.010332037168019427,4.711076050977624,0.6943952243504289,7.821428571428571,0.7306694350951204
0.5,0.3,225,0.008142404923315675,0.0064355250125921575,6.397462730424053,0.005216054513410172,0.31007733787096,0.653216351162399,6.571428571428571,0.6716749765805818
0.5,0.3,226,0.004580691147854197,0.0049888235241629855,4.706911111719961,0.003969169529056862,4.026296387006586,0.6294745201990578,7.107142857142857,0.6661786283210238
0.5,0.3,227,0.0046890988010593925,0.003007321870090099,4.4910500363979295,0.0022181746893347384,0.15203105546248707,0.6226193912351704,7.25,0.6586332774153392
0.5,0.3,228,0.027057112023681662,0.032630157761719104,8.715881120533417,0.029427659334412035,9.784608549022073,0.7374096496532978,7.714285714285714,0.7793320358998823
0.5,0.3,229,0.0025474060519502357,0.0004925135441412439,-4.161571528054353,0.0007952423382159082,-1.2167955473305863,0.5778150303463953,6.821428571428571,0.5837814937784517
0.5,0.3,230,0.022929793032975175,0.012941934159273619,9.275367769771375,0.014592552112918678,2.500954217045186,0.7709096601272456,8.107142857142858,0.8039012785073427
0.5,0.3,231,0.005487886573924121,0.004144607922515175,4.453352902837672,0.003411902227394099,-1.6454132874370562,0.6480360954164892,7.285714285714286,0.6641060185411756
0.5,0.3,232,0.021284836653610875,0.011718657876305591,11.227619966434197,0.01307997171498703,4.915992323460206,0.5772646630809557,6.321428571428571,0.6026335754264844
0.5,0.3,233,0.0073345691774158,0.004058872552718223,1.2547717635401767,0.0034606362764111587,1.58895200841683,0.6121935507486665,7.5,0.6268419819388731
0.5,0.3,234,0.015508788922538189,0.0146769653358211,18.49639994492201,0.013618840798041565,10.085816185930335,0.6517644511033481,7.214285714285714,0.6745883503542661
0.5,0.3,235,0.004347433314013189,0.003915896378763853,3.758629645136061,0.0028111813650714555,-2.720403225487331,0.5494230652318923,5.857142857142857,0.5410244986072872
0.5,0.3,236,0.009685903652526365,0.00898573068262626,3.320592224093101,0.008394437382049253,-4.428076346556139,0.7058305584695337,6.964285714285714,0.7453400063703051
0.5,0.3,237,0.004396869951089301,0.0020803474285357466,4.45985687189161,0.0024828827181923225,0.9952381495742296,0.5364997317629443,5.821428571428571,0.5505665885601128
0.5,0.3,238,0.022605870482390607,0.022923900611350932,7.628312336785143,0.022401524145228505,3.0931519881916074,0.6251818636394411,6.392857142857143,0.6677596625409019
0.5,0.3,239,0.00705725550966463,0.008331256829580292,1.1361394553493156,0.007164877078998074,-0.1600896663449305,0.6816875222403055,7.142857142857143,0.7243422002193634
0.5,0.3,240,0.018391608101148992,0.015186593873799467,5.567230251493456,0.016330467128425605,6.578637072154588,0.6699552086689263,7.892857142857143,0.6958452214119559
0.5,0.3,241,0.0047392890644182084,0.005405031535710519,0.4985395682301146,0.005130551548181549,1.859449746656831,0.6316864322354213,6.107142857142857,0.6565440511101788
0.5,0.3,242,0.0028554307668158837,0.0023080998415048125,2.7431070429552946,0.0018392047321078113,1.758193711711101,0.5519315788277189,6.25,0.5687636954631268
0.5,0.3,243,0.007326597629470696,0.005613344766292423,3.776881419666971,0.0060857769348817,-1.5189961195043413,0.56918672150944,6.035714285714286,0.5771975979605649
0.5,0.3,244,0.029147736020056353,0.03250860801938476,13.777736880350801,0.03094241434796619,7.123367431617254,0.7431337758265418,6.785714285714286,0.786527172411905
0.5,0.3,245,0.011955606683918638,0.013152693940166856,5.114650808886736,0.011975511819691236,3.347125699574851,0.7050931547320191,7.714285714285714,0.742233691804524
0.5,0.3,246,0.012030332359383738,0.015070592933684434,5.564023200171285,0.013793959070999104,6.744780015730328,0.5892216068939444,6.178571428571429,0.622552635144793
0.5,0.3,247,0.0018773504441742732,0.0016256196205780334,2.7929066226756447,0.0011783949387230114,3.900844867444505,0.6007748517687335,6.678571428571429,0.6167186958204275
0.5,0.3,248,0.004180597906052534,0.005245121364041726,2.1305735051025323,0.004953412679576223,4.325422704580831,0.6278290500474835,7.035714285714286,0.6466651244747481
0.5,0.3,249,0.016834107681014995,0.013195303550490143,7.582172652146191,0.014481273766965173,7.410817593734208,0.6799362323972902,6.571428571428571,0.7221619250115826
0.5,0.3,250,0.0017695101405475694,0.0007442849647945098,1.4645062378831213,0.0005559507263695686,0.012981593985140686,0.5811049341667393,7.142857142857143,0.6076991815068775
0.5,0.3,251,0.006332989541628879,0.00711995018915983,6.007269411957637,0.006390681845479447,2.6102504756599862,0.5512444716878353,5.678571428571429,0.5828287392320552
0.5,0.3,252,0.02711309822034953,0.035292951176189816,9.951225529384075,0.030868674066898624,11.56535819291805,0.6987148408650448,7.678571428571429,0.7352002646614169
0.5,0.3,253,0.008482675832621054,0.0053533393569002,3.8577427525109727,0.005901868401160435,4.420709370108729,0.7115854259717711,7.285714285714286,0.7362562891021127
0.5,0.3,254,0.0010354719887224544,0.0006009931168391261,-0.48212115243940445,0.0007093360243331417,-1.5013329308364216,0.49826246704408433,6.178571428571429,0.5091033387492778
0.5,0.3,255,0.0023046180117157456,0.0009218997267985086,-1.861739193463876,0.000919030640022434,0.9872708341212709,0.6091683485816733,6.071428571428571,0.6200422020515062
0.5,0.3,256,0.010265112114409827,0.009778293899245151,4.3886128232953965,0.00979931911310831,4.31727557066704,0.5974205541388239,6.178571428571429,0.6080044648965617
0.5,0.3,257,0.005502997309925067,0.003956733633443479,0.4231782369537882,0.0032315533818430458,-0.8376531724749535,0.5667424023498042,5.892857142857143,0.566705911808164
0.5,0.3,258,0.015409243473498873,0.01528085376625973,-0.47654492882866606,0.014534194945406975,2.670862503733749,0.6031779273492601,7.0,0.6292627843680803
0.5,0.3,259,0.003948365818052448,0.004398353715099128,6.194583210047561,0.004113543040283042,5.380328845562123,0.59068840790175,5.964285714285714,0.6146381801150977
0.5,0.3,260,0.017099975771623043,0.019256223259348566,8.070991081354407,0.016032039328245047,5.820355369770766,0.6074572343582734,7.107142857142857,0.6520499348110678
0.5,0.3,261,0.006876074228231352,0.006230222323029764,3.239535374191199,0.005416941948733962,2.297908570447049,0.5704755010525872,6.071428571428571,0.5829794949713912
0.5,0.3,262,0.006868675349927874,0.004483300777271858,8.656939974247301,0.0041504239642244515,5.482831499287745,0.6363591460126664,6.928571428571429,0.6466526721391932
0.5,0.3,263,0.031689111334686354,0.03323116699396921,10.671574462951682,0.03350381602499387,11.10266152120686,0.6806466077162768,7.25,0.7239075151358868
0.5,0.3,264,0.018936766474044762,0.023439708773836707,7.920967103684298,0.02093978650250497,4.7707365368326675,0.6586792732209924,6.821428571428571,0.6950265658458658
0.5,0.3,265,0.012773490206880225,0.01108567515783206,7.890169835365249,0.010238485476619522,3.167910017422656,0.6208612399081527,6.285714285714286,0.6526415414510817
0.5,0.3,266,0.0074845545216365335,0.005801584604272663,3.162311492637528,0.006225582883474158,1.0885670947952708,0.7079312856600587,6.535714285714286,0.7300257861415674
0.5,0.3,267,0.005264475676778582,0.006027357620569379,2.731991933428624,0.005332693323592312,-1.774090502114395,0.6348924233816184,6.142857142857143,0.6447217353369638
0.5,0.3,268,0.0012657045498227462,0.0027664786607697065,2.009427301636727,0.002417427796213058,1.8970782718900903,0.5516744776072121,5.392857142857143,0.5575557586140101
0.5,0.3,269,0.0014451486656041224,0.002482829548093757,1.4246074034862701,0.002518416238236815,-2.299624906133289,0.5827271820927049,6.142857142857143,0.5856344073440898
0.5,0.3,270,0.00743716255062997,0.006430363238176556,5.7995714706387105,0.005925950724552302,3.652101962544075,0.6117457929669713,7.178571428571429,0.6109236423839904
0.5,0.3,271,0.03500652329000649,0.032495111937529866,6.713731788574194,0.03261577951017572,6.5817419509821775,0.6899204773673249,5.964285714285714,0.7323748015603904
0.5,0.3,272,0.012866279905177823,0.010707106946681281,6.622479556314708,0.011202037660661067,2.752297084872216,0.7045568454148222,7.75,0.7416261224371066
0.5,0.3,273,0.010463433304029868,0.010709547719365515,9.172693573169624,0.010345486303108827,7.613770389678194,0.5858622857308324,6.285714285714286,0.5770596767770998
0.5,0.3,274,0.005442578287469145,0.005362793969321567,6.963745804528209,0.004936654260561544,4.41322738015116,0.6260867422980002,6.821428571428571,0.6413790175057961
0.5,0.3,275,0.015997104165788287,0.010445318764681688,4.388202923038712,0.009738068943351254,-2.2570934259076316,0.6791142863296719,6.464285714285714,0.7277090180472916
0.5,0.3,276,0.0074148760841107175,0.0026488911720736544,2.136455688834843,0.0043527393294852295,0.9899687818299773,0.6503216443720207,6.75,0.692152741816448
0.5,0.3,277,0.010441148269290683,0.015723626793665665,-0.0021012273107814394,0.012687025679836005,2.3107528492240497,0.6210008435902556,6.535714285714286,0.6382493170917394
0.5,0.3,278,0.006389578311515373,0.004223816912141437,5.686614805826878,0.0041902748246849695,1.6516255875072072,0.5843526650161633,5.821428571428571,0.5987973608753381
0.5,0.3,279,0.004294400486369473,0.006592497216355954,2.4138172414966803,0.004748260436709383,4.0134637101890105,0.5123002005003727,5.857142857142857,0.5177724978511548
0.5,0.3,280,0.010428111771050574,0.010834664103233992,6.878031649676238,0.010859677995177926,3.472994755398266,0.6770280544445605,7.178571428571429,0.7061333048371323
0.5,0.3,281,0.007284433758732235,0.006920191100001831,0.18033251561460162,0.004986760180055957,-0.5372819070536631,0.5186182385102894,6.571428571428571,0.5018547919773224
0.5,0.3,282,0.0027548304351878708,0.0032357650921141646,0.20257362501877196,0.003031640539647701,-0.5193978496356522,0.6200339681334894,6.821428571428571,0.6209140063583658
0.5,0.3,283,0.003914719270654726,0.0037928279470358767,-0.4649896492870411,0.0038663562414443546,-0.2109393429180765,0.630173443057097,6.571428571428571,0.6355908239181866
0.5,0.3,284,0.018194421771745774,0.01793982634027455,5.938307918158358,0.019262783962651464,6.541423490265363,0.6667341170029084,7.678571428571429,0.6854665618303396
0.5,0.3,285,0.0018723428946445203,0.0012193254756857315,0.7309145136186217,0.00231583538565265,1.3061650011564534,0.5730311651533657,5.785714285714286,0.586573854588435
0.5,0.3,286,0.020676286362839833,0.011599644634331637,5.073648541078747,0.014839952530586302,1.9906297125888652,0.6602502523194888,6.892857142857143,0.7037594450977758
0.5,0.3,287,0.013293562327585216,0.013443168641421631,11.273989597797936,0.011968864617580508,6.461360981573383,0.7041544150981726,8.071428571428571,0.7284678762508016
0.5,0.3,288,0.018911107985136857,0.016849836857789395,11.001656082499814,0.01869224838857706,12.498736265302597,0.6865059816271771,6.571428571428571,0.7232302006192461
0.5,0.3,289,0.014505591459933674,0.013763199234501632,7.850900886483608,0.012702925406750179,0.22114600890845773,0.6944571440046154,7.392857142857143,0.7413825776868701
0.5,0.3,290,0.006419107235423455,0.009526501053674908,2.519455291941888,0.006893994157743314,-0.6217211468802569,0.6388523359859944,7.392857142857143,0.6445968398195274
0.5,0.3,291,0.0005202416912403803,0.00033166411401712307,-0.5400776018875959,0.0002560794517505597,-1.7807216595665902,0.5757424477904822,5.678571428571429,0.570850437336234
0.5,0.3,292,0.019522958080436463,0.014521578982538596,11.085708305972688,0.015701449510761585,7.699445316083171,0.6841619578153387,6.678571428571429,0.7120962736934037
0.5,0.3,293,0.013983105028873724,0.015870846637704283,8.34853822477416,0.013660871250070778,4.083379556667192,0.6379457281895018,6.821428571428571,0.6576547229976195
0.5,0.3,294,0.0024740146824601124,0.0021034366324968728,2.41438330706999,0.002042804023002661,0.12360478014695293,0.5818436271490782,6.214285714285714,0.5783642651242857
0.5,0.3,295,0.03456169999216084,0.04241209856339565,12.118460080075224,0.040304579251301695,12.948854299002543,0.6728848700833044,6.285714285714286,0.720715221115886
0.5,0.3,296,0.008444673100216071,0.005168116797692215,8.601528201581111,0.005607616119000016,-1.7219175614569906,0.6120551131744356,6.571428571428571,0.6438403956390655
0.5,0.3,297,0.012508766435534602,0.012960458380666626,10.737395503324265,0.012894086323987369,7.954340855676406,0.6161371831621588,6.821428571428571,0.6232337819230219
0.5,0.3,298,0.013941451542103907,0.014001894205621281,7.562707105496322,0.01585814450920393,11.78862255853492,0.6421734137236312,6.785714285714286,0.6800906733208676
0.5,0.3,299,0.0032328585305650766,0.004756024409828733,-4.168835712119801,0.004371422933984576,-2.5586531118576468,0.6102603397879024,6.214285714285714,0.6251834978128776
0.1,0.0,0,0.005229423418326573,0.0008985392459514532,1.140458934662334,0.0007101952315412339,-1.2859214079071914,0.5790073454574332,5.571428571428571,0.5699394956807118
0.1,0.0,1,0.003991825949314092,0.002120273076840842,-0.26303628458425266,0.002317895443224825,-2.102617696963563,0.6040669473609619,5.75,0.6300086671977081
0.1,0.0,2,0.008515706963898462,0.0033457876098814,10.323776267686746,0.003431529577525855,5.922714000906306,0.5325638839301092,5.0,0.5315964813019003
0.1,0.0,3,0.009054993900347728,0.005979597901701933,4.549387025435529,0.0070660555101271375,-2.3738022874830733,0.5784469910170769,5.857142857142857,0.6049603415995501
0.1,0.0,4,0.003446285916475481,0.0006094902877422582,-0.7513819683452709,0.0007099178649900982,-2.8920022213813468,0.5638911652185803,6.071428571428571,0.5515323687725379
0.1,0.0,5,0.0028936872294778202,0.0014907731862807082,4.447413843412136,0.0012584960181534907,-0.3291004569576046,0.6039206243766329,6.25,0.6218566220079611
0.1,0.0,6,0.008102361877253664,0.003519084371286287,8.832213858827686,0.002957106451191386,3.2894338657194546,0.6110285514683518,5.892857142857143,0.6084936867840602
0.1,0.0,7,0.003979804730863327,0.0005594706142185053,-0.31494962504613255,0.00034481924882876375,1.0875919327164827,0.5466538569707443,5.607142857142857,0.5375124772930329
0.1,0.0,8,0.002429463246289004,0.0021004671809920663,2.3763728972696114,0.0012691796704933005,2.2891089792513526,0.6193592580301258,6.571428571428571,0.6324774583934201
0.1,0.0,9,0.0039094274800542395,0.0007201826935112056,6.493041552299928,0.0009525078800768414,0.9093810348129333,0.5987864276911746,6.428571428571429,0.6080238173146618
0.1,0.0,10,0.0068195224943027695,0.008090097653255995,4.463710794077905,0.007227089067287973,5.6899407621054365,0.5820169860071288,5.607142857142857,0.6055565650586429
0.1,0.0,11,0.0051699728509031016,0.0011072191018463792,0.30916347857362325,0.0012080870413199482,-2.218485635663607,0.5808596966900381,6.285714285714286,0.5698262277076226
0.1,0.0,12,0.005706626159428267,0.0027633108226670896,2.9089794941684772,0.0030304553006140025,3.2822699392192667,0.5876201906570983,5.75,0.5760187399804528
0.1,0.0,13,0.002853530909658082,0.0007702555991425995,2.1008326098821613,0.0008070772691769089,-1.8979834619859919,0.6149809513425516,6.321428571428571,0.6215909386546904
0.1,0.0,14,0.016099890856702156,0.00972617553927565,1.2890753615624249,0.011525889280480955,-0.5531898041321313,0.585132035967727,5.5,0.5790830505452018
0.1,0.0,15,0.0027835524754288446,0.005286622852082054,-0.4476288832045796,0.005305478875758221,-1.4387348327055633,0.577507871283073,5.5,0.5871530591850407
0.1,0.0,16,0.010311527098154747,0.000785309729605827,8.379326285960445,0.0006546333730383299,-1.084378811964361,0.5956866223080765,4.964285714285714,0.6306228650700777
0.1,0.0,17,0.006339755892597337,0.005757764777466585,4.5199240714494735,0.005837810823613513,0.6413888263280872,0.5420900016023206,5.285714285714286,0.549443544804552
0.1,0.0,18,0.005705193385803495,0.0069784067166810005,5.477084600906679,0.005986310054214161,4.8898181098727775,0.58850761604828,5.785714285714286,0.5753388806811826
0.1,0.0,19,0.007228524394499096,0.011446394358279119,0.5353989483291528,0.010905538688921912,5.369884817281322,0.562705078949992,5.785714285714286,0.5701064555497564
0.1,0.0,20,0.004629125374527207,0.002546231248737888,2.5828243837906655,0.001169917325027744,0.8171109870948593,0.5386459516498974,5.25,0.5661202899336231
0.1,0.0,21,0.005118153647910972,0.0024077912938329504,3.703257278863994,0.0023929901164876895,-1.2328232917754367,0.5533962822524144,6.035714285714286,0.5555332800461216
0.1,0.0,22,0.010933254716484172,0.014851900990667346,0.17372468358829707,0.0163094507940558,2.8466676625130845,0.5723370829679569,5.428571428571429,0.6040543386328464
0.1,0.0,23,0.0057424450909721965,0.0035121887269384307,8.161887097592917,0.0035300748503063113,3.659704809396326,0.565848337756854,6.357142857142857,0.5785359625135615
0.1,0.0,24,0.0024270609180221453,0.004004036197464369,-3.37191174821492,0.0031027860795907972,0.07454990432936863,0.5530853430244651,6.214285714285714,0.5680997586575429
0.1,0.0,25,0.0018814999047489928,0.0019538570673803325,-2.3118500002834423,0.0018349591323808057,-2.4737201906415103,0.5817353105531574,5.464285714285714,0.5949349742909814
0.1,0.0,26,0.0020955237655122952,0.0013218422404460898,0.7512700355838007,0.0009693572148289863,-0.7797613309085515,0.5587449528015338,5.392857142857143,0.5757474339651665
0.1,0.0,27,0.0042659865735056495,0.009439079427979972,2.01828859127685,0.008263002924341404,6.293373854642151,0.5560515911377083,5.428571428571429,0.5636898112953657
0.1,0.0,28,0.0053543349699475525,0.0018832303119712122,2.779050761413174,0.0010195615192814137,0.23706633070673888,0.5386538066004437,5.714285714285714,0.5555661308764306
0.1,0.0,29,0.001206477496754756,0.0007913781892012226,0.8231741224839197,0.0008207381569038061,-2.351103108209069,0.584631340711282,6.357142857142857,0.5995421171608768
0.1,0.0,30,0.006409753321874589,0.0072594271974135505,5.752077442313251,0.005693859451637618,5.597590610916247,0.5764691604619576,7.035714285714286,0.5680532685970137
0.1,0.0,31,0.002988378528637865,0.0028072117702850554,1.6212478837646458,0.002077911703109647,-0.3346537177907578,0.5598273533541193,6.142857142857143,0.5641851688247774
0.1,0.0,32,0.002963822107517622,0.0009057021366795117,3.461190486676216,0.002018381181239275,6.996719407009806,0.5972477875335122,5.75,0.6110512134436379
0.1,0.0,33,0.004713740734330508,0.0024190305964509368,-0.8146657955683665,0.0027714829116181764,-0.02037547501169949,0.5445785463906886,5.25,0.5503794615401896
0.1,0.0,34,0.007403029729167358,0.0019382578696099963,-0.8900714839536903,0.0038909190540105964,-3.4729920928686036,0.5532081891752877,5.178571428571429,0.5710086161964422
0.1,0.0,35,0.0030128251327169817,0.0003184482726459853,1.6406053797795153,0.00035360564507329795,-1.9050708577633106,0.5617290842895923,4.964285714285714,0.5616775319748543
0.1,0.0,36,0.0027591039876272484,0.002563175846774718,2.0528607527342615,0.00289412181345518,-1.6173647812450724,0.5589223044235692,5.321428571428571,0.5582623733353934
0.1,0.0,37,0.0017465654017728926,0.0033419166986398095,1.790231521318816,0.002238521459998405,2.1642427166879563,0.6007032412589491,6.035714285714286,0.6079380390290294
0.1,0.0,38,0.003054164738589419,0.002445331936397486,2.901601257796443,0.0014783497229897751,0.17661221811769678,0.5850427374542813,5.928571428571429,0.574499042062848
0.1,0.0,39,0.012649062104826643,0.005129763158019933,6.826343323762323,0.0053769779711593845,7.005053167720594,0.5981374576024763,5.714285714285714,0.6216609050893596
0.1,0.0,40,0.0032960980160306997,0.005354499008589898,2.027547164036349,0.0044140272606832094,4.641876770250548,0.5954024672518164,6.178571428571429,0.5957208092020507
0.1,0.0,41,0.00424973491018219,0.0018190485119890345,-0.1847519414828085,0.002033054505930042,-0.13336150960804125,0.5807514741957585,5.714285714285714,0.5963378234346426
0.1,0.0,42,0.009305263148248666,0.005210851330369114,7.11559436964923,0.00554921881427167,4.7570097089609265,0.6075799842406869,5.964285714285714,0.6071118396409149
0.1,0.0,43,0.000534418900784186,0.00255384877459287,0.9041147659091564,0.0006050350385768717,3.878374515396473,0.5255838976622249,5.107142857142857,0.5436447697492495
0.1,0.0,44,0.005338862070750203,0.004879716468708058,4.621978659018815,0.0038723611324469054,-1.5678090078408407,0.6024975907043676,6.107142857142857,0.617647461012786
0.1,0.0,45,0.012096532305761154,0.0031826967252852555,2.1692929590169854,0.003139349721431008,1.7015357653171463,0.5576343921765485,5.821428571428571,0.5763786808753112
0.1,0.0,46,0.00152194278677672,0.00033099684895097615,0.8915698163643953,0.00043374139266922815,-3.043192381890625,0.5997258267840924,5.714285714285714,0.6002663944842269
0.1,0.0,47,0.0025944310850454446,0.0015240594630097012,2.626385859166021,0.0021098109318530675,0.6667869565848624,0.58122332737966,5.857142857142857,0.5937222596376236
0.1,0.0,48,0.0031511453947100773,0.0001875837903800311,5.327382609714519,0.000268554868580108,-0.9587976764138659,0.5633809219012227,6.392857142857143,0.6058325884773017
0.1,0.0,49,0.006305181136407202,0.00420419989831911,5.938662788584416,0.0035396232250880072,5.64908121677657,0.616453063908854,6.357142857142857,0.6227797142461573
0.1,0.0,50,0.0026320972013976697,0.001617949386397934,-1.3322764650184524,0.0016702175533120922,-1.9744288683432576,0.5511910826422264,5.392857142857143,0.5589268834714511
0.1,0.0,51,0.005065707911114831,0.0030424199680252687,0.7261944431921847,0.0028627608294392987,-0.734513298778154,0.5421798251984026,5.5,0.5343772548012542
0.1,0.0,52,0.006463381464621701,0.0037491629100401477,-7.87192206082301,0.0038595608893274513,-3.913161633856646,0.547862241583792,5.142857142857143,0.5572045987279879
0.1,0.0,53,0.013627437767204712,0.01093747000132477,-1.0142765166619867,0.013763989563708992,5.284115286730308,0.552908995768235,5.5,0.5638770187827238
0.1,0.0,54,0.007389165367420249,0.0013873697520093823,-1.5139819381380448,0.0014771847453471925,-8.19618877393564,0.5081713320648568,5.75,0.512295944580589
0.1,0.0,55,0.0037051884301156266,0.003554596142525638,7.196851997112759,0.002936065779580342,-2.197878061438985,0.5729437892222976,6.0,0.5759987739981614
0.1,0.0,56,0.0033535900256725566,0.0010927027367344559,0.4309008319037986,0.0010267209591145149,-0.011160042683807584,0.5605962154627864,5.75,0.5601482383156344
0.1,0.0,57,0.003849357188240199,0.002413451004933767,-0.5782874338635366,0.002448599456902494,0.112576927527878,0.6134449270834296,6.642857142857143,0.6213979978625938
0.1,0.0,58,0.0034436280112201075,0.0011923934167116501,-1.0963715120314461,0.001046369316657834,-0.9609463237930242,0.571852374079555,5.678571428571429,0.5731888310536465
0.1,0.0,59,0.004095775068257634,0.001070704399609041,3.5259079325804095,0.0013696173220878781,-4.144919664541182,0.6306877687680357,6.107142857142857,0.6427685694058357
0.1,0.0,60,0.002464163581681291,0.0011790303531383165,3.537577491028088,0.00039739316552250977,2.270556390738998,0.5249870142081814,5.464285714285714,0.5232444644779299
0.1,0.0,61,0.004766423721808603,0.0003895944423041189,2.8395636731816793,0.0006757634347077938,-2.59210617745156,0.5650360028045862,6.25,0.5835857165092737
0.1,0.0,62,0.004376309745561259,0.005071762486260553,1.4800218560847895,0.003995539040539518,5.3224088422322495,0.6206016272931897,5.642857142857143,0.6346317526781486
0.1,0.0,63,0.0014086722881956643,0.0006130634773663818,0.5072390656152095,0.0005880722550794396,1.6055812569382415,0.5890261081542384,6.107142857142857,0.6040547107947332
0.1,0.0,64,0.0019451262445300938,0.0014948859542433198,-0.9944134991972788,0.0015078307960367408,-0.47025813217878937,0.5999088581694656,5.714285714285714,0.6111052372677622
0.1,0.0,65,0.0043057703856655355,0.007856485814389283,1.0421118237206244,0.006020735832108798,3.2306809700421013,0.6030913656836352,6.214285714285714,0.6328326416511886
0.1,0.0,66,0.0029170440955686855,0.0008726503610715479,2.4792702150888104,0.0008922186355762808,0.5300749067510822,0.5495591098279502,5.035714285714286,0.54289859522517
0.1,0.0,67,0.01907220283612788,0.00786888871828475,11.54366155107543,0.011010628008643933,8.294714566311493,0.5608550554826633,5.464285714285714,0.5934920825400145
0.1,0.0,68,0.010536745737279472,0.0032856508698189363,1.8509555823567467,0.005212407644554984,5.620210640334761,0.5791336479254913,5.892857142857143,0.5871363018417171
0.1,0.0,69,0.0022772139665059614,0.005733732765058953,4.307936761642672,0.004197130061944282,3.2379160373432874,0.5271071248197813,5.535714285714286,0.5456995761091201
0.1,0.0,70,0.00583473718125343,0.00953975125181741,4.255049023350011,0.007192265573398553,1.4296076551010894,0.5998160012259179,5.392857142857143,0.6020238434967535
0.1,0.0,71,0.0005144729975863112,0.0003585777122331906,-5.02648359106017,0.0003329026866683392,-4.699611147208874,0.574753353792051,5.821428571428571,0.5862741234517607
0.1,0.0,72,0.0030019300034735638,0.006895973485566927,1.6116923770547373,0.003953669912675827,3.6883675340455397,0.5503383532125811,5.107142857142857,0.5546887039075555
0.1,0.0,73,0.0045304956262946835,0.0033615330223662576,0.7993723810122333,0.0030269208659891448,1.9524335444906835,0.5589226283933406,5.535714285714286,0.5802847109846865
0.1,0.0,74,0.0027538894433566017,0.00642464960995882,-3.9109572674111135,0.006177281121229635,-0.13664841691351626,0.5375382969039415,6.107142857142857,0.5293622124452835
0.1,0.0,75,0.0016101265621609093,0.0019468655883206618,-2.0045435260652056,0.001519987563974026,-3.2947717602490627,0.5669077404520533,6.142857142857143,0.5890737967398931
0.1,0.0,76,0.0008536337007507324,0.001170793749548502,3.3170074156939435,0.0005842683750066601,0.9295688285337178,0.5459934365450928,5.678571428571429,0.5470369649944681
0.1,0.0,77,0.004024415110672835,0.002182804250572029,2.0068377596718605,0.0018045433224899178,0.003623375351869148,0.6235112363662572,6.285714285714286,0.6295375806583565
0.1,0.0,78,0.015429722462840927,0.00753330975131892,0.5081380667055626,0.00856499493237107,0.6155377503999375,0.5343463432746429,5.785714285714286,0.5348537125418873
0.1,0.0,79,0.004595625848862678,0.0003889630970298242,1.108883351422918,0.0005330450173837068,-3.9097735390838104,0.581450111926822,6.107142857142857,0.6023535588113675
0.1,0.0,80,0.0016305335816948507,0.0003852829818577462,2.791158863743945,0.0003813925888642178,-1.4906001240496114,0.5448697905790599,6.035714285714286,0.5496308729930623
0.1,0.0,81,0.004199482243615548,0.0038119494234838862,4.342893611911521,0.003660825711178279,3.3962766146828662,0.6041992680365738,6.142857142857143,0.615855390886382
0.1,0.0,82,0.0011773523351035794,0.0052295166045768365,1.8806544615004057,0.004660083737159297,3.2382609571753753,0.608593155997548,5.678571428571429,0.6309872618491454
0.1,0.0,83,0.008833380002758197,0.0033195671051179858,5.725163810631386,0.0042956708649484684,-0.7615403112632938,0.5787374278684292,5.535714285714286,0.611935922715374
0.1,0.0,84,0.003602778510943547,0.00126342489384059,-0.05668497450572829,0.0014419633117155413,-1.7513781647053388,0.611820614202294,6.607142857142857,0.6097753016785744
0.1,0.0,85,0.003382550186582978,0.0017663098348526499,2.2726586898833787,0.0019384507343046026,-1.6902908225855622,0.553453698629586,5.928571428571429,0.5496576082983169
0.1,0.0,86,0.010036119827956238,0.006457533833585218,6.923203959301389,0.005911644023492364,-0.02292145101165488,0.5759673976389206,5.535714285714286,0.5872498413923993
0.1,0.0,87,0.010810428650084785,0.0045630447986077585,2.494317654186432,0.005655630512513071,-0.42877760701819057,0.5619991753790209,5.857142857142857,0.5858838865676521
0.1,0.0,88,0.004825828025265331,0.005088134455739134,-2.9107528331666117,0.004719972733972737,-1.269207039853967,0.5681642563511027,6.142857142857143,0.5804352957307233
0.1,0.0,89,0.004837379969434814,0.003655770013881675,4.29779831631334,0.0035445229569102342,-2.673799506297096,0.581016139983693,6.535714285714286,0.5964864769622413
0.1,0.0,90,0.023341039281034044,0.008964644127851067,4.118009616341375,0.010444233144893922,1.7624038335702987,0.5954699307515601,5.75,0.6130073969035759
0.1,0.0,91,0.0023219763302511063,0.002949383125967054,0.04999955422895397,0.002962840340160922,-0.992026129516025,0.5951645193170286,5.464285714285714,0.6104427086422896
0.1,0.0,92,0.007199047212121471,0.008923972327133706,3.740883374989018,0.008416055275918403,5.838428000517429,0.6045391159584959,6.285714285714286,0.6261034920548291
0.1,0.0,93,0.001719525756605888,0.0004356176001658584,1.176964591106028,0.0003622216246381337,-1.1401668690061229,0.5559047191009613,5.5,0.562176822350148
0.1,0.0,94,0.0034318027289728294,0.0012779013864141196,0.3762794173115438,0.0012689754312301448,-1.3983600780165564,0.5606442395530674,6.142857142857143,0.5561216478718795
0.1,0.0,95,0.0006697737537360372,0.0016981075486949251,-0.8067789359086746,0.0012225812092611652,2.2559502907471276,0.560386285778704,5.5,0.5657305358541239
0.1,0.0,96,0.005100530245425156,0.004671053839857705,6.34641961294399,0.004918399405395746,3.0165676315171197,0.5361095390548275,6.214285714285714,0.5473264365331891
0.1,0.0,97,0.005770108740989018,0.0016563324623911485,7.189242403199323,0.002105912966278448,0.16086999192356188,0.6052012708479875,5.714285714285714,0.6076680607264193
0.1,0.0,98,0.003751124978734152,0.004993154656076912,6.322545197544066,0.003425544669597579,0.8543218445661296,0.6135897163226265,5.892857142857143,0.6130201208167239
0.1,0.0,99,0.005477781839318433,0.002761081825305149,7.392058866245456,0.0034454991932253705,0.597330143138142,0.5941123757834328,6.678571428571429,0.6077756658037758
0.1,0.0,100,0.003960654846690499,0.001968857537729743,5.681034863082388,0.0013505192046266595,1.0092367551953696,0.5568227906947707,5.75,0.5627282153895568
0.1,0.0,101,0.0037416075445308133,0.0027243186672477673,3.7998987080085556,0.0029800699572120016,-3.2162150433876016,0.5340151541466954,5.321428571428571,0.5651710357206461
0.1,0.0,102,0.0008827106654595709,0.00011952821598675777,-0.24690138890010616,0.00014550050081179306,-1.7461232733609695,0.5404653326964376,6.714285714285714,0.5663534141510363
0.1,0.0,103,0.0034416539181920825,0.0003034757585078956,2.4086411873804394,0.0003783703486340057,-0.8895923770321872,0.6227899786644002,5.821428571428571,0.6200097233830837
0.1,0.0,104,0.00421205047006795,0.003694860991098652,-1.2447458305180206,0.004048081015787872,4.27784812499965,0.5671205414151431,5.714285714285714,0.5700675797202571
0.1,0.0,105,0.004799476036800694,0.005820124941617175,4.448963321311567,0.005028687799447166,2.5005084300874123,0.6088872994961694,5.857142857142857,0.6235198637710466
0.1,0.0,106,0.0072971248271361325,0.005696208148973805,-0.575026159897746,0.005114719263953857,-3.358753317554194,0.5499672220486468,5.857142857142857,0.5413739284434584
0.1,0.0,107,0.0028687223411039803,0.0013884748519293456,4.34619516919669,0.0012152510170416223,-0.4949550594519205,0.5907790561179885,5.357142857142857,0.6145664534552895
0.1,0.0,108,0.0023208941884508283,0.001479249002969807,0.46448482841556427,0.0022533775073772635,-3.7116301461782846,0.5805529442077437,5.071428571428571,0.5856373242886058
0.1,0.0,109,0.011092617350946,0.007298033161037017,1.4651593176601239,0.008065664920338516,1.9133824406255922,0.5700104290739019,6.142857142857143,0.5831611703225981
0.1,0.0,110,0.010629709173422716,0.017314289651396805,10.398207022877457,0.01283403884276918,7.521367247453536,0.6095647067820671,5.642857142857143,0.6217237702728964
0.1,0.0,111,0.002852534775123955,0.0031636731644645697,-0.3069387001638546,0.004388695855236497,-0.1278369684236793,0.5623333549133447,5.821428571428571,0.5651280359351069
0.1,0.0,112,0.016759407420758682,0.008509817068827266,13.445348978329406,0.008571389633787448,3.957397056834045,0.5872537365999401,5.678571428571429,0.6065136044959489
0.1,0.0,113,0.006888395327545038,0.005049886304155318,8.906709431417184,0.004065319409123935,3.4739350949964583,0.5867415528469081,6.0,0.5937342291685691
0.1,0.0,114,0.008493387721027179,0.002996202303342148,3.149271975142959,0.002580527164875303,1.295724782508832,0.5672246535449489,6.035714285714286,0.57353505225085
0.1,0.0,115,0.006082753456421293,0.006713217281816547,0.4374867371894098,0.005491283723093224,2.4203326274967765,0.5833546764274218,5.642857142857143,0.5946379891055241
0.1,0.0,116,0.013450392668332598,0.002982217441012734,10.038791123928824,0.002223244600505634,-0.8604425571696481,0.5958636816707857,5.75,0.6019232893783826
0.1,0.0,117,0.0008848631099208535,0.0006472906999775045,-1.038490716346118,0.00044568407029787306,-1.2196621032639239,0.561808783030466,5.714285714285714,0.5884297353907362
0.1,0.0,118,0.01026791221411975,0.004574004494126173,1.9774192763311476,0.005373483635527786,5.315728273277226,0.5894003787106701,6.642857142857143,0.5726817152203063
0.1,0.0,119,0.012072253717785355,0.018958586890033473,0.265494482800662,0.016360656679117687,0.7516893618051578,0.571700902612679,6.0,0.5990688479423529
0.1,0.0,120,0.003263091484595918,0.001309408495682857,8.115704553408435,0.0010207938918288743,1.295849370987033,0.5982739378585811,5.821428571428571,0.6409847471915118
0.1,0.0,121,0.009328655913437322,0.007033286984505318,5.880172798925656,0.008221626934640385,6.035329436933125,0.553013408487144,5.857142857142857,0.5480178730846594
0.1,0.0,122,0.002449715945747377,0.002541292582736341,2.544982306158296,0.00152657296271881,3.227977561592771,0.606593124545026,5.714285714285714,0.6144934795502399
0.1,0.0,123,0.006506942656542968,0.005994127379559959,0.7395779677718579,0.007015137963656823,2.2233872195881568,0.6099674951323635,6.071428571428571,0.608015961681327
0.1,0.0,124,0.001636034212447015,0.00023762435310234231,2.312111959149547,0.00010565140916990057,-0.8985594991107367,0.5892854486826342,5.857142857142857,0.594659594611802
0.1,0.0,125,0.0010384564839054017,0.0024408724416488366,0.9625743164941198,0.0011946858947635298,0.9200053581150769,0.5663788823071101,5.892857142857143,0.5872503946060145
0.1,0.0,126,0.0005531736746057792,0.0009609820827729876,2.7077464863203033,0.0008691384254077708,1.2862299303597144,0.5692226238489667,5.928571428571429,0.5897137643082981
0.1,0.0,127,0.0014131342864697823,0.0016219165697467636,2.1971921234204927,0.002019988117480616,1.0239450371595449,0.6189874208789126,6.107142857142857,0.6424413888154219
0.1,0.0,128,0.0029759351430443223,0.003237427749616697,-1.9348002139317728,0.002651264134600547,0.0942474863009674,0.5766900047515369,5.642857142857143,0.5892620704207638
0.1,0.0,129,0.007587706326675134,0.006214051917808845,5.7496730415958766,0.004628889079374446,4.262471655381451,0.5650171371533006,5.607142857142857,0.5893526767524919
0.1,0.0,130,0.010882315891494658,0.007514803832767656,-6.23000031459982,0.008778713091446583,2.564021996626167,0.5341486422144842,5.285714285714286,0.5589102669461388
0.1,0.0,131,0.004698553180993515,0.0030567665605439587,0.876650891416908,0.0033699052834852694,0.21201375221994567,0.5729263665610407,6.035714285714286,0.5724305461806104
0.1,0.0,132,0.0019736148977006498,0.0010458161917359199,-4.413417504292106,0.00091501211562176,0.48774785300768525,0.5564710868790935,5.5,0.5463501955542236
0.1,0.0,133,0.003768372660139476,0.0035379829025600938,1.2015921289703542,0.0025623208736827796,0.03138829481675506,0.5350417272718475,5.071428571428571,0.5406498522886959
0.1,0.0,134,0.005837054348750582,0.0015426607484336726,8.781211151183228,0.0021854646538500768,1.134126325782205,0.5682490257680324,5.357142857142857,0.5799532455033628
0.1,0.0,135,0.004948461648118912,0.0026540804115749387,5.077104037029358,0.0031420160472156664,1.6486118666312375,0.5618483039018932,5.464285714285714,0.5635849119355087
0.1,0.0,136,0.006038974186584008,0.0024341444196434745,7.986585957173546,0.0024036572131796437,-1.8827121699335596,0.6033100468251432,5.892857142857143,0.6133600052034267
0.1,0.0,137,0.005922512625013729,0.00764891517473026,1.884865823643274,0.006615567307201795,3.683878940322851,0.6205124782014818,5.964285714285714,0.6314567390397985
0.1,0.0,138,0.003571849808147531,0.000708352311920776,1.1809927175137176,0.0009567761749769084,3.528067833205057,0.5925071467760018,5.857142857142857,0.6252231883751553
0.1,0.0,139,0.006058156273062131,0.0010056603570406167,4.3217719305907565,0.0018633059910229091,-2.9446418167863633,0.5761277106730895,5.678571428571429,0.5775587358085181
0.1,0.0,140,0.003687746713830897,0.00338121224911459,0.3401379020481201,0.0032127161375819875,4.254012550037942,0.5871778171308245,5.75,0.6065001865511748
0.1,0.0,141,0.0031771169072027606,0.0007039318214988824,1.4084603262384903,0.0008044623475396466,-3.087373343169437,0.6186350054097026,6.0,0.6256826674870188
0.1,0.0,142,0.0064548658668723636,0.005095679108679829,2.0339875469643545,0.004728726358694974,2.0595781420014325,0.6044196486879517,5.607142857142857,0.6105144554189565
0.1,0.0,143,0.005765764169813065,0.004804970939954197,-0.29732681449333853,0.0054698382741862886,5.0876490332391695,0.6214395939175444,6.25,0.6364276349492823
0.1,0.0,144,0.0019317958825393426,0.0025649621685634207,-5.584087804187526,0.0026250361824531844,-3.9036007888086224,0.5393959882395951,5.357142857142857,0.5617923690629247
0.1,0.0,145,0.004311167561971148,0.009361491720799739,-2.919824731670694,0.008161015193704643,2.602212465203943,0.5930709567814466,6.107142857142857,0.6095641148956081
0.1,0.0,146,0.0036510030327606,0.0020529263976438233,2.034165609031234,0.0015802957111105478,-1.2354995628998324,0.51769167057109,5.535714285714286,0.5354553373775495
0.1,0.0,147,0.014543813959545848,0.009410667386395184,15.343353860840494,0.011127043497417588,7.873071440777172,0.6316446843502028,5.678571428571429,0.6594234273926066
0.1,0.0,148,0.002261482872483145,0.0019140523986249107,-0.2306108870206458,0.0017556375884063133,-0.36664261613134386,0.6405257366058098,6.964285714285714,0.6659580972571764
0.1,0.0,149,0.003391049696150829,0.0022080279829766476,3.7620134982610978,0.0020022098913976714,2.5961008149931977,0.5592820543513236,5.464285714285714,0.5700159598607514
0.1,0.0,150,0.004271792471909695,0.0019446400364425776,6.34238324177074,0.0020816572353436163,1.0068796885458084,0.589344503629085,7.142857142857143,0.6186777358743052
0.1,0.0,151,0.011858500691025065,0.009473415828855258,2.4513949540182267,0.008216575513737416,0.5762187710728407,0.5689528049367449,5.892857142857143,0.602973691157063
0.1,0.0,152,0.005448505032243708,0.007346227157402237,4.590921619009073,0.007724656663986294,4.513607099717016,0.609554207393076,6.107142857142857,0.6065321220644115
0.1,0.0,153,0.005008060271318732,0.006699691963656611,0.5007099074681989,0.005875955999123322,-0.506812201929525,0.5572365813747784,5.642857142857143,0.5749719290610561
0.1,0.0,154,0.007557395151042119,0.004390427755670769,7.71314409768496,0.00378609018894842,1.665586116654282,0.5602006415828675,6.5,0.5662185507300984
0.1,0.0,155,0.0021290791798879802,0.0028313523710379344,1.9889164730813462,0.0025394104139051035,3.784415706153387,0.5924545745110728,5.607142857142857,0.5908393729633472
0.1,0.0,156,0.007492095567802749,0.0024452102892112302,8.373923659921282,0.0019081315678180252,-0.44436820826331314,0.5903514068597181,6.142857142857143,0.6015267358006322
0.1,0.0,157,0.005689709421069016,0.0026177603991873293,3.67552089837573,0.0028374875607693156,4.450524304431013,0.5621211465283436,5.928571428571429,0.5758006732318002
0.1,0.0,158,0.0015072190709309683,0.0024024472096576175,-2.4117673713293897,0.0021110066657762682,-2.899406218565531,0.5933558814151464,6.285714285714286,0.5945623396582631
0.1,0.0,159,0.003127709910433572,0.0026291018677821144,6.9163099252091484,0.0026292880198872967,3.746875371440742,0.5821547667392266,5.571428571428571,0.6074572662221984
0.1,0.0,160,0.005676334552193589,0.0051107405577465875,3.5802203437931297,0.003885020495615234,-1.314087688179048,0.6301814093493935,7.107142857142857,0.6247304762126671
0.1,0.0,161,0.0022095098064582107,0.0016652777027201257,-0.14655714496486638,0.0013840158176623464,-0.47145365224019997,0.6260174372966667,6.428571428571429,0.6454578111979599
0.1,0.0,162,0.0020171403481402173,0.0026526062362124654,4.585429630791012,0.0017033322004511545,2.9701114002987197,0.6101486747233501,5.892857142857143,0.6340495607280212
0.1,0.0,163,0.002398133045326794,0.0015692430060219025,0.9817131803232542,0.000973921386376372,0.29875388065904457,0.6167721027588706,5.428571428571429,0.6430155943726327
0.1,0.0,164,0.008977017152315489,0.001477802265836917,7.47543855691157,0.0025708046323311587,1.4794865878736043,0.5847694624446753,5.678571428571429,0.5779499785355631
0.1,0.0,165,0.0020854965573967933,0.0013106442864431883,2.6977232856394195,0.0009461762757023253,1.1116264409133596,0.5418140631008365,5.857142857142857,0.5402758698264424
0.1,0.0,166,0.0022152380391224145,0.0007378425793571699,1.0051666226053158,0.00103764699606661,0.66125793992083,0.5993684460202985,5.678571428571429,0.601530135549758
0.1,0.0,167,0.0015961629637213028,0.000498233321772771,1.9136737935374413,0.00042675787113149045,-0.6165701346683837,0.5814891255125979,5.892857142857143,0.5970041943801332
0.1,0.0,168,0.0029064218308554337,0.0014872952336535462,2.2428229699959985,0.0012072541299928182,3.950833579469446,0.5586276146311046,5.821428571428571,0.5677463255664841
0.1,0.0,169,0.0026873227360562405,0.0015917238003144304,0.9632827606746375,0.0011854211884522307,0.6658095141879036,0.5654786600698865,6.0,0.5891709008169914
0.1,0.0,170,0.005862154293362766,0.0008524615445491748,5.434889303164056,0.0014175925160431668,0.35496913437986183,0.5760213457566017,5.964285714285714,0.5918727257042523
0.1,0.0,171,0.006420762200454437,0.005465039987045654,0.5715672845750461,0.00532694222777044,2.444870582625782,0.5581020135626968,5.25,0.5653645397847871
0.1,0.0,172,0.010966933755920269,0.010955501773262686,6.479503403542225,0.010198204156218757,6.819153369782289,0.5718139742730525,6.678571428571429,0.5619765087293261
0.1,0.0,173,0.010990553988022688,0.015502248139778456,7.626382997823583,0.014513091928711903,9.248505182477677,0.5512879475387091,5.464285714285714,0.5731448455420294
0.1,0.0,174,0.0064053919353955205,0.005546597476708028,4.806987105538646,0.005995887301668188,8.340214062994107,0.5369243875639953,5.071428571428571,0.5683720202236189
0.1,0.0,175,0.0013309032820111697,0.00023130377319187202,1.890764947705442,0.000605522154515115,-2.2955088413222122,0.49157705125879236,5.392857142857143,0.5129717402743953
0.1,0.0,176,0.007820890517668117,0.004383411432621531,5.777819554914409,0.0049429834029943035,1.1185182651030818,0.592533130222838,5.928571428571429,0.6011925444849503
0.1,0.0,177,0.002558037088648664,9.582810529970645e-05,4.201715363962357,0.0003083274211745576,0.9824452380240037,0.5208127672124728,4.75,0.5165702942564844
0.1,0.0,178,0.006831348877217848,0.002860838983590674,1.5432710613842673,0.003817233809543227,3.477830831692055,0.5538140004186335,6.107142857142857,0.5846077032249954
0.1,0.0,179,0.004456745848422264,0.0036604468429501558,2.7307046800915558,0.003823675061682514,2.042459235389297,0.61661652331663,6.857142857142857,0.6475707955132827
0.1,0.0,180,0.0052722002128989505,0.002810723588874467,1.8350018173130138,0.0031300231507173245,6.500881429257419,0.5410801329238165,5.857142857142857,0.5539618013341412
0.1,0.0,181,0.003526521981582615,0.0012054453263393463,3.9117699763405014,0.0011557122175180408,5.5624305301181876,0.6094748720895635,6.0,0.6343479943273074
0.1,0.0,182,0.011026833950137057,0.008368778274399476,-0.21663107356344113,0.00971856497113153,2.8619154693733058,0.5769188392217034,5.5,0.5973744250482331
0.1,0.0,183,0.011520633252473466,0.005204272396002676,10.206567030757476,0.004751051252999538,-1.267282760217076,0.5711632871633636,5.392857142857143,0.588536887838771
0.1,0.0,184,0.012261909309185916,0.009351579314384368,6.981979722806621,0.009368004516979335,6.286943411475865,0.5628560707257546,5.357142857142857,0.5670266550037837
0.1,0.0,185,0.011738934174539924,0.0054059001531469595,8.711675174748294,0.007134730581352477,1.826122402019801,0.5635024884142126,6.107142857142857,0.5801754462664848
0.1,0.0,186,0.003004101973303356,0.0009036787070835905,2.5928862098535603,0.001286866004745086,-1.0048809959891305,0.530433339095824,5.857142857142857,0.5568772773195629
0.1,0.0,187,0.0029921411260747893,0.0006233198251744961,3.855204306348213,0.0003263129005206183,1.0494313801762967,0.5659654102212348,5.821428571428571,0.594878828138261
0.1,0.0,188,0.0038055438043804284,0.0018421036452164288,4.924289124883273,0.0017652555253846926,1.3758486004198194,0.5984472363430001,6.5,0.617737272728594
0.1,0.0,189,0.003896011725748252,0.0019955332681276,3.8932379306995983,0.0015618309263254685,-1.3386913853798414,0.5903824874071066,5.714285714285714,0.6247235258379752
0.1,0.0,190,0.005769509807844391,0.011409637878323768,-0.6282834215851381,0.01225152232037795,8.625448735453185,0.5428382373671639,5.214285714285714,0.5642406410627302
0.1,0.0,191,0.007783599241857095,0.0036549091859232343,2.5083781510506356,0.003601501354671438,0.9983187251551063,0.624514403413503,6.607142857142857,0.6258037609181548
0.1,0.0,192,0.005001022792693571,0.0073639357274527945,-0.9281027927100922,0.009186727044845626,9.28176563541417,0.5963125996258896,5.642857142857143,0.5913065266568168
0.1,0.0,193,0.008123949485881833,0.0056480808742675834,7.758920508759658,0.006455371497210668,4.275240116934991,0.556070251286994,5.714285714285714,0.5501658607341755
0.1,0.0,194,0.003491586757215617,0.0009516250728851012,2.5294800728076297,0.0011536404762307949,-2.5605316875357196,0.5694068560321457,6.0,0.5678210798135315
0.1,0.0,195,0.004003137979639574,0.0014735692333084347,1.5417030463430166,0.001716428701852413,-2.753885159445313,0.5742640305964329,6.607142857142857,0.593158917184128
0.1,0.0,196,0.003102192420584449,0.0009280587206312368,-2.8988843628716126,0.0007733356546849553,-1.6675105528906424,0.564671636023321,5.071428571428571,0.5932025808260055
0.1,0.0,197,0.0023683793454878296,0.0022452118296103054,1.0290805469778803,0.0031738256230070465,3.106944849643346,0.616974508530347,5.785714285714286,0.6272944805007564
0.1,0.0,198,0.002341180098004249,0.004042080253321268,0.5393247983586207,0.0025920623655675268,3.173464169915879,0.5831203099158694,5.892857142857143,0.5822806755327665
0.1,0.0,199,0.003938739960136466,0.0008944469690083635,-1.8587259162990648,0.0012435376983337596,-2.7776455831719886,0.5866808660824318,5.678571428571429,0.6046679531163128
0.1,0.0,200,0.002310944191611401,0.002136369292603799,-2.21940733212012,0.0019922228750591064,1.5345952606204019,0.5799229597449996,5.821428571428571,0.5913489329950234
0.1,0.0,201,0.0047562886912524615,0.0013225734124087225,1.401504058605454,0.001525461512941569,1.2685126954122932,0.5982049139614842,5.535714285714286,0.6152165297452072
0.1,0.0,202,0.011962164992508914,0.002111939808034987,5.860419822218198,0.003182533995687192,-1.5717952067683523,0.5973724014674865,6.214285714285714,0.6021689564572152
0.1,0.0,203,0.0034681060106249917,0.0015739723711370507,0.7050426668098808,0.0021645395805309528,0.16614597694798286,0.5795924463603027,5.892857142857143,0.5953923914248249
0.1,0.0,204,0.004530690670665915,0.0006551143514157887,5.318746892443009,0.00046267340257994673,-4.7868043897003645,0.5874644289434727,6.5,0.6009702833712522
0.1,0.0,205,0.0019386244900399471,0.0005597157132635875,3.2251769429242003,0.0008189569575808159,-1.4855636978588695,0.572079181765375,5.892857142857143,0.5733944555251735
0.1,0.0,206,0.0016848646893414666,0.0012891354285502754,1.2312868549732556,0.00021174727083486628,2.8874268420962323,0.5676829245623737,6.035714285714286,0.5737916025502565
0.1,0.0,207,0.014549426957630718,0.019479283776411036,5.655671526658807,0.020964391265097495,6.587298026657474,0.6013403217991232,6.857142857142857,0.6178527736730026
0.1,0.0,208,0.010519550660022697,0.0013790035098650971,9.618695142328932,0.00193294663871225,-1.1552291974170525,0.5658404391421452,6.178571428571429,0.5703362202517614
0.1,0.0,209,0.006865179962862215,0.0022911652717215922,6.371943380473077,0.002738774194689915,2.0888479814889442,0.6081289455900096,5.714285714285714,0.6241987172273802
0.1,0.0,210,0.00552739668800785,0.0034181996256513495,1.683449543906839,0.0038716776336476574,0.7972176071267351,0.5704990766443438,5.892857142857143,0.5899607088076602
0.1,0.0,211,0.0027010199654760626,0.00041106935559524977,4.328445177282447,0.001012305668899657,3.3664099042846467,0.5494447668771488,5.571428571428571,0.5670113963664357
0.1,0.0,212,0.0037068739784703814,0.004941777353191774,4.038115034842463,0.0032403191109028518,2.846453484974944,0.5229685228962891,6.035714285714286,0.5298001564598747
0.1,0.0,213,0.009257479103065906,0.0022409740457316565,6.181895506781707,0.0026690931609560514,-2.6826838142091183,0.5495125616417272,5.964285714285714,0.5651260242492337
0.1,0.0,214,0.004017142556164193,0.0003071644598328018,5.106366637199891,0.0011008434720059328,5.915823330581048,0.5661872739395842,5.535714285714286,0.5787905313023829
0.1,0.0,215,0.0035224382784930165,0.0015829022817232421,6.478408977405664,0.0017368665217365117,0.9363294964236294,0.6023800003971705,6.357142857142857,0.6236389253994508
0.1,0.0,216,0.0040885039410109856,0.0022007574757378972,4.9948236006316336,0.0016770919317566184,1.5541365942912175,0.572922508954518,5.892857142857143,0.5869858478552619
0.1,0.0,217,0.0163583451130959,0.02322225141865262,-1.7301870450311867,0.021230781825707645,5.733354965031793,0.5848837888727945,6.571428571428571,0.6036068793440753
0.1,0.0,218,0.005635356349165424,0.0006806761097737812,5.013742455409897,0.0025809571497423544,-0.17935612880927465,0.5602282594953405,4.928571428571429,0.5666809669033368
0.1,0.0,219,0.004231639373410272,0.0017753210763236044,1.5226403812480669,0.001749825380388871,-2.628583246369601,0.582305387846496,5.821428571428571,0.5833807961278025
0.1,0.0,220,0.008884044126208484,0.003925877658068144,5.487846108375763,0.003995917530429266,-2.361209717297394,0.5974719770866693,5.428571428571429,0.6298561713500919
0.1,0.0,221,0.0019954736979485186,0.002807094925910766,3.4223617071776857,0.002559238204800191,0.6887653888670874,0.5772352625188405,6.464285714285714,0.584071609056652
0.1,0.0,222,0.005726455683478156,0.004245667604280733,3.599740582602358,0.0042453981030128205,1.2534212497841775,0.6002446457766669,6.142857142857143,0.6219022772188529
0.1,0.0,223,0.0017224084768982443,0.0012916855269482224,3.0849744985483056,0.0021621863651214383,4.103233975339454,0.5498808024633888,6.428571428571429,0.5452842736190316
0.1,0.0,224,0.004490677845672157,0.004460788670054232,2.9534996811554137,0.004022762027975129,-0.1483316185138032,0.5821221260636207,6.0,0.5822799513258522
0.1,0.0,225,0.0023920044731217133,0.010995244783687104,-3.294088228969123,0.0059151183735261445,4.479448929106742,0.5840874162300108,6.642857142857143,0.6010185135400616
0.1,0.0,226,0.0034554247479910483,0.0023586215503041998,4.680722012699334,0.0016548385727035231,2.142477807965103,0.5526242021416603,5.428571428571429,0.5452839115155744
0.1,0.0,227,0.0032007245516772116,0.0005074599735336827,7.3129305875110475,0.00035615940217084425,1.421667652723168,0.5856052177289566,5.5,0.600750687741336
0.1,0.0,228,0.0035864316432152703,0.0024189537267589197,3.222466187881082,0.0015874046363780511,0.048975859081934914,0.5838041786722192,6.142857142857143,0.6048434022997422
0.1,0.0,229,0.0045955298809035264,0.007566493101783435,0.11502134240985384,0.005737220824505497,2.279091452458099,0.5737591547763579,6.535714285714286,0.5658167868859365
0.1,0.0,230,0.00325889122964325,0.004247413286326719,-0.6964650618353261,0.003483051091974659,1.145788973752455,0.6042959766687487,5.642857142857143,0.6082794422385667
0.1,0.0,231,0.010727293478416566,0.012855817998111868,1.05767782893615,0.010556871393590028,2.437187126541128,0.5769515995709706,5.928571428571429,0.6003814930914608
0.1,0.0,232,0.0012889918685962383,0.0022203806063939542,-2.668409764858815,0.0020358791310181356,0.6882290109027073,0.5929699716116067,6.142857142857143,0.6225559745433424
0.1,0.0,233,0.018841193496026486,0.028136082637856226,6.214793256248399,0.023335113598739066,13.884428078011203,0.5685558724911217,5.964285714285714,0.5991733751403232
0.1,0.0,234,0.0032550231454505554,0.0011506088339382316,-1.0273038508530448,0.002160741817660009,-1.6686098553965205,0.560581922085207,5.678571428571429,0.5663107462936662
0.1,0.0,235,0.007115807160478315,0.0024943766467425167,4.579978467681109,0.003000949592866578,-0.5310523204325364,0.5786958808084876,5.857142857142857,0.5920136644165273
0.1,0.0,236,0.00814839210827922,0.0074903538227451836,-4.139654039425409,0.007166525569009176,-5.7691235315304255,0.5945075143927905,5.321428571428571,0.614238126203928
0.1,0.0,237,0.008639622432829062,0.0063336089315338615,5.6409017768363725,0.006276980153557818,5.008719350679153,0.5828424925181509,6.035714285714286,0.5882118999859589
0.1,0.0,238,0.004836135055063459,0.0005978915662210556,3.434753790131211,0.00042336807475190007,0.12152660512920004,0.5378904650722236,5.642857142857143,0.5513048370418518
0.1,0.0,239,0.004077572125805067,0.0025448039719497507,4.984426524746375,0.0024475602977185006,0.7251520034953766,0.5601171927765137,6.714285714285714,0.573236457716694
0.1,0.0,240,0.005841640329459281,0.003459671395483287,-0.38939541260015886,0.0022621615152277103,-0.13173965540026225,0.5802896094301017,5.607142857142857,0.5755417692599221
0.1,0.0,241,0.0164681336575828,0.0059906599819184855,11.155446855289867,0.005580285211526438,-0.5438099778190141,0.5799268972400627,5.25,0.605942637752994
0.1,0.0,242,0.005432062454327726,0.004853988741790381,3.240987685285134,0.0051182605226214655,5.378341457727184,0.554872274122802,5.678571428571429,0.5542365372738411
0.1,0.0,243,0.008629213145351122,0.008843542043011892,1.12585271317392,0.009118718748033473,2.2444117592306063,0.5844295009937374,5.571428571428571,0.6090659912981208
0.1,0.0,244,0.006067820121386176,0.003456507803213608,1.2294177868437117,0.004433684657785988,1.128774850954386,0.5558889861951346,5.357142857142857,0.5849458374449887
0.1,0.0,245,0.004339134363684207,0.0036047067648583256,-0.40289540235078647,0.0038426027883952814,1.5477952734463258,0.5656843532407336,6.142857142857143,0.5708127785766881
0.1,0.0,246,0.004613040319637293,0.0004266594044935558,1.7053923248035758,0.0005139196665182851,-3.1127873950878495,0.6189536723729355,6.5,0.6291705686876538
0.1,0.0,247,0.008023703615710183,0.0034425627152475436,1.184285789232952,0.0038928959921891385,-3.1928339677318527,0.5678513000295327,5.607142857142857,0.5781899223680866
0.1,0.0,248,0.0024909065034338456,0.0013593877254620453,0.7041239969202877,0.0010644239361110332,2.5700488253634717,0.6007344959079004,6.107142857142857,0.6099181716092876
0.1,0.0,249,0.010803399239600246,0.007865488188897736,4.9756142104990815,0.0066294928381666115,1.8211081358853296,0.5826364243051158,6.035714285714286,0.580594098213552
0.1,0.0,250,0.0005313645267222303,0.0003517107776787595,0.3347543356184417,0.000609406575786671,1.9604720742817203,0.5627233738509869,5.642857142857143,0.5537621213943693
0.1,0.0,251,0.0032158813361218186,0.0006219193955033875,0.08934826868978973,0.0003583158852911499,-1.841821981579604,0.5668713403064809,6.142857142857143,0.5692843197671056
0.1,0.0,252,0.00952080641053026,0.005784746793330776,10.08313069195843,0.00697149566454651,6.436817848862006,0.463671036206413,4.75,0.47941757429197407
0.1,0.0,253,0.0044499170785707864,0.0018398319845482852,-0.06127670109231076,0.0015086834779126552,-1.0320530836061816,0.5505717460302803,5.678571428571429,0.5585976207861587
0.1,0.0,254,0.0051613825938546035,0.0029647073653412148,6.522563274880547,0.0026076747570443043,4.251830451994333,0.6515369202423956,7.464285714285714,0.6530181290465407
0.1,0.0,255,0.006110035505531774,0.013114092042390434,-2.5785473395180745,0.012063331879657165,1.5683710791570888,0.5744944854138486,5.75,0.5831419587225093
0.1,0.0,256,0.0026897450119957285,0.0044492890355443005,-1.5027849442022472,0.002271834720717524,2.086376971919331,0.5611413678875002,5.071428571428571,0.5641518351898587
0.1,0.0,257,0.0018961520099830152,0.0016125203515175305,3.1932467388984733,0.0017825619447956974,0.42251114995332273,0.5787033850338724,5.035714285714286,0.5729731481527536
0.1,0.0,258,0.00045371953973809487,0.0002676448159493973,-0.19677384572241863,0.0004970506682226842,2.559045051399077,0.5807703045071898,6.214285714285714,0.6027228842208243
0.1,0.0,259,0.003667382473638842,0.001961356362481181,2.8768693938288052,0.001712167602393336,-3.9690587789611604,0.568578807103696,5.821428571428571,0.5951027991849513
0.1,0.0,260,0.010658072282344503,0.014683983834954487,0.41060894111649304,0.012446604290761954,7.21432371523332,0.5311128338191151,5.321428571428571,0.5451620838190947
0.1,0.0,261,0.004623357064332616,0.001266541920917387,1.7396353816439358,0.0008525488478521078,1.5568316219128537,0.5641157594391194,5.607142857142857,0.5775911641847937
0.1,0.0,262,0.0013670489971641634,0.00031034981546161796,2.766088357696745,0.0004013792777257319,-0.368770327764859,0.6062363861010898,5.785714285714286,0.6224736462989826
0.1,0.0,263,0.008830218054727237,0.0024193704051082734,9.278936870622232,0.0025486466240140174,3.3554660942672476,0.5707423385083439,5.428571428571429,0.5824174601137133
0.1,0.0,264,0.0044447112734020775,0.004900804833705627,4.443397421468774,0.004353004499132457,2.3665669671391165,0.5857841230634012,5.892857142857143,0.6044809568559715
0.1,0.0,265,0.0095447332924466,0.00975372623225818,10.109059856916957,0.00894445259704454,6.665972637434256,0.605833424201909,7.071428571428571,0.6026560660745468
0.1,0.0,266,0.008307446494031898,0.008853145368757384,5.783431512110184,0.006398766553957518,3.1762323741176224,0.5900332423515111,5.964285714285714,0.614604786129603
0.1,0.0,267,0.0053515668117869895,0.0009446847986378585,3.796007965869478,0.0009177745396056254,-0.7855754465307049,0.5625108967150886,5.285714285714286,0.5573880946549099
0.1,0.0,268,0.006042130950443634,0.0032872620936932884,9.948791429059547,0.0035676365866731756,0.9754591340569144,0.6333284102616764,6.142857142857143,0.6535943563480541
0.1,0.0,269,0.0035071507397441697,0.00492409904406248,2.9011456281018653,0.006189043436866721,4.735978979364414,0.5418196449398502,5.035714285714286,0.5542594403175072
0.1,0.0,270,0.0020222636470300552,0.003460567382051583,6.452696699460269,0.0019088113474390836,1.663793400297834,0.5383932366064685,6.214285714285714,0.5611727899308443
0.1,0.0,271,0.0022171780638733933,0.003648946110737514,-2.9729096951625777,0.004089334615081363,1.0676746253685678,0.5492643383417146,6.285714285714286,0.5375946647193814
0.1,0.0,272,0.0033015473225243086,0.0012265089754577383,5.505826708501765,0.001503046282184236,2.890271826541143,0.6309099256963286,6.607142857142857,0.6391916812806007
0.1,0.0,273,0.008405628082995721,0.0018761089444290988,5.323869032771867,0.002205584801870806,0.9765457966913308,0.6000173419113021,6.071428571428571,0.6051525682431618
0.1,0.0,274,0.0035963096599031423,0.004331103273522588,2.5010554999034937,0.004187101582585173,-1.43021626424139,0.5645977575730646,5.678571428571429,0.5731229684581586
0.1,0.0,275,0.0020998445185423007,0.0015939116970434622,3.004293161904023,0.0009116203119127596,1.4045451824646402,0.6067616135437233,6.107142857142857,0.603042199119474
0.1,0.0,276,0.010492310444956398,0.003239792727984547,10.10087549648852,0.003556721248660239,1.3177346200391848,0.5868047826691611,5.035714285714286,0.595916817815104
0.1,0.0,277,0.005058597194715557,0.0030225391008479262,1.9196544630820611,0.003084095503024857,2.1956579582801417,0.562315280903363,5.5,0.5759328007599506
0.1,0.0,278,0.0037471191431200056,0.0028971274653559367,5.593492347137428,0.0025473860358207127,0.5621203392688964,0.6390820605329461,6.107142857142857,0.6552331360109217
0.1,0.0,279,0.0010071615660212313,0.0007260826465449518,-1.7355912639496864,0.0006974477575739792,-1.6361938431554108,0.5331105523021533,5.642857142857143,0.5368936324262963
0.1,0.0,280,0.004464881274377173,0.0028230275329538053,4.610656683327505,0.0029663823400398488,2.501251265143528,0.6066933682576463,5.75,0.6086016539648738
0.1,0.0,281,0.006975538463523229,0.011096997905061773,5.671803356069958,0.01095234159441627,6.510303332867778,0.5863501945976713,5.642857142857143,0.5768068279797
0.1,0.0,282,0.0017723098947870057,0.00018812917563941484,4.92003475093469,0.0004589272970715735,2.081737975130172,0.5617471010381095,5.714285714285714,0.5664475509914717
0.1,0.0,283,0.00221429810890972,0.0017044523926282925,2.993540815008444,0.001843419794494614,2.9174365733510967,0.614688086982287,6.321428571428571,0.61831488809336
0.1,0.0,284,0.0041524427475828655,0.0028836735316730964,4.141631973130643,0.0021815581792970543,-0.624329582937861,0.5706160533721938,6.142857142857143,0.5646829504356661
0.1,0.0,285,0.003399656314643068,0.005236973575065096,1.5711547746435386,0.003986397791755375,0.9777443580959281,0.5763974664706789,5.928571428571429,0.5849668092702166
0.1,0.0,286,0.002664565938185139,0.0023409034817942257,4.705000791808921,0.002331500118463037,-3.0915175559421093,0.5577960553271983,5.428571428571429,0.5652825535270258
0.1,0.0,287,0.005278897866299314,0.003584808933814846,6.200543515613539,0.004167392792638686,2.1398721041828046,0.5643560379549002,5.714285714285714,0.5641262465455519
0.1,0.0,288,0.0015944586358330006,0.0007418378546354347,0.15633933446607529,0.00032173953578400666,1.4301548781262738,0.598717023162737,6.142857142857143,0.6230175860422313
0.1,0.0,289,0.0062741160935032726,0.0006958588026859222,1.4951279580373509,0.0011299719890888408,-0.7714491794997874,0.5429208027734732,5.071428571428571,0.5702647249358286
0.1,0.0,290,0.0023033704663840103,0.002587999877151314,-0.19565623755575956,0.0019570116013229613,-0.4788290214010355,0.5410674790189062,5.928571428571429,0.540971108464213
0.1,0.0,291,0.0008807666719858107,0.0009123309388763416,3.0382042110583924,0.0006724209968749503,-0.09480616881716249,0.5500292645109697,5.714285714285714,0.5440689337156093
0.1,0.0,292,0.003527122498595013,0.001772757342140644,2.4508148514929644,0.0015760287428756565,-1.7439476815793,0.5953812448772035,5.642857142857143,0.6060131372844197
0.1,0.0,293,0.003051412704992995,0.0037105869354688717,-1.003393205673774,0.0034992079478211513,-2.096732459961572,0.6076091267013527,5.964285714285714,0.6362145772984538
0.1,0.0,294,0.005433851829000909,0.00448231650070718,1.212353042220279,0.006144923738069951,3.3655722810723128,0.5470978530818408,5.571428571428571,0.5790407649081475
0.1,0.0,295,0.0020619320753767468,0.004523480948024879,5.698661799956248,0.0023554668085347934,3.2616034510046554,0.5317143749279992,5.071428571428571,0.5433233828141506
0.1,0.0,296,0.0013539756712989401,0.0027292136312292306,-0.9621202932408579,0.002917217455915171,0.21558701783016923,0.5937419897967077,6.214285714285714,0.6049431517437638
0.1,0.0,297,0.007554579902555363,0.005489740872496618,7.659338625594614,0.004925567216307027,1.4171219248485158,0.5801023658683848,6.142857142857143,0.5553905509334195
0.1,0.0,298,0.00299961496284613,0.0012054397796859833,4.424824569721245,0.0013490031025590302,1.2852870460374106,0.5296605458906894,4.714285714285714,0.5425470832941202
0.1,0.0,299,0.00854406618516082,0.003301906118738444,2.6211929814732926,0.004253400980920228,1.627739710294075,0.5883309843240287,5.857142857142857,0.604658276907263
0.1,0.1,0,0.017019451058170265,0.019171383164637113,10.919977322701477,0.017092367803683096,8.898015645824065,0.5881898165826879,5.892857142857143,0.6157100465820449
0.1,0.1,1,0.0010043885910619348,0.0017028800127108946,-1.0061564267270242,0.0016319624143919073,1.5256287064295957,0.5657774544877153,5.857142857142857,0.595303354208078
0.1,0.1,2,0.0011830271881529298,0.0011991562143307693,-2.1623002324008453,0.0009957342242767266,0.3409755015529754,0.6216769931308296,5.535714285714286,0.632600744562158
0.1,0.1,3,0.002174614372780325,0.00165897920457898,-3.8974272085630517,0.001072609197207161,-2.46714175497263,0.6261684259369977,5.964285714285714,0.6430781477448592
0.1,0.1,4,0.007376727531710719,0.0028704084388361333,9.557920610661618,0.0036191031727122363,0.2833022252654587,0.5991305651859946,5.392857142857143,0.6064377538801007
0.1,0.1,5,0.006271706218940794,0.0016779707155068703,-0.2864452324426878,0.0017344799626842155,-0.8890841037616989,0.5834500953727478,5.321428571428571,0.5897288620107762
0.1,0.1,6,0.042213838767683504,0.01640472254846992,4.765605107142839,0.02034584290398978,-2.028860957292229,0.6977016987593011,6.428571428571429,0.7411705761711251
0.1,0.1,7,0.005508550901829392,0.0004131314001618146,3.0968071439536047,0.0004952208053662527,-3.059575467288463,0.6035388031092105,5.964285714285714,0.6153749902414376
0.1,0.1,8,0.0013939539898238451,0.0012963702612927407,0.7146200723637364,0.0010862323348505335,-0.16943253748969292,0.6060993985004612,6.5,0.6346307267183533
0.1,0.1,9,0.010088814324273337,0.001935523508904843,1.3429217929484238,0.00268137964971683,0.3157212665216207,0.6003076550082739,6.607142857142857,0.6192004623900214
0.1,0.1,10,0.0014586448004875404,0.0018631454255300416,1.9774876777329098,0.0012793871761176499,-1.3232887871754808,0.5388770938816713,5.785714285714286,0.5496683909345972
0.1,0.1,11,0.0065908720066724085,0.005643566810341601,4.600657221337109,0.0051053490217150945,0.05641438721860936,0.6063505955863382,5.571428571428571,0.5980246823898795
0.1,0.1,12,0.012601226429333595,0.003608570718687274,7.5747054710721144,0.006491089813972715,1.703016003174838,0.5816688004007664,5.785714285714286,0.5998450669949482
0.1,0.1,13,0.015054359898515555,0.01333439447029358,10.486635991446647,0.011530106748661634,4.121283728011595,0.6021971014213038,6.428571428571429,0.6211511640059548
0.1,0.1,14,0.0081905664000125,0.00627438938141812,10.19321289265973,0.006696372955803785,2.538526283834434,0.5906781779399767,6.178571428571429,0.6033706370135585
0.1,0.1,15,0.006470601517015969,0.007516159449325027,3.7632868275033644,0.005714971435744908,1.6868917082182406,0.5702666382621944,5.964285714285714,0.6042542800917818
0.1,0.1,16,0.0035422807453472298,0.002400516257599706,1.6969550782219613,0.002563243586275116,-0.28063330198637004,0.6196494613214049,5.857142857142857,0.6320297174686267
0.1,0.1,17,0.0024064849238443443,0.0015027250189616256,-1.335811163296583,0.0013305763976194107,0.5632184347338409,0.5939793076385033,6.285714285714286,0.6087635443855177
0.1,0.1,18,0.003520878091153993,0.00046726991080500626,1.9078921261129196,0.0003527706766951518,-2.180962852152826,0.5761013468686379,5.607142857142857,0.5887790847594725
0.1,0.1,19,0.004191173152289466,0.002439797120835542,4.928529254889675,0.0021642962059218273,-0.904580474384943,0.6103955196545401,5.678571428571429,0.6027430916054204
0.1,0.1,20,0.025753357072655764,0.02035669687182278,19.611115330133476,0.02216059367936714,12.994067406575331,0.6676768806108957,7.285714285714286,0.72595926373323
0.1,0.1,21,0.010421518982214521,0.00885563069385552,8.557652249283365,0.0066547259653396765,6.452565724675509,0.5675550202068206,4.892857142857143,0.5836569402476137
0.1,0.1,22,0.004553648385882685,0.0030821289830282278,-1.6185835605523664,0.0025904991185170785,-1.9705527556699944,0.5516275565651688,4.928571428571429,0.5780447993491955
0.1,0.1,23,0.006932107845886505,0.008323301183899153,2.4927766946596392,0.009037757758947215,-0.13674243362136926,0.49379363202002985,5.428571428571429,0.5059265548273595
0.1,0.1,24,0.005747931827638965,0.0005302857092870454,4.7946584091196485,0.0006723181673971983,0.9973942611842214,0.5340179749016106,5.821428571428571,0.5317745155016768
0.1,0.1,25,0.00135363531144703,0.00323540713475971,-0.6297008832743458,0.0019117538182386968,1.3373453380711926,0.576207089466827,5.642857142857143,0.570929114370734
0.1,0.1,26,0.0032324818962709127,0.00200565947116742,-1.8642413272004177,0.0021305831699097205,0.07749287966896645,0.5651891825798312,5.5,0.5674551440947709
0.1,0.1,27,0.005364008356388757,0.0016967628875420176,4.002143871311851,0.002045809855401518,3.3854703917199154,0.5919417514812161,6.142857142857143,0.5994550614547152
0.1,0.1,28,0.0017295167282161271,0.0007557730792749093,3.5325410921007645,0.000642848855536258,-0.06971693477500669,0.552720946254355,5.892857142857143,0.5646829403772367
0.1,0.1,29,0.0040567453496194944,0.002615855137274028,0.4503663204223187,0.00273672664119735,0.4562844938116086,0.6030786306846219,6.392857142857143,0.6019844345704979
0.1,0.1,30,0.00942491145327775,0.005106597367991567,4.7972299181884495,0.004439247915194962,0.14772029044632026,0.5586174876733229,5.535714285714286,0.5749089733516548
0.1,0.1,31,0.008123044791559805,0.012934831357312378,6.038419469240459,0.010761959716494164,7.022013167314242,0.5240511253369499,6.464285714285714,0.5614330115569695
0.1,0.1,32,0.03117878150662893,0.019248264810213994,13.495530090131474,0.02422665341760261,13.648627547822818,0.6152782638026205,5.25,0.648688850287878
0.1,0.1,33,0.012289354802175821,0.01015199190887092,8.021822578813243,0.010089685305480564,0.9349350302240111,0.5772340139009835,6.25,0.6129735201134716
0.1,0.1,34,0.035003746182707136,0.01243675811530385,3.918435268108553,0.016814618181674054,-0.5098367139967289,0.6888898638993252,7.428571428571429,0.7317633094055201
0.1,0.1,35,0.007399046866757616,0.0009571702944589456,8.787726498057665,0.001006944332415585,-0.7166408047105884,0.5919646495750405,6.392857142857143,0.6093459274458031
0.1,0.1,36,0.006338463449751723,0.002992189975656442,4.667471866260939,0.0030787966264531515,0.5406796236220354,0.6129689409480712,6.357142857142857,0.6460487439232062
0.1,0.1,37,0.0019573696800711843,0.0013470501595764025,3.7568357407929938,0.0009746355971049911,2.1211396666304743,0.5857930341296117,5.714285714285714,0.609502154970714
0.1,0.1,38,0.005139930947857786,0.0033854593029833124,3.9969523801445845,0.0037530646225817435,1.7607532526347616,0.5874298194587029,5.607142857142857,0.5893586112258176
0.1,0.1,39,0.003696978007371359,0.0016954996975958576,5.024171925082733,0.0018612840454247902,-0.36960544030180625,0.5872645018609318,6.071428571428571,0.599395847481038
0.1,0.1,40,0.0013983395647783107,0.0035006261784378528,-1.344157361441141,0.0032796727844347034,-0.021369214572009316,0.5358725625294924,6.214285714285714,0.5433825967878275
0.1,0.1,41,0.005133396700018008,0.0023396252960267176,6.243710571084804,0.0017941608596953639,1.2497363025460022,0.6267546404527456,5.214285714285714,0.6420470782674201
0.1,0.1,42,0.0232788754520166,0.01606838715968614,17.089886754303066,0.0172760621471704,8.622248776502781,0.6474014785310419,6.0,0.666205192632979
0.1,0.1,43,0.0044697230649029425,0.004715317671625168,8.172342130310007,0.0049696487519134535,-0.08622201434754591,0.6029902663838345,6.107142857142857,0.6064968270357667
0.1,0.1,44,0.005585695951892072,0.003148130065520164,5.881781343001464,0.003048788932384654,-0.11734750624357086,0.5691555405544823,6.464285714285714,0.5870705700058109
0.1,0.1,45,0.003080347624048144,0.0027860147579242245,2.3883945871797394,0.0018182521198718655,0.2624645315306869,0.5499013261011013,5.928571428571429,0.5596888094959178
0.1,0.1,46,0.004748532400458927,0.005420828971796266,0.7702892992916759,0.005840283478416377,2.2811980356837864,0.5755390521034613,5.857142857142857,0.5896469461620205
0.1,0.1,47,0.008479200026085458,0.0124723924102784,1.4624281729154944,0.011849429531631052,4.429103045207815,0.6121001159016354,6.428571428571429,0.6050376808629445
0.1,0.1,48,0.0065733410293268455,0.0054539875013938435,0.7535416451902961,0.005737594829700164,-1.330981637387822,0.5504247809117488,6.035714285714286,0.5784808222037776
0.1,0.1,49,0.00041466585748711196,0.00018718094428667693,-0.5782381627247446,0.0002008523904921804,1.2734824878880981,0.5412710524880283,6.071428571428571,0.5287574795549475
0.1,0.1,50,0.03653110394536656,0.014318464100813865,13.004738157260547,0.017503390826285867,10.010320901277945,0.6692119724102408,6.535714285714286,0.7284255202047418
0.1,0.1,51,0.00473459331337723,0.0010255455731707907,1.8719011658125524,0.001025550743704974,-0.6851438820738357,0.5636622209724852,5.892857142857143,0.5894824003160237
0.1,0.1,52,0.07277513185552144,0.0585669638576596,20.45032003447511,0.06401849115972125,14.782782296621013,0.6523904988149087,7.071428571428571,0.7251652513190863
0.1,0.1,53,0.0013675764642778726,0.0012029288201161582,1.5382026294791302,0.0011278157561070117,0.4507869456277073,0.5876736400254396,6.357142857142857,0.5873084216850262
0.1,0.1,54,0.021450983535066453,0.009410833920980943,9.248571575730296,0.011973154406931183,0.7907910090095432,0.6116122714963926,6.678571428571429,0.6173990379243072
0.1,0.1,55,0.027827239041995862,0.0065263241507404505,14.332003718849531,0.009219567385278678,2.7970312296125237,0.7383378045757724,7.321428571428571,0.7937914203921006
0.1,0.1,56,0.009276563304502659,0.01801287377893128,-1.1105953049177373,0.014967297937867477,4.737205629624849,0.534593932682511,5.928571428571429,0.5480316833081789
0.1,0.1,57,0.02146690649927916,0.004050970188535867,6.625796299081131,0.005823165032097202,-0.4563853509761297,0.6786906779759428,6.392857142857143,0.717718261794171
0.1,0.1,58,0.0038252123128524034,0.001688028677090517,2.413156626450615,0.0011842525509525145,5.856462218782288,0.607877561930105,6.464285714285714,0.6322065547153085
0.1,0.1,59,0.003012142998163279,0.0017628235817892537,1.9169114775767753,0.0014252852019269705,-0.4194305551774467,0.5628488618649338,5.571428571428571,0.5656327176285407
0.1,0.1,60,0.002568774620482688,0.0022694168096448974,1.0971165146833357,0.0012771985422259354,-0.2547074344940559,0.5599654789239056,6.107142857142857,0.5678042520612021
0.1,0.1,61,0.002132734175115364,0.0018463124582270675,1.746283366573536,0.0016746051235117742,1.277848669599005,0.5909965505905095,4.964285714285714,0.5919895040691904
0.1,0.1,62,0.0021876526874633835,0.000837589135951741,0.3377528490500552,0.0006751055456783705,0.797057547771639,0.4902684360550185,5.535714285714286,0.4879932704681833
0.1,0.1,63,0.0068883959657247635,0.0032152193638016915,0.5631902820502717,0.0037321706342111132,-4.423228778913217,0.552538357493043,5.142857142857143,0.5537227527018311
0.1,0.1,64,0.005564355150203991,0.00042564267186432145,0.16906202155895755,0.0007102333679713758,-1.6658081811790073,0.5600677581019428,5.035714285714286,0.5690045546127226
0.1,0.1,65,0.005179485242840087,0.00335000780740916,7.288990043164105,0.0029675733770601503,-0.9385212919868309,0.5668120915045262,4.75,0.5848734771041305
0.1,0.1,66,0.013350706919185511,0.00423703854347623,18.00631085268538,0.004511453828840143,2.7249306013999237,0.6049442944862704,6.25,0.6052865264054568
0.1,0.1,67,0.002881865381964237,0.0031971738107543636,0.49872728176890035,0.0026144147837320595,0.35407710419098254,0.6240499272181836,6.142857142857143,0.6517841609319328
0.1,0.1,68,0.01017316645180027,0.0020680777010096425,1.7940603683137653,0.0029279026152205768,-1.9164901551658318,0.5946275678426617,6.428571428571429,0.6312660412774505
0.1,0.1,69,0.0036517699051198654,0.0031665810856863724,2.1451591974898747,0.0029623045134287928,-0.8866471753882005,0.6175802207788209,6.5,0.6308175157951665
0.1,0.1,70,0.009094624460581473,0.017291331336761695,-2.8085613953084234,0.013497998039586586,4.000070164012793,0.5940141823336883,6.964285714285714,0.6160318660296067
0.1,0.1,71,0.006962706173143137,0.010174468814409332,5.400730552622463,0.009605193861098158,4.441428826653076,0.5552547210385191,6.178571428571429,0.5571392994045445
0.1,0.1,72,0.00918896853561146,0.002182171806573112,9.762127194501034,0.0018255170376745072,-1.8833517992729394,0.6360330246631815,6.214285714285714,0.6370638607819631
0.1,0.1,73,0.0031348139671357965,0.0028349196973639196,-2.0647214840490733,0.0022685744335683472,-1.456533022117971,0.5784054033519889,5.535714285714286,0.5901390246434586
0.1,0.1,74,0.003279567705297992,0.0026116253094977636,6.022503088996366,0.001966298355658555,0.43727764857538887,0.612327227732527,5.964285714285714,0.6088145909145497
0.1,0.1,75,0.00584514453445529,0.0033190302746918324,9.017694335546409,0.0034641287957661152,4.468216111982751,0.6268343545455798,5.857142857142857,0.6641230675789508
0.1,0.1,76,0.014878961863991675,0.00820986651490122,15.733322434282748,0.008073933480184514,5.134839241682641,0.6766749022066095,6.428571428571429,0.7141428321411941
0.1,0.1,77,0.003069958290714517,0.0018315468502968922,-2.5347283507610783,0.001532083440234693,0.40698376797749347,0.6198283013595154,6.0,0.6260769579181618
0.1,0.1,78,0.0008916772532281171,0.0013170954721261074,-1.1844439184249467,0.001763469178344205,1.0437116118727185,0.5658378256514481,6.0,0.5645788356332997
0.1,0.1,79,0.0015825557599497245,0.0010502245879036969,2.9253167679148717,0.000707126592770427,1.1506600338160713,0.5890920533354321,6.071428571428571,0.6008841329237333
0.1,0.1,80,0.003170822166431659,0.0027933550603137,4.3970833793773,0.0029098163381396144,2.8931976152174457,0.5362521721742215,5.928571428571429,0.5441578200559158
0.1,0.1,81,0.014672750163300871,0.011030971678082173,5.675233646392101,0.010713454930708808,3.4717480045611637,0.5974739722924122,5.857142857142857,0.6126729641855893
0.1,0.1,82,0.034042122302363295,0.023535841803006424,28.494542966146142,0.02256413596289283,13.482603112765029,0.6000986557628477,5.714285714285714,0.6675636136941312
0.1,0.1,83,0.021646150640903528,0.004485252333081166,13.902190743096519,0.0055895548407986625,3.2344510673970035,0.6998689753585889,7.0,0.7495425086852401
0.1,0.1,84,0.026144022944524923,0.016900371685870937,9.396306015199109,0.019470841066806757,11.03294189843563,0.7127688619932656,6.464285714285714,0.7604998699419937
0.1,0.1,85,0.0013281829287922525,0.002578531170786264,-1.9942594541587297,0.0018010248249385238,2.1610838879615906,0.5483030601677864,5.285714285714286,0.5426556137469781
0.1,0.1,86,0.004967472457295864,0.00196113634085009,1.1933158890363558,0.0018800962986331696,0.6432626742134175,0.5890001846969559,6.25,0.6079057715876236
0.1,0.1,87,0.12401018080411232,0.07278229439487077,38.24663747574719,0.08357009336039564,29.181415606563775,0.5990230903408609,6.678571428571429,0.7026086501355944
0.1,0.1,88,0.03454493799234148,0.02300695109117115,6.8900875629955145,0.025349737321093094,9.45327064728182,0.6520972937804725,5.571428571428571,0.7099588876284392
0.1,0.1,89,0.00745836057666409,0.0034257643796156085,-1.3891040070607446,0.0036295642362317577,-1.9973438097834446,0.5562324066106163,5.642857142857143,0.5866741371292129
0.1,0.1,90,0.007931762103253479,0.006255130382508753,7.971449911205454,0.004136658821498346,-0.4988064900352356,0.5383686778171789,6.392857142857143,0.5618938284399384
0.1,0.1,91,0.004047677491229839,0.0006750448615394259,4.333423733858048,0.0006574649534878958,-0.9084576967079082,0.5564133730569325,5.714285714285714,0.5425612958548143
0.1,0.1,92,0.0031118079420868984,0.0013565504055711578,1.6736371415394231,0.0017718573249313264,2.595098289300381,0.5983164135803349,6.214285714285714,0.5938280944314116
0.1,0.1,93,0.0027967737258450596,0.000650646738121401,3.86470360550652,0.00035734353390105237,2.016345072328486,0.5498319256000477,5.071428571428571,0.5486225757997076
0.1,0.1,94,0.0034342418257000762,0.0011470483696633396,-5.322339482590905,0.0012648390424879654,-1.1387348693875292,0.599565883608914,5.571428571428571,0.6137993573981291
0.1,0.1,95,0.004830916801067955,0.0012165397169957835,3.954858596023051,0.0010794478756584185,-2.6776939894756517,0.5983346315772854,6.071428571428571,0.6198013529603399
0.1,0.1,96,0.0024051768205652652,0.0011303868438486773,4.962735960542766,0.0012437182957674136,-1.7416638607860666,0.5509825583706308,6.642857142857143,0.5451934359434281
0.1,0.1,97,0.00949947084023991,0.003409168584292856,4.062177646692717,0.004088536502362769,3.489541015979578,0.5784386091475037,6.071428571428571,0.5803793507465902
0.1,0.1,98,0.005862294201446364,0.002409131526803325,9.744239204132214,0.0025896387553746856,2.2491954426637997,0.5829918752889125,5.464285714285714,0.5830915760498155
0.1,0.1,99,0.033221249728572606,0.015324555671012617,27.022359273984133,0.01744021441192687,4.911066950997092,0.6377153989198844,6.714285714285714,0.6702934311903174
0.1,0.1,100,0.00751477713015966,0.014113958788913583,5.5436734075848335,0.009555601712892192,6.82542517968659,0.5813714851222659,6.0,0.5910104567884318
0.1,0.1,101,0.005785221239436191,0.003006420413935655,2.6835586288941613,0.0033395954299051843,0.4376269876268187,0.570668782390381,5.857142857142857,0.57292197086414
0.1,0.1,102,0.0024164007705660853,0.002123201001478793,3.1960237124162205,0.0015913774320332605,-0.31104927147169786,0.5727897884283744,6.357142857142857,0.5726506648488539
0.1,0.1,103,0.0020078273882810508,0.0024713759963824952,-2.6940509964478423,0.001721979090788246,-1.6273133027007702,0.5434977559922679,5.357142857142857,0.526319688438541
0.1,0.1,104,0.0032096558235072494,0.010442715881060464,3.260557596148068,0.00741007425622457,2.519963631762304,0.5174728056157948,4.785714285714286,0.5334395878989069
0.1,0.1,105,0.001259252223872159,0.0008103441101829193,2.4898127339447242,0.0007460092595306993,1.8094939470760114,0.5894246746825156,5.035714285714286,0.5941454881700523
0.1,0.1,106,0.0071463720419240135,0.01251679645367708,-0.19721597572483773,0.009532565287771149,3.6742819731056975,0.5406325664241721,5.607142857142857,0.5501314910810323
0.1,0.1,107,0.0060772332135663925,0.0030210930806425554,7.905790223825299,0.0036329886549054014,1.257680817937891,0.5355253280371156,5.142857142857143,0.5273486054120958
0.1,0.1,108,0.001753243141793801,0.005456413289184739,2.7224662441892704,0.005432306186149602,0.977518023868015,0.5806404008389459,5.642857142857143,0.5881634988238503
0.1,0.1,109,0.0027415427539670863,0.003716971273745199,1.3955320195832215,0.0035638751307939093,3.9888786324757084,0.5841606990805651,6.142857142857143,0.5762549018435346
0.1,0.1,110,0.020905180820263613,0.01957975303320712,9.663040088198422,0.02153777264206282,13.639642248479598,0.5508678163132467,5.464285714285714,0.5858184263093389
0.1,0.1,111,0.04361044313353046,0.029269560095177366,17.245369649584994,0.032584754955772226,19.08322441147618,0.6510799019119998,6.107142857142857,0.6993175018717857
0.1,0.1,112,0.0056483193215098185,0.0037351378729713696,-1.8861197416157793,0.003246742173938727,-0.5649614554086307,0.5460171431060855,5.678571428571429,0.5514186079364095
0.1,0.1,113,0.024517771284039844,0.0191563224343931,18.291015329955577,0.019981145064072954,12.123894306265717,0.6708050143921465,6.964285714285714,0.7089357542517697
0.1,0.1,114,0.011511555860050487,0.005802830729060833,6.327765882255079,0.007002011486033159,2.1819947299451123,0.5625823132319838,4.535714285714286,0.6186051441895715
0.1,0.1,115,0.005740830143251634,0.004079810219685054,5.93475219891512,0.0039109166738147,2.515329770385373,0.5629191557175702,5.892857142857143,0.5859856879312644
0.1,0.1,116,0.005286288656057206,0.0013805292055987894,4.056486747704319,0.0019807769373416818,2.252338549224769,0.5694517329886487,6.5,0.5869529366743769
0.1,0.1,117,0.004460706791069125,0.004578878087187802,5.546343831523465,0.0025884035031813737,0.9524885121536025,0.571442131574815,5.928571428571429,0.5846125413295205
0.1,0.1,118,0.0022708015739698346,9.91834098560987e-05,0.5765330766254451,2.2876247379469783e-05,0.47607751812922555,0.5917349974511978,5.142857142857143,0.5962376414781585
0.1,0.1,119,0.012023087841997737,0.0015186301351169551,8.363725169458675,0.0016721948337222606,2.1410422697789784,0.6873282943255551,5.607142857142857,0.732740686987004
0.1,0.1,120,0.0025466706007452656,0.001843177767328056,1.9372723420339497,0.0019070873988040003,1.9641031818443746,0.5930889574317886,6.071428571428571,0.6199676590314755
0.1,0.1,121,0.016184054543873193,0.013742000527388085,18.74669627227709,0.011634924683954169,7.751814150824411,0.6536002165259468,7.142857142857143,0.6842893735495021
0.1,0.1,122,0.006436158672345388,0.0015123548098142938,3.447017584037958,0.0026245147824137294,1.970321817579541,0.5842305315368813,6.75,0.6034099654723792
0.1,0.1,123,0.013847715114429037,0.006014525116253786,8.500318993497956,0.00732567591336687,1.8432718667663153,0.6550401022269943,6.285714285714286,0.6738619607607494
0.1,0.1,124,0.006048668197834095,0.0024798018911057055,1.9986659514360028,0.003360878896157083,0.140928289421538,0.5554424858129797,5.25,0.5596190140545478
0.1,0.1,125,0.008501733607363135,0.004357423878366738,3.194936097657532,0.00459329404474918,3.1406383956219295,0.5706516542672154,6.071428571428571,0.6021267110538784
0.1,0.1,126,0.003307740258791881,0.0037590924089546196,2.7307076301776547,0.003327431859441061,-0.4739576607944021,0.5552784323374855,4.892857142857143,0.579358832561556
0.1,0.1,127,0.0008315317693492377,0.0003016559349392292,-1.1707599089386136,0.00039602000679950396,0.8090714258749566,0.5493767179971074,5.785714285714286,0.5452407306783067
0.1,0.1,128,0.00889151180644949,0.003406448202854416,3.066517083377846,0.003487900066472081,2.2190258188166943,0.5878532580192798,5.821428571428571,0.5950216176015393
0.1,0.1,129,0.02287355181631628,0.01866927445936338,7.2323549407851715,0.019654555014867035,7.127317586121042,0.5722158990194465,6.571428571428571,0.6224112035694791
0.1,0.1,130,0.006778856951038451,0.0005183305506896099,8.634554504895533,0.000474060466111516,0.3873197745996322,0.5440342287332213,5.964285714285714,0.5704330125175493
0.1,0.1,131,0.0006033162051972013,0.002559811544469298,-3.074869592040592,0.001842374763106955,1.4134262679172973,0.5767180203328535,5.107142857142857,0.5800153563046972
0.1,0.1,132,0.006924911818715084,0.004853387052516724,6.089276751690051,0.002098158668273947,4.322672708352485,0.5746372674414632,5.642857142857143,0.598170972186577
0.1,0.1,133,0.0060911005989188775,0.005204053762351413,-0.25051161597669847,0.005054392460277567,2.7066575045952277,0.587224305388668,5.785714285714286,0.609118969045591
0.1,0.1,134,0.004573404313236524,0.00225353677292701,3.445424968411956,0.0019392988515564554,0.033901326243523044,0.6329722834639444,6.357142857142857,0.6450342607957915
0.1,0.1,135,0.013308533870423028,0.00790549781581878,10.58457238795448,0.008194377574986986,5.3776667893424985,0.5602619141519863,5.464285714285714,0.6008284394003344
0.1,0.1,136,0.0022284284510152813,0.000868863010845914,0.691580210829521,0.00031594689500744197,-4.59460570811773,0.5658921957821103,6.035714285714286,0.5766155568868782
0.1,0.1,137,0.0035796812654640916,0.001462667052087903,0.6433901747824606,0.0013667145779642988,-0.7507532674552332,0.6020373538364909,5.714285714285714,0.6172002531847488
0.1,0.1,138,0.002987434018627134,0.0007136625694270575,-1.40131753647902,0.00045069180798697504,0.2502789028802681,0.5909754460472328,5.607142857142857,0.5963368880007117
0.1,0.1,139,0.005398335556227779,0.005636267743570577,-2.423785384676286,0.006851075133014892,4.689377407632065,0.5947422893367584,6.535714285714286,0.6078409953025073
0.1,0.1,140,0.003705655879187609,0.0011019544866872624,3.2651360604206587,0.0012237560872578731,-1.1561804258208401,0.6152351494172524,6.178571428571429,0.6206281055620695
0.1,0.1,141,0.0005826549559696269,0.0024868145740405386,-1.5901280342825572,0.0015923594269305881,0.8675016807564191,0.5690223498419215,5.035714285714286,0.5732546634738462
0.1,0.1,142,0.054813654857323216,0.04694770990798268,24.27198640028468,0.04687164315207169,24.206698286632243,0.6519471152993531,6.642857142857143,0.6963477807767935
0.1,0.1,143,0.003986364499037576,0.002125169921230913,1.3813099476732518,0.00210856413925834,0.5248646136187555,0.5902398104143851,6.392857142857143,0.6213204071384653
0.1,0.1,144,0.005285251123184705,0.0034646950986403,3.8738434432242244,0.003421847829620778,-0.8141003324379312,0.5478714521384799,5.642857142857143,0.5500087380090508
0.1,0.1,145,0.003244482424676102,0.00041764431816444976,-1.425049610189589,0.0007459034979915746,-0.6086932451207948,0.6127339902300811,5.964285714285714,0.6252841022233953
0.1,0.1,146,0.004339563344518543,0.0007951056941654551,4.646800903735951,0.0012484416323032008,-1.3376717197077805,0.5531256415271777,5.571428571428571,0.5496195069678789
0.1,0.1,147,0.0031998808016500814,0.001076773092653603,1.5282367234781233,0.001148250141467629,-0.9658798592790276,0.6008762963634057,6.25,0.6089571792092405
0.1,0.1,148,0.002845654620022186,0.004332698164611738,4.451395280838284,0.0029078823017685967,4.739724515770026,0.5615792605966581,5.642857142857143,0.5720913558255338
0.1,0.1,149,0.0030711885331361224,0.0021435833980150316,2.9283196362114623,0.002480592185114035,5.811952202914161,0.5406594392485449,6.0,0.5589924946062049
0.1,0.1,150,0.020517390039884967,0.008531107304770653,18.955242926475613,0.008826440856705075,2.29628970233234,0.6242651299971931,6.464285714285714,0.6464537164063359
0.1,0.1,151,0.002318840021130014,0.0003794812085599186,3.3979096339849377,0.0005461165000868757,3.439303521444278,0.6104861145674698,6.5,0.6211444550335676
0.1,0.1,152,0.0020207541012280676,0.0012983096451928038,1.1489418146177357,0.001255198087091372,-3.6453570094301995,0.5777045455270567,5.571428571428571,0.5858374769745578
0.1,0.1,153,0.06048176878594725,0.03249829711092717,33.44232985556843,0.035855818773541354,13.799821481931502,0.6483772299522679,5.285714285714286,0.7000178300748154
0.1,0.1,154,0.009268778632527803,0.0036815693578279313,10.88987987545935,0.003138793221070229,1.1906061807199062,0.5498160745958247,5.75,0.5713077438273544
0.1,0.1,155,0.00318679154471693,0.0005589983741871468,6.110725621397286,0.0004959360889567647,-1.8726213208905922,0.5582346547410855,5.571428571428571,0.5678226992206593
0.1,0.1,156,0.00434043879994138,0.0006949545863035717,7.4373469068960105,0.0007200888583751464,-1.6526603680920289,0.5575151631773994,6.321428571428571,0.5693626648734365
0.1,0.1,157,0.028525322473706104,0.008211127857345126,21.088751226224687,0.007463320148086404,7.584905862255577,0.6714580377527436,6.392857142857143,0.710682169167282
0.1,0.1,158,0.004487081838917066,0.0019366820762617147,3.9821966059037877,0.002165014947308208,-0.8913392509871585,0.6149531610538649,6.464285714285714,0.6234487305585711
0.1,0.1,159,0.000547327809964073,0.0004829469717996964,3.344419986395941,0.0004261361045008542,-3.1743083211054284,0.565101774086684,6.107142857142857,0.565134443154613
0.1,0.1,160,0.0030611563307300954,0.003073178870160047,1.5126628073333848,0.002337179826358315,-2.193178260893982,0.5810549258084493,5.892857142857143,0.5799329576513319
0.1,0.1,161,0.06989620644208087,0.038256551434919905,27.102018922626645,0.04522260163525404,17.17423204116528,0.6500446578359639,5.857142857142857,0.7045659199059038
0.1,0.1,162,0.003861255645841598,0.004343687679370161,-3.434958347958684,0.003268635794232183,1.483420968193163,0.5677643407572536,5.714285714285714,0.601814577873796
0.1,0.1,163,0.004229239725131618,0.00677295720585618,6.325743167860644,0.00496452630904238,2.586125630200835,0.6064577024655874,6.642857142857143,0.5968005313023326
0.1,0.1,164,0.0010447842149108049,0.00041236483638192707,0.21711108998740514,0.00020458088318018133,1.4334683969454243,0.5499321567717111,5.392857142857143,0.5654677694453694
0.1,0.1,165,0.026824965056157956,0.01303844117593979,11.229283635784608,0.0157028774274256,8.959111137546804,0.6231437290219584,6.428571428571429,0.6620646804182261
0.1,0.1,166,0.005675063276155935,0.0027577114611574216,6.999859331668759,0.0038140247576118505,7.659687104800601,0.5349278530850798,6.678571428571429,0.5310657885101264
0.1,0.1,167,0.008919554201239606,0.004739026842761251,13.671663770421617,0.0048415976025296065,5.055581073467863,0.5990884659568116,6.107142857142857,0.6204323987018974
0.1,0.1,168,0.0031605750857390323,0.003166339232605256,2.6300997792716103,0.0032064742385555694,3.23097249955984,0.5445844454835588,5.892857142857143,0.5360070019945513
0.1,0.1,169,0.002881363912344311,0.000737642403381752,1.2847756122921226,0.0010451192389971512,-0.028333623685891023,0.5607906391723708,5.5,0.5643116334571947
0.1,0.1,170,0.0027762632337197113,0.001641481918821777,0.4310186598421595,0.0017879577058916175,-2.3906238389686223,0.6110383307304754,6.392857142857143,0.6388178798700759
0.1,0.1,171,0.0488557545654681,0.04920653765569897,9.359202079276791,0.048690318966183435,16.07898239070826,0.6742193930565976,6.5,0.7195327421012022
0.1,0.1,172,0.0032631975416784757,0.0006503785519191129,-0.5139806490770837,0.0005912220186437011,-1.8931870011622511,0.46663981163899804,5.428571428571429,0.48916332732260015
0.1,0.1,173,0.0030036399535951276,0.004287255037686717,1.8237737187401848,0.0032605560681199866,3.3393048127021623,0.6104364090864663,6.821428571428571,0.6290569285526779
0.1,0.1,174,0.0033918555558713538,0.0011419167007454035,1.0281103257146995,0.0013133478625260641,0.9371020548001733,0.5505476743859051,5.178571428571429,0.5665572079884187
0.1,0.1,175,0.0013940727575083181,0.00023707430232751796,4.634531171255858,0.0002702660714803698,1.2356998656240894,0.5163952789683541,5.535714285714286,0.5180360789926881
0.1,0.1,176,0.004015389741136162,0.0005946114340254547,3.9498355980963495,0.0005877769717319679,-1.5742627782051102,0.563494883115831,6.142857142857143,0.5628036536098011
0.1,0.1,177,0.00491984490327982,0.007732049458826794,1.3106385552113977,0.0067032854409532485,5.661090414539937,0.612968800327839,6.25,0.6190751444185516
0.1,0.1,178,0.005063404054396811,0.0028450906426448694,5.720760135191156,0.0029729662600686073,-1.466632289243582,0.5858670913776115,5.428571428571429,0.5787573485439048
0.1,0.1,179,0.001871810142122329,0.0016395513033672974,1.2173900478104756,0.0017215959252308579,4.835360237560508,0.6112441059729921,6.035714285714286,0.6148253071350208
0.1,0.1,180,0.004068761936705974,0.0022908771041976073,6.615696173551143,0.002215570750354194,-2.911807925319048,0.5769513701109845,5.892857142857143,0.5929766584440179
0.1,0.1,181,0.0022940440836430485,0.0006308263740964415,1.3782106450295402,0.00017289259468737813,-0.15244685070213868,0.6061745624913589,5.892857142857143,0.6084600715131194
0.1,0.1,182,0.006969000328855151,0.004577218762470708,4.116401507508797,0.003489897632270373,2.02729621206881,0.5871994091674423,5.928571428571429,0.5906700191881137
0.1,0.1,183,0.02289158241820133,0.010650255412254601,13.82245614535308,0.012698336405077008,1.847380149426679,0.5920793007652039,5.857142857142857,0.617033142439264
0.1,0.1,184,0.0037982828809455865,0.0065080197016039185,4.9188965741730115,0.006106526203656518,0.8015742047628862,0.5681859101816202,5.678571428571429,0.5690837245102616
0.1,0.1,185,0.004640221150726494,0.0050543041446097356,6.477516840875197,0.004505980830238675,4.329149277861887,0.5135079201860716,6.464285714285714,0.5186231392226286
0.1,0.1,186,0.0026132759962376744,0.001091393929916031,-1.0924312671668375,0.0010505518540315192,-1.922642999552437,0.5845255807259908,5.5,0.6113081962555074
0.1,0.1,187,0.005762445897860257,0.0030347380523638276,1.6507186630757076,0.0031951117492213096,-0.3043995797107944,0.6300844951810705,6.571428571428571,0.638837896144514
0.1,0.1,188,0.0024796146756393494,0.0022466374223417637,-1.8427604938479476,0.0023976456774700157,-1.6026773127473366,0.5856830285306989,5.535714285714286,0.6018172232407193
0.1,0.1,189,0.009087511434593189,0.005694174526243874,7.291043499484822,0.0048811783548612505,4.714899475247449,0.5709277572307541,5.678571428571429,0.579065347709518
0.1,0.1,190,0.003787766703283391,0.0021517174817895107,-2.0445730155562103,0.003166654164685172,-0.4109248225182777,0.5864963370089692,6.035714285714286,0.6085715390273521
0.1,0.1,191,0.006147803083405148,0.0029544388146023875,11.385763944511439,0.0022381638315304756,0.7920160041080067,0.5819390955215574,5.607142857142857,0.5739695059904509
0.1,0.1,192,0.007173211191723318,0.00022153734545650745,2.8254890826941406,0.00028720436890520374,-2.3542597563370293,0.5710062762986444,4.964285714285714,0.5879591417144234
0.1,0.1,193,0.014086015169260137,0.004067877744969772,10.723238950277732,0.005700088090791184,1.7971900525053381,0.6152198291343848,7.392857142857143,0.639105892936539
0.1,0.1,194,0.0015931534599162222,0.003859550773204171,-1.931893115441916,0.0029888309037062926,0.8905375668894351,0.6243928316074546,6.25,0.6316694044118816
0.1,0.1,195,0.001759553673934515,0.0006654011519634042,0.9039748248294259,0.0007484850443060359,-3.047851835638587,0.5865198732483411,5.714285714285714,0.608514517791277
0.1,0.1,196,0.0017184089782968568,0.0009433520717259974,-0.5347696095899863,0.0006904758582571576,-2.207331811201963,0.6139837451190294,6.178571428571429,0.6306910712796079
0.1,0.1,197,0.0035097057851275694,0.007447924965294878,1.976305683655042,0.006103267830385207,2.4677866136523505,0.5987107642644045,5.75,0.6155377456870071
0.1,0.1,198,0.0018721756764718497,0.0024690535390559393,0.21823570023918393,0.0015478280781288146,-2.2734085378689883,0.5674796555274225,6.571428571428571,0.5800020389442168
0.1,0.1,199,0.001814893000754586,0.0010137233563746516,1.78633079780586,0.0006143075332229001,-0.9179407426785152,0.5301544614279046,6.357142857142857,0.5392150072812216
0.1,0.1,200,0.010818943954696094,0.009704089822380559,11.149578429589369,0.009021732886429826,5.889346608679982,0.5702457570240514,5.357142857142857,0.5910476226849386
0.1,0.1,201,0.001408106546987829,0.0020932393072735844,-0.16702739970351388,0.001005231714902345,0.5988691247577265,0.6204753341491089,6.321428571428571,0.6298781188429683
0.1,0.1,202,0.003373979925988814,0.00512250943788899,2.9832262539299634,0.003813858130815914,1.7917241542918323,0.6123503933579778,5.5,0.6446760901845012
0.1,0.1,203,0.0030168116527255133,0.0019469453280540339,1.268919542613638,0.001135796188065593,1.7349539828942966,0.5634151365701207,5.75,0.5595693857640566
0.1,0.1,204,0.008502549757262653,0.0021374814001760872,8.318597093633855,0.002231653103448233,2.2008897921742423,0.538696645910454,6.357142857142857,0.5674207442663395
0.1,0.1,205,0.0018281975304757362,0.004309809172278238,-0.6479894260635248,0.002159830784800758,2.9352903722189865,0.5309368962883232,5.571428571428571,0.5412165341407409
0.1,0.1,206,0.0011734481218020863,0.000494589241525973,4.466467119209177,0.0004956184835365574,-1.0199751486987338,0.5835683414071247,5.535714285714286,0.5948291495556228
0.1,0.1,207,0.06458617061654874,0.03824917489229696,28.277319258326315,0.040244059571650025,5.54754037328892,0.6272024575614387,6.678571428571429,0.7192296916828371
0.1,0.1,208,0.008465484352249524,0.0013879420624743756,6.2795891222685185,0.0015477870193658521,4.712657226897524,0.56561853965896,5.428571428571429,0.5857583271938775
0.1,0.1,209,0.0007791555074301407,0.0006330082634431355,0.5444728555461467,0.000958092096797698,-0.6024298100657101,0.5582843178459058,5.607142857142857,0.5713885130151625
0.1,0.1,210,0.0025581487770271606,0.005588513355508429,1.9209451202734442,0.002729702576867961,2.5060557296487787,0.49476013003503416,5.25,0.48240869972465705
0.1,0.1,211,0.000977184993527918,0.00026833589176728705,2.38922283673444,0.000149136155661419,-0.5523293041248584,0.5792013465135631,5.607142857142857,0.5984637026564126
0.1,0.1,212,0.003583345802354389,0.00029199083702231366,0.4298216517369937,0.000509601918275749,-0.26345427173530805,0.5377755406562795,5.392857142857143,0.5356836033735791
0.1,0.1,213,0.005018439243507078,0.003962507870863632,6.953093308552248,0.003255548214314721,1.8470498360581094,0.5833678146288138,6.035714285714286,0.6165914868642368
0.1,0.1,214,0.0017021466378575726,0.0019567518019908935,2.399890458865535,0.0011835421584089113,2.242996361526783,0.6172867722100641,5.75,0.6258716854916627
0.1,0.1,215,0.012726956461210692,0.013741292186560002,11.57482373173334,0.01273088203198869,5.812881411721672,0.5983597877968985,5.035714285714286,0.6004105217186108
0.1,0.1,216,0.027074380323618384,0.016258826941773535,9.264378282886774,0.0179352519449685,8.37640406060108,0.6062478416046838,6.678571428571429,0.6501786746702662
0.1,0.1,217,0.001241552320650265,0.0012401322786983128,1.7927995714588505,0.0009522675825384121,0.763274039555796,0.5834813521009755,6.0,0.6065516957679575
0.1,0.1,218,0.008937233019117061,0.00278985244041779,9.477192066697818,0.0033332107958149652,2.6243957911072946,0.5711819790500297,5.107142857142857,0.5774893326458933
0.1,0.1,219,0.007445870264023136,0.001980050105148634,3.1311587638974174,0.0036353536287927314,1.0738154900051597,0.5331937123128979,5.892857142857143,0.5353002062214394
0.1,0.1,220,0.03112065210799383,0.02315016239054854,27.93628690652931,0.024137120992326035,11.48397505382304,0.6038777454324729,5.535714285714286,0.6551127768451295
0.1,0.1,221,0.004004144796346865,0.00537942677184034,5.388156065704877,0.004887888836098949,4.424901497743406,0.5445163036823496,6.214285714285714,0.5694346530524081
0.1,0.1,222,0.0004905779435123116,0.0012463462226476477,-0.8734317594655465,0.0009217256870036419,-1.077105381013799,0.5028005940835995,4.785714285714286,0.499043823073012
0.1,0.1,223,0.007111024684410861,0.0024982122428523533,5.785276533398701,0.0028772685614457502,-0.8586186862239819,0.5698996050536536,6.142857142857143,0.6164042693184495
0.1,0.1,224,0.0023442174537022546,0.002151654708242914,3.2021604415608707,0.002624954592019381,1.470991546186885,0.5449415088972258,5.535714285714286,0.5498789239196546
0.1,0.1,225,0.004595501573423675,0.0013391090288052876,-2.076074673391112,0.0008753936828935592,2.172843492219935,0.5819056786301257,5.857142857142857,0.5963590970127516
0.1,0.1,226,0.019339831766666524,0.02441085313431665,12.047971339048466,0.021935302167700014,8.426554789981347,0.5371657596800993,6.0,0.5741874017458044
0.1,0.1,227,0.012947297529769163,0.004850140030277807,10.803582843721173,0.005493186864583015,-2.0515186788019455,0.590689828186011,6.535714285714286,0.5969447188872927
0.1,0.1,228,0.013003028232877481,0.007931472496207648,15.436950516756042,0.007673689275339425,6.42730739115845,0.611182876508873,6.214285714285714,0.6319790732767694
0.1,0.1,229,0.025289211866164712,0.015448055245144731,11.09592590308388,0.017139145092223165,13.598102499676761,0.6178589816197372,5.964285714285714,0.6335240077936533
0.1,0.1,230,0.07987674277699044,0.06335667812377836,21.09462053358288,0.06275320037474155,19.070436402902356,0.6583631438042021,7.071428571428571,0.7311327263517134
0.1,0.1,231,0.00987790020105939,0.007406038777305387,13.484152267296288,0.007030987217575052,0.17483502921746208,0.5649702386320152,6.25,0.5844048850552617
0.1,0.1,232,0.0047657749043394934,0.0020720202867729846,0.523915776241644,0.0018648277057966701,-0.22424457468522027,0.5600294750292493,5.5,0.5771012784409573
0.1,0.1,233,0.0018000613640347459,0.0018956763961721803,3.5555309794969503,0.0016755382479448936,1.527627214849673,0.5621387641539156,5.428571428571429,0.5662580702990769
0.1,0.1,234,0.01111576146416947,0.00469775958176701,6.57898288147824,0.004656281027151034,2.878877531908927,0.6161633542602527,7.035714285714286,0.6529864047603207
0.1,0.1,235,0.004075914551000593,0.0005259959278182902,-1.5792429981193195,0.0009299616888963351,-5.862605012459103,0.549457928408641,5.321428571428571,0.5590924552772432
0.1,0.1,236,0.023245624997456093,0.017000211078439766,11.377771932296888,0.016127205194410608,13.063192548472765,0.6305900743270331,6.821428571428571,0.6479934708320962
0.1,0.1,237,0.006492304695695534,0.0052918270225288154,7.451214801512407,0.00495053213454308,4.202143974697719,0.5772795896804973,6.785714285714286,0.5620868094657525
0.1,0.1,238,0.026950542018209088,0.01997686062728554,18.986764464805333,0.021801325934687987,10.707399074807634,0.6873754025859659,6.178571428571429,0.7373485641222433
0.1,0.1,239,0.003955629466802185,0.004111284835186343,1.1508691881701623,0.004518783685915831,1.7724302388185909,0.6059457303097355,5.25,0.6335304954805943
0.1,0.1,240,0.0031659355287414173,0.002981903493694895,-1.7974077446201093,0.002805374875893112,-0.4574127655355369,0.5620599951775578,6.464285714285714,0.5594403864074389
0.1,0.1,241,0.0027796668846363595,0.00043536230672225167,1.0135123768436998,0.0003981182042259394,1.087251442874276,0.5428406583605935,6.0,0.5429594286059749
0.1,0.1,242,0.0018719479229351316,0.010226806795864182,0.6095252883686797,0.006008643318139393,0.7148077831605519,0.5655953498004502,5.25,0.5805915836062105
0.1,0.1,243,0.0039499920288696595,0.002142296834036685,-2.0711910330872243,0.002556457536198974,1.177844290404541,0.577332984953916,6.071428571428571,0.6170091027930795
0.1,0.1,244,0.002463852971254151,0.0004040084000012599,1.619577518453852,0.0005081445845710401,-0.21872514284675995,0.578961461019354,5.214285714285714,0.5782530792460752
0.1,0.1,245,0.0037355832309129023,0.0015292917459411512,6.013062927181572,0.0014819012458998284,6.422280572368455,0.5560832313735259,6.071428571428571,0.5467472118197246
0.1,0.1,246,0.0008651306272533176,0.00037874865435202367,4.307920017375849,0.0009161766925053653,2.037978061935064,0.569001280102974,5.464285714285714,0.5770955250193599
0.1,0.1,247,0.0077151088823337564,0.0017286569641798682,3.626469972507934,0.00263240373558201,-0.9084469675153836,0.5739015922852186,6.785714285714286,0.5805969849827801
0.1,0.1,248,0.00251105412536823,0.0007506127957806685,6.458377423739094,0.0005153025826111656,2.2725031541204146,0.5486205303780833,5.821428571428571,0.5475062611333925
0.1,0.1,249,0.007073297862099157,0.0040622944527791026,5.915757266544638,0.004734773838254829,4.697683562372873,0.5307981854940528,5.214285714285714,0.5524196328853328
0.1,0.1,250,0.0025403196240171935,0.0043581525734256625,1.13493086029969,0.0035319734760849756,0.7412293972301427,0.6215555059841863,5.964285714285714,0.6414589820192549
0.1,0.1,251,0.0009895007714138158,0.0008175774884720359,-2.799723236444777,0.0004734189050312261,-0.5357933895634138,0.5829621692482453,5.75,0.6034446067031154
0.1,0.1,252,0.0068476658259937345,0.0060639973645374,1.6177441389253886,0.004498755641736074,-1.2014342950929613,0.5290767766041363,5.928571428571429,0.5556947882464496
0.1,0.1,253,0.006954312464191179,0.0036100328258845517,2.832064678256309,0.0032311728504965916,0.2740474340449642,0.5765706638917437,5.428571428571429,0.5874398048894036
0.1,0.1,254,0.0021408964166661167,0.000878089990036265,2.8785122607293943,0.0007889258963614321,-0.6238413185523181,0.5432569051810183,6.142857142857143,0.5456611227336543
0.1,0.1,255,0.013547814810913359,0.007712196845637234,2.7919495869419606,0.008960460594940422,1.2364639865560036,0.5867595407087276,6.071428571428571,0.6193712344037955
0.1,0.1,256,0.007185416643713536,0.00893228167974408,3.881626640746312,0.006978940800155144,1.800209642781984,0.5687668746337549,7.321428571428571,0.572134989292123
0.1,0.1,257,0.003797778585236347,0.0004229162301468507,0.1330017885347985,0.0006793618944256902,-0.8412922008827289,0.573466250216484,5.107142857142857,0.591633687130372
0.1,0.1,258,0.05821983432580219,0.03615788983091168,34.38315290220055,0.03651120290981731,16.257647889811313,0.7391586202114981,7.678571428571429,0.8151046186542394
0.1,0.1,259,0.002496091777547253,0.0032151524390653507,-2.0297102148167028,0.0018777242552493372,0.9557343542764632,0.6223554249905396,6.035714285714286,0.6182180555938546
0.1,0.1,260,0.004763679398570773,0.00619285798258482,1.5168775207807457,0.006343001063815105,4.115952582764076,0.5529748912683689,5.75,0.5438399535710947
0.1,0.1,261,0.013622002301251308,0.011021600691866265,6.395204531327302,0.01012309457878768,0.45138817334435544,0.5845393061704931,5.821428571428571,0.591236761390735
0.1,0.1,262,0.005260137524660668,0.0004256228257329237,7.30312368718748,0.0008022426890267834,2.3833349831368387,0.5975462550198509,5.607142857142857,0.6040787705577764
0.1,0.1,263,0.001699533513308816,0.00105034845507986,3.941004196266533,0.0007457022959580554,0.8034259327224144,0.5842259944834091,6.214285714285714,0.5885219711880214
0.1,0.1,264,0.026070608021342968,0.017546228122076207,13.43273353964998,0.018831786728387468,11.638512154266826,0.5764691837180292,6.25,0.5859929501172665
0.1,0.1,265,0.012595863289190495,0.005574239286557175,3.306654279118355,0.006267036411589871,-1.2598509067149735,0.5753534204069523,6.285714285714286,0.5864013223495217
0.1,0.1,266,0.009826825579268294,0.004090701912851591,4.39502768834727,0.0041225782810546925,-4.4464256323463,0.5691890201354279,6.0,0.596121456560553
0.1,0.1,267,0.0014685105511574922,1.4259817077627334e-05,0.3947562480492337,9.442535335117917e-05,-0.7888619755214089,0.5311534480860315,5.5,0.5558341276684555
0.1,0.1,268,0.0022380292540513,0.003998266657086336,-4.457406389334494,0.0036577976643650885,2.433490212202751,0.522916683792776,6.321428571428571,0.5144861876918712
0.1,0.1,269,0.0012013152664774292,0.00032370724555937373,-0.8190613581883,0.0006228704272984885,2.6973278410250905,0.5815513911014242,6.142857142857143,0.5803355764619897
0.1,0.1,270,0.032333965241220994,0.018901838890223302,13.516880422448835,0.021932748801327524,12.084568751642223,0.5917762242421558,5.821428571428571,0.6527608243649319
0.1,0.1,271,0.00701494054051136,0.004975770594184218,4.980677924319735,0.004603304046076235,1.3641526861983568,0.5754233227589713,5.964285714285714,0.552008886863747
0.1,0.1,272,0.030122756307421193,0.015230259240022213,18.956035825096595,0.015234797325390056,4.581178816057057,0.7078483052909332,6.892857142857143,0.7465185123053895
0.1,0.1,273,0.003432116746760859,0.0038262424032034434,5.407285429655865,0.003509220863663122,-0.9334398330162136,0.5963548761025621,5.071428571428571,0.611203477947379
0.1,0.1,274,0.00417749104723991,0.0033284039161531292,2.7581323226743777,0.0033268349004480766,1.2808221371093869,0.5965926099692166,5.642857142857143,0.6286165001060335
0.1,0.1,275,0.004847785491835099,0.0032479444180012634,1.2327652359148757,0.004067513838890296,0.38756793261265443,0.5588907830118556,5.535714285714286,0.5643135043250568
0.1,0.1,276,0.034777228205750896,0.028193133890976416,14.79259392581774,0.03189598837610411,19.28070746728663,0.6273413671012935,5.25,0.6690411466758341
0.1,0.1,277,0.00761989608220453,0.011130762468781825,5.820290004723645,0.008889092051523195,6.471623586615465,0.5882721043924579,5.785714285714286,0.6122190876188827
0.1,0.1,278,0.002097308187410626,0.00578396285819004,0.2068102573248325,0.003584147698688781,5.462883390456692,0.5793037750883101,5.892857142857143,0.5793502426628774
0.1,0.1,279,0.0007607220457058915,0.0015917538976579207,-3.9587192533166444,0.0010501688955848402,3.452961970753838,0.5971223882743955,5.785714285714286,0.6013397697155789
0.1,0.1,280,0.003388577869418682,0.00447412864643704,3.136526197725189,0.004268953510919539,1.1261450045110262,0.5618111884070831,5.357142857142857,0.5657431290076901
0.1,0.1,281,0.006259758597004093,0.0026393935561324004,-0.27058825015810584,0.002861321111769621,-3.401449125262227,0.5847757083269342,6.0,0.5954364875791649
0.1,0.1,282,0.0008604009823887732,0.002158256833554323,-0.4604522621025069,0.0013536421046684323,-0.6959523526284196,0.5680195838804177,6.214285714285714,0.5718283580729038
0.1,0.1,283,0.0017118237414509992,0.005965422670134588,1.286271264282476,0.004428348466316727,0.892651789191414,0.5759742293077353,5.821428571428571,0.5886296064406658
0.1,0.1,284,0.0015902353927810186,0.001634190708122326,5.108034382563261,0.001477644846232102,1.7656003022183029,0.5952478482544808,6.392857142857143,0.6044527027278828
0.1,0.1,285,0.006634880079834,0.014587300327281725,-0.34279963131412217,0.011521895846166736,0.7793305765077131,0.5550777817048311,5.392857142857143,0.5687360046070825
0.1,0.1,286,0.0015673477914819325,0.003299965015350674,1.7376934383432001,0.00383478312690823,1.939134072101562,0.5634931321023703,5.642857142857143,0.5557996775478773
0.1,0.1,287,0.006037165573407558,0.005985856201525937,1.79040595415335,0.0068615751202290454,4.898817179606709,0.5965174540517718,5.821428571428571,0.6135016781810453
0.1,0.1,288,0.01809316417961239,0.012535198702848433,12.35681634758037,0.010674695466530545,6.911382703485335,0.5816419156852465,5.642857142857143,0.5951745560200477
0.1,0.1,289,0.010840259764762562,0.006932802431204054,5.11354337643219,0.007200499423532756,3.8514114922290617,0.6181941245233223,5.428571428571429,0.6347919231073711
0.1,0.1,290,0.08978074209038454,0.07442619275799237,22.23148493461074,0.08015857168329857,19.58626388842826,0.6066468225176062,5.892857142857143,0.6750290906122209
0.1,0.1,291,0.08086395582383352,0.07095818299353486,26.453605384458296,0.07205593251895356,18.609167081003505,0.6401069160321387,5.714285714285714,0.7126928190222361
0.1,0.1,292,0.0041781605040405265,0.0005770938583884118,-1.853918729230891,0.0008076894758680528,-1.3492335152877881,0.585048819872798,5.892857142857143,0.573424188242379
0.1,0.1,293,0.002273916822627137,0.002056510019188908,2.103133665121277,0.0024022494972132298,2.439625493398504,0.5674904180969004,6.607142857142857,0.6026395098998104
0.1,0.1,294,0.00423560296685847,0.00033505964535070746,2.193381496647909,0.00025923088076283864,0.1158649098007724,0.5547498901750588,5.964285714285714,0.5626262128573574
0.1,0.1,295,0.01580300866831743,0.014473885620570243,11.224078101963698,0.012807940207648257,5.990285088287777,0.6092875117826047,5.607142857142857,0.6393396206597142
0.1,0.1,296,0.027491404283018384,0.01455318349834005,13.341553329125915,0.01646387508050852,10.542449771620662,0.6421703933497946,6.892857142857143,0.7102452108787687
0.1,0.1,297,0.0026464770486415504,0.0009003377066212597,2.537050721413493,0.0010440856480698115,-2.2486074242755953,0.5578338893714778,6.714285714285714,0.5535540225492183
0.1,0.1,298,0.03263780634305307,0.017054309374928356,18.354101951148195,0.016321809396716614,6.661234553997143,0.6160317678409543,6.25,0.6518303190642929
0.1,0.1,299,0.0016673808919125941,0.0017504384005111715,2.252550782714863,0.001026706346400776,-0.00370770246853643,0.5703076467758862,5.714285714285714,0.5759426177870117
0.1,0.2,0,0.0012442142478450145,0.0007532843139621586,0.2127072285884566,0.0005058495498783006,2.1431668255744967,0.557455814430715,5.785714285714286,0.5562698990623034
0.1,0.2,1,0.003266335938991438,0.003937947865358261,0.03684322040916754,0.004578894945234358,5.242573460810671,0.5631052929247694,5.821428571428571,0.5610737848105958
0.1,0.2,2,0.009019644365890174,0.011563336273729574,8.558253987592693,0.009404364263812007,7.04303613889284,0.616623269164198,6.642857142857143,0.651963371967945
0.1,0.2,3,0.018815887441992543,0.007912702896297327,3.6380062747664823,0.007093446665473919,0.49260087355178445,0.5735138636297871,6.392857142857143,0.5767199231499787
0.1,0.2,4,0.030234354768786185,0.025635317408764992,15.496641641876035,0.024296323266505437,19.358852419079877,0.6317657865861867,6.928571428571429,0.6865886500351107
0.1,0.2,5,0.008100775623005135,0.0029432497050155423,2.0086296260443177,0.003616806125631627,-1.7154483816738473,0.6291756306056904,6.178571428571429,0.6351107049092644
0.1,0.2,6,0.00856902366150242,0.0035535907074571095,0.7711132328100732,0.003444845706456485,-0.9841238015845496,0.6173316335611349,6.142857142857143,0.6378317514550436
0.1,0.2,7,0.014070529438684082,0.012051717906268983,5.973955912755834,0.013331481438129405,3.891910303993351,0.5273471790746747,6.142857142857143,0.5420564431680811
0.1,0.2,8,0.005364850190348782,0.0008122750369152616,7.279817811822866,0.0009081234390400837,1.1429726025756206,0.6124545218953035,6.821428571428571,0.625724762013915
0.1,0.2,9,0.004236027485788573,0.0014550719705536137,3.83185161330956,0.0017176560036896832,-0.9194938434228751,0.5780419331829064,5.607142857142857,0.5704140523781948
0.1,0.2,10,0.06602805406856066,0.04341583297446169,25.160079423928682,0.05022952071149073,23.392788143920225,0.645379014261236,5.821428571428571,0.7263674247384686
0.1,0.2,11,0.0024611798164620446,0.00015779703754312951,-0.028260938297307803,0.00012329844446354798,-2.096509376958115,0.6062669209457608,5.857142857142857,0.622128712580738
0.1,0.2,12,0.008601749814570984,0.0061895707668304005,1.1004691468347119,0.007799947150794292,0.7461854371240785,0.5293400439512708,5.75,0.5376511126249829
0.1,0.2,13,0.06818048863220574,0.04954927912888376,34.87414252709462,0.053487943868918385,26.692455550611346,0.7247180289701124,8.035714285714286,0.8029837485805859
0.1,0.2,14,0.006260397630565949,0.004827238214339674,0.5271289651901725,0.0053885475978572035,0.5261462540403556,0.5920044272702336,6.321428571428571,0.6198659381352982
0.1,0.2,15,0.0238093602409548,0.0029380824401073506,14.049106974932172,0.004510507261720389,-0.8537486490802356,0.7111642494300753,6.964285714285714,0.7502784034945076
0.1,0.2,16,0.036254476736740655,0.01789076201790021,27.368268086575007,0.020239578358275955,15.460925904624043,0.7369783205112721,7.285714285714286,0.786983040547626
0.1,0.2,17,0.0065679977815635325,0.002937810767068752,11.33567895936487,0.002705016233975629,2.0726214553999873,0.6385139540211443,6.571428571428571,0.6478606492723196
0.1,0.2,18,0.005408510423887616,0.00855763473963206,-6.8925840956723405,0.008300649033438287,0.4930007381774904,0.561975595206859,5.178571428571429,0.5741010400712688
0.1,0.2,19,0.034776280492179706,0.02659133745363308,21.760964528931662,0.024745387948998394,13.811077313803404,0.7048834895783325,6.607142857142857,0.7501012846118035
0.1,0.2,20,0.015356246383982567,0.008917065436507776,12.476996007988646,0.009278603404700585,4.587677101790338,0.5879265132877455,6.071428571428571,0.5992075738001674
0.1,0.2,21,0.005232834548880099,0.002646705187956218,2.3131354787739795,0.002702589450630442,-0.21279516075810534,0.6058421322704216,5.785714285714286,0.6209682715847946
0.1,0.2,22,0.003200813437477235,0.004498765292709355,-3.0955502311179757,0.0035312457562809616,0.89976515849285,0.6120368934375608,6.535714285714286,0.6183927101613638
0.1,0.2,23,0.005629166558496032,0.0030149836610863542,6.071322615979646,0.002974978961929611,2.5605374574996254,0.5501578531928245,6.392857142857143,0.5630217002415949
0.1,0.2,24,0.040760391336309064,0.028706612102508248,26.337964963411,0.02791465020789591,13.725370446644112,0.718242311153311,7.285714285714286,0.7771087709649918
0.1,0.2,25,0.0037000928349191675,0.005589486278643768,3.1274191263371875,0.0071812595052915635,6.498451701026634,0.554810454212636,5.5,0.555211520949136
0.1,0.2,26,0.0008188245097514886,0.0004692389185977601,-0.4235016631011348,0.0003873106382573754,-2.878661050189,0.6278733750553166,5.571428571428571,0.6373961108207773
0.1,0.2,27,0.049968573159035766,0.033917346927520055,17.552525388279186,0.037562422401067073,11.916802483780552,0.6734577496598095,6.464285714285714,0.7280678826902081
0.1,0.2,28,0.028898516483528945,0.012444965841148936,21.48745059569746,0.014604295127404016,14.429196844623135,0.6686191125958993,6.464285714285714,0.7038500413710744
0.1,0.2,29,0.015417799263450084,0.014494953627302899,15.808535175259166,0.014123994020867274,15.240133362148518,0.620291321142644,7.285714285714286,0.6571431713969289
0.1,0.2,30,0.03123116642309583,0.00487285167013078,8.538585440625127,0.009211071970936692,-2.90661891984332,0.6935318492425494,6.285714285714286,0.7333590892828485
0.1,0.2,31,0.040351733620656714,0.02215652802872592,19.125200827819754,0.0254526945833515,17.97404954144082,0.7031401961697216,5.928571428571429,0.7530495209016702
0.1,0.2,32,0.01978875699483039,0.014293078386742389,16.413414854895656,0.015731121429066942,11.910972501585169,0.639591607954328,6.285714285714286,0.6750328424063745
0.1,0.2,33,0.008845303863798346,0.012167807310835596,5.779880529331621,0.01125514576864304,2.740707034403897,0.563357691050946,5.928571428571429,0.5698739549549635
0.1,0.2,34,0.021166069352015017,0.013318971473842435,14.053075771842828,0.014159797484837155,11.546763837052557,0.7179428645814186,6.964285714285714,0.748649963897028
0.1,0.2,35,0.009965250390171225,0.004037928620221063,8.675181618262798,0.004444369025214655,4.1075350533561545,0.6320214769552512,6.75,0.6303452423611497
0.1,0.2,36,0.006748985750144532,0.0031680968656835973,5.859332587595354,0.0037767579922790154,1.1759736099680254,0.5869455700694342,6.5,0.6106400047343015
0.1,0.2,37,0.001282732363297484,0.0015573033987352385,-0.5413569497439639,0.0012902193599543012,0.2986601189113192,0.5688584884904652,6.0,0.5996319691104024
0.1,0.2,38,0.005359463872860978,0.004322745754322289,3.6585412000698128,0.004764532680913433,4.418643680356534,0.6159433137898408,5.571428571428571,0.623002458164465
0.1,0.2,39,0.00905802541066575,0.0013784770237207369,7.4288073870638485,0.0015378741170271363,-0.35748485043925865,0.5825080988150821,6.321428571428571,0.5769683160631695
0.1,0.2,40,0.04812403167416623,0.0362606922517058,21.466008725342185,0.0390031121808837,14.561109733301251,0.6997202661264891,7.678571428571429,0.7481794808634383
0.1,0.2,41,0.0031629821507724613,0.0037064275439360954,-2.5988353171112024,0.0035011908525037893,1.6213552878167736,0.589623271117431,4.964285714285714,0.610586986753114
0.1,0.2,42,0.0005278498520686045,0.000295961026071762,-0.6702172020143138,0.0003334067310875985,-3.7894972015979156,0.5848397526926253,5.535714285714286,0.5975502363351195
0.1,0.2,43,0.03443980191398636,0.026541786730160125,11.245400432323702,0.025146040533467664,10.675228854495344,0.6779016344017552,6.178571428571429,0.7197854400221615
0.1,0.2,44,0.012510794203912795,0.003126490162015403,7.359541164553164,0.003361584799124474,-0.3886869039389372,0.6171315180254816,5.392857142857143,0.6340000833139705
0.1,0.2,45,0.019154086914780426,0.01761859122678603,15.425709953470466,0.01595717478315583,9.950823082372665,0.5641938514078837,6.285714285714286,0.6177909947998373
0.1,0.2,46,0.004890397776456963,0.0023188592723745495,2.9487486272190537,0.0027789779239009364,1.2832426261777716,0.5703582254586043,5.607142857142857,0.5864833086072831
0.1,0.2,47,0.021992272392328756,0.009593085270894535,5.7913602997362545,0.010974832328945076,3.965285866711137,0.6905501084177367,6.178571428571429,0.7318442194113393
0.1,0.2,48,0.0061348310622703125,0.0005345203785805529,0.764993919942782,0.0006827334068872838,-2.7692677806384816,0.5586127193912044,5.071428571428571,0.5792105713127026
0.1,0.2,49,0.0238067004033026,0.0116374559258085,2.8690422518735303,0.00978089714545651,4.1733070267646895,0.66385162327614,6.035714285714286,0.6966092597065894
0.1,0.2,50,0.004117280290133673,0.005948096986725371,1.458603518484189,0.004613033273093042,5.3223790839823835,0.5772673056919817,5.535714285714286,0.6022804943804536
0.1,0.2,51,0.0056111867541465375,0.0007017860609765303,6.6386754369274925,0.000262242416096697,-1.931239069077994,0.5574348278765732,5.821428571428571,0.5737049391228399
0.1,0.2,52,0.010283236227445338,0.007543709592998095,12.120231271108032,0.006606544343338194,2.785968421589464,0.6273443490644148,6.285714285714286,0.6562332456427726
0.1,0.2,53,0.06453424242552164,0.06223292585999196,21.249680895998644,0.06735430664652721,22.36205664697009,0.6314491996745654,5.785714285714286,0.7068771659224578
0.1,0.2,54,0.0004406758970614066,0.0019769963336339134,0.253942493731671,0.0015396831172285685,-1.3045800434540809,0.6023233375747207,5.607142857142857,0.616612820792922
0.1,0.2,55,0.004561559792156744,0.0015560410222830166,-1.1302254873786168,0.0017021522108505104,-1.249406942970353,0.5557709081534655,5.714285714285714,0.5744280798436714
0.1,0.2,56,0.0009283454826068966,0.0005017095786456365,-2.443321425412236,0.00047190412033457855,-0.33945357208978066,0.5783218984435317,6.214285714285714,0.5975106564155648
0.1,0.2,57,0.008198516259318726,0.008043856641293895,0.4307744192354548,0.0057440589732889605,0.5503357110512089,0.5672378663008161,6.392857142857143,0.5730039571219013
0.1,0.2,58,0.03514877481191661,0.0194953236440907,21.955995052279707,0.018544584818581854,1.501442211636089,0.6555055972979954,6.785714285714286,0.6887906615087511
0.1,0.2,59,0.0019191869453820155,0.0010141504771692372,3.2918807598985538,0.0007910471986202242,1.3202341727188696,0.5248834345087996,6.142857142857143,0.5511876865150274
0.1,0.2,60,0.054946856668004376,0.03148739260830066,21.928338122315797,0.034481152078212764,16.046838168578432,0.6983318398967607,6.857142857142857,0.7593357475609025
0.1,0.2,61,0.057444008763350776,0.031030396417561213,21.82247250740423,0.03787197846422576,11.174486767153255,0.6951578165416097,6.75,0.7608642868379201
0.1,0.2,62,0.02427199540349352,0.012560895711219796,19.792697083928402,0.011110708304570118,6.00143822108501,0.6476131241877654,6.214285714285714,0.6760049594293001
0.1,0.2,63,0.008032662906733531,0.008238286357505335,5.523110516055262,0.00740031936996396,-1.5401514250325665,0.5804741412411121,6.035714285714286,0.5961475481263281
0.1,0.2,64,0.01320827905658571,0.0015109932068136152,2.5328806757394133,0.0026705324145933165,-3.6680030664564165,0.5823839738192088,5.75,0.6216862322145029
0.1,0.2,65,0.04613116976673041,0.02826472314415708,26.5971269837045,0.029351828748966854,14.716597656405009,0.7122547079955602,7.071428571428571,0.7691603486193279
0.1,0.2,66,0.02091641558839393,0.008743212658602681,24.040456395139806,0.009590545438639379,6.321424227416164,0.641039566446852,6.607142857142857,0.6558876581266192
0.1,0.2,67,0.003717428312684995,0.01147280903845916,1.2718620997318268,0.008662562701248384,8.227996819353345,0.5512392598425881,5.75,0.5452725052566734
0.1,0.2,68,0.004689990307172353,0.0023136796504506776,1.6547848972448307,0.001937406796024725,0.6482365696139899,0.6079924131046235,5.607142857142857,0.620892762955545
0.1,0.2,69,0.03694711743801966,0.032815278998825755,17.535395985287273,0.03173142942448737,12.149741567732073,0.5906761628567114,6.25,0.6370869046436404
0.1,0.2,70,0.08185682315600129,0.039946047457361064,30.625322933068528,0.04836166235591367,20.55492308097563,0.6365520175888576,6.964285714285714,0.7189609002748925
0.1,0.2,71,0.007694751041025251,0.0010083930508914545,3.0116178547450616,0.0010469303596015234,2.4885257125854046,0.5852641675235358,5.857142857142857,0.619532420734384
0.1,0.2,72,0.028433626259473675,0.006703481125767886,17.977768979006676,0.008202165858945752,0.45842914486215136,0.6749050446210811,7.392857142857143,0.7096223426402857
0.1,0.2,73,0.005345427023841205,0.003863934111340176,6.541387273456635,0.004209480995626331,1.9716756674931162,0.5681455753815737,5.928571428571429,0.5803761521660518
0.1,0.2,74,0.02661866409539085,0.014680254651379517,7.9000209785315505,0.017183678466997344,6.788882500810473,0.681195284990195,7.321428571428571,0.7405412001288425
0.1,0.2,75,0.0023277540368223377,0.0002893055281545866,3.9546544796744882,0.00037271529074756326,-2.9255603998306867,0.5943684331993737,6.357142857142857,0.6158605408022173
0.1,0.2,76,0.008648597160201152,0.014160994590510519,10.737675093740172,0.009009373615974451,13.107416073638907,0.5408967713834235,6.25,0.5521128306728142
0.1,0.2,77,0.001203465491818706,0.002170498767440918,0.24850550346514666,0.0016645393796130064,-0.7948755320949678,0.587446832481386,5.785714285714286,0.6006712362077747
0.1,0.2,78,0.055423684673561735,0.03151887553528928,21.25146797686421,0.03391209523761666,11.99734830243635,0.6980158087152558,7.071428571428571,0.7482967621498446
0.1,0.2,79,0.0154283898601083,0.010471383672465874,15.170752365082109,0.010503308262570418,5.684590893680972,0.6133912202804547,7.107142857142857,0.6450439872969883
0.1,0.2,80,0.0037427670712299964,0.0020969627882824384,-0.8329248527287163,0.0019971883748527994,-0.7400579401623872,0.5754655908634153,6.25,0.579246318970669
0.1,0.2,81,0.0441018199934884,0.030880028606652156,17.70522952104368,0.033566145180583006,22.175931642011093,0.6706653419005212,5.892857142857143,0.710255198899129
0.1,0.2,82,0.005031919377816807,0.0006464257050495929,4.5334846290178135,0.0004805216722000193,0.8284731886216908,0.5959818609271336,5.821428571428571,0.6215874986718473
0.1,0.2,83,0.0016411362049639454,0.0024250846180339266,0.2778237950411011,0.0018906077101526148,0.1283336535434311,0.560283695549159,6.321428571428571,0.5839956477980808
0.1,0.2,84,0.004179800799828345,0.003015630839767317,0.9004169042688375,0.0036937318204333597,1.9643180541177685,0.5984229574033147,5.285714285714286,0.6072277228056393
0.1,0.2,85,0.016355909944086096,0.007180167462235178,1.6895608318042648,0.008939176419612447,5.766245659111784,0.6359746697630804,6.642857142857143,0.6800511135181715
0.1,0.2,86,0.019244898594775496,0.016839648040865858,16.027683258638113,0.013334066493195131,2.663465358281627,0.6325422377730295,5.75,0.6701347997007878
0.1,0.2,87,0.0008176677470672835,0.0002549328320580059,1.8393227489500248,0.00013754104689820887,-1.9268776049675864,0.5528047825713492,5.321428571428571,0.5724856663735356
0.1,0.2,88,0.0106633567124305,0.004389458845974985,6.469225410599883,0.006517626477170347,6.580780911208507,0.5946612736684707,6.714285714285714,0.6155371622981038
0.1,0.2,89,0.022632483758792947,0.011707744738928872,23.685345613747558,0.014249782704927369,7.616034573783376,0.6832130670311412,6.678571428571429,0.7162623343187459
0.1,0.2,90,0.001481439234978036,0.0003438132670736896,0.2541035080463345,0.00019445166753170808,-4.1109620054662726,0.6032663870228909,5.642857142857143,0.602508096520145
0.1,0.2,91,0.001932646197102134,0.0017420718936305558,0.08308832000663813,0.001613137681022466,0.339792110858222,0.594627143182116,5.821428571428571,0.5997729983485416
0.1,0.2,92,0.003179305840637737,0.0043896347196891354,2.939651339769256,0.003825289084051673,1.9959592659633738,0.5707631591867449,5.714285714285714,0.5979079643755176
0.1,0.2,93,0.008949443283668392,0.004542477975810726,12.980679669975125,0.004201861736476474,7.7402079537885315,0.5589904686679315,6.428571428571429,0.5579955131458869
0.1,0.2,94,0.007333773752072954,0.0037938693611244017,0.22499988414796945,0.004104481453192303,0.08350006438950193,0.5606966484953199,6.357142857142857,0.5801680231456128
0.1,0.2,95,0.004674986957919479,0.002466114852788165,2.117462954692229,0.003081010767682249,-3.1266643944226,0.5931371295248953,6.892857142857143,0.6081029872122008
0.1,0.2,96,0.010198242977733144,0.008135843573225682,-1.2452488675126006,0.007574343010499196,-4.04608886155296,0.5311587702072352,5.464285714285714,0.5493006949906976
0.1,0.2,97,0.02615445510885423,0.017762091448721477,15.581253038924732,0.019769447296223524,10.502675563345369,0.6266195070121364,7.178571428571429,0.6304981506043701
0.1,0.2,98,0.009366050332693988,0.005684316963656113,-0.18110123567237224,0.00560853082113531,2.7250665061002812,0.5580179082083689,6.035714285714286,0.565706345331499
0.1,0.2,99,0.06603043131189394,0.038804369468896246,30.254514306854784,0.04355681606375983,17.517372916742513,0.6744097230877854,5.857142857142857,0.7352095787670097
0.1,0.2,100,0.004337300557838298,0.002263313048727548,8.329694280565818,0.002192027743215728,0.08369908583567091,0.5758175331929337,6.0,0.5802709409948845
0.1,0.2,101,0.00492577833016209,0.003125342661664573,0.19721056821268945,0.0029461358605120877,1.015381944732108,0.5882132184662562,6.392857142857143,0.5826390171373558
0.1,0.2,102,0.008381994593197477,0.009287146036557562,1.7437340503392633,0.006123365155557437,3.936732688506055,0.6059819424360579,6.928571428571429,0.6123748323391841
0.1,0.2,103,0.01653328605346924,0.009451188578032918,11.981122225311076,0.009249232686563956,3.9155987250735222,0.6351241225780291,7.25,0.6796166798954292
0.1,0.2,104,0.0011328997448986889,0.0002986353991362352,2.1020421762001575,0.0004221296570332146,0.07468311821821771,0.5393235988913231,5.928571428571429,0.5751077580912131
0.1,0.2,105,0.07241945013865825,0.04205532228482982,37.43083047793557,0.04258164693239477,20.227144810689065,0.6913589988961649,7.321428571428571,0.7523135758002558
0.1,0.2,106,0.012529605528884796,0.00944001198831132,7.23521141820391,0.00992081029362529,5.790064438745759,0.5414802328012698,6.464285714285714,0.5511714723268896
0.1,0.2,107,0.029188839139887242,0.026051267444190368,19.652344696925127,0.025480766813014203,13.186362277684282,0.5867179607011994,6.785714285714286,0.6064787118044788
0.1,0.2,108,0.015519282845544057,0.0012540600298778172,2.2276286185621217,0.0018791955030719645,5.003327495013754,0.5970085607289757,5.392857142857143,0.6157216942432505
0.1,0.2,109,0.054489880199226876,0.038807456892458625,15.28827457855747,0.042501822001585136,14.32220874000823,0.6716630550561875,6.035714285714286,0.7306642952377144
0.1,0.2,110,0.0058433689955676325,0.003059669761575149,4.84981710645571,0.0031286955843461517,3.7097665254864958,0.5404032663079353,6.214285714285714,0.5336923864041598
0.1,0.2,111,0.002455029064431603,0.001362103372047354,1.0972766508594916,0.0013062404526706327,-1.7666438025263649,0.5827274575412764,6.25,0.5862762860140743
0.1,0.2,112,0.012784208605305885,0.004735703603854473,14.232708120979225,0.0071953158744355325,2.9265877949892265,0.608026317732022,6.535714285714286,0.6240632301838217
0.1,0.2,113,0.058467207409043015,0.04008278488464819,23.55910437024026,0.04537485285586193,17.497621612988656,0.6660593238765979,5.785714285714286,0.723296173857457
0.1,0.2,114,0.026216419967884153,0.021866919222137137,18.503668070520643,0.02165385966003244,12.412554099059824,0.5950356978836864,6.75,0.6221489400821928
0.1,0.2,115,0.0031611956382585466,0.005762656945713459,4.387463150801537,0.005639963761930195,7.293455264419332,0.6018097874770756,5.75,0.6112867919178168
0.1,0.2,116,0.0409057872254495,0.013331350296258369,16.881675870930295,0.016922994164029107,10.08359597087634,0.6869520797461266,6.142857142857143,0.723129224046842
0.1,0.2,117,0.009011250095658327,0.006903341779549176,-0.5094288907369844,0.005856135897513452,0.20706193208132126,0.5856473802507856,5.928571428571429,0.5909769722770727
0.1,0.2,118,0.0174496359477016,0.01566852797868165,18.627074380989846,0.013202738083189239,5.866752823069987,0.6594780191932686,6.785714285714286,0.7039641240769423
0.1,0.2,119,0.005895280635558396,0.00915332621670525,1.2662668490318012,0.007711593370630312,7.898982160248447,0.6247608560731689,7.142857142857143,0.6390572000799786
0.1,0.2,120,0.0042537829609735215,0.0005115976272631292,1.1528824133202704,0.0013351144860981965,0.5990612113765224,0.601608318491824,5.357142857142857,0.614450680933288
0.1,0.2,121,0.022361623367923897,0.020039202343497597,17.205316500051815,0.0186749597867639,8.061418989792372,0.6017650061875256,6.25,0.645528159852945
0.1,0.2,122,0.0030414849035432286,0.003372522303795262,1.8489192997319535,0.002896074278013136,0.30488768892592094,0.5961577118621617,6.035714285714286,0.6139872287418251
0.1,0.2,123,0.00776478975918275,0.004950506249879445,5.791009796322314,0.00486360689932745,5.1413889692728105,0.6105200506062873,5.928571428571429,0.619446270286865
0.1,0.2,124,0.004196998287495582,0.0038562949736655984,2.758683292882438,0.0035357555123531944,3.6115150182177067,0.5786814560977753,6.75,0.5835301638038859
0.1,0.2,125,0.03348751353282685,0.007152910663003336,12.926884772649672,0.01014853010290141,7.468920345550752,0.6636734164919055,6.321428571428571,0.7199791653717487
0.1,0.2,126,0.00633370787014283,0.0013325233820093351,9.401990019596127,0.0013645178894137586,1.568314303360097,0.5768801334522492,5.821428571428571,0.5913591925929768
0.1,0.2,127,0.001941456320103126,0.0026497712374461955,-0.608712751887829,0.0033075567667516766,2.512998065673609,0.583119244874234,6.178571428571429,0.5788417488247141
0.1,0.2,128,0.019641041977900797,0.01713316594819757,5.865786630098583,0.01358545862871324,0.456201774375747,0.5175676463842839,5.428571428571429,0.5129341921575723
0.1,0.2,129,0.004304999591796109,0.00538872120481879,2.8457983417732606,0.004966094347290266,-1.238706298813052,0.5633928619556484,6.321428571428571,0.5826730146286125
0.1,0.2,130,0.012554230964953448,0.008256914788144156,17.954456415631277,0.007929636405392149,3.1982550165938335,0.5973379987088118,6.142857142857143,0.6218826431647307
0.1,0.2,131,0.021619664259178675,0.01192755546511607,13.648970616072546,0.011994944703666058,0.3040394415246889,0.6043415629982761,5.535714285714286,0.6436728523811177
0.1,0.2,132,0.002005605983616599,0.001104554742276017,0.3039543929081603,0.0008868179773175336,1.8095354038525973,0.5776240928287674,5.5,0.5862031411157256
0.1,0.2,133,0.017383878449111812,0.005024588035113086,6.2566937621036445,0.006632513643739543,3.153871823476275,0.6618277339215484,6.642857142857143,0.6822321229912958
0.1,0.2,134,0.0033829927114889537,0.001128564052525538,-2.8335077527541515,0.0010415666427561181,-2.414184868830669,0.5698587144790019,5.678571428571429,0.5794316455317357
0.1,0.2,135,0.027478655022584772,0.007525742254147021,12.516683420217063,0.011145163680588788,4.697007070095272,0.6700116574425453,6.678571428571429,0.727057956031296
0.1,0.2,136,0.0015225967753104536,0.0011796284830017266,-1.1074357000671426,0.0015770291426180612,-0.5465118912006991,0.5455012617680829,5.5,0.5445486302704982
0.1,0.2,137,0.0038763363055717504,0.0014410807284551406,4.084184194073288,0.0018724368393731549,-0.2755487896905227,0.6132613348810014,5.464285714285714,0.6146921637055045
0.1,0.2,138,0.004539279800414408,0.0010733999392256968,0.07429674385913643,0.0010154911954120983,-3.214574685342219,0.6075412085652488,5.964285714285714,0.6217929320332163
0.1,0.2,139,0.0071603450718910845,0.007451660563243049,4.888840976004779,0.005405577273817747,4.049606121110126,0.5864979858489221,5.928571428571429,0.6265228581503812
0.1,0.2,140,0.002940779490859328,0.008988488768399977,-1.2207804273249536,0.00696232214979307,1.1165481855469654,0.5941258126606395,5.464285714285714,0.6019507991826982
0.1,0.2,141,0.0014746452050261752,0.0006206408761074238,2.991772918072428,0.00020335455594030135,0.0002588372463871262,0.5672091121183753,5.785714285714286,0.5635068886989175
0.1,0.2,142,0.048448390167525494,0.02547522638534736,19.61376774149391,0.03224295474021869,10.994093058573563,0.6103322544263674,7.392857142857143,0.6496650007409794
0.1,0.2,143,0.011739625382700947,0.005353039838464983,3.6499336305765127,0.006404528231780537,3.3284938894263405,0.6313573745014928,6.785714285714286,0.6559188996082297
0.1,0.2,144,0.015293440709839822,0.0064409368627358155,3.944015954589048,0.006666961847189203,1.6703685606893923,0.6019216312853618,5.035714285714286,0.6327548497584727
0.1,0.2,145,0.020171850384387294,0.013117458018176532,7.758723170264453,0.013298702471948774,2.713453384290157,0.5691363059922064,6.642857142857143,0.5929750490953196
0.1,0.2,146,0.029276038886631703,0.010763159317422055,13.214949001794288,0.013247753091380486,4.5145583299988346,0.6749232664024584,6.178571428571429,0.712614001169725
0.1,0.2,147,0.013114923456874351,0.0025975112884266695,5.750872305343663,0.003065103139215264,-0.30840495288767517,0.573087136652257,6.571428571428571,0.5850051218276713
0.1,0.2,148,0.008934125657290591,0.0039018645936459307,4.046631553104611,0.003900971486774171,1.7898185395460757,0.5693297450645716,5.821428571428571,0.5890324968289167
0.1,0.2,149,0.0062236911159055976,0.006660923348553251,1.3736692072682004,0.006092086436507392,1.7695758424357564,0.5449863505030622,5.035714285714286,0.5750590149425059
0.1,0.2,150,0.03961401145771019,0.022414476888760772,15.310477257181269,0.02515498281758683,7.557916408048659,0.639527139024794,6.25,0.727828884350045
0.1,0.2,151,0.05967040427553005,0.059125182930430654,20.383760173786847,0.059731910284280126,28.172703724681003,0.6904495952860834,6.964285714285714,0.7527783858796833
0.1,0.2,152,0.05272814483880484,0.02590040024996703,21.335620375783197,0.031981421184371084,13.00288871606059,0.6846123582313972,6.857142857142857,0.7479530957937002
0.1,0.2,153,0.004000575279584461,0.0031057023189998588,6.855754240339863,0.0027004261410598527,2.992268138064181,0.5925326953269305,5.857142857142857,0.5941840220129532
0.1,0.2,154,0.006819970208267782,0.008428562361474042,4.195191948172891,0.00886908787623464,5.765316867629224,0.5127982405664903,6.178571428571429,0.53149195410393
0.1,0.2,155,0.006648611876717997,0.00373335102492809,4.828495124362071,0.0026747424070006224,-3.2279520809134303,0.5396333557293342,5.428571428571429,0.5598757152303948
0.1,0.2,156,0.024852046294054058,0.015813048801476732,8.712995055551254,0.018668750903481583,10.89933681925469,0.6660320394046418,7.321428571428571,0.6782324790798122
0.1,0.2,157,0.015451273059139084,0.0018046834026673845,11.642193069963092,0.0021826236499234448,0.23385912151301605,0.6177691862663109,6.142857142857143,0.6223859066196238
0.1,0.2,158,0.0047801242916730765,0.0015310919109621944,3.866137558221098,0.001416320386893962,1.4971615355328918,0.5944359920905874,5.821428571428571,0.6159258099503726
0.1,0.2,159,0.00445163665180729,0.004174312574522576,-2.7495074564072652,0.003892437381334007,-2.746212542413948,0.6302813450953025,6.821428571428571,0.6346613747526311
0.1,0.2,160,0.0027104249415914584,0.0005074116348379838,-1.1986231749849736,0.0004515963206289603,-1.4283927909574932,0.5963189337676565,6.321428571428571,0.5974784292078765
0.1,0.2,161,0.0020760691663334976,0.004050440202460538,-1.1164220117900854,0.004035762404838412,3.891850295857599,0.6060834397621901,5.5,0.6144608902390944
0.1,0.2,162,0.014337395456442576,0.0027872816771570387,11.648328537865893,0.004084541841714109,7.776106004969648,0.6073787109509409,5.928571428571429,0.6096375816636965
0.1,0.2,163,0.02162776345599236,0.021920483202941238,7.96207780392028,0.020751787343101118,5.678405393007647,0.632839687924874,6.428571428571429,0.6607372996700971
0.1,0.2,164,0.01586520711254524,0.01482757158787593,9.166141970125594,0.014353739990509082,11.019986632632103,0.65744691789761,8.571428571428571,0.665624881609143
0.1,0.2,165,0.002034673121785379,0.003232186555323423,0.5041508102128489,0.0026879734809283616,-1.9791322931077673,0.5872162528180767,5.821428571428571,0.5983933338845688
0.1,0.2,166,0.013940112065394144,0.005858517850986447,10.688987859009828,0.0058661248331321894,1.888077636232263,0.6261716531960638,6.428571428571429,0.6544596126173963
0.1,0.2,167,0.01892665058666435,0.017519811009740104,8.695466744312313,0.01694030880595705,10.313878113717351,0.5795336102127465,6.357142857142857,0.6311321736410198
0.1,0.2,168,0.006906085106812396,0.0095340418005707,4.225971204621743,0.007467760221783938,3.073701878782676,0.5475328366560147,5.464285714285714,0.5942450867376334
0.1,0.2,169,0.06547086378592902,0.050818032082274166,28.86078850602256,0.054749935700999154,25.678967472324604,0.6494133292475915,6.357142857142857,0.7509660077843895
0.1,0.2,170,0.013428240906975095,0.008757473313923448,12.601178504803102,0.008164655973002689,3.3145354911852585,0.6604229636275913,6.178571428571429,0.6781952427742997
0.1,0.2,171,0.026804473637226003,0.0165036271943201,10.96700071184005,0.01673048627909807,7.3746654936283464,0.5882635987269061,6.321428571428571,0.6260751071671584
0.1,0.2,172,0.01235342684621467,0.004145063567010543,7.907574538444429,0.005099360193549564,6.673103767557261,0.6324940672122216,7.464285714285714,0.6451995811408493
0.1,0.2,173,0.019455368685489076,0.010252293924637577,10.408877526994281,0.011889047715143063,7.341346539873712,0.5723743553724859,6.321428571428571,0.5808510005579863
0.1,0.2,174,0.008738305432972774,0.004855752893990896,9.59102887724734,0.004771655172492561,2.9218343570302827,0.562492920259625,5.785714285714286,0.5632612316785144
0.1,0.2,175,0.02176171446481527,0.009985964218754086,21.236322518480307,0.011063358238284736,5.101797157135716,0.6024347135440038,6.321428571428571,0.6215126438405062
0.1,0.2,176,0.006506840620553484,0.01566434674900219,6.596910660426097,0.008899588672657327,7.1632058488020975,0.5745875676427439,5.928571428571429,0.6036814625978235
0.1,0.2,177,0.010218698065346558,0.013274761019819272,2.8703686579791565,0.011195182458190954,7.12389094123219,0.5977761251415312,6.25,0.5933935300490876
0.1,0.2,178,0.0030179204008336544,0.0016573766125109783,3.550251668367906,0.0024966397721498195,4.1564054994336175,0.5665540188212043,5.821428571428571,0.590555916365387
0.1,0.2,179,0.04763413690348757,0.027654608035451625,22.58842212651258,0.030918321465945163,9.594212706112785,0.7135996200482557,6.678571428571429,0.7825069791292267
0.1,0.2,180,0.011753756090354079,0.00735575724772215,7.72897901583562,0.008138326327369058,-1.4219646372249504,0.6248242244406951,6.535714285714286,0.6517443597269319
0.1,0.2,181,0.008028281908528018,0.005780725084389485,2.0030071813267156,0.005046501011370171,4.184181689397803,0.5960200315212013,6.142857142857143,0.6273477197673902
0.1,0.2,182,0.0034299710502995735,0.004033974430842629,2.4436839756262216,0.003423382048465182,-0.7534892073936893,0.5317963961425597,4.821428571428571,0.5121887820741247
0.1,0.2,183,0.005308069338394026,0.0016836821857365936,6.433781092615824,0.0017760689306544912,2.023354581903078,0.5460488819748492,5.821428571428571,0.5727198064923149
0.1,0.2,184,0.03687638913537182,0.024301624848398106,30.054501290669872,0.0214445445183728,8.50238202215609,0.6150359229197286,6.535714285714286,0.6608122953194492
0.1,0.2,185,0.03256567933386761,0.02060071950413233,12.165637006120722,0.022152316336075045,4.033060406178445,0.6692395870612774,6.571428571428571,0.7116040644523836
0.1,0.2,186,0.03241379068544661,0.02019730939085307,27.305613392376085,0.018865815904188246,4.932854697248293,0.6748245220828331,6.964285714285714,0.7301424739806412
0.1,0.2,187,0.0023429459213002773,0.002173131307618392,1.5475069347133754,0.001687467203966956,0.8037042861992253,0.5686009192950218,5.214285714285714,0.581064973525887
0.1,0.2,188,0.010498842210358275,0.009792086747023416,4.259870171343813,0.00919370622704396,4.7368807058907025,0.6198678066442956,6.607142857142857,0.6288322232406437
0.1,0.2,189,0.03876611780016839,0.02416286408113694,16.657148339204664,0.024307022476413007,5.334058776112755,0.5437281345480699,6.25,0.5873190836201541
0.1,0.2,190,0.01915616721316113,0.010055274541917432,5.732985378007967,0.011643020287125097,5.3239358450086245,0.5872304731733491,7.642857142857143,0.6438933230943887
0.1,0.2,191,0.024814056081469263,0.00571639664158212,9.1379747538736,0.007768404515875653,2.0655774909628235,0.6743056066732847,6.892857142857143,0.7219798070894838
0.1,0.2,192,0.007545897148844743,0.0032612359400456476,1.0075502807105323,0.004565594066930336,1.9848641329004693,0.6105890708477643,5.964285714285714,0.6196154933025169
0.1,0.2,193,0.01180851030750654,0.007197477463601784,13.574677485272062,0.00623361358572272,2.8804380530595117,0.6356950677536235,6.678571428571429,0.6623232323450764
0.1,0.2,194,0.03950230273552284,0.03793734449440693,17.709441538704205,0.03415138278334873,12.439176678390604,0.6237262164617485,5.392857142857143,0.6718457485943559
0.1,0.2,195,0.012735370186268856,0.005729797856859771,10.817563675601924,0.0075207973825692056,5.622937582288586,0.5514586368900909,5.821428571428571,0.5782558654310093
0.1,0.2,196,0.0038151900890590926,0.00447694580396822,-2.7506280104708267,0.005397420819381811,2.346687608146046,0.5707382398745495,6.428571428571429,0.5696384066560731
0.1,0.2,197,0.003073059480406476,0.005927202486731663,2.04423429590873,0.004224665768795171,3.4756499997074095,0.612274303105495,6.428571428571429,0.6327836068080299
0.1,0.2,198,0.0035048474865429493,0.006639499974237791,1.6323896070282018,0.005074893279194278,3.7511371385573775,0.598089885070249,5.821428571428571,0.6262618419083363
0.1,0.2,199,0.029280052294790693,0.011840712386649726,17.073293253277722,0.01483326045775969,10.806772858549616,0.6947697210755553,7.0,0.7488508106146061
0.1,0.2,200,0.0014835378879453694,0.0028156732989116735,0.9375935987154875,0.0020693933471008386,-1.9300024061901315,0.5705512757221726,6.178571428571429,0.5942005480124014
0.1,0.2,201,0.05988612795537996,0.03345506088119037,26.955761175383373,0.03754895736020247,15.475931268606667,0.712196086315293,7.392857142857143,0.7945285926218977
0.1,0.2,202,0.004646577428535719,0.003636513530349286,2.134990480427277,0.004811761354750105,4.923757667209088,0.5763939279483353,6.642857142857143,0.5676490806713745
0.1,0.2,203,0.012707565454087593,0.010840542259576695,-0.5211193987333402,0.010464983591466762,-0.19351301257624223,0.5877380695490545,6.071428571428571,0.5956678213961512
0.1,0.2,204,0.00394208212910794,0.0006613135917810384,2.5551399576830676,0.0007315497784121701,-4.9140959398289015,0.568030910696114,6.0,0.601651892837232
0.1,0.2,205,0.007537963011485797,0.010143199336761654,0.12662272637162175,0.009360631472190949,-0.42438567066950367,0.5802180462693383,5.678571428571429,0.5783751885785771
0.1,0.2,206,0.0025739488324756023,0.00033817114666882196,3.3810140082172992,0.0003884941393090575,-1.037725101319874,0.5722398500650405,5.678571428571429,0.57210505540633
0.1,0.2,207,0.00951386048956539,0.010401432752028978,1.5101909181597648,0.010137727598157514,0.7086142695814223,0.5471026767767058,6.071428571428571,0.5614720282044797
0.1,0.2,208,0.00520486623480608,0.003938707975833757,2.9000705684843595,0.0038704408656899435,0.702517905289047,0.5904123616891285,5.642857142857143,0.6089380681934454
0.1,0.2,209,0.0022149406884770847,0.0002655269668697772,3.4426866878294646,0.00024740213843221683,0.7365775913816511,0.5383155488253629,5.678571428571429,0.5398662905826632
0.1,0.2,210,0.00015522025849361545,0.0005555042629362337,0.8692168363793584,0.0005272548624173865,1.6020406040333341,0.612971529733304,5.25,0.6152771720158542
0.1,0.2,211,0.0006211007065740413,0.002284281836412929,0.22869388986064365,0.0012702449106898421,1.0036618391369434,0.5104288626576758,4.892857142857143,0.4939431935415671
0.1,0.2,212,0.008714947445462062,0.003579407057532282,6.01398676695252,0.004573502638270944,-0.8393203858851356,0.5794655546748381,5.678571428571429,0.5845808371601591
0.1,0.2,213,0.004817869307076033,0.004538867013520413,7.761352742014566,0.004397743065498947,5.162982847557676,0.5733473583649383,6.321428571428571,0.588494964305174
0.1,0.2,214,0.05188628763726474,0.03138218447711966,27.40436092641998,0.033586991192362456,17.414027215519724,0.7201400256347685,7.571428571428571,0.7737572721249877
0.1,0.2,215,0.0010718621406407753,0.0005009657674855579,2.045556683066401,0.00021910156785504765,-1.7121734689216244,0.5543543900884956,5.25,0.5621340740253429
0.1,0.2,216,0.053138116972182244,0.04031086837649127,24.75168181210195,0.042851377103840835,16.4351330516696,0.6732796905211306,6.892857142857143,0.7390236748319806
0.1,0.2,217,0.053023740515575526,0.014396850638562829,20.265774273172333,0.021073116973305765,13.999014915556822,0.6553065072617243,5.642857142857143,0.7132193476242525
0.1,0.2,218,0.006015937807888822,0.0075649292262201665,6.710836470638668,0.007220880627224304,9.201891129511106,0.5867534815711606,5.678571428571429,0.6168033073282533
0.1,0.2,219,0.04478457798479338,0.038733839211595705,18.250439673248728,0.03524461046032811,9.602899768193643,0.6713034195979343,6.428571428571429,0.7310343046203682
0.1,0.2,220,0.0010545295389246237,0.0016695141621973916,-2.9644298838845913,0.0013121968142667784,3.862565273488334,0.6021227471383346,5.857142857142857,0.6203208808955176
0.1,0.2,221,0.048297072787196124,0.02757740355076203,17.97507182462143,0.03356343248516386,15.114751719951391,0.6881077618588265,6.928571428571429,0.7425508642577188
0.1,0.2,222,0.0017595835302024315,0.0020672266946894172,0.6861991413319828,0.0010951562328924986,1.0444864530998643,0.5734046846558185,6.392857142857143,0.5866829684301962
0.1,0.2,223,0.040172602536241796,0.029811184250072637,30.599023752915354,0.030526543713982023,12.982449573548564,0.6348254922910394,6.357142857142857,0.6753954689018736
0.1,0.2,224,0.015103456249618062,0.010524014117795253,10.460639631703273,0.009080188017425501,9.274192080061596,0.614076921277445,7.142857142857143,0.6556077420957958
0.1,0.2,225,0.005937909535280405,0.002953645960233078,5.180165495048463,0.003086852444058839,0.7563702516350096,0.5537856387735244,6.107142857142857,0.5566035572812289
0.1,0.2,226,0.03866572279277306,0.02427240277210049,20.267615584023307,0.024701025116634752,9.17810189654567,0.7264302656723088,7.75,0.7933622372694873
0.1,0.2,227,0.03179753119097909,0.01898107450007582,12.444272711036444,0.02141913227420953,6.07205660283346,0.5758576278838001,5.714285714285714,0.5946015272990727
0.1,0.2,228,0.026592918997029306,0.019717390996708,12.81328033359977,0.019419522798206502,8.353538127296881,0.6560647214575962,5.785714285714286,0.6895732576055644
0.1,0.2,229,0.0033434567508614146,0.0025713654745826947,3.939138155771289,0.0022992684723547557,-2.08693648360574,0.5592741228267097,5.357142857142857,0.5937304974912744
0.1,0.2,230,0.012422817669882588,0.009229894894836407,18.879925661836324,0.008005525468137618,6.544470521284732,0.6656162284259289,6.857142857142857,0.6917643456249134
0.1,0.2,231,0.03196190733566792,0.0025121895407215302,6.03665194926775,0.007241740505302206,-1.3185783947557563,0.5487323379166995,4.892857142857143,0.5958639004182098
0.1,0.2,232,0.0022225312404238885,0.0005682180667273323,0.8224493095604117,0.0008215380676713644,0.9308237524079649,0.606966595244047,6.607142857142857,0.614054519634283
0.1,0.2,233,0.00579024607276257,0.003736022114057482,6.226245451752746,0.0034599958349740547,0.6096477409053686,0.5853978506435428,6.142857142857143,0.6026520024690829
0.1,0.2,234,0.006461021779582669,0.004937015711759402,11.315498967846963,0.004925837368285924,2.7350134857052617,0.6038042382594192,6.107142857142857,0.6218191644170026
0.1,0.2,235,0.040401891604432,0.006689986798371429,13.845464515978264,0.009679458570108128,0.24358037722528061,0.6608431319039465,6.571428571428571,0.7146987011816708
0.1,0.2,236,0.015939060378816403,0.005684311053962983,8.167249336887721,0.006018554971048756,4.253191103123783,0.6234319117175702,6.892857142857143,0.648013366405382
0.1,0.2,237,0.016161935808895758,0.0036808380528803642,17.160649781815245,0.0041499691384326055,7.045282752271248,0.5740773759953662,6.535714285714286,0.5861666290171273
0.1,0.2,238,0.050050024829178426,0.04485474328288157,30.79385513223996,0.04736951993652145,22.41218183413757,0.6792605307530394,7.035714285714286,0.7413605799018469
0.1,0.2,239,0.02103979367508859,0.011780068170057513,14.5454505691376,0.01038845913195057,2.5166962032860645,0.6140748772461713,5.785714285714286,0.6581502615787597
0.1,0.2,240,0.009862935059012874,0.005354129872671227,10.889316419683688,0.004992073666503659,3.2793147554998634,0.6101403565098277,6.428571428571429,0.6369819348747779
0.1,0.2,241,0.0023990004077121805,0.0006931864998953699,6.079423428485221,0.0009212868244537002,-0.158509125531765,0.5436333408716278,5.5,0.5879980175439226
0.1,0.2,242,0.0034906920798980913,0.0003160979546018804,-2.0528940715822017,0.00030137841158922216,-3.373968848361168,0.5335849693437763,6.642857142857143,0.537862510634966
0.1,0.2,243,0.023281708494501542,0.010661717793149986,22.511325653054563,0.009675074160996064,6.003079418527051,0.6516230000147705,6.392857142857143,0.6886452970875552
0.1,0.2,244,0.03153731803972864,0.02209320648340682,11.737379152285499,0.026723713859092592,11.384496127679048,0.5880400363280318,6.678571428571429,0.6233871427955637
0.1,0.2,245,0.030778372336119738,0.018016773381164315,21.43725815693718,0.017133670850146564,8.17407621933817,0.6605926595217377,7.142857142857143,0.713359974525217
0.1,0.2,246,0.04547720291793046,0.01599777332491504,27.612020494268354,0.015714977004148003,6.476113598913552,0.655421057800674,6.214285714285714,0.7219143166558825
0.1,0.2,247,0.006712783841121278,0.0032502425719496604,7.88328640149048,0.0032511113174804357,2.7812418963600387,0.5713824049607589,5.535714285714286,0.5783100803652916
0.1,0.2,248,0.003374798844027156,0.002079414732489022,1.7602587477652918,0.002096871084558073,1.2163928344767971,0.5754954182010524,5.785714285714286,0.5873902570663471
0.1,0.2,249,0.0399209683940338,0.021362612945874687,18.974772783333254,0.02433155943970396,10.095336917335331,0.6758726108281357,6.892857142857143,0.7476329359869838
0.1,0.2,250,0.00696692044375378,0.0010675031346390146,-3.002298403244069,0.000999393303875302,-2.513833599036,0.5521060872743564,5.321428571428571,0.5672167090266522
0.1,0.2,251,0.006798679901582209,0.0041708804763300866,3.294315882988222,0.003960863597671678,4.264407685364223,0.575609199545978,5.607142857142857,0.5799856738796385
0.1,0.2,252,0.010242441726720156,0.011897640777470506,3.0615407174978273,0.010182416622997485,-2.2737515102475734,0.58284955230247,6.321428571428571,0.6017182784710471
0.1,0.2,253,0.008789211506863156,0.007088158172808937,1.2317637383491586,0.006713347721636174,7.126387492429245,0.537388888460169,6.178571428571429,0.5723552487783774
0.1,0.2,254,0.001999333925603836,0.005221734657513293,3.4642563478464794,0.0030465480506959874,2.778211831556348,0.5834662448533133,5.642857142857143,0.5756918309676318
0.1,0.2,255,0.0011237752700449146,0.0010257963525449555,-1.7241947589366973,0.0005265027670663497,0.3044356129457242,0.5834372778498136,6.285714285714286,0.5690031564910407
0.1,0.2,256,0.006937100449290842,0.006885339012135425,6.023252422545063,0.007942296078920103,5.068467150418769,0.5647122871461479,5.357142857142857,0.5788811879262576
0.1,0.2,257,0.04487158962095895,0.030186385817095356,30.3318229963906,0.02978316356459813,15.735463459420373,0.6455413799807985,5.928571428571429,0.7009797780256521
0.1,0.2,258,0.0012379545106350764,0.0001946025341678468,-0.46177581031739834,0.0001580078880498419,0.6940229930081993,0.551743477531698,5.178571428571429,0.5545139889894699
0.1,0.2,259,0.02044079312843177,0.014068693765181462,16.380048020560224,0.01366260211948121,8.41149475119976,0.6076893847986381,5.75,0.6539761843852128
0.1,0.2,260,0.013919454374908675,0.010904794671167088,15.197764334707934,0.008987930380989679,6.816786088606524,0.6384993144393863,6.142857142857143,0.6801948283569514
0.1,0.2,261,0.02764269421929442,0.0176710567738093,14.76183817445262,0.01982212868493394,8.473092397952266,0.6099415284842233,5.785714285714286,0.6473216180426015
0.1,0.2,262,0.08541701593929753,0.06432478416098235,34.3565333021351,0.06899649748289483,23.849068794124396,0.664078537379579,6.071428571428571,0.7401399492645782
0.1,0.2,263,0.005519233807661428,0.0020335797394996514,1.1492428725093546,0.0020206086948159336,-0.730869329203216,0.5862679223782388,5.607142857142857,0.579653142204802
0.1,0.2,264,0.0022800636842508445,0.0012291061865436627,1.508692732124075,0.0009179647212448539,2.191667711399466,0.5860000757927507,6.178571428571429,0.622815331144542
0.1,0.2,265,0.005320524701051354,0.007814904587813183,3.3345616861068024,0.005601016590275283,5.750580984508598,0.5730732721610654,5.964285714285714,0.5909810459409659
0.1,0.2,266,0.010383169104910307,0.01148019318559708,-0.1868999203825581,0.010593324772779852,-1.535287731335264,0.5547020575560676,5.678571428571429,0.5873337186348815
0.1,0.2,267,0.017704694262369734,0.003712532568122958,11.646913310221535,0.003930589420295088,1.8095473204925174,0.6760108453099082,6.428571428571429,0.6993140115967957
0.1,0.2,268,0.0032231868204226958,0.0003323566745671125,5.064037329708263,0.0007350663179555586,3.314168755037258,0.5843067212635552,6.178571428571429,0.5917081396245383
0.1,0.2,269,0.00823469128043041,0.009356113756433571,0.972989096986602,0.008941545494937087,5.676526343258691,0.5904906673414541,5.285714285714286,0.5991245414657518
0.1,0.2,270,0.0019699125701978693,0.00019599872366737384,0.7247040514214902,0.0002192822111819635,-0.310629323029256,0.5759671125474795,6.071428571428571,0.5882362514434537
0.1,0.2,271,0.00208860778788369,0.0026341094437576057,5.711574992453883,0.0019142492773235255,1.6421998985474222,0.5762889023537989,5.821428571428571,0.5774979627782892
0.1,0.2,272,0.007304634216086095,0.000577411870736499,5.805356497567274,0.0009164220923760579,0.34830518063780386,0.6131050075018741,5.535714285714286,0.6180778813222114
0.1,0.2,273,0.006715424996454616,0.009816687664188726,1.9127598981270708,0.007161205793617345,0.9770514260954144,0.5408638665278208,5.857142857142857,0.5427307200390534
0.1,0.2,274,0.07399169505834621,0.048422037568323126,23.53084730440118,0.05541484103562849,25.119507789149637,0.6330719341698267,6.0,0.7009839321569802
0.1,0.2,275,0.002131862866072188,0.0029792042532394043,-0.06666122512512374,0.0029440898996368784,-0.4953262408545432,0.6014091715157264,6.142857142857143,0.6039281053443046
0.1,0.2,276,0.02003280300353557,0.0074172714380426955,6.410368575994617,0.00899200344782531,-0.9650208181225253,0.6211333802136142,6.428571428571429,0.649235706975643
0.1,0.2,277,0.026543577163717753,0.018099136349671113,3.992775730324304,0.020848896018504582,3.2444322961662144,0.5980947291368707,5.928571428571429,0.614614271228495
0.1,0.2,278,0.02348678485130924,0.012282778259789517,22.548177662520224,0.012213868101910344,4.777037319366078,0.6015365348889031,6.178571428571429,0.6412289859733744
0.1,0.2,279,0.048548438684610985,0.035918930378460806,23.299396608307816,0.036802832244324166,14.852698104056747,0.6502025240430281,5.964285714285714,0.7180125010284115
0.1,0.2,280,0.001057195334697107,0.0008959807068242081,-0.8876114392492198,0.0008860205969971682,-0.02507042920383166,0.5220769406490932,5.928571428571429,0.520919337828851
0.1,0.2,281,0.006412596258309122,0.004755761814663187,5.259395120455437,0.004681668083392173,-0.7282789711606957,0.5584270146279195,6.392857142857143,0.5750828131863857
0.1,0.2,282,0.02406651658605063,0.011291557661113219,20.27820989440489,0.011142133480904239,5.793903852694569,0.6247245747385801,5.821428571428571,0.663843201840274
0.1,0.2,283,0.004953013055518717,0.0012423740212312434,5.933449571509193,0.0018355939210213065,5.44821629729347,0.5876238333519217,6.607142857142857,0.5799737244655517
0.1,0.2,284,0.009765893569651669,0.006632932537319797,11.333851720189628,0.005146362749938588,2.278591492853915,0.585135534535687,5.678571428571429,0.5835613047012027
0.1,0.2,285,0.017054407086182697,0.0213477072863456,14.565185959500887,0.01772641425596876,7.053936859595012,0.5500499475721911,6.714285714285714,0.564054831697054
0.1,0.2,286,0.006000235219841244,0.004340438242449973,6.942482962383018,0.0036677941727746126,3.9205634791169266,0.6435520263846286,6.857142857142857,0.629752237599454
0.1,0.2,287,0.005538380982477471,0.001825968908246591,2.76195018882148,0.0025460950067580485,-2.1727853189974176,0.5747234537185198,5.428571428571429,0.5717836282375135
0.1,0.2,288,0.03595334870540058,0.028663849583724213,17.068390761076266,0.030257425654645398,17.045713742243237,0.6228173420258033,6.285714285714286,0.6547284241421999
0.1,0.2,289,0.018502500462873134,0.032179720311186426,4.086669344848609,0.025587573063063793,14.51688219658169,0.5849863860497903,6.107142857142857,0.6206691338954531
0.1,0.2,290,0.0016772107384279385,0.00024393562091649877,-1.0994704354868077,0.00029882534135060367,-1.2406920634152148,0.6099297652360391,6.178571428571429,0.6075831374072832
0.1,0.2,291,0.008382122747732156,0.0057536117953230865,1.9487033037915253,0.006273119355118299,-1.1286509821113004,0.5614074119864162,5.607142857142857,0.5814881316493101
0.1,0.2,292,0.00400329190583958,0.002074345653995301,2.6835689252517057,0.0024745465108580124,-0.09212253348807546,0.5940693332686434,6.5,0.6106072142545687
0.1,0.2,293,0.0012045439812279205,0.001186320530125678,-1.190624027374433,0.0012377036235927843,-1.0977395863731279,0.6095428067973964,5.571428571428571,0.6150713664925986
0.1,0.2,294,0.03397137794462586,0.02564897396818322,23.511894933710312,0.026807874306153803,7.746610926351849,0.6800003337090725,6.5,0.741921679325594
0.1,0.2,295,0.00912794216185563,0.0004994327187016027,2.5090784119734337,0.00024376347734741111,-0.4493637903574286,0.5320393459809002,5.535714285714286,0.5517250681623296
0.1,0.2,296,0.012556715591710671,0.00460939685955675,3.933057423491846,0.003465031167072697,-1.206742390182124,0.566426193445688,6.035714285714286,0.5858924161157543
0.1,0.2,297,0.0013712588445427686,0.0008126231601645245,3.4323442479589445,0.0004129976215729386,0.7780330718187827,0.6137532052909774,6.071428571428571,0.6181350735515858
0.1,0.2,298,0.012912250198282571,0.012262702048945405,8.391155987255381,0.010108831815827208,6.130536786508078,0.5890448693526655,6.0,0.6030460313810624
0.1,0.2,299,0.018357658702375337,0.006600006882466664,10.186194287952269,0.00748805967828802,9.005330265695497,0.5346187230808443,6.035714285714286,0.5854669244367182
0.1,0.3,0,0.0010835025010437782,0.0005852482585434423,0.6379051716393036,0.0007240771538754669,-1.9763715770094261,0.586538356314883,6.535714285714286,0.6123532670666236
0.1,0.3,1,0.010330615594511856,0.009550066285786614,-2.1835651276466237,0.010669633739915052,1.3267687992334725,0.5726057078213654,5.821428571428571,0.5948756697914401
0.1,0.3,2,0.0005554247440441926,0.00027878747923890297,0.7693246560236915,0.00040001678825688744,1.7432519423834094,0.5547333735207384,5.75,0.5715538635355084
0.1,0.3,3,0.07005302433603505,0.04424763674396541,27.664537531446918,0.05077257207071046,19.247930232493555,0.6954697288894581,6.285714285714286,0.7733492318209014
0.1,0.3,4,0.07680793610299064,0.06483882175974243,16.89568912875635,0.062488604011056034,19.1153103673993,0.6347695819996746,6.428571428571429,0.6898361748907595
0.1,0.3,5,0.04645144761106057,0.029889225332029742,39.62287340126406,0.030231656274431317,18.78558820259745,0.6671407331213779,7.821428571428571,0.713629651074946
0.1,0.3,6,0.023872931096107514,0.014593231054443986,14.722725006583111,0.01525671180645875,6.347004788962674,0.5756285681957835,6.535714285714286,0.6054871920713063
0.1,0.3,7,0.016439457607816996,0.00783530489182105,12.651706043946746,0.008690711069958806,5.076183797839367,0.5662349652340037,5.75,0.592414241366024
0.1,0.3,8,0.001967704318270094,0.0021047596393246066,-0.6332969406657583,0.0023669401088595196,3.0344724656651465,0.5834924567818938,5.25,0.5934108305475969
0.1,0.3,9,0.02174496189289318,0.011710144353881832,11.566578321384554,0.01425072992637722,2.246367101649279,0.5941260469639449,6.5,0.6213916912273814
0.1,0.3,10,0.03233521021429499,0.019572614919444155,12.598024739086746,0.02143540142831502,7.6340504376509655,0.5984205150016448,5.678571428571429,0.6029554049324758
0.1,0.3,11,0.05264923079496234,0.04149409264004916,21.529822928814855,0.04424185574613054,19.963668616451315,0.6726322586867692,6.142857142857143,0.752520719094617
0.1,0.3,12,0.06552245704532098,0.04661772770187976,25.240994468878906,0.05109840333104211,21.809663121567848,0.6652225457468158,7.357142857142857,0.7500157074947585
0.1,0.3,13,0.031176138188535596,0.026982720363964194,14.997267802329617,0.027808876791298898,17.138775419572625,0.5861813469354576,5.821428571428571,0.6189600055776002
0.1,0.3,14,0.007162519205570188,0.0040655094780064375,5.5989623949396545,0.003987975821399044,3.599043790472185,0.5820471345054302,6.892857142857143,0.5989369115243603
0.1,0.3,15,0.059930824473281186,0.03820084698012129,35.99783187218532,0.042600525228354585,19.297102528645024,0.7132278367418026,6.964285714285714,0.7823561127471677
0.1,0.3,16,0.0652080136630436,0.03984313935595447,23.55709394844231,0.04257490604691122,16.71447605762833,0.7091942431756465,7.392857142857143,0.7759751960338849
0.1,0.3,17,0.054232291028085064,0.03614807334996631,20.69475500719249,0.03964009010700902,19.831865516010378,0.6438291006474748,7.035714285714286,0.6910124780298128
0.1,0.3,18,0.007727660770731727,0.0053950355555710695,4.934381561155114,0.006155934749574497,3.6879506547711762,0.6244334735772012,7.107142857142857,0.6401327881657912
0.1,0.3,19,0.016760840394186287,0.00852448777797901,14.410217952180027,0.010615499539648321,7.4648958594620565,0.5313365998789537,6.357142857142857,0.5802249136221062
0.1,0.3,20,0.00578098378173821,0.0009604890104529219,5.065606635741901,0.0006638623742751495,-1.72838376677124,0.5797178345225628,5.5,0.6001028343643082
0.1,0.3,21,0.015839621102620754,0.004414138093621985,7.843282430484152,0.006103090938404595,2.3277463382175276,0.6312687004958695,6.178571428571429,0.6527042255828899
0.1,0.3,22,0.0011128498189235158,0.004358792650112184,-1.596188443750762,0.0028685800054354593,3.2701691959323114,0.582286615575183,4.821428571428571,0.5880086191284741
0.1,0.3,23,0.05613181393437147,0.03342628312652543,22.72216793555109,0.04053553026697244,13.502473263082114,0.6150157984091124,6.928571428571429,0.6854678996014454
0.1,0.3,24,0.04594828542907267,0.019683982978238798,22.414618915105375,0.023409001856567233,10.115280101171948,0.7064455567862125,6.428571428571429,0.7658073913070658
0.1,0.3,25,0.09500908897822818,0.05508432817442993,37.31565767142244,0.05971313124288571,20.763792372018855,0.6593563602125395,7.285714285714286,0.7556471605775592
0.1,0.3,26,0.05469337940196694,0.03421898592060335,35.51270679023841,0.03583748722718674,17.24825833249939,0.6775812026029946,6.0,0.7473188514716043
0.1,0.3,27,0.019987953629138393,0.019299326999178273,19.66533781836084,0.015938233427996124,6.575483002937555,0.6499956757397466,6.678571428571429,0.6879069077878048
0.1,0.3,28,0.011134116626717075,0.007305488269475727,6.725008160264871,0.007214326138735799,-2.596478055966969,0.6101674433283563,6.785714285714286,0.6591964991676826
0.1,0.3,29,0.0042558059238258185,0.0028060786782029335,-3.4488922709261303,0.0027397158723448532,2.7121777955535435,0.5711070673420514,6.642857142857143,0.5664735017392357
0.1,0.3,30,0.06543331744055943,0.03662586918061705,18.871486779204815,0.0436297299662183,20.250778502058143,0.6943838405789748,7.0,0.7720320201448614
0.1,0.3,31,0.012811743760415608,0.0070226017103739045,2.943748381799331,0.007889601789521073,4.943503004160543,0.6149973879586945,6.571428571428571,0.6346462368164355
0.1,0.3,32,0.007341411667155719,0.006153011381774627,4.482389748234063,0.007327851427535572,3.4828307333242967,0.56077340205912,5.571428571428571,0.5792041138010497
0.1,0.3,33,0.02452632784159024,0.016038394207424426,9.721273792348917,0.016093922215621163,7.185889572158459,0.5861328736161829,6.25,0.6231950368531045
0.1,0.3,34,0.014424180884039635,0.0051483473228684275,11.278536476651936,0.0050265282345712,5.401266626936604,0.6454188607118334,7.214285714285714,0.696402639450555
0.1,0.3,35,0.023776043604912964,0.017441559523021295,19.380741968298643,0.017680314397809753,12.323590285280943,0.6420565576288196,6.285714285714286,0.6789666639560876
0.1,0.3,36,0.012446529873079835,0.004981271046378555,2.6700041072717084,0.005804476566892819,-0.06682818454873048,0.6337583436249935,7.0,0.6422915182178701
0.1,0.3,37,0.020870064505653825,0.020525934776244762,8.556403118072154,0.01923944351213713,9.743981266064376,0.5437807555301485,5.464285714285714,0.5743734625722147
0.1,0.3,38,0.03383624103969545,0.019909412296408257,14.104806861895987,0.02309864645311371,10.920440076515243,0.620526482238275,6.571428571428571,0.657471569057296
0.1,0.3,39,0.021310684961724165,0.017186578575378957,11.98621392725616,0.01710523583874577,8.13827437780022,0.5673159019958852,5.392857142857143,0.5941655346197786
0.1,0.3,40,0.004079271629659854,0.002183221784946798,4.928772560556332,0.001667829027223996,-0.1737430064914728,0.585239765115982,6.714285714285714,0.6001558020533488
0.1,0.3,41,0.040464507408745576,0.02159439466543772,22.787363126785294,0.024553333989138247,10.2705346607963,0.6586254609814854,5.714285714285714,0.7137736374913188
0.1,0.3,42,0.04320463868933922,0.008125793788367247,12.85494261706846,0.013681462785636679,9.072801620658169,0.671529320943845,6.535714285714286,0.7210550049182953
0.1,0.3,43,0.020797747663218458,0.026105780137795954,9.686171013321662,0.021383423583144906,4.854084472464621,0.5560925231418159,5.75,0.5723867316622926
0.1,0.3,44,0.0021170233629134753,0.004317147784434667,3.443222442177806,0.003281856593969251,4.114198356084169,0.5907593213241985,5.821428571428571,0.5953342335862313
0.1,0.3,45,0.009725157412521711,0.0030789925091705213,7.459516616981887,0.002656717539744017,2.878409471111714,0.5983777065744931,5.785714285714286,0.6329711663404156
0.1,0.3,46,0.0030065206555167628,0.0007315717650681218,-2.5959410395459557,0.0006245632335980031,-1.1634968218899076,0.5643804406485546,5.464285714285714,0.5715599187099867
0.1,0.3,47,0.05884430676690622,0.039918111323741734,24.353247421174718,0.04450656590007639,12.835521859532022,0.6304154425344166,6.464285714285714,0.7230645885797368
0.1,0.3,48,0.042359142203884974,0.022344307132696844,19.101732377693768,0.02587143199500706,14.789518722517741,0.682327793952803,6.928571428571429,0.7491330501426132
0.1,0.3,49,0.020326458680517454,0.014005727790803555,17.995831286450233,0.011371760796573373,6.901711460155933,0.5823018820152644,6.142857142857143,0.598514045095389
0.1,0.3,50,0.0061090856925376125,0.0029964923212895743,3.16130616437038,0.003682034932385802,1.1802292260493534,0.5562592774293836,5.785714285714286,0.5663630903600865
0.1,0.3,51,0.020602277704783577,0.02458484064275799,9.036306818442341,0.02253303684253198,14.126293027217637,0.6659461179844576,6.892857142857143,0.7114373862193613
0.1,0.3,52,0.02491245026646818,0.02121124345198842,13.859684413328807,0.02076397537297955,11.597098244697653,0.6490472198708507,6.785714285714286,0.6896152917818844
0.1,0.3,53,0.03884293425627248,0.026074251966600837,19.089727028337947,0.028381102687834295,11.44222176329194,0.6069270870803757,6.035714285714286,0.6415447603048873
0.1,0.3,54,0.004885163056682164,0.004522691431801502,2.0481981822413786,0.005352217997124431,5.471994003956468,0.5485728215446969,5.821428571428571,0.5785674554559062
0.1,0.3,55,0.04993116327108367,0.03283008966321476,27.36319652481566,0.03833805134701963,17.67753195483209,0.6732898536215975,7.464285714285714,0.7187041789821866
0.1,0.3,56,0.005599257772540783,0.007719658606838498,3.392675471531902,0.0062315035832736666,6.695071115226152,0.5518347324201326,5.571428571428571,0.5469453125860861
0.1,0.3,57,0.08752778191519037,0.052009049484026695,28.88989820695764,0.05637920507612544,16.974843363134678,0.675487944509958,8.035714285714286,0.7643812770162812
0.1,0.3,58,0.05480424449454049,0.02444971193991664,19.627450859145693,0.029987542546285748,12.959484215293912,0.6620295214393054,6.107142857142857,0.712049964684603
0.1,0.3,59,0.004655109187807923,0.001037805964591812,3.9179968821457223,0.0008134734410166673,-0.4297159834890844,0.5736281722017565,6.214285714285714,0.5701806968169059
0.1,0.3,60,0.03421158596106673,0.030196900816709046,23.727413759347424,0.028584238633464498,13.18715791170367,0.6165983027617121,7.107142857142857,0.6632716617668454
0.1,0.3,61,0.031166721654582136,0.01591489025579658,15.97923645951468,0.017723488328778726,12.493644556955465,0.6485463896111714,6.071428571428571,0.6994744636620405
0.1,0.3,62,0.005198969038565725,0.0050157000065054495,5.550969915843098,0.005113173278011894,5.493019092249426,0.5873964357754137,6.392857142857143,0.5677319822462084
0.1,0.3,63,0.0454666912666494,0.03526096034394334,10.82358297307903,0.03396923548703794,8.210890420197435,0.6667583011550521,6.75,0.7157564757890763
0.1,0.3,64,0.028773097701149122,0.022906110181233313,14.955951931535026,0.023838103663747324,14.412431571534276,0.5679782839342219,6.071428571428571,0.6143882281453552
0.1,0.3,65,0.0038840405126839552,0.0030670164445514036,6.562617342285776,0.0033136793845690536,3.3152327139300914,0.5839086880584194,6.25,0.5815581584345556
0.1,0.3,66,0.02164804909670767,0.017948478631409498,24.55028319910336,0.014179915426368277,8.114598296792858,0.6633127944430726,6.5,0.7008643072565317
0.1,0.3,67,0.017178215746622563,0.013712434826167224,16.2147480444303,0.014210922923719447,5.576670346948826,0.554448735021636,7.321428571428571,0.5753416769245463
0.1,0.3,68,0.02825074482300253,0.011627755289507775,18.13278084147177,0.015693092644803973,5.762895979865486,0.6767485347955619,6.0,0.7229039554627634
0.1,0.3,69,0.05140475819020583,0.046357396697316255,25.218533155436923,0.04523777107904942,24.896027198457702,0.6482358812462807,6.535714285714286,0.7458925561290911
0.1,0.3,70,0.007210623286278371,0.0030380806575290857,5.180824308409484,0.0031768800492511847,-2.310855520347142,0.5878499483303475,6.0,0.5856341257080675
0.1,0.3,71,0.019524015635928083,0.015616100273671983,9.78221660962987,0.016555224552758964,14.426415276187015,0.6616498659712594,6.821428571428571,0.7005054124383272
0.1,0.3,72,0.0021061089284816203,0.002280190895109725,3.802356699797514,0.0009865146427298678,4.156454503656543,0.6006646557747807,5.214285714285714,0.6089824862175253
0.1,0.3,73,0.02433762212413895,0.012543459843580898,15.167350856566465,0.01455999632940934,10.006738082308393,0.5958455945974422,6.857142857142857,0.6218284081135899
0.1,0.3,74,0.08034284108624189,0.05034088011983747,15.42290649606068,0.057235555338397096,10.340973984803592,0.6213793374123859,5.642857142857143,0.68253344335981
0.1,0.3,75,0.04635070529660741,0.025454321484210264,18.565462292941486,0.028881137665110194,11.395828072604417,0.6998316783638066,5.964285714285714,0.7710838623006854
0.1,0.3,76,0.0209273202608543,0.008598861830860283,6.979218958004978,0.010693697784877516,-1.8348502942709881,0.6069265728545691,7.607142857142857,0.6076270424514654
0.1,0.3,77,0.0376899486231101,0.02568889848021503,14.120044170225299,0.029232206276313642,9.518852568794623,0.6880475897036656,7.107142857142857,0.7405971451129756
0.1,0.3,78,0.07928395046547775,0.0607813581493203,37.00193106484295,0.06571183140772384,30.872979811200565,0.6604137708269103,6.785714285714286,0.7501612831429711
0.1,0.3,79,0.023145599514467062,0.01013899479658045,9.812111756201126,0.010547891804402637,-1.794725633867652,0.6027099035759406,5.928571428571429,0.6154921608851208
0.1,0.3,80,0.0490820263017147,0.01679769067842168,22.53499896204727,0.022360838562925176,11.901352265128764,0.7110965614485485,7.321428571428571,0.7683008960637298
0.1,0.3,81,0.05101377866386549,0.03550913376710347,25.303974378099955,0.038233895325990024,20.6856959989456,0.6776798109042621,6.642857142857143,0.7233883593625956
0.1,0.3,82,0.0489922741892413,0.025072922937155552,41.826060661399154,0.02631398671877681,18.802801306694025,0.6834467147322375,7.607142857142857,0.7502389241592464
0.1,0.3,83,0.06392295581127341,0.0403983115013428,21.80307960712827,0.04406196916405799,12.59088611547977,0.6763573098337267,6.678571428571429,0.7475124460616097
0.1,0.3,84,0.002892523977983553,0.0009509753758042143,2.8348621181418494,0.0007261592305897658,-0.6236438058002989,0.539353914385823,6.285714285714286,0.5397175163539123
0.1,0.3,85,0.06079083509237662,0.04718113589881243,31.551336211460377,0.04914042160130949,25.983572833059224,0.7106142064027318,6.714285714285714,0.783526863633211
0.1,0.3,86,0.0220268666140926,0.011135144292891646,6.725261470774399,0.013682411233562392,6.139141921483126,0.6323235789515342,6.285714285714286,0.6672349142808831
0.1,0.3,87,0.00557825158649353,0.001581435804462425,2.1034230799122042,0.002032101382858022,0.9605573312724308,0.5558790848686997,6.464285714285714,0.5616725027601712
0.1,0.3,88,0.003694986927128939,0.0017886598090005612,3.9635421125322523,0.0019417809362098958,1.8732160858036195,0.587871795600635,6.964285714285714,0.5980301944091718
0.1,0.3,89,0.034398096079461475,0.02423547307919317,14.724886905437863,0.02419469028286129,7.508810118364551,0.6767423088643282,6.178571428571429,0.7392960269239208
0.1,0.3,90,0.033287313470715736,0.021102940455036436,17.37376612111523,0.021625219457730542,3.0154549336927423,0.614692011837975,6.035714285714286,0.6449733368891222
0.1,0.3,91,0.0036284947179182733,0.006158716882965207,2.1436904920001822,0.005713213233186423,4.487114953735936,0.5932744517041687,6.25,0.621947992780321
0.1,0.3,92,0.0017886766674241154,0.000379044921665988,-3.241491616213338,0.0005053795070435401,-1.9788885241050878,0.47753996355616674,6.571428571428571,0.49912581938920264
0.1,0.3,93,0.061770203809002625,0.030486983323059026,32.89157033596996,0.036189660968599886,19.54050954429478,0.7051402523840424,5.964285714285714,0.7775362542130423
0.1,0.3,94,0.015807017807570028,0.010580466525440719,11.077807484999717,0.010948687451662657,3.286769842467114,0.5925583701574565,6.821428571428571,0.6083609557501479
0.1,0.3,95,0.018618207884798794,0.01012508585257931,9.041315721352099,0.010810045973146729,9.52425535321037,0.5801980771291217,6.035714285714286,0.6000844475554273
0.1,0.3,96,0.0060298113420577636,0.005882953729450773,6.786762628202872,0.005314145274296085,2.75586223192577,0.6038932419732592,5.607142857142857,0.6183192232764166
0.1,0.3,97,0.07954787547219602,0.056160098835761216,43.72519375230739,0.06033308783190035,27.37590189352477,0.6651478015695842,7.178571428571429,0.7513670876553545
0.1,0.3,98,0.04092768395666542,0.019152278626671022,23.745546599631783,0.02095311380405873,14.619277561815062,0.7197650896288212,6.928571428571429,0.7596341509849006
0.1,0.3,99,0.025992160745987525,0.018207540696870302,14.554598393636425,0.020124916397184472,12.914582300124096,0.62137437074337,6.0,0.6605416431020716
0.1,0.3,100,0.0813943681928904,0.051491548427557154,23.322855137147673,0.05743305572098237,20.78223235491355,0.651433056176988,6.5,0.7440618918092102
0.1,0.3,101,0.03857088897149476,0.03407004340843567,13.110699713994741,0.033443205160954836,11.304104877721832,0.5566257414573418,6.392857142857143,0.599870705931402
0.1,0.3,102,0.0073007475981525585,0.0022800295029406776,4.055761659832854,0.002864896040891738,2.0417057850275833,0.518619103953614,5.714285714285714,0.5473673743407084
0.1,0.3,103,0.03702758918313165,0.02181898505456314,21.31561990960326,0.021899367521467726,12.630005890667917,0.7185638072013844,6.535714285714286,0.7725037705405512
0.1,0.3,104,0.03570593929895753,0.020323918913017196,19.992264267410565,0.01736494757729494,0.6827343969925342,0.632694819101319,6.285714285714286,0.6647075427925442
0.1,0.3,105,0.047728476091853225,0.031236433756027086,29.876046378977517,0.030127852234811226,22.197882649575675,0.7348661484299213,6.571428571428571,0.7905854972003091
0.1,0.3,106,0.0004233788577671486,0.00034337115815468876,0.32516350729663657,0.0003123525374583198,-3.3369366784524552,0.5953995748229685,5.892857142857143,0.6041498434196757
0.1,0.3,107,0.05970462093389397,0.03937618632383652,15.52772904544302,0.044687394122832784,9.980156071055779,0.672106362495248,6.678571428571429,0.7554828159001499
0.1,0.3,108,0.008341687735779783,0.007854753397188772,5.656156578576137,0.005812949848147485,1.5509046318997453,0.5800772366589773,5.678571428571429,0.6000034067900262
0.1,0.3,109,0.07454982473360595,0.05988977422973691,23.200873179950516,0.06404796674818625,21.586861090539127,0.6694506628749027,6.75,0.7453877436760756
0.1,0.3,110,0.004098018536153928,0.0013987975236000377,5.746003835731415,0.0018215455657492453,3.20705206660215,0.6054989694263527,6.678571428571429,0.6094863129444628
0.1,0.3,111,0.06391531306391338,0.04667666227999266,21.879381259696622,0.04675176169628421,12.10632509056154,0.6539922699757775,5.892857142857143,0.7080741894260048
0.1,0.3,112,0.02922901569104718,0.011818139160127169,10.59674342424509,0.015769260623766535,3.199280152556753,0.6084354694638412,5.75,0.6390126714131756
0.1,0.3,113,0.0013470506640732018,0.0008078831853348513,1.8662277888378185,0.000991770715262949,-1.4874262939686769,0.5997707310265128,7.035714285714286,0.5942671448732328
0.1,0.3,114,0.003483448919558061,0.0027793426481054263,-1.26648508615461,0.003362850626072275,-0.8703230730770789,0.5798526077490281,5.785714285714286,0.5829341012796632
0.1,0.3,115,0.00431492192186088,0.0001518091763821779,5.027855695137795,0.00021299037284327273,-3.3236665695656122,0.5853507769154848,5.964285714285714,0.5933011836090794
0.1,0.3,116,0.09532382078346026,0.07988710647235418,37.302278162516885,0.08605270757170559,41.596653999938745,0.6687086419510149,6.75,0.7752047505197455
0.1,0.3,117,0.013882133576155215,0.003396412708111136,-5.004726454051621,0.005707315941535859,1.1795235137739628,0.6365618655313653,5.821428571428571,0.6647930394421543
0.1,0.3,118,0.08866043377942465,0.0743632872728009,35.2902676679663,0.0790296016127731,29.152939270969437,0.6446379826646564,7.357142857142857,0.7743099224680674
0.1,0.3,119,0.014887933507331592,0.009669311880579706,11.770240058339716,0.008771776309367669,-1.2205929295689846,0.5880947642547082,6.857142857142857,0.6307710860852136
0.1,0.3,120,0.018164062668595857,0.006256063189095842,13.751895517111521,0.006763872152427335,0.18304506148070723,0.6220989510894979,4.892857142857143,0.6356129725796503
0.1,0.3,121,0.04560493833418291,0.02784502606898855,16.30223225241972,0.03161188387678268,4.198374376935263,0.6550326744829754,6.714285714285714,0.7177804128292229
0.1,0.3,122,0.030787847326602426,0.0130626291261223,10.422232731380568,0.015425833890153421,10.736330407849985,0.6197759076076498,6.071428571428571,0.6683739811144238
0.1,0.3,123,0.008323807107650752,0.002579423055039842,5.544465588973836,0.0022818409875700694,2.135477467659475,0.5997904274938038,6.642857142857143,0.5777415477622432
0.1,0.3,124,0.009481147137975795,0.003310462351821356,7.773340168305346,0.004468923274755843,3.2839576429590145,0.6787252873535009,7.035714285714286,0.700196860059099
0.1,0.3,125,0.06897858080358651,0.055332762226584405,31.093030217089336,0.058893162818484286,25.72179276801244,0.662908475344496,6.964285714285714,0.7431762571619727
0.1,0.3,126,0.036699977835112585,0.024499550888140403,14.595408882508888,0.02541943826321621,15.089956661012385,0.6989691383607628,6.678571428571429,0.7501295487983217
0.1,0.3,127,0.0033279320328326186,0.0014915908127449264,1.6701866231307463,0.0019105934902521346,1.8868270077566553,0.5474170917322098,6.25,0.5613728017987851
0.1,0.3,128,0.07157695571585415,0.04339465453591259,33.385930441762596,0.04877870562843946,18.073326907699677,0.6654467814544611,6.678571428571429,0.7525866621575399
0.1,0.3,129,0.022239009247094776,0.005126501694597974,20.487157503190218,0.005574183223585243,3.9277240308958974,0.6650888298932883,6.142857142857143,0.7066997955790195
0.1,0.3,130,0.008083685511617554,0.006200712398155239,-0.44515279240500405,0.005650549503562654,3.5290273127038554,0.5507404284674335,6.178571428571429,0.5895436662092914
0.1,0.3,131,0.018046147205600143,0.01052663702331864,10.524508987875258,0.012429172135305153,5.170068289414435,0.5822208575422998,6.785714285714286,0.6102169371367427
0.1,0.3,132,0.024826501229038987,0.018906147532396493,11.574754780893898,0.019083060945771127,7.512238140898063,0.5627552532850776,6.678571428571429,0.6125280322768561
0.1,0.3,133,0.0108988870884576,0.00985311743563432,11.900757284847124,0.008528970820102837,1.113421211249668,0.5642323250879425,5.892857142857143,0.5898149219324309
0.1,0.3,134,0.010166585520801897,0.003289129628917752,8.299726061109148,0.004225734783186315,5.106989419313436,0.599249385842519,5.571428571428571,0.6130324826264144
0.1,0.3,135,0.02632450188908361,0.014788699971616932,21.159356248064817,0.013337727696717728,10.284515700897808,0.6391446749985155,6.071428571428571,0.6839057551119163
0.1,0.3,136,0.0056197477613345115,0.0063020104041268555,2.8087197630137553,0.0064795105468027385,5.134121527070865,0.544423077972176,5.642857142857143,0.5494120518622072
0.1,0.3,137,0.07030876306593375,0.03948824068700596,34.93498110862106,0.04928802398451398,26.13061005484707,0.636886490776,6.0,0.7155578620428175
0.1,0.3,138,0.029800712778044233,0.018701738306248113,19.19577559108761,0.01981465679004162,14.065467166274368,0.6576126853572569,6.821428571428571,0.6987895147975112
0.1,0.3,139,0.015135079274854971,0.010457135037724963,10.58768943313678,0.011695418075437902,9.372045368722752,0.5751043231619192,6.571428571428571,0.608822899177206
0.1,0.3,140,0.00274685615282962,0.0020745945511143845,4.165571026672552,0.0014262673306139426,1.1311804931062,0.5870698704019522,5.857142857142857,0.5892814530141519
0.1,0.3,141,0.03423561390886266,0.02356454945243572,26.112605786896165,0.022933336339485706,11.118744494467412,0.6470183412134757,7.071428571428571,0.7148328605125531
0.1,0.3,142,0.00343620177199734,0.002997646961068768,3.1147554984205073,0.003171629703435137,3.2800532823126787,0.5905497079974552,6.75,0.5976282998054283
0.1,0.3,143,0.08450426228503366,0.06064229679850573,29.997113401749274,0.06435112521862237,25.66602308227255,0.6497127544499574,6.607142857142857,0.7188138158622749
0.1,0.3,144,0.03824528440847725,0.010627058016035529,14.483846259014861,0.016451169147549634,3.9042468454403356,0.6882962977998609,5.964285714285714,0.7627093749455116
0.1,0.3,145,0.029969218604293506,0.007916325519508053,12.811580859351203,0.009702598451872739,8.455976821358812,0.6642738739375946,6.642857142857143,0.7191010745465355
0.1,0.3,146,0.03914067379471854,0.020212299605405933,11.315155266408546,0.022803539390226606,9.107719340988666,0.623413950252333,6.857142857142857,0.6823879481790323
0.1,0.3,147,0.05406534753095445,0.035111844102433676,27.79180962234512,0.03699515205378368,22.082852881755077,0.6835586665257608,7.071428571428571,0.7561175732021435
0.1,0.3,148,0.0038852871954155052,0.006149819485316818,5.648887201841994,0.0042763362864698205,5.455589145803278,0.5483713248380649,6.321428571428571,0.581993557666517
0.1,0.3,149,0.06049883863364841,0.03791397313104486,27.021195980204816,0.04263258409154855,18.450292895632813,0.6887125975126531,6.428571428571429,0.7786152219311218
0.1,0.3,150,0.07138931614003866,0.040195872978164904,34.720698611435864,0.04590993622032372,20.12908459360761,0.6921494452435265,7.214285714285714,0.7727348428383739
0.1,0.3,151,0.06821280290799535,0.04694579624918172,39.54010189046356,0.048405717114229425,19.430706212247156,0.6229512047705192,6.607142857142857,0.7315999202789005
0.1,0.3,152,0.011865574172808339,0.0032952410763393155,3.443254624490123,0.004511195290515947,1.771241669028124,0.618885741359891,6.75,0.6229971372553306
0.1,0.3,153,0.04460217066935796,0.023151296128551508,20.36118793315208,0.02649569872298034,10.045136125639345,0.6449512871836408,5.678571428571429,0.6808360029368803
0.1,0.3,154,0.051627977575028655,0.0193332488883939,28.363648119492975,0.02616542738865052,17.07794168140518,0.7219708825463635,7.178571428571429,0.8016315536872112
0.1,0.3,155,0.06792334339997244,0.06301020175130341,17.02600720451956,0.06596472737983199,21.963946304733657,0.6581044740510896,6.5,0.7231236818522613
0.1,0.3,156,0.021340842601506597,0.010861801638214024,9.54719401569259,0.011151656366574387,2.984752674553391,0.6787158663633429,6.678571428571429,0.7051847848894992
0.1,0.3,157,0.004545051326261655,0.001897515878389579,-0.17038037384470073,0.002386681552580693,1.2587757556626116,0.5654887250264281,5.607142857142857,0.563115414627997
0.1,0.3,158,0.007673213848795327,0.00027528183596225916,6.794583097481606,0.00035324189228298585,0.2805113350145992,0.5789782925934496,6.142857142857143,0.5874912839308981
0.1,0.3,159,0.01687844516188125,0.01394105475411554,3.2833089917909675,0.014721049965424607,5.891675259977944,0.6038713691893721,6.321428571428571,0.6178651958332695
0.1,0.3,160,0.0017332916547888489,0.0015059663781840488,2.8841724835831926,0.0018436806510355253,1.8034058293629773,0.5324258089049959,5.5,0.5366988610000551
0.1,0.3,161,0.044528353133238725,0.019877167856881695,43.054865969629184,0.02194892103324318,17.13185006536273,0.6674532208381253,7.071428571428571,0.7242773837005294
0.1,0.3,162,0.0032649732717223087,0.0025875030239733594,2.147794450546648,0.0021402540410793668,2.4524066045191355,0.593645579667282,6.821428571428571,0.6257222373481441
0.1,0.3,163,0.003918957195111618,0.002769404471063185,2.6340847304281425,0.002994379253671222,-1.4808680580448481,0.5856018297320892,6.642857142857143,0.5855918400710134
0.1,0.3,164,0.051943287610254366,0.033297388871659936,23.946728937744513,0.035170044139785896,15.041244932995818,0.6854052919687051,7.428571428571429,0.7556661911259195
0.1,0.3,165,0.03593576871551958,0.02596882758483488,21.527929588220307,0.024492064943610357,2.841294123277701,0.610499360373604,5.857142857142857,0.6707539161451174
0.1,0.3,166,0.004875255742592462,0.0025415390748148993,3.9081969929876124,0.001941679208296965,5.99143680547552,0.6131253840796893,6.571428571428571,0.6276720035301466
0.1,0.3,167,0.04467884155495947,0.028928853342131113,35.14976641096037,0.031987034222524795,19.812018017862638,0.7207171273104965,7.607142857142857,0.785737827108987
0.1,0.3,168,0.010138708734744959,0.010308962844868697,11.06057603804274,0.010802336321038502,8.467002641303813,0.5736810320788619,5.964285714285714,0.5825722090495076
0.1,0.3,169,0.07504370686434524,0.03742806362846726,25.09576027570894,0.04176916613855625,17.800161005196742,0.6908268441959912,6.892857142857143,0.7684435145337087
0.1,0.3,170,0.0017804111598138305,0.0011100758047284031,2.998934198236718,0.0010230016963921462,0.43897564827931507,0.593564689681883,6.071428571428571,0.5986469974147473
0.1,0.3,171,0.02520666670846063,0.008245219554558135,12.644670680241703,0.010903774793262077,6.881923013351023,0.6722157345442736,6.892857142857143,0.7300589890169042
0.1,0.3,172,0.02696916642506489,0.011095975141703568,19.35249305208722,0.01303494569403708,11.113132115409647,0.6799812519122288,6.571428571428571,0.7323781610757985
0.1,0.3,173,0.06052565168079062,0.03464418997057542,33.560482755045726,0.03458330106072505,11.239798653248926,0.7425750392389819,8.321428571428571,0.8356766615485522
0.1,0.3,174,0.027572631241808615,0.017736469180421276,26.076033444696137,0.015140238561486975,8.00524016720855,0.6408291935516112,6.142857142857143,0.694719451822037
0.1,0.3,175,0.0034249907689871337,0.002993840620634374,4.951302804886609,0.0024571698099645307,-1.8674493121285423,0.5664961728578186,6.607142857142857,0.5783906785598005
0.1,0.3,176,0.039154451916053636,0.015112342747880534,11.873984998350082,0.017046160265850274,5.597661059033143,0.7120503776078985,7.357142857142857,0.7824016472569071
0.1,0.3,177,0.0055998260683409185,0.002021637959133169,3.6736839807680823,0.00184386530287075,1.9845507473206776,0.5927765333187126,5.821428571428571,0.6158322464404112
0.1,0.3,178,0.01245805095547223,0.009254363568799957,6.438556066884011,0.009907209006194165,5.24873843898258,0.5941780480032748,6.535714285714286,0.6225471533007886
0.1,0.3,179,0.0073734432800004615,0.0012572888705768546,6.631585448360042,0.0009255796208557925,3.2514932730092405,0.5417320888683336,5.142857142857143,0.565519550239745
0.1,0.3,180,0.04713090194453112,0.03307466120851143,28.6124759928838,0.03681028498035827,16.681873581493544,0.6902916438784975,7.821428571428571,0.7524832112115116
0.1,0.3,181,0.00440981959365996,0.0013511743750187633,7.602749589619776,0.0015284308469513202,-1.0782217249358628,0.5848736546167311,6.392857142857143,0.5866481763230196
0.1,0.3,182,0.029591925669087183,0.020735762628257937,13.341565950332466,0.021361509811746438,13.143943432284496,0.6129514142603327,7.142857142857143,0.6719674153559657
0.1,0.3,183,0.0032257364992043834,0.002470663954284076,2.5144721283299987,0.0019021306071884457,-1.5892011988207837,0.5471070866015956,6.178571428571429,0.5689051169800112
0.1,0.3,184,0.031977939065281874,0.017143474147852552,18.24195628886237,0.019208420234007914,10.505835448983655,0.7003311584901489,6.464285714285714,0.7448097963831407
0.1,0.3,185,0.02042508446384941,0.013867001810390233,22.40164701031617,0.01278023418515923,6.215163909162868,0.6540566229125095,6.535714285714286,0.6859091226640095
0.1,0.3,186,0.010315587880244328,0.0015981402868735408,9.456634041509062,0.0017852248903590386,1.944711020067776,0.6314563250365992,6.107142857142857,0.6415189604335638
0.1,0.3,187,0.033069012098951016,0.026308874011946256,18.374156563693386,0.027080035497343495,6.545577048547244,0.5760015080377087,6.25,0.5921895259955607
0.1,0.3,188,0.03646774290130603,0.026205608207607957,24.325704722457363,0.02592833192671128,13.860753388863685,0.6724534328855799,7.035714285714286,0.7208069741085618
0.1,0.3,189,0.0795835310118949,0.050655643360561824,30.654055698248683,0.05567129343098235,21.03006980807776,0.6242887025677242,6.785714285714286,0.7171988042679989
0.1,0.3,190,0.006316731721095532,0.012872703672152932,4.791614133113875,0.011214500016367958,7.594756854694111,0.556774838213509,5.785714285714286,0.5615613369988195
0.1,0.3,191,0.002240826420025824,0.004714514744660001,1.4126859148720499,0.0027565165002658727,2.404592661101996,0.5286067759984605,6.0,0.541698684952395
0.1,0.3,192,0.006078745128916879,0.004512804434629213,10.046607414584933,0.005011684077818429,10.172542382907134,0.5714551005133952,5.892857142857143,0.5718751700031727
0.1,0.3,193,0.05274806425103445,0.01766420978786344,20.626235511999486,0.021459036372507855,8.459836086821099,0.6801563132121092,6.964285714285714,0.752799025776742
0.1,0.3,194,0.038005516407158726,0.025533273916794344,26.821712414988905,0.026832026720602614,14.544756890676695,0.6193505628196989,5.607142857142857,0.6722725176939215
0.1,0.3,195,0.0025205777445076946,0.002077807412238085,2.8195207598204277,0.0028488093401500643,1.4880861301064954,0.5527604045663599,5.785714285714286,0.5607815371453698
0.1,0.3,196,0.0031274088053129334,0.007791164608381467,-0.8452606992820435,0.0048950677967786954,4.611532561091906,0.5733225740390526,5.535714285714286,0.5996285391859887
0.1,0.3,197,0.03124595403747583,0.013350055082926592,12.185441924373045,0.0159553664132865,7.755893785434343,0.6716103101794949,6.214285714285714,0.7207829847545242
0.1,0.3,198,0.04070548648485358,0.023208165426488295,17.98157227111553,0.026539013390536517,15.149441053880915,0.6654556836297582,6.178571428571429,0.7297537056272199
0.1,0.3,199,0.003893020317084254,0.002285876590350394,0.3662448189327421,0.0020841219498781835,-1.0214118884221837,0.5385197362896431,5.892857142857143,0.5403704291209113
0.1,0.3,200,0.0043434778277069855,0.005181468740469683,0.9083190173342715,0.004571390254915436,2.4393499485726977,0.5327282456136003,6.214285714285714,0.5437644248249862
0.1,0.3,201,0.04259613249982365,0.01333156299407117,19.949162560565274,0.01808290937833086,6.674460841731782,0.6979758144719037,6.892857142857143,0.7683735380406101
0.1,0.3,202,0.00486375672714988,0.0097851984144521,2.3297316940094817,0.00952307858776039,3.6804458166551797,0.4985695874720061,5.785714285714286,0.5193155011496007
0.1,0.3,203,0.0039130393337190005,0.0009986707599549055,-2.0644480872113036,0.0017680752264802504,-1.8057978706835722,0.5472395973569496,6.035714285714286,0.5288635859263282
0.1,0.3,204,0.0020822084961082867,0.0027675400412147952,4.859545867163142,0.0024565380899931465,3.986811170002303,0.5955243151570115,5.642857142857143,0.5860869059059735
0.1,0.3,205,0.01388372613699345,0.006195865888487171,16.29776398326989,0.006376369832850427,-0.06100979873433706,0.6035278537237259,5.928571428571429,0.614147741157646
0.1,0.3,206,0.006565273654858213,0.004024462913200921,6.858780773307018,0.003061547711123387,-1.8178314919801533,0.5934569658067194,5.571428571428571,0.6060040746395607
0.1,0.3,207,0.009332146118357539,0.00412732665178052,10.727277812365756,0.003961100833754041,0.8457405084737957,0.6501307895273569,6.75,0.6728221907419087
0.1,0.3,208,0.03422555996562906,0.01576028643193926,7.498481624550589,0.019466715950185114,5.763669472600109,0.6928520948228759,6.142857142857143,0.7407066411750527
0.1,0.3,209,0.018444921653638643,0.019373659949435504,2.9363506189088824,0.01769754909904713,7.879385106679355,0.6054017521789035,5.714285714285714,0.6414044552736624
0.1,0.3,210,0.06075812013939472,0.044397140851724984,19.76018043544938,0.04693693565749053,16.92883832026125,0.6523851432808708,6.464285714285714,0.7065028515320353
0.1,0.3,211,0.017091715305604924,0.01583310750474245,6.1716990644939145,0.01518503431386902,2.977296978266518,0.5843407876730733,6.642857142857143,0.6008880154774685
0.1,0.3,212,0.0021760137554118664,0.0008721827869627414,0.545996495226774,0.0009906574205898503,-1.717428914469347,0.5425032447802628,5.357142857142857,0.5514167370685474
0.1,0.3,213,0.006569125284273144,0.006417724055204395,6.691419602804785,0.005327256395825607,3.396833451783891,0.6029844177775863,6.357142857142857,0.6066784018026798
0.1,0.3,214,0.004026563451092444,0.009293094289273846,0.8812510424442195,0.008127525353254715,4.333974493746581,0.5885817495834781,6.678571428571429,0.6027486438584304
0.1,0.3,215,0.03215560476435286,0.012189457242893633,26.957372129032585,0.013788045736113778,2.083368526189247,0.6516954835352596,5.785714285714286,0.6990611024488197
0.1,0.3,216,0.0021073970975005775,0.0028269424798755003,-0.2337145598321868,0.0019698813091964455,-2.94858299877032,0.5358032189981208,6.178571428571429,0.5436809499196786
0.1,0.3,217,0.040380680990510696,0.011017622407230074,25.581224362713055,0.014665100598747267,14.494741950224205,0.7052995547510417,6.607142857142857,0.7360198657198673
0.1,0.3,218,0.03580899836732002,0.018362526941419856,24.84519838520505,0.02195198059495344,14.350331719577582,0.68149177037536,6.75,0.7225954030835353
0.1,0.3,219,0.021558099858888794,0.012333052354517517,20.453246284255755,0.012227875081693094,4.92483744426832,0.6397363730458612,6.428571428571429,0.6651652817961273
0.1,0.3,220,0.00970298695128758,0.006524603268535754,12.157300008650488,0.006455568260389461,6.375157112069786,0.5560268809839379,5.642857142857143,0.5735924154735235
0.1,0.3,221,0.0054194655160453836,0.0021325124562534404,9.984164658238079,0.0016558344756746866,1.162972806042177,0.6182846068832547,6.035714285714286,0.6325663145584384
0.1,0.3,222,0.0011845105201306833,0.0010086014110379214,-2.146302937569999,0.0011510011689323347,-1.563169330824233,0.5814136109018496,6.392857142857143,0.5951505063154339
0.1,0.3,223,0.02033016114036078,0.009052189707861173,19.122414462730738,0.00565115096328787,1.8048347110513323,0.5909230575965871,6.214285714285714,0.61739169527087
0.1,0.3,224,0.0389025805607491,0.028361083407200838,9.840734836731919,0.028508213965320033,4.038284299698764,0.6131501473422476,6.285714285714286,0.6437255183172774
0.1,0.3,225,0.03268028088687145,0.01607487063787967,21.942478836500488,0.018302907197063137,13.397555737219117,0.618283171542612,7.214285714285714,0.6529738719573308
0.1,0.3,226,0.0023272187754423525,0.0015734698290747735,1.5724851977732826,0.001053279626086351,1.7523928958437978,0.5430306486348208,5.607142857142857,0.5589132442412312
0.1,0.3,227,0.0772476770708506,0.0514610644123264,20.09664219086592,0.05503129027589405,12.332344745600219,0.6326204550905786,5.392857142857143,0.6877199919948984
0.1,0.3,228,0.05487236341349254,0.04828021249597647,19.928142281395875,0.04945635987132639,24.486088922346642,0.6469910316804104,6.5,0.7227575751402016
0.1,0.3,229,0.014757063182914917,0.001499481577748472,13.394374323161934,0.0015991694272382696,5.180122922408373,0.701514774396536,6.785714285714286,0.7398007488510722
0.1,0.3,230,0.008001543027756124,0.002984079810943372,4.002108075930934,0.0029640996878330297,0.8198668885414216,0.5443386206473851,5.714285714285714,0.5538660652034364
0.1,0.3,231,0.013687039167169995,0.009472087411710559,7.277922526157525,0.00977301227348092,2.8070359447327653,0.6256705640548584,6.857142857142857,0.6544563536862817
0.1,0.3,232,0.06386940250280351,0.039561528962633076,44.08780393454403,0.04500557660701752,18.405349619969403,0.7056633989736868,6.821428571428571,0.7636020907270229
0.1,0.3,233,0.021928506018774076,0.020471849847625085,3.954953868666429,0.0183155668612217,5.060567935504717,0.6065393493584582,6.714285714285714,0.615598025854197
0.1,0.3,234,0.02445764837990946,0.014414431426579211,17.296561478857583,0.013983259434027673,6.359856142673341,0.6021562872421573,6.357142857142857,0.6419117622171607
0.1,0.3,235,0.032108516851894614,0.009099822664186722,10.318980873657253,0.01058520446010507,3.701108084360006,0.6642059075669315,6.571428571428571,0.7066033151245419
0.1,0.3,236,0.004987264079648351,0.00027805011410120966,5.199266701179759,0.0007294502881165174,2.3284074534213346,0.5882437318524952,5.642857142857143,0.5964984163178986
0.1,0.3,237,0.019304501986715447,0.011577509591455322,18.08565531217817,0.010843797406587013,9.224113058204884,0.6470575880669595,7.035714285714286,0.6760067397712978
0.1,0.3,238,0.01976464691933156,0.012697125748955781,12.61381080404621,0.014256607169970022,10.883635801030684,0.6411325369122954,6.75,0.6740986657790169
0.1,0.3,239,0.043325317270517735,0.05239140320397161,20.551991706197427,0.04996029830335869,23.039719624606864,0.6452808061091687,7.142857142857143,0.7044810167036263
0.1,0.3,240,0.011806077817231388,0.012877053305870832,12.896813810396218,0.012286882482301448,7.090606182574116,0.6131957141762723,6.107142857142857,0.6130827345395264
0.1,0.3,241,0.035997542682792594,0.025828962838548738,15.9016023775343,0.029619278941370245,17.654740058249985,0.7055199358743943,7.678571428571429,0.7567374742039634
0.1,0.3,242,0.011695932092177059,0.008745049689366352,13.743365306328897,0.0070808257621439085,3.7435374021239247,0.5709293288712691,6.107142857142857,0.6030452367651427
0.1,0.3,243,0.0052298534449395796,0.0014693822033123149,4.152546433812475,0.002131653521614846,3.6028535001473756,0.5900722908008321,5.785714285714286,0.5938551113726884
0.1,0.3,244,0.010746587023848593,0.008384874747205414,12.185482324403338,0.007946821542344435,6.187567480098996,0.6132504613692206,7.178571428571429,0.621323696244868
0.1,0.3,245,0.00515858229360657,0.004809644606476159,1.2863425274458606,0.003060579160073389,1.947928232918893,0.6172289358465808,5.928571428571429,0.6612569181311392
0.1,0.3,246,0.03261169267507245,0.024054836939701476,12.319783322868677,0.023610283856812273,4.416910027910139,0.5523412170774559,7.035714285714286,0.5788780698131544
0.1,0.3,247,0.010072115510648584,0.0037686816773383745,12.231340945024193,0.004442893671907708,0.23401984347037796,0.5737846500233816,6.642857142857143,0.5919541185146813
0.1,0.3,248,0.005724291256905797,0.0009122408578126026,7.292004456391652,0.0010525034397784404,-1.3046900073542151,0.5997784218659211,6.178571428571429,0.5933611117312413
0.1,0.3,249,0.033588396691463844,0.01302969784471873,10.160589002519053,0.014755695769910796,7.063378539474409,0.7108495493853122,7.285714285714286,0.7407039656328414
0.1,0.3,250,0.006034516624911325,0.003057996562008554,6.937172211187459,0.002672705825875566,3.3336252159917783,0.5737441253167136,6.107142857142857,0.6032209575261647
0.1,0.3,251,0.04377799894325104,0.027996644894061503,26.89567338225679,0.028735474021070264,13.285625278524487,0.6708300590054871,7.035714285714286,0.7400361764488101
0.1,0.3,252,0.0570919260318653,0.028076993124930172,22.112304879186535,0.03308800955817253,12.743303108378939,0.7028658184460281,6.392857142857143,0.7608938586202557
0.1,0.3,253,0.029803340730638315,0.023925072496168636,29.44747113278047,0.023613300086026825,14.409186448296987,0.6738502495274693,7.178571428571429,0.7225797219921538
0.1,0.3,254,0.01969342219246289,0.00723229549734517,6.554395324775101,0.008463707647575326,5.0454589547439355,0.6394822351283617,6.928571428571429,0.6606442491400332
0.1,0.3,255,0.007814910486715858,0.007553741259837155,8.294365086589004,0.005494986188897425,0.997999724479854,0.6595811630469399,6.857142857142857,0.6627896618316317
0.1,0.3,256,0.029053358509813366,0.021004573541905616,33.06446771690274,0.023483309774156018,21.520777905408625,0.6759169108976625,6.464285714285714,0.7213418713238107
0.1,0.3,257,0.03725223720289351,0.00940700646258928,12.384272242913273,0.014064988356647979,7.6328413711124385,0.67462745198894,6.785714285714286,0.735848178389021
0.1,0.3,258,0.0009297584608765119,0.0014888333712392461,-3.268300709371367,0.001603226197871312,-2.7515332639513495,0.6080265025620119,6.142857142857143,0.6233141890073728
0.1,0.3,259,0.010203692684149801,0.0064413785865538005,13.690074160458309,0.006145758831239531,1.6820272948135748,0.6339511059623328,7.214285714285714,0.6440973683925053
0.1,0.3,260,0.06507063496264838,0.045914862261029574,23.51426183262682,0.05000756004107259,19.44122028096197,0.6397102680790886,7.357142857142857,0.7037437438895355
0.1,0.3,261,0.03162934863090195,0.03820667589975972,17.538394559102727,0.03811696294197108,22.420797050320108,0.5766142187137204,6.5,0.6140346844115734
0.1,0.3,262,0.0018378092399675288,0.0008712504803401627,4.828179311789796,0.0008418295816306035,2.485556100165373,0.5608100810264902,5.642857142857143,0.5895990579798095
0.1,0.3,263,0.005521952959544007,0.0005649330556121374,2.789865902232094,0.0002887082329188687,-2.9532433230326753,0.5375912909238504,6.107142857142857,0.5469596156726443
0.1,0.3,264,0.006789082568841467,0.0023642081022291765,8.89692028914854,0.002357366528522426,1.2830918812001546,0.6235407000681754,6.321428571428571,0.6291066574274629
0.1,0.3,265,0.01768900087341469,0.005914782531247347,2.809305334074331,0.007306937888916638,0.42641160684704005,0.6335163103749863,7.5,0.658779486744602
0.1,0.3,266,0.025466670433543184,0.012614910867639413,13.527757650066135,0.013352859450089072,0.9422757220461051,0.6177065214139246,7.642857142857143,0.6257965892580168
0.1,0.3,267,0.003581883792589245,0.009460807593147602,2.4232479761461434,0.006721329287762405,6.086802916819711,0.5605304958193108,5.821428571428571,0.5525268456839438
0.1,0.3,268,0.06511787017083202,0.03335790359219607,28.60670612065545,0.03777803458992043,15.844792058563149,0.7080768480744687,7.035714285714286,0.7807842316980127
0.1,0.3,269,0.004686359604829059,0.0018598515321562288,5.841750120844885,0.002090092058716252,1.636905803496224,0.6317180550967668,5.928571428571429,0.6366595722720303
0.1,0.3,270,0.030493040597997824,0.01851571849232007,7.859604325109601,0.01958946467198613,4.12222349056169,0.6751902675418117,5.571428571428571,0.7311806447092126
0.1,0.3,271,0.028817754677547238,0.022416839478287934,21.22152385015785,0.02067310173898215,9.112769630858631,0.6226410874901986,6.714285714285714,0.6864698700427289
0.1,0.3,272,0.019486203953796525,0.012420952117163318,14.977790994223568,0.011156841372804049,1.7456144558751039,0.6880584871023635,6.214285714285714,0.7215076744734781
0.1,0.3,273,0.02932885199438452,0.02035921861798216,16.290342900771133,0.01940908659298102,7.233850258737277,0.625569802851598,6.928571428571429,0.653449565257332
0.1,0.3,274,0.032710574050489535,0.03352785009128962,21.19994381845809,0.03094583621246946,13.322098003031988,0.6519199355780001,6.642857142857143,0.7027022438208441
0.1,0.3,275,0.05971067566006013,0.03873347272577014,19.60131667386344,0.04372541889341931,22.321001114462348,0.6467280581022598,6.821428571428571,0.687976431651582
0.1,0.3,276,0.021256784273498006,0.015208841974978059,16.44759994594157,0.014235489907822014,5.056834813479544,0.6334275800029859,7.285714285714286,0.6598736426910239
0.1,0.3,277,0.007854436453156576,0.002420141086134184,9.519087374522151,0.0031792370235769617,2.2585451319347194,0.5495587035193149,6.214285714285714,0.5492130659540619
0.1,0.3,278,0.03746686024570669,0.025675137404416473,22.90709724286243,0.02926192735925328,16.93053580890728,0.6783755776226527,6.892857142857143,0.7341068329219093
0.1,0.3,279,0.02398947903052712,0.019030346995119667,13.194154971856534,0.01818564515218489,7.160492313158973,0.5466336878759359,5.642857142857143,0.5630116418122291
0.1,0.3,280,0.020497767249688433,0.004860620845025944,19.927148136582936,0.00467373734313572,2.724370500868673,0.5669730408288282,6.714285714285714,0.5913714135846562
0.1,0.3,281,0.10427903236411638,0.06246245100193594,36.334891454050876,0.0722605565258429,27.743500730867268,0.6480533269468767,7.178571428571429,0.7552338194811972
0.1,0.3,282,0.0072813791133430235,0.0077413052579716575,8.17219583747864,0.008204424029702633,6.960860763703049,0.5796586107582483,6.25,0.5886819505070859
0.1,0.3,283,0.00430631132423104,0.002278401057759224,1.7575971808768642,0.0025338321616997193,0.8800100452210605,0.5570454387116078,5.571428571428571,0.5765381472144782
0.1,0.3,284,0.020251096381728603,0.007600373685113725,15.765953049681443,0.010006266298481567,10.02023209410828,0.6744461420086039,6.285714285714286,0.700252855335379
0.1,0.3,285,0.060370426541382034,0.023255777501804725,26.099254507352345,0.026726590435362126,15.494999543642374,0.707863496623505,8.0,0.7769862995290326
0.1,0.3,286,0.04727257313809742,0.02222958877621954,25.948035044750707,0.028545208907554714,15.495840162632186,0.6629007011555826,5.821428571428571,0.7332280782403579
0.1,0.3,287,0.019756330087620875,0.009388061348309064,16.363866269222633,0.008910703833926276,0.8973367551446169,0.65035333170736,5.571428571428571,0.6764498739354416
0.1,0.3,288,0.027250502645171787,0.012844150534591212,18.501020701181353,0.013901583911804856,2.2289961908509213,0.6059507050975225,5.857142857142857,0.616640390947814
0.1,0.3,289,0.014229079263184887,0.005151802910854519,11.411965911472812,0.004839968111849005,0.9386358490649608,0.6275150404085245,6.464285714285714,0.6509509910522677
0.1,0.3,290,0.03700913381663944,0.014672360102066517,22.313636421514456,0.017472638497767846,10.675464390940675,0.7000497090785978,6.75,0.7628666787223648
0.1,0.3,291,0.004182389789437486,0.0013291206639176397,1.9640557509482193,0.001079076401853798,3.2502085446674207,0.5336350727597743,6.571428571428571,0.5563002453437004
0.1,0.3,292,0.03433634668404961,0.022684602337207337,19.186142871814194,0.024218846895930218,10.660753279038962,0.641973880453779,7.392857142857143,0.6841824021531959
0.1,0.3,293,0.0183493866454654,0.009832812127198018,16.274304714852093,0.013142511872094248,10.61116903520255,0.6469986747254285,7.178571428571429,0.6674716394160094
0.1,0.3,294,0.013572122485593934,0.014043443236027098,5.867011544391417,0.012071221826206143,6.701560435139338,0.6533634249776398,6.107142857142857,0.6898646603627239
0.1,0.3,295,0.03309884984186017,0.010986261218469571,24.00264579836801,0.011161406010453253,2.337689672999204,0.6578440961251346,6.214285714285714,0.710957760073478
0.1,0.3,296,0.03855385855099385,0.02042544968731506,22.309453493874752,0.025648688866463595,16.666955300242474,0.706903357341715,6.357142857142857,0.7696178864543237
0.1,0.3,297,0.013560082216822807,0.0048039952194680186,3.718611258337468,0.005849896079779853,5.776678988336641,0.6050401620157594,6.5,0.6672273503419999
0.1,0.3,298,0.0016220899131719497,0.0023152869026114844,-2.7506337565448433,0.0014475204557620166,0.9380198938499404,0.5807348208794637,5.571428571428571,0.611546057993152
0.1,0.3,299,0.007447875255519402,0.0035623772489546865,2.81529914038569,0.0033312297031144805,-0.10793580794156317,0.5675571657034464,5.928571428571429,0.587470332222529
0.03,0.0,0,0.0044876188234728755,0.0019026958537714024,4.671444784863631,0.001590985836779617,2.482254158684327,0.5542935615009635,5.25,0.5720597723573247
0.03,0.0,1,0.007489092567137302,0.0004127242448663008,5.3511969356545634,0.0009681124114560846,1.1426480242149637,0.5882118033974442,6.607142857142857,0.5952026693301253
0.03,0.0,2,0.007231428744445751,0.006394834926845616,6.224535870649106,0.005468235212846258,3.469253123737142,0.5646490242672126,5.642857142857143,0.5755165829527897
0.03,0.0,3,0.010675466368349233,0.007332313979034924,2.327984836405392,0.007268119360811107,-1.590658173953159,0.5637782347198128,5.607142857142857,0.5815505240866667
0.03,0.0,4,0.005589990897522713,0.001989743670630805,6.011334142122486,0.0012331538717156529,0.6751223884570834,0.5912042550913068,4.714285714285714,0.5910923122866114
0.03,0.0,5,0.0022629459613585034,0.005872886107793033,-1.9083205907874685,0.0030715862876426257,1.1008526089832742,0.5765437165510008,5.428571428571429,0.5917174637885603
0.03,0.0,6,0.009800873128049187,0.0015442662288725673,1.7261947244712914,0.0016393933323478604,2.3582489320060156,0.5796123468482708,5.535714285714286,0.5793670905320654
0.03,0.0,7,0.0035670736735327973,0.004280408729239267,1.350117520773047,0.0028644478347984417,0.8372140211355562,0.5971680741975071,5.892857142857143,0.6243741965860976
0.03,0.0,8,0.0068574910029605,0.0004317771357746428,9.658418355114506,0.00036416811915821417,-0.5916839083476569,0.5585791796515887,5.535714285714286,0.5790418109848019
0.03,0.0,9,0.003703370363893907,0.0017769624765708388,7.5407506383861715,0.0016975064448462268,1.3463309985148253,0.5493504869722231,5.857142857142857,0.5403806686020057
0.03,0.0,10,0.007822940493153002,0.004802442805079086,3.0811029609403775,0.004434185730378643,4.707369365018802,0.596486268031806,5.857142857142857,0.6107617117296289
0.03,0.0,11,0.015724567972072535,0.004071496420855247,10.559096396091427,0.003988583698662551,1.4317021333213897,0.570930658765484,5.642857142857143,0.5768236456735998
0.03,0.0,12,0.008958792799252983,0.0021943207009423532,5.249533721745308,0.001884152662486885,-1.3853599926172535,0.6105964338062566,5.821428571428571,0.6369631658455812
0.03,0.0,13,0.0076960122216803385,0.0023094221057884745,5.166160739476922,0.0033061386194386897,-0.18556010903858086,0.5558970015865514,4.857142857142857,0.5568416503627491
0.03,0.0,14,0.00274583584567262,0.0032325683933574277,-0.49816023527778697,0.0035666695249134818,0.6630255925812681,0.5999111184827992,6.392857142857143,0.6329025678521403
0.03,0.0,15,0.0035627651184281022,0.0009856804592138196,6.795025321999731,0.0007890565845302431,2.3227949068589075,0.563706896057942,5.142857142857143,0.5598765802553203
0.03,0.0,16,0.012452713449178145,0.0012815835199673398,12.342208109549375,0.0017246879633289586,-2.243333020876946,0.566972300618202,4.928571428571429,0.5861869068107289
0.03,0.0,17,0.005258219963900567,0.0014954322237860516,3.9243071145648685,0.0009823077422806557,-0.6297807073014591,0.6004023856559773,5.464285714285714,0.6242025494889687
0.03,0.0,18,0.002060986015566582,0.0015145644263529349,3.646823992674605,0.0011560195235077733,5.826410111595038,0.5513294845524305,5.535714285714286,0.5648598379744946
0.03,0.0,19,0.01735707298491297,0.00546184003408631,-0.5112767335542969,0.006519543080656211,3.3952489237870984,0.5529287805406715,5.642857142857143,0.5274466248062666
0.03,0.0,20,0.00978707077730194,0.0010227211927979563,7.41316279721984,0.0012606909376238365,0.21927544563897072,0.598006181578887,6.535714285714286,0.6206517831047969
0.03,0.0,21,0.002592996505987214,0.004606441194125046,2.0908378984824765,0.003069480640315145,5.979392196581595,0.5518504439633405,5.75,0.5938614481831889
0.03,0.0,22,0.020132952478616864,0.00632706585530946,12.876901683503554,0.005716135603202536,-1.0280119895385174,0.601888265473821,5.571428571428571,0.6294436952786552
0.03,0.0,23,0.010936074884135885,0.0027699283002423246,7.243420613020767,0.003440816034676996,4.577020101853539,0.6049377130493551,5.857142857142857,0.6331188140250776
0.03,0.0,24,0.00827738227295856,0.0021934425635842295,4.351974373158164,0.0025263207241351024,2.1493157414150894,0.5751748843583969,5.357142857142857,0.5996522871377217
0.03,0.0,25,0.012741445962368241,0.0014232093951049582,9.621544616691239,0.002794015246451897,0.5285275389874565,0.5824719521744377,6.142857142857143,0.5948617388667683
0.03,0.0,26,0.0007892550505079195,0.006229101798777673,2.4350608109588805,0.002816665911447067,2.59277788712717,0.5357376369892651,5.857142857142857,0.5365930865568433
0.03,0.0,27,0.01596598142952077,0.024164803296397176,2.1252933252576724,0.02314897504321635,7.148745315633884,0.5578941801395236,5.75,0.5896595393155866
0.03,0.0,28,0.00426881857996953,0.00268650076213169,-2.3135535348103318,0.003070050652545047,2.3464853938323245,0.5751805186106086,5.785714285714286,0.5738180159857713
0.03,0.0,29,0.010951966857315613,0.003774068150497274,12.185971412704411,0.0031734195382958318,3.1351437591971774,0.6078445923240311,6.071428571428571,0.6173546199002273
0.03,0.0,30,0.01856420946244784,0.006446356678246854,9.95841382595151,0.006885923617386284,3.7070013286621872,0.5156912051374876,5.0,0.5073702713695343
0.03,0.0,31,0.007036806119201238,0.0021378476856234174,3.398851181195461,0.0017517720824438744,0.07053673899054995,0.6013516481256433,6.571428571428571,0.6300828682311403
0.03,0.0,32,0.006375319337983698,0.00022787365590726827,0.7936456390518813,0.00029611426998216606,4.57482209247101,0.5816888478737557,5.285714285714286,0.5755899189612966
0.03,0.0,33,0.009666075105118686,0.004751743377674947,8.181408012059961,0.006900697911145814,3.932084053838423,0.5503450481018091,5.285714285714286,0.5558979886364995
0.03,0.0,34,0.010637329151159525,0.0010555192355886321,2.007144608752661,0.0007171635665781953,2.443587847851622,0.5648060702616268,6.107142857142857,0.5715167579895777
0.03,0.0,35,0.005949399424365459,0.0027145546265158224,7.181400892322451,0.0031554907712528987,1.6449692498375537,0.5951053962103708,6.678571428571429,0.5913599670920379
0.03,0.0,36,0.008939122934413228,0.006804958942465328,-1.5084548050044262,0.006994861111602452,-3.562537253220313,0.5797289803273559,5.285714285714286,0.594479397849712
0.03,0.0,37,0.004500166344999913,0.0007156650789995226,9.279646609686566,0.000904360714640048,-0.6543534457928976,0.6148961338279603,5.928571428571429,0.6273082001984116
0.03,0.0,38,0.0032363953493891318,0.0012119410412086183,4.894470525122081,0.0010380879359553265,2.840797661731225,0.5850579529936137,5.75,0.5767727902547258
0.03,0.0,39,0.010101786598327988,0.0022104289583600003,3.5638930217879974,0.003334607485347343,5.570755686420095,0.5571171095569855,5.214285714285714,0.5985471574448613
0.03,0.0,40,0.006590999109028089,0.0010766807040962913,5.791168616464226,0.0009629672605520421,1.216389275127824,0.5581752893302988,5.678571428571429,0.5548577056377613
0.03,0.0,41,0.007644615281922039,0.006219190456476013,-0.32056033011241425,0.004909803303118989,3.4076445294397124,0.6034002729757743,5.892857142857143,0.6159539232604504
0.03,0.0,42,0.009538409251776857,0.0010468960502672431,6.834888420475153,0.0009063519922926349,-2.2482272560761203,0.5309905188397392,5.5,0.5401555408359384
0.03,0.0,43,0.001197687587996324,0.0014289060341856922,-1.1991441042731097,0.0011364650941005966,-0.1576987749267668,0.5965751560244569,5.285714285714286,0.6117921072923004
0.03,0.0,44,0.0175884391469032,0.008118753558644805,11.599606480039078,0.00840689988470074,8.035986635472094,0.5539488838430244,5.285714285714286,0.5480100677434714
0.03,0.0,45,0.005837507416078948,0.0012495269326709408,4.1560557864748375,0.0012146476130439853,3.589847671453706,0.5767565201886619,5.714285714285714,0.5648238790895116
0.03,0.0,46,0.01038841276690965,0.003697431572890272,8.755680995477029,0.003958608221990855,1.7988983149788471,0.6015176331554309,6.178571428571429,0.6043225567103174
0.03,0.0,47,0.004288184889883319,0.0008006853028533012,2.437991674818143,0.0009176141867237155,-1.9623390489271344,0.5685186328985794,5.75,0.5845133752744021
0.03,0.0,48,0.0075651550689890025,0.0009783395280235224,5.7059927419172425,0.0013054833070493094,3.604895846742077,0.544218315484944,5.571428571428571,0.5658136989481212
0.03,0.0,49,0.021795545012213625,0.012508297429558488,1.0851868677746808,0.012730955339862971,-3.6386044149856596,0.5926843612391852,5.678571428571429,0.6155169549135078
0.03,0.0,50,0.010412610232528454,0.00045059212045820237,1.3881191718396337,0.0002683199968062257,1.279614980101627,0.564796352767661,5.285714285714286,0.5544873844437972
0.03,0.0,51,0.010547657835584432,0.00457678232108946,5.337972713736825,0.0048911114706468185,4.137806807094212,0.5848788780055806,5.857142857142857,0.6213511658154662
0.03,0.0,52,0.005049797834647115,0.0007788232514738615,-0.8608709380108337,0.0015617058763000178,-0.45126221434130304,0.5770369551070964,5.25,0.5936058534345722
0.03,0.0,53,0.00877683247119916,0.00524219559273046,7.1039133974376725,0.005414998813435915,3.035214161515919,0.6089157680801504,6.607142857142857,0.6290115348609496
0.03,0.0,54,0.011711391902219662,0.004131018072881817,-0.7178826709625383,0.004920045679380384,-7.578124336934063,0.5306320139378,5.285714285714286,0.5507966348981401
0.03,0.0,55,0.014021450162935274,0.013553049267221961,7.017465375481812,0.013768375997262942,5.910843534948867,0.6009684468644227,6.214285714285714,0.6001650055162187
0.03,0.0,56,0.011881467504757812,0.005105030364834144,2.908143980946342,0.0065730995432968205,-1.3601347685422336,0.5685970284762627,5.714285714285714,0.5963146488133837
0.03,0.0,57,0.014573252090625653,0.006500945120994344,17.195715378016672,0.007746591793389887,1.563664825122449,0.5554789517969435,5.714285714285714,0.5715068906703697
0.03,0.0,58,0.002047999430491745,0.002157202425863987,-4.087166814022659,0.0020361469492637297,1.7338682060129902,0.5612905630389707,5.464285714285714,0.5756786343083038
0.03,0.0,59,0.00817568507330464,0.003382381771631491,8.261864271504471,0.002883657696817802,-0.20079474326385593,0.6107007416932811,6.214285714285714,0.62891651287873
0.03,0.0,60,0.010914734810537676,0.003092357227636771,10.059219271310312,0.002198370093586835,-1.0346774103712448,0.5633199160757649,5.714285714285714,0.5827392896197043
0.03,0.0,61,0.002327624203189656,0.0023022677678776857,2.6839158867148214,0.0016314236187936978,2.852283400548553,0.5996764670070196,5.857142857142857,0.6359267855174369
0.03,0.0,62,0.009398826019853136,0.003192021295790717,11.555118170344116,0.0038828694799782435,0.7780548067502385,0.5333933296141344,5.678571428571429,0.5562124251969067
0.03,0.0,63,0.005179068291514232,0.004913067224374997,0.5284208698157613,0.004936192360230745,-3.247658944882346,0.5711308811537906,5.321428571428571,0.5780137087440256
0.03,0.0,64,0.011887085199049395,0.014067738181198663,3.389520395182572,0.011448877590690163,-0.27728140764194603,0.5454984224468198,5.357142857142857,0.5533432984540028
0.03,0.0,65,0.014719923162946305,0.004219303180750521,12.470927536827446,0.005982625304473964,5.161151787520453,0.5091976456096486,5.25,0.5388034968190041
0.03,0.0,66,0.0029372075050529706,0.0007368541161723903,2.7062727165383933,0.0007112293028855442,-0.1817296504662617,0.5732686979336578,5.178571428571429,0.5789597744348933
0.03,0.0,67,0.004540466086440182,0.0013665749858615271,2.5553420058576606,0.0013808514710515534,4.539770767021973,0.5997491482182552,5.0,0.6175299584409336
0.03,0.0,68,0.00783667371330851,6.949043054950047e-05,7.036855456557248,0.00012471854806346582,-2.5648586515732084,0.5634607600305143,4.964285714285714,0.58410828209012
0.03,0.0,69,0.017064035560523542,0.012961594228868842,5.531147595246544,0.012885532653634265,6.833033064478106,0.5564355279423409,4.857142857142857,0.572107358786655
0.03,0.0,70,0.010233248975332489,0.0016085430363336312,9.596753824392458,0.0021692749100767706,2.4748193384384365,0.6215343845189888,5.928571428571429,0.6307428017818366
0.03,0.0,71,0.020018789704768038,0.0028540128014603898,6.838610446138269,0.0024883311381638643,3.5218534081002417,0.5795889803831835,6.25,0.6128701094011608
0.03,0.0,72,0.014629129463509097,0.0031201802847692587,14.293251524309312,0.0012793267007354617,0.9439954437389417,0.5675556106390544,5.857142857142857,0.5931685732763192
0.03,0.0,73,0.01219970207632963,0.004469343056658088,5.853006057398915,0.005424926873750225,5.153155211937616,0.6210667726487005,6.678571428571429,0.6334183641100233
0.03,0.0,74,0.002142957896407926,0.0013860372504234599,0.7225605556418415,0.0012221168094041011,-1.434838408206332,0.550391680395432,6.642857142857143,0.6028742132906342
0.03,0.0,75,0.013241118369471552,0.02105114237884338,2.6929740555538757,0.015102665350124448,2.7387672205081706,0.5696791786812535,6.464285714285714,0.590278846870074
0.03,0.0,76,0.00339602202211698,0.0019825601832861904,7.900720268809003,0.0008851372437697736,-0.5874681217692626,0.5826321244172786,5.464285714285714,0.5714906664238026
0.03,0.0,77,0.014632259309187521,0.014214137251898329,1.3646519500827168,0.012506522084147964,-1.3283248078059746,0.6054727727614851,6.107142857142857,0.6136729933500051
0.03,0.0,78,0.004681417724122995,0.00512945373598944,0.8987464855834091,0.004128372962598457,1.2603407883869504,0.5622308309658457,5.428571428571429,0.5690298817378658
0.03,0.0,79,0.00784646933092968,0.00436129928430079,8.656192130879049,0.004785624316451047,8.107131692940195,0.5483515438096187,5.821428571428571,0.5831169937008231
0.03,0.0,80,0.013511606219083276,0.002186788474901663,13.126819004851868,0.002193469434476511,-1.3031717896504347,0.574490968484257,5.571428571428571,0.5989256762587588
0.03,0.0,81,0.0014533323051180579,0.001209514315998009,3.986258407775175,0.0008256571206436823,-1.0207847720181462,0.5748952631903766,6.035714285714286,0.5983944000780816
0.03,0.0,82,0.00462560245874595,0.005974358590061416,-1.1248350516216448,0.005156281957122824,1.1237367237574933,0.5514905554629936,5.0,0.5803453230800453
0.03,0.0,83,0.0030691601497832392,0.0008537486552515389,4.7668515199929615,0.0009204800007533886,-2.2852602835281837,0.5957975497676617,5.928571428571429,0.6031145292850442
0.03,0.0,84,0.005235825077899889,0.0011909277937187375,1.110628039102707,0.0007632615647075099,0.16994148384173022,0.549491995784358,4.642857142857143,0.5590964384152721
0.03,0.0,85,0.016662937313180318,0.017732465203831663,13.907780129814604,0.015003894733393613,1.0761726599319843,0.5657562758610941,5.535714285714286,0.594203646008646
0.03,0.0,86,0.005175854648607575,0.0031965326479437965,5.285378524700128,0.0029139484705521814,0.9886995345480898,0.5962766585546626,5.392857142857143,0.6241281573453785
0.03,0.0,87,0.006989046182654994,0.007888003009501545,3.759814673381399,0.006951243316898976,-0.10678395926268536,0.5832299169011419,6.5,0.6027957877168684
0.03,0.0,88,0.0018950019011229348,0.00034889606742769143,2.559944960870908,0.0005264728862779811,1.0136397034901279,0.5462136001510552,5.392857142857143,0.5744109704553202
0.03,0.0,89,0.00582456729045595,0.002834770822400022,5.372031859029512,0.002800069646520665,0.9799112381446756,0.5869365008021148,5.321428571428571,0.5928914031967127
0.03,0.0,90,0.03435702366469331,0.01375099374939675,7.5546520538277875,0.016601191720943168,3.341519871378987,0.5645911911602174,6.0,0.6123761701102899
0.03,0.0,91,0.0018765456317099208,0.003839201607378085,1.8942483447759884,0.0025094611781910766,1.4588223743178617,0.5334086399840239,5.071428571428571,0.5518626272423377
0.03,0.0,92,0.011984110303345072,0.0016370127247597656,9.715631131978853,0.0008896840861172735,-2.2804559803152435,0.5872240863845644,5.857142857142857,0.6079907351404774
0.03,0.0,93,0.015754355155377518,0.004745665541421287,-0.1878645345974448,0.00535976577175734,-1.4869341309888473,0.5329669223335038,5.928571428571429,0.5832387811635853
0.03,0.0,94,0.0016358912886806974,0.002364015594291742,3.005228896250806,0.002641476011771969,0.39991025924250795,0.5734992099810825,5.785714285714286,0.5853974609235173
0.03,0.0,95,0.0020765817575522333,0.0013793563092537003,8.540510531787803,0.0007560044502515013,1.5127343828731057,0.5742143121450566,4.785714285714286,0.5885290925560125
0.03,0.0,96,0.01241259368952133,0.0026577949085157546,8.386911304304562,0.0015465236174510189,2.5311708438298126,0.5737679401575903,5.785714285714286,0.586829730973074
0.03,0.0,97,0.004895770584452433,0.003926924463152969,2.9687834628274175,0.003851969238226493,-0.17225373094286547,0.5971767534338556,5.964285714285714,0.6062533024023891
0.03,0.0,98,0.002921226229070742,0.00021615377586191702,2.9001359903332116,0.00015347277384132236,-1.0702985202531654,0.5801049585835426,5.928571428571429,0.5953739643822265
0.03,0.0,99,0.015276202984393665,0.012442502927266503,2.76396962315588,0.011285325885350288,2.5298935976163364,0.5839651994669885,6.035714285714286,0.576200425390089
0.03,0.0,100,0.001991126669148322,0.0017910802580822856,5.2728106646262916,0.0010282381231724546,1.7748233633103798,0.5510318664826823,5.535714285714286,0.5552200504972382
0.03,0.0,101,0.010405104319316964,0.002577704210761271,7.193466300943619,0.0016504299738943282,-1.5138105218956166,0.5339476990723063,5.607142857142857,0.5699477134175037
0.03,0.0,102,0.007656368791790251,0.005779250911986709,6.189534304837409,0.004993485479431128,1.168611021715094,0.6326180479360913,6.392857142857143,0.6567495749974122
0.03,0.0,103,0.020045538471952166,0.022345469308354737,0.7901991926560044,0.02295259541038648,11.022437378551757,0.5815610781649666,5.464285714285714,0.5820759261445944
0.03,0.0,104,0.0013443598473182098,0.00028566703621035354,1.0929195765259863,0.00037576007099011265,-0.6099808655587632,0.5854824909086169,6.0,0.5914669887804909
0.03,0.0,105,0.005695385698016934,0.002152902488394729,11.938806409409423,0.0025902826567897747,5.214016350547145,0.6054525537332281,5.535714285714286,0.593520407077109
0.03,0.0,106,0.022607137158111155,0.007549835867681901,10.958849223563156,0.008873406620227902,1.723060209631181,0.6058146556898069,6.285714285714286,0.6065527317861823
0.03,0.0,107,0.0031538072597257884,0.0006001089475273041,6.120381201315617,0.0007071813238221114,3.5669407818962497,0.5547062689653943,5.928571428571429,0.5524178525433351
0.03,0.0,108,0.0016008141379152071,0.00031769778224153644,-1.1889078021860229,0.00028372774077855417,0.7037330152356466,0.5660484444387717,5.357142857142857,0.5737953241691217
0.03,0.0,109,0.008593940922100751,0.00023622611484842482,3.5821535017239157,0.00034234558684288465,-2.1185204347836475,0.5742658924734575,4.714285714285714,0.5854668037355659
0.03,0.0,110,0.012901960249270506,0.006693558429071028,10.507131006203934,0.006840311778304171,0.3370398020683183,0.5553580349080816,6.25,0.5816936857118316
0.03,0.0,111,0.0030065009913040315,0.001261935840878874,1.8968696920467139,0.0011410802419281672,-1.1173781884113225,0.5578831482605203,5.464285714285714,0.5703458059349471
0.03,0.0,112,0.0029867065858938642,0.0008336835480092107,4.148629086225483,0.0003299704611796775,2.8431498238774204,0.5862406309404824,5.107142857142857,0.5834102069752682
0.03,0.0,113,0.010076087672234947,0.001449075905719383,10.580233945372385,0.001783617659876427,-0.003987953946184082,0.5602249631517316,6.071428571428571,0.540304475999559
0.03,0.0,114,0.010543379672740218,0.005966900806990758,4.929795113367653,0.0058829311530796125,3.045961228856735,0.5820314141201904,5.357142857142857,0.6228767579726795
0.03,0.0,115,0.008661299074830507,0.012364510747412742,1.6279325789220067,0.011020913303937573,5.4074583502129485,0.5928614991335668,5.678571428571429,0.6167007716992974
0.03,0.0,116,0.00400564199010292,0.002490489459514169,3.2538778679262705,0.00207235126032718,0.1951548955517429,0.5252503831012485,6.107142857142857,0.506746075418375
0.03,0.0,117,0.009633669142774649,0.0007438906281255906,4.268671145364671,0.0008777515348853206,0.6430296953030847,0.5844995650792122,5.535714285714286,0.5940659964027738
0.03,0.0,118,0.004081856734865759,0.0015432347252192222,7.353899481077406,0.0015633376012590993,1.4628121665921963,0.5744806505044125,5.714285714285714,0.5733046840430827
0.03,0.0,119,0.007801726112729693,0.0019876281890727193,5.109792041500569,0.0036636833892920587,3.3830390123644256,0.6113697912851245,6.321428571428571,0.6396079393214787
0.03,0.0,120,0.0102358236514621,0.005205978733113033,4.933093994307214,0.004681823220525289,-0.8971527218603134,0.5462931332212299,5.392857142857143,0.5643246993569409
0.03,0.0,121,0.019062387978303123,0.004613265848634285,14.351909418816895,0.0031675873100602088,2.139541967338156,0.5503939352288528,5.714285714285714,0.5476432167076386
0.03,0.0,122,0.006490933554188492,0.005236950417805796,2.9910520446464446,0.00547700236275539,2.0238932085819195,0.512233966298064,5.357142857142857,0.5279784944342762
0.03,0.0,123,0.0005963415289234678,0.0006899625519961944,-0.4583143373605978,0.0004883473632737085,0.9970165107335541,0.5338350388627661,5.714285714285714,0.5158204182303985
0.03,0.0,124,0.005308543816727865,0.007439628760168389,11.087152924238119,0.006796534235489431,2.2905494640694237,0.5976985493239118,5.464285714285714,0.595672216929784
0.03,0.0,125,0.0024388807296653586,0.0023334539263925526,-0.49422465781763236,0.0013968542180579084,0.22372284684415908,0.5506618852904416,5.25,0.5685347857276177
0.03,0.0,126,0.010901979694656349,0.005492835916478226,-0.98966269399385,0.0048281940560823584,1.3677699750510992,0.584639891709118,5.142857142857143,0.6211639080359613
0.03,0.0,127,0.019841742459882728,0.00576388223341327,11.231089603494148,0.005576484025459003,-0.17388874457640213,0.5829389983635427,6.678571428571429,0.6000445256492741
0.03,0.0,128,0.013266090692599543,0.013936250813824347,3.842044324230365,0.011249892219733762,0.8021259516920054,0.5237018150769238,5.714285714285714,0.5440317175269556
0.03,0.0,129,0.0036733796704293263,0.0005232086476255326,3.752386456982464,0.0006448017860232503,0.9696529578690823,0.5778598623676492,5.571428571428571,0.6085940699091318
0.03,0.0,130,0.007282208710262053,0.0015656759883072332,9.626955240367948,0.0020327989317193134,4.382980294110335,0.5505021921113122,5.857142857142857,0.5854286118792635
0.03,0.0,131,0.02256044928778377,0.0021031123411340323,4.495321966253293,0.003085432134569476,4.682674549369835,0.5289471240748271,5.535714285714286,0.5709727578957526
0.03,0.0,132,0.0011460708860534872,0.0010674998478128975,1.360276280331128,0.0005723235358100311,-2.8238761596280333,0.6065203682591739,6.25,0.6219461219124589
0.03,0.0,133,0.005444624765677138,0.003468645015364726,7.701685744526948,0.0031331217536921933,2.917493966832353,0.5775431489153832,5.357142857142857,0.5827820178276508
0.03,0.0,134,0.010882487293252956,0.0027867813388309285,3.1774810619853113,0.0030219998387513067,-0.3923979202644811,0.5786806770863474,5.821428571428571,0.5664269211528423
0.03,0.0,135,0.004960783537484292,0.0015419242333389173,3.832381719512128,0.0013863253091918877,1.9899253791781082,0.5654930906525701,5.892857142857143,0.5652067733201831
0.03,0.0,136,0.0069248709383474575,0.014035573994651485,-0.8311661044218326,0.011640612563928019,1.9592157881979422,0.531347734736072,5.928571428571429,0.562831002479247
0.03,0.0,137,0.006660035102155702,0.006485445902851558,1.6466852671089924,0.005430766921553705,4.260543650022413,0.6149919779621141,5.535714285714286,0.6221085454298594
0.03,0.0,138,0.004330744262229403,0.0017643130892909344,2.9776201608279678,0.0011798514686299946,1.6180185163637855,0.5809801764908841,6.107142857142857,0.5787928145658489
0.03,0.0,139,0.00695778991214922,0.011740607712123608,4.153160630416984,0.0086383879625455,7.077988763846709,0.559401306713423,5.892857142857143,0.5449989059194917
0.03,0.0,140,0.003651244366895564,0.0010895358124482918,5.8491802100904735,0.001262723979716778,0.16659666761970962,0.6055249144768319,5.392857142857143,0.6048864121437107
0.03,0.0,141,0.009836195063956858,0.00875800499523474,11.037417812034015,0.009020252445288106,5.904445651225795,0.5403031222086059,5.535714285714286,0.5589604585086747
0.03,0.0,142,0.01642619681391184,0.0010841531073199837,13.973924499893386,0.0022840131627129903,1.8499361466071491,0.5031144110338862,5.428571428571429,0.5173669620959808
0.03,0.0,143,0.0032974675409225586,0.00201677930348926,8.412453042782843,0.002540971107346689,2.599531103343755,0.5866076783648374,6.357142857142857,0.5907855603662397
0.03,0.0,144,0.011919347460955706,0.012633447965308192,0.8814054550515067,0.01061302103513524,5.604714209168132,0.5507318259583486,6.142857142857143,0.5843479744619093
0.03,0.0,145,0.006388141025128291,0.004597855957397939,10.153810818072678,0.003638176106642585,5.533320346692221,0.5752396620115335,6.142857142857143,0.6062895429233942
0.03,0.0,146,0.0042206718797759436,0.0020676637217964303,2.445881235463169,0.0025251842666732974,2.9933810238647616,0.587111411052523,5.928571428571429,0.5707234898992071
0.03,0.0,147,0.009439149960712193,0.015056604886723755,2.056441113468516,0.011902431745491276,7.123623839529746,0.5925401581960666,6.071428571428571,0.6241797570880255
0.03,0.0,148,0.007147865291194721,0.006876646134163338,4.410465447909388,0.006510324708980991,1.8705153997813777,0.5685588092876805,5.464285714285714,0.5740658053932002
0.03,0.0,149,0.000936298672854147,0.004829525822249288,-0.6040352325823335,0.0036182904950426823,-0.7843921243479693,0.5494676051892482,5.678571428571429,0.5600870025976548
0.03,0.0,150,0.017019106239439294,0.007819027130269449,12.037376158072135,0.009641872238721207,9.67386899771688,0.5600475326855291,5.571428571428571,0.5478338440609811
0.03,0.0,151,0.012325166487531566,0.002999318666282618,12.379335833574409,0.0032767103627365083,4.043888707764637,0.6149407734599037,5.75,0.6144419502165985
0.03,0.0,152,0.006546949522363789,0.0024900238479437673,6.689193045269491,0.002696905581230021,2.2785885247398405,0.6056207826751514,5.892857142857143,0.6157713124753126
0.03,0.0,153,0.005802080355181252,0.0025956946275099433,1.4121456936168784,0.0020952367433974602,0.5770979185638699,0.6099958586267474,7.035714285714286,0.6061423579264831
0.03,0.0,154,0.0270106359997329,0.01587449670074181,14.89084000269581,0.015541728760626884,11.864036151953371,0.5819405943575636,5.5,0.5919317485677715
0.03,0.0,155,0.037322674121415475,0.023615659287062586,14.878452026485967,0.028073636274846527,10.299720338711714,0.5971187439430711,5.892857142857143,0.6220085646419624
0.03,0.0,156,0.008755685141295863,0.007258206433729039,-1.9030394775291697,0.005934387819119151,4.577221727284638,0.5623868063941454,5.821428571428571,0.5889865096898559
0.03,0.0,157,0.007668230086896121,0.0004526904065642418,8.554609534084904,0.000577384965502448,-1.5468645563664154,0.5762482925074134,6.392857142857143,0.5745941545709319
0.03,0.0,158,0.0017846546704987868,0.005590503199501322,-0.7675829786081536,0.004359007898202134,2.417133132392886,0.5870301608959544,5.964285714285714,0.6050060370441592
0.03,0.0,159,0.005900912949769467,0.006831422379659693,-1.699425712645855,0.006102748297762949,-1.482994928728014,0.5919592757857318,5.714285714285714,0.6001126614497986
0.03,0.0,160,0.0018061961112868445,0.00047907303888283407,5.662560950626904,0.0006752310590912904,1.7683520763477816,0.6161704378927917,6.464285714285714,0.6315016398684878
0.03,0.0,161,0.0021403280543413825,0.0010347010339702666,0.4270071482004596,0.0007176331118845446,-0.5265416745015159,0.6142523948983746,5.285714285714286,0.6118067624238865
0.03,0.0,162,0.012910044106858757,0.0014522728984550828,7.66660055797464,0.001550035249400834,-1.2889005328146936,0.5498697284530705,5.25,0.5696943918739237
0.03,0.0,163,0.006439353687705481,0.0023036206248513926,5.095072884298666,0.0022198478958145975,3.2179960419329063,0.587511825384297,6.357142857142857,0.5912427159809197
0.03,0.0,164,0.0016695795295953086,0.00014745166013199938,0.29354944258567883,0.00016581444385934774,1.329312788559302,0.5795611983560046,5.428571428571429,0.5857889852865849
0.03,0.0,165,0.005170158948949946,0.0016050764731885124,5.528437841994865,0.002140451814737451,0.14736694409040751,0.5502234594413558,5.357142857142857,0.5482605628683996
0.03,0.0,166,0.008697823098343231,0.0038984718542305064,4.8274080457844875,0.00466182538875346,2.2361082856664134,0.5678357865335208,6.285714285714286,0.5708896551523317
0.03,0.0,167,0.011015571898423799,0.0030759845978018596,8.123507728162444,0.0021129364199485075,-0.9394045728214641,0.52807921953071,4.928571428571429,0.5433188364040771
0.03,0.0,168,0.011511950492620718,0.005986195412343169,10.794162931958958,0.0066502519873969735,2.313011970708961,0.574237156652397,5.892857142857143,0.5953227971520423
0.03,0.0,169,0.007602366239708198,0.004136052534765581,8.943561106127788,0.0039706363846044495,5.36131162900737,0.5626927543104536,6.321428571428571,0.590724294472972
0.03,0.0,170,0.006797811046828196,0.0015838868023080762,3.154800701249954,0.0010423963718656202,0.11723189444672737,0.6059190362577294,6.321428571428571,0.6269910277452169
0.03,0.0,171,0.0021723544029006586,0.0013303474271690137,-0.5439312154140623,0.001008444649044275,-0.40630971180613074,0.5208398944273275,4.892857142857143,0.5343385700819131
0.03,0.0,172,0.008531129147461392,0.0017114585129987953,6.458793366680581,0.0012607818289297366,0.7174359519188727,0.6008367639113557,5.464285714285714,0.6183957276901736
0.03,0.0,173,0.00482259811584917,0.001132851607158025,2.7143519104696736,0.0011717113184965277,1.465073867386489,0.5753122867664375,6.071428571428571,0.5649014698136401
0.03,0.0,174,0.012990879876706258,0.0005210687834848239,13.818777553738286,0.000917789009445851,-0.300169707761133,0.5607796208271595,5.5,0.5961399640705862
0.03,0.0,175,0.02495690474848611,0.000379956461600317,11.801474657449532,0.0015430841660145367,2.155862481284032,0.54189977765974,6.071428571428571,0.5735022517126878
0.03,0.0,176,0.017568211747994836,0.01389841006441079,9.13963566690731,0.011348828602378272,3.9085203711228664,0.586270336275381,5.571428571428571,0.6165243066145021
0.03,0.0,177,0.008415778738489048,0.002875007096274495,0.5456877583900805,0.002945263525388021,-3.990685790923417,0.5756190452969598,4.928571428571429,0.6052105249131681
0.03,0.0,178,0.006364364747378403,0.00037027564136054956,6.711745928314471,0.00023219148354460046,0.5913842010394793,0.5706093273169777,5.535714285714286,0.5789656887913606
0.03,0.0,179,0.007773619137781945,0.004337141414709544,9.154299432870793,0.0038347484610355117,2.2798113407230196,0.5631611552785815,6.428571428571429,0.574907273477092
0.03,0.0,180,0.01161353961865407,0.014441118660900025,-0.9426011709080342,0.014155078063164366,5.172178278363115,0.606533642158463,5.571428571428571,0.5980364306353787
0.03,0.0,181,0.003928441008125609,0.0034511938379778668,5.942550575082073,0.0033788793883862264,3.572856139148475,0.5692480702161972,5.964285714285714,0.5938756003933068
0.03,0.0,182,0.006141827562006803,0.0027352384381297834,7.721168546130002,0.0020843342351527325,2.733122930370816,0.6019335093220958,6.678571428571429,0.6012351821670323
0.03,0.0,183,0.008572904516229008,0.007684090487118418,5.968610519600993,0.00788844260327639,0.8239893107727596,0.6115625430038387,6.392857142857143,0.6159227320709868
0.03,0.0,184,0.005151437375637377,0.0014905161180272452,1.9264237717322885,0.0019330686762264193,1.989324135342277,0.5749943133423486,5.785714285714286,0.5857104390116665
0.03,0.0,185,0.002899848412409119,0.0020512290141715653,3.0733306638221407,0.0018176849801856637,-0.21192718091520155,0.624756992344665,5.821428571428571,0.6319547218192746
0.03,0.0,186,0.020059623715741635,0.010033980818861124,6.102337089477452,0.012468066344807408,6.217115162124581,0.5613692370862579,5.607142857142857,0.5579943866017978
0.03,0.0,187,0.012435083560122217,0.0016278684034110617,9.263525578024563,0.001553574155681372,0.170099694514685,0.5570988534226424,5.785714285714286,0.5788094612664494
0.03,0.0,188,0.010150860570166544,0.0017038890735723078,3.7993814713358773,0.0015687349770973958,1.0106886060582667,0.57048597843035,5.785714285714286,0.5909350990356224
0.03,0.0,189,0.0074509787896373594,0.002699157613717805,4.546127998096608,0.0038399475470988534,0.5341055518737979,0.5831799231092126,5.642857142857143,0.5947504222289761
0.03,0.0,190,0.007673403144226318,0.00034020205047606664,3.586986384106197,0.0005086305817984779,-0.11836641438822919,0.5673166018643656,6.071428571428571,0.5744775170240048
0.03,0.0,191,0.008642099718761724,0.0009403077766758063,9.216308950805633,0.002065438420167784,4.0397883640765615,0.5569333619717669,5.107142857142857,0.5974682299604994
0.03,0.0,192,0.010512217163287001,0.0015707611375198542,4.895304195492436,0.0038800021145553513,5.230053764813164,0.5628489590214659,5.571428571428571,0.5659255486826699
0.03,0.0,193,0.00538785791341682,0.004201556940736571,-1.922706925925823,0.0034085698820501983,0.49789890339948784,0.5860471477256773,5.178571428571429,0.616989458680528
0.03,0.0,194,0.004314530211382291,0.001444187199495742,4.182841146782849,0.0020655083841915754,-0.44163557423002925,0.6297924397046822,6.214285714285714,0.6464225151584428
0.03,0.0,195,0.00821620836282019,0.004061328439175258,10.541713056405463,0.004047716663476742,3.6806727003180604,0.5631000589876314,5.428571428571429,0.5782196148515748
0.03,0.0,196,0.00730397135690605,0.003426698544508024,2.923878681980895,0.0030713038363695704,-0.5092829841818229,0.5730731624706324,5.642857142857143,0.5743426737199258
0.03,0.0,197,0.001435082798385992,0.0005718246122191559,3.6134558128724663,0.00045263572091030303,-1.5332880177434827,0.599913921211828,5.714285714285714,0.6202489631255516
0.03,0.0,198,0.003663098227884945,0.001069312161135872,0.9894463356991565,0.0013054257909298444,-5.021633638473645,0.5954252590092131,6.428571428571429,0.6127192933112486
0.03,0.0,199,0.006593608477119529,0.0005417378489863722,8.37244987181736,0.000299831998046158,-0.7498754937801854,0.5863527206417395,5.5,0.5971920053732531
0.03,0.0,200,0.016912223442022693,0.003745006381955495,5.4956308723203975,0.004563935276110348,-0.9211705162133322,0.5989802877781724,6.0,0.608967720443216
0.03,0.0,201,0.009886337124420308,0.0008834341396564299,13.420389701638094,0.0009208710585153282,2.448312090809253,0.602482024354628,5.571428571428571,0.6175211472568091
0.03,0.0,202,0.009564405114424317,0.0070551559968012436,10.58661373365743,0.007496096549182043,6.7929884483956755,0.5312042891879024,5.25,0.5192643842115632
0.03,0.0,203,0.005603293414151858,0.015289657022173777,-2.3202319907477644,0.01285917081247802,3.1404163945325365,0.5424619187975406,5.642857142857143,0.561632027640403
0.03,0.0,204,0.0038879862166410497,0.00523363675332849,0.05990924519126395,0.004187139481428098,2.7119448129304735,0.5810695723956122,5.464285714285714,0.6106853581923124
0.03,0.0,205,0.013238236165143663,0.0006154968979900795,12.019447423296299,0.0008174807455504197,-1.1422743333752028,0.59976309251558,6.285714285714286,0.6143730801507302
0.03,0.0,206,0.018271250000108475,0.008697666184651006,9.85555579133706,0.008943580839354407,2.555189157805662,0.5845338829642023,5.5,0.5863898255647566
0.03,0.0,207,0.005162308874522183,0.003471941391441882,7.798810804375606,0.0024403357544847373,1.1946935940221504,0.5886915084764366,5.107142857142857,0.5979463875756953
0.03,0.0,208,0.005472689214343971,0.0044893946739112175,4.308152780544674,0.003683566825721397,-1.3769905471295278,0.5701062023378156,4.821428571428571,0.5856562743695313
0.03,0.0,209,0.005443310728646327,0.0008633998350832588,5.41092488397431,0.0013978435567742616,0.90889859542105,0.5456040985821903,5.821428571428571,0.5420477526851091
0.03,0.0,210,0.004229710703604748,0.001693096550895558,4.152944269255656,0.001840714043430774,-0.07384111479622864,0.5480853810082948,5.178571428571429,0.5666638172812677
0.03,0.0,211,0.0071531489706957154,0.012586028258427062,-0.27423768175641783,0.010120856936290668,2.9908371915179353,0.5983017957889902,6.0,0.6166688361860606
0.03,0.0,212,0.006103977329986678,0.007059090727098862,-0.0832543893065818,0.007551566437086723,2.810467839938269,0.5847967629094162,5.678571428571429,0.5939128366988193
0.03,0.0,213,0.023632424669447545,0.013782738662703088,13.135741912185203,0.018616103088318514,6.973164915700447,0.5950055531587566,5.535714285714286,0.6241786305439365
0.03,0.0,214,0.004630668849458148,0.0030640880018620743,2.267789050203291,0.00447840521120071,-1.6736958945238503,0.5697440977919365,5.178571428571429,0.5834337436999846
0.03,0.0,215,0.010491983644768017,0.008791441861100613,3.757625877501141,0.007753152250773001,5.3538340313481285,0.5679843190882597,6.25,0.6092059945764647
0.03,0.0,216,0.019715405318999495,0.005219711256159594,9.001614455646795,0.008170705466810644,3.112535796498264,0.5114568476227659,5.928571428571429,0.529901384493013
0.03,0.0,217,0.007378266427237521,0.004481513515875497,-2.8335354399604213,0.004918855564504372,-0.8356125396076001,0.553139870058235,4.857142857142857,0.5613244911625408
0.03,0.0,218,0.0026789001821564593,0.0022289319674804755,4.846648393355842,0.0015429255156392996,0.43590119542208566,0.5878033329079775,6.107142857142857,0.6002145533392751
0.03,0.0,219,0.009951792912194878,0.007496498468206307,15.124565496083477,0.0059621570427497985,4.477119798539945,0.5898698083236802,5.892857142857143,0.616340096539095
0.03,0.0,220,0.013298558227517542,0.010359902261073195,0.3233739789842218,0.010101865108464643,0.8172290315801357,0.5573006051286878,6.0,0.5951922286804436
0.03,0.0,221,0.004965180463817857,0.007292164013785161,-2.423631954059914,0.005732221301163169,-0.20225291103749518,0.5812917187744663,6.214285714285714,0.5950967339520437
0.03,0.0,222,0.011253287260618246,0.003021915081078411,7.1827083722578,0.002891154238155321,0.8005395749855874,0.5694485168539383,6.142857142857143,0.5753464345616364
0.03,0.0,223,0.004931630565533703,0.002655383399170105,1.6735951777433442,0.002814852423442459,1.523340856358061,0.5309193913088955,5.678571428571429,0.5787269821456492
0.03,0.0,224,0.006679255114818298,0.004273529164829927,5.055395892139252,0.004131596830646891,-0.8577591102246913,0.5385799498579252,5.714285714285714,0.5528300570371787
0.03,0.0,225,0.0034583203266725536,0.0056798972345642506,4.379991960304835,0.004278912159837171,0.39326611345487095,0.6030391384372418,6.607142857142857,0.6061932636375039
0.03,0.0,226,0.004200906490247671,0.0005905364015063567,7.536224370899369,0.0006431639866558078,-1.3110950798389165,0.5874191136170326,6.178571428571429,0.586090557115833
0.03,0.0,227,0.0032056669931058578,0.004827270192926921,5.386486751337145,0.004877741778421372,6.862977651415908,0.57071020809402,5.464285714285714,0.5819081515427712
0.03,0.0,228,0.023831864513460404,0.009176906248725358,25.416841472455452,0.007097740662588197,1.4735900014967172,0.5783052262605827,5.642857142857143,0.6197400166580667
0.03,0.0,229,0.002856987316940352,0.0020848397493598934,2.1679243100280274,0.0017006285540759542,-2.0956577352952386,0.5611506508304285,6.107142857142857,0.557936520457656
0.03,0.0,230,0.009249453651154663,0.002441349864837036,3.2751988331387523,0.002224531754477639,-1.2677054247245299,0.5670282796833159,5.642857142857143,0.5873697781041581
0.03,0.0,231,0.004324022914440101,0.00259509887282253,4.628170097027677,0.004045146252263106,7.223564544186473,0.5605179907240658,5.107142857142857,0.5627578776977569
0.03,0.0,232,0.01390530158640967,0.008982880211596756,11.13652070853309,0.009758665913663287,5.951657517471507,0.5696371709724921,5.892857142857143,0.580637148291238
0.03,0.0,233,0.0022363872454339447,0.002226838390481883,-3.1718441693172608,0.002140559414155182,-2.2543842879699603,0.575600303734624,5.285714285714286,0.5964288522204042
0.03,0.0,234,0.0068065231186720315,0.007505881427409282,4.614852385212856,0.008615788524558429,4.211071216422975,0.599365047623761,5.821428571428571,0.5915737791250686
0.03,0.0,235,0.005856757872745943,0.001530102460911801,2.4667604808359727,0.0011638313819197596,-0.6814561435404111,0.5639110551327848,5.107142857142857,0.5798196293276663
0.03,0.0,236,0.008526115047840704,0.0017996312458062858,14.093938397296611,0.002620339848134541,2.901207224502324,0.5986055267201739,6.285714285714286,0.6247824682340593
0.03,0.0,237,0.01410837119823658,0.001864029029134514,6.704793611401669,0.0014596100318056294,0.19788122329732497,0.5623580977299314,6.035714285714286,0.5844850507373078
0.03,0.0,238,0.019393980373414877,0.0005794043325221289,10.82329037799147,0.001658030995251945,4.860282908216315,0.5904674539463609,5.464285714285714,0.5898661897469089
0.03,0.0,239,0.0024397626639322384,0.0017686885940754495,-2.211625002749109,0.0016569012053286186,2.7524188256396847,0.5466105756351424,5.892857142857143,0.5790958348089259
0.03,0.0,240,0.002140957894174029,0.0009750169775479598,4.637499594157298,0.0011526618057647955,0.055879925715430545,0.5768632286990574,6.285714285714286,0.5905445000480567
0.03,0.0,241,0.0016537580325335244,0.000294395070743133,2.7770882202253233,0.0003595223389322019,2.6845361615840866,0.5507947825998671,5.25,0.5638712653611264
0.03,0.0,242,0.005733568222793125,0.0029524386765752532,-2.151320262586921,0.0035393299545889,-4.953558679407148,0.5308741180104276,4.607142857142857,0.550376554654103
0.03,0.0,243,0.014675855714829192,0.01045040926223128,12.793201512610125,0.009618892951732511,1.6439375699140157,0.5906319383726448,5.678571428571429,0.6087898471783095
0.03,0.0,244,0.004892353094013794,0.0004495521350625196,4.610481726351509,0.00048554178635051506,2.262144468755565,0.5624659207756197,5.964285714285714,0.5914598372372117
0.03,0.0,245,0.009349387467146541,0.0010102397231945368,12.076708765587753,0.0010644950186100694,-2.7196074007459097,0.5427297912638985,5.214285714285714,0.5611653969852606
0.03,0.0,246,0.013549437050698497,0.0086163059609491,4.347147382991622,0.009229312790867219,9.407838266761994,0.570387203961378,6.214285714285714,0.5633970607086713
0.03,0.0,247,0.013570978646389627,0.010521705562615882,14.04983515917327,0.007021447027397262,5.945025920880255,0.589427271087162,5.428571428571429,0.6049765960214053
0.03,0.0,248,0.012892393145058596,0.011058197788109576,6.730433851726843,0.010324834829649252,11.997323784735991,0.5705526630243355,5.142857142857143,0.6089067563028294
0.03,0.0,249,0.006560990399245162,0.009510606166696451,4.539076072216346,0.009247533432938888,8.560383700090284,0.602143623941927,7.071428571428571,0.5930009797262247
0.03,0.0,250,0.013896165836133687,0.0027651393033850057,14.121088942091781,0.001754328261507529,-1.7161977083630877,0.59231465465754,5.821428571428571,0.6013035493114325
0.03,0.0,251,0.004229876790688469,0.002127727316592529,0.6182078679657153,0.0020163999098100375,-0.7701087794232157,0.5807788526664964,5.678571428571429,0.5851247366696906
0.03,0.0,252,0.0029457750669283156,0.003447328405896315,5.580256252795678,0.0028400819819026373,3.9583612868682585,0.5938986167824492,5.857142857142857,0.6049877910532897
0.03,0.0,253,0.0172666281435547,0.004457007914752596,18.505985496379793,0.0038794073790331895,-1.6418079947419812,0.5972455415169241,5.607142857142857,0.6224278200947915
0.03,0.0,254,0.012798826963633842,0.00287728104077662,11.584149982592422,0.0029763151020708806,1.705908359440637,0.5529563192314678,5.357142857142857,0.5816276822983326
0.03,0.0,255,0.007953898051641827,0.005389965563388297,8.057318367847131,0.0033514271902325837,1.6514317798210716,0.5306703740286782,5.107142857142857,0.5457919627828458
0.03,0.0,256,0.007767424152692584,0.008435535576636049,5.506030464114154,0.006546040017040792,0.1818476693130909,0.5670550489011836,5.607142857142857,0.5771668895757108
0.03,0.0,257,0.01589394964220852,0.0019350469295221313,12.967244664662154,0.0015124927692067927,2.8511123913561485,0.5375265863235498,5.392857142857143,0.5464797581828856
0.03,0.0,258,0.0022549086840235526,0.0012193396243480442,-0.4999108180466081,0.0012722221298807842,-0.15547745156683845,0.585949094218833,5.357142857142857,0.5851659158795146
0.03,0.0,259,0.01701111633201568,0.0035883532271142357,11.38515130854568,0.0036622283973924514,1.513400846110443,0.5598894260950292,5.642857142857143,0.6021809461050194
0.03,0.0,260,0.0018348346673202258,0.0020162679817556438,3.861190814312515,0.0017462521936930113,1.6040695229404018,0.5937621806333544,6.321428571428571,0.5957599867844308
0.03,0.0,261,0.0037824028249558144,0.0020131723233489077,0.8893551049067199,0.0020373944117275046,3.1273636272737804,0.5727613002596902,5.607142857142857,0.595094430571719
0.03,0.0,262,0.008406700963043674,0.0005317233403414,9.564291322208277,0.0005408213404148307,0.9984215453804476,0.5476976995172911,5.857142857142857,0.5480387745008817
0.03,0.0,263,0.00281387436482602,0.0026846038356395318,1.755969787511944,0.001592421442941889,4.217148289558916,0.5986656490791156,5.535714285714286,0.5962330950680851
0.03,0.0,264,0.006893575989829373,0.006220996366753098,5.142970312296136,0.0061099067375178255,2.3737613918209775,0.5337815499146455,5.428571428571429,0.5376028522808856
0.03,0.0,265,0.0058860959042351035,0.00130017613563118,3.784001399819118,0.0014525427184887835,-1.7420956141367867,0.5800432735234973,5.571428571428571,0.5915558047117917
0.03,0.0,266,0.003021015801763778,0.0010048012942427042,2.6079322071773277,0.0009793186219852151,-1.8255153336868186,0.5739511643103078,4.928571428571429,0.5900563544125005
0.03,0.0,267,0.00960799334372398,0.003470601002269124,8.083434871111919,0.002283101881817132,0.8159213480755719,0.5528569512209212,6.214285714285714,0.5827154913758248
0.03,0.0,268,0.01734297596825619,0.006358147147205706,5.934008127153824,0.008951804502491304,3.1111667329176194,0.5555902260076706,5.428571428571429,0.5709081224286474
0.03,0.0,269,0.003744648112796276,0.0031968775878024338,1.3251867159971127,0.004264563313191893,-2.93303420691448,0.56038922526911,4.678571428571429,0.5533590801296779
0.03,0.0,270,0.02050132737841748,0.009363243564216292,-0.5833018361468376,0.011216897557375725,1.058856392873139,0.602542915192605,6.25,0.6216349442831661
0.03,0.0,271,0.0077971882386357085,0.007823294581195931,11.327149353458971,0.0059924714937551445,4.079030784841128,0.6127423123579652,6.214285714285714,0.6403073320905776
0.03,0.0,272,0.007886332256249969,0.002827180051684774,5.444312963230431,0.002829912313661694,2.8686747579421024,0.6011886019666532,5.571428571428571,0.6126581380607039
0.03,0.0,273,0.013078857255180395,0.0018509168147275272,5.177762990378092,0.002131376138569848,-3.0985051927810616,0.5875237443590756,6.035714285714286,0.6016752686270783
0.03,0.0,274,0.0062609629375225935,0.0012667356981483965,-0.8009971488831837,0.0013180556368970209,0.4353341924862377,0.5618340195943591,5.464285714285714,0.5778713316763513
0.03,0.0,275,0.002786746924326223,0.0022977189690556355,1.3351912689969865,0.0012541432868477722,2.3995732008869575,0.5817220720802024,5.321428571428571,0.5944424029465043
0.03,0.0,276,0.011151528504219809,0.0014537304163701266,5.228809266774519,0.0008250919835292045,-0.6017736392428787,0.5563671497677386,5.714285714285714,0.5889478752626615
0.03,0.0,277,0.020158765566306195,0.012137770112863705,9.652341898667288,0.014057895458871764,-0.733146499417226,0.5331195683237606,4.928571428571429,0.5614304868911985
0.03,0.0,278,0.008356575239978858,0.008260226124056072,10.54850425941644,0.008545572761583034,3.602676937046406,0.569846004940736,5.107142857142857,0.5966744488902311
0.03,0.0,279,0.003113721167445213,0.004268529564830886,-1.0520302793202063,0.004680023569969924,1.9160149153644188,0.5678537519441784,5.857142857142857,0.5698138457810731
0.03,0.0,280,0.009104054465193086,0.0012302880774180624,6.448060433397103,0.00249089305949644,6.184729791766841,0.584097625219993,5.714285714285714,0.6216608045050659
0.03,0.0,281,0.012162491833615846,0.0032249231207701146,4.826217017160886,0.0039097902215391245,-2.270963408043201,0.5842476050061717,7.035714285714286,0.5823266727302566
0.03,0.0,282,0.0017511462055098343,0.0030870626520612043,-2.8874735245667367,0.0020556284474783143,0.15916009281345586,0.5711221185075777,5.357142857142857,0.5875410731562594
0.03,0.0,283,0.0036660460284425986,0.00265372044294619,3.899168654416954,0.0018503554249493018,2.5752412271834637,0.5453968908316386,5.607142857142857,0.560071834486171
0.03,0.0,284,0.005319752646811107,0.0034429002737549476,3.6712602425700567,0.0030474436364093566,-1.2034234337292087,0.546658304355312,5.107142857142857,0.5637761528530425
0.03,0.0,285,0.00210767792645342,0.0006187651585650392,1.3211873244213805,0.00044568722040277085,1.1154693443532153,0.5848794580364557,5.071428571428571,0.6065356022809721
0.03,0.0,286,0.004484592178796193,0.002569914043651865,10.797790525167102,0.0027025883428302947,4.713832606494805,0.5740162356451001,5.357142857142857,0.5722049154930748
0.03,0.0,287,0.003470305707998817,0.0028868245836174795,0.40567068939981965,0.003400907438475595,-1.1161057764952602,0.6095655511398542,5.821428571428571,0.5989842867266739
0.03,0.0,288,0.005445002037903451,0.002488075152524976,3.538549447409501,0.0013494690942546929,0.09897561644882558,0.5813927757986431,6.178571428571429,0.5842371909208733
0.03,0.0,289,0.0054690498264572986,0.0013955468223920918,5.025518166846965,0.0015572970475277287,1.3045396551654278,0.6153861301511147,6.0,0.6057620788874468
0.03,0.0,290,0.010064304786656346,0.0011717834350677264,7.176868007865615,0.0016670494070093833,4.420488941575125,0.6072422531383826,5.642857142857143,0.6395069526906452
0.03,0.0,291,0.01136656784050928,0.0007894438443567487,7.117047300351928,9.324809725172382e-05,4.675073898564089,0.540434467948389,5.071428571428571,0.5615570621663388
0.03,0.0,292,0.004765732794945796,0.0002773685997705452,2.4686565829116915,0.0002229169715149087,1.6315178704295288,0.5466698418439914,6.285714285714286,0.5546236158111288
0.03,0.0,293,0.00768367286851936,0.005512514799590919,3.5360937042258556,0.004440701292354566,-6.137324450105372,0.6020309750208688,5.678571428571429,0.6186236315827461
0.03,0.0,294,0.007146061906694346,0.0010727224958591382,1.4643166130711904,0.0011067345350805348,1.1479517200691873,0.5736421031004514,5.071428571428571,0.6011132136525416
0.03,0.0,295,0.007450812414462851,0.004098569507856191,6.143430849707293,0.002287089666318194,1.3063340906292449,0.5752439297843477,5.821428571428571,0.6101487108103538
0.03,0.0,296,0.011375569739053796,0.002361677326776883,8.860705767279775,0.003158880435786574,0.6702126835298069,0.5866435613527151,6.0,0.6114900928921599
0.03,0.0,297,0.010516896575339236,0.0064936466255840816,2.8617434458579822,0.0065375348797350324,4.789965263440156,0.6072759599042511,5.535714285714286,0.620485859253977
0.03,0.0,298,0.004842464448552277,0.008552915120573905,-4.041232590103945,0.006716902145796473,0.36022260980850734,0.5727982158569828,4.857142857142857,0.580060870697578
0.03,0.0,299,0.004996857849291309,0.0051804344990887576,2.732131790658862,0.004682319165846206,4.391015250302776,0.5995213570638375,5.464285714285714,0.5913920937154324
0.03,0.1,0,0.001652366225506847,0.0010894687400211619,1.2417156417719184,0.000870259906565104,0.45390444334293534,0.5796215989163497,5.785714285714286,0.59172000857119
0.03,0.1,1,0.026659631796437783,0.014614336937221825,21.917444417523043,0.014363411996979587,13.866673103799096,0.5621678988337625,6.0,0.6108466048734771
0.03,0.1,2,0.016855766240038574,0.006714786322550017,17.6062878530645,0.0061970733475782405,7.418823128266335,0.5898261518160873,6.464285714285714,0.6078114436370303
0.03,0.1,3,0.009002519776638952,0.01576156816638943,3.893251347797147,0.013681637114682154,5.135524416682936,0.5878276760725564,5.785714285714286,0.5974052541342396
0.03,0.1,4,0.005925310168218037,0.0028386067659857263,1.2996328598663638,0.0017020135203630652,-0.48525850812159393,0.5915994529209446,6.071428571428571,0.603104380329814
0.03,0.1,5,0.008902694868192835,0.0031786850531359957,5.534490269449577,0.0036465732461256916,10.75684094282814,0.5899612963059129,6.035714285714286,0.605725466204555
0.03,0.1,6,0.01580933225288319,0.010166863167397367,8.2623803840442,0.009873337456381314,0.5643740098710547,0.6074015842765806,6.571428571428571,0.6314372960958342
0.03,0.1,7,0.0029838760928895913,0.0023308154174292222,3.764044523155299,0.0021829941310777747,0.02501457391237712,0.5547621160840335,5.785714285714286,0.5785295754109141
0.03,0.1,8,0.021734058169557858,0.01806967554427169,14.549282203191929,0.020080684238188436,12.260390288292816,0.6130762351558492,5.892857142857143,0.6400744191001809
0.03,0.1,9,0.003847422486643392,0.0005177208655073402,6.90261978271991,0.000793142424328341,-1.5928205892815583,0.547841999396556,5.142857142857143,0.5382495288216775
0.03,0.1,10,0.016040949093981256,0.015924656311032494,6.686326921749782,0.016556884450939797,10.159681616535872,0.5489652033285813,5.75,0.5491536105780799
0.03,0.1,11,0.0030242296112761267,0.0011460797092546935,2.326705212379437,0.0010537865448929885,-0.8928665292534959,0.5904167162592096,5.892857142857143,0.5878029845985179
0.03,0.1,12,0.016077537270385765,0.012103131930810286,14.224057876259337,0.00910164882072209,6.702281995639329,0.5719956996035795,5.107142857142857,0.6008696286685877
0.03,0.1,13,0.010288056315017917,0.0015046933199811257,8.382550877726018,0.0016409877984175033,-0.41292182720205045,0.5958066819856594,6.107142857142857,0.6005024859383032
0.03,0.1,14,0.03501607407935897,0.0312986015807051,21.846176402900873,0.029271013170201463,12.016558764751712,0.5339364604203748,5.821428571428571,0.5965616234880339
0.03,0.1,15,0.014841549553862922,0.0018597979799787863,13.83883320953678,0.0017854351289645954,-0.9504883770660228,0.6066281578273421,6.214285714285714,0.6165184425501817
0.03,0.1,16,0.002076410529187876,0.0021598144167726775,1.7504076975427907,0.0018158961691294117,0.39038006883620824,0.5770645222911355,5.928571428571429,0.5916780649207343
0.03,0.1,17,0.005674553668965757,0.0034518914435359037,3.4274021760918245,0.002654712759793535,0.2701292914565272,0.5303667867238451,5.5,0.5465915173915701
0.03,0.1,18,0.027708276519348863,0.021540641198042106,6.787070260799176,0.02239892447391638,7.3027517021572335,0.548811319851586,5.214285714285714,0.5710179001267468
0.03,0.1,19,0.0552476478181236,0.0479191542466328,23.90513510336043,0.04482255794424707,23.424758419534346,0.6195538146357665,6.0,0.68194447202829
0.03,0.1,20,0.006358625255856238,0.001035700898054789,7.408422969712866,0.0005672937027358048,-0.10401436962052912,0.5119050311981485,5.678571428571429,0.5138370066021669
0.03,0.1,21,0.007035130992607265,0.0029684827086998186,11.326645057460482,0.0016553354112616987,1.6611803995944854,0.5807873027361546,5.107142857142857,0.6016914425814988
0.03,0.1,22,0.01791989160777304,0.01583407646242504,2.6708426971325494,0.016038002041099727,5.758003429937323,0.5175090921074996,5.0,0.5302539022669994
0.03,0.1,23,0.009710483914620234,0.005596531227607014,5.347294418969774,0.005922717578127761,1.3824855588701628,0.5896669632224812,6.25,0.5882820877060742
0.03,0.1,24,0.010943961817471887,0.007822697667739617,14.362222360195616,0.008329079251370696,6.644260302853373,0.572370981722985,5.607142857142857,0.5939855993768521
0.03,0.1,25,0.004279803628826403,0.0019572241153487276,5.288608518653305,0.0016669280650137674,0.4056100549555121,0.5869350444710122,5.678571428571429,0.5802461771417857
0.03,0.1,26,0.004271213826752536,0.0018681146361510846,4.795025899392648,0.002062648469731019,0.25935030110978613,0.547722098181024,4.892857142857143,0.5474364556335931
0.03,0.1,27,0.001889789626729685,0.001141628577220717,6.730664700001327,0.0005220163052690556,1.3823834047874375,0.548349831841264,5.571428571428571,0.5611741075850912
0.03,0.1,28,0.01955471690072213,0.0029970739359076637,17.074006405720212,0.002652362951818603,0.3464524962127295,0.5523903391151718,5.642857142857143,0.5675485366114332
0.03,0.1,29,0.00131225583135965,0.0016558626762313265,-0.41371446537083756,0.0010807933316492892,2.372659671864066,0.5983600741710097,6.392857142857143,0.6057554202072065
0.03,0.1,30,0.01495650542865004,0.006239136151474952,5.338219135485723,0.005720231211360358,-0.2513548153976804,0.608228652597445,6.0,0.6350426495761747
0.03,0.1,31,0.06282783895760206,0.0344268198982298,28.83926345659839,0.03962015881455106,17.983397199157036,0.5639806375571256,5.964285714285714,0.5884244044231722
0.03,0.1,32,0.00367079636622742,0.0009352487201280089,4.7971169156683615,0.0009249812562690144,-0.2168660641003536,0.5780920868997034,5.785714285714286,0.5725658219971523
0.03,0.1,33,0.0075916173533707955,0.006478332609859438,6.73541194988664,0.004260000074748607,3.0012919384859154,0.5895413191056528,5.607142857142857,0.5906759838367277
0.03,0.1,34,0.010542294558414017,0.009831506587065404,8.373411140861535,0.008975289381767382,2.4755917373748653,0.5714625311923369,6.0,0.586800843163935
0.03,0.1,35,0.1442624434636154,0.06673536782604962,64.27608239827589,0.07877252427633794,33.46273898052484,0.6344993496583069,6.75,0.7855033952957561
0.03,0.1,36,0.02085684206408484,0.004084802086503768,21.975739193248486,0.004825610262953592,3.878272810323504,0.5658155169925703,6.285714285714286,0.5917795544730361
0.03,0.1,37,0.006658031936651368,0.00402424744714632,6.579327711718371,0.0038641435431251616,2.867649302114349,0.6221235953048195,6.107142857142857,0.6398832485916527
0.03,0.1,38,0.12702003976814852,0.06916701176808801,44.682139157997184,0.07778796512371781,33.554231163243074,0.6174559368171003,6.464285714285714,0.742091817658318
0.03,0.1,39,0.012015405415462525,0.0032083923997941856,9.69844440883989,0.002519656049284809,0.8156035365091915,0.5841186169722397,5.821428571428571,0.6078804545209097
0.03,0.1,40,0.006489088604996631,0.00218963117928296,2.9671817411987504,0.0018493743265149969,-2.9926256459459544,0.5984624483810145,6.071428571428571,0.6220241049153327
0.03,0.1,41,0.01698442005165497,0.006122673392068572,2.3019865564320696,0.006219628043600846,5.345813782758985,0.5614354581601443,5.285714285714286,0.5580485914776507
0.03,0.1,42,0.01997424349223951,0.024632049343290333,10.252957899298629,0.0249441616437411,12.513778649931632,0.5666715292995063,5.892857142857143,0.6096441297012137
0.03,0.1,43,0.07837833119020543,0.03878703477763158,39.29986806157358,0.03831486271040015,13.787543501710582,0.6100969193274872,6.5,0.6924613143125349
0.03,0.1,44,0.00612631566073293,0.003915210712163838,-3.207708898442533,0.0033926969831516714,-2.6180273213695293,0.5955970318070501,5.678571428571429,0.6017025672043774
0.03,0.1,45,0.008472937587406752,0.005206001328108971,7.979905602605349,0.004230316379049389,0.4641121744760805,0.590360059985606,5.5,0.5986062607758155
0.03,0.1,46,0.0017556832530031383,0.00024189399600436026,2.2882964945644915,0.000303770712469857,-1.327437084429486,0.532138819335567,5.321428571428571,0.541749399553258
0.03,0.1,47,0.004604872907191694,0.0008582613114692504,3.5170192629764188,0.001199210962589286,2.0074735698340382,0.5360122800343898,5.035714285714286,0.527742071052031
0.03,0.1,48,0.01787017991640723,0.00969316500505817,14.28292749168304,0.010674831683300467,3.1474290918313272,0.5971705178159951,5.25,0.6178294682921619
0.03,0.1,49,0.010800884777093811,0.004626021390308717,6.759408263343552,0.0047945201345796044,0.9421730165178795,0.5706681206709685,4.964285714285714,0.5977483471599101
0.03,0.1,50,0.035862643030264894,0.016536024956996877,28.36745536215824,0.014787257654008219,2.3565510539935985,0.5903890525378384,5.857142857142857,0.626255897376581
0.03,0.1,51,0.0017976034073007385,0.00016886409104669141,4.9178635479646005,0.00021162404870678792,0.8309165325236544,0.5803404678451324,5.964285714285714,0.5891611541989358
0.03,0.1,52,0.07639842240681867,0.025394193643802413,37.442487720853734,0.02163816230262029,4.449775488367777,0.556483619566784,5.714285714285714,0.641597587175917
0.03,0.1,53,0.013096137296007646,0.004361887659763388,8.496259894010485,0.0023347485180634947,0.08121030688139778,0.5768532801494006,6.035714285714286,0.5840016929141296
0.03,0.1,54,0.006746075194069999,0.0026141207629085256,2.930087359646386,0.0034236918720143513,4.43936600809505,0.5994579055420921,5.75,0.6110728994173509
0.03,0.1,55,0.007069776310822305,0.00015018197999531368,6.052684664578351,0.0002228834075895319,0.1522699938997126,0.5798891008123604,5.785714285714286,0.6061425389782118
0.03,0.1,56,0.015523985080823428,0.01135579139570082,15.223157963661677,0.010497731101957545,4.941781088239433,0.6044651984378474,6.214285714285714,0.642407139863431
0.03,0.1,57,0.0011259185420196913,0.0004870690588901964,2.2514008757660164,0.0007196607863471164,0.5970485558447743,0.5020188947432295,5.321428571428571,0.4991782036893403
0.03,0.1,58,0.008877676241557782,0.006861613878600501,9.448775400240919,0.005380907234694175,-0.05096788282211643,0.5692612886762036,5.5,0.5891255574174101
0.03,0.1,59,0.009671395378269356,0.002368315087758496,2.2232718282001187,0.0023308730075333075,-1.863840907135284,0.5797698093750989,6.071428571428571,0.5954134940096345
0.03,0.1,60,0.017907925449359808,0.009340732626492237,9.269930972648154,0.009738213059409776,7.0531463255732945,0.6112932709746247,5.821428571428571,0.6424377376055621
0.03,0.1,61,0.1782706970725522,0.09793364225676753,47.03575947021826,0.11739553752176173,39.133493538711406,0.569575410278986,6.071428571428571,0.6902950404384316
0.03,0.1,62,0.002494779870297007,0.004494211698390265,5.95148938285827,0.003220783794101491,4.078059473866261,0.5558939831222257,5.5,0.5466133039495766
0.03,0.1,63,0.00901591854586808,0.0012678489305301608,4.362482335722596,0.0015411888442193897,1.2489749351619726,0.5808834222603618,5.714285714285714,0.597534333958292
0.03,0.1,64,0.004871326401029915,0.0011597361989528286,1.0002457291948303,0.0008740312382049673,0.08595718345704502,0.5503167517251325,5.392857142857143,0.5723890451010467
0.03,0.1,65,0.0066619480642978466,0.0013753281210867406,-3.1014451069640927,0.0014448848591600383,-3.0739451302308205,0.5558048348987424,5.607142857142857,0.5770062061665906
0.03,0.1,66,0.03438205793896507,0.012889606888866636,30.350965233520228,0.015662415940808132,17.191547191379026,0.5851457733122868,6.714285714285714,0.6537934629573519
0.03,0.1,67,0.007576306925053119,0.0005284940248191688,7.348613770863679,0.0006452820410319386,1.3745485272575593,0.5551244831787479,5.5,0.566541929234212
0.03,0.1,68,0.004187954341242521,0.0007916508260671281,4.009810737256807,0.000607996486155467,-2.4765441205910954,0.5866933911849885,5.928571428571429,0.5726786775746378
0.03,0.1,69,0.00457738750995474,0.0013756189880357852,6.307061889988681,0.002119438356984507,6.492603511756225,0.602305130126442,5.642857142857143,0.607468441137224
0.03,0.1,70,0.045874764973275445,0.043837084159026436,17.49725944394759,0.0382753478515145,7.527890914912025,0.6166681563899965,6.178571428571429,0.670345211984693
0.03,0.1,71,0.009359991781865086,0.004421469581309209,0.9397271061300358,0.006700127719160299,8.591077386523665,0.5677970276858207,5.928571428571429,0.5826558448896849
0.03,0.1,72,0.04880344626650187,0.010184461605596913,20.940069348506455,0.014677065238609734,9.004226209651307,0.5945857571740538,6.535714285714286,0.6369201560016127
0.03,0.1,73,0.017919731486626275,0.013039043078525802,15.77339875734122,0.012037779616226253,3.041798811978348,0.6081339054596074,6.214285714285714,0.6294583302933827
0.03,0.1,74,0.00289114633764514,0.0005857698872476516,-0.8029389851628537,0.0004296517214222076,2.2688242973019612,0.5789323029576449,5.357142857142857,0.5971402748710244
0.03,0.1,75,0.012804505233868752,0.008812708506083572,14.813533297050014,0.009799352806103688,6.228710639603349,0.6297584269650853,7.285714285714286,0.6460658130778401
0.03,0.1,76,0.010722608212664294,0.010044449160927255,4.583220842533549,0.009883740156654478,2.3353725120544198,0.5960263370420144,6.0,0.6034912677569437
0.03,0.1,77,0.017868271111424937,0.010708171058922132,4.042924283610105,0.012325644375640567,6.5607855778424,0.5845441206185973,6.178571428571429,0.6273602123366626
0.03,0.1,78,0.035413923689041296,0.009702769430633858,32.25699521491068,0.010335673068557724,7.917796275336599,0.619244617981711,6.428571428571429,0.6746186664603749
0.03,0.1,79,0.008737722801346251,0.015668221237465692,-3.9413450028776964,0.014279072159927762,10.300476185600786,0.5823086745107383,5.857142857142857,0.5685177869819895
0.03,0.1,80,0.004317630826348789,0.001663135861039548,2.880971556925104,0.0022461822309898785,3.9094919281186358,0.5960358605225841,5.285714285714286,0.6152256929743597
0.03,0.1,81,0.008118779857087685,0.0023505251766939668,0.16489765499997588,0.0034449938318409337,0.7991695643854845,0.5920832654390328,5.0,0.6029608063090452
0.03,0.1,82,0.005285480711794712,0.003817027570230199,1.5254335083810062,0.0030029868524424582,-1.588799480227929,0.6001367011821618,6.357142857142857,0.6142755536195985
0.03,0.1,83,0.007161129977574621,0.0015037710341183207,5.588143464716914,0.002288650188656287,0.46751780528076853,0.5926063756023786,5.75,0.6009543307022779
0.03,0.1,84,0.012499928221807274,0.0087914838579591,6.43673782271091,0.008976341091524115,1.2585920560030956,0.5478589112092566,6.714285714285714,0.5567904127235591
0.03,0.1,85,0.004434677605067677,0.0034696732259304,7.43354343976862,0.003397543274278801,1.3542553593210773,0.5696459331546564,5.607142857142857,0.5857200045779936
0.03,0.1,86,0.00225003227176979,0.001838005454116229,3.5583181617594875,0.0017941620733068092,3.4891794014542845,0.6094953550710507,5.964285714285714,0.6122593515116344
0.03,0.1,87,0.004652927000270614,0.0008002582689883964,7.547287729057921,0.0006942982993692994,2.822154341267558,0.538353380071067,5.214285714285714,0.5345935311494796
0.03,0.1,88,0.01809443239647019,0.003903306916748049,6.023008990982433,0.0036841963782702244,0.48521879086706576,0.6065747963175973,5.821428571428571,0.6234620780943396
0.03,0.1,89,0.00494529121407301,0.0002768316443693717,4.559101412407934,0.0004972195184021229,2.494800082306805,0.5786220313869206,5.821428571428571,0.591995207198641
0.03,0.1,90,0.004432570680527668,0.001041327343902752,5.480378720495274,0.001494686345484879,2.131527514891436,0.5707807360320049,6.285714285714286,0.577168458690692
0.03,0.1,91,0.026431683903935348,0.018707076791111384,9.869006953186727,0.018867272844824024,9.265701320298177,0.6223146584181619,5.892857142857143,0.6697164193313135
0.03,0.1,92,0.004863602076857541,0.005677636703378362,-0.04592894479233678,0.0060389023248486814,-1.391828967584028,0.5389764771961808,5.214285714285714,0.5528083710634657
0.03,0.1,93,0.007842558703817455,0.003142137126551902,10.125957396260482,0.0021250972497249927,3.965927140060605,0.6102332935796086,6.107142857142857,0.6135796511254897
0.03,0.1,94,0.012667680086877455,0.0006534302367816091,12.87302869122356,0.0008740550709877542,-2.0989832425945374,0.6145245521693029,6.0,0.6443655261193999
0.03,0.1,95,0.0019351642407097363,0.002575216148176414,2.7207698913045064,0.0026706431468275925,-0.16870575011445985,0.5826862212250719,5.5,0.6000766120389511
0.03,0.1,96,0.005963622993469493,0.00232255981568885,2.572967860748605,0.0015935198509096382,-0.987594675064211,0.5838671357571955,5.821428571428571,0.6064396247479628
0.03,0.1,97,0.004711887173984049,0.0016027042583855826,1.8345689594126569,0.0009841760004367635,1.41512632938615,0.5852450160686409,5.285714285714286,0.5926067194703697
0.03,0.1,98,0.0019166378517093791,0.000820936475342592,3.5329947700371065,0.0008213805198621316,2.8327442330627357,0.5292648833057726,5.357142857142857,0.5315848638159827
0.03,0.1,99,0.0878121561722242,0.020095274241228714,41.00347877609366,0.029154556492805475,15.721363166926276,0.608209717579815,6.428571428571429,0.7070947800417888
0.03,0.1,100,0.0071691504135115965,0.001984672449077013,7.871494841671549,0.0024077863558857634,2.760830199368428,0.5564446998643038,5.964285714285714,0.5987350891391339
0.03,0.1,101,0.006044421329152282,0.0005853624617989709,9.348842833849602,0.0007128220990487695,-0.8031986422456138,0.6175811136621924,6.285714285714286,0.6191188985862933
0.03,0.1,102,0.007141538405353886,0.0029729816837534935,8.727069409278684,0.0027553093185253403,0.3112831364224367,0.5506823160462071,5.285714285714286,0.5597869395328113
0.03,0.1,103,0.11264815030779841,0.05535578965747513,36.194920561153296,0.06358629038206147,23.05077482720335,0.6366660085217014,6.607142857142857,0.7247867928557652
0.03,0.1,104,0.010600671298121814,0.0009565136202792567,8.584786437830104,0.00121066403663323,2.056666507311064,0.6002626657158021,5.642857142857143,0.619853505916602
0.03,0.1,105,0.07163430951601395,0.013957206365554722,29.728967544321392,0.01978423561637442,16.56136849627012,0.6423965782154911,6.464285714285714,0.7260476974442149
0.03,0.1,106,0.0014895003669008287,0.0010021015864747926,-1.3210905406721807,0.0008645327988663573,-1.1272564307731727,0.57514204267608,5.642857142857143,0.5865427841001236
0.03,0.1,107,0.011285143553116569,0.0017770344899495963,2.816194375624889,0.0025477957152255128,2.4902667598125183,0.5881329880589,5.821428571428571,0.6115869857422418
0.03,0.1,108,0.004000293296339872,0.0015016269468993177,7.062725827367963,0.001952070024249481,3.2888115915577694,0.6168105851177433,6.285714285714286,0.6159691818977984
0.03,0.1,109,0.011516500106100131,0.001977583772397393,9.69670950538498,0.002699519820718192,0.7994654162647521,0.5835464626274993,6.321428571428571,0.6073973984506127
0.03,0.1,110,0.005216379187355537,0.002735439206950348,4.680488605130137,0.002744112057008297,1.6184250642838076,0.5771184818877001,5.928571428571429,0.5790809483334644
0.03,0.1,111,0.052999767612170685,0.008995074864095613,24.442597017254343,0.013285682659721326,12.669012413705152,0.6351656655823528,5.964285714285714,0.6837164252959621
0.03,0.1,112,0.015399025244206164,0.003229180970974138,10.41281529974514,0.004741616489218554,2.993223675536418,0.5541144964562775,6.25,0.5711054688128063
0.03,0.1,113,0.02263896472854072,0.0019490148207425373,14.728082669992055,0.0024864590238702555,-0.06109278902302625,0.5761537036664627,5.428571428571429,0.5867884210036682
0.03,0.1,114,0.0037280086947066157,0.0020759436927519446,2.852929285995266,0.001812399443704835,2.3673341534007384,0.5371863367666193,5.571428571428571,0.564360768884647
0.03,0.1,115,0.04411717208942861,0.011964313643862568,27.541663687208242,0.010373883080161898,-3.2549126616921455,0.6048405922811556,5.571428571428571,0.6452910826727909
0.03,0.1,116,0.006953145638172635,0.006358333320348107,7.051454572039546,0.004378188978998194,2.0714702111215977,0.5966937082856522,6.428571428571429,0.6083343914381926
0.03,0.1,117,0.0018151597104804082,0.003606621918451687,1.4683035577851768,0.0024022474232520776,2.7360523904477723,0.5846108003220564,6.071428571428571,0.5904175526110298
0.03,0.1,118,0.0041936574232142075,0.001772111528720627,6.028805349592808,0.0015245871767879053,4.090281042242718,0.5737974276581188,5.607142857142857,0.581016481837914
0.03,0.1,119,0.024006336811283863,0.022146516122954967,3.9204060575143345,0.022179575651759938,1.5900527137702436,0.5784455013931932,6.607142857142857,0.6013220970551829
0.03,0.1,120,0.006704045708901388,0.0012907752440318953,2.154126672255515,0.0012593912886128132,-3.1263512786975887,0.5801066997611194,5.285714285714286,0.6035258788123918
0.03,0.1,121,0.00886537255037643,0.0028424022056153853,7.164005197705997,0.0027332410753034835,0.46029411258099157,0.5715706768509025,6.107142857142857,0.574742687397378
0.03,0.1,122,0.03865707216630938,0.013577604260887199,28.450912895252632,0.010902155944009454,5.301900482412994,0.6591051565687047,6.357142857142857,0.6939864739572854
0.03,0.1,123,0.001457265679558709,0.0013970461447347182,1.57951109085635,0.0010988791464546308,1.3538890113839461,0.540179232827403,5.571428571428571,0.5656366705912814
0.03,0.1,124,0.005030773609134582,0.0011512943464945648,6.905275848044269,0.00149133629289746,5.098365020860267,0.54586154927668,5.25,0.5672542269681871
0.03,0.1,125,0.021418130376243443,0.0019859378790444376,16.393714197435344,0.0017652699255971088,-1.0006271602610564,0.5580688746413428,5.535714285714286,0.5798673263997194
0.03,0.1,126,0.00365321892800703,0.0014864479050982807,5.6303421166314465,0.0012450647227137534,0.8631294160489915,0.5717645647072949,5.25,0.5788263896030723
0.03,0.1,127,0.008478851247648888,0.0056484035264609345,3.2909024157646414,0.005553474787889538,2.091319229726546,0.5869165595462347,6.214285714285714,0.5849624841455894
0.03,0.1,128,0.03343416441514195,0.018593545032777138,22.22748955096118,0.021505839436249938,16.83744835108642,0.5872568373388537,5.0,0.6043995942208308
0.03,0.1,129,0.020816330134765228,0.0062891992284605375,16.29174752456798,0.005309777552604172,0.15596136150522474,0.5780767625132569,6.535714285714286,0.5887311462851146
0.03,0.1,130,0.014360278337258758,0.0007281103626242744,10.699957638687543,0.0014054615704625606,2.009913196102095,0.5502508792994423,5.857142857142857,0.5786457100363727
0.03,0.1,131,0.002770218955220227,0.0005939051052565352,6.4844803920622525,0.00016841893039160272,2.667644901330154,0.5954017729501725,5.785714285714286,0.6216624742043407
0.03,0.1,132,0.021018626271787764,0.017372673336390355,7.325072743932651,0.017309285496703325,16.52676298059446,0.5555297649754879,5.321428571428571,0.583489507632389
0.03,0.1,133,0.011657168524742556,0.0030325022222420857,3.2867983434767964,0.004758384498669693,1.9328014834302205,0.5919855976708684,5.821428571428571,0.605441385983974
0.03,0.1,134,0.003147361800670331,0.0006960506733969686,3.6228096551124267,0.0004379222312603247,0.7523766416336078,0.5597342629323575,5.785714285714286,0.5791271969916887
0.03,0.1,135,0.0025932085216991887,0.00034645255610730064,3.478668223083659,0.0003534291057004848,-1.9859091584043256,0.57071329889209,5.857142857142857,0.582430234319008
0.03,0.1,136,0.006644483063464152,0.0061744312612671565,4.199381966850382,0.006113556110960593,2.1704508047957254,0.5529751438049616,5.285714285714286,0.5432438910468718
0.03,0.1,137,0.009314090991468446,0.0013692225410157776,3.301991156303856,0.0018904845368183766,-1.2783801710070293,0.6014818809657075,5.607142857142857,0.6124387737746632
0.03,0.1,138,0.007163382144242093,0.0018883557400218372,4.324376372951114,0.001956800688577709,1.7747720136620064,0.5997247783195462,5.928571428571429,0.5855126902903331
0.03,0.1,139,0.026926151139254884,0.015433543706729579,5.765978671933773,0.015258175295316439,8.55433028528328,0.5686415054012989,5.714285714285714,0.5966591500191656
0.03,0.1,140,0.011509394182890535,0.007411948066759344,3.3772735468890076,0.009020258315490122,5.145401281826395,0.5430771623967783,5.535714285714286,0.5469888555268111
0.03,0.1,141,0.008110161594497737,0.006263916007782382,6.453443228845941,0.005675634775494517,1.2030177474449033,0.6147728645676748,5.857142857142857,0.6394173421434244
0.03,0.1,142,0.003913007360009572,0.0035690733533969613,2.0656156554710847,0.003812210053223814,-0.5237336968194674,0.5681130638129303,5.285714285714286,0.579556048186133
0.03,0.1,143,0.0031980697048952264,0.0011936750926292063,2.1469461616737817,0.0011490030128191967,1.6259099418311962,0.5487492012569585,6.357142857142857,0.5571309509081708
0.03,0.1,144,0.011953505885279339,0.0019447196216589187,5.668640345017252,0.002100185163643027,2.313735692687819,0.5999351729418778,5.464285714285714,0.6391660524025763
0.03,0.1,145,0.0029934947804846216,0.0005340610087401343,7.930417162776251,0.0007045386516352237,-0.6629734110562898,0.5680881821674493,5.821428571428571,0.58268336475243
0.03,0.1,146,0.06418509202084988,0.03766398280384283,53.4519593133366,0.03900960421273866,23.08539203872149,0.663796719922505,7.285714285714286,0.7240004147895103
0.03,0.1,147,0.005426766121827329,0.004195969123418557,2.11904190411056,0.004207933438142493,3.360127745856687,0.5590063782285756,4.857142857142857,0.5762029500558598
0.03,0.1,148,0.002513239989920207,0.0026818706484593303,2.886199519290521,0.002221252145525196,-0.903363604199844,0.5716205095937082,5.964285714285714,0.5871923675270025
0.03,0.1,149,0.012059555730802933,0.0011231571266111543,8.782898596003925,0.0018666042541427414,-1.9659848603486882,0.613045694997993,5.25,0.641665763210159
0.03,0.1,150,0.0009510531364488014,0.0008069436171753744,-0.6691790313214909,0.000582542061139303,1.7320087086338087,0.6058908444442818,5.642857142857143,0.5999210383119489
0.03,0.1,151,0.003380213300374711,0.0005100587714259329,4.269477559821993,4.523905922927386e-05,-0.3982058680695104,0.5920987740887044,5.357142857142857,0.5956242080464205
0.03,0.1,152,0.007607025497875388,0.009469468003776297,4.751425164959308,0.009527401948949707,5.54565219774462,0.574263868964635,6.535714285714286,0.5794887673521045
0.03,0.1,153,0.027807747486065643,0.011069294332107684,12.393068876233954,0.015331349046189068,8.941892324118347,0.5788932108706913,6.214285714285714,0.6213593131432527
0.03,0.1,154,0.0018412459636206603,0.0007209611016682862,1.3636653619018517,0.0003845688482560749,-1.0911045853075148,0.5262298678390319,5.214285714285714,0.5245303743217833
0.03,0.1,155,0.008390175652730397,0.0036148871965336485,10.519049320542862,0.005243248065574289,4.139115535983109,0.5781563617364991,5.607142857142857,0.5898534758921904
0.03,0.1,156,0.003590126983181553,0.0007958684451406384,1.5813274842908953,0.0007929101364766253,1.8562608841476635,0.5060457715566719,5.392857142857143,0.5197790740422159
0.03,0.1,157,0.005822108529566305,0.0021572855117725945,-0.10736185913587093,0.002246301782867655,-2.275227727905,0.5720209619778674,5.964285714285714,0.5923492639123205
0.03,0.1,158,0.011012014310283374,0.0022849143002797276,4.943841322946568,0.0025095006635836342,0.25227181773205604,0.6226792454743478,5.821428571428571,0.620005881063066
0.03,0.1,159,0.014614926786052723,0.004984450037870139,14.983566753732788,0.00518291954119203,5.88375338833787,0.5848762430657979,6.25,0.6206717893208056
0.03,0.1,160,0.015017232295132023,0.013550018940637697,10.686365958242277,0.011453931116028906,12.986845205736492,0.5834008204793294,5.535714285714286,0.611057037274241
0.03,0.1,161,0.0014973138151651315,0.0014094718090813757,0.16108074768501268,0.0007666196242699233,-2.2602022095015286,0.5699438832053428,5.357142857142857,0.5918729469896984
0.03,0.1,162,0.002477902465530572,0.0031781481042773944,-2.8879801296371213,0.002283607790520304,1.6075977976203717,0.5255776060548636,6.071428571428571,0.5553101438490686
0.03,0.1,163,0.00340947207948646,0.0018260073916852115,3.8531676912475774,0.0015666534869058723,-0.9578185899542196,0.5286201393402366,4.5,0.5196870494719474
0.03,0.1,164,0.0056261820269738715,0.0018114151291159911,5.040958522125429,0.0014559747002047404,0.7129996200616043,0.5453895921036735,5.0,0.5463632513955403
0.03,0.1,165,0.006261983140514676,0.0013763683555238467,-0.2453596192925005,0.0015365782191012222,1.5054069862644042,0.6195726764921395,6.107142857142857,0.6448029873293815
0.03,0.1,166,0.00835577464420257,0.006547623806252145,6.077327313646613,0.006422315997209716,1.5861975259644414,0.5840529827679699,5.392857142857143,0.58474024314875
0.03,0.1,167,0.002288587336616487,0.0020093684933869165,-4.213361159539062,0.0022393688032514023,1.3023132261665846,0.5776694340073947,6.321428571428571,0.585809222846469
0.03,0.1,168,0.006326239658846393,0.0009124731659181774,2.034669099515419,0.000772923671317088,2.1296105169479063,0.5794071864778392,6.464285714285714,0.6106094069921705
0.03,0.1,169,0.009285458823480135,0.0164381911475314,-1.2519266391012707,0.014818666772272891,5.7235941086558455,0.5763693865329199,5.5,0.5876114318696738
0.03,0.1,170,0.016303405557092074,0.004383368196682473,16.971331067333082,0.002116536494767363,4.820409486619089,0.5792667119101355,6.214285714285714,0.5755103668434417
0.03,0.1,171,0.001084583675227597,0.000959156920284357,0.8116841448866481,0.0006947579963158197,0.13509532676901395,0.5854605483054962,5.785714285714286,0.5920200213438865
0.03,0.1,172,0.005916731652438737,0.002994795169348813,-1.2032363664239085,0.0037252451372707875,-0.1714838609568782,0.6119754348028529,5.535714285714286,0.629380437816373
0.03,0.1,173,0.01907308253565463,0.012399503022758196,16.356856454926074,0.011066547258513163,4.907087999335952,0.5581069810351198,5.642857142857143,0.5662483337394507
0.03,0.1,174,0.0204700824036961,0.006986777355614545,13.322481465578946,0.007931090139886824,3.0452734367953362,0.5033265986143133,5.107142857142857,0.5228246356946269
0.03,0.1,175,0.005920379704172383,0.004234878964197008,1.1172664681466387,0.004914365003280013,2.226494590540028,0.5717614470784531,5.285714285714286,0.5743564940018745
0.03,0.1,176,0.020565393604300163,0.012699888391115403,12.51750923632546,0.012122144126502489,5.521789325772507,0.5697317601063178,5.071428571428571,0.5960473359945556
0.03,0.1,177,0.03527505643602854,0.01561632141519652,19.86628416349904,0.015974023387902693,10.362117170720106,0.6189429130427707,6.035714285714286,0.6603530475514612
0.03,0.1,178,0.0012670500305283542,0.001092997693550872,3.0846952819314097,0.0008749975971787009,-0.2581033932932826,0.5609577081448383,5.428571428571429,0.5763331664824307
0.03,0.1,179,0.05414023742675936,0.03151399362446246,30.80485213790237,0.03534767586086026,19.24093203839961,0.5643942408719422,6.285714285714286,0.5848465406302887
0.03,0.1,180,0.030260561934046974,0.006147298033145234,22.490311048859134,0.00843043516605267,15.186428468682314,0.55045322425205,5.785714285714286,0.6050760940046928
0.03,0.1,181,0.0038161643816993474,0.00037029469547304045,6.417408224817521,0.0009498838743863243,3.960804571162034,0.5823631267963537,6.071428571428571,0.5947966910040592
0.03,0.1,182,0.011537223845330834,0.005057033063689625,7.297343823917494,0.006392169040482691,3.3063396022364393,0.5366195654033264,6.25,0.5118026289123387
0.03,0.1,183,0.018843888998946304,0.006642018926324297,11.942175411350206,0.008994630275682489,1.280749265179935,0.6342873697515035,6.821428571428571,0.6489724577622787
0.03,0.1,184,0.009655356398725869,0.0008482422535445939,9.17936580954342,0.0012667300148718886,3.1237888169910946,0.5958152631353671,5.535714285714286,0.6003826498108379
0.03,0.1,185,0.010356463105292946,0.0013552018932425274,6.328176268509289,0.0012062065449850831,0.17229332041506495,0.5546972115161525,6.071428571428571,0.5859798540422321
0.03,0.1,186,0.017361751675394558,0.011768855985824354,11.136649158719656,0.013087029373173466,11.141835847218951,0.5346561797140066,5.107142857142857,0.5745079337144074
0.03,0.1,187,0.013362435849713654,0.0025600033814487206,4.382131856248584,0.0025467452459933377,-3.286035594028931,0.5464000008547073,5.107142857142857,0.5464150824820628
0.03,0.1,188,0.009572214464433024,0.00873664730336652,4.082270134070406,0.010230727841911138,3.0826942834773376,0.5993142698272554,6.607142857142857,0.5969386637128145
0.03,0.1,189,0.0728280293410005,0.012435742080953468,22.07440362066824,0.017466048971917076,10.293261024904107,0.6323479260943276,6.107142857142857,0.7064001348513508
0.03,0.1,190,0.0037023863139381196,0.0055345735340168855,1.2628526335862986,0.004070267038762726,0.8602947429082803,0.5531296129888822,5.285714285714286,0.5487611004889348
0.03,0.1,191,0.009870732333139428,0.001510013172594869,8.410520764231748,0.002194452642413798,4.104645422902261,0.627686460373619,5.428571428571429,0.6283385957610832
0.03,0.1,192,0.006781029591927999,0.0025071742076962227,2.3694760717965835,0.004119331344026716,6.837734351709988,0.5499997554695747,4.821428571428571,0.5560747051820287
0.03,0.1,193,0.07352705469002116,0.029818723217934204,45.77392429923634,0.028746731673617017,12.784134163287604,0.6205095401199056,5.928571428571429,0.7062696870809045
0.03,0.1,194,0.004615571663690176,0.004299698166049944,-0.4255808267366419,0.0039063773665535964,4.0378148231707485,0.5286778343364941,6.035714285714286,0.5506792429690108
0.03,0.1,195,0.003532384262983612,0.0032850941518328385,0.48429104805674683,0.0032110813214330214,2.073114535950064,0.5463837254169198,6.107142857142857,0.5567789863477994
0.03,0.1,196,0.01310890785163929,0.0010091905166260576,12.325861647863078,0.0012987001222038352,1.5389111712219687,0.5204223981297679,5.5,0.5448613971316307
0.03,0.1,197,0.013253383815375913,0.003147267923055018,9.295046748384841,0.002773747659584059,3.480348390100488,0.5926516817253914,6.25,0.6047294503534559
0.03,0.1,198,0.018599516187707818,0.002217731598551296,11.292630810928834,0.0036727181537173346,2.072741850923677,0.5656232176694033,5.5,0.580600173504889
0.03,0.1,199,0.006221468555351969,0.0029796881664919317,4.405900687550229,0.003770215324079178,0.2797190790204714,0.5404254517487179,5.857142857142857,0.5612122290323881
0.03,0.1,200,0.03587275330461434,0.014035610020535971,31.154526237495293,0.01180629491477348,5.0263477690738325,0.614247291103372,6.25,0.636914090768705
0.03,0.1,201,0.008513015488986824,0.004068090096867485,2.337510238639858,0.0038747716018579605,-0.32480881864355143,0.5811145189469465,4.785714285714286,0.6222020787645328
0.03,0.1,202,0.002793373028081563,0.0017669734787722244,3.066168210729458,0.001497127300495355,1.1682307363359523,0.5565837278542254,5.714285714285714,0.557184642804126
0.03,0.1,203,0.019679630459337287,0.011049892802592932,19.339815808026472,0.010541679990141724,7.330167685417716,0.6228133656020389,6.25,0.6585017735098098
0.03,0.1,204,0.020794690681829715,0.005028111811969686,14.921913838556527,0.004023731109181985,-3.0045690390570883,0.5588695225919106,5.285714285714286,0.5881250756236724
0.03,0.1,205,0.1404042433896696,0.07331954679381894,38.337676450516966,0.08496499799278191,30.530427298034265,0.5973458303509863,6.142857142857143,0.7002129636045138
0.03,0.1,206,0.002835085570619615,0.0014552314134603193,-0.29122931151281506,0.0015306769069882858,0.7770922333224632,0.5664175208970353,5.321428571428571,0.5619005877044725
0.03,0.1,207,0.005151227879665086,0.0036899753855079726,4.014410673568008,0.003077318534212122,-0.5022491425349264,0.614088805084972,5.785714285714286,0.6305263041481652
0.03,0.1,208,0.018034847317255118,0.002294307243469919,11.026254165920676,0.0032167471681525126,0.5423626426441027,0.5824768099975496,5.892857142857143,0.5769937840063237
0.03,0.1,209,0.017435483950952294,0.011629833769340627,11.308120885834938,0.010667448390877191,0.31799690064454467,0.5320240518395964,5.428571428571429,0.5768491136167542
0.03,0.1,210,0.004837684250810583,0.0032591439913703833,7.670567435266257,0.002278335941117532,0.0781323364312243,0.5624776918932605,5.928571428571429,0.5912401410230019
0.03,0.1,211,0.0033212985859536865,0.00043913693754532297,1.7402029022712355,0.00043393260815811083,-0.05212952641687707,0.5876046755060859,6.035714285714286,0.5916527478540203
0.03,0.1,212,0.0041092534407074135,0.005018181684257863,7.734558836763789,0.002592441503978325,3.70095054202028,0.5703991045764101,6.178571428571429,0.5787094301864057
0.03,0.1,213,0.07424662862330074,0.04260819610904807,31.679800295288317,0.04769746738938182,21.099667752208877,0.6775078958756805,6.392857142857143,0.7197462322644932
0.03,0.1,214,0.07347386124278656,0.006262994667214785,27.492869821107433,0.011058395201979734,10.901062922031647,0.6540398960828898,6.071428571428571,0.7306883751176163
0.03,0.1,215,0.001998099392263631,0.001439692689794922,4.228353562849755,0.0012101033684151457,1.473381685630244,0.550621180431466,5.571428571428571,0.5556500282357715
0.03,0.1,216,0.001787550188438186,0.000765354001792073,-2.2269966001791843,0.0007585000304921749,0.9836074947010994,0.5963318047700554,5.321428571428571,0.6059695943436945
0.03,0.1,217,0.005440043294941607,0.0029631031227434824,5.910847680638831,0.0023490099437417293,0.004579441884620413,0.5754664805767556,5.642857142857143,0.6018484244886122
0.03,0.1,218,0.0018913295500378987,0.0037008773834688443,0.7584928474161501,0.0020620624352896185,1.8251982867956542,0.5727201289559819,5.75,0.5611897082090378
0.03,0.1,219,0.0055055100916464395,0.0031103491877405793,2.761736782627139,0.002419746220537138,0.2085993859482187,0.6126196293419215,5.178571428571429,0.6398167120813971
0.03,0.1,220,0.008990889689009766,0.005495710443900772,3.196557256240972,0.005154946273282435,-1.8425672788702532,0.5870829148838198,6.428571428571429,0.5760532403931778
0.03,0.1,221,0.04326613044627692,0.016026547764681036,36.34534633663212,0.016078678204426673,10.223726193017399,0.5900132620148122,6.464285714285714,0.6461917345550718
0.03,0.1,222,0.010372862818041931,0.0008352286557009511,11.61653498693449,0.0004396250757262624,0.15231793393188772,0.5919344630092818,5.928571428571429,0.5980109425753656
0.03,0.1,223,0.0032777734101489212,0.004533139974634598,0.9392715710090727,0.0033994122222893684,1.4143719743404404,0.5711204857676504,5.892857142857143,0.5966932682115746
0.03,0.1,224,0.010156179121458699,0.0019387574553603668,7.900807291521126,0.003276201764956373,5.156975853123441,0.5954918621195524,5.071428571428571,0.6141092475484627
0.03,0.1,225,0.025040839677142,0.00448988810054012,19.97168719594942,0.005638097477733115,1.2438482306460326,0.6000896890863697,5.678571428571429,0.5942287820236314
0.03,0.1,226,0.015242976142491746,0.0035875377974299385,13.097816897070217,0.0022016895943201115,5.32090029917029,0.5477317791720541,5.571428571428571,0.5733981369103214
0.03,0.1,227,0.005068832217258422,0.00151116458939692,8.79118453317676,0.0023914572548015796,3.5679538054894806,0.5589433847835478,5.785714285714286,0.5553365069924366
0.03,0.1,228,0.017448339988776793,0.009341315140174935,6.784547169994411,0.009066565197038648,7.346491762833229,0.6036636772399234,5.964285714285714,0.5852817990442389
0.03,0.1,229,0.0073457038685855545,0.004613809018531511,8.459075884601326,0.003992540037110918,3.3479349156066576,0.4847617563775359,6.607142857142857,0.4966607699292148
0.03,0.1,230,0.006106087926796678,0.0073110494013600815,6.8596266634781955,0.005893573356373416,2.9852418385634585,0.5678392751774798,5.607142857142857,0.588124130131312
0.03,0.1,231,0.004281775599846254,0.0010964407962664757,5.676422983692021,0.002090226676304978,2.3789798388399106,0.5522295849148177,5.571428571428571,0.5710258362275165
0.03,0.1,232,0.0030852410414918927,0.0005950286121723956,4.520439163141184,0.0007628828826093874,1.6032386892477746,0.5280839056892523,5.714285714285714,0.546604714050898
0.03,0.1,233,0.004247663689273335,0.002974457099620466,0.7505488916277159,0.0026812583323854383,-1.6299594055402338,0.570903665540765,6.428571428571429,0.6012866410916683
0.03,0.1,234,0.07962099774313416,0.03975149774365062,33.14637745250187,0.04124964738724135,18.67834504535711,0.6370794662086469,6.857142857142857,0.7285465231100134
0.03,0.1,235,0.0022364350525561957,0.0009201271942778259,4.363293273465658,0.0008843946552299,-0.9756350497208833,0.5345518504220197,5.892857142857143,0.5413010651811319
0.03,0.1,236,0.05346479140147313,0.009087932461967407,22.324394498010886,0.01380866987690414,14.075620286034829,0.6956336369614602,6.535714285714286,0.7556864789779505
0.03,0.1,237,0.005216832822395719,0.003216589733433681,3.7025261869316424,0.0027633006522165076,2.3026477780623793,0.6369723588413038,6.321428571428571,0.640652124990811
0.03,0.1,238,0.03682932414588505,0.024019804704984424,24.325432589012387,0.0281801540473171,19.185004163628804,0.6568556277693881,5.714285714285714,0.699703715384148
0.03,0.1,239,0.004837718147841019,0.0005523225562961382,10.796391858844103,0.0006658587218498651,0.10477908514387006,0.536841612131635,6.0,0.5521958931825178
0.03,0.1,240,0.011756511425096866,0.008593701299024292,12.242817835591218,0.007133018182891338,4.198627946246508,0.5931423293888011,4.928571428571429,0.5886491399104944
0.03,0.1,241,0.003987790757770169,0.004657611227743999,2.3690771915498914,0.002128390954571266,1.0068818869052147,0.5881124610812075,5.821428571428571,0.6021531546646813
0.03,0.1,242,0.00435184270635716,0.002381307286565633,1.839587546447305,0.001387938118513005,1.275585563308141,0.5842529999760299,6.5,0.5954838929567663
0.03,0.1,243,0.008809408576043589,0.0016419922672209553,4.571839175596807,0.0021354714228875105,-1.644732866845781,0.5591333601896415,6.321428571428571,0.5553530028165966
0.03,0.1,244,0.07077087587347568,0.023616286521739565,39.613858219374464,0.023268475075087686,6.945402567197107,0.5866616266454808,5.571428571428571,0.6623860170611783
0.03,0.1,245,0.042314550524801035,0.022220923137723163,19.288856453750704,0.024401332845091,16.0515268394221,0.5674645017643415,6.571428571428571,0.5820446544876958
0.03,0.1,246,0.04874082873180051,0.020706422028738604,25.102088907600567,0.02424892677288129,12.503258006501492,0.5779104943520023,5.678571428571429,0.6363178673096122
0.03,0.1,247,0.01510942924659842,0.01117927059585832,7.11895465764087,0.010087016198258976,3.350515020729366,0.5326965736575641,5.392857142857143,0.5609728082381916
0.03,0.1,248,0.007150658694291851,0.0008143540481237905,7.703115958604535,0.000934363846012995,0.5265785889710628,0.5767188141886,5.892857142857143,0.5981859190126146
0.03,0.1,249,0.00173925307312122,0.0018837979646205557,0.7240450228747548,0.0016543134757776533,0.028519033348402445,0.5730744554715991,5.464285714285714,0.5724625420444234
0.03,0.1,250,0.023339154777787224,0.007881651995749875,20.991956241707868,0.006068423624300113,3.5552018521410957,0.5869434454659453,5.571428571428571,0.6004731052661254
0.03,0.1,251,0.01825466900284902,0.004588087033801905,19.95301514244108,0.005347667571899175,3.11786973864281,0.5974376997861212,5.821428571428571,0.607094056337796
0.03,0.1,252,0.0033000227990805826,0.002153215603491429,0.5818599404688527,0.002272504934307794,-1.0753955852764818,0.588775872401658,5.428571428571429,0.6105707222728293
0.03,0.1,253,0.00666926425635525,0.004029109412788009,4.248493666359131,0.003746710321450013,1.7630649918349661,0.574091510737834,5.357142857142857,0.5898232603703752
0.03,0.1,254,0.006883613951882493,0.006013197053199303,11.929713049534485,0.004495952944727717,5.187881006240275,0.5716487695535718,5.642857142857143,0.5804581183069545
0.03,0.1,255,0.0031345928802860227,0.000647019915732755,11.597888247792845,0.0006647694564969785,3.12953480845052,0.5570015738129733,5.107142857142857,0.5933234529716953
0.03,0.1,256,0.015509178427032573,0.02441111659111062,-3.3128307231766314,0.021118479349229387,0.08252849846347961,0.5914912566237968,6.142857142857143,0.5932325247702277
0.03,0.1,257,0.0016239139168953828,0.003052990663059275,1.4514678620188661,0.0025356070372809705,-1.2888255320901294,0.6056807890604957,5.75,0.6090775886671798
0.03,0.1,258,0.009421813110350685,0.005439912527352079,5.492567993918563,0.005343216570840518,3.415870491995842,0.5388776641927552,5.107142857142857,0.5538588130758637
0.03,0.1,259,0.011066597443626086,0.0026691070016590726,3.4337839053592134,0.003230828125628716,2.54538743061831,0.539632969888816,5.607142857142857,0.5735396690699288
0.03,0.1,260,0.04050247114375416,0.018585833317375986,16.380226730620016,0.02126629478558117,12.078904289800922,0.5598380806897767,5.857142857142857,0.5701053792978141
0.03,0.1,261,0.011534622431169638,0.007233650953542607,-0.12529294320358986,0.009025293724876256,1.7937166403108808,0.5710817925551337,6.107142857142857,0.5677469491891047
0.03,0.1,262,0.00263453887811251,0.0017084824611993032,-1.0900545122702354,0.0012952156738386354,-0.02372939053414787,0.4940660733380847,5.107142857142857,0.5034477655528578
0.03,0.1,263,0.005749346420410135,0.0007522300935465837,4.103066602149269,0.0010437227950516742,-0.4213905065371648,0.576245843438577,5.035714285714286,0.5943461940696194
0.03,0.1,264,0.004967628088455887,0.0038521468982092664,-0.6023962649638861,0.003964485779980191,-0.08047113018748557,0.5502550202570821,6.214285714285714,0.581856219871955
0.03,0.1,265,0.020030091052783708,0.013930904110959591,10.394075545642806,0.012836936777584297,5.454355048687593,0.5652240700707865,5.464285714285714,0.5546410370107905
0.03,0.1,266,0.010591800730310779,0.01012566897368485,4.8577449639023556,0.008099443120817219,0.7512337260586625,0.5231223810188632,4.892857142857143,0.5275911141441076
0.03,0.1,267,0.141969884983253,0.08574001113535494,47.398017113632484,0.09638632982384378,26.78974962157935,0.592223462252753,6.607142857142857,0.7076436987075738
0.03,0.1,268,0.002159391509689469,0.0042259656443957554,-1.4435288460282365,0.0032540816041889504,1.5891473333878139,0.5114038051648314,4.678571428571429,0.5025437139214511
0.03,0.1,269,0.007576331319722886,0.0012657256264675953,8.576271883888062,0.0017649752092941404,1.7610098652557913,0.6194711309522217,6.392857142857143,0.6370204988929666
0.03,0.1,270,0.002497166843791409,0.0015232018500644666,0.335120599605915,0.0008511468134359314,1.9415382333839375,0.5747502886971041,5.464285714285714,0.5924252452877503
0.03,0.1,271,0.007961767046541043,0.0016140655245240388,5.769961795068035,0.0026492059554912555,1.744402957375532,0.5724543249518412,5.642857142857143,0.5810994839970414
0.03,0.1,272,0.07435040509430434,0.011711796290086887,41.522854453169415,0.01680782348152257,12.055715225591632,0.6476452841866386,6.607142857142857,0.7519045799453798
0.03,0.1,273,0.0027557616014244066,0.0003686957022338169,-1.1318479067423226,0.0006132864825689183,-2.858823136059044,0.5696790535121772,5.285714285714286,0.5904766760588425
0.03,0.1,274,0.05769283952311991,0.0340871497698127,28.071709976079955,0.039296830216370204,25.37886690285531,0.5908896616219159,6.464285714285714,0.6095342111851032
0.03,0.1,275,0.0048247184738164925,0.004605873356353538,0.7044551721491175,0.0034337506982630435,-1.8857160040217782,0.5341627062936055,4.892857142857143,0.5422805349159239
0.03,0.1,276,0.010880169424070272,0.009524972318250988,3.1695551462825335,0.009205961482225324,3.723387355786514,0.5808423979276173,5.571428571428571,0.5903866531160178
0.03,0.1,277,0.009149218935971691,0.001951113342457041,3.1682725456045517,0.0017191091681437206,-4.201469721960412,0.571188584244651,6.035714285714286,0.5858633170795988
0.03,0.1,278,0.009755849036393753,0.012000286252901093,11.439905585861453,0.009971299566832612,3.1855016914321745,0.5996011538751816,5.785714285714286,0.6182508963657342
0.03,0.1,279,0.0050097932711540855,0.0029103056701179518,5.117625834864654,0.002699333335722289,2.810570246221971,0.5923820559072822,5.821428571428571,0.6151793739071296
0.03,0.1,280,0.0040906368087005335,0.0008833811046883141,3.274311965887023,0.001147878309941084,-3.4479291225808972,0.5528292650432735,5.928571428571429,0.5668349815737872
0.03,0.1,281,0.11869390585984906,0.06599766017015349,42.74618984619771,0.07706033005539267,30.006429564889995,0.6211254158095401,6.357142857142857,0.730508580692701
0.03,0.1,282,0.007906606801439762,0.0035996686830755973,2.31005845334964,0.003773551178874275,-2.9873080216013363,0.6008131998484673,6.0,0.6035331510568234
0.03,0.1,283,0.006206719384631728,0.005563909575730816,8.778095288770395,0.004380623737343913,2.3425807736431636,0.6088474520699324,5.857142857142857,0.6105473263661242
0.03,0.1,284,0.0036803636188903906,0.00016225938442665334,3.3112324922886387,0.0006114783646288379,3.396054858710812,0.5548360793518051,5.821428571428571,0.5539284375239344
0.03,0.1,285,0.0058184553536533715,0.0010392252806981843,1.9132757274422048,0.0012112147180949248,1.0856540697860073,0.5161462060368646,5.25,0.5279588000295778
0.03,0.1,286,0.013561412631894134,0.001602469331495873,7.708601127053214,0.0017198018699083233,0.8967963632817751,0.5133949594697728,4.821428571428571,0.5428939482308031
0.03,0.1,287,0.009107461340521723,0.0037759862065101135,8.685167322039426,0.004796689205401842,2.272050792663085,0.6046905163376473,5.357142857142857,0.6140506270221184
0.03,0.1,288,0.004478756092369295,0.0035465734268849834,3.153977108200529,0.00412533570659285,0.7729469250151814,0.5302421040414206,5.5,0.5264282792419752
0.03,0.1,289,0.007734657395828021,0.004757609863518515,6.398348886389876,0.002521316748705881,3.9996058279813838,0.5821425224735457,5.785714285714286,0.6051319283461029
0.03,0.1,290,0.0032873590534986943,0.0021521505957833894,2.667663981720594,0.0031737232537899806,2.388576985380079,0.5375749154750679,5.964285714285714,0.5433029038519614
0.03,0.1,291,0.0009156742889790688,0.0008068675644220874,1.8171877935247238,0.0007135018597097131,0.830624620671396,0.5674785858890556,5.75,0.5769371148152764
0.03,0.1,292,0.025424529059095775,0.009736292824280698,13.43649232319055,0.01136337761987701,4.203941345076629,0.5309657928563596,5.392857142857143,0.5520209871542743
0.03,0.1,293,0.0036248681135905873,0.0013820425013351255,0.018652278117073706,0.00115203742613373,-1.808805531206796,0.5401670206557037,5.107142857142857,0.5288460641423727
0.03,0.1,294,0.002127954852845633,0.00038897147507305934,1.8526724678333792,0.0002273386371825898,-1.3674023862090319,0.5384268763766712,5.857142857142857,0.5483688217436649
0.03,0.1,295,0.0027961031250404843,0.001191478501768674,3.4776135430162753,0.0015213212212644015,2.0348961021869534,0.551642163582917,5.607142857142857,0.5550278137951972
0.03,0.1,296,0.006390224598810854,0.005150097739135574,5.627307726554363,0.00466051480796294,-0.38525402528684555,0.5881236045431064,5.678571428571429,0.595366470852349
0.03,0.1,297,0.014879752885226244,0.0005054082534733414,4.780729715379515,0.000609058824674088,-0.8034446974941242,0.5397667735348414,5.142857142857143,0.5561696668136722
0.03,0.1,298,0.004770864788468692,0.0012072888472842368,8.802333820801032,0.0016473471973799587,2.004165765335936,0.5656714114313631,6.0,0.5935546862043879
0.03,0.1,299,0.013245305164228637,0.008448423713366049,9.69102865638888,0.00638208178638875,1.797615860978567,0.5427468931308481,5.5,0.5417093368290936
0.03,0.2,0,0.07349075855385251,0.008545565196393542,42.46194189452672,0.013091914280169753,13.848882723098015,0.6556323335489337,6.892857142857143,0.7168450392487709
0.03,0.2,1,0.0067847981612864545,0.0011278710816433083,8.408367487237989,0.001136592203943694,0.7654030600626717,0.5953728673215103,5.892857142857143,0.6013331713859149
0.03,0.2,2,0.028834362408841113,0.012031288156328868,19.737866898007397,0.013236081333358797,9.371421387479861,0.6458753084267043,6.5,0.6808942613597675
0.03,0.2,3,0.09767286404833705,0.04849853838627418,29.985530695981925,0.05755828002343597,22.86042538227807,0.6382601554433905,5.964285714285714,0.7280930388220521
0.03,0.2,4,0.08126881027681504,0.017558615007715727,38.30046258624657,0.023150758338290882,18.8994711596915,0.6887715783326874,6.321428571428571,0.7889013640794307
0.03,0.2,5,0.01472238658240749,0.004520040349956184,12.692144064186508,0.004964207814429842,0.9395767457346645,0.5592069115122004,5.607142857142857,0.5813532682283722
0.03,0.2,6,0.006526382093533377,0.0005208611623007074,5.872858908601458,0.0008086937667107707,-0.9846344763135827,0.5292779956437969,5.714285714285714,0.5515345816269983
0.03,0.2,7,0.0027810768311153787,0.0027766984780901475,3.362075928470624,0.002000553680864626,-2.9815791881908353,0.5828908647857781,6.428571428571429,0.5900034370156065
0.03,0.2,8,0.007475371163960416,0.0016384268874736374,1.552519611354775,0.002166499835798709,2.454861012319526,0.5434304299712257,6.071428571428571,0.5536717564649462
0.03,0.2,9,0.031700868208758025,0.00962084905363102,20.566359008630286,0.013665535930167562,12.370939597289274,0.5787485590019056,6.607142857142857,0.5973325216314949
0.03,0.2,10,0.008489805401236734,0.005394962280211389,1.7970015615173054,0.005742246769292233,1.5912436644374566,0.5494329368878799,6.035714285714286,0.5786530225145217
0.03,0.2,11,0.01478721062493206,0.00089235140063263,14.38000839646422,0.0010917908498074154,0.1968560951842638,0.5888693699391344,5.75,0.5832082135967424
0.03,0.2,12,0.07506156773869786,0.03958651533060987,27.069350616430697,0.045593531226818605,16.53199654691541,0.5873042936835059,5.785714285714286,0.6581012569108893
0.03,0.2,13,0.013307532761855199,0.0012941999025723727,9.327285273637344,0.0024393787908281858,0.5575328838137731,0.6134025136594138,5.107142857142857,0.6216832146856932
0.03,0.2,14,0.04331705242715682,0.017511117584923217,32.80424596365829,0.0161348220431847,4.726478062492011,0.624129097611337,6.0,0.657059384680311
0.03,0.2,15,0.00721696977355583,0.009728240517646309,9.266460432643548,0.007191274693031528,5.115296881647036,0.5745656864643618,6.178571428571429,0.5752841326501441
0.03,0.2,16,0.00396070672292414,0.0009119745294660764,7.089541743720503,0.00097232231508043,-0.5466894946087469,0.6059512185121344,5.571428571428571,0.6096484447674115
0.03,0.2,17,0.02393800636470977,0.00980861743452135,13.600655709059666,0.01195120577300865,7.539775199337517,0.5628043146453805,6.392857142857143,0.5665620963850906
0.03,0.2,18,0.05671928969804647,0.017703248735729107,35.11115932841096,0.015082489814234504,3.496140530888141,0.6484238963211141,6.5,0.6961804789211505
0.03,0.2,19,0.0634341601971729,0.012424072595743874,24.827082556114302,0.018539522635435485,15.91600538887827,0.6381209351487208,6.428571428571429,0.7165810658284923
0.03,0.2,20,0.00491439304163982,0.0029167651491856204,5.046870702103163,0.002520123522125528,-0.8335503884898875,0.6255763131314449,5.785714285714286,0.6450236089190929
0.03,0.2,21,0.11730245261665684,0.0710261577797922,42.165778843667894,0.07973599704769735,35.250003183136,0.6255114547456256,6.25,0.7211681924239497
0.03,0.2,22,0.02142123054890047,0.007770397151353047,6.9938596568400655,0.007244574300879245,-6.052042535029291,0.5860879764479205,6.285714285714286,0.5984571345020366
0.03,0.2,23,0.005592188511572952,0.0009336134923583998,6.503401239342175,0.0010502156979020046,4.3134218359029335,0.5560687478129278,5.5,0.5687889018871177
0.03,0.2,24,0.0062586510829378645,0.002605548436657258,4.781006223990502,0.0016878275644509452,2.322073467212789,0.5781723347039166,5.107142857142857,0.6015430103393462
0.03,0.2,25,0.006826522778695867,0.003099068855658062,4.472404607025055,0.0032879902217734795,1.0506779693841868,0.5899844603799277,5.535714285714286,0.5919551243576178
0.03,0.2,26,0.03249812251639232,0.01679263319729727,20.36171857188944,0.02027074256454098,10.43043814882705,0.5595663806938466,6.357142857142857,0.5912338142709308
0.03,0.2,27,0.04025343185925423,0.010498713381179222,6.349526116899803,0.01456688829193726,2.157153674451005,0.5734944447488669,6.0,0.6054534762160719
0.03,0.2,28,0.004736530208490321,0.004339716389446055,3.2005255430248667,0.0034379299384918105,-1.5357702986016004,0.5692857961489635,5.821428571428571,0.5915713449851622
0.03,0.2,29,0.05300583315829903,0.020965767923228382,14.05019220211841,0.0241639294333634,6.322551205776771,0.5957723546274053,6.285714285714286,0.6653837307650958
0.03,0.2,30,0.06543004333869454,0.01308945757870388,43.025779039834866,0.01634175259437511,11.668319543287035,0.6470406960863249,6.285714285714286,0.7245254849192686
0.03,0.2,31,0.00862684068823205,0.0005241421029199352,11.279790911816065,0.0005329098745284296,1.4984534939099017,0.5608979918993465,5.964285714285714,0.5770716865417627
0.03,0.2,32,0.03736893913910542,0.008144560388987851,19.933284002194178,0.00879258740820796,5.679190059608696,0.5910306270710121,6.75,0.6387334494139786
0.03,0.2,33,0.005059962497628195,0.001958037616602773,0.3857498317729977,0.001679662640795494,-3.1163609630705196,0.5892744103398072,5.464285714285714,0.6007876222939674
0.03,0.2,34,0.005133891453779336,0.007245399702646691,0.593484172439183,0.007764033913182767,6.416031483998789,0.577622057331177,5.821428571428571,0.589138864719461
0.03,0.2,35,0.03725299865111134,0.011383453270835066,13.172212751743537,0.01298033303127692,4.877047394592931,0.6198586263246567,5.428571428571429,0.6656309971341976
0.03,0.2,36,0.0020595790320522022,0.0006596510453808745,1.0879239325891774,0.0008214113735783756,-1.2669486733045499,0.5914874414458932,5.75,0.6022232015667854
0.03,0.2,37,0.01920673537519044,0.00961985321233975,20.55921845890319,0.009029765630955111,6.406661066394463,0.6308617559844982,7.035714285714286,0.6598679697368615
0.03,0.2,38,0.003390052488792739,0.0008258375209095792,5.127772912464749,0.0007942647076357797,-0.5336359181933403,0.5659196380502937,5.642857142857143,0.5673712467354299
0.03,0.2,39,0.006601696426915957,0.00814799897501641,8.578423352061343,0.008006411560361897,5.16886534839522,0.6026122322384282,5.571428571428571,0.6134604185037864
0.03,0.2,40,0.019062668323674647,0.009722541139452293,17.98300698581175,0.008056452432353497,3.6062698928274415,0.5932303215057608,5.678571428571429,0.6243987492121799
0.03,0.2,41,0.12294050922520115,0.05873001806121125,58.460086105658554,0.06119180880246171,25.561916393632867,0.6473578368424976,7.0,0.8085233078526999
0.03,0.2,42,0.0066510924666406636,0.0026701701919649725,6.172442977028133,0.002141739966947888,6.733983123458283,0.5803330312439321,6.107142857142857,0.608167351101713
0.03,0.2,43,0.021041211045230455,0.0036083695384753465,13.136882294059468,0.006446848660124664,5.435528116088212,0.5664056454329677,6.392857142857143,0.6039993693163619
0.03,0.2,44,0.12480639895308789,0.06111492709664355,41.460370525013346,0.07637273584008752,38.70448142822044,0.6219890296024585,6.5,0.7198219822960479
0.03,0.2,45,0.0090580737040055,0.0011177646154660568,5.51694766448248,0.0019708793223957633,2.007402869736192,0.5637168934728098,6.285714285714286,0.5697858934058652
0.03,0.2,46,0.015263328499729919,0.0058762228267000595,16.325573174952652,0.005467112789001826,2.8973685690157063,0.5603746820441903,5.5,0.5824416808116264
0.03,0.2,47,0.010995585694547701,0.006563780553891033,2.5057534032256825,0.00723460166742638,2.6941890008209364,0.5802008319573803,5.75,0.5801112533702717
0.03,0.2,48,0.04927621116271556,0.021679972746736113,38.70049114180895,0.019484077849928623,6.124867306892308,0.612132850312428,5.857142857142857,0.668804009145104
0.03,0.2,49,0.013295201046082429,0.0038266428232505262,17.445382212977727,0.00415733066465195,6.243466745370739,0.579214189757839,5.535714285714286,0.5921459830548357
0.03,0.2,50,0.027714610561178375,0.011378229043315799,25.594184361550205,0.009373336690552056,3.894208212683708,0.6147159929077872,5.714285714285714,0.6463451557781896
0.03,0.2,51,0.002641456980958172,0.0036244735564935644,3.519357560463817,0.004152921044640809,3.815860723000071,0.5617815460553478,5.357142857142857,0.5636972344162378
0.03,0.2,52,0.0037948892623527568,0.0013359887821899142,2.1676979228794835,0.0009528749972702222,-1.899531662989915,0.5430293665222052,5.785714285714286,0.5505679967402239
0.03,0.2,53,0.014628679402180685,0.0034629307292896915,15.537111696977135,0.003971151056765846,-0.4244321064279859,0.5702614959582993,5.892857142857143,0.5840072351087103
0.03,0.2,54,0.002430591580742376,0.0031477642751551117,-3.898385810389996,0.002533607617178915,1.7872373510096697,0.51745956625237,5.392857142857143,0.5531432966444914
0.03,0.2,55,0.011773284507346883,0.008466527377810234,7.173013730239504,0.007162869436346167,7.111139153587165,0.6205443120074354,5.75,0.6401371836994241
0.03,0.2,56,0.01824352228294627,0.008606508576718882,4.82786928766874,0.010279505802384565,4.673510756060523,0.5549583378926713,5.535714285714286,0.5890096340189681
0.03,0.2,57,0.00989267734033707,0.006994663539860406,4.369052995563301,0.005610582460859606,5.007050309250228,0.6327547441776488,6.642857142857143,0.6621702436344212
0.03,0.2,58,0.0021262845759443105,0.0030479265353271197,1.7777198421654177,0.0019395045118493334,2.308756800626649,0.5230078663043912,5.392857142857143,0.49675191941612873
0.03,0.2,59,0.02224424612103288,0.009530627331671548,17.061386116524716,0.009389139060130145,2.4249238792012022,0.6006068150118774,6.178571428571429,0.6239746958885432
0.03,0.2,60,0.056576346428494066,0.022091743728984505,42.63685719650309,0.017096443089512015,7.9425765114929066,0.5810400469018809,6.0,0.6373675147060901
0.03,0.2,61,0.05163323232483684,0.027587746667446136,34.15246796234071,0.026431522704828177,10.90792429875514,0.6034923106928408,6.607142857142857,0.6647863304697672
0.03,0.2,62,0.0037669154286554913,0.0005641150927122691,2.9402064938329886,0.0007186158908986288,0.6231332020747212,0.5827785709808407,5.5,0.575714462433705
0.03,0.2,63,0.09536324793742583,0.05279537829270192,30.738198213834128,0.06351133386387077,27.27763019719197,0.6571858182766289,6.535714285714286,0.7354552257289835
0.03,0.2,64,0.04894259663201563,0.016963792830048015,35.75673345300593,0.0200372109099534,15.452017003238263,0.6378264254039616,6.964285714285714,0.7134949083551605
0.03,0.2,65,0.009158580363032999,0.01063054854264614,11.805074797821355,0.010046733093683627,11.737248846761105,0.5455229250185581,6.035714285714286,0.5548386247972542
0.03,0.2,66,0.0710359548494413,0.021265644818988454,44.72587521505701,0.020920219269208316,10.515815234694989,0.5972282353512232,6.25,0.6523426853977621
0.03,0.2,67,0.0035029054957135394,0.0037473265993177977,-0.8732224599918084,0.00374499485899673,-1.2911253272191157,0.5518477809297201,5.321428571428571,0.5700447370271671
0.03,0.2,68,0.02056511855769041,0.0026170037444273966,5.166079759505564,0.0036931989948981005,0.1878844203520297,0.5919758423919105,5.857142857142857,0.6128105936746028
0.03,0.2,69,0.02698195806620055,0.00935818022829826,20.34973205918967,0.00873886503383198,1.4827976491526254,0.5919514394325954,6.142857142857143,0.6211159695616035
0.03,0.2,70,0.00364745851078227,0.000995749713635145,5.09072334547924,0.001185455940638414,-1.3912578666406337,0.6237998630846039,6.607142857142857,0.6417190728857982
0.03,0.2,71,0.007829246711824847,0.0023267915444026947,-0.4506351301713778,0.0030937417626507794,0.3575568516305149,0.5583162993141039,6.321428571428571,0.5662880243017285
0.03,0.2,72,0.009657161732576126,0.0010066713750943855,6.9660522818066255,0.0014411547608146427,4.1301483533389485,0.5816749243959138,6.178571428571429,0.602222909872334
0.03,0.2,73,0.006270587763772892,0.0030729511983081264,4.297052018376014,0.0034738464159357434,-0.5092085904424076,0.5519067088066604,5.214285714285714,0.5549784168485814
0.03,0.2,74,0.10491111070505729,0.029192467517970454,37.45715418595891,0.035483365639415426,12.969008720959934,0.6233181266386696,6.321428571428571,0.7542886389321135
0.03,0.2,75,0.003374271825522473,0.0014286975255096504,4.165245943580594,0.0009105693842725491,0.016560756617271483,0.5754699512779952,5.107142857142857,0.5879777498087504
0.03,0.2,76,0.014664205021628362,0.014749428433030568,6.974840947379583,0.014896029612426384,5.7755978414493825,0.602114017873493,6.571428571428571,0.6114473043336375
0.03,0.2,77,0.024527211026274087,0.0030888688314451803,20.107980441175023,0.004631699137413028,5.1893103420893185,0.6382258125696055,5.857142857142857,0.6526891178219822
0.03,0.2,78,0.005525294797788305,0.008045180963055284,-0.0703738165982628,0.004932310152711726,2.306174074005876,0.5069878778881836,5.571428571428571,0.5472548305745333
0.03,0.2,79,0.008437715639357113,0.008570167502516948,3.3547216953965133,0.007139533965782403,5.0866642695589235,0.6384695160012003,5.428571428571429,0.6636660427238527
0.03,0.2,80,0.003575680122633309,0.003954809605812437,7.728844424335904,0.0035032269052297006,0.7281066229388102,0.613844923881533,6.071428571428571,0.6158374164731052
0.03,0.2,81,0.030961344857156695,0.011496196168704922,17.659122399198807,0.014388313455465734,13.020170908446838,0.5883498261005918,6.75,0.6032966270902843
0.03,0.2,82,0.0022923248083977707,0.0004235155825377726,5.771161293437295,9.975796160372418e-05,-0.2824235722290401,0.5233524180571069,5.142857142857143,0.5359253074312416
0.03,0.2,83,0.11712630642996251,0.0641945659097634,45.36869039450647,0.07312105391548387,29.560273238992114,0.5853262829164951,5.25,0.720052601964549
0.03,0.2,84,0.10958117938821149,0.04034695410308701,48.2603949569888,0.04660587377810363,18.29853003373857,0.6443326994412198,6.821428571428571,0.7387248791292373
0.03,0.2,85,0.045464804283781475,0.02290254481897724,27.73589260979336,0.027579196988248424,19.61285758983534,0.5875692954787342,5.928571428571429,0.5876912555651216
0.03,0.2,86,0.012005566765144735,0.008435428891040106,6.85078340158779,0.008788318467725582,-0.44638802661963456,0.5835946838195643,6.0,0.6442924516300568
0.03,0.2,87,0.010210084832261775,0.004275018842943319,10.041706223442525,0.0036896908083963492,3.3575425468118474,0.5907433927438867,6.214285714285714,0.5977285421124887
0.03,0.2,88,0.0038858370769903135,0.005897177982343135,-0.8258424443134587,0.004295316302768845,2.6521934557651528,0.5595180911801542,5.821428571428571,0.5729416753272678
0.03,0.2,89,0.0644346549047789,0.019939292365466425,41.65616267016657,0.016164052918688655,9.103315628423104,0.6083614585200101,6.571428571428571,0.6557082459220198
0.03,0.2,90,0.02614788869317498,0.004385502562105676,25.177387416157785,0.004731441940380436,4.375420967003663,0.5861983529951039,6.321428571428571,0.626828483526664
0.03,0.2,91,0.004932060655784259,0.0005994940538360841,3.356914902415106,0.0011567779682074848,-0.34093385944924154,0.5487654265270707,5.285714285714286,0.5594693748008714
0.03,0.2,92,0.06764085625314621,0.03452040472884739,27.38336447846895,0.03825546808680211,13.597192381656043,0.6435824842071336,5.535714285714286,0.7038341792279643
0.03,0.2,93,0.08245583120611347,0.030242832302023202,48.38350999481436,0.03348291518052866,16.38207253624884,0.6679181827998596,6.464285714285714,0.7527222598438215
0.03,0.2,94,0.09738983925986312,0.05316298176071462,52.93419015767185,0.06065989476234266,28.983035791026293,0.6728390994186851,7.0,0.7591162122815626
0.03,0.2,95,0.10594652155978944,0.04694180842607355,55.58963401419613,0.05786657715639114,30.189294028197633,0.6723644992794976,6.821428571428571,0.7499381871796356
0.03,0.2,96,0.007556105045011856,0.005338251448510129,5.713763271943407,0.004579836644023934,2.546612058282553,0.5750667307184102,5.607142857142857,0.6152570450986931
0.03,0.2,97,0.008005774449960803,0.010495393066714136,-6.967691494200874,0.008054365283002409,-1.2356694927369556,0.5143374775836754,4.892857142857143,0.5450702101252667
0.03,0.2,98,0.00492471281243822,0.0034484383528852296,-0.9717786643776805,0.002957878185084815,-3.1346071613554045,0.5470080756313433,6.107142857142857,0.5781792000823827
0.03,0.2,99,0.003228699379980129,0.0015076365479064508,-0.41870707717521327,0.0008935088694115563,-1.2794381744766479,0.5457464716895501,5.321428571428571,0.5585105851968556
0.03,0.2,100,0.0876954641174577,0.03457165669084238,47.770116990938206,0.03779707730290136,21.077467361239325,0.6865793604290599,7.285714285714286,0.7980689686485345
0.03,0.2,101,0.00424837897186686,0.0033873597736524944,1.8534498818861564,0.0034636385070188013,1.1346508164132085,0.5725735212871538,5.928571428571429,0.5879281516935471
0.03,0.2,102,0.0886380007136776,0.03755922261958396,31.361177216086716,0.0472797291757427,21.116702670070975,0.6135641365265588,6.714285714285714,0.708222480850146
0.03,0.2,103,0.003623530982709977,0.004128700279892617,1.1578362884053135,0.00266608719599586,0.6728328119926251,0.5739242229007144,5.071428571428571,0.5953936185532075
0.03,0.2,104,0.13175921493248244,0.05927803653540259,61.42903647307787,0.06171057788473594,24.880819937813527,0.662823935550028,7.464285714285714,0.7710951378000045
0.03,0.2,105,0.04913168234998306,0.02550330816331446,34.57784067794226,0.028686938621295757,17.24185336199717,0.6014887818432468,5.678571428571429,0.6262325115283054
0.03,0.2,106,0.03460398590697419,0.02224563371662045,26.081068187184336,0.024859043441381408,22.392594140228216,0.6052686280134087,5.321428571428571,0.6356407137278415
0.03,0.2,107,0.08939204198995214,0.03037947502059285,22.65711404803806,0.03869512954144435,14.418275290027234,0.6538942195508123,6.107142857142857,0.7270773788584015
0.03,0.2,108,0.011379819934601264,0.0077358527482043,8.224443484965043,0.006538070639703365,-0.7513372380563416,0.5735269472747647,5.571428571428571,0.5783027678871426
0.03,0.2,109,0.08597106485196787,0.023442999099484968,28.181610584301584,0.03050741974486146,12.638308551774179,0.6511110157860797,6.25,0.7288897971874126
0.03,0.2,110,0.004182121147802261,0.003526874058095699,3.7723541102363995,0.003907022464065817,1.595128331541152,0.5749594066462574,5.928571428571429,0.5841341121367318
0.03,0.2,111,0.012332521413643858,0.0009813159331722623,12.597399785784042,0.0017267154228741933,2.4799597141592167,0.5795666530242848,5.428571428571429,0.5710700631414383
0.03,0.2,112,0.006718730877189735,0.014582209904700251,1.4224265418724684,0.008888487375801559,2.302481621962528,0.5749086793855147,5.285714285714286,0.5969117976479782
0.03,0.2,113,0.025554118296177968,0.0052606185734385205,19.317434760772997,0.007067193214653848,8.897851868110555,0.6316229155522068,6.5,0.6577224061688227
0.03,0.2,114,0.09250539085957438,0.055204720202819774,34.826263359674144,0.06753470293506118,24.923770810501185,0.6131164297426268,5.892857142857143,0.6984739114592975
0.03,0.2,115,0.01462213817705312,0.0020126098552718853,2.4547058925776497,0.001503004240944851,-1.2111567323453205,0.5815028441790523,5.714285714285714,0.5918668113477852
0.03,0.2,116,0.009947258326916859,0.0020112978801229728,12.331470635152272,0.002827069023542645,4.700161347432659,0.5402238450827832,5.857142857142857,0.5628613286437851
0.03,0.2,117,0.05618711886107638,0.018029227232182175,32.21148657436701,0.020548335293030948,13.505866960687845,0.6031938463457773,5.5,0.6393823186923724
0.03,0.2,118,0.0014413828003928691,0.0013912321261655705,-0.8039019035702353,0.0008627963061607628,2.0573882972903164,0.6278255413332651,6.0,0.633691470584166
0.03,0.2,119,0.011773916738659518,0.00275386183613086,10.824201303271614,0.0028753876456247746,1.816609127560137,0.5871722421435673,5.357142857142857,0.612240401430709
0.03,0.2,120,0.10155087859860006,0.046410751839302405,43.0918147378935,0.05275618209648465,28.17451851938721,0.6405063577954218,6.571428571428571,0.745541094490188
0.03,0.2,121,0.05251739978887956,0.03066039592619899,23.970998894271762,0.03611196917736194,15.340261653554762,0.5815870474874684,6.607142857142857,0.6279020901018915
0.03,0.2,122,0.004498199797637145,0.0008676054252714554,5.202287548913986,0.000995156397501337,-0.950969087835792,0.5668100697809102,5.928571428571429,0.5871812529625532
0.03,0.2,123,0.12366937416798635,0.0591166881175377,68.1146682253952,0.06296383124154335,29.361160141518454,0.6689520803532495,7.071428571428571,0.8097395228394769
0.03,0.2,124,0.00457192734092166,0.0024896947566521873,-1.8373139222942712,0.003107331700891044,1.019418609723573,0.5419673911637392,6.071428571428571,0.5466042513631473
0.03,0.2,125,0.011250354116119568,0.003944997292283849,9.226085954781581,0.0036700946362366853,6.70341188849729,0.6096043495386633,6.107142857142857,0.6363953574494471
0.03,0.2,126,0.058540739743707465,0.015846389061193615,39.023520985448265,0.017390412892740754,9.833480802470381,0.6231444573390114,6.535714285714286,0.6756112222117721
0.03,0.2,127,0.0027830135993553444,0.0011134700409857004,-0.5588289849081036,0.0009249523183356232,-0.668499527492628,0.61158856746688,5.607142857142857,0.6209651534716911
0.03,0.2,128,0.03928207215404663,0.0037144569860699654,13.165222198880365,0.006724419103123044,3.2279157491643864,0.5797971335172575,5.678571428571429,0.6074675258201516
0.03,0.2,129,0.07169357645353515,0.04600214696905165,31.9037081298178,0.05162101560648989,26.689009812227827,0.6664338929934563,6.428571428571429,0.7316961392142147
0.03,0.2,130,0.1537258768127286,0.08282391189849314,51.180033170533974,0.08977918979987887,33.64635132207879,0.6060335160794326,6.464285714285714,0.743404845027742
0.03,0.2,131,0.07908422268198939,0.0380285440209874,34.15250962084821,0.04266769070903426,19.683777999725766,0.6348512936311211,5.785714285714286,0.6967722263791756
0.03,0.2,132,0.08109338529165339,0.01151719350706623,36.58737996859451,0.017447503939849392,10.224850284600356,0.6614300938729694,6.25,0.7501269838988335
0.03,0.2,133,0.1504099506012611,0.07976059101936307,44.8702668817139,0.08905826647875499,32.616185211974475,0.6165998746138236,6.678571428571429,0.7561107334701745
0.03,0.2,134,0.0014631485233281645,0.0003451407900074542,0.06116836697296435,0.00045711467561250236,-0.9984132106735236,0.573780134513633,5.535714285714286,0.5785024176516262
0.03,0.2,135,0.11248266064685114,0.0631463912887214,35.58652602936093,0.0716709194031252,27.684324335246327,0.6202241416279604,5.928571428571429,0.7176517152254863
0.03,0.2,136,0.07306428270339732,0.023140657989109047,28.8948298361923,0.026556742554676275,8.97360150000633,0.674750697812391,6.535714285714286,0.7341832166345138
0.03,0.2,137,0.06578241559752276,0.02970111031607998,36.846043911798645,0.031686524711549376,13.067398661149355,0.623625987709248,7.214285714285714,0.6784631389820308
0.03,0.2,138,0.014221931660082877,0.0010382000081486402,8.993301354410818,0.0016669733997719115,5.853038972492802,0.5614072849528216,5.857142857142857,0.5945771054325724
0.03,0.2,139,0.011507057675906578,0.005624852959843937,9.800385527971315,0.0056805164910873505,8.119039339768014,0.5610162061437171,5.857142857142857,0.5950141944806673
0.03,0.2,140,0.0178197376111667,0.004458156164502482,8.579266881344012,0.004848398321637781,-2.262644312887687,0.5429399658200601,5.464285714285714,0.5681097768531913
0.03,0.2,141,0.0066377310520841755,0.008709714713333202,-2.6027202177414637,0.007213781946494335,0.884027132901584,0.5367909894777991,5.178571428571429,0.556436064315428
0.03,0.2,142,0.022898221366045524,0.004538822699192762,14.24492668767109,0.006250681555433115,8.657283127338038,0.6238606003431467,6.142857142857143,0.6598790440675935
0.03,0.2,143,0.005087699567098701,0.0005393058960468519,5.239837412947118,0.00038316848769281704,0.2072928696355992,0.6447527770918781,6.464285714285714,0.6517877517912165
0.03,0.2,144,0.03788989820038126,0.014645949263835714,19.568458731085656,0.018229281596505605,5.067765430419087,0.5159734285533137,5.178571428571429,0.5498373524310854
0.03,0.2,145,0.03307484454737636,0.037281921952013776,19.828962125615472,0.03397883895450288,16.761257783599177,0.5626553907294124,5.571428571428571,0.646926633579832
0.03,0.2,146,0.017459163150206125,0.011221092634352179,20.283951639685398,0.012992384468039157,11.441835602851759,0.5751226048283156,6.0,0.5889480060222432
0.03,0.2,147,0.00598204462973886,0.0015865417664534401,8.333867652256679,0.0018515269825274548,3.597196591697449,0.5713710937200362,6.071428571428571,0.5874771618960685
0.03,0.2,148,0.013074860328112203,0.010015012665914456,13.829132548093291,0.009321795856605228,10.047102898209374,0.5660035626228476,5.357142857142857,0.5893710937366609
0.03,0.2,149,0.11118011585670003,0.053707306066557194,43.53445468080089,0.059077215856955946,27.527587666057855,0.5751114851874118,6.071428571428571,0.7046322150138544
0.03,0.2,150,0.007686350708714395,0.004959829171740042,1.5083681322164537,0.004803313510863131,-3.5807986171489574,0.579741320908945,5.25,0.5916270284501316
0.03,0.2,151,0.02081915205847049,0.013709497527072748,16.09780659402722,0.01438115421596689,6.975113228263534,0.5918561300892736,5.964285714285714,0.6137711535621869
0.03,0.2,152,0.12327689419281619,0.04167773369752613,46.938038918883024,0.04663459228290676,21.54124958529042,0.6620984039584396,6.357142857142857,0.7600192681284619
0.03,0.2,153,0.027338602740327452,0.012434976307775585,27.968907357026787,0.010829442928478112,9.56060666674829,0.6469771406850738,6.25,0.6890537598456747
0.03,0.2,154,0.03387580210260634,0.01804191784418045,26.939171691450614,0.014620842640110068,6.940918010174784,0.6206847464617848,5.892857142857143,0.6661239205237026
0.03,0.2,155,0.009228948961565696,0.0016083706993698429,4.5727324726073775,0.002571792975702594,4.968292425531246,0.5275577704993856,5.642857142857143,0.5494747460524447
0.03,0.2,156,0.08345645755511502,0.031128362336917834,47.75980699710831,0.03224714265114757,14.162718673474373,0.6530320150113221,7.035714285714286,0.7272639727815682
0.03,0.2,157,0.0069443714187976124,0.0028694157580232285,7.316688731598042,0.003406094222578123,0.373661087286204,0.5650507455000524,6.25,0.5663320500470631
0.03,0.2,158,0.05746064490137354,0.014322982393704132,42.23451485005093,0.01677649576246311,10.087512890463557,0.6278589316239215,6.642857142857143,0.6861690827709712
0.03,0.2,159,0.005596588012664435,0.0016718812467647545,2.1027799846123045,0.0020170310542021587,-0.8906579898511021,0.5439986133670639,6.214285714285714,0.5677310166369893
0.03,0.2,160,0.030936628953831664,0.010630522232271337,28.09750817293109,0.012208268072647759,16.44042029258434,0.6086755250119953,6.321428571428571,0.6718401963413458
0.03,0.2,161,0.005748542837163542,0.004417245880878804,2.314521550211502,0.003779132653744971,2.2464432428044367,0.6277946647627237,6.285714285714286,0.632544447532997
0.03,0.2,162,0.006965358560679101,0.007003568441874355,3.0452999726833596,0.005857533422893528,5.465147978020657,0.5717516438181542,5.357142857142857,0.5909727980288858
0.03,0.2,163,0.0167176032199601,0.00974907289144025,12.971597520644522,0.008389847250709327,3.4594235571299996,0.4992202854173387,5.428571428571429,0.5225585198288935
0.03,0.2,164,0.03407507818307175,0.02062491805897013,17.867640232344854,0.024438859753045064,9.630763895374457,0.5287099719775503,5.607142857142857,0.5758699657517019
0.03,0.2,165,0.011341446740309022,0.0017687410856041517,9.847559645470781,0.0025246312601923623,3.461563235368667,0.5931638363379715,6.714285714285714,0.5999539696096929
0.03,0.2,166,0.008454142989956889,0.0038789483718568254,7.591447488387949,0.004699427134398087,3.8076002865071814,0.6204511661561147,5.964285714285714,0.6378567667688766
0.03,0.2,167,0.0033044700054619615,0.0005380865235425573,0.9366701387173606,0.0007471532574821607,-3.8310477837003893,0.5884421438040471,6.0,0.5963320700130454
0.03,0.2,168,0.013123853204151329,0.001557508853954751,6.147156027548917,0.0018226798283394196,1.0418879684717695,0.6031145426092668,6.321428571428571,0.6360600999402524
0.03,0.2,169,0.1296332875000522,0.06128339193189838,49.43049456048557,0.07059309317447585,26.47716842286214,0.6304288363647218,6.357142857142857,0.7489291154872197
0.03,0.2,170,0.029500093655821055,0.01908594019299223,20.878280623575073,0.016249459919089635,6.070094004120516,0.600914821718567,5.607142857142857,0.6239689122916576
0.03,0.2,171,0.021650360196577217,0.00936786892523695,4.170114595858962,0.011275645488647637,1.72256401312535,0.5572620097927877,5.857142857142857,0.5621903911713626
0.03,0.2,172,0.08481114626260855,0.018277693120149877,25.409455336763827,0.024118200473035954,9.230374936774055,0.6352431158987338,5.892857142857143,0.719434159434987
0.03,0.2,173,0.01103478855211103,0.0014387138491922034,3.357233836525822,0.0013788345759741794,-0.2735350272005614,0.5347090231354417,5.642857142857143,0.5532875747553158
0.03,0.2,174,0.1404108979479047,0.07935106433537759,46.76226455166236,0.09226006329087043,33.85068541976167,0.5638187089592746,6.107142857142857,0.6794822691038127
0.03,0.2,175,0.003685039730765001,0.000793152416970984,1.4066857401659547,0.0011242741357928533,0.4237427192339472,0.5987129090821771,5.464285714285714,0.6014048779288644
0.03,0.2,176,0.04592616771135007,0.013926251132002366,24.18372141664576,0.01870995768833498,11.833032988232683,0.6158623348324744,6.25,0.6724779812305786
0.03,0.2,177,0.06207147498440868,0.011548103416283808,21.491983787907753,0.01501429278672268,11.63741469167372,0.6239227777489068,6.535714285714286,0.6976140163328072
0.03,0.2,178,0.0049281196280481976,0.0009695706006544186,6.2794675839299785,0.0009274708794865373,1.2153682835763486,0.5972227839306583,5.285714285714286,0.6064131610203012
0.03,0.2,179,0.08870700706759387,0.05734181681815204,42.2563029316275,0.06288449408742465,28.27777049061817,0.6775152823650016,6.785714285714286,0.7642966152163084
0.03,0.2,180,0.1028554323016963,0.029125972558253603,33.757513876768854,0.03445459753202597,13.828000337151778,0.6454984688595635,6.0,0.7356395464471135
0.03,0.2,181,0.005013948834451547,0.0016896116547675574,1.2413865158968918,0.0010103291085800342,1.5814711256271796,0.5979525544289083,5.821428571428571,0.6248040335066198
0.03,0.2,182,0.00910465279063049,0.004754322386426772,13.784858679230503,0.0037895112162461,3.553184611519697,0.5631250143377822,5.321428571428571,0.5989582152777574
0.03,0.2,183,0.07006490574963752,0.03656563647593987,43.638830879380535,0.034600291803514524,18.766126335364746,0.6589348364195475,6.714285714285714,0.7221895253417627
0.03,0.2,184,0.03483857624508139,0.015025630039759414,25.248322644052255,0.01781429528987634,16.141101579206246,0.6267238868175057,7.071428571428571,0.6307235600064598
0.03,0.2,185,0.0287116863733886,0.0009116356012103441,18.034058103714365,0.0017030786899029473,6.975486903355346,0.5893177576831636,5.714285714285714,0.6555933786586612
0.03,0.2,186,0.03717148672909041,0.005980534567102062,19.388327633317118,0.007211046178267599,5.404245090263316,0.5386400753463879,5.428571428571429,0.5528702907546421
0.03,0.2,187,0.12672860970750413,0.0794504101871838,32.6306141989973,0.09439764398652663,30.161521827660298,0.5840729999917798,5.25,0.6771102601154595
0.03,0.2,188,0.019766968694587172,0.011655219958772708,6.207549510595129,0.013064225474527617,7.633093247848687,0.5635444199787094,5.428571428571429,0.5587988597824822
0.03,0.2,189,0.01349740478044759,0.009574814850722193,4.883099383062039,0.008884431107685374,1.8576842804206422,0.6075897184704947,6.642857142857143,0.6117995304131725
0.03,0.2,190,0.04598099918874445,0.012526979629439407,38.03506894296015,0.011421148385626712,6.367383197044603,0.6584080572563071,6.928571428571429,0.6975659169235795
0.03,0.2,191,0.11457865050405366,0.04347710165110526,43.145849916636635,0.05389630878933148,27.768054620955578,0.6533173922474541,5.607142857142857,0.7535060227184414
0.03,0.2,192,0.05108230896803561,0.020579892549562186,34.03009060844582,0.01924626792034387,17.742948699078585,0.5971708555340115,6.071428571428571,0.6543621866705585
0.03,0.2,193,0.017428316436378485,0.0030353436347806367,18.685209973361815,0.0030421078290448094,-2.3558183781625055,0.6105250102818619,6.571428571428571,0.6333412260152163
0.03,0.2,194,0.08105548018418458,0.043328411264233986,49.053831556756435,0.04850803823682547,24.070457140589014,0.6323906774924927,6.5,0.7105145353834699
0.03,0.2,195,0.0658904119834015,0.005168781993901393,16.36565035174443,0.008859820718012655,6.489136964697546,0.6319454406662034,6.071428571428571,0.710780118152447
0.03,0.2,196,0.00211379821798869,0.0011258791272327551,1.2460683552334118,0.0011811594918834307,1.7362638767179135,0.5761006973938618,5.678571428571429,0.579637611989861
0.03,0.2,197,0.1932639613229713,0.10650730075618037,63.91477121356684,0.12500922036631765,54.329078792528776,0.5937329171348192,7.25,0.72092565351665
0.03,0.2,198,0.0189177450474068,0.017215369819771068,12.760993629807444,0.016101535124808497,12.589896791681099,0.6481919918441109,6.714285714285714,0.6971470638079249
0.03,0.2,199,0.005818506737901492,0.0006443957282767996,9.852881943383892,9.37261881442104e-05,3.459128595313994,0.5546713760202279,4.928571428571429,0.5985442606172041
0.03,0.2,200,0.008744821074100883,0.0033560351963512094,6.2411618503013315,0.0031046416899406424,-0.16386785917718308,0.5931400123063152,5.142857142857143,0.6060829528426481
0.03,0.2,201,0.08901588500896332,0.05014203764608706,29.82799850360051,0.05818403087714653,25.432963469927497,0.6490978888161928,6.321428571428571,0.7305285969671391
0.03,0.2,202,0.015322354548702313,0.0036109670271045925,15.838635138005493,0.0031428042987920674,1.1388420900238145,0.5709899614484163,5.785714285714286,0.5873777946723628
0.03,0.2,203,0.013894807850191994,0.002259763048599314,12.3884777591907,0.0026817185052439695,1.0323548621224745,0.5819589167961032,5.607142857142857,0.5945341861144681
0.03,0.2,204,0.08733105230549147,0.028798679152623036,26.820434056302016,0.03746487945104622,15.000184597301208,0.6556789838730014,6.25,0.7353256932756096
0.03,0.2,205,0.0032437874492682356,0.0019994511901878717,2.4708335824338405,0.0015485171840356592,2.266338788615864,0.5265957039762792,5.5,0.5347317641442553
0.03,0.2,206,0.057303235011009,0.026576618994943176,34.26136992683274,0.03051394318322729,11.177622039926598,0.6442788975285214,6.357142857142857,0.6991895687086809
0.03,0.2,207,0.08544109438288842,0.05666060440845297,33.17003689505637,0.06567778379163246,29.884493720318673,0.5881708770722204,6.107142857142857,0.6658886840361224
0.03,0.2,208,0.002546648565293744,0.0003681533734775662,3.7397809311111843,0.0006004253632610624,-2.122403342650974,0.5817622794582421,6.107142857142857,0.5791290075089746
0.03,0.2,209,0.04551320363171009,0.01865660009315906,33.6374089771232,0.018755716370118698,7.578545147901063,0.6633644932207453,6.607142857142857,0.7257015667728758
0.03,0.2,210,0.005262426901243478,0.002741925071653702,6.318513999058148,0.0026752997702346485,2.9665653192470054,0.6047811333725183,5.928571428571429,0.6155300006963953
0.03,0.2,211,0.0006638871591245132,0.0003273490773624419,4.903127455376882,6.609702775973794e-05,-0.6833876210715744,0.5919331985962738,4.821428571428571,0.6061667999098423
0.03,0.2,212,0.10878668024090062,0.07237435214807003,35.62533332409795,0.0777716360904961,29.849188202094723,0.5851261140988513,5.821428571428571,0.6887954996132761
0.03,0.2,213,0.0055943124754269016,0.003721882368261696,2.687255368948037,0.004351456583253996,2.2888824751315915,0.5703910740942435,6.392857142857143,0.595807080350722
0.03,0.2,214,0.08208231399713029,0.03988993524395412,37.79603366707942,0.034575491278017303,5.84979159899503,0.6016010866354928,6.071428571428571,0.6859298530869329
0.03,0.2,215,0.12604271077292908,0.07502648610062448,40.77874964904931,0.0809090642285821,26.452398154982514,0.5806041273111279,6.178571428571429,0.6491967406202794
0.03,0.2,216,0.005460712648679831,0.0050417585243879934,9.658366129401358,0.0038157981262170004,4.759321901842516,0.6032454751576294,5.785714285714286,0.6195771908034915
0.03,0.2,217,0.006452933475370439,0.004648964088114522,5.832763521633133,0.004054044929793261,1.9721954160991402,0.5666147843543616,6.25,0.5906687518260135
0.03,0.2,218,0.09483967717432035,0.029389589008879568,59.26967971841808,0.03336667327844041,21.418604261566333,0.652473461595782,7.142857142857143,0.7614870343752507
0.03,0.2,219,0.003937957714844406,0.0031048342442250173,-5.972446041676861,0.0021188530971422643,-2.8902606985032455,0.5702251352840555,5.5,0.5711244591274491
0.03,0.2,220,0.029487175857420733,0.008736934348930834,12.044413012342915,0.010258598000450264,8.330714306506698,0.5885746082616555,5.5,0.6136457350064237
0.03,0.2,221,0.0869997840058714,0.0624388954669005,30.927398468270006,0.06705158950267232,30.57772596157953,0.6599729044628333,5.678571428571429,0.7375280769111364
0.03,0.2,222,0.019299914369574848,0.0068110063263243795,18.31980894014812,0.0047579678125294405,3.588213731175396,0.6180702740793887,5.785714285714286,0.6483682177349814
0.03,0.2,223,0.005784681422918684,0.003509146057158691,0.17655841593541055,0.002847760832947236,1.2730377275351827,0.541319659500559,5.678571428571429,0.5459195439009228
0.03,0.2,224,0.013216076069781969,0.010220694803085207,8.596847752513995,0.011212811117220679,8.222669355346747,0.6086733637891288,5.821428571428571,0.6175316080233495
0.03,0.2,225,0.004906965743591698,0.0031135855830741375,2.9127615753234863,0.002557913707142045,0.9023099192546814,0.5751818799682545,5.678571428571429,0.6062014914327252
0.03,0.2,226,0.18369564943266486,0.07736955683087053,54.03830879293956,0.09690957247907607,32.68206005551827,0.6055287647193464,6.142857142857143,0.7375551240277013
0.03,0.2,227,0.0031410138172507673,0.0025823605227093547,3.1903083545747393,0.0019640187753288225,1.5568549509209124,0.5689977402435564,5.25,0.575100908300815
0.03,0.2,228,0.11276261911111547,0.06795137501970744,51.81644068111976,0.07589786756711964,31.50652174686084,0.598467747021369,6.821428571428571,0.7112298104125374
0.03,0.2,229,0.03308012645242165,0.005215145013484732,13.94098788579484,0.008267097028628583,3.9669760829535314,0.6896154287769661,6.75,0.741894793143899
0.03,0.2,230,0.00669301976802749,0.004133183296585707,4.181084923703757,0.0038486321411644858,3.331740156453037,0.5604674036580714,5.428571428571429,0.5555479754114252
0.03,0.2,231,0.014495468340994017,0.008354073976428742,11.054208205995657,0.008403752394111027,8.430064227689627,0.5814669845374179,5.75,0.5921399278803574
0.03,0.2,232,0.009598634626917365,0.0007668128718338562,9.197761492068352,0.0006822808128269018,-2.323964989361438,0.583020343114469,6.107142857142857,0.5850055845154222
0.03,0.2,233,0.00321694159995151,0.0014184880829346037,4.719684707823703,0.0006124593030749195,-1.1398336109485758,0.5680033554450096,5.357142857142857,0.574245177364082
0.03,0.2,234,0.012216705090850459,0.0022183324895525118,19.602569827180282,0.0028357952553657246,8.578702278980083,0.5775439945089273,5.928571428571429,0.6117149189053466
0.03,0.2,235,0.1046439247124225,0.0525465623493909,38.54997529866033,0.05866597713977652,18.960587733783683,0.6130285262972285,6.535714285714286,0.7148314623908714
0.03,0.2,236,0.12769345362368897,0.04782343953540487,52.2595599455678,0.05557988463064262,21.645621568931052,0.6590562555557762,6.75,0.7707855091688343
0.03,0.2,237,0.0859148405999138,0.048221448117635866,40.4024855618148,0.05475194171417596,23.55482996950447,0.6396826292545954,5.892857142857143,0.7223692795329606
0.03,0.2,238,0.09071844439317865,0.03512847241112833,35.98891110152452,0.04440402468994563,24.73315698575181,0.6500644954464366,6.392857142857143,0.7366957921732555
0.03,0.2,239,0.012110102804549425,0.0019134196545439984,4.757115880504315,0.0033766460732311803,-4.374074365437053,0.584364364324344,6.571428571428571,0.6028165784903676
0.03,0.2,240,0.0020140214029520744,0.002453085595436983,4.962217590931097,0.002406611909856027,1.284537274987154,0.5905285216789561,6.0,0.605386517251783
0.03,0.2,241,0.03087134208847056,0.026018578935544635,10.478443125108633,0.028037017527855874,9.337298120783714,0.5537592167168636,5.607142857142857,0.5665485376223052
0.03,0.2,242,0.004996791047475871,0.002222416286013273,3.971944332071331,0.0029866368944829703,0.9816511667116193,0.5820663888985776,6.607142857142857,0.6027343206550133
0.03,0.2,243,0.00667532429633279,0.0018954688596912095,8.845588877353634,0.0021431230283693384,2.674102638215866,0.5343736730104937,6.071428571428571,0.5256015869908217
0.03,0.2,244,0.0036742004043052836,0.0012541999336414481,1.8307648263167238,0.0019818398331314085,-0.28461545461406484,0.5595252472401983,5.607142857142857,0.5632342046788081
0.03,0.2,245,0.01067915828390775,0.004664003966158898,16.46073283541906,0.006257300063681903,9.339453816072327,0.6040263202861104,5.785714285714286,0.621586613530063
0.03,0.2,246,0.11309250125329848,0.04840217626590967,41.48259018702154,0.058810193948436,31.332422591456638,0.6512790625238872,7.107142857142857,0.7501680021737875
0.03,0.2,247,0.00569332773958134,0.0017050585157447294,8.30382621951619,0.0013011689484097992,3.441255948289561,0.5396124078220905,5.571428571428571,0.569278586462367
0.03,0.2,248,0.12830993145653746,0.05873052648174872,48.431414631498555,0.06757357091343656,34.35706934213762,0.6439421837868549,6.357142857142857,0.7754970082434008
0.03,0.2,249,0.021512961766838302,0.015362150243267722,9.246145004660121,0.01659461120273043,5.493870844332842,0.5498495721805337,6.464285714285714,0.5601456331824286
0.03,0.2,250,0.004291313336024399,0.008039229058855723,2.2687172893100325,0.006741380956149712,1.2780548977534256,0.6273014121018873,6.25,0.6310870012347376
0.03,0.2,251,0.03723194660112333,0.009647152159718087,30.513910282357557,0.008945766598056626,1.0418106651067849,0.6319201140605198,6.285714285714286,0.6578613633705125
0.03,0.2,252,0.0030288280063590555,0.0017945839802018357,0.21114509748748844,0.002412042318293273,-1.497013895801075,0.5923803468653871,5.357142857142857,0.6099181514924287
0.03,0.2,253,0.057874738999968874,0.03248708807869591,28.887403258414956,0.03542355413467076,19.31043078352323,0.6665714945883512,6.857142857142857,0.716786187378551
0.03,0.2,254,0.11891550370430233,0.05421197504788387,60.403649286953154,0.061542606570528666,26.89565447114357,0.6422756107723818,6.964285714285714,0.7563449641148182
0.03,0.2,255,0.0040095826586024055,0.0015942905267646748,4.468704197359472,0.001850461331440344,4.818506722178,0.5727164199823125,6.142857142857143,0.5847934824153835
0.03,0.2,256,0.01187088700548832,0.001991802552190074,18.24290908141292,0.0023540134802232096,6.208715175968005,0.5901856163500137,6.321428571428571,0.6074594690182296
0.03,0.2,257,0.013439475526755635,0.0036722819312380544,14.229873269208802,0.0030825272327059698,1.202481198572637,0.5946264204655795,6.392857142857143,0.5996758741545845
0.03,0.2,258,0.017379767544675843,0.014112731790656523,-0.02408425286901661,0.012711150295693469,-3.979244440740852,0.5346681619811614,5.5,0.5655787742718513
0.03,0.2,259,0.007789940190553957,0.0009569017366316532,11.688135654755357,0.0009064614083329753,-0.13403755685406318,0.6236086292850516,6.035714285714286,0.6378684043716529
0.03,0.2,260,0.026999292200964004,0.029773234501136243,11.26976251222726,0.02883282291975845,9.81973349895217,0.5351295799644804,5.464285714285714,0.5510680012640026
0.03,0.2,261,0.018432586438004713,0.016994303529391734,14.789776670377009,0.014298966897629984,6.7955259454486265,0.5681457794214396,5.392857142857143,0.5833598947115801
0.03,0.2,262,0.09020638997449916,0.05082835199647051,43.477151815136224,0.05771374804823493,31.298570917860285,0.6164719542995851,6.25,0.6894064083792429
0.03,0.2,263,0.012793961051770626,0.006995567946651906,4.946422706464652,0.008304976132849204,2.917795082553274,0.5158146077868138,5.607142857142857,0.5248247040818882
0.03,0.2,264,0.01001308799446897,0.0039056011493280515,8.998384967238927,0.0027878267986001497,0.31693104377544995,0.579546578567144,5.785714285714286,0.590090814591508
0.03,0.2,265,0.001969835647675544,0.0007013704738126446,1.6172263543477925,0.0008056958098969865,-4.0650866117566595,0.5650897525948463,5.964285714285714,0.5923300020200847
0.03,0.2,266,0.006280035680163065,0.0006763030783760136,7.295755962221357,0.0006046164608467687,2.3775241597751062,0.6168540124445127,5.964285714285714,0.6466726884136313
0.03,0.2,267,0.015588384644706467,0.008556010587755203,18.303129779535645,0.007254286961439722,3.513608228094938,0.5627398962018894,6.107142857142857,0.5675204836519316
0.03,0.2,268,0.09310982567472875,0.05704007453345888,36.96041590720357,0.0670055224537004,30.844722518234107,0.5836422355907368,6.964285714285714,0.6308514629942765
0.03,0.2,269,0.11926952120200024,0.06109918476396605,46.731322249733125,0.07020137387525165,30.373303665228224,0.6539016196088052,6.714285714285714,0.7364170429202385
0.03,0.2,270,0.052551512382339245,0.012690654412615535,22.98127625133374,0.01524802391127202,12.735659036268325,0.6357679761604829,5.607142857142857,0.6955226174069036
0.03,0.2,271,0.0745690254043574,0.04522420227994058,40.408214414101565,0.0493426833549733,19.720345949529186,0.6366096670228129,6.821428571428571,0.7087560503527187
0.03,0.2,272,0.007167371543190313,0.002973631241167281,4.4813385521872675,0.002493616450802368,-0.9261022654413201,0.5576091422369134,5.25,0.5705707928830033
0.03,0.2,273,0.0505813990782985,0.007415432608591036,21.209630216073656,0.011521058589837246,6.626033693201616,0.6435264568169413,5.821428571428571,0.6994060864592111
0.03,0.2,274,0.05822749442488407,0.03859360525534047,21.748799466903762,0.0414113567454826,19.827566619548616,0.5800221405950514,6.071428571428571,0.621271523171747
0.03,0.2,275,0.00140160060890325,0.0002738212229509551,1.2172264746345505,0.00048115371120174746,0.29574537528293376,0.6063144209476515,5.5,0.6098985476135946
0.03,0.2,276,0.002648464485292859,0.006044747717539317,2.4453328548447146,0.005360435975560112,9.84205857761365,0.5512732134558629,5.964285714285714,0.545461895423204
0.03,0.2,277,0.07396852487893317,0.048453418415801336,26.807814115472926,0.054201430392403466,22.91877454741277,0.6682308911398728,6.357142857142857,0.7172201482551133
0.03,0.2,278,0.1511070373525972,0.09647119470215078,51.32963593182847,0.10565336833616251,32.592073793766595,0.5995115521800953,6.892857142857143,0.7382102597075901
0.03,0.2,279,0.03511963162129455,0.021086711770839876,30.285028158266073,0.02173524403823024,18.51483916373483,0.6214052248957171,6.392857142857143,0.6457700349039066
0.03,0.2,280,0.12117891553467186,0.0731897850234137,44.14532881883022,0.08443299680297499,39.353293287127876,0.6176533155489123,6.678571428571429,0.7223871835372319
0.03,0.2,281,0.007051591253202141,0.0037731804476574455,6.293515408624792,0.003826768412182187,4.346171658471263,0.5772944267558159,6.607142857142857,0.5898444635394784
0.03,0.2,282,0.024047223951731683,0.0014861758505580953,5.772046394293362,0.0014552017263028045,1.5016192822526762,0.553324032382643,5.678571428571429,0.5917155526869808
0.03,0.2,283,0.0059955661568770425,0.004810657167636554,5.861789375499846,0.004367572896390735,1.6939575464612346,0.5157449328925311,5.392857142857143,0.5250742235391679
0.03,0.2,284,0.017380347328879477,0.011603760302033882,10.790533849928508,0.011816823178052882,5.509331401061796,0.555163877651263,6.0,0.5805461396223355
0.03,0.2,285,0.11791536699846801,0.07763027067081962,41.68052258207862,0.08613315864983624,29.906876131707644,0.6236769359998245,5.928571428571429,0.7254561109210599
0.03,0.2,286,0.02352286981804686,0.005222139571101677,19.873687553317836,0.0044983135243378694,1.386236875336228,0.5567366941424011,6.214285714285714,0.572727561541356
0.03,0.2,287,0.0032317415239443916,0.0007488224708663712,0.6876407534390907,0.0012506760183392074,-1.6819707167413753,0.5729682518598503,5.785714285714286,0.567338154502816
0.03,0.2,288,0.034525691772605165,0.03426831550558121,18.885815625504424,0.03297958161182556,14.390659446818262,0.557674005909535,5.5,0.5992926479957441
0.03,0.2,289,0.009534719196395015,0.011413910355562232,1.486016193169199,0.010215007198730232,3.0939326723187244,0.5489875202750445,5.607142857142857,0.5284701605201105
0.03,0.2,290,0.02205347889073498,0.011248972161426197,17.05658727401031,0.011890052634371987,10.7461471194988,0.5549332883453527,6.464285714285714,0.564890908462806
0.03,0.2,291,0.03218348171559921,0.007754355419167572,15.35543577606753,0.009662612192969433,8.734481518529643,0.557941352681666,5.678571428571429,0.5591023527717394
0.03,0.2,292,0.021362285742934483,0.006587900649952645,15.906894702774636,0.005396481021387038,-1.6471763284260987,0.5545088096257791,5.428571428571429,0.5774932654917755
0.03,0.2,293,0.007551507518176025,0.010926017788228281,3.821718481934411,0.009240032842228166,3.8082473754694584,0.6057273900221433,6.607142857142857,0.6328924591306275
0.03,0.2,294,0.06425279814758372,0.017130154377161817,29.470727326529342,0.022675899008134062,14.793738085880378,0.647869155605792,5.821428571428571,0.7222411250844096
0.03,0.2,295,0.015056124998384024,0.00815718886641271,12.688072843065186,0.008706306808878767,5.602432624440364,0.5524741582060894,6.071428571428571,0.5753350182443061
0.03,0.2,296,0.0036688432114825634,0.0012025186273429702,2.9985505052683834,0.0012962739209365923,0.5195979602005423,0.602932274790292,4.857142857142857,0.6104746944476731
0.03,0.2,297,0.04370398813755435,0.02728109515494008,23.496694090689218,0.030339230208043525,15.612542993335135,0.5648943024566979,6.107142857142857,0.6095770600942019
0.03,0.2,298,0.12737204296038518,0.058645487460983484,42.48384922944352,0.0682921290156438,30.313353640005,0.6118377016487573,6.142857142857143,0.7150620015919376
0.03,0.2,299,0.009161186741744739,0.0028433018076196807,6.431112003963342,0.0029545842178843873,-2.609229164306972,0.5840067615902874,5.571428571428571,0.5956846994406271
0.03,0.3,0,0.003392647715523439,0.0008064976006985251,0.65665017470387,0.0005838355078526371,3.788391218189522,0.5163573211430319,6.071428571428571,0.5234273971328076
0.03,0.3,1,0.09187935846719777,0.014830267772788158,26.216615072651052,0.022227370286458374,15.119699779647368,0.6334222357760538,6.25,0.7020016641570801
0.03,0.3,2,0.06367905372665622,0.03567174233137508,37.459628404611124,0.04047968831244348,23.295033181944657,0.6215779786194647,6.0,0.7006026573334367
0.03,0.3,3,0.09842200326116518,0.04198276348026294,62.32834137929228,0.046816054085282124,26.418345971891114,0.6518176177268427,6.428571428571429,0.7520343336841998
0.03,0.3,4,0.09286841385232464,0.0615141750035595,52.67054890832998,0.06270434078588484,27.76995954259664,0.6528725547406175,7.107142857142857,0.7724738165378995
0.03,0.3,5,0.0017059546554418176,0.0012412358307521956,3.053638502743702,0.0007575938001701765,3.2946463528078596,0.5841271396662228,5.321428571428571,0.5949870467798087
0.03,0.3,6,0.0340859563790174,0.005861988935835282,23.69588636053465,0.005758108815048269,0.38231087526240043,0.6345111200703503,6.107142857142857,0.6516186897104345
0.03,0.3,7,0.13909186471667842,0.07278786674348706,53.952680039720974,0.08385937709965621,34.425184093661315,0.6173674324755293,6.321428571428571,0.7285476295372437
0.03,0.3,8,0.02059724831407858,0.012213920919179064,7.586696508718127,0.014711624068024948,4.298463662478004,0.5757230068910472,6.035714285714286,0.599673218729232
0.03,0.3,9,0.10459174282145349,0.05309976532012106,41.44309701617716,0.06113836656545653,28.86094882860348,0.6291233009847235,6.5,0.7248326090015269
0.03,0.3,10,0.010313173430737592,0.016497991695601667,7.548797078353822,0.01462060585195663,5.580896211744364,0.565316710722774,5.571428571428571,0.569028483616184
0.03,0.3,11,0.06583659787241639,0.025927130322613758,40.72560478957504,0.02838791118635082,22.213662512431863,0.6855842319559844,6.071428571428571,0.7588103555614044
0.03,0.3,12,0.02841087003207631,0.017863281758575676,26.35249621375789,0.016575201471913447,10.690979493316528,0.585595040690842,6.607142857142857,0.6065524903838776
0.03,0.3,13,0.029584842350623242,0.006816615517987498,11.638462913516655,0.007579910012014487,5.8179127564980035,0.6165786294906316,6.535714285714286,0.6460819266816843
0.03,0.3,14,0.027458595416761496,0.011346654327954175,24.653453760957184,0.013194975138885793,14.691951862570761,0.5885579567849282,6.642857142857143,0.597510666473994
0.03,0.3,15,0.08522968851727761,0.04881097579001457,45.06359182603025,0.04294300773515619,14.995134799114766,0.5988730055756498,6.428571428571429,0.6646485299874545
0.03,0.3,16,0.08122711613259713,0.011268654354479102,28.94549314343621,0.016541032576978316,9.817804703688447,0.6431532308144557,6.142857142857143,0.7311699928325142
0.03,0.3,17,0.01846799259302349,0.002015613292218482,13.644323814741988,0.0018235682264866884,-1.3099055677878464,0.5798066271130701,5.25,0.6136660832090308
0.03,0.3,18,0.031244243185677863,0.017223691487263833,17.28668128973726,0.021346344217227562,13.438782396917787,0.6301818847068992,5.892857142857143,0.6609883983007874
0.03,0.3,19,0.03506253382472497,0.011040088098394081,25.643448164026374,0.013071916179573883,9.44364979747049,0.6190338478145126,7.25,0.6642877944766761
0.03,0.3,20,0.09011042654594076,0.035123950868815965,29.383004861223906,0.04129961503738338,24.287803757401743,0.6783790979546824,6.428571428571429,0.7684942291345715
0.03,0.3,21,0.002997028868700481,0.005034827005377026,4.47402424545168,0.003707712165444982,7.167969119938296,0.5924743815718745,6.107142857142857,0.5961268780539812
0.03,0.3,22,0.013787720636230408,0.00974393250820531,13.112553963526956,0.007342005652292587,8.37095114549833,0.5609079263848137,6.107142857142857,0.5829125360071026
0.03,0.3,23,0.03003356376683387,0.012395854574941537,24.990596223002157,0.012753146911699773,4.825982136066064,0.6103269379921948,6.321428571428571,0.6220958718088583
0.03,0.3,24,0.03087446823365524,0.013394561399003347,20.24019559971262,0.015893965942948587,13.364564657287682,0.5354952265841703,6.75,0.5801665344980667
0.03,0.3,25,0.08660190542731289,0.03670696041740428,33.681869307121055,0.04303206975243525,19.044629018717746,0.6560555887157763,6.75,0.7322984580815031
0.03,0.3,26,0.05136382190556668,0.0006338033417079694,29.627599692018045,0.0009356210438533113,3.1093173414357316,0.68386921056252,6.214285714285714,0.7437146345937822
0.03,0.3,27,0.06698446103419806,0.03244576115248821,58.14151923918265,0.029239283882681162,15.413726740749519,0.653054413001363,6.892857142857143,0.71660093122649
0.03,0.3,28,0.03507951135579027,0.014885006334423528,24.05539747810996,0.01498071112192994,9.569428800188755,0.5409514053135738,6.142857142857143,0.6039023758819866
0.03,0.3,29,0.060502415480531854,0.030761778492437924,25.495098984372977,0.02937343002402311,15.779693986453788,0.5921121537504502,6.785714285714286,0.6516242419634446
0.03,0.3,30,0.05912667357206545,0.017793741694657132,41.478664416158,0.02259523475357297,18.913963648223216,0.6486440536695822,6.0,0.717273860267927
0.03,0.3,31,0.009644998867152046,0.005485996232152674,1.7153585336277857,0.005761478915590789,5.0198368306999255,0.5249404453127046,5.107142857142857,0.5280191908394907
0.03,0.3,32,0.008858010119385664,0.006895025857153296,9.775220441009147,0.004870622872698387,4.590683243490901,0.5205218021641055,5.892857142857143,0.5434388837585591
0.03,0.3,33,0.07679252792160852,0.03390245591332603,47.06397669275238,0.03339728519722978,21.078891417359255,0.6452925318052589,6.75,0.7368518285880086
0.03,0.3,34,0.06882571722901189,0.02042380945221633,17.712498706299336,0.026290020821948,6.8584279777793995,0.64004513203182,6.5,0.7174740230123084
0.03,0.3,35,0.015000145597160886,0.0021828977485763815,12.829423158222696,0.0019082329132129215,1.6039283941869655,0.5250016554383067,5.714285714285714,0.5502601283341927
0.03,0.3,36,0.013762939182922101,0.0011802098447760445,12.664571921296542,0.0009521305208408269,7.408487582998599,0.5484838660696397,5.785714285714286,0.5946394475777821
0.03,0.3,37,0.09315074591994775,0.040620155472301044,50.057664235419566,0.044145644806148,20.738116275357356,0.6372389983203662,6.535714285714286,0.7382971645373115
0.03,0.3,38,0.12612765290947833,0.06681009739768991,44.200909418146566,0.07778166588776896,30.360846358417845,0.6077011749137226,7.035714285714286,0.7399058594379457
0.03,0.3,39,0.050350334321649655,0.017861485796506517,27.838781117736424,0.020604532702690217,16.39345260228939,0.5820112013560923,6.928571428571429,0.5983138823510075
0.03,0.3,40,0.08761598793587139,0.027498475214756398,57.133417443421436,0.026541441587680372,10.693775361886779,0.6686349729357322,6.892857142857143,0.7417760332683758
0.03,0.3,41,0.0727092271279617,0.024548564851537585,49.11458224661246,0.02842750908741425,17.440515383361078,0.637842253062562,7.25,0.7128630981729713
0.03,0.3,42,0.0343944637538826,0.006887018990916311,17.342475146474612,0.00938680302660145,6.182979778161742,0.5187624452028362,5.714285714285714,0.5454353109943899
0.03,0.3,43,0.015306138676970345,0.017924671840913266,11.55052274542141,0.014034250664429872,3.6980574194632445,0.5490082244694697,6.107142857142857,0.573591218520429
0.03,0.3,44,0.03493390559246698,0.014410184691880925,24.29864315246705,0.015198773114653664,15.88126804099297,0.5373285722687428,5.892857142857143,0.5833920716271217
0.03,0.3,45,0.06873928451149644,0.023947926181377723,33.83265726088848,0.026661407144709146,15.219609997590988,0.6061570661348314,6.178571428571429,0.6703203576057299
0.03,0.3,46,0.10686745748856231,0.016443073652889252,49.75382023664016,0.02548880612819104,17.52501755880294,0.6409398180411519,6.785714285714286,0.7316171302515455
0.03,0.3,47,0.06797520773261337,0.03405246574507266,29.40105553623603,0.037977849776074976,12.61829212552926,0.594059483594294,7.178571428571429,0.6269646646018487
0.03,0.3,48,0.05657723888839776,0.025065828946407378,27.35861800380674,0.03221969718649477,18.461516923217104,0.6590335698903119,6.607142857142857,0.7244935494060318
0.03,0.3,49,0.02626880270986551,0.011924019106262907,9.569480917352571,0.012512941071609213,4.315797517386774,0.5503891133520432,5.392857142857143,0.5942441010115556
0.03,0.3,50,0.10468105463809932,0.06465939476165103,41.10042786010652,0.0737805110319183,33.47407366972907,0.6116346291415393,5.75,0.6893892185234567
0.03,0.3,51,0.011238042072489487,0.006387114575469808,8.57748709077132,0.007158414153727862,11.097420806834824,0.6078831656159,5.571428571428571,0.6408921593491987
0.03,0.3,52,0.030335825799293614,0.0033602603856898723,17.892149223307783,0.003999531079492935,4.402882579304655,0.5682257204842405,6.321428571428571,0.5958053704177297
0.03,0.3,53,0.0068420357286493524,0.0029230633719317324,6.683578110804568,0.0028393543990217034,6.098792736340822,0.5669220886535589,5.892857142857143,0.5995911318871769
0.03,0.3,54,0.0058278100972877405,0.003909565394298876,4.456816720400099,0.003864586569194957,0.8923399792154404,0.6021470384831776,6.535714285714286,0.6186879150048235
0.03,0.3,55,0.06394386446905133,0.03007073554461733,21.755281322476165,0.037626153885457106,16.88594534586223,0.5941314169252256,5.857142857142857,0.6452953977389889
0.03,0.3,56,0.05933551219135555,0.0167944957307587,36.37972077440084,0.019531883645402065,15.589704738606628,0.6781494831375795,6.678571428571429,0.7557981577192001
0.03,0.3,57,0.007305205616152243,0.003615226819690944,5.39904953742473,0.003573683454354819,4.176025818976361,0.5688757259428271,5.75,0.5667261493680483
0.03,0.3,58,0.024643656570103385,0.00785891365420378,13.461691144336271,0.0071568530527636,-0.20621069191476712,0.5734575078886613,5.535714285714286,0.594447150525165
0.03,0.3,59,0.055179111916919446,0.01751548669067464,39.536520440343836,0.014236470878651052,5.894621928526912,0.6336945980800973,6.392857142857143,0.6946259788379396
0.03,0.3,60,0.07714997745654172,0.03645314776898293,43.18478424645958,0.04110973335960654,20.74201339908304,0.6803981087379772,6.642857142857143,0.7608149100081629
0.03,0.3,61,0.06194770064531328,0.023440767693424208,43.93945311517385,0.023537151584094924,14.043621392926587,0.6628567896360643,6.392857142857143,0.7490029745340534
0.03,0.3,62,0.0033586645510259947,0.0008157016805069715,-1.5057058258604457,0.0016704380090418578,0.5411769793969275,0.5302550159667728,5.535714285714286,0.5726282949019439
0.03,0.3,63,0.0072382983626337,0.0051669915349606185,2.448541009621259,0.005234390601697775,3.805725707096267,0.632508491572577,6.392857142857143,0.6516052717656604
0.03,0.3,64,0.008466017638750807,0.006159940501386203,3.5148699605313283,0.004662824857613609,3.8564817396785522,0.5372345519185852,5.464285714285714,0.5894006755774259
0.03,0.3,65,0.02936781087460605,0.01455749258101954,20.763902728192143,0.01763298925720577,9.982757238004504,0.6127165111883829,6.142857142857143,0.6278383096012823
0.03,0.3,66,0.07449982374541385,0.02572282209230495,41.74861592360787,0.022777631480987534,7.4160841756840155,0.6223985711057557,6.285714285714286,0.6989969900200415
0.03,0.3,67,0.00937305971889566,0.0025588291978769183,12.671011728584482,0.0019932570177461167,-2.7877734722106404,0.5870806262905007,5.964285714285714,0.597293987788594
0.03,0.3,68,0.06462292289905415,0.043719271077981625,36.873037622287335,0.04450516610308158,25.023089129573975,0.6389976189419606,6.357142857142857,0.6967391442049911
0.03,0.3,69,0.047392864047350394,0.017128961124365984,20.418796829094106,0.02182702290887473,5.147149837453118,0.6109725113650584,6.785714285714286,0.6381447496600515
0.03,0.3,70,0.006171308987035404,0.0032713355213844623,4.700894994222381,0.003166470674868857,3.2361580034999142,0.5835198659742592,5.75,0.581775340041424
0.03,0.3,71,0.015800477736801186,0.007035111605485826,6.834731219202247,0.006846267734876359,3.4209714894337537,0.588510338174773,5.571428571428571,0.6234396980890005
0.03,0.3,72,0.008252893074908103,0.0013481295512433916,9.73526356810951,0.002658765927337064,5.038859292445693,0.5900465517994924,5.25,0.6219594090976512
0.03,0.3,73,0.07235435316177066,0.02041048870678815,34.716202544949944,0.026038127360497317,14.691995445390058,0.661596044661631,7.178571428571429,0.7301555901725343
0.03,0.3,74,0.059047131486805196,0.030962512455799767,32.28393908756459,0.031219199502379426,12.624759909800824,0.580736281111627,5.571428571428571,0.6434757473992636
0.03,0.3,75,0.04663255263751707,0.02117698080162222,31.16259309708184,0.022176958992586017,11.263830729466974,0.598113682564487,7.071428571428571,0.6262605343125187
0.03,0.3,76,0.04703382113273788,0.010829049860082278,24.368166955750553,0.0101378229921044,0.7483484812750779,0.6245051276860144,6.0,0.6467570886944405
0.03,0.3,77,0.052658032188115114,0.032383401832633676,17.829175804720613,0.03402083341007438,12.84269994979841,0.5404832097414822,5.321428571428571,0.5522218942224287
0.03,0.3,78,0.0444014240913646,0.02407134236996082,22.1463234540557,0.027642045903315905,15.585967558345288,0.6000416684011892,6.642857142857143,0.6410719336572553
0.03,0.3,79,0.004936491834749783,0.0022046564115487826,5.082850818665804,0.002971284336839712,7.371649374440722,0.6000848967352171,6.071428571428571,0.6063749289302813
0.03,0.3,80,0.012444784775303619,0.0023658816116742436,11.380059716077206,0.0034871800640819896,3.0713950765185323,0.5921587575376265,7.107142857142857,0.5746476251814409
0.03,0.3,81,0.07770079132906149,0.02108332310672232,32.35467870138995,0.02356907536124682,9.584277653074674,0.6418789154864415,6.0,0.7062130279482866
0.03,0.3,82,0.05258637707908444,0.030279868033139153,30.586387305465262,0.029257949377794776,18.107149032579006,0.6004073558999581,6.428571428571429,0.6125878095225776
0.03,0.3,83,0.009273189653740587,0.009761503303489929,5.72136200827498,0.011001176540265197,5.48958529027657,0.5288167393836964,5.357142857142857,0.560348109365564
0.03,0.3,84,0.13242201804411807,0.06572553504839412,73.71431865014061,0.07187295123631696,30.267476725365736,0.6590412755867983,7.214285714285714,0.7768630334771536
0.03,0.3,85,0.09479834252813002,0.0316168336875204,50.8154487422692,0.037412860747669134,21.991167283729734,0.6577170283920025,6.214285714285714,0.7419619633352044
0.03,0.3,86,0.005664330424297358,0.0009720156496090053,4.780301807910597,0.0014123190184831423,-0.08548545635467046,0.556779361364583,5.392857142857143,0.5653775755092453
0.03,0.3,87,0.13879460607983132,0.05955540708559636,62.66479747198895,0.07047052852896538,38.51277430604575,0.6545994025311481,7.25,0.7724559930010633
0.03,0.3,88,0.07563826659404152,0.013621089861615357,22.72593502613348,0.019689779538124574,10.52332220959976,0.6345932310583337,5.857142857142857,0.7118442496872117
0.03,0.3,89,0.11431259382957927,0.05798167424886951,64.06694560898052,0.06670466530247547,37.68099274723212,0.674868625490724,6.75,0.7932841436238904
0.03,0.3,90,0.0953215315431104,0.034066729519967524,48.01023950361132,0.04329120858219334,32.961521614172675,0.6734375007410354,6.535714285714286,0.7889441425795237
0.03,0.3,91,0.05571816771654329,0.01365310964703855,36.924633757241466,0.013614348681693662,8.092121501138601,0.6147823418443089,6.178571428571429,0.6654945947735667
0.03,0.3,92,0.10488352263682912,0.03427902149267408,65.96943542571535,0.039902084586004895,23.87015297810429,0.6747578090427437,7.107142857142857,0.7792004112932002
0.03,0.3,93,0.07933443760971791,0.035862245723031545,40.84319729171421,0.03472130851275705,11.351811677947177,0.6042049720087402,6.107142857142857,0.6737796928669657
0.03,0.3,94,0.007434426698374629,0.0021058007113879196,8.92534251250872,0.001829562389625022,3.6031328983971966,0.5783511972289791,5.892857142857143,0.6040041068365932
0.03,0.3,95,0.005581417324583779,0.0022817979282250896,5.28305322020946,0.0030018632632371096,0.8068764540457588,0.5803332549809275,6.107142857142857,0.591003536589028
0.03,0.3,96,0.001276389648775725,0.0002967541859529491,-0.3221529691580969,0.0003954441794815792,-1.880474296079664,0.5513229543069833,6.071428571428571,0.560676859070959
0.03,0.3,97,0.03699187423049372,0.010278515978149156,21.770724277744492,0.013489491887366346,13.09814116945654,0.6049364476740208,6.357142857142857,0.633803682422172
0.03,0.3,98,0.11716914389614946,0.07266161031264153,46.725647306427085,0.08098736048798363,35.59671451164272,0.6293832264309478,7.321428571428571,0.7425152574177635
0.03,0.3,99,0.009848482303180061,0.002506833165289622,8.672698714418473,0.0033209648806116366,3.9066296670319787,0.5665530622457815,5.857142857142857,0.5816706921423012
0.03,0.3,100,0.10454654266993413,0.05177243478361102,43.55326314812196,0.06123141455633407,31.172702185475405,0.5913584143538817,6.392857142857143,0.6864203322781018
0.03,0.3,101,0.11463403628169039,0.05165312713498652,54.31140894948416,0.05209856792391476,22.196557713583378,0.674626846565881,7.035714285714286,0.7962920666336143
0.03,0.3,102,0.01112095950613675,0.006475811417900492,6.033355778054286,0.005847649674893976,0.8875411556036473,0.571337704698739,5.678571428571429,0.5746876778471759
0.03,0.3,103,0.02090751527756982,0.0021673929445144863,19.728941584329576,0.0027993082638773053,3.5666179532700633,0.5546584960636199,5.928571428571429,0.584943041201625
0.03,0.3,104,0.010538184815635915,0.005704431241934882,7.469697451968372,0.007613147358640529,-0.04802164107847299,0.5669190487287165,5.535714285714286,0.5738795132229144
0.03,0.3,105,0.09883287665831132,0.017085816773647653,30.749591109334048,0.025720020483121296,12.572325283776314,0.6471933692272216,7.0,0.7340100808898387
0.03,0.3,106,0.045676967154494326,0.02706941298897215,20.279537814259292,0.029441090715340096,19.040654567685056,0.5853831140733915,5.892857142857143,0.6459160028308646
0.03,0.3,107,0.005807877745439266,0.00631357062128657,-2.161185125223227,0.004555868939941577,-1.1246291584720989,0.5639182021691316,5.571428571428571,0.5730854505166239
0.03,0.3,108,0.004325670041989278,0.0005857000904086683,3.3461325048672563,0.0004813799292399214,-1.4854976147384018,0.5606216908069317,5.642857142857143,0.5707723436906371
0.03,0.3,109,0.05585855949121265,0.0264457447328196,29.891030171892872,0.030361359425684447,15.386965763019484,0.5672550374948587,6.535714285714286,0.5960390277318994
0.03,0.3,110,0.02152376739846236,0.00449615483504237,21.421949505249728,0.00419412717492881,5.3707909527759154,0.5795538672933735,5.107142857142857,0.6211894665049801
0.03,0.3,111,0.026606377737313842,0.008787490752726513,14.337061756043227,0.011220290439812377,8.418593961876345,0.6065542092810776,6.464285714285714,0.612907526758402
0.03,0.3,112,0.011356589564862535,0.004623599972986315,10.145984366260123,0.00445794901586965,-0.978565802374618,0.5765733202550287,5.821428571428571,0.5985953574383828
0.03,0.3,113,0.00358154525240837,0.0015761941973133438,5.920926400947856,0.0013588186018196498,-1.1588475688490025,0.5574494911918371,5.714285714285714,0.5744388323046636
0.03,0.3,114,0.07817691573588942,0.03310135562737579,42.234585776907906,0.03800439571454932,26.45759145994131,0.6501273962727234,5.678571428571429,0.7359590323390626
0.03,0.3,115,0.001009020261887272,0.0007332657437932503,-0.9763227240284138,0.0006985386693914675,-2.4258678027321516,0.5691187339577551,5.321428571428571,0.5725302453324852
0.03,0.3,116,0.12349735853097386,0.033914341602728874,32.9639987825135,0.04219861157768615,15.232143669319186,0.6324065432010971,6.035714285714286,0.723497835307814
0.03,0.3,117,0.04028347868470144,0.00988947081538022,21.550474271913004,0.014580190190837172,13.303102184057687,0.6508691672792762,6.678571428571429,0.6784331145703737
0.03,0.3,118,0.009311628753700656,0.007457989672236348,2.3251391776531776,0.006864035059885212,3.3357818855796872,0.5564067139242409,5.178571428571429,0.5770001610505417
0.03,0.3,119,0.007081867875846877,0.0013984848586593589,5.917811828565142,0.001125560648055591,0.7164817898459622,0.6005409645236827,7.142857142857143,0.6058693620950635
0.03,0.3,120,0.007206940751000875,0.0036168413487754755,6.329912753954908,0.0052842916792185364,2.7100269223925957,0.5427777658909108,5.535714285714286,0.5330067133327163
0.03,0.3,121,0.06785770354243159,0.009658221094624735,26.97199054154229,0.015041621419063537,8.579444085615316,0.652774767740383,6.357142857142857,0.7197361939519862
0.03,0.3,122,0.08119340817912228,0.029352304683664978,36.958215202798094,0.03202611791980916,24.398149461766284,0.6311602198873626,6.392857142857143,0.6999802819579926
0.03,0.3,123,0.008461058753235513,0.0014423777223203954,5.97353823532471,0.002669871592032281,3.1112811010529335,0.5863610039635406,6.285714285714286,0.6002458149377443
0.03,0.3,124,0.019166091567199298,0.006303590989886612,17.77088683776629,0.0076643799888352114,1.6380199718591086,0.5456592961671112,6.107142857142857,0.5555984586684126
0.03,0.3,125,0.017919663125954395,0.00684429751935195,16.75544804446136,0.005600161609558614,1.7704652306368303,0.5629555590625921,6.035714285714286,0.559236904381367
0.03,0.3,126,0.009949324226373783,0.0025685561840364597,7.442670185266486,0.0019610895095117037,0.7308239203536383,0.5908288878948065,6.285714285714286,0.5812157996742287
0.03,0.3,127,0.15580105515719747,0.0737075740449436,60.40895843511284,0.08778345432731226,32.89654806852217,0.6322741356783872,6.178571428571429,0.7496227347178623
0.03,0.3,128,0.047669488396997126,0.017152806324092693,32.7977107432247,0.018229377633561455,13.720573805991004,0.582599677508831,6.821428571428571,0.6596332864628965
0.03,0.3,129,0.02606564871933853,0.015323410812834323,20.193049033087156,0.018375553556890488,10.115854656301403,0.5826900303656691,6.178571428571429,0.5756729915294296
0.03,0.3,130,0.013179060486687487,0.00578606360179192,12.745754565559984,0.005829950732990257,1.2891898640301538,0.5970652642951038,5.571428571428571,0.6188984379314517
0.03,0.3,131,0.1367466860103146,0.08071972765206113,40.716412486768924,0.09293219018251564,27.499505737410654,0.6162978522955205,6.0,0.7215359487184256
0.03,0.3,132,0.03087770956199932,0.016390830827896746,29.080756420449024,0.021789034108317742,14.53702854174467,0.5697445743335131,6.285714285714286,0.6065626594559665
0.03,0.3,133,0.1659850937308917,0.10816215791636445,45.13128385143028,0.12376384962591808,37.36048111776158,0.5585862771131681,5.285714285714286,0.7059515691353494
0.03,0.3,134,0.10357915978858317,0.06112360087077639,31.831109091913216,0.07310287533051164,32.867116785641045,0.6297685133882219,5.714285714285714,0.7076686033786839
0.03,0.3,135,0.09897717082504541,0.052035443407150696,43.37275810057995,0.06120841600602364,31.25282000617172,0.5994540716831078,6.857142857142857,0.7040064700645727
0.03,0.3,136,0.0029405730292886363,0.004360575171543952,6.758523409044763,0.0034053779378993266,2.54713023792263,0.5683638603420822,5.821428571428571,0.5699564642510522
0.03,0.3,137,0.07407760622112262,0.029567841898124666,45.73571609993674,0.0297521838477985,11.795821042675678,0.5957599353344231,5.5,0.6808077387503622
0.03,0.3,138,0.008711394760244268,0.004832031163085056,6.7682136194085984,0.004799132110439028,2.115610487367453,0.5801361640335326,5.75,0.6034096436026395
0.03,0.3,139,0.04098342853302484,0.014080474831777242,23.773397132519754,0.017410118827293382,14.62590303384377,0.5947547032820353,6.107142857142857,0.6381175315501872
0.03,0.3,140,0.015598728537943626,0.014741255733707416,17.669874326743376,0.012513613950501006,8.641587749138106,0.6343621899201534,6.107142857142857,0.6767969500991412
0.03,0.3,141,0.04375073369241684,0.03175705963829386,21.406020370495416,0.03668703376023964,17.422700732991775,0.5642344849810103,6.678571428571429,0.6131227771468319
0.03,0.3,142,0.035934152651525414,0.013516642828679697,29.30497033285808,0.011927541371272733,6.212659551312527,0.5999142271296457,5.964285714285714,0.6511887019134719
0.03,0.3,143,0.030640381167091415,0.011062951003163745,28.417146543165956,0.009800356615722578,6.137095870813302,0.6900948974664228,7.142857142857143,0.7319523877607401
0.03,0.3,144,0.009794571072981723,0.002768718944591885,6.352698735612343,0.00307523996491004,0.34543863518618423,0.599525090683068,6.678571428571429,0.6431320206925428
0.03,0.3,145,0.0945501731531778,0.04140381110245186,53.693939483680865,0.0400092254136823,19.811505663432147,0.6361141637567832,7.071428571428571,0.7212285228832864
0.03,0.3,146,0.01643693890406749,0.005515254962927635,11.499850324753297,0.007580246385707027,5.304395151795414,0.5887265982252156,6.285714285714286,0.616078305797989
0.03,0.3,147,0.07321080006911224,0.053228469568567194,24.702949006942042,0.05797063393755253,18.08919605720753,0.613831674022669,5.535714285714286,0.6709956302612092
0.03,0.3,148,0.010769061714888496,0.0011072752899966805,6.726167664325885,0.0007440372531200147,0.3360761206358897,0.5527279541358611,5.214285714285714,0.5482721602374587
0.03,0.3,149,0.07070274830188521,0.012384721108333833,33.33749188487212,0.016901860191605913,12.754077852508393,0.6672507536548075,6.357142857142857,0.7396312944915449
0.03,0.3,150,0.007180803197700025,0.0035450299676380455,8.457458299719733,0.00274708979927844,7.231642820248633,0.6123399500999281,6.571428571428571,0.6535286345705773
0.03,0.3,151,0.03861945549313583,0.014529785728905863,25.13404687758093,0.017275153422923545,17.93458379495566,0.6363562137030702,6.464285714285714,0.6791569996149784
0.03,0.3,152,0.11415347873652919,0.07703781920772321,33.9657346816644,0.08084512707150203,33.85489961078737,0.5841788705341987,6.964285714285714,0.6834416692394034
0.03,0.3,153,0.003907998748013073,0.001959620569498398,4.272117129668565,0.0015232033770307967,1.8703989945992607,0.5830032793316698,6.285714285714286,0.5949279937410015
0.03,0.3,154,0.09539740666117064,0.030669372843388394,50.7088013732892,0.041683609821733664,21.68997017278942,0.6879404253665864,7.107142857142857,0.7759914906894576
0.03,0.3,155,0.004460952986409543,0.0027072412522316847,5.65881701383195,0.0033429248417610785,5.6995826572186745,0.5577602229268284,5.285714285714286,0.5550875910409188
0.03,0.3,156,0.1292247089862746,0.04806824172566146,67.0133522208483,0.05452968838853364,27.002682595232155,0.6373105968906356,6.75,0.7806838385145116
0.03,0.3,157,0.03409548927869605,0.018505998159308847,24.679138413364278,0.0170575754532035,6.417482521606132,0.6501609378834231,6.571428571428571,0.6941058675138587
0.03,0.3,158,0.09770725578029084,0.045034536224820385,62.415437340287454,0.04253163293321088,20.8012185137385,0.6271895955107066,6.785714285714286,0.719259927321511
0.03,0.3,159,0.10530536552293791,0.03962982643018641,57.49380186883303,0.05158683873525504,28.096916354854823,0.6262368906212631,6.5,0.7352542884855411
0.03,0.3,160,0.004792985044261801,0.005149712431364338,-1.4928728060821186,0.0037549457989581848,1.1328532240928553,0.5400325482334961,4.785714285714286,0.5492184773890607
0.03,0.3,161,0.00822500731921342,0.0032675871709198544,9.122727729768876,0.002880609852939827,3.5399349427694253,0.62702051243565,6.714285714285714,0.6469310391718943
0.03,0.3,162,0.06954353868342251,0.038752671083539005,39.844226955141934,0.03612298363607751,18.16077180363361,0.5887203838980664,6.357142857142857,0.6455834007470224
0.03,0.3,163,0.09435902104844685,0.05544764936602385,47.991596150675846,0.06030937866485007,30.39809483791227,0.6409810127089072,6.75,0.7335691294048672
0.03,0.3,164,0.007494700167598614,0.001989910505292296,7.777412963486576,0.002510451553230749,2.7409972188578045,0.5958964185857071,6.857142857142857,0.6117260837619427
0.03,0.3,165,0.10272724040900567,0.022183401230644963,39.06491574584592,0.030659069602478564,17.752570415041387,0.6523074995960784,6.071428571428571,0.7574791827854045
0.03,0.3,166,0.006220705643319258,0.0015269818744326267,12.544459270453615,0.0013128540085641986,2.0304329999923802,0.6050873221308352,5.392857142857143,0.6226672811227054
0.03,0.3,167,0.12970695625216244,0.036433395602968766,57.92690124580744,0.04404121636764521,29.456152752846574,0.6763720865178765,7.464285714285714,0.7906357289965624
0.03,0.3,168,0.13252989342961913,0.06276720871420544,71.77272478414183,0.0707958766880196,40.29563375976305,0.6587793205694682,6.928571428571429,0.7903946183862325
0.03,0.3,169,0.032045340428056825,0.020638076248185398,17.411747823140622,0.02100394373771394,3.3886986892656146,0.5796701554654472,5.535714285714286,0.6051968454492304
0.03,0.3,170,0.056831730465230386,0.015597048986668697,28.018056581641336,0.020144258653967954,16.099379982635128,0.6855579562805459,5.785714285714286,0.7575692962540935
0.03,0.3,171,0.06063981949028775,0.010331926480945766,40.02661780885451,0.008872968267283874,-1.5607845777050973,0.6222746227780552,5.321428571428571,0.6679133151078952
0.03,0.3,172,0.0036149846842599863,0.006079784085696496,0.7475007713364192,0.00394960446282247,1.8698139589749492,0.5682492354265102,5.392857142857143,0.5868727307586131
0.03,0.3,173,0.09840215935269858,0.052262009572461056,55.1356062007798,0.0585585922343633,31.62761618241416,0.6866634427359626,6.857142857142857,0.7849988041281867
0.03,0.3,174,0.017489648663750416,0.006320136812084112,13.94873674178028,0.007187853593826284,7.708468901351854,0.6119150407854134,6.035714285714286,0.6333701238827845
0.03,0.3,175,0.02682625889585187,0.005504582441786549,23.283777826867016,0.005778239641665368,-0.43024631279736997,0.6020189075281689,6.5,0.6564316481620149
0.03,0.3,176,0.020327299577241945,0.00876906802949622,8.719094290409494,0.010305757557323412,-1.067948497532863,0.567211099546656,5.321428571428571,0.5905593362313714
0.03,0.3,177,0.04757306470762152,0.02749405982367214,26.002347397378202,0.02838246081292947,13.74665426875105,0.6058812662376416,6.428571428571429,0.6677958024776135
0.03,0.3,178,0.047951551898099666,0.022384875947388708,34.971063080506795,0.026163384100487665,18.9040280641147,0.670148952627663,6.321428571428571,0.7251341607139163
0.03,0.3,179,0.009189772490746366,0.002499516328604149,10.474646780601297,0.0029662954854848774,4.239485478972152,0.5847718657147892,6.964285714285714,0.6221833801443417
0.03,0.3,180,0.0029037419903352943,0.0008724954630711769,1.2405052912815009,0.00042564791804203456,-1.6147560682356357,0.572528161424308,5.785714285714286,0.577569729671815
0.03,0.3,181,0.060042853444137116,0.031201153390461367,34.337806835024374,0.032870465278739505,16.50101309096675,0.5895898848781739,6.0,0.6479977657814355
0.03,0.3,182,0.1321158887391054,0.06560407058244279,45.83039753342894,0.07848847177854064,36.85297164116882,0.6237249296296381,7.285714285714286,0.7388010214395371
0.03,0.3,183,0.07566608589169871,0.0213241212361235,51.90846861301938,0.022618742137718622,12.367030403460982,0.6331931032291245,6.607142857142857,0.7000970200892132
0.03,0.3,184,0.08001987082080128,0.022210525006021456,42.243352599427844,0.02927444878372814,24.154786072068617,0.7023593919507357,7.321428571428571,0.7888810661689702
0.03,0.3,185,0.05354985871917544,0.02376274418359057,33.13706546809831,0.02760611960293729,20.614053310739678,0.5696847379646564,6.75,0.6210512033349165
0.03,0.3,186,0.08044927559508476,0.047461139272994356,32.12792025358206,0.05379698653775008,28.683198083128246,0.5817142308489226,6.214285714285714,0.6373827532265794
0.03,0.3,187,0.11806195712278283,0.04098077963943229,43.608608186093484,0.051237205241815895,33.96627227724829,0.6507222209838671,7.035714285714286,0.767037245524063
0.03,0.3,188,0.08879873006227566,0.013187962171048482,34.95545739530242,0.021364569257404663,13.455590924033336,0.6513650343892831,7.428571428571429,0.7290333812666108
0.03,0.3,189,0.06781285590790724,0.03049276974402006,39.68871967714679,0.035151783075798325,17.078198712796894,0.6564049851852488,7.035714285714286,0.7142744768647349
0.03,0.3,190,0.09457002283020698,0.019736474811627935,40.72656650353912,0.02521767621804145,12.48429330084054,0.6973100284569463,7.821428571428571,0.7831017340576321
0.03,0.3,191,0.005785257191895619,0.0017103445234703649,2.1574204463362534,0.002621184857287815,-1.309219318289043,0.565970570865813,5.821428571428571,0.5781138202915042
0.03,0.3,192,0.08840736740421401,0.012374635231728126,32.96017929787198,0.019501319134140237,13.778309077278328,0.6331143184841191,5.892857142857143,0.7223339845043156
0.03,0.3,193,0.007879205362406409,0.003779182316235865,5.97216345296988,0.0039954127503181594,5.349922220417255,0.5913670899207792,6.75,0.5838380724436347
0.03,0.3,194,0.0039020968175358774,0.002872815130299504,3.2839736976813896,0.002621406957801185,-0.20711945623663533,0.5700486408147534,5.892857142857143,0.5978428360453734
0.03,0.3,195,0.08233831276952355,0.021007894982501652,25.807454407504938,0.024291228552012496,13.523279000982447,0.6518509535034428,5.285714285714286,0.7258104291539029
0.03,0.3,196,0.05682169894872498,0.009610297358514753,33.28099569425159,0.013249547820725356,15.681446601148119,0.6963413881829298,7.5,0.7552592371322048
0.03,0.3,197,0.059026260278305855,0.004373887027801933,19.83227670119743,0.008399781829671214,1.122501818008459,0.6132906357347253,5.142857142857143,0.6735525634734545
0.03,0.3,198,0.01031549118571042,0.003459725220595394,6.856949682305363,0.004334538292917687,1.7534811052258306,0.561155734791098,5.392857142857143,0.5837094150736156
0.03,0.3,199,0.012170953900243458,0.00633264750621208,5.347218087824942,0.007173294730116267,3.3877047980199584,0.6042846001335717,5.785714285714286,0.6379443656302242
0.03,0.3,200,0.005351934010829312,0.0017879676780217953,6.645619190238762,0.0016076093360358878,1.7742900566943167,0.5614797235244736,6.5,0.5743613220479701
0.03,0.3,201,0.09496408397780018,0.02750708326959755,48.98309920721202,0.03395551410321635,18.372774209190904,0.6729548744895404,6.642857142857143,0.7796262952509815
0.03,0.3,202,0.009683318478337179,0.006624200804351038,9.99863367458834,0.004648480319000041,2.9627547953335145,0.612232437571966,5.428571428571429,0.6148442069237993
0.03,0.3,203,0.028194136314921063,0.011707144754034452,17.6426285578017,0.01336122704191395,15.892064501680977,0.5568792372687599,5.5,0.5320127292843492
0.03,0.3,204,0.06534083962079128,0.024015821431947696,54.57603256472849,0.02783585931424745,18.04072353017402,0.6520878394621974,6.25,0.711947288237636
0.03,0.3,205,0.009005454693203702,0.006082692272172843,9.158427373714304,0.008379301565504383,2.677842465741103,0.5689041093736213,6.107142857142857,0.5902142616951156
0.03,0.3,206,0.12622338377708892,0.08465400881626996,44.65374692373838,0.0945689935039938,38.47194661493041,0.5993338345250298,6.392857142857143,0.706005904770784
0.03,0.3,207,0.10454248910868487,0.055009392086498105,45.779799538492156,0.060764712198680994,25.357683379264458,0.6197663749937236,6.607142857142857,0.7164079300838173
0.03,0.3,208,0.05220648077843222,0.02691458514329607,26.799090712238353,0.03205984130903143,17.95419507875094,0.5638725242745005,6.142857142857143,0.6240957289691029
0.03,0.3,209,0.005007903710581129,0.0032709666841405226,6.690525824781794,0.0030174128797855687,1.5569965983873715,0.5932090919409083,5.678571428571429,0.61043667358467
0.03,0.3,210,0.05110922791218698,0.019674151195592317,34.655103348729824,0.02535440303123712,13.580990399805719,0.60236814818945,5.642857142857143,0.6536677828824251
0.03,0.3,211,0.0014715023336559965,0.0005704867572093784,-1.0997966576524902,0.0006036883179142211,-1.8908484049332042,0.5528795495524496,5.642857142857143,0.5687605471747352
0.03,0.3,212,0.06411416334728613,0.026749906119208872,51.310168831836634,0.02526761729543438,7.674225508333279,0.6724111022079468,7.428571428571429,0.7318759336391301
0.03,0.3,213,0.01189928241787335,0.00968298464876085,6.2702802234334385,0.00795922740070135,9.339868206746957,0.5964760162041457,5.821428571428571,0.601397112821394
0.03,0.3,214,0.06598761922972034,0.04615390846346948,20.825339838207743,0.05089012011291955,21.220115524052897,0.5654876924354001,6.642857142857143,0.6138632585998905
0.03,0.3,215,0.03545657693093067,0.009207110314464358,16.47681239099559,0.010891563684253905,11.140573147916712,0.604079774057115,5.785714285714286,0.6587259859588048
0.03,0.3,216,0.028400636609382933,0.013805726839772742,24.73640328356048,0.01266266877070533,8.87310625181729,0.6229555749653599,6.464285714285714,0.658802168502822
0.03,0.3,217,0.09597092808311829,0.0448237217932342,40.0141199953785,0.05449939970348841,21.678943616268384,0.6212503920623165,6.25,0.7124593528182244
0.03,0.3,218,0.02370529534835328,0.01786246758472793,18.181360703957758,0.0170756865158098,12.179314182876007,0.5542549066935379,5.678571428571429,0.568500295373322
0.03,0.3,219,0.03442684978619139,0.00925050920810481,23.339485528362886,0.010432925563930565,5.7069859439585,0.6435760527631675,6.857142857142857,0.6924942154349908
0.03,0.3,220,0.08773429537065967,0.04186538087648461,47.143600087713565,0.047664632534206705,20.30320315048792,0.6127705077691209,6.964285714285714,0.6958962779994172
0.03,0.3,221,0.010264464038938152,0.0033947057730183494,13.323455570435165,0.0036999330967308463,3.919860865623425,0.5747136765553578,6.821428571428571,0.6065483664278374
0.03,0.3,222,0.07056678566330776,0.035803336995705475,24.392941067768867,0.0400681782122966,15.338743767831597,0.6403104060226728,5.785714285714286,0.7061823396802911
0.03,0.3,223,0.009945222064409258,0.0032975582002291426,6.73516110633021,0.004671074094308695,5.598206798239943,0.5716369311113685,5.75,0.5978918205963852
0.03,0.3,224,0.0522095790858913,0.028256147499244138,26.376447376242265,0.03145831616295586,22.966238498312254,0.5842442373254777,5.678571428571429,0.639696161805447
0.03,0.3,225,0.008382567629131522,0.0014979129448695187,2.0829701251472272,0.0017684220762684696,3.34703295234606,0.5626386072958279,5.678571428571429,0.5736457854997392
0.03,0.3,226,0.10534449456861729,0.04172721451325937,30.714318487044054,0.04963119385505398,17.420562203870784,0.5901102585421596,5.571428571428571,0.7013690090668242
0.03,0.3,227,0.11386007723130334,0.043278396539323735,56.344182963955575,0.052089210352980114,27.502037282222464,0.655116423742583,6.857142857142857,0.7606109150021931
0.03,0.3,228,0.008565889664691132,0.00439108762610921,9.335513808810951,0.0038189367967157903,-2.4056847258692073,0.5962099261421845,6.0,0.6166391135272844
0.03,0.3,229,0.0431384044251433,0.011319720415227158,12.305450319141787,0.01038765352431712,4.282837113017972,0.5819826415243616,6.857142857142857,0.6327614682049955
0.03,0.3,230,0.04067542928537625,0.01268187851652486,12.147134882419103,0.01235257027839193,4.191453450730108,0.6316177865942642,6.535714285714286,0.6852690746281697
0.03,0.3,231,0.1127773537384601,0.051404769572886956,50.084786222092944,0.05788816393130237,27.909664555914542,0.642465736079309,6.785714285714286,0.7593848628714962
0.03,0.3,232,0.11333785691127006,0.04373522031511163,52.40832676677552,0.052126008189114545,22.190324269011626,0.6705483361830931,6.571428571428571,0.7850576057062596
0.03,0.3,233,0.048431076190106774,0.035721461379360296,32.869831216513205,0.036323496798514196,15.96062742858056,0.6385963191539001,6.357142857142857,0.7011040398620384
0.03,0.3,234,0.044902760069292946,0.019851313938466897,32.29154711557122,0.021102781537325668,11.23836167159024,0.5872021730117153,6.035714285714286,0.6274434056059479
0.03,0.3,235,0.00379182650287999,0.003228972042982968,-0.21862951854447488,0.003061095145149013,-0.2985835326003136,0.5986732667429612,5.714285714285714,0.609592016978669
0.03,0.3,236,0.034482937599976886,0.024986137773632018,20.572688903841986,0.026425833518283467,17.662927014915255,0.5793861109072609,5.607142857142857,0.6153008395001522
0.03,0.3,237,0.004745489328717955,0.0006379021209601161,3.913356423706823,0.00037407012752550746,1.5456163076515281,0.6013488643474604,6.357142857142857,0.626256661817213
0.03,0.3,238,0.01683199813251863,0.0016422988068094874,16.049078445467764,0.0018419697817446312,0.7180347447744282,0.6023557396553633,5.964285714285714,0.6177483571177552
0.03,0.3,239,0.029767284281598767,0.007709807663711592,26.810640431564387,0.00981496452134087,8.772618332490774,0.6258992057405661,6.785714285714286,0.6510108487654241
0.03,0.3,240,0.0060656833426605255,0.001154058027413061,6.785963242295729,0.001160855304126862,1.5481953032135987,0.5757075644901593,5.607142857142857,0.6011215621489153
0.03,0.3,241,0.06218510036993296,0.024313947463329474,23.712387612481542,0.030096517799113494,12.750084123646104,0.5913130169786386,6.214285714285714,0.6650721306817697
0.03,0.3,242,0.037696890505172574,0.015563005020122192,19.35831366536521,0.018010231653901206,10.170897131849975,0.6157691177700299,7.035714285714286,0.6317295538194896
0.03,0.3,243,0.0014589340322690538,0.0016673592261992282,0.11011369456544884,0.001128757109777735,4.68141320575172,0.5702109009901589,6.035714285714286,0.5828130279653858
0.03,0.3,244,0.06276576407691195,0.02141871719605765,33.566476616463056,0.026302533265171454,6.4482685603558805,0.6549498423937691,6.857142857142857,0.7236741193408807
0.03,0.3,245,0.06550440461323657,0.028182191696627668,26.596873219959072,0.030753933502577026,9.573882242376405,0.6018838540289833,6.75,0.6587438899630761
0.03,0.3,246,0.13583776304762762,0.051925933651471516,57.5386503371279,0.05724186947736111,24.068902637102724,0.6293031713237563,6.392857142857143,0.7626428987858325
0.03,0.3,247,0.0747887506838509,0.025276386112153017,48.44570867019452,0.023903515259358243,10.458556453332804,0.6618630650171399,6.821428571428571,0.7296908806774006
0.03,0.3,248,0.004303690784757013,0.0012381878086736534,2.4116626610244722,0.0012974715532330873,-4.164820626368548,0.5405075177046218,5.285714285714286,0.53596229227602
0.03,0.3,249,0.05406790740814424,0.019756928910072954,38.958545419061046,0.017664299874015472,1.7852808599252985,0.629937917348997,6.142857142857143,0.6808592479671449
0.03,0.3,250,0.03165513588846108,0.008249177826257044,18.457126649891165,0.00585721670957751,2.2706759914842394,0.5925480521318077,5.642857142857143,0.6190946074793746
0.03,0.3,251,0.03481984322589927,0.01574084138605596,22.54160096580091,0.018662294010488422,13.38351457986451,0.6047324901846828,5.607142857142857,0.6418788812115637
0.03,0.3,252,0.040837811731700986,0.020162269342351352,17.96985573811071,0.020909039040020002,9.15120291008146,0.6339569359475395,6.321428571428571,0.6590617765647557
0.03,0.3,253,0.00569541189783674,0.003934858026957606,0.044235088818595614,0.004156551984853801,1.2793169867161964,0.5145428034316789,5.571428571428571,0.5486664104348842
0.03,0.3,254,0.005386317758264033,0.0005513817245203357,3.1991111321495396,0.00037473461743941356,0.52598033090761,0.5610683863555194,5.285714285714286,0.5659335954261626
0.03,0.3,255,0.034251837349453404,0.007318579890797036,18.189772625597605,0.006700861802990084,-0.23808414686225396,0.617345692109204,5.571428571428571,0.6527799253222977
0.03,0.3,256,0.040220527684706894,0.013342239454518037,14.976594955359879,0.017297077070768968,9.449026212943437,0.5818690041409218,6.714285714285714,0.6256871334296572
0.03,0.3,257,0.016252020842424858,0.0030965508718419172,11.803550424053782,0.004462113111387504,2.9225713061104557,0.5768977156208362,6.178571428571429,0.6040291020335675
0.03,0.3,258,0.047518121233976245,0.011851569557874251,14.267960378807231,0.015569750578561812,2.117165852564881,0.6830034068233618,7.285714285714286,0.7197141156995279
0.03,0.3,259,0.07171861546481852,0.029686157404859345,22.655355212602984,0.03287852744880691,14.940016772442638,0.6285674261599404,6.392857142857143,0.7106592057730395
0.03,0.3,260,0.11471450015605304,0.0585448500477626,56.65741540362075,0.06809304356187425,30.81692015216004,0.6585220675857503,6.178571428571429,0.774370444037562
0.03,0.3,261,0.0011065961725427729,6.164755082842997e-05,4.58880713486009,8.828929839095877e-05,-1.7345644489385468,0.5647615419623938,6.0,0.5553403493124542
0.03,0.3,262,0.1162316735862794,0.07174735617079742,38.563255024652264,0.07931562077564203,31.86177936046504,0.614898103133329,5.821428571428571,0.7063021657493269
0.03,0.3,263,0.13169014277716162,0.05750176178042081,71.88010862055255,0.06622148953530547,43.054130288144364,0.655693169542908,6.392857142857143,0.8189236835833171
0.03,0.3,264,0.010056871693994269,0.007875961068519307,6.239847744035671,0.008505212230765212,-2.214452151836364,0.530130765978629,5.857142857142857,0.5753040483402885
0.03,0.3,265,0.09364241598016022,0.047859164164125154,43.81684615233057,0.051809056582678724,15.265827206144015,0.6355390421476204,7.25,0.7070292594328994
0.03,0.3,266,0.11295264600894818,0.052164802329825344,52.45146554678385,0.05917749375737117,27.291347852732844,0.6301081578625471,6.535714285714286,0.7262438468752792
0.03,0.3,267,0.11937561178273107,0.04410137539870531,51.034261220118026,0.05495887296550332,28.60570336008098,0.6640083724965307,7.821428571428571,0.7630350769468086
0.03,0.3,268,0.039364115910347795,0.0041891249605496535,28.38672424476316,0.003638079250735557,-0.5919623620928197,0.5945401403436134,5.535714285714286,0.6295641449703118
0.03,0.3,269,0.05628552611339773,0.022833859216682247,24.07693585783512,0.026180345775549407,14.041344182326924,0.6489006728544642,6.107142857142857,0.7165162895433761
0.03,0.3,270,0.019310663565517163,0.010804666552085408,2.372317254567193,0.012857330919586964,7.870578761651511,0.568545721589152,5.892857142857143,0.5968144219932869
0.03,0.3,271,0.05359715427404547,0.018965684172498897,33.42426501476508,0.01673491255101749,11.241053671227471,0.6207573597796582,6.464285714285714,0.6769812607588417
0.03,0.3,272,0.11412571111925102,0.03646736477205469,49.19531882996429,0.04420520247776433,25.657518113254653,0.6930995299152088,6.857142857142857,0.7832990100327855
0.03,0.3,273,0.01055651999873246,0.011351401540185057,0.6243032923803327,0.011272361659652796,2.101159327895848,0.5519664051830693,5.428571428571429,0.5676167629378219
0.03,0.3,274,0.06986290364859554,0.037107958448023934,31.285566146063758,0.04261237315662637,20.412987691815303,0.5849977885751942,6.464285714285714,0.6414050587794244
0.03,0.3,275,0.03602805171471572,0.029400397242339574,22.15399704396561,0.024433757023346554,4.135385206070225,0.6328709711408692,5.785714285714286,0.6691695827604074
0.03,0.3,276,0.09250152471878588,0.05473777305744929,33.05501999017676,0.060796193902159595,27.67483564431367,0.6477529882068741,6.892857142857143,0.7145423831308955
0.03,0.3,277,0.09180661354401022,0.03137155115422895,47.46591260269369,0.0365475424301616,20.86933838860827,0.6976039327178327,6.75,0.792919364624507
0.03,0.3,278,0.03733143911673061,0.01471721814471256,25.473514910327395,0.01240875710761092,-0.6336566018681443,0.6086466980902483,5.5,0.6348890975934749
0.03,0.3,279,0.028651751947427747,0.004976326477471751,24.833495113323565,0.005220494891627528,2.3734614851022777,0.587870940130946,6.714285714285714,0.6013665754298391
0.03,0.3,280,0.15169090484789421,0.08869320437012963,60.27765742578986,0.1034476278801309,42.36419558745326,0.6035200146312355,6.5,0.7382474054872383
0.03,0.3,281,0.03503764455185359,0.01923504426910382,30.978020083548444,0.020236154605969458,14.500766496677727,0.6481671064087241,5.714285714285714,0.7044203844914086
0.03,0.3,282,0.16271938383109041,0.060240886483688166,71.09669965625498,0.06708429421160408,32.62534178830915,0.6291165324266794,6.607142857142857,0.7953333072048867
0.03,0.3,283,0.03399733046600655,0.009835932433771679,30.238641983327867,0.009623728719230003,7.856304647392676,0.6202882749397572,6.535714285714286,0.6563435765544872
0.03,0.3,284,0.07671074176551507,0.020369738440608343,61.566099895711275,0.01783212742846976,2.645665583651862,0.6484493704504443,6.678571428571429,0.7209380656184874
0.03,0.3,285,0.12078621013691593,0.05344688809350199,47.53445716605212,0.06510937669426922,27.963579682502246,0.5970596074856601,6.071428571428571,0.7045731116829004
0.03,0.3,286,0.00611030186076007,0.004074780068535874,7.143432655193237,0.003895636798613104,4.711924478617846,0.5789864751891614,5.714285714285714,0.6072297546083713
0.03,0.3,287,0.12266624879015729,0.06651863444061877,39.81603942446138,0.08019995512674755,27.400725247301537,0.6134707918374848,5.678571428571429,0.6911802425732065
0.03,0.3,288,0.032018977689083454,0.004711585604700933,22.329449280959864,0.005481468179229687,-0.710891877244857,0.5860532039189309,6.678571428571429,0.6199635551922942
0.03,0.3,289,0.05095548318794611,0.027129595987489874,33.7512666852687,0.030261521474849493,16.528417928122327,0.5797863813496209,6.214285714285714,0.6291705385123658
0.03,0.3,290,0.018856395176439486,0.001783585743900154,18.494177861403223,0.0025880472853600524,4.241218352766414,0.5797628551781046,6.035714285714286,0.6106469651674227
0.03,0.3,291,0.031624421589251696,0.015194656663437087,31.070589578549505,0.016569166431586037,15.71427547885522,0.6298855934421796,6.5,0.6673332354279347
0.03,0.3,292,0.07673999792908373,0.02178115677873285,59.591756670097794,0.02148840376996718,13.005734851216141,0.6389092189356217,7.071428571428571,0.6970083278916812
0.03,0.3,293,0.003799570886536711,0.00277681188746732,0.08976126649861982,0.0029985308658177874,5.6966125915197665,0.588973301538511,5.571428571428571,0.5995312942908793
0.03,0.3,294,0.013461195766211272,0.006849868216766763,6.393737540623711,0.007572361129372271,2.2667387588001113,0.5580474586263678,5.642857142857143,0.5864882171208138
0.03,0.3,295,0.02230398692360762,0.01615895661480978,28.885247224300834,0.013056770354202735,11.54548325846819,0.6590099840358487,6.464285714285714,0.6956394661808472
0.03,0.3,296,0.031983207791854,0.014447463420777311,27.78128366259574,0.01309844705606367,5.475521407963612,0.6148355530964836,5.464285714285714,0.647415483305444
0.03,0.3,297,0.006388660939078587,0.002927941975699504,5.899282733941902,0.0024197260222056116,0.1707672949247391,0.5224769639828077,5.571428571428571,0.552472369230498
0.03,0.3,298,0.04074015292907173,0.012653048703978613,30.977101096457307,0.011516292517175014,6.038688037353789,0.6173938953510172,5.928571428571429,0.6619600626943913
0.03,0.3,299,0.007728102679067555,0.005890818035693436,-1.166493294836208,0.0049916043902649655,0.7710069428481555,0.5475998512556645,5.142857142857143,0.5611558817110802
