leak,strength,rep,phase_fst,spatial_fst,be_phase,parkin_fst,be_parkin,hs,rich,ht
1.0,0.0,0,0.0042791504892723585,0.004242350062434915,1.8077080404303747,0.0039048223759252684,-0.10814192432186094,0.6186966518505823,6.714285714285714,0.6446623604284167
1.0,0.0,1,0.005481902455721567,0.0060079172126086666,-0.6604449711180868,0.0066706595697516614,7.327672602598,0.5718229607787562,6.5,0.5883262542694199
1.0,0.0,2,0.006918123550799662,0.003475072792791792,2.7510429637680525,0.002800194535081314,0.07205655211036326,0.599674449015604,6.142857142857143,0.6015827612522003
1.0,0.0,3,0.0036882230286430433,0.003440470075373339,0.3306412368207627,0.002955603091417941,-0.3008752899132503,0.5269239007694972,5.535714285714286,0.5399802928210964
1.0,0.0,4,0.001996855490710399,0.0017190395154705262,1.7644150278853015,0.0012995198434486224,-1.1767180992743154,0.597918453082417,6.214285714285714,0.599894182305542
1.0,0.0,5,0.0008890221994183676,0.000723337858134961,-1.747913084659596,0.0003992586267912415,1.696981464550106,0.5698392361148069,6.285714285714286,0.5629255718321451
1.0,0.0,6,0.00211624304410214,0.0006686936219586195,1.6033690467662798,0.0009601677448566784,-0.2209447360580062,0.5696517758864449,7.071428571428571,0.5902540226663989
1.0,0.0,7,0.0013332821818811227,0.0014720285572600907,1.5785064034382117,0.001124592748017886,0.6858667779525547,0.5717302466264739,5.642857142857143,0.5891483297014943
1.0,0.0,8,0.004718608469691862,0.009214937257744938,0.08928531396358608,0.009043682606325936,3.138101855832673,0.5755015984637996,5.071428571428571,0.6011036179109264
1.0,0.0,9,0.0007475880117387047,0.00466152285602971,0.7960337221588247,0.0035353120776382345,-2.656994034034701,0.5951475346441976,5.642857142857143,0.6051553443696667
1.0,0.0,10,0.001453151169777611,0.002196955158605994,0.5373499793983001,0.0011033405723283153,-0.004561400503755901,0.58986977531864,5.857142857142857,0.5844571084205294
1.0,0.0,11,0.0007080946451284155,0.0008174950941087164,-0.9367827673844052,0.0006964342040866749,-1.0376659118850853,0.5807941415369954,5.285714285714286,0.5780279414215783
1.0,0.0,12,0.004583457728659721,0.005394565619931078,3.02104829819811,0.005820851627723272,2.0250820452229257,0.6074107662942559,5.607142857142857,0.6118337693067339
1.0,0.0,13,0.002337065038302119,0.005910672735084097,-0.6020111023897433,0.0045845775736237755,-0.2517759147782215,0.5951182835957727,6.5,0.6151112582234637
1.0,0.0,14,0.0029553984973315897,0.0046784272971168534,0.033895504110015885,0.004325859190309437,2.9325143797645885,0.5591449180114512,6.071428571428571,0.5981248744047931
1.0,0.0,15,0.002208035292512006,0.006959972864136213,-0.5709742951390903,0.005594845163479533,3.6999211670736636,0.594198507892168,6.607142857142857,0.6059317243571318
1.0,0.0,16,0.002469630736886579,0.0024301538472335724,-0.2636913751043342,0.001776001225364681,-0.06545432285956092,0.5757164436243725,5.357142857142857,0.5666513548872835
1.0,0.0,17,0.0014845890894907676,0.0029933719765622255,3.201450595114551,0.0018992008688846942,2.750274291103068,0.5694320733622785,5.535714285714286,0.6106371783156498
1.0,0.0,18,0.0017063397015522669,0.002244035715406921,-1.3330166250163604,0.0022304878867600263,0.5937549192826074,0.5975369011590661,5.035714285714286,0.5928034522903373
1.0,0.0,19,0.0027247239995425694,0.002370701708028476,-1.1244545103647756,0.0035144748748074223,4.762330550714552,0.5774212290908239,6.142857142857143,0.5824979577239286
1.0,0.0,20,0.0029511690019042754,0.0015255998618011397,-0.08900360254412476,0.0013291835443657004,-3.1494556388907142,0.6105113378303978,5.642857142857143,0.6118615305717838
1.0,0.0,21,0.0006827745989788928,0.0007432509774438628,-1.7795065819285867,0.0010728285666748204,1.0187880216836902,0.6117260535730494,7.071428571428571,0.6101984396851388
1.0,0.0,22,0.00033746422830915304,0.0005693092957741669,-0.5609062613500649,0.000383964299516719,-0.44089899995334275,0.5869569586833562,5.785714285714286,0.5979486306054438
1.0,0.0,23,0.0013981224755530595,0.000992596976175103,-1.2992162653550565,0.0006990421953907539,1.2923384241764115,0.57864572026491,6.357142857142857,0.5713024631519373
1.0,0.0,24,0.0002023524784475117,0.0008035780916073784,-1.5303722872828587,0.0008162012624425698,1.7397295576860377,0.5087139790452733,5.0,0.4941782188021304
1.0,0.0,25,0.0009043666923131706,0.0009048205861917108,2.8698814605140797,0.0008104714507156084,0.029021938530036095,0.5662956930834725,5.714285714285714,0.5817038044917737
1.0,0.0,26,0.0046404151691503545,0.0011275665279752074,-0.7922744557277781,0.0013108940615087765,-0.45163853615746535,0.5952176589953427,6.285714285714286,0.5939821795108677
1.0,0.0,27,0.0017365180729917433,0.0011822515418206992,-1.0058600340071184,0.0010256217719444914,0.22135129605880857,0.6158258153068609,6.178571428571429,0.6197950262082688
1.0,0.0,28,0.0022963564464388735,0.0012779072096899453,1.2830121857254824,0.0017400004811003724,-3.545516768786181,0.6081498860107557,6.035714285714286,0.619755919034894
1.0,0.0,29,0.0019644525673699425,0.001012004869127499,-0.25204596620181025,0.001347443314767391,-1.6854587318946226,0.5983824363125084,6.607142857142857,0.5902832122284187
1.0,0.0,30,0.0031429254611370213,0.0005329850017989213,0.8353686397539851,0.00020538100598700145,2.602782593037413,0.5648320580272751,5.392857142857143,0.5772429313017171
1.0,0.0,31,0.001000073011203902,0.0035252074908391955,-1.4006815270866184,0.0025040457049309846,1.0567469199214656,0.6056937907635668,6.678571428571429,0.6110862268362607
1.0,0.0,32,0.0006526746835047913,0.000875033332636904,-0.03450785270766232,0.0009156972738332735,1.1987205594004895,0.5744178402320227,5.035714285714286,0.5917525878239062
1.0,0.0,33,0.0018481644478722191,0.002639227861570742,-1.023755256163516,0.0024251410033872345,-1.9201549144451537,0.6153173617609775,6.178571428571429,0.6374571252533108
1.0,0.0,34,0.0015707879849407706,0.00045245196239280367,-0.8276306394970258,0.0006650675482664381,0.49996373366694985,0.5853564935077792,6.535714285714286,0.5853316989123232
1.0,0.0,35,0.0022353711375977343,0.002910799820290755,3.723542058630765,0.0026296826321170605,1.8700186553695726,0.638168378674246,6.428571428571429,0.6513297009763229
1.0,0.0,36,0.006936719276101256,0.004889148607365238,0.353796923371353,0.00416746343243872,-4.078575532527755,0.6067111838811243,6.535714285714286,0.6165714102392226
1.0,0.0,37,0.002402401256947102,0.002544291219903712,-0.4238501809297664,0.0031749002227890485,0.42253501470297766,0.5583396096085708,5.75,0.5732435086756795
1.0,0.0,38,0.0020111985319137523,0.0017950416731295328,1.1860018427193875,0.0014136724864785663,0.36900618569787486,0.5941165696252498,6.035714285714286,0.6141164493838888
1.0,0.0,39,0.008948318399423177,0.013396162718158945,1.0288494188085526,0.011799802340794752,2.230713389230914,0.5643468292187305,6.25,0.5608626885534937
1.0,0.0,40,0.002593238394096713,0.0037353663932199023,-1.671762205733927,0.004074802623144798,-1.264534659795629,0.5655832760826714,5.785714285714286,0.5764522784029815
1.0,0.0,41,0.0021377213225494997,0.003406772428928272,-0.7522379150643038,0.002202052201636972,1.735212052839472,0.6181216419655764,5.75,0.6388499863766118
1.0,0.0,42,0.0006081692129244928,0.0008982931089505895,-1.2161557417578308,0.0007649216695654837,-2.1797424011822764,0.5637908789776805,6.071428571428571,0.5765859649876837
1.0,0.0,43,0.0008581961355841285,0.0006875398172142065,0.19060981879707128,0.0006422640188353871,0.05003454693177408,0.59519489315624,5.857142857142857,0.588722827964029
1.0,0.0,44,0.002823301830833661,0.0021257949775134633,3.6674617439024453,0.0014363935367167954,-1.1120728226323138,0.6109407806427484,5.5,0.6221426837391272
1.0,0.0,45,0.0027202312623470118,0.004398017066723905,0.04916917063074303,0.0030520535590950666,0.07789099965398805,0.586934094989621,5.5,0.5842708967176785
1.0,0.0,46,0.0019631553339214732,0.0019381765838687752,-1.4489122776603172,0.0015040376944477406,-2.163023090329441,0.5944198756619231,6.75,0.599650486678865
1.0,0.0,47,0.001128280036036141,0.00041846381773399146,0.04633927252106673,0.000512167867529105,-1.9933049231985933,0.5996659870108957,6.464285714285714,0.599900368239602
1.0,0.0,48,0.004652275406412107,0.0023489414633632894,0.9884441892190713,0.002363532562875594,-3.6487932304313895,0.5615425574320821,5.607142857142857,0.5860412305782228
1.0,0.0,49,0.0011330859321960773,0.0027488144779310116,1.1865509662625395,0.0021365155901450672,-0.45640168639675,0.6166565208568213,5.75,0.6398967470038617
1.0,0.0,50,0.0021555239585110786,0.004210807619006455,-0.8764925442336183,0.002558685135566659,0.21917758936921436,0.5473642342370864,6.071428571428571,0.5542175871929158
1.0,0.0,51,0.001550223230513036,0.00039507082576709275,1.8534800630817188,0.0003558180464564291,-1.3630912692055308,0.6372521309628459,6.571428571428571,0.6354727681327192
1.0,0.0,52,0.0014805681123414279,0.0005578639850912791,-0.08696142570852317,0.000532282741890881,-1.5880012668797672,0.6376824716468633,6.428571428571429,0.638864038002436
1.0,0.0,53,0.002638903915381742,0.0022211162850747867,1.3619699262803522,0.0018930241597120267,-0.15704914770908354,0.5998392949284644,6.607142857142857,0.6060327512216829
1.0,0.0,54,0.0004971386788391021,0.00039204791086120934,-0.2157728537129723,0.00027837449810036696,-0.010608435224005083,0.5691929085738198,6.285714285714286,0.5554763895696281
1.0,0.0,55,0.0013999898903614004,0.001644032117347108,1.4513740315288715,0.001182863467142561,0.676417628756127,0.624798374053385,7.428571428571429,0.637950984076747
1.0,0.0,56,0.001892846250174816,0.0004372481329864533,0.45071845298074703,0.00025281055583167963,2.825796974969004,0.5448967678127667,5.928571428571429,0.545989922731196
1.0,0.0,57,0.001759586784152901,0.0004818962365952515,-1.3267459606197747,0.00038490152286891754,-2.5031568489607046,0.5800891524237163,6.285714285714286,0.5890583067586695
1.0,0.0,58,0.0007782315697076636,0.0007635492240274412,-0.3246968939500145,0.000723634914289726,0.11024458480956885,0.5477756100175771,5.714285714285714,0.5574769910536457
1.0,0.0,59,0.0008819893600173214,0.0027927145967465337,-0.27100722818995376,0.0016073921288913477,3.3739724429915348,0.5870390024531602,5.75,0.613556265277214
1.0,0.0,60,0.0020244412341295114,0.0019253393349539514,-0.6167618630537012,0.0018766148879127433,-1.129898755974106,0.5266348190747875,5.892857142857143,0.562619363066959
1.0,0.0,61,0.009433020701935108,0.007076678707597826,2.3720123614991544,0.00785016626195865,0.044995142500492115,0.5271746202993918,5.285714285714286,0.5355474927073998
1.0,0.0,62,0.0022699339946920956,0.0011418692995138655,0.170532943162821,0.001390925446359034,-3.05112438362616,0.5603167205168189,5.678571428571429,0.5669837658609675
1.0,0.0,63,0.003059861812875421,0.0007591118803071341,3.0992611774570378,0.0010992652993976248,4.298646767231882,0.5819216841787483,5.5,0.5753019260116923
1.0,0.0,64,0.0017867145271017707,0.002083223734089628,-0.8441492797755075,0.0018221907341835304,-0.032488334490778925,0.5737977575789636,6.964285714285714,0.5844951292835323
1.0,0.0,65,0.0019659192062303193,0.0044139184750455075,-1.6775708738629191,0.002979267832470018,-0.5924966957657981,0.5963167198193597,6.714285714285714,0.604121730109598
1.0,0.0,66,0.001721786939795907,0.0012197688185551054,0.9782082282789967,0.0009504659843856401,-3.0860820966641334,0.6138336418527611,5.857142857142857,0.6150222914157224
1.0,0.0,67,0.0027517284511509982,0.0008884932345670567,0.14045969997856864,0.0006398735558753401,0.8811830140113557,0.537110805775142,5.428571428571429,0.5353426226180753
1.0,0.0,68,0.003092403450200724,0.003461215495181121,0.4083445856659201,0.003926826251255944,-1.0146749096237027,0.5439047542623182,5.642857142857143,0.5572773614060207
1.0,0.0,69,0.005717736303896972,0.002039981896046988,1.7134521340379933,0.0023449396832232825,-1.7188678219845788,0.5734815644340391,5.678571428571429,0.5735164542149525
1.0,0.0,70,0.0062100325668459095,0.0056292687995442335,0.893947190168196,0.0049513579811838035,0.1629434854508247,0.5551155040086148,5.678571428571429,0.5890877880151411
1.0,0.0,71,0.0053511204620230665,0.00367356333538423,5.248355385963937,0.003026712417576113,-2.262181748728011,0.5991229792151244,6.214285714285714,0.6017532516299522
1.0,0.0,72,0.0006311889540910004,0.00010005418589532266,-0.06500703455096375,0.00016135090660598334,-0.31110872056943134,0.5776632887327823,5.607142857142857,0.5759026355302821
1.0,0.0,73,0.0017043184404879248,0.0012651053846339658,-1.2944934629676936,0.0014186833870676986,0.6633983536418194,0.5580853345090119,5.214285714285714,0.5614957660977832
1.0,0.0,74,0.0010031426492937228,0.000503075803275332,-0.34284096002277425,0.0002371402285865,-0.31284233969224334,0.5516389423527059,5.785714285714286,0.5432994437522596
1.0,0.0,75,0.0016716301421564512,0.002026326624873522,-1.3396264716054513,0.0017718337260402772,1.5525154130162093,0.5662349138283026,5.892857142857143,0.6020661492506664
1.0,0.0,76,0.0004600817644919293,0.0003763759553423539,-0.051492251845720226,0.0002055078661630153,-1.802550080575107,0.5845216925071003,6.285714285714286,0.58415317286038
1.0,0.0,77,0.002556272803048188,0.00075844356377479,3.3771027947396797,0.0007916771316839528,-4.244287382633549,0.6556851437751261,6.285714285714286,0.6613844891907869
1.0,0.0,78,0.003166879115362406,0.0035842875456343387,-0.08944426471358231,0.004821115398708723,0.4324396268948287,0.6123494539027635,6.428571428571429,0.6124827693447095
1.0,0.0,79,0.004702700907769773,0.0025399565523983817,0.1318833130953294,0.002731472557690194,-1.6963820270972196,0.5538785863221812,5.642857142857143,0.5643940622858481
1.0,0.0,80,0.004398253121084203,0.00153838660064564,2.0844508175873577,0.001632610532755935,-1.4820412520261925,0.5635845993438098,5.571428571428571,0.5809844960325304
1.0,0.0,81,0.0020246662057163186,0.005719718799256215,-4.737555673172665,0.0060969755377976555,4.7952433715292,0.5444676383151251,5.678571428571429,0.5810277070450863
1.0,0.0,82,0.001322494846029373,0.0025367778369968647,-0.07625157679612471,0.0018537042431960137,1.1790507036846047,0.5879430426597206,5.535714285714286,0.6104218374013552
1.0,0.0,83,0.00038920020834136746,0.0004491145431513402,-0.9928017720634159,0.0003652341956665149,0.528899240008163,0.5820926431619627,5.464285714285714,0.5957978768878522
1.0,0.0,84,0.0038968977291566932,0.005342924084400851,2.1370251428206095,0.005342465393388064,-1.1355722838860156,0.5563341102152002,5.642857142857143,0.5635993256647902
1.0,0.0,85,0.002523218262145455,0.0024809471213111125,-0.43075796301566055,0.0023237906460769177,-3.594454160808444,0.6019086406515708,6.107142857142857,0.6035676112358309
1.0,0.0,86,0.001825173206281748,0.002031559099513706,-1.6325887024997219,0.0011773380336572374,1.0061273552684515,0.5742080158724602,6.464285714285714,0.5852122550636034
1.0,0.0,87,0.0042171517823441544,0.009113537478941143,-1.139189389375294,0.005910979721728657,4.849179287776479,0.5949317698016088,6.464285714285714,0.5688412057198203
1.0,0.0,88,0.0020525146798993656,0.0013144071337769056,1.0413152377895283,0.0009760599591700816,0.8431316856751797,0.543057034093312,5.142857142857143,0.5539087230023771
1.0,0.0,89,0.005161780775072552,0.0007724646177932023,2.903636570103894,0.0006412075492655587,-2.7556384035783217,0.5583432112351626,6.535714285714286,0.5762046901641401
1.0,0.0,90,0.0019574052642222033,0.0025998051976054747,-0.4247954471587813,0.002455770575355901,3.5879381353997153,0.5494286289044085,5.178571428571429,0.5703529474197968
1.0,0.0,91,0.00047684690953166315,0.0022950349454535623,-2.1257558890966286,0.001533687704166479,1.8117401887013311,0.588656454240567,6.035714285714286,0.6119388798936075
1.0,0.0,92,0.010467652042653779,0.004345093377466107,4.125494481920204,0.0043893625758266875,-5.028105037837264,0.5638857359417773,6.392857142857143,0.5810179302517426
1.0,0.0,93,0.0012162496371637909,0.0006046522702985029,2.8333877417793567,0.00035035333545202914,-1.9530316649458257,0.5878585051866738,6.357142857142857,0.6017956479097293
1.0,0.0,94,0.001407938693292098,0.0006193392008662699,-0.8510107997801413,0.0010116644068861099,1.284407391220346,0.5733888629365539,5.678571428571429,0.5702020307455911
1.0,0.0,95,0.0051713889334543675,0.006433672060807735,-1.045766268858074,0.0064532968112838525,1.397686727326904,0.5637773708363271,5.035714285714286,0.5809369397784886
1.0,0.0,96,0.005442086073435623,0.004931087784166792,3.939769074637345,0.00592170668227378,4.95746534049124,0.5908710086873213,6.071428571428571,0.6008990998666297
1.0,0.0,97,0.002257739725691974,0.0018305216511955386,-2.1612817569606952,0.0013331695540979027,-4.876525830423115,0.5665237969035678,5.75,0.5689183236977687
1.0,0.0,98,0.0019453377344858117,0.00031388996970869136,0.14753045279973284,0.000700557809920827,-0.35274359217648527,0.6076323620278996,6.321428571428571,0.6028993191303316
1.0,0.0,99,0.0007767724030122177,0.0023044028620699828,-3.3000692003904817,0.002041621902026294,-2.1351460888547726,0.573276838233386,6.642857142857143,0.5537168182285053
1.0,0.0,100,0.005455821415191583,0.005880104808968072,1.5935654365260443,0.007252068761870829,3.9680787597992833,0.585067412993663,6.785714285714286,0.6044159089932624
1.0,0.0,101,0.001080639908353875,0.0009165747625162601,-0.39853043768211666,0.0006719641267891303,-0.6813639792067363,0.585316251621997,6.285714285714286,0.5901100463084556
1.0,0.0,102,0.0007175954469882263,0.0006583101160733477,1.0278892244628253,0.0009127437207215914,-0.16991830648183281,0.6018769202781348,6.5,0.6001381897435292
1.0,0.0,103,0.0014775118807788632,0.002382152149545306,0.8695103150502064,0.0017500325708660802,1.1204865177085992,0.5511177319794387,5.821428571428571,0.5568915401724037
1.0,0.0,104,0.0013241799588955031,0.002839736052589242,-1.9845996694355676,0.002311345792907733,2.6211977577647,0.5876235381665238,6.107142857142857,0.5963561398345181
1.0,0.0,105,0.005481863785471497,0.001597743826011718,2.994119442694654,0.0019591427787121413,-3.5116038299084855,0.6025852974809182,5.928571428571429,0.6117990677254217
1.0,0.0,106,0.0011897109892624396,0.00052096731862677,-1.5974119660752326,0.00030187511946531086,3.3478321363728867,0.5699633141726471,6.5,0.6089252034622864
1.0,0.0,107,0.00048147098097378377,0.0015762018639419613,-1.6648195100891503,0.0006732964394874555,0.3436283119319607,0.5884395870970544,6.178571428571429,0.593938727096007
1.0,0.0,108,0.002740643122442219,0.0015580334667811076,-0.7472078340149437,0.0015110479412860371,6.5267198410836045,0.5858997004696299,6.535714285714286,0.5996461716126671
1.0,0.0,109,0.003997292119823333,0.00406093221834038,1.5952670495449677,0.002661380879435642,-1.2847068765775493,0.587238962041784,6.428571428571429,0.5964920996242569
1.0,0.0,110,0.0010220819672363884,0.0012774168389242425,-1.0283230954898386,0.0011702941308494082,1.0794767997604613,0.5757925319233171,5.857142857142857,0.571306798334994
1.0,0.0,111,0.0021875050340341567,0.0036838206314147542,1.2332519283072922,0.0028705241340532656,0.4912281850585221,0.5996382266710066,5.892857142857143,0.616067201291969
1.0,0.0,112,0.0019726245997206777,0.0041159017587802426,-0.6151285515087466,0.0034272023421084274,1.3458392028608632,0.5974273813271241,6.428571428571429,0.5950684194733787
1.0,0.0,113,0.00966237979470838,0.009924050558636847,1.1305816523405952,0.010272650285104473,0.438757261196874,0.5651431080997447,5.714285714285714,0.5758796218438931
1.0,0.0,114,0.0009810828870459166,0.0005744215343283734,-1.1712409263934849,0.0005021117436259663,-1.3504896289748842,0.5705826260551459,5.178571428571429,0.5713141510468605
1.0,0.0,115,0.0016322995205110252,0.0013335378754365144,-1.6219294309047427,0.0014950485040840316,-1.1030010074953225,0.5764676152837641,5.535714285714286,0.5764456297811706
1.0,0.0,116,0.0015547861142521826,0.0004776187767332381,-2.793500308787486,0.00040036353632757994,-1.3372838695504374,0.5499117666500334,5.928571428571429,0.5743599943352937
1.0,0.0,117,0.0030495648427462,0.0003953992214575925,2.6813468827540228,0.0007485735809943691,0.25500459842675127,0.5911647911969605,5.285714285714286,0.5993445293744133
1.0,0.0,118,0.010239157224981517,0.006567192094073304,5.52603427135323,0.007076015215966067,5.915090588205828,0.5944430733734858,6.0,0.6093848233921609
1.0,0.0,119,0.002270278738416869,0.0024841926344438413,0.47506126874292437,0.0015516138905564303,-3.1730696611876303,0.5755030806267867,5.428571428571429,0.5840939991204206
1.0,0.0,120,0.000640605193522536,3.21706805628622e-05,-2.2775161151845773,6.858440539499854e-05,-1.797617923914127,0.5308797289363715,5.357142857142857,0.5473904684945323
1.0,0.0,121,0.0027832994902657463,0.001152321013522531,1.1301457530095433,0.0008152770312358428,1.2922681538910297,0.5742572562419903,5.178571428571429,0.5864987181210717
1.0,0.0,122,0.0018347398187534736,0.0019066775585362798,1.692670373088627,0.0009389262264344755,-2.917938628273447,0.5645171711811614,5.642857142857143,0.5866770440152997
1.0,0.0,123,0.0008519623724835923,0.0010134626954751754,0.26347201198953485,0.0007100071944779378,0.1297328439772419,0.5659325928677772,6.0,0.5565877856639831
1.0,0.0,124,0.0012908494949653623,0.0023086575290710357,-1.9670977246051489,0.001714120752280679,1.331332032032454,0.5524600868426702,5.571428571428571,0.5422148131384472
1.0,0.0,125,0.0065128150827310554,0.005901549375517855,2.2144448561264958,0.005536021216806051,-0.5413201514386685,0.5641993130359134,5.535714285714286,0.5806587437390867
1.0,0.0,126,0.0015625328530385315,0.002692717315325631,0.4325235226111867,0.0012610825727641436,0.7635594582763096,0.48972374096486176,5.285714285714286,0.5129174649895369
1.0,0.0,127,0.0015228849313961028,0.0038577427863446256,-0.17191685737816442,0.002681149628742279,2.563099998558092,0.559695220689951,6.428571428571429,0.5696151113336617
1.0,0.0,128,0.0008152253921978251,0.0009120992609229607,-1.6574059237093763,0.0011046857920519158,-0.49898721760211134,0.5750152958123278,5.964285714285714,0.5847112346384586
1.0,0.0,129,0.0018598824181456047,0.001299480064400571,2.7816270713159574,0.0012005292804720216,-0.23983766157961858,0.5990835904654984,6.214285714285714,0.5995446418266477
1.0,0.0,130,0.0005682154788765982,0.0023631720297453925,0.4330398478107327,0.001954383111070715,-0.5604502951658029,0.597088453082226,5.321428571428571,0.5946590514566161
1.0,0.0,131,0.0014275251442659657,0.001386165202005272,0.8054871894052932,0.0008183661978381502,1.9771873710493726,0.5863862258412603,6.571428571428571,0.5849643952471688
1.0,0.0,132,0.0028779874720060283,0.0018214606849737847,0.8258263171611399,0.0023121922329131343,0.731526109809541,0.6001672755923944,5.928571428571429,0.616319335940884
1.0,0.0,133,0.001135879107710179,0.0004361242417095721,-0.7829110119031952,0.0004451026049036463,-2.204468308609402,0.5428675324226376,5.678571428571429,0.5576963151059691
1.0,0.0,134,0.008120352174736067,0.0053094826066924965,4.100642752204361,0.005439622376467935,0.5374970372237536,0.562890613934232,5.892857142857143,0.5778326067232926
1.0,0.0,135,0.00284901692816189,0.0022679908294376103,1.1318512002878645,0.0017924506710963865,-1.2048040142427492,0.5610933140846377,6.642857142857143,0.5741949556262582
1.0,0.0,136,0.0031191140236598515,0.00044198579708241764,1.4942687883769092,0.0005872092215876424,-2.204630563153946,0.5595350177877221,6.5,0.553613065529596
1.0,0.0,137,0.001493579423981888,0.0012488938215451022,1.5947889846109053,0.0021041542746229446,-1.9116246744090024,0.5795478808630717,6.535714285714286,0.5757077232860299
1.0,0.0,138,0.0009815109427741815,0.0016076255627068255,-3.583626951302506,0.0019752019666699067,2.017739098125304,0.5471263846971348,5.714285714285714,0.540845669791591
1.0,0.0,139,0.0032108961929863404,0.0008618525738803735,-3.1325876795619365,0.0013205739902525356,-2.646871613705173,0.6120500831720991,6.214285714285714,0.5932480046930216
1.0,0.0,140,0.007984759027006082,0.00930940292431927,0.7939311494497,0.00882415101529497,0.6173334623595395,0.5987521136253207,5.642857142857143,0.6033887924785639
1.0,0.0,141,0.00464594122151513,0.005357811009664342,-0.07042543962266261,0.0048658081585619805,1.2195193729084128,0.5509114597511445,5.0,0.5583896929343068
1.0,0.0,142,0.0027918709904039035,0.0007388171969516484,-1.200036134936975,0.0010938687603956915,-3.98184351842365,0.6193063001623683,5.892857142857143,0.6342635739296394
1.0,0.0,143,0.0012600747968895818,0.003189794730106784,-2.3845669884718745,0.0028511133176604454,0.5227340719043335,0.5641755410002919,6.535714285714286,0.5642183214079672
1.0,0.0,144,0.0004012980593996959,0.0003926081277363319,-2.695383292376922,0.00030798357260976457,-2.2319286837138654,0.5190027526273869,5.642857142857143,0.527478198216046
1.0,0.0,145,0.0037661745673323727,0.0007421905487992973,1.3862853901084975,0.001495719737055223,2.4024075938888623,0.5192528119650105,5.321428571428571,0.5363856415096011
1.0,0.0,146,0.002202458922141509,0.0023556155172962316,1.6037812781239513,0.002362307188057697,1.7515268560963762,0.6026601759247076,6.285714285714286,0.6232432770803433
1.0,0.0,147,0.0016439867639515048,0.0017116559542924067,-0.7235880450842368,0.001428589072810251,-3.39230879064822,0.5183891478673649,5.571428571428571,0.5327914428274274
1.0,0.0,148,0.0035796528858104567,0.0008913687838274691,-0.4428427110231989,0.001528535286108238,-0.7812716660925029,0.5827191286237422,6.392857142857143,0.5807639951439714
1.0,0.0,149,0.004503937088058348,0.0041114409763439745,2.637434034817526,0.004587347914967665,4.326047398054205,0.5716527014612606,6.107142857142857,0.5865125082277324
1.0,0.0,150,0.004297473370107973,0.0013536738372067017,0.8543569406200314,0.0015337934490270314,2.4065211362965613,0.5621580347482447,5.392857142857143,0.586003772987264
1.0,0.0,151,0.0015621724810823295,0.0005565035766498676,-2.92206333102151,0.0002545958867284729,-1.7845896092112998,0.5805157441813656,5.821428571428571,0.6001313500115604
1.0,0.0,152,0.0008830843411418577,0.0005301461882036016,-0.29040880710897454,0.0002837525225289514,-0.645399505207583,0.5560352912490346,5.928571428571429,0.5482913919544061
1.0,0.0,153,0.006016759744596367,0.011679245147620145,1.5866709113850657,0.009515163151809405,3.524600574827815,0.6084700083056004,6.035714285714286,0.6274972886120611
1.0,0.0,154,0.005826764339909443,0.0017654566143810119,2.9514874349606544,0.0029221622731885515,2.7126766273458904,0.5953928783661702,6.5,0.5936789178654861
1.0,0.0,155,0.002201674654495824,0.0019462098093523212,5.0051088632538665,0.003130030288206296,-0.6209716368754338,0.5832303397911718,5.464285714285714,0.6117191233288215
1.0,0.0,156,0.005852938922929292,0.009606086451437602,3.0752568565367446,0.008046355601511212,4.551284068032885,0.5359852784439726,5.571428571428571,0.55615574594743
1.0,0.0,157,0.0006681241453194423,0.0007476594238643268,0.63927973155027,0.000570704046838458,1.2566741379129194,0.5857980537165447,6.428571428571429,0.5937004026706115
1.0,0.0,158,0.004751645477199963,0.006622991978883077,1.9332133973117323,0.006761970352666523,6.434342919965246,0.5809212725552161,6.607142857142857,0.5880250043099113
1.0,0.0,159,0.0035219363899676643,0.0047328614614892146,-4.697098921330252,0.004171346288857448,-1.4538327026318332,0.5468944091050798,5.464285714285714,0.5404890079447058
1.0,0.0,160,0.003652177374854923,0.005228736067899992,-0.051129590719379316,0.004206041817534453,-1.4019146235553894,0.5475991893993598,6.357142857142857,0.5605177548352492
1.0,0.0,161,0.0015100702641035932,0.0004373234239472707,-0.4468767923358333,0.00023386338024221107,0.4976686309135611,0.5939202549867441,6.642857142857143,0.5982707719227454
1.0,0.0,162,0.004441138139024597,0.002927546821418508,-1.2390774739309904,0.002801091159550672,-0.8046617091119211,0.6234976336846737,6.392857142857143,0.6332591089978732
1.0,0.0,163,0.0022857331877911015,0.003492756907365419,-0.9268251350024931,0.003396046342822659,-0.9137682881963277,0.5922031933678291,6.285714285714286,0.6075559997648541
1.0,0.0,164,0.0034266524028167553,0.011381948640707145,-0.9912112229547839,0.008094274046337613,3.8140230260433725,0.5615814574866109,6.107142857142857,0.5837584096830568
1.0,0.0,165,0.0016643908870700528,0.00024329171446065633,1.8222452410348733,0.00017464406911527468,1.487078096234228,0.5497659801780251,6.035714285714286,0.5595792027911176
1.0,0.0,166,0.006768337240966814,0.0024893160749313585,-1.065390397467553,0.0032638921518771445,-0.6795552154352436,0.5445940961649834,5.857142857142857,0.5442658777625935
1.0,0.0,167,0.0011801204365023902,0.002196427592353416,-2.38686455420635,0.0017631400660656426,1.7110430459797972,0.6008927561337394,6.214285714285714,0.6430288513825371
1.0,0.0,168,0.0031673700107942566,0.003868236143475139,0.5928581859954534,0.003279123937421693,-1.8573372918939033,0.5725152159310899,6.321428571428571,0.5818038456302469
1.0,0.0,169,0.004252165307919486,0.006877405707710124,-3.4694543267968734,0.006521468012401963,4.016173073715682,0.5774063131932615,5.678571428571429,0.5561896126791048
1.0,0.0,170,0.0028010027597660855,0.0022700172950838645,-0.2856275368359415,0.0017784326922357745,-1.1018996669668013,0.567050347231965,5.75,0.5701450799185213
1.0,0.0,171,0.00297355432243117,0.001308380801492783,-0.1551055401337275,0.0009753187938731162,-2.0830295993784014,0.5608372312757938,5.392857142857143,0.5525095451854344
1.0,0.0,172,0.00276604771871803,0.002921483761729465,-0.8553863071194977,0.0030902049473267115,-0.9867176561349803,0.5894287121814352,5.821428571428571,0.5981807791552087
1.0,0.0,173,0.0009540999781293753,0.0012193131899773716,0.12139110580520196,0.001227620221859815,-1.1144526356254119,0.6033581779590653,6.321428571428571,0.6188800209472827
1.0,0.0,174,0.0021480427116579767,0.0009531405636936823,-0.1425365188972781,0.00036883647990268285,-0.9720094011918263,0.5540427538292202,5.25,0.5558427678592808
1.0,0.0,175,0.0010693771745231557,0.0006656087823471562,-1.0509421669845171,0.00047085224254592807,-0.424079074967248,0.5811907143689682,6.107142857142857,0.5910524507310344
1.0,0.0,176,0.0004434536530986226,0.0008544123030376721,-0.7242576380295134,0.000978563764399249,-1.954605030439249,0.589299120047649,5.464285714285714,0.6091669175783783
1.0,0.0,177,0.003005332144281768,0.0006734328254557287,4.03522147560012,0.0009481541231790862,1.0087196788374513,0.6040064675066208,6.357142857142857,0.6095243740411833
1.0,0.0,178,0.002323432913865939,0.0023458049745802355,-0.05490425120078157,0.0016968035560386459,0.5172082854978441,0.5455423952150988,6.107142857142857,0.574844951448741
1.0,0.0,179,0.0022701101491719522,0.0044662595437261025,1.3084442727988044,0.0029750285086386466,0.17189663225449672,0.5555259115385189,5.25,0.5548045669554212
1.0,0.0,180,0.0019483226336918904,0.0014677515730108443,-1.5619825388046706,0.0010784865161508818,-2.0541950052714433,0.5841845634476664,5.821428571428571,0.5946197632315129
1.0,0.0,181,0.0016903071036176256,0.0033102493384517388,-0.8406774582395258,0.0020341379241922385,2.85943644236419,0.5825961651732439,5.642857142857143,0.6107244754241163
1.0,0.0,182,0.007872363999100589,0.003138369869799036,3.6383660198893417,0.004182891266349544,-1.7764070889512311,0.5786681436929182,6.178571428571429,0.5858748641565109
1.0,0.0,183,0.0008371445131670799,0.0018755027226471724,-1.874821112467809,0.0010607749487408034,1.2137590048206068,0.6134002211179393,6.464285714285714,0.6184924294300973
1.0,0.0,184,0.003447004860097974,0.002905406523659423,-1.8301857508754626,0.0027229638475775686,1.2244004593644036,0.5956291393607758,5.214285714285714,0.5916840396277776
1.0,0.0,185,0.005697837846702234,0.003890612422368947,2.4528013114662124,0.0019350154676565,-0.6523766587017784,0.5654921216774708,6.071428571428571,0.5664066333008113
1.0,0.0,186,0.001459389561512392,0.0004708298385139296,-0.8308596339145803,0.000413844111325413,-2.7593508589148428,0.5619698921896402,6.357142857142857,0.5793522141150331
1.0,0.0,187,0.005505893380819185,0.008716575260701789,-0.8674516137301111,0.006649631946209047,0.3795239159575014,0.5280996497698397,5.428571428571429,0.514543389979675
1.0,0.0,188,0.005194610074273422,0.003255272630629333,3.5756870446197033,0.0027911052880516297,-1.0909152031772653,0.5852627354962617,7.035714285714286,0.5936459362755953
1.0,0.0,189,0.0032048224746108415,0.003939467321396221,0.7505148349862054,0.003895169679204916,2.4072129021859325,0.5677623158332423,6.071428571428571,0.5675168123252132
1.0,0.0,190,0.0017671160396492737,0.0011865387125638486,0.6700275291052739,0.0011043870718672993,-1.7955087104571323,0.5622531112025827,5.321428571428571,0.5823016473579945
1.0,0.0,191,0.0014168166527562646,0.0005298278834344758,-0.5977889908912933,0.0004948303068908713,-3.271213034062697,0.5716367561226312,5.892857142857143,0.5724784846549682
1.0,0.0,192,0.001408998847792836,0.00022491780909185877,-0.3056920021003388,0.0003949617529449566,1.5883547614356341,0.618129352519639,6.892857142857143,0.6177209981898799
1.0,0.0,193,0.0017614682406651518,0.0017356622069241569,0.884509626413338,0.0015131235130737219,0.9598161609593395,0.5770317017052029,5.857142857142857,0.5695681988190993
1.0,0.0,194,0.0009481781973484464,0.00176779377199135,-0.9168659210443669,0.0011817403796425471,0.7271281157582526,0.5903950864981573,5.857142857142857,0.5919036855498406
1.0,0.0,195,0.00434504264304385,0.006982907453149069,0.9052727595780633,0.005607995357088157,-0.1686457842075697,0.6111878664789325,6.678571428571429,0.6339340497251833
1.0,0.0,196,0.001413971382030694,0.0015976190318802333,0.4372336589554777,0.001032795051785981,-3.657538354545532,0.5224793011294262,6.25,0.519451641991068
1.0,0.0,197,0.017017687294482102,0.018880196940364916,1.958228456206598,0.016931819893918898,6.136212663246217,0.542017959180553,5.571428571428571,0.5443660697775072
1.0,0.0,198,0.002225402787780402,0.0026382464616199683,-0.836628870756158,0.0012699446857721871,-0.11128271371162175,0.6151195506121058,6.285714285714286,0.620899441752644
1.0,0.0,199,0.004483141114972183,0.0015086590140072267,4.412093986028367,0.001996393512647778,-2.758801085251283,0.5840307939529972,5.75,0.5908750703291668
1.0,0.0,200,0.0017103142155092041,0.0020161163041489813,-2.3124647661526203,0.0014236452298896903,-0.38144034337280647,0.5286640381696585,6.607142857142857,0.5128062187607503
1.0,0.0,201,0.0011936222646560558,0.001870180892808827,-1.3190727895604841,0.0020182586485822974,1.6190475219162863,0.6001123449326041,5.642857142857143,0.5895608359482192
1.0,0.0,202,0.004633880162102426,0.0031805338692570836,2.115356586605619,0.004076598104006477,2.0346298260193123,0.5749740895697458,6.642857142857143,0.5873036640479361
1.0,0.0,203,0.001516281743602934,0.0008437482354572285,1.2600757382819172,0.0006680173866719948,-2.424214647892702,0.5861843509034275,6.178571428571429,0.6018433952739293
1.0,0.0,204,0.013484730140628497,0.023612422343747275,0.3478515492171918,0.022800887400826662,8.335774494226419,0.5842464784776361,6.142857142857143,0.6101398996262293
1.0,0.0,205,0.00534974806236705,0.0025834045492836672,0.5291716596814524,0.002355598583497259,-3.8700162513211183,0.5562318437981261,5.321428571428571,0.5775935983247003
1.0,0.0,206,0.0017752204871814418,0.00016356960725742958,0.9108664140956364,0.0002407945043869308,-0.2896120993460632,0.5882443499733766,6.178571428571429,0.5979635975483403
1.0,0.0,207,0.003709971363579212,0.003410401280800913,1.2936003398392775,0.004943073515948189,1.1377710474139444,0.5315490767396691,5.678571428571429,0.5358858280959804
1.0,0.0,208,0.0011852525864496457,0.0011483413172953458,-1.153063574519507,0.0010309336561400183,0.4162024962821628,0.5841846969554482,6.178571428571429,0.5842236120412294
1.0,0.0,209,0.0027118894087441534,0.0053685854603810895,-3.9176206157145734,0.004803293266402377,3.4018447078887655,0.5725871182806775,6.964285714285714,0.6034032766168509
1.0,0.0,210,0.012218791891023949,0.014388829689215137,1.6766424518412653,0.013785607143970261,3.186513279083073,0.5634453473968956,5.357142857142857,0.580952097831543
1.0,0.0,211,0.002189582306522224,0.0008130665613929627,-2.528850805293795,0.0008563700996814534,-3.0362296891623544,0.5742527831281476,6.178571428571429,0.582560511096155
1.0,0.0,212,0.005460464582264258,0.004761814160032799,1.9904425913171622,0.005929632890932913,3.3722844293827356,0.6080234908584495,6.571428571428571,0.636860318405315
1.0,0.0,213,0.001200847234725015,0.0009401286353770262,-0.14383182483760493,0.000982901858155223,-0.41552639257274865,0.5244892121871904,5.571428571428571,0.5289013452701677
1.0,0.0,214,0.0032987742368296245,0.002185205577153239,3.7570026483410763,0.001850522775080098,-2.67146205738509,0.5418453311503503,6.464285714285714,0.5549529086717094
1.0,0.0,215,0.004991040344472213,0.004992625695343806,1.4475337312278214,0.004057954029218997,-0.24076647278031751,0.6037996268043017,5.892857142857143,0.5991228013574715
1.0,0.0,216,0.0014404137069229384,0.0005951935626900899,0.7130457329390177,0.0007799227424407094,-1.6059732325242635,0.5762167990029895,5.678571428571429,0.5708220222732754
1.0,0.0,217,0.001399149396817533,0.0004639948558881099,-0.08070967704317884,0.00011866277155690734,-2.794381093357354,0.563844911554435,5.642857142857143,0.5686125675619043
1.0,0.0,218,0.007240432561353176,0.0020222195698662224,0.5352274162889424,0.0016526359017775202,3.33074439118108,0.5468339128917451,6.107142857142857,0.5721943440838112
1.0,0.0,219,0.010488201558618909,0.017365023379092136,-1.1773701475515093,0.015224943750395289,3.3439782364117434,0.5340118558720884,5.5,0.5497328352915445
1.0,0.0,220,0.0017931622716476038,0.003084066555661791,-1.2174666683015876,0.002643001228680947,-0.4013632428542451,0.5902691600861942,5.964285714285714,0.5934451499085933
1.0,0.0,221,0.0005325990281092038,0.0003481305307068977,-1.6455955813177543,0.00021619180270701676,-1.8323211492006994,0.5688095017495811,5.714285714285714,0.5846722582246657
1.0,0.0,222,0.0007948523777604356,0.00039432977906539505,1.6893951285914472,0.0002092042856016893,-2.252733559986846,0.6000190139914862,5.678571428571429,0.5989200234214551
1.0,0.0,223,0.002776545525041869,0.0006267066222350135,1.7790132929275064,0.0006133362709361312,1.3330310675224837,0.5783119164907198,5.892857142857143,0.5800815608867835
1.0,0.0,224,0.002109288590029569,0.0023139885517357993,-1.6840951581465522,0.002222085858071383,1.9735002915746804,0.6069995162616832,6.0,0.5965711588790727
1.0,0.0,225,0.0012569105986626917,0.00014960190229650769,-1.5872484300289973,0.00022221082552443,-2.000404205489256,0.5848329357181282,5.178571428571429,0.593184344893565
1.0,0.0,226,0.0018682838449977598,0.0055024096758709805,-1.8353941221333419,0.0051523690093645,2.518754215443446,0.5766977206187374,7.25,0.5946585887688653
1.0,0.0,227,0.0024241267818266277,0.0031914212416670955,-0.6127416044874489,0.0034531917908347675,4.169758090170329,0.6210973709459058,6.321428571428571,0.6291134468672848
1.0,0.0,228,0.0016171710004623749,0.0017620154280324138,-0.5144548216940544,0.0013538975848820447,0.459763208006611,0.5997447133427781,5.428571428571429,0.5994205610419903
1.0,0.0,229,0.0007820040429626504,0.001515171018872812,-0.7517428910155578,0.0018686906445644187,1.5097512718504806,0.5767143854517764,6.071428571428571,0.5807913440134173
1.0,0.0,230,0.00455218863229685,0.0022638559459354137,2.9708045593670533,0.0020813432641961934,-1.4771199475290853,0.5719991866089014,6.285714285714286,0.5884492889774234
1.0,0.0,231,0.0032043255726110515,0.0037708778261700427,1.6510876845204052,0.003725568197716895,1.0120299908138672,0.5745799096910371,5.892857142857143,0.5882867749341586
1.0,0.0,232,0.001792530110638284,0.0007027345467357499,-0.05626126327733042,0.0007950953415511478,3.7830320311484136,0.5985259057350257,5.785714285714286,0.5903991456852902
1.0,0.0,233,0.01867171662733222,0.0247402392130271,2.3816854385483737,0.017738906594688363,3.6553521367296278,0.5479507956935171,6.107142857142857,0.581569112064135
1.0,0.0,234,0.0006772715257263772,0.0005515791318106056,-3.553165742028606,0.0005200283820855416,0.23032111294962002,0.5919948433733022,6.178571428571429,0.6068869633355816
1.0,0.0,235,0.0009882959939553953,0.0001074660458815419,-1.6056446437163554,6.337715279486265e-05,-3.731418763194739,0.5889521454917397,5.571428571428571,0.6028702502694642
1.0,0.0,236,0.001544531749948819,0.0017875125085835867,-0.2749664320071948,0.0012916883774032309,-0.7210521421598438,0.6210184718427814,6.571428571428571,0.6170111848879583
1.0,0.0,237,0.0015343734005402417,0.0036579632212711956,-2.7456263631133027,0.003753479477896238,3.524884568459536,0.5803468860108584,6.357142857142857,0.59643684867175
1.0,0.0,238,0.0018104809780306616,0.003783244762052528,0.6712928336558358,0.0029253895279515627,2.8570339895488623,0.5977600360117179,6.178571428571429,0.6199790049398003
1.0,0.0,239,0.0005907587851293962,0.0005543865017660673,0.6866392617329306,0.00038503155359755997,2.0004455497756815,0.5611332901553108,5.857142857142857,0.5587261976887429
1.0,0.0,240,0.006319346702797349,0.002926442298220571,0.6345856290552186,0.003189057281106598,-4.0729384846391286,0.6031630967849723,6.464285714285714,0.5998162093610976
1.0,0.0,241,0.0013319475809186636,0.0008835506379134413,1.103436110991699,0.00022414496992937037,1.1172350847355024,0.5866156712651326,6.107142857142857,0.586758235657141
1.0,0.0,242,0.0008712506685322179,0.0008602847723010553,-1.386410396149813,0.0006042610615280027,-1.801621445576141,0.5302994295581337,4.857142857142857,0.5521085759571924
1.0,0.0,243,0.00828252434497415,0.018275068775610012,1.4006251782611894,0.011829824465133225,6.321364943467387,0.5405097770397672,5.357142857142857,0.5397202421882705
1.0,0.0,244,0.002435707791357007,0.0007027646489613406,0.5143803350320013,0.0007444043400529753,-0.44449868136275467,0.5823595480728987,5.857142857142857,0.589910285901249
1.0,0.0,245,0.000723844221946735,0.0006803180653510421,-0.09756660040046465,0.00038579163863309646,0.49561247474161024,0.5655952121112064,6.178571428571429,0.5613538114841423
1.0,0.0,246,0.003428216872714559,0.005300722636370811,-0.0952497275183551,0.004414393885939551,-0.804883497605554,0.5553148928021283,5.928571428571429,0.5577815703532744
1.0,0.0,247,0.00845407811997795,0.005774496473430727,2.6162930193623404,0.004762295479996345,-0.3481752086703409,0.5578388893808269,6.964285714285714,0.5994898133281743
1.0,0.0,248,0.0027996373491687137,0.003813801347865309,-0.528416522989564,0.0032559993820159144,-0.1559770091525555,0.5622550394903919,6.392857142857143,0.570193259795184
1.0,0.0,249,0.0010087247829949192,0.0006106838358023636,-0.07364920354200422,0.00046814327522456847,-2.3030403275473454,0.592326135487155,6.142857142857143,0.5987316390978612
1.0,0.0,250,0.0011115492208550693,0.0009410194356719084,-1.4157013656688662,0.0008144531968351509,-1.4356400699708918,0.6349914395465538,6.464285714285714,0.6314733656235403
1.0,0.0,251,0.001726971319518102,0.0020760288352893092,-0.10981506635613414,0.000979663558101735,-3.4418005985571276,0.54602561672403,5.714285714285714,0.547688177886904
1.0,0.0,252,0.005188864639664919,0.003547028322888734,2.265586610868193,0.003580211396215741,-0.5979825492628189,0.6235912833502126,7.392857142857143,0.624183780459772
1.0,0.0,253,0.002736211087904249,0.00041260467989074327,0.898142055884307,0.00039450677334254065,-1.1388548712414586,0.5722644157821115,5.857142857142857,0.5926317750179202
1.0,0.0,254,0.003408024199904257,0.00644511785801569,0.20562054014607156,0.004923779229741786,1.0464774202297917,0.5954608231960197,6.357142857142857,0.5943371515416196
1.0,0.0,255,0.002670106342082069,0.0012357463265477168,3.399731237435598,0.0025624343038825057,1.5720979883643338,0.5461305223793543,6.214285714285714,0.5576527922821028
1.0,0.0,256,0.008246991685455115,0.0017810458511559343,4.769497886498243,0.0016423874833882924,-1.2382230968702288,0.5690488819343378,5.785714285714286,0.5900354127625607
1.0,0.0,257,0.006660249901020949,0.007475848070685823,2.3345946274611626,0.007423693190175261,2.5406598501034807,0.5537377114546043,6.214285714285714,0.5493248653964639
1.0,0.0,258,0.0006823246977663212,0.0003107346294713769,-0.5846071256792698,0.000427984512959827,0.442987205614268,0.5239114017374507,5.285714285714286,0.5353932366346443
1.0,0.0,259,0.0029315150313443342,0.0004622609186651489,1.414049005323496,0.0003728844123653498,-3.3186133661578197,0.5621989601195623,5.285714285714286,0.5824619183715105
1.0,0.0,260,0.001561405518086891,0.005208644115884314,-0.7374780616944369,0.003458508186193056,0.7252546484507624,0.5368672481354989,5.857142857142857,0.5346201960457286
1.0,0.0,261,0.009517910130094983,0.01320588849640183,3.459757847802649,0.010439941447421152,1.2299913083023928,0.6245313390388075,6.035714285714286,0.643363736729845
1.0,0.0,262,0.010536046937014827,0.013014852763749321,3.019957843243143,0.014219759020798521,9.711392085775003,0.5878911549697214,6.178571428571429,0.6094203397062519
1.0,0.0,263,0.004607392773913735,0.0019366366845856003,2.068818589638217,0.0025619667655070563,1.4381576893360564,0.6310965891244736,5.75,0.648732694981484
1.0,0.0,264,0.007235796712598923,0.004862213954103972,3.789630105678706,0.005525202658117015,4.457908446559912,0.5975091676798645,6.464285714285714,0.6045617461606384
1.0,0.0,265,0.0011914958223377147,0.00045803617866252774,0.5038103735532312,0.0006464284117205908,-0.4574497421837407,0.524359242143544,6.071428571428571,0.526208462326613
1.0,0.0,266,0.004989012368210566,0.005541739387185975,0.595485746568509,0.005262465471131156,2.692948253599212,0.607161650221464,6.321428571428571,0.616711785679453
1.0,0.0,267,0.0035017460436534216,0.0010917968873668498,1.7484290485907745,0.0013505811538231923,-0.8079201007447144,0.5462356980821925,6.178571428571429,0.5521046129360223
1.0,0.0,268,0.0013132899448681818,0.00043707836953114416,-0.3029549319709683,0.00032405310113508044,-2.533818296158273,0.6175753972992695,6.678571428571429,0.6288300405614714
1.0,0.0,269,0.004184760067644206,0.000407005445640742,1.7060040272555643,0.00033517717933004905,1.4912606100327348,0.6021209911143431,6.357142857142857,0.6264240139650027
1.0,0.0,270,0.0019059820708512533,0.0005307066930576071,0.22512565219525035,0.0003151307068453032,-5.46975415911848,0.5504918251385074,6.107142857142857,0.5561160453267228
1.0,0.0,271,0.004270722710081754,0.006424487989225757,1.2234064164474698,0.0053655942666964865,4.993819798288162,0.5732826196938874,6.178571428571429,0.6114065073441295
1.0,0.0,272,0.000676442755009506,0.001399032063506139,-0.40069025776904255,0.0010057835247129657,0.6554056170748671,0.5945774114112482,5.464285714285714,0.5907434155471966
1.0,0.0,273,0.0017772835376363614,0.0034750626359184504,-0.7986280615479492,0.0020734742904167133,-0.13020393671232947,0.6192903511229398,6.071428571428571,0.6239783772736911
1.0,0.0,274,0.0020998079220307807,0.002369023995516918,0.6274005637464862,0.0019648115243441028,2.5352341991213145,0.58437791963399,5.392857142857143,0.5921932677312847
1.0,0.0,275,0.0037912878539935174,0.00604355919004417,1.5439979058922877,0.005707655228967175,0.6153896565490697,0.5719537494483447,5.75,0.5771539142018287
1.0,0.0,276,0.0007500402238738086,0.0014448518248251115,-1.1167665576682946,0.0010495989395168733,-0.01746406026716348,0.6043152872238797,6.464285714285714,0.6139398736563706
1.0,0.0,277,0.00045643831493854734,0.0013230382958026336,-1.7759072313609654,0.0008918742447609991,-0.8638151665324472,0.5741364355493576,5.428571428571429,0.591201436186802
1.0,0.0,278,0.001522665346464805,0.001575830952361503,-0.36690416063953535,0.00144804261032635,-1.798656234914792,0.5493763954514821,5.25,0.5635282025107439
1.0,0.0,279,0.0021865422113831324,0.005668445494329445,-1.4608151980943944,0.004792900093639161,-0.16494232981790447,0.5813307863235186,5.857142857142857,0.5884974587956568
1.0,0.0,280,0.006061269636543874,0.0013567064560656892,1.5944982175830849,0.0011058783550533763,-1.3279670028402772,0.5663892341095171,6.071428571428571,0.5719090065595593
1.0,0.0,281,0.0033523979798757595,0.0014673197971500778,0.7491269263447577,0.0020135381590470156,0.37855416169247746,0.5482531136637576,5.178571428571429,0.5663721630633743
1.0,0.0,282,0.0005457812234003103,0.00107506911986656,-1.3986181208416422,0.0007121137226888745,-0.7648743543924562,0.5665915548006706,5.857142857142857,0.580717414557578
1.0,0.0,283,0.001503605904879405,0.002282487774373005,-3.1840311678073285,0.001644292693090673,-1.1205969283107133,0.5802236728821141,5.678571428571429,0.607647018492186
1.0,0.0,284,0.0011014666164656265,0.0020597051436687503,0.787285998539204,0.001194611870273465,-0.7749943811623344,0.605660808955065,5.821428571428571,0.623428110778371
1.0,0.0,285,0.0024191904365613577,0.0002935010603273737,1.1985650897006603,0.00033252795701007876,-0.6337609099901537,0.5995526107488995,6.535714285714286,0.6018478511581384
1.0,0.0,286,0.0020242586653718446,0.002473999224699391,1.2323908464077438,0.0020943224724587328,0.1870214945323596,0.5680448652071717,5.607142857142857,0.5820778573630326
1.0,0.0,287,0.0012159819437669416,0.00230708147848718,-1.8199680249114938,0.001292519826719813,2.737461823625201,0.57401827533942,6.071428571428571,0.5795404073284691
1.0,0.0,288,0.0021085839909312783,0.005230834047766033,0.6961219497662038,0.0038273286879123305,3.0496905401294043,0.5771341339245195,6.178571428571429,0.5846074316474027
1.0,0.0,289,0.0025051525311994053,0.0016528836823234542,-0.23098052057909513,0.001284238178453627,-4.6213319835065745,0.6143124204126315,6.035714285714286,0.626006890899199
1.0,0.0,290,0.0011925580711014013,0.0005490389336986646,-0.5125749025085421,0.0006043633218957896,-1.078481060272755,0.5423597130201043,5.75,0.5690712017657009
1.0,0.0,291,0.0023295667018117957,0.003060755859854234,-1.5911264977707635,0.0024205257568534456,-0.8277687745340359,0.5671404766546927,7.142857142857143,0.5980698950298791
1.0,0.0,292,0.0022458182765871314,0.0026433919853565218,1.0487040640413265,0.0026247557574702314,-3.491745038498872,0.5806788279180729,5.25,0.5821754543031699
1.0,0.0,293,0.009057374394037514,0.006256133740409666,3.3147744242562567,0.0054158390069605645,2.3277111081743365,0.5932861251095524,6.035714285714286,0.5962065005808415
1.0,0.0,294,0.008321873055038391,0.0067411633591408305,5.658430007435896,0.006175198670326192,0.34075687711174396,0.6025667896440231,6.535714285714286,0.6272711650614864
1.0,0.0,295,0.005098179749981353,0.0025410024653980054,4.02961741415398,0.0021939155838986805,-0.34495812292608247,0.5636948654546629,5.071428571428571,0.5803109433684728
1.0,0.0,296,0.007922869431897274,0.01068006857483789,4.161274903119382,0.009924181497470274,2.991919917712456,0.598909297487121,5.642857142857143,0.6302691000508498
1.0,0.0,297,0.0014405006313866994,0.002987027668905884,0.0466899824671998,0.0031411554476120885,5.647201119421557,0.5832198941333848,5.75,0.5905897428633444
1.0,0.0,298,0.004501821397038861,0.004163393142287679,1.2090824733418326,0.004749747233929934,0.634035070665656,0.5609881558453964,5.821428571428571,0.5778832609735793
1.0,0.0,299,0.00818973807559475,0.010131237765074694,1.8032705648659164,0.009064850974306768,5.968826079209151,0.506477598864603,5.857142857142857,0.5126125638201686
1.0,0.1,0,0.0058244032606668645,0.004059398042461924,2.4981651708356956,0.0037061594567618043,-1.5655642259983626,0.5999872943784921,6.392857142857143,0.6130748789061917
1.0,0.1,1,0.005423332427240977,0.009636720960066077,-1.2907821779269948,0.008786031835228627,1.1961223603418414,0.5774883805944347,6.392857142857143,0.5935972534774643
1.0,0.1,2,0.001885152345063153,0.0015617222172173869,3.062372104250983,0.0012816104618997976,-0.4401496082817289,0.5682662753451865,6.107142857142857,0.5783531505598363
1.0,0.1,3,0.003914328113866869,0.003756587977213148,1.908501877635037,0.0034273038127485703,0.4828855125272469,0.563708904556825,5.535714285714286,0.5746103285253521
1.0,0.1,4,0.005679189656968545,0.008595834511149323,-0.9682448403319105,0.00921340983056709,0.6498142148284671,0.5511022197685626,6.428571428571429,0.5667185250785889
1.0,0.1,5,0.003917185564187193,0.0028448580094574205,1.1515467774680228,0.002304727958207489,-2.5944114183672773,0.5394400799172078,5.392857142857143,0.5673827435201952
1.0,0.1,6,0.003884547478539093,0.0014131818005486566,1.6937848309232588,0.0012765779327598753,-0.5886186877003752,0.6049174658793783,6.678571428571429,0.6082448814752655
1.0,0.1,7,0.0022174179955248624,0.007506359821554083,-1.84710892417822,0.005591972444124123,3.359690929474889,0.5725544545332654,6.0,0.5884872897235678
1.0,0.1,8,0.004704426172463618,0.0030641371649747303,3.7016495528220807,0.0033801206696580425,4.227816561447355,0.5924860726982362,6.571428571428571,0.606456673785738
1.0,0.1,9,0.000702487285939439,0.0023178851886333355,0.637818841604826,0.001500831117804922,0.9497758656364207,0.582380487243759,6.0,0.5848930005155297
1.0,0.1,10,0.006580639772331706,0.009328327354847938,2.369345912553522,0.011117678070310996,8.881247877719526,0.6316022906151597,6.035714285714286,0.6457768444605873
1.0,0.1,11,0.003069818188835476,0.0002584805384165573,1.7311264071425967,0.00020981666861528072,-1.5683442334041804,0.5845814274046418,5.428571428571429,0.5936912696167473
1.0,0.1,12,0.0003477262945235248,0.0016206086148311052,-1.6937290824339375,0.0008196080469475804,-0.7749224696335754,0.552696287938319,6.75,0.5530577698195931
1.0,0.1,13,0.00502449205010736,0.0064296159495795015,-0.2744409004812572,0.005214203257194787,-5.634405581391188,0.6994675912878645,6.357142857142857,0.7190136567369164
1.0,0.1,14,0.00314947832115057,0.002455673168031096,-0.9771892431060204,0.0025763712389448366,-1.6753947482698759,0.5762253852122708,5.75,0.5830479224663676
1.0,0.1,15,0.004886307303797197,0.003112909286332881,3.0104762901407582,0.0032027844511038853,0.8238074302682795,0.6034106874793752,6.892857142857143,0.6310021885583244
1.0,0.1,16,0.0015640365820607529,0.0016178309553656375,-0.04770870916390398,0.0013122218844841497,1.3250278633396704,0.5830637522518478,6.071428571428571,0.584858620803957
1.0,0.1,17,0.001950692388646619,0.0005191673783548477,-1.3781880095618344,0.0005835481249540192,2.1357938580165885,0.5770164750099097,6.0,0.6099971705135272
1.0,0.1,18,0.006326044675975413,0.0052723391750562,4.987608333045093,0.0036946889584219466,-0.7552872926092391,0.5474362945155646,5.678571428571429,0.5600559824014903
1.0,0.1,19,0.0022543248425711026,0.0009534337682539865,1.600679280348345,0.0012022662797294354,0.4968053106268731,0.6359139571127841,6.25,0.6273445614205693
1.0,0.1,20,0.0034007732557406727,0.001221599653791953,2.537788471726041,0.0011145520767278205,-0.840836148486801,0.6023637976435176,6.25,0.6082706511713007
1.0,0.1,21,0.005201375096702333,0.00218522010532732,3.539807638909205,0.002571835657553059,0.32408676499058703,0.5805536193496129,6.75,0.6051656743766254
1.0,0.1,22,0.0008015417591962685,0.0024416711843725314,0.5794564331318762,0.0020611510697599016,1.0415821042920375,0.5592224727390562,5.357142857142857,0.5657983598433382
1.0,0.1,23,0.008844794961944385,0.009711823265380115,-0.569031923501503,0.009575829934594665,3.0577952710244936,0.6098633657049165,6.535714285714286,0.6042035353156308
1.0,0.1,24,0.0004384108953373701,0.00040502964907581263,-1.1840887745510997,0.00033920805101890055,-1.9361403634539915,0.5466512824854216,5.821428571428571,0.5484870183471435
1.0,0.1,25,0.00454462842651619,0.0031119786420344426,3.2711048687568316,0.0024512628735580675,-3.284968200672836,0.5949487485286186,6.214285714285714,0.6117898240288344
1.0,0.1,26,0.0019352622138797085,0.0025977261859686128,-0.5575058370534597,0.002434390747992337,1.2905805373360408,0.5310718964351037,4.892857142857143,0.546768414988828
1.0,0.1,27,0.0005797934142723273,0.0010819295800378972,-1.8063246700773732,0.0011609137903918294,-0.5744499920238297,0.5653954163583956,7.357142857142857,0.565906799770332
1.0,0.1,28,0.0013993021242566018,0.0005055002893222625,1.2475143421257069,0.00047362212592510984,-5.120356378616198,0.6098031555476346,6.5,0.6186789730611171
1.0,0.1,29,0.0055865445037695085,0.003808782030431777,2.5335717464657628,0.003115449272709654,1.4548412913557058,0.6056483864351757,7.142857142857143,0.6184737308099061
1.0,0.1,30,0.01366723114149181,0.01404959046710965,9.796827527127922,0.014303959149176912,6.205869704874459,0.565477353481478,5.607142857142857,0.5914712837298302
1.0,0.1,31,0.002410020984768212,0.0015458365449270862,-1.4540403383467815,0.0015137099692199174,-4.201156113453085,0.5807047774721067,6.0,0.5828926706091049
1.0,0.1,32,0.012309483089992499,0.011182713110650567,4.088722227988076,0.010398083612698568,-0.43858222061434543,0.6986133664672272,6.964285714285714,0.7263647793715454
1.0,0.1,33,0.017447727246068582,0.027689682933368088,-1.2474291676052662,0.02448186271488455,7.206619689741568,0.6112397087188569,6.357142857142857,0.6695451242792123
1.0,0.1,34,0.002633153182377711,0.001018934876141987,1.2705685196382792,0.0010429699236002396,0.4047432383137088,0.5714124805537154,6.107142857142857,0.5840508886921584
1.0,0.1,35,0.011158191493764957,0.010678083916321161,5.05262139610078,0.009657897067711703,-1.2000516553545992,0.5835113168414637,5.678571428571429,0.5966498258551434
1.0,0.1,36,0.002668846824247248,0.0021425097487786744,3.087205646359422,0.0020165649897801365,-1.7217005680979962,0.5355684122012404,6.178571428571429,0.5523029249294003
1.0,0.1,37,0.0014388068519874007,0.0014527936337892487,1.4686442242216817,0.0010248556934847435,-1.1966882991659133,0.6295591511972586,6.178571428571429,0.6520233503822538
1.0,0.1,38,0.02029117573906087,0.026078336167951154,2.3571859847327707,0.026276307542890575,10.771049087376175,0.6777589976964756,6.785714285714286,0.7141351173258703
1.0,0.1,39,0.0015691355961037733,0.002768730311578749,-0.1427263562375932,0.001993349792150016,2.4585423391601275,0.5763993275864283,5.892857142857143,0.5789360264831604
1.0,0.1,40,0.01587014621627115,0.018052421523544977,0.9574702326430989,0.01712057854342366,6.199280726361536,0.5961175360220727,6.178571428571429,0.6387505889776179
1.0,0.1,41,0.002423200636591869,0.003387551783765951,0.922266584833532,0.0016060913399891608,-0.2865750705109444,0.5664524084592879,6.357142857142857,0.5753491101038478
1.0,0.1,42,0.0018153208540726135,0.0015794537795147208,0.1700467488739624,0.0020590443957335097,0.6313202315263217,0.5630808299705155,5.714285714285714,0.5720053260791673
1.0,0.1,43,0.003066274112224381,0.004288154879515533,1.1447637709695755,0.003986695680258193,1.9109753561521075,0.5577780216289401,5.571428571428571,0.5778476038414772
1.0,0.1,44,0.002279693192405443,0.005465679014705338,-0.6936048102446932,0.004031195748643339,-0.030869540882169606,0.5728800484437594,6.178571428571429,0.5720061810456634
1.0,0.1,45,0.002678356923214445,0.0013177451471111574,1.2947734089959322,0.001337590506864068,-3.493887999858392,0.5900362471660119,5.321428571428571,0.5918821303357096
1.0,0.1,46,0.005326491485041516,0.00515440162037638,2.2219815831096903,0.004366869782299228,-1.5118691586156103,0.633337334564785,7.142857142857143,0.6558771772432199
1.0,0.1,47,0.0008473777636674702,0.001679207399806695,1.0362541644759442,0.0017571095500201624,2.82543857199236,0.630472276074734,6.535714285714286,0.6298183013635292
1.0,0.1,48,0.004373518546530312,0.00014807977985971027,5.54875052788779,0.0003672627906452069,-2.413759664533084,0.591245983941178,6.178571428571429,0.6225049581895986
1.0,0.1,49,0.002486272713334231,0.0028508385252593417,0.035617216812264964,0.0024761024962694366,1.8497167117694744,0.6057592547438481,6.5,0.6076506797604753
1.0,0.1,50,0.002322190853693109,0.0022842413700765894,2.1370509015882533,0.0018777649885837798,2.200811094251492,0.5667404078934204,5.464285714285714,0.5772861121389848
1.0,0.1,51,0.01708361236282355,0.017422206817896434,4.229317180133573,0.014524849405263485,3.1367989440608617,0.6265623280511488,6.857142857142857,0.6665099328674775
1.0,0.1,52,0.006269462173789678,0.007526007955526552,1.2410394601012626,0.007178569746159065,-1.2316341229441434,0.6063742465031552,6.285714285714286,0.6146854949668349
1.0,0.1,53,0.0035599566160776875,0.0008882261615562891,2.434261374985226,0.0007439455724599868,-0.5917083402636649,0.5991119681164453,6.535714285714286,0.5967734942441971
1.0,0.1,54,0.0032102665198879576,0.0073364454457805215,-1.4305109219113206,0.0075915442075554776,5.188132003187055,0.5704632570520143,5.642857142857143,0.5645692097163966
1.0,0.1,55,0.0019458211213039184,0.0019788332158068057,-0.17333150026174357,0.0019014824741323242,-1.7455931529112452,0.5832520420013244,5.392857142857143,0.5945750635714111
1.0,0.1,56,0.0026112317352024635,0.004380717753150846,-1.3224729759170277,0.004976576121351683,3.726291364570178,0.5519286117812469,6.571428571428571,0.561843948688713
1.0,0.1,57,0.001481678143804508,0.0030152005660509284,1.5097157624904014,0.0031652028004872097,1.057861395137138,0.589925115477094,5.964285714285714,0.6094910906984117
1.0,0.1,58,0.01082892469589489,0.007289884690673004,9.243351221443609,0.007434567020471973,0.32349867409268995,0.704289922372089,7.571428571428571,0.7288196396425856
1.0,0.1,59,0.003506643641321881,0.0013020290891593749,1.4337198107801516,0.0013276916810917073,-3.858360484846173,0.5880405971198882,6.107142857142857,0.5857949700520575
1.0,0.1,60,0.0018695533635802214,0.0022810804327582546,1.81400316876442,0.00104600171798639,4.468404132910933,0.6053278888967959,6.5,0.6110034962547262
1.0,0.1,61,0.0010574467702053052,0.0018282711479454272,-1.2478316148425297,0.0015446420924658346,0.2274739257756361,0.6039828918202562,6.5,0.6160488748336644
1.0,0.1,62,0.009368495750725923,0.007915274437978626,2.650981469921021,0.009052843961546533,2.2906987853394774,0.6466899965789271,6.5,0.6461658139825958
1.0,0.1,63,0.026613916704501767,0.022124322044706747,3.752748419788759,0.023642975016979425,-6.336631459430085,0.6776084519585203,6.357142857142857,0.7061791109244647
1.0,0.1,64,0.0013599461583641038,0.0005245281470911529,0.2140434005843114,0.0004228825023575971,-3.681043437561044,0.6470676576453417,6.428571428571429,0.652870682530466
1.0,0.1,65,0.0072939562152707724,0.0005348513706579703,2.2782457110373193,0.0015653200881049526,1.6526737045371458,0.7072462233767087,6.107142857142857,0.7185383054235137
1.0,0.1,66,0.005265296287244158,0.009745883738319389,-1.0047685558513137,0.008128814871596956,4.683654146548482,0.6044146761221795,7.178571428571429,0.6335892568249499
1.0,0.1,67,0.02250732565403849,0.034718306756398476,1.6784804265842677,0.0330737054806433,8.306462372240494,0.6719316719849324,6.571428571428571,0.6971430203193199
1.0,0.1,68,0.012175777342301724,0.016594243516992183,3.4954798140353014,0.015205625480665839,6.874284209591015,0.6390906218457809,6.964285714285714,0.6810533957707654
1.0,0.1,69,0.009488701330824826,0.012654737862998212,-2.2712969134663297,0.012600924041960466,5.928564198158559,0.6692297556501506,6.321428571428571,0.7009534551160015
1.0,0.1,70,0.010036629117488186,0.014735159845542,0.32300982735000616,0.013263593860042876,-0.3328467340380996,0.6521396928254247,6.714285714285714,0.6655257356708835
1.0,0.1,71,0.0027493804909796485,0.0008860171908380306,-0.09335016386732302,0.001158202229797258,2.8772241037838264,0.6156048206043143,7.142857142857143,0.6377483570171709
1.0,0.1,72,0.0005495104639421652,0.0019849501532809982,0.5661890001682176,0.0014715561626046248,-0.026971237696822453,0.5444038001003427,6.642857142857143,0.5646575931352347
1.0,0.1,73,0.0025092318215789587,0.002876377504546074,-0.4124918770482869,0.0028612690133526194,0.09512395676841834,0.6153121297821506,6.071428571428571,0.6186110384291799
1.0,0.1,74,0.01097729089896721,0.00892805666091119,6.2431243659256666,0.009143214176406653,4.826710047608638,0.5669662764970845,5.857142857142857,0.5711848700542207
1.0,0.1,75,0.0104765766651614,0.013197171239991968,1.091193117479321,0.011308382962069879,2.737264833476862,0.6440287142235954,6.5,0.6865620454894379
1.0,0.1,76,0.0018925240090307903,0.0027087158696322217,1.0502102832038627,0.0022602024078472458,2.739495586989676,0.5910664683057484,6.571428571428571,0.6060586617357295
1.0,0.1,77,0.002850533473028089,0.00462003519605309,0.49795975618856875,0.0034224073985715687,1.8198414871608197,0.5146883296445977,5.785714285714286,0.5113655800979611
1.0,0.1,78,0.0021923111845802514,0.0014480574707530717,1.6783425679940365,0.0011707724897512765,-0.25829198442818324,0.601242123844919,5.857142857142857,0.5992019611965812
1.0,0.1,79,0.005782010622129349,0.004838438816446843,2.6287603006981235,0.0046158138461955866,2.7336747079618817,0.6131990059965141,6.392857142857143,0.629359264822558
1.0,0.1,80,0.0005502044054794462,0.0005048480722626216,-0.84900810465885,0.0004244696858105987,-0.07396281834385832,0.5775140975572415,5.892857142857143,0.6074979324521248
1.0,0.1,81,0.0010080274561870537,0.002867643500674012,-1.022064501203393,0.0024275506843030787,0.934793655184213,0.6013810954969881,5.928571428571429,0.6097512720908191
1.0,0.1,82,0.0006925924789228066,0.0006063496349667994,0.7774437572396758,0.0005363022719798422,1.158943886183683,0.6083895947732321,6.0,0.6070416519207997
1.0,0.1,83,0.00345495176396304,0.005190317881972156,-0.8694518962468768,0.005670676387541908,1.5110146256484995,0.5705371237545525,6.464285714285714,0.5926604013078955
1.0,0.1,84,0.009105562550525022,0.007944099447269962,-0.35214301163615386,0.008812643791525961,6.005030320502432,0.6080791302271844,6.071428571428571,0.6453555169713088
1.0,0.1,85,0.0018688660652789704,0.000920236326888648,1.2447295590288168,0.0010914159221785077,-1.9129424914644158,0.7227132711427895,6.892857142857143,0.7381597563337439
1.0,0.1,86,0.0012541301615248007,0.0024951662816936125,-1.908285789061883,0.0023871959841295204,-2.166290908504351,0.5610232767495572,6.071428571428571,0.5803259907788041
1.0,0.1,87,0.0007697360987009747,0.0006994033357947702,-0.3579674688442272,0.0006297652761862761,-0.40293946664994945,0.5912342376282644,5.75,0.5948975468753109
1.0,0.1,88,0.0009721112123205746,0.0007187566413687454,-0.4055252380934841,0.0009917345493753304,-1.6063463342941304,0.6130633297504249,5.75,0.6078493940910279
1.0,0.1,89,0.004819038717844545,0.0004172399569381704,2.6109358633909494,0.0007565119151575261,-0.34524592455599645,0.5374809590856456,5.785714285714286,0.5409109087644582
1.0,0.1,90,0.006278686067692576,0.0071890671797721906,1.5295203376405293,0.005634971185051729,-0.42939036906450195,0.5398069052241656,5.392857142857143,0.5678825066416688
1.0,0.1,91,0.004589457153639616,0.0023320224244586627,4.320639419772476,0.002576366897517021,1.2671850416168031,0.588723752792742,5.607142857142857,0.5947380704777147
1.0,0.1,92,0.004519654952928878,0.0011931322384078687,3.70132019238495,0.0012006822935116941,-0.06009250345356539,0.6046109565155612,5.785714285714286,0.6172654116901812
1.0,0.1,93,0.002554675885364855,0.0028447395593557325,1.581389421793233,0.002263440414529912,3.059806808852651,0.5361668910152002,6.285714285714286,0.5487913763613261
1.0,0.1,94,0.0009459032150843758,0.00043871092034798145,-0.7176189525582117,0.0007736406820838029,1.889201222953422,0.5693147260893457,6.0,0.5724676517265412
1.0,0.1,95,0.007506529628743301,0.0012518291120985161,2.1561718965671353,0.0023630015951191605,-2.9774326678303282,0.7049927587122669,5.964285714285714,0.726943923617575
1.0,0.1,96,0.004836481911664674,0.00322330486200995,1.8311523807244516,0.003365280306498743,0.6799464623247692,0.5665619830718358,6.178571428571429,0.5573525381071016
1.0,0.1,97,0.0028444742377370822,0.002293007302266469,1.2185098982080262,0.001172092620924211,-2.5405027002121585,0.5602407877735104,6.214285714285714,0.5775044001730835
1.0,0.1,98,0.0008941980607747705,0.0016929002753338558,0.8623323236139413,0.0008748806505077229,0.47008468408053733,0.5820697711277748,6.178571428571429,0.5787558397795
1.0,0.1,99,0.0010918484609467093,0.0007169099128886057,-2.081846308558293,0.00040693969608533617,-1.6541972026985359,0.6214684530553187,6.285714285714286,0.6503904347837064
1.0,0.1,100,0.004543647472101912,0.007631322186580385,2.5236384355748194,0.007338700170784332,6.948189630240184,0.6334346249008325,6.75,0.6605969644635841
1.0,0.1,101,0.0005640862817153651,0.0003026513185517519,-0.26962929345533365,0.000183395701403705,-1.5914786265280252,0.5503295704279546,7.25,0.5620831481974633
1.0,0.1,102,0.003602536901606032,0.008756706623706919,-1.6325960482016058,0.008397687833854939,3.1826546861082363,0.6143111651810449,6.321428571428571,0.6201186058809696
1.0,0.1,103,0.0011091138625856864,0.0010998778728053319,1.883332817973269,0.0005891080327266858,-1.1668318703883074,0.5902272634757055,6.071428571428571,0.594597081473293
1.0,0.1,104,0.0020843255051457266,0.0025962604763373484,0.5285693995338457,0.0019629039579685007,1.0921580538108155,0.6137213548069633,6.357142857142857,0.6130871200147301
1.0,0.1,105,0.0004670811657642732,0.002730718684583321,-2.9267353858535046,0.0018486533220723877,1.28283200323303,0.575579885165087,6.107142857142857,0.598367031091777
1.0,0.1,106,0.00036935855554100737,0.0007323439761455419,-0.8150714355111859,0.0003331847716777012,-3.9076334985776007,0.5791760629023349,5.857142857142857,0.5856128521299586
1.0,0.1,107,0.0033422672586395433,0.001047472249916767,3.409874666397826,0.0013205142798294012,0.7342768925405968,0.5526464313932619,5.178571428571429,0.5647666868601371
1.0,0.1,108,0.003693376898688993,0.0009398946460882104,-0.9325862028226481,0.0008460804642574775,-1.8864931037860895,0.5943656710739201,6.571428571428571,0.6055654567102022
1.0,0.1,109,0.01136120520125938,0.011143538057540951,4.9519875651482055,0.010418334369558952,1.939358623319663,0.6137759618524085,6.25,0.6306519741646627
1.0,0.1,110,0.002205416151300956,0.0024521440898922823,-0.717687993561403,0.0016101938300902476,0.8164168012379207,0.5889662494095554,5.0,0.595628261593455
1.0,0.1,111,0.0041185922788084485,0.002833982271307066,1.9461038393222434,0.002899152858787637,-1.7192972005046745,0.656390589017179,7.035714285714286,0.6654843552924723
1.0,0.1,112,0.004962556968046186,0.001131084735046376,1.1161966302348485,0.0016514429427747063,-0.9572395081576417,0.5899493349414753,6.857142857142857,0.6196029303242389
1.0,0.1,113,0.000648832301914174,0.0002268400914178047,-1.0620461646839108,0.00030568771941161976,0.592535691367857,0.563494492830792,6.178571428571429,0.560384370003428
1.0,0.1,114,0.0005832986740417174,0.0003445801314355375,-0.2813981407951758,0.00028893911045529166,-2.6979441356383425,0.6275651371260605,5.5,0.6223923037807007
1.0,0.1,115,0.0025171949364038203,0.003574345751206605,-0.23442737963256377,0.0020550539835190993,-1.1064509165110128,0.6136398801361507,6.642857142857143,0.6212768139055935
1.0,0.1,116,0.006003418832952493,0.01828627096820552,-2.349396717567951,0.016095671635261075,2.3790270471303168,0.5279153553797316,6.0,0.538275630445882
1.0,0.1,117,0.0016794826658622084,0.003997580409245502,-3.148368938443601,0.0042670030107336485,4.84268840980198,0.5353798684286328,5.178571428571429,0.5221478542747426
1.0,0.1,118,0.0035364406225406177,0.003396401254175005,3.136975726086907,0.002458139750446833,-0.04539220791321933,0.5790438516507183,5.857142857142857,0.5789230008171318
1.0,0.1,119,0.003484571921790688,0.0003914333529837492,-0.9442752518151375,0.00013439039090547373,-4.000600304027368,0.7050388814739973,6.821428571428571,0.7330705732949174
1.0,0.1,120,0.006000496414247747,0.007546136125195471,-0.9816015190636733,0.006437206927763006,-0.07101290867042091,0.6200412587175437,6.214285714285714,0.6310877556169401
1.0,0.1,121,0.002000469449806471,7.745134831112757e-05,-0.2632140651100959,0.00022441205303454914,-1.9763398564664005,0.5440799330702354,5.857142857142857,0.5430138849425619
1.0,0.1,122,0.0030399442072386986,0.005054879799999347,4.214121202890823,0.004280950419062436,1.3918366838873908,0.6314410608470101,7.642857142857143,0.6303483302989651
1.0,0.1,123,0.0030979876365091175,0.0028011883566955702,-0.9250179768304937,0.0023850585067229963,-3.072968292859173,0.6330123871518133,7.071428571428571,0.6522642296487082
1.0,0.1,124,0.0006817361674616315,0.0005236389152540973,-1.3564929168981905,0.0003871042385838238,-4.028490699549309,0.579994564145504,5.357142857142857,0.5947761215160059
1.0,0.1,125,0.00800977361038404,0.0029904053385511648,4.988302389033104,0.004190350262953018,-0.6764878521129845,0.7285004854614979,7.321428571428571,0.7312999376814922
1.0,0.1,126,0.0006480984407385417,0.0015474430210943857,-0.8195778702652964,0.0010088040243464466,-0.5087348500406298,0.6065011867383517,6.464285714285714,0.6143066744000565
1.0,0.1,127,0.0011166204390316886,0.0017466209105665496,-0.02687813515893822,0.0013685670536685082,-0.7128154462513786,0.5968077691328754,6.321428571428571,0.610664124847921
1.0,0.1,128,0.003626318641361336,0.004734212835421714,-0.3860266655287887,0.004736340981430472,3.626502531076833,0.5832805732128815,6.285714285714286,0.5970956456199279
1.0,0.1,129,0.002470065440258923,0.0030650747377095927,2.449119738915433,0.002449996731422856,-1.1086455245930722,0.6246397430869209,7.071428571428571,0.6500673982661913
1.0,0.1,130,0.0019760580539980935,0.0011978352834484231,0.9545237538703569,0.0015925222478397904,2.343075509238872,0.5470353344441877,5.0,0.5685695577179357
1.0,0.1,131,0.0052955697236946216,0.003955554388649252,2.3181780599406445,0.004129011418911224,-1.0848679728467705,0.626050480906087,7.25,0.6315716364784452
1.0,0.1,132,0.002560785127117604,0.0007020716252573365,0.44277114929850353,0.0007315849990118453,1.060268820093114,0.5490618423339667,5.142857142857143,0.5678428462546793
1.0,0.1,133,0.0010531332804059783,0.0014373685142098967,0.123396853536813,0.001119932337660348,-0.5668135239223394,0.5885339270850968,6.321428571428571,0.6125631965459193
1.0,0.1,134,0.0019826472867102906,0.0009667919973294055,-1.1744772462793662,0.001050235528387536,-0.16615973532120165,0.5968575631965418,6.25,0.5948625435411177
1.0,0.1,135,0.0015356020220323536,0.0023277893701479434,0.3215816702926115,0.0017044983514803746,2.0309130002468314,0.5662523694500131,5.392857142857143,0.5591082872450652
1.0,0.1,136,0.004316463793897457,0.0029666088643847044,1.5179778093457987,0.002878557489191234,-1.852710409681028,0.5751532500402369,6.071428571428571,0.5754509014090305
1.0,0.1,137,0.0033868272015972886,0.0008188489635308778,1.8719384611645278,0.0010887860648567055,2.3998011726175625,0.5885104841051036,5.714285714285714,0.6045690385219287
1.0,0.1,138,0.016520000772517987,0.015252218800240191,2.838925780961006,0.012780888731341066,1.6902891469931376,0.6323656862144172,6.928571428571429,0.6730644882469038
1.0,0.1,139,0.004047474093226202,0.0049721907088234344,0.5387215840576497,0.0038155427227649394,0.15011115176189568,0.5985915088918803,6.392857142857143,0.6104258104809548
1.0,0.1,140,0.0006059793574652994,0.001300919403780884,1.5300486375844382,0.0005832766733612021,-1.0376059326983693,0.5993396397550512,6.071428571428571,0.5982587420412238
1.0,0.1,141,0.003954911505696618,0.002482593514824225,2.005349887641463,0.0014499638056117425,-1.3365908212956772,0.5588929888587068,6.071428571428571,0.5624444670971449
1.0,0.1,142,0.0058874296116962705,0.013238168206615764,-0.6086473662206325,0.009373071905998115,7.02718881449087,0.5867559434615097,6.392857142857143,0.5746878991326219
1.0,0.1,143,0.00042120970438130954,0.0009512127186011481,0.5228779904687902,0.0005546330753037836,0.017729828519094326,0.5757359962832457,5.75,0.5745598452683647
1.0,0.1,144,0.0006684202057354424,0.002194722228336082,0.05940105679285542,0.0020378127933561715,0.7982968773008849,0.6105536466994615,6.321428571428571,0.6171000008192591
1.0,0.1,145,0.0024926283252811694,0.0059087198449448,0.12485480564699476,0.004417210317146323,-0.10627398046674823,0.5521612351857855,6.535714285714286,0.5504560363629523
1.0,0.1,146,0.001019949013779883,0.0010701762799365164,-0.6893113680454235,0.000610877752589844,-0.580872215109622,0.5509536960535797,5.607142857142857,0.5474828350513994
1.0,0.1,147,0.01652542926053005,0.015797368513604595,1.7066316112282511,0.015133365459558422,-4.252559576508797,0.7005915579921627,6.928571428571429,0.7291927771967721
1.0,0.1,148,0.009418757660335236,0.012921470022055896,-0.11754408988767295,0.012896634593255853,4.744723881473003,0.6058219978823594,6.785714285714286,0.6551516526746287
1.0,0.1,149,0.0018534423530806381,0.0012870638981891727,2.1557512689131784,0.0014730359612424174,0.397434692129868,0.6058717665798125,6.0,0.6140139841639383
1.0,0.1,150,0.007737474807818761,0.004830241740797203,0.4668681916796705,0.004428898222674498,3.3808962016835458,0.6097020498011796,6.035714285714286,0.6272064591853755
1.0,0.1,151,0.0013164964776531105,0.0007297926439181359,1.1527907666635049,0.0008616467267757821,-2.5785624483402976,0.6158682564701226,6.714285714285714,0.6137041241888928
1.0,0.1,152,0.0029109381746143144,0.003450824974507474,-0.09939885316129941,0.0032863322921464905,1.2782062951031605,0.5584142145245556,7.285714285714286,0.5988394855775223
1.0,0.1,153,0.003444681296233779,0.0030804589998896423,-0.5590439180266836,0.002869506313392103,-2.603582369194432,0.5216062581937881,5.357142857142857,0.5200745001711216
1.0,0.1,154,0.007041737345908197,0.0142912072320756,0.839763144916977,0.012779071287058992,9.035759479553576,0.5813830137518418,5.571428571428571,0.5966977240957838
1.0,0.1,155,0.0007991253435872288,0.00048128663615108,-1.9955898413237871,0.0003587892135275551,-0.3639683053673745,0.5884683562426847,6.0,0.5749670708396724
1.0,0.1,156,0.002197354312763789,0.001647180214903482,2.0846715967551006,0.001507345311402018,-1.52032925446278,0.5777684255237998,6.5,0.5906386067132039
1.0,0.1,157,0.0011691463804037762,0.0019994096100034624,0.8167310731990369,0.0012125400556418453,-1.1331984468435223,0.5984377256891393,6.678571428571429,0.6171755094485089
1.0,0.1,158,0.0024216794987637533,0.0029487626250203148,1.068814794675717,0.002031859311272085,1.4103981761376854,0.580710129348758,5.571428571428571,0.5930221527200399
1.0,0.1,159,0.0026934164554311096,0.003452758782787507,2.0003211366451694,0.0030563936389215035,-0.11767805019382156,0.5814216948649581,5.892857142857143,0.5996753108825402
1.0,0.1,160,0.0016099597115493247,0.0014609335726492863,-0.5117637669025518,0.001725878475835389,0.12266418817908213,0.5770337076166349,6.214285714285714,0.5838418544130763
1.0,0.1,161,0.0016536837424788653,0.002828610426638457,0.05192067702604201,0.002758119649357113,2.869123613678217,0.5685121489084626,5.607142857142857,0.5611693298311424
1.0,0.1,162,0.002006451830928062,0.0014509054172919997,-1.2235054572660526,0.0013299510282803776,-1.2328941913573506,0.6042504737214841,6.5,0.6157441345991659
1.0,0.1,163,0.0009489595664299823,0.0012495419136429066,1.915489478925385,0.0006328155280516547,-1.218385459177237,0.5618244414616415,6.25,0.5797630808377712
1.0,0.1,164,0.006310150814346481,0.007004417330025879,-0.03604968235195353,0.007166064291199719,-1.502208136881535,0.6213106254338595,6.392857142857143,0.6360208821241549
1.0,0.1,165,0.002852478887406405,0.0029589462736431195,2.566067796960349,0.002575195258930835,-3.088099938052958,0.5606556917152524,5.821428571428571,0.5725838467025761
1.0,0.1,166,0.002227764580417948,0.004407947912128713,1.0757779965746295,0.003879787537966095,0.046274539631241396,0.5784801353014263,6.214285714285714,0.5926315637909035
1.0,0.1,167,0.0023992238821522504,0.0011886644963903755,-0.6049716296027915,0.0008717461830869801,-4.325853311925878,0.561089286813949,6.535714285714286,0.6034919416717113
1.0,0.1,168,0.0013009866784507759,0.00025299051737006354,-0.06892062953113509,0.00023058096942703616,0.33281226920496465,0.5483272974391143,6.0,0.5673028795910299
1.0,0.1,169,0.003948247143797622,0.009023929074274207,-1.3815094574864588,0.008276927540901705,5.789792850371394,0.5836640368778204,6.178571428571429,0.6180095544115289
1.0,0.1,170,0.006865652023365381,0.004690386526422102,1.3307627577728833,0.005357666032394061,0.22514189100179274,0.5786359978149871,6.107142857142857,0.6020654049268932
1.0,0.1,171,0.0032680194617001656,0.0034111835137457546,-0.07115194781082816,0.0029141433051799127,0.45613381348332876,0.6531442909000807,7.035714285714286,0.6565545319935779
1.0,0.1,172,0.0011610925300366507,0.0015914040358338852,-1.6584769440133205,0.0012570431507428327,0.5767489900935819,0.6079623589245785,6.714285714285714,0.6125570609040061
1.0,0.1,173,0.008351571144640229,0.004392042542640426,2.8327451765792753,0.0045480584753426,-2.9979323184543127,0.5790180022795134,6.285714285714286,0.586573774121
1.0,0.1,174,0.0037083669659990553,0.0033903721870203784,3.4974322012141195,0.0025342072383324208,-0.8270398391137519,0.5876430780409242,6.25,0.6005231157769326
1.0,0.1,175,0.0019634553517422957,0.0009186031193845759,2.641107817231756,0.0009428287869275566,0.32020142930233914,0.6317910230509156,6.642857142857143,0.6371623328054552
1.0,0.1,176,0.008398471046392342,0.015630991319576643,0.06588365685337294,0.013885050584908132,9.579629610791349,0.5912794238003338,6.642857142857143,0.6152164291609137
1.0,0.1,177,0.004301459571369708,0.0026962355202015723,1.3358179406039408,0.0023523838055362445,-0.08170804258255278,0.5379764933340397,5.821428571428571,0.5530446133939827
1.0,0.1,178,0.0019845308728166085,0.00032757997051989664,3.246630392084569,0.0004201370532837563,-0.7199842471659016,0.567799575686273,5.892857142857143,0.5844099947373795
1.0,0.1,179,0.0017000399270010124,0.0005591923267650562,-0.3653531055064339,0.0005312160567487196,-2.7274436693678865,0.5544180402281614,5.071428571428571,0.5615983922526034
1.0,0.1,180,0.0018651189589924447,0.001708981615038516,-0.3269507375139919,0.0010516713398991005,1.8511491213539273,0.5161853573310744,5.785714285714286,0.523535092736028
1.0,0.1,181,0.0016019488384603241,0.003469511973747697,-0.3188062558088139,0.0022826046907292964,0.7068542677850568,0.583567548880749,6.607142857142857,0.5930468260472743
1.0,0.1,182,0.004040993408987965,0.009304944866957696,0.6474487073148509,0.007876271824019593,6.7043718889005675,0.5803905684878462,5.892857142857143,0.5786351285686797
1.0,0.1,183,0.0018650012918144142,0.003238681339931836,0.04553842815364343,0.001804756132873239,2.1213864554410313,0.6293544609961,5.964285714285714,0.6411537992138643
1.0,0.1,184,0.0015399999703641432,0.0015123821127284583,-0.7122484363432401,0.0011426446593224657,-0.6574937730268479,0.5819719555716146,5.714285714285714,0.5898406312778901
1.0,0.1,185,0.002366803538845737,0.0006847794133854827,1.115850087913742,0.000481454824101666,0.7666169424102804,0.5903809592277609,6.071428571428571,0.60198487714139
1.0,0.1,186,0.0029673779029394795,0.004500176718341118,-1.3810837414469386,0.003723597884926013,2.6461127540884775,0.582308861797552,5.392857142857143,0.5777293267705635
1.0,0.1,187,0.0018300124286827171,0.0030849460356365535,-0.2763766017190979,0.0015786760801473638,-0.24845565449704546,0.6277610594830644,6.821428571428571,0.6336211722213279
1.0,0.1,188,0.0042453309135853014,0.00497441425000754,3.6180279729997076,0.004014930104240951,-2.457542705834849,0.5878462421152426,7.071428571428571,0.6045087181210214
1.0,0.1,189,0.003430360857968507,0.0009597912027628542,1.698692046632696,0.0014878874976674322,-1.3098531853123916,0.582295800892423,4.892857142857143,0.5906669714840158
1.0,0.1,190,0.0056922138811220276,0.0020889743299958713,5.7618516986987816,0.0023360872157397778,-0.6640838869414741,0.6274447768232624,6.25,0.6363050729874588
1.0,0.1,191,0.0034620290617882197,0.0029784239656849903,0.7917534747905298,0.002632510455992164,1.0988547105588207,0.6074142764939684,6.5,0.6186253314573089
1.0,0.1,192,0.0031817029168389158,0.004506726412419762,-0.675100001513556,0.002736831002929838,-0.7985850604140694,0.5961628362797865,6.392857142857143,0.6197088757607498
1.0,0.1,193,0.0048204198665606065,0.002906307462610384,2.6022225095540157,0.002394772061717174,1.4607440393000768,0.6553963115954967,6.678571428571429,0.6814573322356703
1.0,0.1,194,0.004382849708478139,0.006870031673351873,-0.22713665367572844,0.005658132122337635,1.9049282831687624,0.6519520493758242,7.25,0.6692792498157836
1.0,0.1,195,0.0009191433095266913,0.00042961284497143923,0.35886215627458756,0.00041093449844239766,-3.534515577080479,0.5828111168920793,6.214285714285714,0.5778545441577396
1.0,0.1,196,0.002652223084885121,0.004093466901491992,-0.8502957911038038,0.004169424998782571,-0.3222276205560111,0.6284238921833655,7.321428571428571,0.6433875651490129
1.0,0.1,197,0.012236315319950524,0.008922932555226555,2.0883722073521462,0.008662523013950943,0.9262381938186005,0.5687130594048663,6.714285714285714,0.5796699699571312
1.0,0.1,198,0.0009909847528307588,0.0029193572948118178,-1.8440718629818396,0.003452079864455495,4.356356531782789,0.600693822556327,6.571428571428571,0.5972558462244386
1.0,0.1,199,0.00177799800971747,0.0003057887626173862,2.2264029778351833,0.00022395308076376573,-1.376297241893866,0.5629206830672414,5.428571428571429,0.5574996426365778
1.0,0.1,200,0.004924370660413212,0.008534406998552577,1.4087668740969927,0.00669636190575538,4.8425124326439954,0.6495280927631482,6.785714285714286,0.6733705561940786
1.0,0.1,201,0.0032115965137976383,0.003722752997648429,0.9239686318878739,0.0024367541679496257,0.7682503706148603,0.6025288102747418,6.5,0.6102924256491337
1.0,0.1,202,0.0004784985141845327,0.0008698747368020715,-3.663997784686927,0.0008346068455927607,-0.2667288787273397,0.534239356704098,5.607142857142857,0.5180880307803629
1.0,0.1,203,0.0039251272741672085,0.001708770109620905,3.2565929374503164,0.002450215179123996,-2.9976852435540593,0.7221007810419378,6.607142857142857,0.7387197593886901
1.0,0.1,204,0.0019315934820898864,0.005075638126001082,-0.7444528084402956,0.003445285616773807,0.8558597841059262,0.5434080143573087,6.464285714285714,0.5756866709933672
1.0,0.1,205,0.0021492956868578326,0.0010876221122377045,-0.6539810403186834,0.0006752759622575879,-1.8888886907273463,0.5722910397289515,6.142857142857143,0.565559331327887
1.0,0.1,206,0.001483572202956779,0.0033587588811421674,-0.4078778878262786,0.0025251749721844287,-2.126226773456551,0.6158552819488964,6.642857142857143,0.6266224064258155
1.0,0.1,207,0.01114995576836853,0.007346115021134376,2.810673663762117,0.007943957562788933,-0.6869122037017993,0.5608593471073887,5.714285714285714,0.5847682156408165
1.0,0.1,208,0.00240964876055299,0.0049131310133991215,-0.9804708679444237,0.0026633246104210786,0.009821843768615205,0.5449739403129936,6.321428571428571,0.5505390184052208
1.0,0.1,209,0.004322488791284821,0.0019403511626357802,1.2055552329181676,0.0017287618050918505,-0.9312507646080709,0.5728537824271921,7.714285714285714,0.5812692702847377
1.0,0.1,210,0.00341398503976362,0.005512187022686881,-1.9955078574547354,0.003866145120418638,-1.1092306570534542,0.6353397239991503,6.535714285714286,0.6493353357185121
1.0,0.1,211,0.001109332996094604,8.94452587853163e-05,-0.18542729343942219,0.00012707768848716148,0.036885556184320954,0.5789915999894634,6.107142857142857,0.5972797048188945
1.0,0.1,212,0.0035742056386196762,0.008881623854539411,0.6134361086898347,0.004589672575732504,5.518558879970972,0.5555856574972119,5.178571428571429,0.5664272430225818
1.0,0.1,213,0.011862671198360854,0.00859724609719679,3.6423020930896635,0.008752678098724504,-0.7384068393991564,0.5615153454787652,6.321428571428571,0.5829698388792002
1.0,0.1,214,0.0017266476380412604,0.0004821454536523498,3.5496359190762994,0.0007968897722536909,2.607445850057502,0.5375388836800682,6.071428571428571,0.5532279282691761
1.0,0.1,215,0.0034314219161895873,0.002051568985518011,2.228826010424702,0.002410994107784334,-1.8961399862827573,0.5822161784449982,6.678571428571429,0.6132046024697235
1.0,0.1,216,0.008085792432206598,0.004229489650551658,7.510916875275541,0.004858848537636102,1.1100605016281595,0.5195538051675632,5.857142857142857,0.5287600042207181
1.0,0.1,217,0.001038668323061475,0.0013921668915439552,-0.5920164225843886,0.0005767782460919928,1.4237491372263473,0.5562817600006237,6.321428571428571,0.5487285011193599
1.0,0.1,218,0.0014472049639424544,0.0030570616280094073,0.878771329888527,0.0020738402397872755,0.7961436097203508,0.5454406510646174,5.571428571428571,0.5529251796036919
1.0,0.1,219,0.0008524259998006602,0.004812357008534315,0.8579978098842389,0.0028208552262303315,-2.343444325977449,0.5223881071960033,5.607142857142857,0.5659041946371262
1.0,0.1,220,0.0007573639904155223,0.0028791913069843586,0.45643773545084326,0.0023630297732063496,0.3657354317911654,0.5951435527340166,6.607142857142857,0.5968565165201831
1.0,0.1,221,0.01372538470062097,0.017332902560321006,5.056240831779253,0.015669674709495846,7.62623879179021,0.6688400644585804,6.428571428571429,0.6954533047701432
1.0,0.1,222,0.012050827132888402,0.008720531738801779,5.705504041332347,0.009341216143771213,8.75101977312454,0.6432064069797766,6.785714285714286,0.6774527898690856
1.0,0.1,223,0.002321092855751343,0.0009579225228429274,0.7213449886417891,0.0007963900791548762,-2.5468383904037353,0.5753104749697868,5.428571428571429,0.587162252589481
1.0,0.1,224,0.0023847608294239953,0.0014789334137722905,0.5912667862747298,0.0008573449555569272,-7.308670596985564,0.7020178154272482,6.357142857142857,0.7159256988047281
1.0,0.1,225,0.0060541763588511975,0.0027806675944225625,2.0356416239463804,0.0033934018336935763,-0.7845150689744097,0.5552264295962706,6.25,0.5595086529675453
1.0,0.1,226,0.0021933103627677208,0.004648286552576975,-1.9702698796876252,0.00312528391748183,1.7134465641591987,0.5846556006030263,6.535714285714286,0.5999117242063561
1.0,0.1,227,0.010680875956798482,0.009994837646250464,1.7471965311142792,0.011231697863560508,1.5675375201615604,0.6841168660848788,6.392857142857143,0.6965125177329481
1.0,0.1,228,0.0012583425230705788,0.0015321097303582396,-1.7603340767701638,0.0019513479794174978,0.10347477476263596,0.6226558346915121,7.035714285714286,0.6288751123834599
1.0,0.1,229,0.00687047021598099,0.004015817115451025,3.6228167675768455,0.0030913922199362225,-1.2204998388012693,0.6212464592803913,5.642857142857143,0.6387400980357893
1.0,0.1,230,0.007446294702148404,0.0061949812059268914,-0.02477857944211337,0.004965233905075542,0.5009635674704404,0.5760744060596859,6.321428571428571,0.5956949892138683
1.0,0.1,231,0.002150646596575766,0.0018754789620449186,-0.8859447285247768,0.001995049687510211,-2.0012360336471127,0.5964042728902548,7.035714285714286,0.6020107675385777
1.0,0.1,232,0.003933426701140053,0.001655440953119272,2.704237595688037,0.0012346426031603058,-3.2967381832308527,0.5501705730472979,5.642857142857143,0.569120437777447
1.0,0.1,233,0.0016545784983783903,0.0014264774845069263,0.04149910804512539,0.001545530725760563,-0.9336792350843552,0.5612521000281189,6.214285714285714,0.5532021786899992
1.0,0.1,234,0.0012879911598051605,0.0011968188504786355,1.0061019948941237,0.0008338320892041596,-2.434264342674112,0.5157437926169883,5.892857142857143,0.5222867913595737
1.0,0.1,235,0.0027850934796830483,0.0043065859486182325,0.4756797250145344,0.0035262388597667306,-2.8267422520438195,0.5720201322622527,5.964285714285714,0.6005550613485987
1.0,0.1,236,0.0024563516887203796,0.001598910100613947,-0.1358174973173997,0.0008056095364361312,0.4309697059754001,0.5587030498839903,5.285714285714286,0.570195462591215
1.0,0.1,237,0.0022778910358762787,0.0010735502108401669,-0.9984559361630261,0.0010056043019510683,-0.5614006984801941,0.6135092122169211,5.928571428571429,0.6121559005656061
1.0,0.1,238,0.01088236208819546,0.0090039728445831,1.8892077100474012,0.012076303061739856,9.103699511641906,0.5713975764417294,5.821428571428571,0.57123881341091
1.0,0.1,239,0.0013959386182776181,0.0016329287538421771,0.26784807839478236,0.0008374400358950529,1.299618872507428,0.5759722800401149,6.178571428571429,0.5898890424984281
1.0,0.1,240,0.009644056617033216,0.013203974284600834,5.373910692472445,0.010734470655568996,2.7879849252630513,0.5562852261895965,6.285714285714286,0.5581783452164708
1.0,0.1,241,0.005540086619818276,0.002898874834563952,2.0255648019500163,0.0038592170969127914,-6.114641505971956,0.569917907103636,6.142857142857143,0.5738809616367431
1.0,0.1,242,0.00672358623326508,0.009099546895616305,-0.9792210971767,0.0074986725949546165,0.6768677159534017,0.7129211138223006,6.785714285714286,0.7460838573972011
1.0,0.1,243,0.005370310841050629,0.0018295317589738596,5.163814785186361,0.0018692528629642633,-2.687706134583143,0.561317330827336,5.857142857142857,0.5711993743093662
1.0,0.1,244,0.005487719681113487,0.005480863965374224,1.4701901817347978,0.004921928897405393,-1.10136677200551,0.5340787751096477,6.035714285714286,0.5354747199709377
1.0,0.1,245,0.0013198702293443483,0.004496203367560901,-0.1472130135766747,0.0031662393301250223,3.474078763216397,0.5844896257106188,6.035714285714286,0.5826518617516561
1.0,0.1,246,0.0003216347435821986,6.591732883168532e-05,0.07660565564920792,1.2673538366115689e-05,0.5856890953239619,0.5390737931176169,5.571428571428571,0.5389216733056239
1.0,0.1,247,0.003279362996151589,0.008994752920012339,-0.051009853926918446,0.006777888021268948,1.7362708489824474,0.5249039661273672,5.821428571428571,0.5356428466177886
1.0,0.1,248,0.0009495199374118874,0.0009508053110213279,1.4184509076761078,0.0011378417737470707,-2.19296067074824,0.5873831449332522,6.464285714285714,0.5837648370194217
1.0,0.1,249,0.0013442530121529623,0.001206870063456767,0.4384177537750797,0.0009339788265718821,-2.494582737434731,0.5430415391939889,6.321428571428571,0.5425681557036417
1.0,0.1,250,0.0007379174147789779,0.0012879293367411698,0.3806665888138336,0.000831731901684114,-2.3070022731974027,0.6091140256951535,5.714285714285714,0.6078872841944492
1.0,0.1,251,0.006086919561060877,0.003280431985405556,3.159625522144902,0.0033869216970176578,0.6372101956990927,0.6276474758138153,7.142857142857143,0.6193290694678936
1.0,0.1,252,0.0027893700326453506,0.002165130731533841,0.7697897393891063,0.0016657867701483301,-0.18879841131489647,0.5520440825928163,5.714285714285714,0.5717732680552667
1.0,0.1,253,0.001576895682157837,0.003172851709937512,-2.5212977006567314,0.0025640442202407143,-2.641782911641523,0.5936316192012641,5.535714285714286,0.5962727755719335
1.0,0.1,254,0.0017109940878587669,0.0009071627580266819,-0.8161187288697344,0.0009282660793070339,0.5748796689868337,0.5540452122101185,5.428571428571429,0.5544562837801978
1.0,0.1,255,0.0024227329427626795,0.0008288690524253095,2.5745889558787005,0.0015922226875673025,-0.41066532635814684,0.5917038480842711,6.357142857142857,0.5845542326144865
1.0,0.1,256,0.00675586991469207,0.011857054441686051,-2.5552060243637413,0.010373343178979847,4.3669621979756625,0.6199862894446423,5.892857142857143,0.6530369886016018
1.0,0.1,257,0.0014662953469402856,0.0021694169439919076,-0.25017120579501767,0.0016171773473505205,1.8670171859162774,0.5648129366515343,6.5,0.5523967700753841
1.0,0.1,258,0.0024669147079659478,0.0017450254001485522,-1.7719267930668632,0.0017139843827637849,-0.8605405542655641,0.5938597900419588,5.892857142857143,0.5924032575611565
1.0,0.1,259,0.006447534144695318,0.007061258792733515,-2.915168274359653,0.0088133198062499,1.8308198006711887,0.5667313596397463,6.107142857142857,0.5983016010087518
1.0,0.1,260,0.0006821664974057558,0.001621912807097983,0.6944161418584353,0.0006542688397213291,0.7092168313797723,0.597893300325578,5.928571428571429,0.5950723623776902
1.0,0.1,261,0.001583284914692019,0.0017503030645683853,-1.8892072966515154,0.0013872244596788558,-3.0069204294541976,0.591570038713015,5.857142857142857,0.5987972904663325
1.0,0.1,262,0.0026830961793047558,0.005020681866652771,-1.2113025433142184,0.003495550890509133,2.828254614083505,0.6220781351410973,7.142857142857143,0.6388405716867254
1.0,0.1,263,0.025828263834769685,0.02885676218610526,4.537278257355894,0.02818858512827988,7.950329230881361,0.7436307334089308,7.357142857142857,0.7713666651007368
1.0,0.1,264,0.004523801538891022,0.002946557208136457,0.7914365519000816,0.0035301187292248876,-2.1564791422006238,0.55972344630117,6.107142857142857,0.5532372624916275
1.0,0.1,265,0.015337112382032012,0.008480952033017712,2.2422121562822497,0.009555988912975476,-2.4259365971989744,0.5765067085693281,6.107142857142857,0.5995903573881158
1.0,0.1,266,0.001487697749084004,0.003449693319625924,-0.1964722059536541,0.001956058734798865,0.14922371209228422,0.5763231047984584,6.357142857142857,0.6113563258400232
1.0,0.1,267,0.004485299586413151,0.0027571103384024763,4.0305382156362555,0.0026103378600491932,4.601930979649524,0.5779857273397168,6.285714285714286,0.592228683461082
1.0,0.1,268,0.008212753107104367,0.007485343220692248,-0.06278368024624115,0.007498447584391933,5.004335208489674,0.6041648437679947,7.464285714285714,0.6172802679903546
1.0,0.1,269,0.00153870250355164,0.0011731599485700632,0.5599844216550878,0.0007046964764628545,-0.8087751607714418,0.6176131281468917,6.142857142857143,0.6319208047954528
1.0,0.1,270,0.021959316447685836,0.03778647030644684,1.3507378564647183,0.03441639876102464,13.843909627564793,0.6631124200497096,5.714285714285714,0.6936686074724645
1.0,0.1,271,0.0017038653877442128,0.0030639026405748443,-0.9719086083118024,0.0020505532158221216,-0.22906104910233202,0.6187519087019829,6.928571428571429,0.646117352469911
1.0,0.1,272,0.007420286459711188,0.0062830682519296206,1.3823962485387729,0.005041740042793617,-0.44152224748521957,0.5786180107830218,5.785714285714286,0.5834768239529586
1.0,0.1,273,0.0015987648956954116,0.00014620178235873728,-2.2619522351062264,0.0002468568974607647,0.519490921970629,0.5558067230123981,5.821428571428571,0.5779420122595054
1.0,0.1,274,0.012869782005643586,0.01692103785112879,-1.2668393367705637,0.01659022921580517,8.283674508293757,0.6358900052816622,6.857142857142857,0.670112288935867
1.0,0.1,275,0.0020695834074723786,0.0030600053587795766,1.7339948922595074,0.0022105193232060585,0.1542808704892309,0.5733570394513594,5.535714285714286,0.5752570855335791
1.0,0.1,276,0.0035311502118174003,0.0029412025049632717,2.3218328005361193,0.001712046359637294,-0.11715011282027869,0.540562507860688,5.714285714285714,0.5675819406553573
1.0,0.1,277,0.0015018049932013862,0.004815388965101216,-1.7628031111494995,0.002920771261418691,0.6228986886122811,0.5475741508669445,6.0,0.5704366536689798
1.0,0.1,278,0.0011727665170123453,0.0007484946294354117,0.29957043534739114,0.000609106538909775,-1.0767817743786168,0.5455600683649467,5.857142857142857,0.5524065468687277
1.0,0.1,279,0.008354322260590689,0.00767225562895023,0.9634767567742131,0.007322320271173796,-3.459417367651781,0.5893599286775941,6.714285714285714,0.5924513066782373
1.0,0.1,280,0.004164815145735763,0.0007964269757058217,1.743689758806492,0.0008038286900140206,-1.9126238369811404,0.5823366603074257,6.178571428571429,0.601945649266863
1.0,0.1,281,0.008924537014454215,0.004441954354323403,5.080576176669666,0.004913610859783235,-5.716673623147339,0.5707972626037419,5.857142857142857,0.5624536605015854
1.0,0.1,282,0.010151325396220639,0.010720391082652143,3.4649601039721176,0.009900390041066359,0.5891205514995761,0.5911393972796305,6.357142857142857,0.588602750434259
1.0,0.1,283,0.004024775872015393,0.0022476454710529943,1.325145869739335,0.0018478014850160675,-2.7870488511498763,0.5741314623862029,5.321428571428571,0.5776968380437117
1.0,0.1,284,0.007220756402964173,0.0030424318552770085,3.792634028551248,0.001914111624205445,-1.3298170109429368,0.6159148007856183,5.821428571428571,0.6247132561815925
1.0,0.1,285,0.0009947413005331857,0.0009256977351755469,1.6175413489895998,0.0007934156661331659,-1.4343286862770412,0.5353407066258437,5.928571428571429,0.5358112046085148
1.0,0.1,286,0.002440977770238854,0.0002580449380064976,1.6508659761215938,0.00023608499882194736,-0.1506801375261849,0.5400028535531425,5.785714285714286,0.5485750597793833
1.0,0.1,287,0.004407800757738972,0.0018308805653714211,2.5873319169683384,0.0019851590983394154,-0.38820909434406303,0.5577412758845377,5.75,0.5732734526199017
1.0,0.1,288,0.001279685801468658,0.0006866445955097365,-0.38100816786454555,0.00044227965515202254,0.8564897207262732,0.570857173202447,5.928571428571429,0.5696393722652924
1.0,0.1,289,0.002921666998990899,0.004786306980428071,-1.2170337571432128,0.003279465359183791,0.8207166814718789,0.5886571047413279,6.107142857142857,0.6246414188790614
1.0,0.1,290,0.0037904041926093003,0.0032802452353872403,-1.3721483405808594,0.002302923668841306,0.3679002245039366,0.5715065481898771,5.714285714285714,0.5643097324140445
1.0,0.1,291,0.0005870532805914329,0.0012301318672630257,-1.1740723602416192,0.0012679568877720464,1.1853753944387695,0.6287437313155787,5.535714285714286,0.645045848106421
1.0,0.1,292,0.0028758251776065122,0.0007329314435593451,0.9372663245487445,0.0014747896771505036,-3.088016886901594,0.5621542123235403,5.571428571428571,0.5734977958284787
1.0,0.1,293,0.001363510128675579,0.001582508846380556,1.151363302746906,0.0018062871599010943,-0.23696140348240155,0.563362253448669,6.178571428571429,0.5644535679539768
1.0,0.1,294,0.001982679951894696,0.0011172766361789777,2.0763507452652825,0.0016570111875934784,1.4375981373493876,0.5971381138723816,5.535714285714286,0.6118313452252568
1.0,0.1,295,0.037733562371226305,0.032775639945469254,5.9552516680903125,0.03510159650622497,5.2801031608375695,0.6733013099635959,5.714285714285714,0.713912302998557
1.0,0.1,296,0.0007658749063096639,0.0009680898485905062,-1.6202039353746898,0.0003961983077969637,0.19006176453698723,0.5870042992489458,6.571428571428571,0.5889658195006502
1.0,0.1,297,0.004763119856863681,0.0025518608704167833,3.4795296058900553,0.002516391777754044,2.329143109720784,0.5604280723413125,6.25,0.5629980830494439
1.0,0.1,298,0.0017809317763465065,0.007824070806057267,-1.849034935191393,0.007350294113888085,5.5349008307175325,0.5866699233470067,6.0,0.5969298223534019
1.0,0.1,299,0.0034696996485648365,0.002720177001819497,1.0989512825032837,0.0024465668962384583,1.445956977794329,0.5679154837212091,6.892857142857143,0.5580342582158042
1.0,0.2,0,0.0024505198360355598,0.0007388916735075071,2.649751680634296,0.0006175832280311634,-3.635542465283436,0.5756802502608337,6.0,0.5967895776727532
1.0,0.2,1,0.00957778305808283,0.013686684908490707,0.39338825172285397,0.01336078022668862,1.611179075573574,0.7136646492260484,6.892857142857143,0.7350588129692442
1.0,0.2,2,0.0017112990092318812,0.00049663097913472,-0.48241479938120807,0.00039546730873637136,-0.609995127827697,0.5866991090545477,6.285714285714286,0.6085353085647762
1.0,0.2,3,0.004075474256596679,0.003325078240267863,2.8823745153341065,0.004020317531018129,0.5577161759766417,0.5951095998470254,5.857142857142857,0.6044038388780232
1.0,0.2,4,0.003253882772617464,0.004377761035617963,-1.1518743940911236,0.003976269788399536,-4.213635957989074,0.6353949643378062,6.5,0.6325894288291212
1.0,0.2,5,0.006235812983523705,0.005531902086124485,-1.329903283693568,0.0053271984848057945,2.7368572686912387,0.6508698174089842,6.428571428571429,0.6605970248141603
1.0,0.2,6,0.0013486156200356952,0.0010763709341067335,-0.6586794936975195,0.0008473520578566416,0.36785909869918026,0.5560085759589122,5.535714285714286,0.55067100511536
1.0,0.2,7,0.00757560567693192,0.007792155744856695,4.223339902445332,0.006709719325786166,2.3811292911543567,0.6246320002101654,6.642857142857143,0.6288456814191353
1.0,0.2,8,0.003976225493836059,0.004322619760073968,2.0817914157580333,0.004015061701145848,0.22446847077287657,0.5703731009675711,6.714285714285714,0.5862803898532556
1.0,0.2,9,0.0020442020794406786,0.001331596048249858,1.2040959478489317,0.0007983951489481685,1.1477062938577849,0.5337662169765861,5.392857142857143,0.5276975222683694
1.0,0.2,10,0.005386403190835648,0.012277645906168044,-2.3563181106224533,0.0098246167293499,1.2975683997344827,0.5620121708018686,7.035714285714286,0.5458159823121715
1.0,0.2,11,0.004397237210969323,0.008378368302175972,0.48513035165894774,0.006706411570783552,2.9393192279241873,0.6730533911774045,6.928571428571429,0.6734113531835867
1.0,0.2,12,0.003619021370760254,0.005765538942120129,-1.0772994157118394,0.0053113974046081975,-1.8254009779550888,0.6235021977261772,6.571428571428571,0.6370130958889535
1.0,0.2,13,0.002941425923123457,0.005473783759878101,-0.38093506439920094,0.004011337294024773,2.213104693945932,0.5819330310038184,6.535714285714286,0.6098624277937417
1.0,0.2,14,0.004812570434189217,0.006109378865521404,1.1287197462487484,0.004122744239158903,4.009560825944902,0.5500596006371181,6.0,0.5483475984577029
1.0,0.2,15,0.00616001253120667,0.0041311744152122696,5.963556228459329,0.00412587470201952,1.2209942847394757,0.6681133467165061,6.5,0.6758280718904713
1.0,0.2,16,0.0121377886002043,0.013515129037073428,1.7538155047303594,0.012101657111581956,3.541500423321897,0.5849316628083098,5.964285714285714,0.6039345326806694
1.0,0.2,17,0.01352621791475075,0.014277486284038968,5.647731673757979,0.01239102433650768,-0.5807499691915439,0.7029057013441417,6.285714285714286,0.7135372241675029
1.0,0.2,18,0.0021884550376742116,0.0006819170018016583,3.260478948853489,0.0006760169267613657,-2.876873184704124,0.5996570785272574,6.928571428571429,0.6011508824705168
1.0,0.2,19,0.00042537006553088893,0.00034419438614436147,-1.5191769062659357,0.0002690105826693802,-1.1539980337858537,0.5770629098644121,5.5,0.5652210462314533
1.0,0.2,20,0.017531330970201,0.013707865300062282,2.7713566127694755,0.013696190041275428,0.7816466909288806,0.6045640116397629,7.214285714285714,0.6145090600573277
1.0,0.2,21,0.003399221507300589,0.001653481647942153,1.5297935113106575,0.001211487091840479,-0.4235141684587423,0.5871876613792645,6.285714285714286,0.6081135887967524
1.0,0.2,22,0.04899597046606456,0.0472975415470595,7.441058303119775,0.05067648546282285,10.155517352030705,0.7022879421445759,6.535714285714286,0.7466349587421584
1.0,0.2,23,0.00523945454133178,0.002422595553773745,3.045486934850411,0.0031685955527505833,-1.4819833647299845,0.591890089514618,6.392857142857143,0.6108826039921775
1.0,0.2,24,0.0028206271744992185,0.003454255054460984,0.14151942572751372,0.002331145655471518,0.15739138160336097,0.6020426984770232,6.142857142857143,0.6222776678612174
1.0,0.2,25,0.0066556505884051995,0.010314859022344833,-1.9456452036325231,0.00853314701791147,4.348442008875746,0.6036969723907343,6.571428571428571,0.6522205559484016
1.0,0.2,26,0.0034948253486373603,0.0021831742973234133,2.3864267893895126,0.0016440464142626133,-2.574968857128558,0.5944952301872447,6.035714285714286,0.5975727471000405
1.0,0.2,27,0.013200444684279252,0.004029943298086241,7.776471238459266,0.004151710318682777,0.773060451084793,0.547775917561932,6.392857142857143,0.5516718791878428
1.0,0.2,28,0.0020256735516326466,0.0018368532782109081,1.1822415639377084,0.0017506384273330599,-3.4376220633243313,0.6024892169707698,6.714285714285714,0.6160730050057133
1.0,0.2,29,0.006940551679229606,0.008089792452490195,1.1512583744467122,0.006966292747246732,5.806067259081222,0.6453137745131119,6.75,0.646486738229944
1.0,0.2,30,0.0038062882737077606,0.003628695606922518,-2.3330590391920887,0.0038323662782000817,-2.0110699766137636,0.5696636629943292,5.928571428571429,0.5882619406720543
1.0,0.2,31,0.0004930718744813533,0.0008311633742185012,-0.8250992288139685,0.0003909794690052656,1.8436573544199462,0.5875130006113043,6.25,0.5932716822357491
1.0,0.2,32,0.007868849261843287,0.005008050123095983,6.789345431664032,0.0039649855813810725,-0.5096701266964866,0.5860936681200707,6.178571428571429,0.6046338550407625
1.0,0.2,33,0.0038975956154768715,0.0018732158466566232,-1.4914204391613641,0.0024683857178780383,0.7082275770280452,0.5939604885863865,5.821428571428571,0.6152929738083881
1.0,0.2,34,0.010342584891175951,0.0069184649428520074,2.1006692866218657,0.007217081079614537,-3.820283023059839,0.6119046850587585,6.714285714285714,0.6172471858161701
1.0,0.2,35,0.020831564421607007,0.025040417729758103,-1.3876830783825653,0.024066200175269614,3.6940693735676766,0.6385912390512845,6.5,0.6611156474906952
1.0,0.2,36,0.004928785153168789,0.0018388947705737743,5.676494772858699,0.0015408618540276935,0.4637205555023911,0.5971600475267886,6.928571428571429,0.6063899863990421
1.0,0.2,37,0.020550719651528042,0.015241064865835215,8.555639243999167,0.01478561236893359,5.2527880470703865,0.7274061341415841,7.607142857142857,0.760196497653889
1.0,0.2,38,0.002887476321725988,0.0014100481593644905,-1.6191222646900012,0.002516332490956299,0.5206733430737435,0.5987124610786762,6.321428571428571,0.5999826160165269
1.0,0.2,39,0.0077352558670990244,0.013718828451720474,1.6858884983228866,0.01296755056226915,8.74586060885676,0.6479185593840036,6.785714285714286,0.6788998558682393
1.0,0.2,40,0.016915188519201395,0.012673678782698435,3.356555763445357,0.014143049287232347,0.9746688851422979,0.7156642342011202,6.142857142857143,0.7434728802439728
1.0,0.2,41,0.019768082016472975,0.013242642659851459,5.1600663972364105,0.014956598724813211,-3.4778849566296706,0.6586827566189175,6.25,0.6901351918789489
1.0,0.2,42,0.0019964926552101464,0.0022033773493690643,-0.4167355607416236,0.001317652903555237,-0.3098273711859936,0.5773717675210281,7.071428571428571,0.5965194082599852
1.0,0.2,43,0.007642153499062564,0.004222824484305117,3.0250680847817555,0.005400324158167048,2.688092486334398,0.7154846815251467,6.678571428571429,0.7279549667621464
1.0,0.2,44,0.009032533854299184,0.013364331221927234,0.4206678402727088,0.009511116906527417,-0.7209815636193374,0.5572926980851836,6.035714285714286,0.5510285420456003
1.0,0.2,45,0.006871771618326814,0.008751536930641367,0.5850473714556017,0.00724821713408239,1.3360000351128367,0.5459767506883635,6.142857142857143,0.5647931304709402
1.0,0.2,46,0.02037855094697849,0.02979451505786797,1.819016041017619,0.02628785935404403,6.330261647596207,0.6706731004287808,7.714285714285714,0.6944015752787867
1.0,0.2,47,0.004469524371304155,0.00461983999108987,-1.7033368766212884,0.005101588875460029,-1.1290621287708689,0.5912509672394923,6.428571428571429,0.6070816744112465
1.0,0.2,48,0.0025783515584820115,0.0023986114375036034,0.08306372030065745,0.0037966333215746022,1.7092567654257305,0.5899695208509803,5.892857142857143,0.5920996036370295
1.0,0.2,49,0.007766300049587381,0.014230173666945447,2.802862384264993,0.009574066589951117,6.215404975009373,0.6205890057077479,6.75,0.6296877530087892
1.0,0.2,50,0.002750350415075023,0.001870777394611103,2.079250396456407,0.0021053672603362668,-5.6511942734157214,0.7300277327272113,6.678571428571429,0.7471634889716188
1.0,0.2,51,0.006372598726528982,0.001061312265928382,1.090106137328841,0.00217863069716643,4.405884297104507,0.5824967604075341,5.5,0.5941705940097497
1.0,0.2,52,0.004900555499452166,0.004947462715136267,1.2162058038489836,0.004467384224733257,1.0471285883467185,0.6502751534557636,6.571428571428571,0.6764105655934796
1.0,0.2,53,0.0032699209568413925,0.0017193141376289774,2.1245400634150164,0.0012930702375291334,-3.698060077166739,0.5943073849495277,6.214285714285714,0.5971310613497252
1.0,0.2,54,0.014996382207418679,0.010108852971729901,4.7257484765360305,0.00903058309937628,-3.591559757626925,0.6282653806752131,6.571428571428571,0.6616701083510608
1.0,0.2,55,0.0012506763882116126,0.0018819784649855384,-1.1051224551629844,0.0014300704467288135,1.0631854416100452,0.6251018162274836,6.107142857142857,0.6406081897713408
1.0,0.2,56,0.004501511723191495,0.004557641201463884,0.4420750370214061,0.0031050758910844633,0.8333865526337642,0.5834078127306556,6.464285714285714,0.5940514418554814
1.0,0.2,57,0.00035026396910510553,0.0007588715928489245,-0.47642745147010146,0.0011055950980757552,3.5815869854903233,0.6201951410109175,6.535714285714286,0.6322227387281582
1.0,0.2,58,0.0023820450968781047,0.003651643872825281,-0.37242054439733846,0.0023910244628322815,1.939021577560131,0.719653959101287,7.142857142857143,0.72630728538929
1.0,0.2,59,0.0008375049573863274,0.00011875947470596302,-0.22331775876210713,0.00015197413767609733,-3.7065707893393665,0.5802339063942011,6.75,0.5569305970536316
1.0,0.2,60,0.00616195317738468,0.003240714988701345,-0.48493092009699507,0.003172724616472569,-1.7098481298957229,0.6341246310320191,7.071428571428571,0.6294515810872781
1.0,0.2,61,0.012190084033622409,0.01555654310981027,5.529576814050131,0.012400926125643488,2.7442202590937463,0.6207345870283886,6.214285714285714,0.6574586640924194
1.0,0.2,62,0.0003983248357282398,0.0004372297460745235,-1.0657574024242535,0.00039168506050935644,-0.013531296089865918,0.5967382861135438,5.964285714285714,0.6191357464554812
1.0,0.2,63,0.0011563871530562166,0.0010436602477307893,-0.35190085252049624,0.0013633323807092793,2.645984755732665,0.4955670801990238,6.071428571428571,0.5245292880114119
1.0,0.2,64,0.007610597420396368,0.006590372502817419,5.233051503030954,0.007130711894539726,2.9129985669332448,0.6994706957715049,6.25,0.7179423032498669
1.0,0.2,65,0.0009402096170992156,0.0010846868371130315,0.6044006067127347,0.0006815159352879088,-1.46713107289771,0.5902412652247291,6.964285714285714,0.5982406469267945
1.0,0.2,66,0.00128547682825048,0.0009446894103218569,-1.043238642170574,0.0007113735413909649,-0.21283979955538257,0.6204087452815236,6.714285714285714,0.6400894765689417
1.0,0.2,67,0.0033101091872586455,0.0033905979218849256,-0.6382214528897426,0.0029305635248065075,-1.8276817775289185,0.5812856636028139,6.607142857142857,0.5996789118002532
1.0,0.2,68,0.01202622849107093,0.007462431729991679,2.3448863868713183,0.008913469565897737,-1.506376202229158,0.6811148749518173,6.107142857142857,0.6995210341900047
1.0,0.2,69,0.002182020699213368,0.003841810214849337,-0.06208038044126359,0.004075089322068995,0.9934113339503957,0.5796260685258484,6.964285714285714,0.6057274577735694
1.0,0.2,70,0.03214374287367124,0.03561263503785935,-0.24021984958857465,0.03860448275249059,9.765685723764818,0.6838343546087816,6.107142857142857,0.7190484890778106
1.0,0.2,71,0.011186813764260702,0.009847561311683682,5.191783914063715,0.008985810349261155,0.3860787437548841,0.6368631805990274,5.142857142857143,0.6720872816587191
1.0,0.2,72,0.002525527463135682,0.0040882561824087,-4.100128143943361,0.003489238202566955,-2.7989153655759935,0.6504405905283009,7.678571428571429,0.6775506080946689
1.0,0.2,73,0.0012985606278716425,0.0007054478660192446,0.1824887002014369,0.0009954756605221379,1.0321357151900845,0.5621300552105896,6.642857142857143,0.5662921180824805
1.0,0.2,74,0.0029844366488238016,0.0027977624857467246,-0.5222381906874602,0.002756965103595863,-2.2174629483769572,0.6808500021468324,7.035714285714286,0.6853910431426605
1.0,0.2,75,0.019323187747925404,0.01867561363272145,9.475227696294686,0.01691911864501866,0.11931666408161352,0.7102761170074972,6.25,0.7452353081790355
1.0,0.2,76,0.020667441181104626,0.023236630162619697,4.939541971622513,0.021282376124746302,5.877147731023086,0.6245108979287004,5.535714285714286,0.6667399590886461
1.0,0.2,77,0.004590789922560848,0.006288263972549029,-1.944511882557407,0.006237377258215415,2.2839649621069875,0.6219649502094645,6.821428571428571,0.5998838623570126
1.0,0.2,78,0.004407417158930491,0.0011461821089323978,3.0796491629415166,0.0011850038229457925,-1.3116055165937819,0.5835383891552605,6.678571428571429,0.587549280834622
1.0,0.2,79,0.002247183568131279,0.0018134738065847746,-1.7158430826282636,0.0022800231525234994,-4.939999857153263,0.7389261676239803,7.642857142857143,0.7537882924217364
1.0,0.2,80,0.007698521337857149,0.0019281779240423974,3.117660264999737,0.0023782179770816736,-5.0777380316111005,0.6365638708154292,7.428571428571429,0.6479694110690531
1.0,0.2,81,0.00347686945212125,0.0019715730173136626,-0.10488055180998875,0.001526086200744141,0.18679013374076212,0.5834891375869592,7.392857142857143,0.607905479893172
1.0,0.2,82,0.0033944456234931233,0.002720594112110438,1.9416789002704793,0.002845802940738134,-1.6466951815427346,0.6244085617089963,6.678571428571429,0.6542503067607215
1.0,0.2,83,0.00799294570786039,0.012916776467742365,1.2772112565940101,0.009688158505606352,3.252927796413227,0.6380741564454329,6.107142857142857,0.6493404856343475
1.0,0.2,84,0.008731870734117518,0.006433086727383205,0.940649190500333,0.007358048536064407,-3.900694352772471,0.6318449694578591,7.142857142857143,0.6634661012649175
1.0,0.2,85,0.0023129553500314676,0.0006407814074384927,1.8192950297893447,0.00043839538338649487,-1.6964773136512104,0.5759198080460017,5.857142857142857,0.5835602284492606
1.0,0.2,86,0.020909127435410353,0.017182835603908597,1.1638420248181849,0.019064806280995668,7.034537713770391,0.6897572728885619,6.714285714285714,0.7158168263652718
1.0,0.2,87,0.0030760610548229445,0.0008626582016340688,0.722757113106051,0.0012666317064967626,-0.7032204833831486,0.6067899250280636,6.178571428571429,0.6204410791264402
1.0,0.2,88,0.012575030889252476,0.020346362071383822,-0.9533417107629892,0.015861177877394175,2.788280641103512,0.5608046045268876,7.25,0.5921605174852693
1.0,0.2,89,0.0026731959083351044,0.0019168346180138461,-3.2210852559505176,0.0025876753424793745,3.1108394115333433,0.5959634523725227,5.714285714285714,0.6200073194184652
1.0,0.2,90,0.006570380594875861,0.001985597977597584,3.1933517089854413,0.0017041926323808241,1.443395335510947,0.5957854300041496,6.75,0.6267734438011738
1.0,0.2,91,0.006329635948998979,0.0038900120879893528,3.288859083460153,0.0035602835435620565,-0.22961035245420666,0.5910372095934022,5.428571428571429,0.5932272742700987
1.0,0.2,92,0.012590205552714607,0.009321256014592987,5.465350816210408,0.009077256736490026,-3.4472199263690015,0.5600985745413939,7.071428571428571,0.5877812382742288
1.0,0.2,93,0.008101202826479113,0.0048248555879738505,7.386604418527422,0.004094698007321575,-3.583545213560152,0.7020600716737084,5.678571428571429,0.7303838662269933
1.0,0.2,94,0.003372768131391663,0.0035968939956566456,-1.4507724164072329,0.0036857469146680828,-0.28879103211580553,0.5717207181466561,6.392857142857143,0.5694669909028196
1.0,0.2,95,0.016029418865815125,0.020153120617354196,3.6555743274720385,0.019765742679230546,2.790615076585292,0.6758225771640883,6.464285714285714,0.7202266530262966
1.0,0.2,96,0.0013570108912588689,0.0009903793207092643,-1.4979254406235516,0.0008071959502344285,-0.9642901758083818,0.5996393546174529,6.714285714285714,0.597817287634784
1.0,0.2,97,0.0023729368197377117,0.0011838331907115033,2.52546065975154,0.0008837604258528352,-0.2363788160582582,0.5767427633959282,7.035714285714286,0.584308324133349
1.0,0.2,98,0.019011642172711233,0.02648598559937311,0.8723279064996537,0.021167118843120232,11.357961713778593,0.6438377658827487,7.107142857142857,0.6845931682916403
1.0,0.2,99,0.001957808100875244,0.0006919520002366824,0.6256689954572133,0.00014072128111230592,-7.104766977225665,0.57769905667981,5.964285714285714,0.5847589417689409
1.0,0.2,100,0.002231373908327391,0.003952165101943683,1.492349638823839,0.0044998697134639,-0.23964933665693403,0.5975364308076621,5.678571428571429,0.6058059939900582
1.0,0.2,101,0.002208969558902348,0.006796990776122632,-1.5574318706436543,0.005686601770516399,3.708968915541552,0.6096087094345978,6.5,0.6361122830718027
1.0,0.2,102,0.018446395939887856,0.018755551053660724,3.141982465082909,0.01950718984917129,6.305837380585719,0.7409572671264032,7.714285714285714,0.7740041462153442
1.0,0.2,103,0.004077222896582568,0.0014270880904243386,0.22542485830428896,0.001875832106543652,-4.216802925844054,0.530713015125985,5.892857142857143,0.5618730175495805
1.0,0.2,104,0.011915546302886708,0.011028357932259971,6.041985942830972,0.010064493218964557,3.7138598671158625,0.7381363810905681,7.357142857142857,0.7493779024886671
1.0,0.2,105,0.002363665363628334,0.001517872262800926,-1.623622017536282,0.0010591723940960988,-1.114347928328603,0.5701634324259663,5.857142857142857,0.5688985588840647
1.0,0.2,106,0.019047386484313002,0.02112462218138841,7.371580940828674,0.02125858909540809,3.6108216933850863,0.6612460149709405,6.142857142857143,0.6866469386332861
1.0,0.2,107,0.002281913918794268,0.0011938901818792668,-1.0313420071701198,0.0014694243739351897,-1.0307946841914297,0.617790080043635,6.642857142857143,0.6197655147765092
1.0,0.2,108,0.01078265331293185,0.005366227774456101,5.997987965641339,0.005425384958291517,-2.9610536994879624,0.5919501779029137,7.0,0.6036007738774503
1.0,0.2,109,0.00402306753014399,0.007254309189341446,1.2101116571744133,0.005763664874086399,3.2766557715494287,0.643371466439116,7.142857142857143,0.6549437449396356
1.0,0.2,110,0.006954626482154823,0.008290602858396307,2.440409431078147,0.008355748211215555,3.8878048644754606,0.5653335713592205,7.642857142857143,0.5661809221458406
1.0,0.2,111,0.004765381092561248,0.0016122745491323812,1.8458014574340023,0.00263166536235065,-3.180614865299655,0.5655814136360339,6.142857142857143,0.5935807677117336
1.0,0.2,112,0.015432595456349759,0.008652961840074332,6.662476157066237,0.00799885356593775,-9.071135768392603,0.7278044445426186,7.071428571428571,0.7629725839251583
1.0,0.2,113,0.0016642157480330096,0.0007246190689138321,-0.7324247302390745,0.0005753057384627019,0.980780268675403,0.569194284038881,6.25,0.5764380759007168
1.0,0.2,114,0.007670949165496982,0.014067707723244132,-0.6636378018396935,0.013542569723361176,11.353560110399476,0.6552456133470173,7.178571428571429,0.6915245224935425
1.0,0.2,115,0.016253600651643732,0.018573317806278168,9.312453942093205,0.017511135069006385,12.15737940110831,0.6807701928743297,6.892857142857143,0.7085062894931342
1.0,0.2,116,0.0018006782889710884,0.0031501153363389252,-1.914753287920045,0.001436807545389957,1.2417272965469976,0.519365272921356,5.5,0.5037197957750583
1.0,0.2,117,0.004954240055611214,0.00029452492722456113,1.7345874999414737,0.00044579090147043085,-3.707779807756291,0.6439700869461992,6.571428571428571,0.6645797605058799
1.0,0.2,118,0.0032358974457405826,0.0018692789954599307,1.773223677407439,0.001808457165362823,1.3573229167511631,0.5994091484708457,6.392857142857143,0.6173296951122587
1.0,0.2,119,0.004514858381505111,0.008716038292722975,0.16753097679972484,0.007541003776375336,0.9107907585784858,0.609715479087705,5.75,0.6128351865344024
1.0,0.2,120,0.01561084753633075,0.017818352995621588,7.135693650224852,0.016748721536389156,5.998937493179255,0.6335045625200648,6.642857142857143,0.6707567827974867
1.0,0.2,121,0.0031099302926941175,0.0034296902350479845,-4.3956378626366,0.0033334154651975985,-3.8107465085685894,0.5699033987677886,5.964285714285714,0.566373088438876
1.0,0.2,122,0.001831587491333135,0.0013198436303611509,0.38477944460688224,0.0011077736694620522,0.6744742388005894,0.544493830048762,6.035714285714286,0.5315367744651844
1.0,0.2,123,0.01704981963388621,0.01641003967711951,-1.052846372384958,0.016426562506050794,-3.6579823068203345,0.6684253065427735,6.571428571428571,0.699090000316388
1.0,0.2,124,0.0005110777350875262,0.000838824853608263,-0.24003123497546616,0.0006254607578278095,1.2825080757789447,0.5868539519587364,6.714285714285714,0.6020338516339725
1.0,0.2,125,0.006495613975092135,0.0056210909238554405,0.5321283168784134,0.004826610225768647,2.739864222302591,0.6048673159147402,6.428571428571429,0.6075618940044624
1.0,0.2,126,0.014094471075554471,0.01915730912945389,6.101907560581708,0.0168352427258039,9.531510612713248,0.655665265477352,6.928571428571429,0.7046112029549091
1.0,0.2,127,0.01680527271801999,0.01628245843733296,3.965711504898072,0.018164951850371154,-0.6402261102480793,0.664138886086206,6.428571428571429,0.6876323528998334
1.0,0.2,128,0.0007657959009567278,0.0005498071738822717,-1.8144883347407774,0.0005507638411130007,-1.7969746305738852,0.5824428737176666,5.785714285714286,0.6055244686105363
1.0,0.2,129,0.00101237852390059,0.002848968547674126,-1.202738147715299,0.0031717270738315134,-0.26209531381412415,0.578602083544511,6.142857142857143,0.5876776263933307
1.0,0.2,130,0.0301256712832411,0.03173972693162205,3.052418840541492,0.03321079445931596,2.108388809446003,0.6669466804137186,5.892857142857143,0.7070617280428925
1.0,0.2,131,0.0019350339462070832,0.0013850341140949627,-0.2586740305095058,0.0012761106763597044,1.7124308426666535,0.6198805415475869,5.928571428571429,0.6181732251741705
1.0,0.2,132,0.020694462608354097,0.01922049436168829,5.488426020979186,0.016632038184581754,-1.2867403219489877,0.6359155739874055,7.285714285714286,0.6661027978220342
1.0,0.2,133,0.019586655255147415,0.012395828785202784,8.083907271239468,0.013585263802133643,3.1223213345326806,0.6638795142646211,6.821428571428571,0.6748615775295613
1.0,0.2,134,0.011700882215747882,0.014045330906172852,6.583107654832143,0.012830531390575918,5.035192216005072,0.6882373166792692,7.464285714285714,0.7055671359649849
1.0,0.2,135,0.0010666899085239325,0.001600177090193603,0.5890804690140025,0.001139942945255299,-0.13200102394425053,0.5892479619013627,5.857142857142857,0.5971201580122926
1.0,0.2,136,0.0028274422056830794,0.0023445808692226216,2.0170789235481643,0.0011524380681707989,0.49935654745774133,0.6189879302264435,6.464285714285714,0.6256440028845363
1.0,0.2,137,0.002184095855535853,0.003577317911204338,3.0102152841900534,0.0030546592688890303,-1.205980930849999,0.5912464536010186,6.678571428571429,0.5821390025551478
1.0,0.2,138,0.007803646540594121,0.00861112472379908,1.2348182149604554,0.00810983835929983,5.420264750128837,0.6493216606798221,6.214285714285714,0.6739433133374608
1.0,0.2,139,0.011926696228589532,0.010969381688471586,3.4305280348715996,0.01045834649166509,0.7460956971817344,0.6356707625712372,7.285714285714286,0.6307394322079991
1.0,0.2,140,0.002635583210521682,0.0005696009182887038,-0.46778563501853415,0.0005158895200297672,-3.3932723436335173,0.5802096700690915,6.25,0.5924160619417392
1.0,0.2,141,0.002238743606358737,0.0025117610171455935,0.6232610914574744,0.0025405499003479126,1.6566791417249174,0.6040871460828426,7.321428571428571,0.6296047407912326
1.0,0.2,142,0.0016147986776804209,0.0017203936619475063,-1.018422962389091,0.0015430783606068085,1.6383823698449096,0.617503609068948,5.892857142857143,0.6279081553347992
1.0,0.2,143,0.016089172990730195,0.023230822115697984,1.8536895133616345,0.01786045961990704,2.955951144089435,0.5915299737147446,5.75,0.585373008881729
1.0,0.2,144,0.009607770178446134,0.014805870201084138,2.069444833741007,0.013273016611449385,8.739985402657046,0.6152199961597402,6.464285714285714,0.6519382963035356
1.0,0.2,145,0.005964611759732224,0.0031003235795120806,2.659212068178325,0.0027117313942703497,-0.7373556175341586,0.6230681850050442,6.464285714285714,0.6452840417722346
1.0,0.2,146,0.003138408523158493,0.0056807259423149025,2.206640815321568,0.0044326204946257015,0.29172766133165356,0.6335975888592219,7.535714285714286,0.6430788518349148
1.0,0.2,147,0.0020509379697846546,0.0005294355463815912,1.0717809722979912,0.0009760376545243663,2.6234755125670404,0.5651720325629006,6.357142857142857,0.5735559838423605
1.0,0.2,148,0.001188942383954589,0.0008528007230652533,-0.49136489002871525,0.0006655017469687072,-1.2472218119759664,0.5841585519510605,6.785714285714286,0.5972742833254663
1.0,0.2,149,0.01500473526247733,0.009088881570210228,4.999955567745967,0.009751472905386433,-3.090923815459765,0.7063178717233057,6.535714285714286,0.7434334612592879
1.0,0.2,150,0.001880563905145564,0.0007675146599148319,-0.9399376117253837,0.0006858323223210614,-0.17706173089215818,0.5532412359272891,5.428571428571429,0.5678911267156356
1.0,0.2,151,0.002028419527776572,0.004125055596816079,-1.781191335019552,0.004622547383838602,0.718790822982489,0.550449306683201,5.928571428571429,0.5487855122970058
1.0,0.2,152,0.0033968325599897965,0.00366776856165018,0.33731484774878595,0.0038945533192522638,2.6096389931322697,0.5874306318348295,6.428571428571429,0.5851075166386162
1.0,0.2,153,0.0026572858749430773,0.0004379052523929458,-0.03073680047150636,0.00048174398896109956,-2.038957192112349,0.5411528692618331,6.214285714285714,0.5436294909950428
1.0,0.2,154,0.012639497616519956,0.016933694490257726,6.316525495193645,0.01691496763541759,7.116625203615058,0.6277747893356802,5.857142857142857,0.6655694194296196
1.0,0.2,155,0.019882895087154306,0.015296496083430415,8.899149004854356,0.01787226022244458,7.975720914023829,0.7323893461300761,7.25,0.7616151083563666
1.0,0.2,156,0.004028291495249585,0.0052807832208836185,0.8290245428284019,0.004138373010504834,-0.34208161996384473,0.5793161001993299,6.607142857142857,0.5979188274792329
1.0,0.2,157,0.0024820450631462916,0.00398413329399749,-0.481419607018258,0.0028578239020633773,4.7536954554064055,0.5834089546543784,6.857142857142857,0.6063941405303703
1.0,0.2,158,0.00677517578673926,0.005505005374609066,2.6754195989505924,0.005728681314389237,2.8201652238684196,0.7010443329803798,6.0,0.7138863623092224
1.0,0.2,159,0.009793772049677065,0.006489039223484195,1.0046471262658276,0.006592068435431789,-1.2065723469828715,0.6988961454210993,5.892857142857143,0.7265817598098265
1.0,0.2,160,0.006982272547833286,0.0073751876511246725,4.98429538981306,0.006486682157834213,3.326867999862808,0.6499048966501695,7.0,0.676507146632251
1.0,0.2,161,0.004125725159152611,0.0006612707449679769,-0.01700774450824838,0.0008730477538852752,-6.9166887000732045,0.7286891476484968,7.464285714285714,0.7397092875528481
1.0,0.2,162,0.007058305065599697,0.00398407195984837,4.690791181285722,0.004819857479990994,-0.7998788245915875,0.7366710257835417,7.392857142857143,0.7535265519727771
1.0,0.2,163,0.010457988892260846,0.013415688740499275,1.0714937300661138,0.013335959449924276,6.805337007911542,0.7047473407701794,6.285714285714286,0.7236357363744204
1.0,0.2,164,0.000976740182353933,0.0004636115705614831,-3.286687134972889,0.0006040014868021135,2.735613992173436,0.5321553509144091,5.107142857142857,0.5611000775449582
1.0,0.2,165,0.0025864744206097784,0.0014877538505218724,0.3532976914983313,0.0014328342417516276,-2.1289337826076937,0.6418611926302358,7.035714285714286,0.6457131645442717
1.0,0.2,166,0.00293922179697217,0.004632230467779838,1.934937786350872,0.0037381306170370496,1.2848908725297008,0.6734049307216968,7.071428571428571,0.6998102341511327
1.0,0.2,167,0.004267340492161608,0.003927281433609385,0.0564111033149004,0.003928809472856407,2.3147725636575274,0.6679850270486146,6.428571428571429,0.6710535466974981
1.0,0.2,168,0.00239214225598014,0.004246466935361786,1.611635210171272,0.003812603573065786,4.161750808558992,0.5761391139597122,5.607142857142857,0.5846860382728971
1.0,0.2,169,0.0034233844958719,0.007119828663620178,-0.7580996456637953,0.005908131878334719,5.374324790709181,0.5712474904857113,6.178571428571429,0.5864882472961019
1.0,0.2,170,0.0034350489973479378,0.003254016992237935,1.9950779302217068,0.0017883348364862498,4.339686071085073,0.6338405824264782,6.571428571428571,0.6461549709957394
1.0,0.2,171,0.020721861511077598,0.02100719876252401,5.354102258771083,0.019658830825597922,-1.013275088606908,0.6714612114875759,6.107142857142857,0.6963446827805488
1.0,0.2,172,0.015061916156416907,0.014186694461825704,3.320004949995242,0.011138899390262351,1.432115886118974,0.6617185806872848,6.357142857142857,0.6845031554072449
1.0,0.2,173,0.0010042517931290666,0.0006605434338165217,0.5361616536513907,0.000480084908956594,0.23458170808986742,0.5781823624335785,6.392857142857143,0.5723369424369313
1.0,0.2,174,0.01018198981609273,0.013648246277632921,4.72205889320702,0.011177069323146346,6.0502736971345525,0.7023559643513712,6.857142857142857,0.7351303284020357
1.0,0.2,175,0.0043054345715119804,0.0024123360565521845,2.6321867742478937,0.0040841526213347195,-3.919092416228201,0.532573143420321,5.178571428571429,0.5486220024692336
1.0,0.2,176,0.0007707657002965902,0.0006861312638748855,0.21699883729471026,0.0005189428884751704,0.5455227512047145,0.5888446897002456,6.464285714285714,0.5961647480405439
1.0,0.2,177,0.0015124328763730047,0.0007178335230126617,1.7653261160058473,0.0008113645076820335,0.6841079577606214,0.5741161271601524,7.392857142857143,0.5944338231062551
1.0,0.2,178,0.03113652021417831,0.03987099729014908,1.8030658757932183,0.03614522443528475,3.9966607041318127,0.6877224467715864,6.642857142857143,0.7117688416422556
1.0,0.2,179,0.0024168632398123865,0.0011845339031378856,-0.27595126445393703,0.001168672084793753,-1.2185680572537763,0.5740497214562804,6.25,0.5797754124721738
1.0,0.2,180,0.010857966365880706,0.015130740237499747,-0.253023056344432,0.013808355263827208,-1.5407447554022344,0.5543675099011137,6.464285714285714,0.5817590755611393
1.0,0.2,181,0.003291959135705651,0.0014369778334444145,-0.30475573148298923,0.0015626211079340863,-0.5389063373354664,0.5474221550152952,6.321428571428571,0.5532194389547912
1.0,0.2,182,0.02312516316780374,0.023297989664788268,-1.3323167495686334,0.024495354469097685,-3.4100295558610583,0.663799009674408,6.964285714285714,0.6827796234185401
1.0,0.2,183,0.004457750661340552,0.002467200955025523,-0.5774198876160407,0.0035785588609648085,3.9557872541393237,0.5852469270950388,5.178571428571429,0.6086466553778567
1.0,0.2,184,0.0069133285925981666,0.0037290447703014346,4.703728886304447,0.004047881038340126,-1.46286013382318,0.5672808592480119,6.071428571428571,0.5768897697882511
1.0,0.2,185,0.002642358867319605,0.002294753694394388,-2.1988100032488753,0.0017205312901875116,0.31601247593176635,0.5491733023446298,5.571428571428571,0.5488420507284715
1.0,0.2,186,0.001164168060284565,0.0005597146617829438,-2.0031049029397914,0.0011382259555717316,0.5908475915643407,0.5756496689174029,5.428571428571429,0.5721160995617739
1.0,0.2,187,0.021699840563653032,0.01642097191000681,3.4095770324765433,0.01749752481231027,-2.374555762722707,0.6804810778022026,6.642857142857143,0.7050734481348481
1.0,0.2,188,0.012953069875133503,0.008602296031400277,5.337075019951527,0.009011658733765606,-3.9437841240937246,0.7193653672362126,5.964285714285714,0.7448671596058144
1.0,0.2,189,0.004326826688253131,0.008066128297187123,-0.4089162973778002,0.006346551531955582,0.9867649512844707,0.5586512549081005,5.857142857142857,0.566792776404168
1.0,0.2,190,0.006779734098705293,0.013001137266164524,4.275326418111547,0.010037694975281094,6.966131061024403,0.6891803474458886,7.035714285714286,0.7159746230051639
1.0,0.2,191,0.0015710074121756778,0.0045586893617110685,-3.2736220367085216,0.0035950908375125745,-0.898825135992278,0.6544351788990195,7.464285714285714,0.6474890305409674
1.0,0.2,192,0.00024650150666199897,0.0003363108133103507,-0.037143754521186644,0.0001669361257932552,0.5445880525439671,0.6128699241604775,6.285714285714286,0.6204563981143643
1.0,0.2,193,0.01799970670662418,0.020007467808200025,3.396850880615782,0.01781306446915106,5.5766498461966405,0.6048923675149863,6.892857142857143,0.6415400529599442
1.0,0.2,194,0.0016026179580503773,0.00015294827127494413,1.776450397833533,0.00022631737713099085,-0.49870031746503213,0.5855218849143399,5.571428571428571,0.5989192690392526
1.0,0.2,195,0.00137189307807234,0.004653909015784808,-2.0709678028943586,0.0032382097706253436,-0.5624929257267487,0.6070932156803126,7.392857142857143,0.622773628896391
1.0,0.2,196,0.0031111810060855424,0.0002126611807659433,1.0163117025812671,0.0001742631493460733,0.3501235556923821,0.5287800318594551,5.392857142857143,0.5427570932408508
1.0,0.2,197,0.004796194936741201,0.004296081034788174,3.037911549829962,0.0036606227287518407,-2.283413692952943,0.6125693882496984,6.892857142857143,0.6226129656041295
1.0,0.2,198,0.00340314913782298,0.003546127716562237,2.0991589267571933,0.0032362590995660416,0.23490363152978944,0.6036635688277986,7.035714285714286,0.6159340980961703
1.0,0.2,199,0.00172082789506349,0.0018215754347647014,0.4765969838407121,0.0015876725768616986,-1.0674770051618339,0.6257421577906593,6.428571428571429,0.6202259293223036
1.0,0.2,200,0.0010082140496409854,0.000780456037146446,-1.9483899506817863,0.0005110889770073201,-2.34427274631013,0.5844034327139677,6.392857142857143,0.5982343000578647
1.0,0.2,201,0.008933109836564573,0.006690399990938684,4.016209249386644,0.007724157746561272,4.439717649298065,0.6065612574288185,7.142857142857143,0.6010073688003243
1.0,0.2,202,0.007352422220383147,0.006834608761405897,-0.01641257891807868,0.006915644736442745,1.6360379430821865,0.6804191966662253,6.607142857142857,0.6906467535380689
1.0,0.2,203,0.0033682928231386186,0.004283988301932361,-0.8747041792190563,0.004241210274217037,-0.018631102635102554,0.6194323251372529,7.107142857142857,0.6379571197186602
1.0,0.2,204,0.0011004824704514567,0.0001147629208500678,0.04504182344119082,6.150791934042985e-05,-2.7083913835612634,0.5028566057463603,5.428571428571429,0.5124145133459541
1.0,0.2,205,0.006586005782819132,0.007909952800060094,3.917961589966969,0.007184669701598731,2.6921475461938846,0.6334167486373821,6.571428571428571,0.6600170557769228
1.0,0.2,206,0.004186061816245898,0.0025837531342719567,1.3498274897293452,0.0017847378085445716,1.3218823773417796,0.5432653593286326,5.928571428571429,0.5551162575646115
1.0,0.2,207,0.0018766634524297473,0.0023828684364705036,-0.5090617533252461,0.00266337720221054,1.4310525415705417,0.5707094771398614,5.857142857142857,0.5754751623406611
1.0,0.2,208,0.0035436267655706488,0.000498670911483958,3.8076980425764098,0.000633511446507326,-4.752025470722032,0.5979087241506832,7.142857142857143,0.607799122061057
1.0,0.2,209,0.020469579194661372,0.021848638662205648,9.281719829461792,0.02047376716927473,6.9145043085217806,0.654516955249869,6.357142857142857,0.6900852014850003
1.0,0.2,210,0.005069695810180231,0.0054000287740326594,-0.1279620226911599,0.005708458742176347,3.537019458195317,0.5828158397927904,6.642857142857143,0.5855576414111694
1.0,0.2,211,0.003377421785166783,0.007123657707499513,1.0355865969792906,0.0056074364466637255,5.175478568148577,0.7325948537596051,7.357142857142857,0.7465118133914318
1.0,0.2,212,0.024408322731409363,0.03282776796582133,6.853652723765919,0.029184538032447922,11.204410393705473,0.7227740283653932,7.535714285714286,0.7587399364974138
1.0,0.2,213,0.0008350153545570603,0.0002657012026163022,-2.158681702977655,0.0003488945786524637,-2.42922770043315,0.5975983113610074,6.035714285714286,0.6070718674426148
1.0,0.2,214,0.0015829057973680543,0.00023891048007866983,-0.4746707022377355,0.0003027263521020851,0.3168111166001874,0.5824474180136369,6.607142857142857,0.5838981615006666
1.0,0.2,215,0.0019222593803213735,0.002688442029972156,-0.48280751046295717,0.0023489142735376068,0.6713695328563271,0.5632943527908808,6.0,0.5856803441910037
1.0,0.2,216,0.005902307102099414,0.001578657902514176,4.029317293745123,0.0016453745626434592,-1.9820798056986366,0.7300958283553465,7.785714285714286,0.7590601164209889
1.0,0.2,217,0.018463266896226946,0.020300174463322874,3.0382420053207113,0.018743530817072116,4.861208734997159,0.7524847957425884,7.392857142857143,0.7812455213271619
1.0,0.2,218,0.0012207670342322299,0.0011580066101278996,-2.8356265295990113,0.0007179969361051295,-3.367495517921924,0.5954349338240332,6.107142857142857,0.608322200621801
1.0,0.2,219,0.017897458913474273,0.015146873559822393,2.6013015020290973,0.016379118461145956,-3.540864158787741,0.6500725400979983,6.785714285714286,0.6563729270513767
1.0,0.2,220,0.0008880907092907474,0.000535048232623819,2.9322656912969385,0.00028418908720123805,1.6404750644327162,0.6000302586405467,6.892857142857143,0.6093778529006104
1.0,0.2,221,0.015733532731772176,0.018173351352483172,-0.488200150609714,0.018149197007350754,0.3722456530193578,0.6683305920085942,5.714285714285714,0.7021636048698711
1.0,0.2,222,0.0004443683983772058,0.0005879631753922324,-1.4019391084606525,0.0002735275363339812,0.7863409067046803,0.57276496266125,7.464285714285714,0.583372759442739
1.0,0.2,223,0.004085858789100758,0.00330333955967477,-1.236348513880652,0.0027652781276886968,-2.6815846078493166,0.5973052172637872,5.821428571428571,0.6174608972649074
1.0,0.2,224,0.007169417550459737,0.004913584774468305,2.401674118650997,0.00524816504933344,1.3396930027612086,0.5586828717497313,5.535714285714286,0.5601997877661347
1.0,0.2,225,0.004007441102385414,0.005484229178776316,0.7258298120658443,0.004339510906687408,0.7058396225087998,0.5842531698057228,5.892857142857143,0.58434447412849
1.0,0.2,226,0.0027306136627170715,0.0015932359742070897,0.5345805175304387,0.0022792214382902493,-1.291973050433531,0.572590446953875,6.178571428571429,0.5881391775416435
1.0,0.2,227,0.0004044537137367398,0.00046154441413959223,-1.458701104439503,0.0005104559078239141,-3.2076385126879643,0.5664055816778253,5.857142857142857,0.5725553511721825
1.0,0.2,228,0.012366706662781848,0.0047992978514480485,9.990113198660149,0.006655994070845026,-7.655244512760845,0.7164862766666785,7.464285714285714,0.7564178877277209
1.0,0.2,229,0.009002852868994667,0.01457788850733705,0.47678531500611143,0.011189431501797081,3.064302698779746,0.595541635417458,6.571428571428571,0.5959097970314065
1.0,0.2,230,0.005611505282179338,0.004173797181037411,2.903401984020661,0.00479916621538374,-3.446316361243684,0.7212075015269883,6.75,0.7481913900438075
1.0,0.2,231,0.0036704354964499654,0.002328922390453244,0.4478925369616131,0.0019168196995748604,-3.31346103968022,0.6562789739118606,6.678571428571429,0.6739004141362153
1.0,0.2,232,0.0008525155510909854,0.0005386405050517487,-0.620393885976758,0.00031992346534741366,-3.7340211822534,0.5608317650579485,5.464285714285714,0.5747958059628593
1.0,0.2,233,0.0037265131781637974,0.002610170618530313,0.4159889234082925,0.0029485822464126597,-2.873154837599875,0.697079303932781,6.25,0.7266856633851762
1.0,0.2,234,0.008679367098767135,0.004158382874697887,3.520614346529451,0.004306504007012393,-3.241753738684821,0.538292962841284,6.107142857142857,0.5320181809530655
1.0,0.2,235,0.001523625513438426,0.0013371883384193214,1.0478733037774173,0.001217555616813809,-1.910373020014011,0.5534548649378067,5.964285714285714,0.5504539341512148
1.0,0.2,236,0.007863434347982489,0.007029086296329165,1.9881192307180129,0.0065358406767317585,-0.2698536247930103,0.5362181351184603,5.714285714285714,0.5503556934715981
1.0,0.2,237,0.0017066526997336939,0.0016939877441299418,-0.6188769413032086,0.0014035624475676998,1.0920946858703644,0.5628448233814428,5.821428571428571,0.6012886930112591
1.0,0.2,238,0.004125892224777261,0.004609131175964805,1.9411037311858195,0.00362350090971358,0.1757485138858783,0.6020527534488176,6.785714285714286,0.6090349107513802
1.0,0.2,239,0.02736136333590985,0.035157236782042134,6.479491387311289,0.03041732750399362,4.6133502008399505,0.6955318476020057,7.357142857142857,0.7284643256252354
1.0,0.2,240,0.0009067881034185157,0.0008194860624191158,1.0986688914018714,0.0006332662786252523,-1.8865944081825792,0.5931434476780908,6.285714285714286,0.6125486922907737
1.0,0.2,241,0.0018934942647691642,0.00018264537925972331,0.5231011486953037,0.00031178443342452257,-6.6185110336146336,0.6968323156188453,6.25,0.7180085380072414
1.0,0.2,242,0.0020033529296435777,0.0004229348815280045,0.7913014150931209,0.00019801764556286115,-0.6610563070924703,0.5702173495687981,5.785714285714286,0.5643267009843849
1.0,0.2,243,0.0031454936372160686,0.002273066588235783,4.032240556724484,0.0012099515110873657,1.4587936526001026,0.5664756588803341,6.571428571428571,0.5756475336447044
1.0,0.2,244,0.00031569574133261596,0.00018063010082040214,0.3818995404496282,9.83211020874994e-05,0.25626172355370613,0.5553125470210677,6.535714285714286,0.5659473251822469
1.0,0.2,245,0.006978462382980676,0.007233725180891935,2.9236872550356927,0.00604301488361215,-0.46072884707283873,0.6271159667489664,5.964285714285714,0.6386928938267753
1.0,0.2,246,0.0016864607469207977,0.006089597516592341,0.17263132516913515,0.004006197235380847,3.5496748779623792,0.5576901016533127,5.75,0.5807377426433264
1.0,0.2,247,0.018687898936251852,0.017838011993567597,0.9294218998854925,0.019155045015427093,6.3119731684321705,0.6940733393500904,6.678571428571429,0.7204738489863927
1.0,0.2,248,0.008469202390746033,0.014856219207308466,1.6052155838396989,0.010182261743158597,7.097377637525113,0.6075735310079848,6.285714285714286,0.6348864924602693
1.0,0.2,249,0.00447838120142512,0.0033980876812651074,1.3548083547909566,0.002705533093684776,-5.247274331157532,0.5941033219930097,5.964285714285714,0.6063452364467933
1.0,0.2,250,0.0011475501435382288,0.002611384417145391,0.19935641801857665,0.0029123834798621432,0.041190937504903026,0.6151833113241025,6.428571428571429,0.6197981946135189
1.0,0.2,251,0.0011653765006617545,0.0005456182273431794,-0.05676463258167056,0.00029650674618261893,1.002156731456239,0.5859109968206145,6.571428571428571,0.5841291633894836
1.0,0.2,252,0.001524480147175185,0.000662688905135032,-0.0703646853237861,0.0013689279553266251,2.8909540123059023,0.595071718568778,5.607142857142857,0.6008420484552665
1.0,0.2,253,0.009860443861272421,0.009346791425197313,6.068599673358325,0.00804066968205342,-0.33770852888759845,0.6522834509721358,7.642857142857143,0.6739025062895233
1.0,0.2,254,0.005938075011108153,0.0059884065175575055,0.8098119149293836,0.004545970341651619,-0.5020134089455155,0.5834874157648998,5.928571428571429,0.5893496994573996
1.0,0.2,255,0.0030710977499598825,0.0040665894910135916,-0.9819255886255386,0.0034894023410963052,-0.23159559423390874,0.5602076033853545,7.071428571428571,0.6134292977233282
1.0,0.2,256,0.011667181245784312,0.012456456753502026,4.072384505863833,0.010378278518376638,0.4579354372297549,0.7045875773727349,7.607142857142857,0.7475859832387037
1.0,0.2,257,0.006826293282430541,0.004209650609092066,3.667248802426959,0.0036092971522171564,-2.647737779006443,0.652898349687556,6.928571428571429,0.6638920556317043
1.0,0.2,258,0.001663711814740407,0.0025909534794143654,-1.3897937080282645,0.0026133454405913082,0.6531360533726817,0.5649841737893716,5.678571428571429,0.564242974618343
1.0,0.2,259,0.004486504937629972,0.005786247284843406,-2.8763078136920606,0.0046007676593567155,2.7803127213893126,0.660544644122506,6.285714285714286,0.6577304428538859
1.0,0.2,260,0.022396220576633784,0.024888318637606092,-0.30451176388609724,0.027048474790315503,2.533528833013662,0.6689274003645563,6.892857142857143,0.6829003044540722
1.0,0.2,261,0.0012460926691352813,0.0008566909795455004,0.047916158654118135,0.0004768604918704018,-0.2166654354007278,0.619887898727698,6.678571428571429,0.6265581431205969
1.0,0.2,262,0.03414583949506067,0.03351201610868045,6.6970488655074405,0.03505390670767932,8.60120405684186,0.6713222334604659,6.535714285714286,0.6942798884003181
1.0,0.2,263,0.01168716608373286,0.010094654589398015,2.434531103384188,0.011299644870907271,2.816144654055345,0.589956522617503,7.142857142857143,0.6016759425418459
1.0,0.2,264,0.002472233307910328,0.0022298917653938576,-1.2805807329427996,0.001997002531895731,-1.108996792490558,0.6046864001815327,6.142857142857143,0.6033659095517566
1.0,0.2,265,0.006866080561846773,0.004945170464902333,7.913317316453724,0.0039734480739366945,0.16366500136077397,0.7175886116111713,6.535714285714286,0.7355955709939259
1.0,0.2,266,0.005500659895426725,0.0018789874778601143,3.8992721250454188,0.002556309257314493,0.40344072329861547,0.6128401475098378,6.071428571428571,0.6283321986000064
1.0,0.2,267,0.021314298271476715,0.018528318398446608,6.35174573380029,0.0193019791339811,6.096247325685074,0.7023797918363999,6.892857142857143,0.7245784626667389
1.0,0.2,268,0.004237383923838106,0.003929998425948023,1.9898841651752928,0.004166945432608291,-2.4394666905139295,0.566105139234973,6.571428571428571,0.552028239281847
1.0,0.2,269,0.001301255236727889,0.0024291327050104264,-1.0285174890228082,0.002480903537610062,3.5845057703697214,0.5846151960424836,5.535714285714286,0.6126294916538698
1.0,0.2,270,0.00799099790267905,0.006128466577593357,2.921390444895991,0.007272983761723158,-2.0085488678546617,0.7172936031725968,8.035714285714286,0.7380571502957824
1.0,0.2,271,0.011357146518593894,0.009648573313035157,1.8400089990200665,0.008382349358456788,0.5020488606567047,0.5366632691735803,6.0,0.5239159752808263
1.0,0.2,272,0.022780413765216376,0.024363590066646214,6.0639086215351385,0.022479985394172956,4.910087403806092,0.6553564212925777,6.75,0.6951016520210823
1.0,0.2,273,0.0006197856421735423,0.0006224359468396275,-0.182967749813533,0.00039987233836054304,1.7716120992674955,0.562197827349778,5.821428571428571,0.5664560604227151
1.0,0.2,274,0.007192085329313555,0.0038355031786430093,4.172518029870655,0.004428166703479325,-3.324793338266877,0.6653517834301796,7.142857142857143,0.6735903831678702
1.0,0.2,275,0.004271636637854719,0.004158891273348157,2.6284778002727287,0.0039847287647452115,0.3575839656371708,0.6502753479508568,7.571428571428571,0.6534663024837969
1.0,0.2,276,0.007281609638091982,0.014765957599240818,-3.009033357773641,0.01313034706366881,11.039905458260128,0.5521422695242266,5.142857142857143,0.5369024838441382
1.0,0.2,277,0.009539966113543158,0.008731825577261234,6.359392657377431,0.008576871216069315,1.4657247463055683,0.6579358506084441,6.464285714285714,0.6744754042509165
1.0,0.2,278,0.002267943671994143,0.007836555073271688,-3.119393007786092,0.006093699878771879,1.119090618704443,0.5543304814592963,5.892857142857143,0.576218379686507
1.0,0.2,279,0.007728391668900498,0.005460452056536831,3.2816443941894042,0.006184292038176641,3.2320220634690693,0.5972363638973894,6.785714285714286,0.6152587650901147
1.0,0.2,280,0.008874228555099017,0.002137680042831179,1.5451746029442575,0.0025369903694696387,-3.2269759499903614,0.5384242965195652,5.428571428571429,0.552147079624805
1.0,0.2,281,0.005773708187844387,0.007335466006125106,-0.4080240440949865,0.005902494325378916,0.3740780586651056,0.598378767189231,7.0,0.6071568712291859
1.0,0.2,282,0.001206488492906195,0.001869099722941893,-1.532677966431218,0.0013664575076347673,-0.32731487767200446,0.6015971374003487,6.071428571428571,0.6146358063257673
1.0,0.2,283,0.004933362034601472,0.0022261507248999782,3.273898620019158,0.0020899421823517574,-4.057464273846051,0.7445097479691237,6.714285714285714,0.7658055707313506
1.0,0.2,284,0.0005794284923954447,0.0005827994072913594,-0.3296525768580712,0.00032539021274172425,-2.918218557835852,0.5868778163699099,5.75,0.5876028721462836
1.0,0.2,285,0.013573014913959324,0.016756110394504052,2.776898739038851,0.014232071615068575,6.931606679978548,0.5780838704652325,7.214285714285714,0.6099560918879969
1.0,0.2,286,0.004029561248818966,0.0078198637339917,-0.6125975488483656,0.008091408251409396,5.002749331301762,0.6120337549177187,6.5,0.6188081031773165
1.0,0.2,287,0.007500393492768232,0.005030996152941061,3.53360981327531,0.005779928567376594,0.5914374230185994,0.5209958018974676,5.857142857142857,0.5177095823754712
1.0,0.2,288,0.010446488495670998,0.009960185048075857,2.76292578749054,0.009644746447488297,-1.668717186112379,0.5299533462452306,6.714285714285714,0.5236587711835112
1.0,0.2,289,0.0009137994954273869,0.000655069315158362,0.38950350910787773,0.0008170526450340128,1.5644067679853226,0.5976289976885817,5.678571428571429,0.5898694687948821
1.0,0.2,290,0.004736917005313125,0.005324534862388887,0.09903206341689004,0.004824345161303257,2.795555671549257,0.583473609280749,5.678571428571429,0.6067382595158362
1.0,0.2,291,0.0015460157986431238,0.0008418565141054647,-1.7590565403193352,0.0006094620511454666,-3.6388400900761533,0.6181563834344388,6.214285714285714,0.6134451196327209
1.0,0.2,292,0.006662106912430433,0.007730821214686443,2.0347869459586527,0.0061349670284548945,2.867564000797614,0.6237968066856739,6.714285714285714,0.6539233474557538
1.0,0.2,293,0.003386194280893699,0.00481350714253725,0.830379184181055,0.004076754094365233,2.951142601427383,0.6024367623363037,6.142857142857143,0.6371519022142028
1.0,0.2,294,0.008079743741995826,0.01015018545920526,0.25239985560404915,0.00900100862696055,1.8575660692476674,0.6583319906484044,6.607142857142857,0.6843993725330476
1.0,0.2,295,0.0009124804964865068,0.0016693284505285985,-2.5414736106369844,0.0011350658395835244,-3.4345210991684874,0.5967655796966789,6.285714285714286,0.6083541059597496
1.0,0.2,296,0.0012588149777170597,0.001213622295219004,1.118121138992971,0.0011528190407417995,1.8859130193447509,0.580604103787147,6.928571428571429,0.5855301114899949
1.0,0.2,297,0.015472872916738297,0.021632361479221665,4.699249441728796,0.020570735792839866,6.860170360604751,0.6595110320083367,6.178571428571429,0.6921751620555047
1.0,0.2,298,0.0016998721940428528,0.0019296798689252062,1.2451892981882036,0.0009110313404753578,0.31578416171138696,0.5831588886798729,6.0,0.5906387475312151
1.0,0.2,299,0.009178740990408864,0.009132843396637492,-1.3928548990174459,0.011003173591904173,3.9485067843457577,0.5340676550667134,5.5,0.539503664087164
1.0,0.3,0,0.004602414150262764,0.00412947406026407,0.5216068147309821,0.002939687649162878,1.7853529510227493,0.5879665884724901,5.928571428571429,0.6003845609124174
1.0,0.3,1,0.002258414867052073,0.004207786135839671,-0.08820700749857717,0.0037405001649925434,3.3802065764781255,0.638251487328746,6.785714285714286,0.6591082163331381
1.0,0.3,2,0.002651664320740169,0.000864911543631609,2.7214145124672675,0.0006796979996258882,-1.6994089043884628,0.7000846929262118,6.428571428571429,0.7023858961588573
1.0,0.3,3,0.003232295778118963,0.003644419404752721,-2.442953140462881,0.003286497254413598,-2.6335719585434183,0.7044950241929868,7.107142857142857,0.7306494791712586
1.0,0.3,4,0.002816282513531181,0.002082727630482437,1.7800737870202095,0.0028279394585611116,2.6401843506957334,0.6210427907230452,6.785714285714286,0.6204742015343421
1.0,0.3,5,0.011826529401422075,0.012063771483768495,5.180184537391966,0.010975454021492016,0.8811360138959022,0.7762401209303825,7.392857142857143,0.7907494093652557
1.0,0.3,6,0.006740092503353984,0.00850453684018899,2.793980351227892,0.007745852726618523,-0.2002271477652092,0.6828159930572751,8.285714285714286,0.7147101476742892
1.0,0.3,7,0.0019508222247096038,0.0019475830359240098,2.0456172849691825,0.002035584673723592,0.5946449332899894,0.5620995126299362,6.357142857142857,0.5781671199087141
1.0,0.3,8,0.0010364935000734142,0.0020536359072895675,-0.7824882355494273,0.0016244552639574407,3.276151987342795,0.5960129071904515,6.392857142857143,0.6170153289608569
1.0,0.3,9,0.008082881297896258,0.007423080384556553,3.825205691819813,0.006596453336062462,2.8806261991411097,0.6222466046438567,5.607142857142857,0.6393005939537746
1.0,0.3,10,0.004942380178741355,0.006303883690755427,2.278920745795176,0.0048696722939323145,5.178962894947223,0.6128760145668088,6.25,0.6267220452271142
1.0,0.3,11,0.015300576109590626,0.029505027560928702,-0.9568449033661466,0.025483316731779334,9.104599360075284,0.7424629744558816,7.214285714285714,0.7737835447424914
1.0,0.3,12,0.003971449244075978,0.002802427408385633,-0.0044965566428440224,0.003468408320147989,-0.9270402430948081,0.5499885696579384,6.428571428571429,0.5576197402832065
1.0,0.3,13,0.027004512550093895,0.030158750822992623,7.560514349802588,0.02894427085496594,-4.112279027522561,0.6883029176667207,7.678571428571429,0.7478362671366152
1.0,0.3,14,0.005927028032063839,0.002232451003159368,0.10049933849037984,0.002538847559000199,-3.1645333148183092,0.5377738453134754,5.464285714285714,0.5541897253435721
1.0,0.3,15,0.010729393864818923,0.00593701364830027,4.958522097995076,0.006372641893191709,-4.4480139171663025,0.7509033462911174,7.821428571428571,0.780917867990568
1.0,0.3,16,0.019275612856888474,0.02074555637056526,3.2319458916336052,0.021558489099131762,12.26961435278083,0.7002681779414403,6.75,0.7335912881247603
1.0,0.3,17,0.0025218871764596303,0.002076358460424585,-0.606865362879546,0.002014319159492602,-2.419567470858368,0.5918796756685456,6.035714285714286,0.6166503588513155
1.0,0.3,18,0.023364082411585503,0.01785749021819332,3.790873389400057,0.016786222783830282,-1.2632330358951454,0.7273286557671316,7.428571428571429,0.7467436903636038
1.0,0.3,19,0.011249178186692948,0.01594421835467517,-0.18321813059245073,0.01648677591810935,6.054822627811357,0.7175146367290329,7.535714285714286,0.729559296304436
1.0,0.3,20,0.003871878291992733,0.006400162926551596,1.320029466962647,0.006502227086339226,3.0983532471604556,0.6021111184631416,7.071428571428571,0.6124955234331455
1.0,0.3,21,0.008604602041911654,0.015802030011312397,0.7036253945435268,0.01322808779649507,8.816203114884862,0.6700618223053878,7.571428571428571,0.6988537177521537
1.0,0.3,22,0.007983732963602542,0.006232514343686148,3.8120514090031463,0.006877594999026813,-3.0810123810774335,0.5696079307960024,6.714285714285714,0.5928851267367884
1.0,0.3,23,0.03329091945177233,0.04373293125683631,6.316445099205803,0.039358204877818395,15.622826975432256,0.6155204881550027,5.785714285714286,0.6712877471668535
1.0,0.3,24,0.0025001455126632626,0.00132844257679499,-0.20039293101509278,0.0015455629945138529,-3.41154070674015,0.5863457062172415,6.714285714285714,0.6180383718116621
1.0,0.3,25,0.00484484159124271,0.00614839173680355,0.2558870679618129,0.005854866283155522,2.0912854650259,0.5689317644080578,5.928571428571429,0.5881604008276056
1.0,0.3,26,0.004790125303273537,0.006501810143751507,-1.5826506043612671,0.0033898266331822686,3.122721063085038,0.594444766723174,7.142857142857143,0.61889179936807
1.0,0.3,27,0.005586188310687528,0.002689889788331567,-0.013628370970716711,0.0021663377799251353,-1.6617125554027534,0.6629198022295466,6.428571428571429,0.6877743477471917
1.0,0.3,28,0.0014092097430717947,0.0019652915758996553,-1.003186922550384,0.0023170035381904494,-1.6571115704817505,0.5759975079052457,5.714285714285714,0.5770587916353156
1.0,0.3,29,0.014542039073869185,0.014310974218766837,2.3222765659539086,0.013580729104936125,-4.6396172152021125,0.7241240563873029,7.214285714285714,0.7514802349272914
1.0,0.3,30,0.02653844898933285,0.027535702695206592,0.8090459691279742,0.024494549484778208,1.8316115020753425,0.6941666947404744,6.857142857142857,0.7251472769058094
1.0,0.3,31,0.0008947682865317157,0.0029987715901486707,-1.5398495148659965,0.0021454750099394577,3.628287954332658,0.5870760955417484,6.428571428571429,0.5815836464945687
1.0,0.3,32,0.002838149100594947,0.0014809230293177304,-1.57363874858018,0.0018864382711494918,1.997954369043536,0.5820527258542371,5.607142857142857,0.5983857095951094
1.0,0.3,33,0.007116948898024747,0.00397937040566376,4.7138335222587955,0.004580207698728804,-1.458100796414205,0.6309481813667924,6.892857142857143,0.6401380386659201
1.0,0.3,34,0.00795726180328585,0.010524560286710212,4.021408253959938,0.009681836443890495,3.5279672655094885,0.6731727265597296,6.821428571428571,0.6930005467108404
1.0,0.3,35,0.0072078941111886384,0.00994038444499909,1.2204063562446663,0.008647038667516795,8.075289279474626,0.6375254245879478,7.107142857142857,0.6749958977953134
1.0,0.3,36,0.018552929482570406,0.018061096153742455,4.694347248280006,0.019753287683747518,6.250567665095967,0.7288113515364406,7.392857142857143,0.7723924639611882
1.0,0.3,37,0.020466252558555043,0.018080410544607583,4.721707405189022,0.02012072435996841,4.799568667170973,0.7118233999530444,7.357142857142857,0.7331804515773104
1.0,0.3,38,0.014484421026942904,0.010990585679050742,-0.05987360805445974,0.01141656691932793,-3.846038465913125,0.7571808404908197,7.75,0.7764167510246183
1.0,0.3,39,0.009689646216573934,0.007463034437591057,-2.0239063095233214,0.008222772240741269,0.9082175734462888,0.6303286422771003,7.142857142857143,0.6158199148060086
1.0,0.3,40,0.004435388935782033,0.0074374773129052595,1.1737405523620907,0.005447193890263039,2.8787748602250454,0.5502417835271981,6.785714285714286,0.5553402185528725
1.0,0.3,41,0.0005752680737849326,0.000183274798697623,0.014396399904692695,0.00017757087869056613,0.6946594742345837,0.5835707410106598,6.964285714285714,0.5774323918772529
1.0,0.3,42,0.01482734284372262,0.013480149049109375,7.65832296207132,0.012098697843309008,-0.9585345231515797,0.7256588140127169,7.107142857142857,0.7593231745241952
1.0,0.3,43,0.0017970272032803627,0.002200354644012427,-1.6327090131608581,0.00255169039694743,-3.066213708478339,0.5697638341001001,6.214285714285714,0.5832150332118525
1.0,0.3,44,0.007702406821911498,0.004161726057953305,3.166315761471585,0.004723832138842145,0.8650164116372044,0.5777180727291317,6.357142857142857,0.5866819625872596
1.0,0.3,45,0.0018470292963568527,0.0026367977173312254,-0.7267559821371586,0.0026303973810134695,3.370762603599625,0.5617986372129858,5.821428571428571,0.5488977040181529
1.0,0.3,46,0.01372230284255537,0.018203623982110267,3.3072934586798417,0.01507141033742862,3.7086664901607946,0.6579264441411693,7.785714285714286,0.6883879924059462
1.0,0.3,47,0.002183701837077859,0.0017693759851392426,-2.23517466188855,0.0017413014885558707,-2.8032892074023814,0.658400032325243,6.5,0.681518457310927
1.0,0.3,48,0.0009309230022823182,0.0008937905074559704,-0.21273812022126512,0.000979595734884397,-1.8185870840297487,0.5211565026243782,6.071428571428571,0.538367252678976
1.0,0.3,49,0.005043230711333465,0.003358167894396693,-1.075044357167646,0.003713463739518943,-1.581036791577617,0.7483259077641632,7.714285714285714,0.7525788165826345
1.0,0.3,50,0.003566482365413876,0.004607706950499734,0.20058656532698174,0.004227417955948163,0.9793174127112915,0.6214835118553939,7.107142857142857,0.629264725644948
1.0,0.3,51,0.0036029566852046357,0.0011326162571151195,0.5920721144935138,0.002062653112767125,-1.3839255010741833,0.5551176534739881,5.428571428571429,0.5498404906610476
1.0,0.3,52,0.005802943030815363,0.0026783007571460683,0.2753831304184852,0.003512959355186336,-2.5334563163440578,0.5510984258429249,6.857142857142857,0.5725872464517017
1.0,0.3,53,0.0014859458719716978,0.0004505864434916219,-0.4170080574573471,0.0004290610882448405,-1.6844278448395755,0.5881030364191862,5.607142857142857,0.6114911188519554
1.0,0.3,54,0.00644577304522848,0.004589748357708363,-0.02736006913265972,0.0041598899226809255,-6.31463306253652,0.5743992583758678,6.428571428571429,0.6066778485890647
1.0,0.3,55,0.006133845039145101,0.0075136568769065696,2.205554499151267,0.006975590604065915,5.289158752417156,0.6052521717327364,6.357142857142857,0.6384269288374823
1.0,0.3,56,0.00398630867239776,0.004738326589430888,1.3986316568600425,0.004437661354368609,-0.3546159755993206,0.5901056121695556,5.928571428571429,0.5979188174208032
1.0,0.3,57,0.020224824030456855,0.015080069280951219,4.824609322371733,0.01716580447971468,-4.145036628555545,0.6789578773654531,6.607142857142857,0.6994533510188015
1.0,0.3,58,0.00265592623512098,0.0018587248277031892,1.6155474806170294,0.0015719565756815987,-0.05063616284051401,0.5819756609175204,6.642857142857143,0.5917886875269005
1.0,0.3,59,0.0117480689159315,0.017711967393545913,1.5288170938027388,0.013736387807526142,3.078978663260282,0.6505356693330774,6.428571428571429,0.6785224434815722
1.0,0.3,60,0.007772172491572407,0.014810581545980316,-0.6082719476235354,0.010614257832725791,4.888008778108978,0.644369780165155,6.892857142857143,0.6874402570158036
1.0,0.3,61,0.0035636681762063914,0.0032553611985340477,1.41570388423429,0.0027892215462858084,-2.0293286177432415,0.556373413315147,6.821428571428571,0.5538403960916948
1.0,0.3,62,0.00527995197578147,0.0022728529542732348,3.3974270432082676,0.0025469785467316618,0.9777247569044695,0.5920223595400612,6.571428571428571,0.6158224696470675
1.0,0.3,63,0.012546805571534118,0.01106778966201365,7.609952567243407,0.010411951094385035,2.103981831899953,0.6512672781762573,6.785714285714286,0.6710150229130267
1.0,0.3,64,0.006794973662792935,0.011560903681642046,-1.5959461466943121,0.009310859446292652,1.2300722514686508,0.7136238163392611,6.178571428571429,0.7349774805093916
1.0,0.3,65,0.002416565561228138,0.002891873057599616,1.8248711469996124,0.0028241986657477278,1.4524873947205872,0.5835986705870794,6.964285714285714,0.5930194268856819
1.0,0.3,66,0.005068884701537137,0.008281081122394023,1.3190949961906426,0.007265221096061075,4.749470276051359,0.6115166653506527,6.571428571428571,0.6244896271215008
1.0,0.3,67,0.0027822355308166906,0.0019299847628179185,3.570679017528448,0.0022558660397836066,-0.1264184127974204,0.605194505841865,6.428571428571429,0.6295634006465388
1.0,0.3,68,0.0014294556978384774,0.0010704188119746712,-1.6890599647805875,0.0009723441604197712,0.7139431178861363,0.6029930782414236,6.0,0.6034882804034221
1.0,0.3,69,0.005265315504542966,0.0018932749104638405,4.552609497748828,0.002116602127784273,-8.124681733618283,0.6266377833136465,6.535714285714286,0.636912551829012
1.0,0.3,70,0.014911702810182668,0.017201775103481833,3.965829814407139,0.017902961173056516,8.991447738559458,0.7191805536098487,6.821428571428571,0.7533875545373698
1.0,0.3,71,0.0052476159772033276,0.008212180626891722,-0.04624537637457138,0.007546713096285684,2.406839714129916,0.6289128374772971,6.321428571428571,0.6603683967146736
1.0,0.3,72,0.004564328362299006,0.0005634236217323328,2.6101349475227003,0.0005045285480398001,-1.0139134862728838,0.5788805105613241,5.75,0.6030537260795273
1.0,0.3,73,0.002140370364769161,0.0017693127369076186,-0.9116673085093604,0.0011937907910543465,-1.6351834430345111,0.580658801349486,5.714285714285714,0.5929682797723563
1.0,0.3,74,0.002465566593845549,0.0018108701534140196,-1.3658471020393013,0.001973967243366654,-3.589215175463295,0.7112556004415996,7.142857142857143,0.7248468416790795
1.0,0.3,75,0.01818451064460231,0.019752777376517674,3.9107848236324307,0.019045829699748353,1.2101515133039318,0.7390600880036151,6.357142857142857,0.778381866369833
1.0,0.3,76,0.0010862047316991144,0.0009051945785762577,3.7508004349529167,0.001255831151969866,1.2013178825831403,0.5366239986920001,5.571428571428571,0.539117812678259
1.0,0.3,77,0.007153721891979992,0.005338696314447346,7.663714043705767,0.00614908531570003,-5.523314261785505,0.7068553686109554,7.178571428571429,0.7172189110683012
1.0,0.3,78,0.019630079192148767,0.017744546912750278,6.840344422072566,0.016938257122260627,5.820908977772187,0.6074962337187018,6.535714285714286,0.6623577830499482
1.0,0.3,79,0.0037615647729183845,0.007039198531114402,-0.8645688831717943,0.008019126587856303,6.7297168612268194,0.5567507369303446,5.535714285714286,0.5611571993653273
1.0,0.3,80,0.005048945398827699,0.0065534703389254784,0.16552961237820796,0.006260010916439555,-2.7492480584325847,0.6261983485353901,6.785714285714286,0.6320587259789179
1.0,0.3,81,0.003410589734525386,0.0008918284286007159,2.0888693376741876,0.0008623376850883613,-3.2477851610225534,0.7008269963147058,6.464285714285714,0.7163464227882449
1.0,0.3,82,0.0007187921813213762,0.0009092229337638558,0.13990277692822892,0.0007455320141127708,-0.9369184834167754,0.5875742402630814,5.642857142857143,0.5907841320692697
1.0,0.3,83,0.003875573998787265,0.0019231007334891686,1.881373159696248,0.0020307321438021355,-1.5468562346660804,0.5669397745823969,6.5,0.5770574940979274
1.0,0.3,84,0.02127292803740371,0.01812920252839262,6.270550431693077,0.019343437679490927,-0.8782077675830919,0.6902089873070205,6.357142857142857,0.7114448294570922
1.0,0.3,85,0.008472454349148952,0.0071204571552632885,1.9042139924572155,0.006296793103567211,1.4591224869374078,0.6402103010093686,6.357142857142857,0.6588744785515335
1.0,0.3,86,0.011540582896752558,0.014709392014064257,1.7654309500835648,0.013274269644778151,6.002340087400673,0.6371270227422927,7.321428571428571,0.6906645267827585
1.0,0.3,87,0.02911982034423318,0.03116143359362914,0.36861546891774805,0.030692552127421495,3.519283622075998,0.6633467182759969,6.464285714285714,0.7169553902773442
1.0,0.3,88,0.007518259716564678,0.00903204470289514,2.9029236815399884,0.00919165523495177,5.906739999392016,0.6993221196741565,8.214285714285714,0.74640254867323
1.0,0.3,89,0.009410179743107826,0.0077190411742011,5.353532387348338,0.007707794634602611,4.650480282535625,0.6468848659517434,7.142857142857143,0.6684681280132887
1.0,0.3,90,0.008588057861123153,0.006474138410636938,1.9609863958505116,0.008303662450190399,2.942309375154603,0.7212497722197957,6.928571428571429,0.7395636314372005
1.0,0.3,91,0.024935927023612244,0.016264395447508524,6.713649889969607,0.01952151323911079,1.6206812997660809,0.6733256849887266,6.285714285714286,0.6920651630719592
1.0,0.3,92,0.007676931812526998,0.010783530368034597,1.541103593760904,0.010987108207604027,-4.176839433406438,0.7491376568414989,7.571428571428571,0.791413215411258
1.0,0.3,93,0.04872820598079878,0.03468064377396344,12.542116860911364,0.034021071513232866,-0.5873174411145593,0.6783209310519469,6.892857142857143,0.7133837727690968
1.0,0.3,94,0.01143425535072903,0.015572640520442797,-1.157230181074927,0.01505946006413571,2.6205760337071147,0.7728512588762639,7.428571428571429,0.808567514649763
1.0,0.3,95,0.00789053820604295,0.008153702034265044,4.41960390189944,0.006742457598641328,0.21568111630587813,0.6670671395209985,6.928571428571429,0.6872909798655843
1.0,0.3,96,0.027326605012553462,0.022272307932292013,7.579797223715057,0.025293081017267103,-1.3667488488247272,0.6762615400311994,6.678571428571429,0.6976050542722423
1.0,0.3,97,0.012494717523178432,0.013576123769073025,6.8444650997008125,0.012422266320171859,3.239886286286785,0.6157220717818506,6.714285714285714,0.6492265035127732
1.0,0.3,98,0.01613351900019628,0.015976103875218348,3.824791485653454,0.015857190298602896,-4.52279289999954,0.70819027349675,6.5,0.7275649712803427
1.0,0.3,99,0.02855346912970382,0.025401013107762684,0.7044870897724991,0.02928522965137715,1.8622130098109058,0.6580468641798501,5.928571428571429,0.677999002817371
1.0,0.3,100,0.0039733481526783845,0.004564111485653952,3.5092198588646206,0.0039963207396804595,-3.785939357776954,0.5748547997303604,6.285714285714286,0.5868357056801173
1.0,0.3,101,0.004299090185588434,0.005086334619803755,2.064406670907933,0.0052449901469432385,0.7758658247476072,0.5778355188124108,5.607142857142857,0.5843123776803836
1.0,0.3,102,0.006327377762349917,0.0041425176080288435,0.6277679566064762,0.004989609714897846,-0.10661135729910143,0.6406999924420843,6.75,0.6796050624095116
1.0,0.3,103,0.012701191943295739,0.015699026256070017,0.9383020766982023,0.014978550245566826,-1.0421696628493464,0.5896239437589793,6.714285714285714,0.6357654382519786
1.0,0.3,104,0.005918735695565979,0.005366299260297653,4.358288769966246,0.005554779041843158,3.11163493426911,0.6450813115989243,6.071428571428571,0.6706488860256787
1.0,0.3,105,0.012678522770408112,0.010779302599950667,4.675886035350222,0.010083975725761694,-0.5694548715012502,0.7188693098026014,7.785714285714286,0.7383410394062055
1.0,0.3,106,0.01884430197210843,0.021229993884339052,3.1851970752707737,0.019565131266109217,2.9728961603487485,0.6585554242778116,6.428571428571429,0.6996388385147381
1.0,0.3,107,0.004352550027050994,0.000642166241574645,2.68170444485555,0.0010051870125791158,0.2945165353476682,0.62945466849182,7.357142857142857,0.6362478304659375
1.0,0.3,108,0.0042873709768559125,0.0053919671522807255,-2.6438388399675055,0.005649469636520385,1.3645899475998722,0.6993640714594264,6.678571428571429,0.7242001249045701
1.0,0.3,109,0.01021742566384103,0.009927043349600607,4.132418991350865,0.011642294850430645,6.663780087012943,0.6854204331847226,6.571428571428571,0.7101204058871968
1.0,0.3,110,0.026012515415374735,0.02309631652412117,2.3864083254329578,0.02251287631061482,0.27998102467227187,0.6048671440807816,7.035714285714286,0.6394879925512904
1.0,0.3,111,0.00591497928932814,0.004692715719989768,-1.6060976722219398,0.0041668411520685645,-2.68650662289672,0.5706876765151068,5.785714285714286,0.5921005390709605
1.0,0.3,112,0.03512916444590051,0.03193726393667206,3.325918447637425,0.031823976063123836,-2.3794746757728924,0.6774309690028962,5.892857142857143,0.7123021697425235
1.0,0.3,113,0.024773501167267297,0.03021050317587849,0.5140108329768888,0.02619236145786036,0.05595235371894584,0.6383837261509636,5.142857142857143,0.6664419479433934
1.0,0.3,114,0.011234613784325588,0.01753870342148351,2.1712238266652832,0.01595241904460876,11.481434845119026,0.6078473549551956,6.785714285714286,0.6594429709208645
1.0,0.3,115,0.0293902749099547,0.023246271603942964,14.518345679093073,0.02421266688841893,2.99896279151424,0.7182267028594082,7.428571428571429,0.7750681972826741
1.0,0.3,116,0.010738804579340691,0.006855284871584697,4.877739368315777,0.0061956328472852484,0.32562965919915615,0.6296564767068379,6.607142857142857,0.6685600922329811
1.0,0.3,117,0.01335229369892159,0.01085246114384905,4.252667049367868,0.011792477144912543,-6.073447428258618,0.7163791424429841,7.178571428571429,0.7401628925419618
1.0,0.3,118,0.0020286663493373843,0.0026545146628539425,0.4036835219236347,0.0029847669368557915,2.655502408288148,0.5699363334655854,5.392857142857143,0.5658723898834712
1.0,0.3,119,0.004950013913059513,0.005093638507452512,0.05954139314859693,0.005875548039283081,3.2452381234461996,0.5413320726984562,6.5,0.5454935895341357
1.0,0.3,120,0.009442336164913275,0.0111270746959433,0.36443977574654696,0.010346363418164119,1.063457169756191,0.7511980955528033,7.607142857142857,0.7713667858018892
1.0,0.3,121,0.0005028173236026535,0.0011319585415775191,-1.0654288160477183,0.000892942328944062,0.0777665875932314,0.5381534481928077,5.607142857142857,0.5488670459254456
1.0,0.3,122,0.01624881358490191,0.01776449458371926,2.9810605186943633,0.016991727067979634,3.5117234650423463,0.6921427616786012,7.464285714285714,0.7389526824375161
1.0,0.3,123,0.0024531870249647706,0.004370327231383324,0.16977390274370427,0.002581667200750545,0.8019508822394054,0.5887825291585858,6.607142857142857,0.6173665793727433
1.0,0.3,124,0.0005278438232857724,0.0007996093524750237,-2.035151077585463,0.000608322154619576,-1.8173351091226853,0.5543488483622181,5.25,0.5488954207546868
1.0,0.3,125,0.003850145512856847,0.003232127901570606,1.5399897932570923,0.0029349202052806494,0.49380169990139205,0.5436909415550254,6.392857142857143,0.5582026363233893
1.0,0.3,126,0.0033387216105295893,0.0026445116371834956,-2.174859339833773,0.0020332822600126143,-1.193173194760438,0.7214573674563206,7.714285714285714,0.7465149113876764
1.0,0.3,127,0.005305666900165491,0.005717806621421258,1.4300154338280038,0.004791902502786762,0.4276692331249781,0.5479817860409267,6.0,0.5443833602175873
1.0,0.3,128,0.005713897754535472,0.008418226698353754,-2.2892331525677605,0.007846323814125382,4.999811070566608,0.6126605250218612,6.714285714285714,0.6259542249630392
1.0,0.3,129,0.006755813291978228,0.005020295550623571,1.635374303458396,0.004950821304664251,-1.5460162717048813,0.6811049497025807,7.285714285714286,0.6937821168478586
1.0,0.3,130,0.036301866723609036,0.04536443661250759,5.585274358436806,0.042662856526537236,6.511464642756124,0.6631053077346857,6.607142857142857,0.690038540431172
1.0,0.3,131,0.00578631426126518,0.0023233289368041828,3.436953709748129,0.0026056315114645367,-1.8151599454227114,0.5810022725759101,7.5,0.5827606034315307
1.0,0.3,132,0.026879478320556684,0.036860496726122974,0.8056954366711485,0.03339879839868805,8.946763180201609,0.7298762496703051,6.285714285714286,0.7639639326650316
1.0,0.3,133,0.005564709921364054,0.010265694196654577,5.525271284805977,0.006452526516896261,3.493063894909161,0.588187373103792,6.321428571428571,0.606217263049971
1.0,0.3,134,0.01537511152716947,0.01945049748368103,2.0545623953516006,0.018562070586363243,-1.30517456293551,0.69543721142658,6.071428571428571,0.7194291402787335
1.0,0.3,135,0.02081490937578687,0.023420648301457417,4.675395863305046,0.02382556600633922,4.097491409913952,0.6828420209813314,6.535714285714286,0.7080031869731109
1.0,0.3,136,0.01649139422298227,0.01829623863108096,3.269560444789969,0.016929872617522244,8.55853969937534,0.6323709561043925,6.464285714285714,0.6584446114557232
1.0,0.3,137,0.016805131972835834,0.023500579130422226,4.284063012769934,0.02083100143776165,11.434192407200007,0.6802521463801028,7.535714285714286,0.7187820714591961
1.0,0.3,138,0.007959818138589276,0.005691783432739738,5.3750521928266055,0.00491785351767161,0.9945921609454066,0.6301003442791896,6.607142857142857,0.6511205258792299
1.0,0.3,139,0.007887159274902333,0.008871138603540005,-0.49291760467284007,0.008255966292378706,3.4001803073430117,0.6450191354310076,6.857142857142857,0.661742438516631
1.0,0.3,140,0.00082153908770377,0.0007841624174350854,-1.879854857071469,0.0006128545872800731,-4.41272674640129,0.594217637146169,6.142857142857143,0.6065132323340624
1.0,0.3,141,0.011342611335297076,0.011055082744847417,5.0834035353478555,0.01078653336372036,1.139575315751254,0.6655976770532573,7.5,0.6876909734261778
1.0,0.3,142,0.002593747389132239,0.001776698100171793,-0.9963354496496019,0.0012059942622002222,-2.9557971210843923,0.5507579823182709,5.892857142857143,0.5454008005232355
1.0,0.3,143,0.006529854252112188,0.00913014395083001,4.437238478404036,0.009418626913990294,7.162470596190455,0.6423984119825185,7.142857142857143,0.6545678815510909
1.0,0.3,144,0.006044942822224361,0.005920162364442051,1.3019678317474568,0.005842789135267872,2.6274823864755015,0.680700368993457,8.357142857142858,0.6996412324209271
1.0,0.3,145,0.004103267218950447,0.00391716381484368,1.2345096210668014,0.00426583903909839,1.6131428989327123,0.6098829439078817,6.428571428571429,0.6142434471130627
1.0,0.3,146,0.008934190795991052,0.01299273584234381,0.7120850957061009,0.011328836678534902,3.4230258343657263,0.715072650546473,7.5,0.7326561559466132
1.0,0.3,147,0.002781395248925589,0.0010170379427265287,0.7431842623723147,0.0009194258633953856,-5.276168002027087,0.5948063663569451,7.535714285714286,0.6141946737890673
1.0,0.3,148,0.011082178650960426,0.009000444081281863,2.106765486917226,0.00944231350592752,1.5383517453350823,0.7063234182315378,7.428571428571429,0.7412875758215092
1.0,0.3,149,0.017564752940299595,0.021736320011127366,-0.14224195224791933,0.020908283259908778,7.790879942350671,0.749739874373476,8.142857142857142,0.79847781362697
1.0,0.3,150,0.028597124513809847,0.023168053245556503,7.427499412533858,0.026650872533066524,1.4145832978204282,0.72980099344097,7.642857142857143,0.7632391926539307
1.0,0.3,151,0.004974604302986572,0.006991205973046497,2.8525931091984376,0.006779541443764634,4.5576608074735345,0.6242009839633847,6.25,0.6591137887030069
1.0,0.3,152,0.004907777807789527,0.00545098615741939,3.1388171096061512,0.005559872354150981,1.123371725396055,0.6536013181682856,6.035714285714286,0.6750043468759808
1.0,0.3,153,0.002196239000189476,0.002936781369173543,-2.6394695230980005,0.0029821328225359913,-3.664160483339174,0.6538801804081237,5.928571428571429,0.6569718964616864
1.0,0.3,154,0.0035974811033072118,0.001455391940197519,-1.2482752633325542,0.001262673958789574,-1.5605965629604175,0.5751619468082804,6.642857142857143,0.602161392518332
1.0,0.3,155,0.006855062036468257,0.007446850583359543,1.552396622025725,0.0059688876719511084,2.0943982981366673,0.5649950615011633,5.75,0.5968827589623987
1.0,0.3,156,0.005562994733030585,0.011845997197418655,0.2559643383468237,0.011400213337939342,9.766168315203885,0.6829840747579096,6.785714285714286,0.7190259481376017
1.0,0.3,157,0.0010129540544444075,0.0022320857463617202,0.4044977254330604,0.0011571593612366825,2.6429982179934277,0.5292587711452624,6.392857142857143,0.5261728554866578
1.0,0.3,158,0.012415333837730037,0.008880223692082216,3.842374786368424,0.010407273261848001,1.5693851227166344,0.7392683337614879,6.178571428571429,0.7558870239426477
1.0,0.3,159,0.003294658979598873,0.004087941299991794,0.9851756196647065,0.003153374582129256,3.3692300787340437,0.6320756165531122,6.357142857142857,0.6486701214923988
1.0,0.3,160,0.007725700781247787,0.006324897254770094,2.0088045219195863,0.006367840197811398,1.191080318144505,0.5790060880094623,5.964285714285714,0.5898779681676963
1.0,0.3,161,0.0010222599835107398,0.0004383630718380404,-0.400271570259946,0.000265065781420362,-0.956531384306866,0.5366510441163462,5.5,0.5477297795507615
1.0,0.3,162,0.0017119361399112645,0.0028591803830952172,0.412294119501117,0.0014562466731548663,1.101292980655188,0.5254130183539923,5.75,0.5519025893822084
1.0,0.3,163,0.002164875373491503,0.002473483646199852,-0.5468304310944537,0.002729207538337392,-0.7410142282149556,0.5805786894665587,6.392857142857143,0.598181473186835
1.0,0.3,164,0.0017756547816685417,0.0041177780252412135,-1.180299132189674,0.002509730600234337,-0.4696222874580182,0.6246131473423516,6.642857142857143,0.6397885384207433
1.0,0.3,165,0.016513789617649953,0.02193614735969449,2.9957195340482485,0.018733140431567354,8.424296346627443,0.711036021983624,6.821428571428571,0.7496377418944764
1.0,0.3,166,0.009628146595196596,0.013890490374501326,2.9540748054656,0.01066964179611453,5.757525810532333,0.5830874023538283,6.821428571428571,0.6057093526007107
1.0,0.3,167,0.02087076687748895,0.015928724488704478,1.432934392969969,0.016542564848765838,3.364035181815003,0.695286144728639,6.5,0.7327034305646327
1.0,0.3,168,0.003782145962619141,0.007402349706844564,-1.5232805194281411,0.008076628830144192,8.740526475490507,0.6291423551922855,6.321428571428571,0.6586059989548991
1.0,0.3,169,0.002421401176844036,0.0027571312901854828,-0.7050062596342835,0.002153852270597006,0.7047225348373823,0.574728501911143,6.321428571428571,0.5872621730268017
1.0,0.3,170,0.008433524843301883,0.0017271743180198014,3.83550610871553,0.004081245858973285,-3.994543595033747,0.7470578277115223,7.071428571428571,0.7727877300599797
1.0,0.3,171,0.012559605907149418,0.015506727613386619,0.1800610448260708,0.013746394119074827,-1.3550714431595168,0.6572815244484491,6.928571428571429,0.7056723873698696
1.0,0.3,172,0.003068059177129192,0.0034095101615370924,0.1197957906009511,0.0022084495304150274,0.32966529189509214,0.598526688307788,5.928571428571429,0.5987723254446463
1.0,0.3,173,0.015454419389807551,0.011483625833707052,5.6371363382151,0.01271482109155184,1.701070113533793,0.609045169901571,8.107142857142858,0.6198869401358142
1.0,0.3,174,0.014710371911013197,0.017754303399454115,2.6848159944357235,0.01759171118143017,5.7161790329305875,0.6023241594932884,6.678571428571429,0.6325327495796444
1.0,0.3,175,0.015769183329131818,0.018105406456626064,4.661260315159448,0.01717711380126196,3.8120135345506774,0.7392304181783201,7.0,0.7881751253623543
1.0,0.3,176,0.024257197980005776,0.03098247632293802,1.7240335304375378,0.028358232027095163,14.415239258935221,0.6770595065046929,6.357142857142857,0.701025433236544
1.0,0.3,177,0.03493015661522742,0.0364221600172268,4.919396421230185,0.03692932088864183,11.530422408385258,0.6853771653205889,7.571428571428571,0.7352539967910894
1.0,0.3,178,0.0015665382678810202,0.0012765774645977918,-0.17737017801007937,0.0013273997916875204,-2.3399254248738544,0.6578961614460284,7.107142857142857,0.6632049039711438
1.0,0.3,179,0.02275381027652152,0.03133604432295704,4.512341589496326,0.02693986087253934,6.36378534510025,0.588041708791371,6.321428571428571,0.6160105924514978
1.0,0.3,180,0.011696696960371697,0.013644471424263664,4.719227836479159,0.011694225766407648,2.3834586792052144,0.6799664638980624,7.75,0.6945946870641824
1.0,0.3,181,0.005680276929338792,0.0064239003148860874,4.747612372351891,0.006391822634826936,7.13652463624886,0.5940893159202822,6.285714285714286,0.6050744846559942
1.0,0.3,182,0.006966559273511643,0.007711807299448314,1.5751163040324248,0.007893486311369368,1.409253289441267,0.6423042123149644,6.107142857142857,0.6827863223324979
1.0,0.3,183,0.006750518063124261,0.003957745115339643,2.366485646833354,0.0040344141962416445,-0.09471378912901211,0.6881499711573831,6.928571428571429,0.7018660664707985
1.0,0.3,184,0.010268609823618154,0.013112244888342828,-1.4580969149592988,0.012562882024844175,5.974004030694981,0.6727179940683509,6.678571428571429,0.7192122101325993
1.0,0.3,185,0.008803220512488821,0.018921859217770995,1.115918679867633,0.0118279365930841,4.531515770299715,0.6151837864550436,6.25,0.6663243850209648
1.0,0.3,186,0.0012200366000005654,0.00028048927710997644,-1.0956161330542311,0.00019385121231699725,-1.9475044443074694,0.5935612765338749,5.928571428571429,0.5820635442180448
1.0,0.3,187,0.003379873953413151,0.002116955219545845,0.7133960579726969,0.0021314362840137366,-0.185294973701455,0.5475390949469114,5.821428571428571,0.5721698316914464
1.0,0.3,188,0.017504797202356738,0.014464175787194429,5.003324343564221,0.015554015463480711,2.784523806642634,0.6178687789791416,7.535714285714286,0.6569100471795155
1.0,0.3,189,0.004019283924591448,0.003469432495338227,-0.9539316619964305,0.00324264904645336,-0.1552361283733982,0.7186610251709632,7.142857142857143,0.7264739636223121
1.0,0.3,190,0.005574050585122023,0.004569539897940095,-0.3978810867365989,0.004365692955876843,-0.6973379641207202,0.5991497407523118,6.428571428571429,0.5988327665467059
1.0,0.3,191,0.00941332836436553,0.015206245857688386,4.8486797078066575,0.013300679643816362,3.1635594227329116,0.7050641023963166,7.392857142857143,0.725680544655501
1.0,0.3,192,0.0025874886270750015,0.002671199113371298,-0.9111449531586402,0.0028428326096292134,0.5446368974038762,0.5775404586151263,6.107142857142857,0.6228570635679811
1.0,0.3,193,0.0036072517578326817,0.0038195609451045108,1.495396653662662,0.0031774023847676957,1.1082222986703982,0.5626749435198309,5.892857142857143,0.5728260637401362
1.0,0.3,194,0.007986688587569355,0.010397701334572315,-0.6926947885814153,0.011040581297442582,7.063029713998371,0.6131182190297719,7.321428571428571,0.6217296242787873
1.0,0.3,195,0.006214170318989821,0.00742045518716534,3.882800798223949,0.007007659777648241,4.83043635545108,0.635416643686647,6.5,0.6510183322368723
1.0,0.3,196,0.0022488037601552592,0.0002003900692232826,0.813361680180833,0.00034726672778975527,-0.0450627500193832,0.598373069471059,7.357142857142857,0.6009227673509276
1.0,0.3,197,0.00856550334059535,0.010076851197085698,5.631546340727795,0.008646260906938324,-0.9871466321713646,0.6568201052438842,7.321428571428571,0.674241394891719
1.0,0.3,198,0.004627246124767609,0.01137149605526945,-4.813000643334656,0.007662921131334857,-1.7259488075601155,0.6510254930379402,6.392857142857143,0.6601336832654203
1.0,0.3,199,0.007955247749887274,0.010748929723398333,4.902090360488643,0.011227668226366144,10.35607012295688,0.5931361336270818,7.714285714285714,0.6104730750405452
1.0,0.3,200,0.009448543695103426,0.01293594815254237,5.773401379012436,0.011898277468968403,8.724813450841546,0.7133132269969866,6.321428571428571,0.7394869761470031
1.0,0.3,201,0.01203121844561008,0.01975893681336031,3.888324237553159,0.016468552634214293,7.522376891988453,0.6531450157222966,7.285714285714286,0.6801442042819528
1.0,0.3,202,0.006890974960960069,0.002215550318227458,7.56409413456664,0.002669383612506734,-5.282953502318122,0.7150631310137855,6.571428571428571,0.7411175883652257
1.0,0.3,203,0.016519912980272788,0.01268918118380909,10.179357567815837,0.013117757034022891,4.724911993269292,0.7759518008106321,7.785714285714286,0.8073198871880761
1.0,0.3,204,0.004565180960829347,0.0052755979346739,-1.1272690558134475,0.005117681611045436,1.1367326747880782,0.586179093244364,5.285714285714286,0.5897207649751367
1.0,0.3,205,0.010028396442926042,0.013833003364051584,0.6317527917189144,0.01434686446817683,7.026443152101895,0.6178142396821354,6.714285714285714,0.630965998329466
1.0,0.3,206,0.02781762931608229,0.029236418094196505,5.223925697628914,0.029553501895350835,6.586691874281939,0.677465815201436,6.285714285714286,0.7071950525241375
1.0,0.3,207,0.016477849521639366,0.014106399946121211,8.574053909426112,0.014528185860383432,2.6927456569142123,0.6240556647920698,7.642857142857143,0.6248155202329556
1.0,0.3,208,0.003644301077829492,0.003687198069764241,0.17248803456517217,0.004452882649996459,-0.32255272261745443,0.5362874010555031,6.142857142857143,0.5359970642663379
1.0,0.3,209,0.0011512139777185553,0.0006832217943716646,1.1564741836358603,0.0005594743164212832,-0.053947825619057234,0.6168001253362132,6.25,0.6268920025081096
1.0,0.3,210,0.0029919650360131595,0.0008656643841678116,1.1103269477318822,0.000870204819036602,-1.9920987686422222,0.5852418706450102,6.0,0.5963251799889299
1.0,0.3,211,0.003972409209695009,0.0020551047457988917,1.0435110343400045,0.0015553765866046518,0.35604515588013896,0.5886158916333288,6.464285714285714,0.5825643735330315
1.0,0.3,212,0.0017933979233380058,0.004831180218063317,0.8457215395253191,0.004356694207357685,3.773936336641507,0.5963357657675835,6.035714285714286,0.6236675718062848
1.0,0.3,213,0.0010920838442688657,0.0024840469920025306,-1.3885387086590224,0.0014010297040830955,0.6799310900731351,0.5829187789340341,6.178571428571429,0.5845106896737614
1.0,0.3,214,0.0050076561854560395,0.004093182728855536,-1.2337134706055035,0.0034037104454426345,1.7576331938207659,0.600857697269177,6.714285714285714,0.6258350023997652
1.0,0.3,215,0.03716594894936325,0.04004066178264327,2.0944037876102946,0.04220572235949777,7.468395643888073,0.6820511619984672,6.821428571428571,0.7231873919438649
1.0,0.3,216,0.0253610068624341,0.025265130582152084,0.7875206788988768,0.025951754096579262,2.2562933575611432,0.6887270319898576,6.392857142857143,0.7185088845176184
1.0,0.3,217,0.015809767759622995,0.013491032090734394,6.286536898647928,0.01456871325932294,-1.2961756987852102,0.7349566932181606,6.928571428571429,0.7639713658443329
1.0,0.3,218,0.010901402623211466,0.006967609391579698,3.5344059122191047,0.008146123648323523,-6.5638003595158425,0.7245367006164894,6.678571428571429,0.7552456884278489
1.0,0.3,219,0.011149356054516009,0.010846086436832625,3.0470797817313553,0.011346587216521476,-3.6936505245283136,0.698930198553264,6.678571428571429,0.7202777498474753
1.0,0.3,220,0.005948706010441395,0.0025142352210607483,1.6749366222171982,0.003442024320433481,-2.3803300288182263,0.6931610514009761,6.321428571428571,0.7039071330161553
1.0,0.3,221,0.019555145977800094,0.020417307656624015,5.9729794161617535,0.02188222692107322,5.4656309740286515,0.6795467185178877,7.928571428571429,0.7101559121428582
1.0,0.3,222,0.009769131172448748,0.012058118832020428,2.108710315672719,0.011056089601403528,4.513885171284879,0.6564489238691406,6.428571428571429,0.6741901471940999
1.0,0.3,223,0.011339597730098554,0.009329996847120884,2.759891119764736,0.01064506396786745,0.5508401984958956,0.6112358252642024,6.714285714285714,0.6424003604820384
1.0,0.3,224,0.015650780073915425,0.010381107654593028,3.4596774308049967,0.012460325890255442,4.212596074612766,0.6825527433754586,6.5,0.7176776458563916
1.0,0.3,225,0.0029943042958133527,0.00318760827857645,2.264923353951493,0.0038226768891583027,2.4686245402515112,0.5711151650849757,5.821428571428571,0.5836541138289619
1.0,0.3,226,0.006306477230259181,0.009133789663087817,-1.9378772995920694,0.008509853738559994,-6.084899760913771,0.7129501087073455,7.714285714285714,0.7472040043251045
1.0,0.3,227,0.0071979557789252375,0.007430406523519337,1.0495501804750897,0.007784832984099302,4.985947201607455,0.5719642784571803,6.357142857142857,0.5784977807156886
1.0,0.3,228,0.009001010718165897,0.007539959014841936,1.4577318707099398,0.008335794203826357,-0.2589438925424001,0.639999161050918,6.392857142857143,0.6687531235509417
1.0,0.3,229,0.010873725779822969,0.015556758100346627,-0.19310261787896366,0.01261976240473982,0.3901740477965158,0.5943962188081525,6.107142857142857,0.6101063346474354
1.0,0.3,230,0.006449229715660613,0.007422171161387021,3.271204800150637,0.007164677796873763,6.167637007549492,0.7442967213640307,7.035714285714286,0.7669039512181062
1.0,0.3,231,0.0016885577529548578,0.0009490940245607171,-2.632373985288988,0.0011653853428960105,1.2673363042339172,0.5447687412927643,5.821428571428571,0.5728001532260897
1.0,0.3,232,0.002147434893700687,0.0032133533299553256,-0.9911793344421179,0.0025651844788906366,2.8529380723590236,0.6618302761963683,7.714285714285714,0.6752417761011628
1.0,0.3,233,0.0076195795618678765,0.008133362256698558,3.3683583015796423,0.007147781383058255,0.29226805811176365,0.6611891493858509,6.642857142857143,0.6709364766381085
1.0,0.3,234,0.024608539984146603,0.03253500370888532,4.628001851577665,0.027968642852833552,8.848069566563728,0.6677451770772423,7.642857142857143,0.7251343115903568
1.0,0.3,235,0.008063317675366805,0.003944343432539844,2.8399564157608856,0.0030271352794965243,-1.3051426354462592,0.6940688749510817,5.785714285714286,0.7079541320130934
1.0,0.3,236,0.0033557390478128582,0.0023989932579973746,-0.2927902486572691,0.0014438488127838727,0.6743691374645474,0.6042979843389084,6.785714285714286,0.6266319719921425
1.0,0.3,237,0.000958608533129356,0.0006455968580441175,0.013274488176610552,0.000579104904641774,-0.403341377194361,0.5613833836857768,6.035714285714286,0.5935677621625635
1.0,0.3,238,0.011234740068946668,0.009256252367519441,4.159194170322792,0.007861319240983206,1.0146887798974167,0.6449760336309425,7.642857142857143,0.6775245064704645
1.0,0.3,239,0.014504320301713754,0.007688539611500443,7.635047416946615,0.007792963425055802,-1.226146207511249,0.6158062130301543,6.857142857142857,0.6447827296526385
1.0,0.3,240,0.0023077116689238938,0.0005057638825229418,-0.08660538475000597,0.0008635912878652923,0.6054830358277646,0.735929267142151,7.214285714285714,0.7429239515197585
1.0,0.3,241,0.018737930177211853,0.013436640376209381,8.90691721308849,0.015824931252853978,1.855383862661057,0.7050660781336823,7.035714285714286,0.7257927866687951
1.0,0.3,242,0.011528506264845792,0.015271114958808646,2.390300851745309,0.01379550749512737,7.8223877602678344,0.6520516621799686,6.428571428571429,0.6845454008105817
1.0,0.3,243,0.004443358807227888,0.0042298202078091705,-2.4648354122577607,0.003830264171281335,2.245586259013256,0.6014006502073307,7.25,0.6465384787906021
1.0,0.3,244,0.0010165597531541848,0.0015685300342119196,-1.4984084172303653,0.0007607194284297143,0.2043019675802024,0.5899753728123229,6.678571428571429,0.627556914981342
1.0,0.3,245,0.012222799912105523,0.015318649470781657,4.216990212440872,0.01319800863690259,8.008671414811309,0.6483271443672854,6.785714285714286,0.6821140269721109
1.0,0.3,246,0.001539130088799559,0.0011012431912930487,-0.6357285360246957,0.0010169863585044528,1.1562109362069084,0.541284310537876,6.0,0.5383549713367202
1.0,0.3,247,0.009814627982383558,0.007845563080350096,1.9003158553223614,0.007955378382071304,-4.1720666293278255,0.6710516121486424,6.642857142857143,0.7051007064784296
1.0,0.3,248,0.013364723335343697,0.010294676416898524,1.395106299390515,0.012798573688918425,4.147235540617724,0.628596547528342,6.392857142857143,0.6455304531748403
1.0,0.3,249,0.0009198617506780477,0.0011874954974519889,-0.6214600195955882,0.0009556625080933104,0.8275221395332816,0.5805955631074814,5.928571428571429,0.6018214880147703
1.0,0.3,250,0.016805570132375807,0.0147965398840647,6.312753844529833,0.016079389633825603,8.045324875979077,0.686526552785856,6.464285714285714,0.7206179762207766
1.0,0.3,251,0.007112475061494259,0.006443723072786289,0.31200132077491577,0.006245755203438444,-0.4089599539931423,0.6326269407418599,7.25,0.6388278075398601
1.0,0.3,252,0.0014606343354743392,0.0015921382872140057,-0.8738239844954782,0.0013732461136178838,-1.2022881657250462,0.5844800057794647,6.392857142857143,0.5861508775167403
1.0,0.3,253,0.0007351648691284627,0.0012386271521126545,-0.13613206121548652,0.0012399147215312201,2.6887075347349687,0.5686854172037008,6.142857142857143,0.591769053472778
1.0,0.3,254,0.002563130236756473,0.003259835968166661,-0.3948247265221691,0.0027423816497043245,-0.6968212244436245,0.5817974519876297,6.285714285714286,0.5867396074459555
1.0,0.3,255,0.0030921092058365067,0.0015161056692959206,1.2784616638644763,0.0014291888624082924,-0.8477896748478031,0.60827642136295,7.214285714285714,0.6232361959460697
1.0,0.3,256,0.017681479304859856,0.018087180903409533,5.220027910494376,0.018006452391907363,2.1650083937519278,0.6801784801891655,7.107142857142857,0.7004255485091619
1.0,0.3,257,0.008898650781262089,0.006699336510775115,2.7423182810978326,0.006373489779073131,-3.9715734355126435,0.5280830426243284,6.321428571428571,0.5454631527268747
1.0,0.3,258,0.0032019443098417954,0.0018530692738429673,0.12539963661581055,0.0012012551807861127,-0.9383189189137321,0.5557374811460098,6.178571428571429,0.5701126113085282
1.0,0.3,259,0.010800799643743662,0.008247401087820497,5.75100084159438,0.008794026318461264,1.4631906054751482,0.7354067670151726,8.0,0.7561424376395358
1.0,0.3,260,0.0037476924388603057,0.0057787600597535484,0.04539087824354245,0.006168316954109768,1.7110519452854476,0.5205393877894186,5.785714285714286,0.5171919051912968
1.0,0.3,261,0.003492119238874113,0.00392723506647536,-1.097711853162186,0.0025890865776271254,-0.015327301226885007,0.6068117956755901,6.607142857142857,0.6152628286955786
1.0,0.3,262,0.015679582762671094,0.020076110323189268,2.7993463773684275,0.01877946362532934,5.972721348250322,0.6606419101023198,7.107142857142857,0.692999078180153
1.0,0.3,263,0.011896710699596913,0.015109180390431852,1.8021507608095628,0.013790251270403555,2.1951937833504664,0.6905664068766207,7.964285714285714,0.7417575458752013
1.0,0.3,264,0.008425117669876466,0.007210080063104805,0.7867589797921445,0.0067634149154078,-0.23161292214176873,0.6279112443407471,6.0,0.6691690496636509
1.0,0.3,265,0.010751402932303176,0.011200563269610678,0.298443449465528,0.012718746787703239,10.025677778242672,0.6460233370337625,6.75,0.6896016726685231
1.0,0.3,266,0.002372038465619415,0.0035517324771897406,0.3684312986835134,0.003227028046389365,-0.8799504801331656,0.627988800017554,7.285714285714286,0.6461422470825915
1.0,0.3,267,0.009069106200492276,0.006737976786885757,4.070514976485536,0.007501573264957791,5.850886112721592,0.6523412877282772,7.178571428571429,0.6679289961992767
1.0,0.3,268,0.0011416617212506597,0.0009659820366780698,-0.3819782152938842,0.0007083024468638776,0.7120906187870162,0.585712431881699,5.964285714285714,0.5976278170008187
1.0,0.3,269,0.005995134361878947,0.0038732271694509623,0.5978393538433124,0.003576729066733859,-1.800824429247901,0.5823677446925615,5.321428571428571,0.5973469253023467
1.0,0.3,270,0.011499319189863686,0.0072817007482417475,8.590027759454387,0.007424258396247226,-1.543119582493053,0.5548894514249194,5.785714285714286,0.5601589103091915
1.0,0.3,271,0.009347971058534289,0.010631877482093613,0.5116671206435702,0.011956238497006924,3.105227861445892,0.6779617169535277,6.357142857142857,0.696680835489957
1.0,0.3,272,0.010593256226531405,0.007474118265313489,5.2689641497093005,0.007099051269175566,4.076335733222787,0.5758732590396761,7.0,0.611802457416118
1.0,0.3,273,0.015983551200124048,0.012281077883222552,6.732781189672882,0.01151228201668649,-1.9345693502255301,0.7294939591160933,7.035714285714286,0.7635615954903958
1.0,0.3,274,0.002185286867549253,0.00027834992479273523,0.7460663072042356,0.0001509185608441547,-1.8978138455842195,0.5823320542138427,5.25,0.5916905675484361
1.0,0.3,275,0.0045056432943222586,0.004428511833732285,1.6962795349524715,0.0036666317643726026,2.3013371386676247,0.545644391239508,6.285714285714286,0.5451601626590858
1.0,0.3,276,0.016066324355531906,0.012418756595055685,8.581741245168985,0.013054039066002672,5.0779384163913805,0.6266321293544356,7.571428571428571,0.6464802203677149
1.0,0.3,277,0.0024025782024459097,0.007226421061537594,-0.19828711927838563,0.004734122338126468,1.5248924065349456,0.551941550653824,5.678571428571429,0.5498813882348492
1.0,0.3,278,0.00384619851112711,0.004857397990082679,-1.3224058889008556,0.004981407078168011,2.1897094923194707,0.6120159742304236,7.107142857142857,0.6540067519520557
1.0,0.3,279,0.02119354447035826,0.01916123895855247,5.747848614478272,0.019804855857882605,1.8359309478258485,0.771040100680923,7.107142857142857,0.8016066590745307
1.0,0.3,280,0.004529815684754829,0.003579904731051491,1.691004052239568,0.004118377975183729,-3.3036508718690905,0.6363592879652613,7.285714285714286,0.6456153161434004
1.0,0.3,281,0.02150476237057259,0.021669765555720318,11.332111304844668,0.02101830976594396,7.759466343926647,0.7329618293081603,6.642857142857143,0.7641007977134132
1.0,0.3,282,0.019836352640041553,0.017311512327744482,2.0955366230365846,0.020406809754071102,3.5686190914200324,0.6704617023532481,5.928571428571429,0.7005379011651791
1.0,0.3,283,0.009652332267675225,0.012220075329230053,4.8920012459702775,0.010025856166601082,-1.1106384701233765,0.736684058898402,7.214285714285714,0.7677533654611972
1.0,0.3,284,0.01301228542731985,0.009967514921539805,6.836548669138381,0.00997934018702949,2.037596578650503,0.6676127285217597,6.535714285714286,0.684507118428415
1.0,0.3,285,0.0047442292759837254,0.008126805778174357,-1.9594497178960921,0.007903625901653777,2.0634678340106043,0.575638470870054,6.857142857142857,0.5820929248902227
1.0,0.3,286,0.0054517293647695225,0.0044865840937425554,4.154514718989797,0.004644301771164362,3.6503079785625707,0.6190797303841491,6.678571428571429,0.6244680115567933
1.0,0.3,287,0.003983412655837797,0.0018133635149993684,2.0261630871332557,0.002254388771710868,-1.1388303434258376,0.617490077848344,6.857142857142857,0.6220797582050142
1.0,0.3,288,0.02480755467924098,0.027147275993323273,6.872076683890573,0.026339709140999083,5.251284289470391,0.7094399600507683,6.678571428571429,0.7477353006226404
1.0,0.3,289,0.004564256850754614,0.004418403104730412,1.0344460097343149,0.003958469458481926,4.018173290912178,0.6035913204100919,6.535714285714286,0.626376739346983
1.0,0.3,290,0.0010666470112724415,0.0007499948816869097,-0.6764887863649468,0.0006653080235996847,0.004447482359504799,0.528092213973311,6.464285714285714,0.5273031211945032
1.0,0.3,291,0.016273504346625802,0.013027946254269908,8.690815688557203,0.012869355513091513,-0.9139729960414608,0.7157047559649774,7.0,0.7589802826671119
1.0,0.3,292,0.03565498461587373,0.04151924285635819,4.938718447545057,0.03652833998861248,7.106923356593323,0.688234184842434,7.214285714285714,0.7210156362257573
1.0,0.3,293,0.00782389233267874,0.005822169174025135,2.731814300715655,0.006366161318004466,-0.23725539296568363,0.6573026025790086,8.0,0.6640486050263551
1.0,0.3,294,0.0070325976914024126,0.004520051217517463,5.262537682365452,0.0045970469364216265,1.720761201024639,0.6736920709080934,7.964285714285714,0.6880162429150121
1.0,0.3,295,0.00601243052641457,0.0010346892530535266,1.3719849569367852,0.0015653261741299992,-2.007820489376826,0.7334269164182248,7.0,0.7579466985823313
1.0,0.3,296,0.0027513274680832124,0.0005178470106310787,-0.2713218045302028,0.0006346216626144944,-2.2573980231165742,0.6498183317475209,7.214285714285714,0.6643911951305574
1.0,0.3,297,0.0032232446150844466,0.001365079343853469,1.118260465020067,0.0014472816395512797,-3.991726502024003,0.5660237327050254,6.25,0.5727177948064417
1.0,0.3,298,0.013645456256437096,0.02082557048531404,-0.7304230144016989,0.018001624717469935,5.896768315213762,0.5901058462078292,5.642857142857143,0.5877042108221447
1.0,0.3,299,0.003494930603603757,0.004564619550667754,2.8500529526313585,0.0032390984965195314,3.0775259406412183,0.6727833568493004,8.178571428571429,0.7002887438113565
0.5,0.0,0,0.0030851805950864973,0.0017526234149550786,2.2809591264660676,0.0019531682660450913,-1.355570818340586,0.600536141060019,6.535714285714286,0.6100454710913422
0.5,0.0,1,0.0025180194494344088,0.0001725061618184844,1.3610239460543028,0.00027975990223234583,-0.5770124368212066,0.5792462144320311,6.071428571428571,0.5811870124493834
0.5,0.0,2,0.0025841029745168028,0.002189262481887694,-1.0805669261329267,0.0014537448652743015,-1.1142740428574693,0.6247423463520335,6.035714285714286,0.6220019663122982
0.5,0.0,3,0.0021809428234102293,0.0005888403897749473,1.3755920049686854,0.001025846498573091,0.1650695234714874,0.5617247170268193,6.892857142857143,0.5782552719836768
0.5,0.0,4,0.0016852108749980817,0.002840546265872796,-1.0712226326331897,0.002196038781065197,1.7712465575117353,0.5431917643960584,6.75,0.5532605980477564
0.5,0.0,5,0.006011686604747452,0.00650248623829629,2.184435939594929,0.004334530359101674,-1.8130932051279653,0.593461768934348,5.964285714285714,0.601951312162596
0.5,0.0,6,0.001591992363857489,0.00042141396027733566,0.07245980722903293,0.00023370433318473436,-2.9712324457371913,0.5777263057359099,6.214285714285714,0.5962504860924587
0.5,0.0,7,0.0025546133894729186,0.000191902570321823,1.5629224429107087,0.0006250643627571009,-1.5533915968802414,0.5730572132604477,5.857142857142857,0.5976447956295883
0.5,0.0,8,0.0028104957202029573,0.0058122319469123855,-1.0626003678775646,0.005281132297551186,3.912136656444801,0.5708779926155831,6.214285714285714,0.5543651141764253
0.5,0.0,9,0.0023576778607193737,0.0016342145136960906,0.7766468196934682,0.0019122930791582945,-1.1040696191019588,0.5743141496577945,6.857142857142857,0.5679078035915242
0.5,0.0,10,0.007879758172423777,0.004928016702939098,7.290190171386247,0.005717260015702725,-0.29652060809741937,0.5479613408772642,5.535714285714286,0.5878578332138502
0.5,0.0,11,0.0021609514483593695,0.006336247893432854,-0.5206562028751401,0.0035032951038490847,-0.7847168842724367,0.5696831242362366,6.285714285714286,0.5775037564336041
0.5,0.0,12,0.012326628931045138,0.0038587914591962655,7.0281327544517,0.005105037958396313,-1.843564165806015,0.597776577379283,6.0,0.6067744396862653
0.5,0.0,13,0.0008883982074385405,0.0017821196878237832,0.8079768539022325,0.001407531500718818,-3.0273713229697137,0.5464856457660237,5.964285714285714,0.563312982297602
0.5,0.0,14,0.0026707368515888463,0.0018087816920086513,-0.040460110215358704,0.0020535996885477723,-0.1529317753521203,0.6003549689187837,6.142857142857143,0.6052150210310946
0.5,0.0,15,0.001034182784758959,0.0006504964315725803,-1.089815485408214,0.00046025858461924365,-0.05679341985462353,0.6104178652289789,7.142857142857143,0.6108861847930318
0.5,0.0,16,0.004120109759200443,0.00042490950807820885,2.4373812996587296,0.0002062647566596102,-0.7084491877706208,0.612891200513106,6.821428571428571,0.6236480785701738
0.5,0.0,17,0.009539911759120941,0.004427824442628611,4.193379053866418,0.005158489781603563,-1.2805925114423549,0.6097436290424232,6.464285714285714,0.6106574058171046
0.5,0.0,18,0.004301070252664383,0.0037757948854451754,0.9661966615026168,0.0036605553721955446,0.3102269566324291,0.593078293604325,6.071428571428571,0.5806876717819429
0.5,0.0,19,0.0025138614336510903,0.0006735890572372647,-0.5565340440683807,0.0013333332028508428,1.156191639289413,0.5468573792908021,5.321428571428571,0.5492675625243664
0.5,0.0,20,0.001989235378063966,0.00017458741553550634,0.1559506905015932,0.00016467959539501683,-1.904812846688922,0.5183038990669687,5.678571428571429,0.5193735885791886
0.5,0.0,21,0.002057065868678233,0.0014587399958077797,4.011211225302162,0.0022599170231503264,-2.3785438957310228,0.5420729219123078,5.892857142857143,0.553120363425537
0.5,0.0,22,0.004939281637259897,0.007343382861968515,-0.2888653350105888,0.005533887457489931,0.7167689325072786,0.5795496031896469,5.392857142857143,0.5931191260375566
0.5,0.0,23,0.0017196311574044752,0.002240407466161474,1.1696936477641202,0.0025188125783174057,-1.5645961778630142,0.575606001929039,5.214285714285714,0.5920397258070142
0.5,0.0,24,0.0014188763717497093,0.0006166454874318528,1.3409427755354006,0.0006015046980491292,-0.35155419738475757,0.5617422632596454,5.392857142857143,0.5758651980561824
0.5,0.0,25,0.0009454585044809652,0.0004733498054780976,0.7368106795518466,0.0002783392084775611,-2.1125401287357213,0.6193780223787817,6.214285714285714,0.6364270616188084
0.5,0.0,26,0.0037617940220285354,0.002862956421124769,1.2448355398654105,0.002550095368863786,2.84869767983191,0.6026610948643236,6.214285714285714,0.6066048042750096
0.5,0.0,27,0.005278097765057187,0.0014487754407566933,0.8484351295282314,0.0011534831308648657,-5.114673323985859,0.5777469828808003,6.214285714285714,0.5886919687027343
0.5,0.0,28,0.001510311973676267,0.0006102104857800282,1.691034818523093,0.00039551303229970805,0.308911566797633,0.5880365543528372,6.642857142857143,0.5953562213128252
0.5,0.0,29,0.0030900151108419808,0.004644476120245692,-3.2503954307760807,0.005163016288050586,-2.4459139673165566,0.5752742664341532,6.642857142857143,0.5637825801894074
0.5,0.0,30,0.00046268660248740726,0.0008208138079205007,0.9997171546287689,0.001193385236943737,-1.304125320747687,0.5314567938730007,5.285714285714286,0.5318486763013914
0.5,0.0,31,0.006279793603306162,0.003347067498654077,1.3516398658218425,0.003707430274788782,-1.5605759685402063,0.528836512722349,5.714285714285714,0.5589527738686391
0.5,0.0,32,0.0005898269863020495,0.0014590729112260949,0.5099409405511608,0.0007204560568893192,1.7996203206861026,0.5602691880929371,5.571428571428571,0.5715976076448208
0.5,0.0,33,0.0027492592150044587,0.005791489788455876,-1.8493421270058548,0.004408109546030559,2.6146286962693828,0.5910640512096513,6.5,0.6110755548427035
0.5,0.0,34,0.0010354960199837311,0.0017079405578133771,-0.2927196749957659,0.001805511560101146,0.52666898976103,0.5331950469158834,5.5,0.5544225679249632
0.5,0.0,35,0.002626039879156471,0.005403873207584549,1.0123629558111038,0.0039866377615826775,3.529441398465366,0.5823064543503234,6.0,0.610295513586949
0.5,0.0,36,0.007820741954869443,0.001775960129374011,1.9394203311231593,0.0024535691469669686,1.6497553209335554,0.5536270523108026,6.035714285714286,0.5471630976987165
0.5,0.0,37,0.0007654877749246906,0.000626208650191167,-1.3556977450797565,0.0005649435521330996,-2.8071012471723216,0.575666069991837,6.142857142857143,0.5778224175343449
0.5,0.0,38,0.001161738879733737,0.0018306643962749387,0.05819869248719556,0.0017407678776214103,-1.7750836402196246,0.6013242622737268,6.035714285714286,0.6107517941182741
0.5,0.0,39,0.002045714894946205,0.0009291246691912411,0.36935691618977745,0.0010053182161482218,-1.2585581245566004,0.5452754909243165,5.678571428571429,0.5526124328594183
0.5,0.0,40,0.001418981632917638,0.000521837694935236,0.35877426908371984,0.0006655431301488422,-0.7893202163507927,0.5609145889420724,6.035714285714286,0.5807195167693154
0.5,0.0,41,0.0025104091588581475,0.0007660363238445157,1.0034254216768659,0.0011187979586649514,1.0455284760059556,0.5978424012170234,5.821428571428571,0.6162995912440385
0.5,0.0,42,0.009611712211889214,0.01360296881632914,-1.0397201235079667,0.011948030620966877,0.5091340463444567,0.5714691453604986,5.642857142857143,0.5740363241367286
0.5,0.0,43,0.0011505307972040676,0.00036193734940784673,0.5589762156703936,0.00041806826662852515,0.2238111935434214,0.5705267028242419,6.642857142857143,0.5952282177407147
0.5,0.0,44,0.0033155731223511622,0.0033471778843331508,2.5684818187120775,0.0033676918432498774,-0.5800435097248737,0.5881529457108162,6.178571428571429,0.6000944858679345
0.5,0.0,45,0.006640802119778854,0.005085033201435871,1.4050695888218552,0.00404944555130691,-0.5815396491511725,0.5759975781501839,6.285714285714286,0.6078969604034992
0.5,0.0,46,0.001975263581495333,0.0025829679823565193,-0.4644584948972484,0.0015511988778321422,-2.906479889917383,0.564737456158185,6.142857142857143,0.5575607576534048
0.5,0.0,47,0.010358500226659623,0.007940064323174302,0.3392003957658858,0.010253581524199716,4.9145166528478414,0.5688414948010915,6.107142857142857,0.601313245637341
0.5,0.0,48,0.0007128859659182371,0.001379239196291177,0.3976947996754537,0.0009790032042111224,-0.3376205082074269,0.5865099088742503,5.214285714285714,0.5933584060137418
0.5,0.0,49,0.007143519879703857,0.013119229339271942,0.8374885415037644,0.010518237729813511,3.1687599330329874,0.5869938830061284,5.821428571428571,0.6075899670808227
0.5,0.0,50,0.002007809047515635,0.0006883411372196327,-0.20173314805744744,0.0007706348402996814,0.35783756484940454,0.594447428602358,6.392857142857143,0.6011034569760566
0.5,0.0,51,0.010334585768362171,0.013323062451801902,1.9598021104914853,0.010965057718543707,4.581594011042085,0.5710071134267385,6.321428571428571,0.6155768428019524
0.5,0.0,52,0.0020404815694711866,0.0015698314760791531,-0.9586016570218211,0.0015881688637519986,-2.527630373486138,0.5919907136379773,6.75,0.5946639499117174
0.5,0.0,53,0.006725619106954556,0.009744962516761919,0.09505691915834784,0.007945687883142783,-0.9023439751305204,0.5778409748879014,7.321428571428571,0.6063630096914827
0.5,0.0,54,0.0004984539705663067,0.0006928975112500081,-0.6431045929494701,0.0004064077426944392,-0.7537713291395297,0.5353168374753599,6.5,0.5365044416188416
0.5,0.0,55,0.002629225877483422,0.003195634164695632,-1.2838829342525362,0.002804840220228284,-0.8093128145275538,0.6447408195130727,6.464285714285714,0.6452759447365952
0.5,0.0,56,0.003079614654904467,0.0017388149128312238,1.4197405247550232,0.0014888499981238837,-1.686406010527378,0.5736319904587691,5.357142857142857,0.5834503702837264
0.5,0.0,57,0.002666560038474994,0.0030171685226559703,0.08560321579304286,0.002286444028239777,1.037862442383518,0.5806353814288455,6.071428571428571,0.5948480795196895
0.5,0.0,58,0.003533972904886125,0.001143409323657511,2.353049305428821,0.001001284082259325,1.7040646114723188,0.5604162334475464,6.464285714285714,0.565846328492984
0.5,0.0,59,0.011157556107900257,0.004553630509423587,4.508994016902004,0.005770677415434319,-0.26221370913445224,0.613123031269995,6.642857142857143,0.6329956485574922
0.5,0.0,60,0.0019598730491625998,0.00322041310734148,-0.46070593727616443,0.002399894791431854,-1.6976595737659181,0.6150562984772954,6.428571428571429,0.6281955648955002
0.5,0.0,61,0.002863104367888873,0.0017870848808114776,1.2251374660582712,0.0020275183507399808,2.6716312794955948,0.5205847788508536,6.142857142857143,0.516516924230269
0.5,0.0,62,0.0010691769957909775,0.0002314275813903058,1.284820855738862,0.00041002613636039506,-2.514217438785465,0.5489709593406273,5.178571428571429,0.5594348945050052
0.5,0.0,63,0.010427315630157684,0.008520290294741337,1.310821657981677,0.0082515664781047,1.1089317819034743,0.5766246498065143,5.428571428571429,0.5936083378666255
0.5,0.0,64,0.0012390768474772015,0.0022440628716079995,0.35199608979992075,0.0021242028027842197,0.5523192914951854,0.5583702401978458,5.642857142857143,0.5591552902854919
0.5,0.0,65,0.0009040898726173591,0.008033133293374317,-1.8149448837590871,0.0042284747135751906,2.7961853210593595,0.5893613952271538,5.857142857142857,0.5846714233750285
0.5,0.0,66,0.0022691340041578324,0.0021418600056260922,-0.7883869579156529,0.0012797891475227663,-0.8522349418362959,0.5581530148423478,6.857142857142857,0.5366487398465247
0.5,0.0,67,0.006346214097884557,0.003192742679761617,4.999346313586661,0.003825659206056238,-3.4552113757225698,0.6021790019659573,5.642857142857143,0.6242521777794601
0.5,0.0,68,0.005074901320440007,0.016134792688584223,-5.926822173730756,0.012594943348908984,2.8880391035243256,0.5618894212777295,5.0,0.591232194863803
0.5,0.0,69,0.002185767468526674,0.00037663277197261106,1.5405833831246032,0.0005264419449269729,1.856515154929023,0.5252998848347956,5.785714285714286,0.5255191279868803
0.5,0.0,70,0.0017705577700750585,0.0014990660474027118,1.2476220238520834,0.0013545047304598405,-1.6725553655820704,0.6044175628749614,6.214285714285714,0.6106027885456478
0.5,0.0,71,0.0017883917496903973,0.0015585215398052047,-1.2816042064990256,0.0008938798335616185,-1.4765690455186207,0.5746430619261449,5.392857142857143,0.5644060519336522
0.5,0.0,72,0.0015763169061383357,0.001326738142794092,-1.3009397165700136,0.001681019125530829,0.32690992940014024,0.5606108833250251,5.714285714285714,0.5792189701012231
0.5,0.0,73,0.0016131761308450022,0.001917265052204501,1.1238308215369084,0.0015079734786265248,1.839088102074811,0.5990334845531514,5.392857142857143,0.6362312038821956
0.5,0.0,74,0.0023144018111035257,0.00915729106333766,-2.2205785585773774,0.006021857922667987,1.0920499771433754,0.5870945703295997,5.964285714285714,0.6005746551690034
0.5,0.0,75,0.0013965247525032217,0.0021929342678031582,-1.4834556730858803,0.0016925384995981117,-1.363548613414186,0.62987965619634,7.071428571428571,0.6435199743131854
0.5,0.0,76,0.0012156650623260633,0.0008178318482813867,-0.09829652047755151,0.0009516532406824668,0.7256710121645256,0.5878818593393778,6.285714285714286,0.5926904961285584
0.5,0.0,77,0.001149704532238968,0.0015940726739552824,-0.910268450803585,0.0006068990139269409,-0.33532455666639294,0.5548747098119977,6.071428571428571,0.569187758845193
0.5,0.0,78,0.003804285861427547,0.0002649072608496382,2.983005399165402,0.00041045438575066365,-0.40982846132381684,0.5680099020897608,5.25,0.5796489679566151
0.5,0.0,79,0.0019562925696987384,0.00037812793675551774,3.313582628719729,0.0007129050547166247,0.053744854396370556,0.5547480300119937,5.25,0.5663945933608603
0.5,0.0,80,0.0024364489416051835,0.006279903182204283,-0.8720657899038807,0.006515306691842483,-1.3800713568305791,0.5547767309984949,6.0,0.5595134407799234
0.5,0.0,81,0.004685824898083037,0.0031614389321249956,3.3770894287943065,0.0030576816590243525,2.792771004663033,0.597808107951923,6.357142857142857,0.6022397677999511
0.5,0.0,82,0.004496959003813547,0.0010490558482884095,1.4578325996339458,0.0006418299402601496,0.1039713770334932,0.5191011909908819,6.392857142857143,0.5222136866949425
0.5,0.0,83,0.0027027287794855344,0.0019909111941188527,2.228078701224215,0.0013866331499436094,-2.1684309074887835,0.5867220143344455,5.642857142857143,0.6040183294557167
0.5,0.0,84,0.0066302100339447195,0.012384806644546099,0.4157977319946345,0.009756714224647254,1.0196914966103634,0.5749981320406736,6.071428571428571,0.5883592962098868
0.5,0.0,85,0.0023608828650653517,0.0016503846019733674,2.6552914700179335,0.001592862423025434,-3.1415668820878864,0.5895729357362217,5.714285714285714,0.6016855584003196
0.5,0.0,86,0.003788683976108922,0.0027736900776779002,3.891544541902789,0.0029867565900755237,1.7976259378670723,0.5986400364658943,5.678571428571429,0.6098006288037177
0.5,0.0,87,0.0022528679915711047,0.003271126783497806,-1.6151741464000697,0.0024835552759773926,-0.4450547289335513,0.6002042227925332,6.285714285714286,0.6206296646186211
0.5,0.0,88,0.0010430029192038876,0.0019673011182259476,-0.7455894251456622,0.0016791875730173154,-2.411097974870463,0.5725251492858451,5.178571428571429,0.5696611688817281
0.5,0.0,89,0.004113576799811953,0.001568188111185442,2.3130215889758383,0.0018106205046527156,-2.6567862604719323,0.595481881417121,6.785714285714286,0.5990523621766222
0.5,0.0,90,0.000918664625926144,0.000871610791291056,-0.1691352569637843,0.0008211263337768353,-2.008589518665038,0.6265495476695966,6.321428571428571,0.6308710869899694
0.5,0.0,91,0.002887457630131791,0.004181305911814781,0.17293834833634492,0.004731702296845174,2.3669000159827456,0.5859030677952658,6.357142857142857,0.6037415415964259
0.5,0.0,92,0.0023414359040153216,0.0017898196859787274,-0.3771672798145289,0.0020403868033018044,3.4456239885479363,0.5923023589371954,6.214285714285714,0.6015740204770813
0.5,0.0,93,0.0026649772188042384,0.0019079214966547875,-0.12933481251097115,0.002081687012292745,-1.0287373490027203,0.6166960346442123,6.142857142857143,0.6191697439467378
0.5,0.0,94,0.003793710907056958,0.0024817048061113412,1.599100706986557,0.0027866720115471803,-2.079127605369299,0.6076791276962253,6.714285714285714,0.6126847828400942
0.5,0.0,95,0.007284452057334573,0.003989973139499385,0.9716396617316624,0.003745540105531038,-2.357270342042549,0.5232957052886137,5.464285714285714,0.5720323933125909
0.5,0.0,96,0.010366518866993994,0.020311823136736417,1.810970539226446,0.013620126145148174,13.275498803710159,0.5503863046552372,6.5,0.5655203850893823
0.5,0.0,97,0.005137722498373457,0.0004534528510822735,3.6330943402405658,0.0003628603663084816,-0.45555737760070275,0.5347902814461254,6.178571428571429,0.5394939476443965
0.5,0.0,98,0.004155428125568917,0.0010889796984604595,3.6481951943018203,0.0009239689245058903,-1.6085318552563403,0.5872307935804846,5.892857142857143,0.6073735499145861
0.5,0.0,99,0.007677684676184252,0.007887506510210114,3.0615219310561295,0.007474750786855198,6.037029450132697,0.5450084121015333,5.892857142857143,0.5801979167976882
0.5,0.0,100,0.0023953064372286372,0.0016494017096385265,-1.4644929052561413,0.0014746072734144388,-1.3702076669139938,0.5632323747202238,6.5,0.5820257546989174
0.5,0.0,101,0.0007956988102956027,0.0006266778980731977,0.15501324765434296,0.0006443716493151797,-0.8991046733991558,0.5756820365310465,5.928571428571429,0.5776500764055899
0.5,0.0,102,0.0018820341302144804,0.002203457725570919,-0.2739127197348334,0.002008015456537017,0.6080511387061828,0.5961122541604835,6.214285714285714,0.6163948043364162
0.5,0.0,103,0.0034807222541787565,0.002233729266563979,-0.7277241652088264,0.002608669066492909,-2.354482467856485,0.6088898405679614,6.25,0.6088723464159687
0.5,0.0,104,0.0027004995377439734,0.004272724540688038,0.12834629316866616,0.003944400725201986,2.6900905829307553,0.5978846261893515,6.5,0.5914050992646025
0.5,0.0,105,0.002062660052324164,0.00044376079910904767,-1.2261925304805839,0.0003765372814342438,-1.1175337770485878,0.602466575263994,6.0,0.6172855486657718
0.5,0.0,106,0.0012304361173991008,0.0007507507611445713,-1.6052938848538834,0.0005033304820773465,-2.9585640406307996,0.5717855348555153,5.928571428571429,0.5773793638376361
0.5,0.0,107,0.003818859933826235,0.005775098995659312,-0.8059906198928294,0.00419668175591749,1.2216564285324978,0.5878380789905219,6.107142857142857,0.5751283376376957
0.5,0.0,108,0.0021704279950130324,0.0017635549416152591,-0.0983152421842135,0.002230916771657451,2.1205825761527515,0.5422625209736673,5.535714285714286,0.541906642979535
0.5,0.0,109,0.001693378626720872,0.0013733537056022558,-1.4467070525376282,0.0012672945481581141,-1.174066005156836,0.6224341196748356,6.321428571428571,0.6392933820599191
0.5,0.0,110,0.0038587622607419796,0.004177024924413564,1.6525071465551282,0.003785927645407564,2.530727807384494,0.5643820901554519,5.678571428571429,0.5755934394115747
0.5,0.0,111,0.003837806798257437,0.001061855192529294,0.4676311577191162,0.0007020990533463843,2.2907686676653705,0.5691218008165747,5.857142857142857,0.555524961725036
0.5,0.0,112,0.00295627476267356,0.002242390042539625,1.7827034223454443,0.002201067398940146,0.7782248733589938,0.5784011215714898,5.285714285714286,0.5823487208074267
0.5,0.0,113,0.0009872667648224247,0.00033494081028224526,-0.7231319145269879,0.00032419421661821185,-1.7194136286230257,0.5662525270825418,5.892857142857143,0.5577227385999133
0.5,0.0,114,0.002333988382090309,0.0007857973406510698,-0.13796227916039547,0.0012917169869568145,-0.14256070713577174,0.5642815620556266,6.035714285714286,0.5815478686613142
0.5,0.0,115,0.00444264725011633,0.006201748603429168,1.835739886654494,0.005138576266641972,1.7185578673415118,0.5882456644735169,6.535714285714286,0.6262850366464541
0.5,0.0,116,0.0011969211044858376,0.0010429165967848577,-0.5164897625086269,0.0005227178972595043,-1.60983097825554,0.5827022992317622,6.464285714285714,0.6061508070071505
0.5,0.0,117,0.0018896210738621139,0.0015286566422677884,1.969551581170066,0.001568090167755716,-1.1256585493015525,0.5699607360356694,5.785714285714286,0.5740670526384415
0.5,0.0,118,0.01057664117554157,0.014935680328301776,1.0281251143937975,0.013224137460056327,2.151381595663679,0.5457141850812482,6.071428571428571,0.5387380265022614
0.5,0.0,119,0.003701534661007761,0.002953038901334326,4.163182962670466,0.001929477615955471,2.327438081531928,0.5992638039449155,5.857142857142857,0.604431871720666
0.5,0.0,120,0.002403922007196945,0.0009545526556678421,2.846698986572856,0.0008370436733410321,-3.6022241631057454,0.5936428446520308,6.428571428571429,0.5929890705458556
0.5,0.0,121,0.0005029061486646374,0.0007741181722994941,-0.16437973661066016,0.0008287751675031326,0.20320854380584782,0.588314672900575,6.214285714285714,0.6076705552169022
0.5,0.0,122,0.004669732492855376,0.0012042174819987925,1.5787210299343524,0.001285158892226802,1.2440193811786078,0.5571949166882649,6.607142857142857,0.5478073099243137
0.5,0.0,123,0.0032502965103726918,0.0005810411214689448,0.45880324198203465,0.0009245165692871486,0.9518209040365377,0.6115540956576898,6.428571428571429,0.6068382000700159
0.5,0.0,124,0.0013806963391047302,0.0003140242738920982,-1.5074351984109928,0.0003306137285680629,0.505015426111432,0.5547313920689023,6.321428571428571,0.5434056305910755
0.5,0.0,125,0.0012188963915901008,0.0010169800381794757,-0.3958289133757186,0.0010287051004450813,1.5267066632891517,0.569309652294091,5.928571428571429,0.5855390936674186
0.5,0.0,126,0.005637172999895121,0.008842116040522287,3.6157328290235,0.00684550260432141,-2.190304987479294,0.5806556565599629,5.464285714285714,0.5973606047662843
0.5,0.0,127,0.0019785278729537972,0.0020045418191769293,1.5635694288434934,0.002297487218644507,1.1475968713004363,0.5922721185306683,6.214285714285714,0.5999999567487537
0.5,0.0,128,0.003838032723401585,0.003654747009464486,1.7442107401054443,0.0034019696079012974,-0.9586454885822585,0.5327974411098089,6.428571428571429,0.5434604188558315
0.5,0.0,129,0.0008763296331052438,0.001652232468721273,0.9588252467348942,0.0011217158212940333,-1.8030852135849973,0.5596703204447778,6.607142857142857,0.5758501908795686
0.5,0.0,130,0.005299009943237322,0.007248038316649911,0.5931994607563146,0.007979605183615571,-1.8495895470456862,0.5482184449336907,5.642857142857143,0.5495623952059394
0.5,0.0,131,0.0014596626754145344,9.403605154337533e-05,-2.699402948723209,4.494128595526515e-05,-5.154135099175202,0.5675477210679257,5.892857142857143,0.5760041653163015
0.5,0.0,132,0.004962688646761392,0.005224317931854649,3.5596484290498815,0.005329136826307045,-0.10688760933511314,0.5575430963126102,5.928571428571429,0.5721520986804745
0.5,0.0,133,0.011892063262069234,0.020501681457731846,0.9376292611538967,0.01692703016487797,3.776724359409144,0.5442419670607289,5.5,0.5446749742017631
0.5,0.0,134,0.001667584037513985,0.001095766842333612,-1.2951153563608575,0.0011085972350573252,1.1173136436491973,0.599580041571242,5.714285714285714,0.6119507488402592
0.5,0.0,135,0.0038331182776758146,0.002636709884358543,-0.09336394409072568,0.0019281703064537533,-1.4591607843626189,0.6204292639745878,6.25,0.6318645681168681
0.5,0.0,136,0.003386481553196889,0.0019199461602276346,2.7547658421256265,0.0015729417130629845,-1.171347672016471,0.565367794675374,5.785714285714286,0.5614629353843329
0.5,0.0,137,0.0015375321852401141,0.00029278531168914476,-1.1035750352119085,0.0004997328745460817,-0.5794964327104518,0.5338687735124871,5.428571428571429,0.5389195912107454
0.5,0.0,138,0.002420740526503359,0.011100159365304422,-1.9372167870341268,0.009589991229526942,5.867014749399583,0.6157201061212224,6.464285714285714,0.6260134188198574
0.5,0.0,139,0.0008213578294165306,0.0005093796618062875,0.757898799056998,0.0008422290854575032,1.276427396032138,0.5766036651610279,5.678571428571429,0.5877457722522846
0.5,0.0,140,0.004870616485810663,0.003610801327796842,-0.10618596783353003,0.00357213357878213,-1.3945234141133653,0.5942998620633285,5.607142857142857,0.5896840114742338
0.5,0.0,141,0.006498377563325703,0.004990445272501621,1.1817144486466116,0.00503142984909747,-2.3131071368555354,0.5615575175932449,5.357142857142857,0.5794838487801447
0.5,0.0,142,0.0016741046072925548,0.004412328856134795,-0.3329870613838561,0.003499560936769566,2.5802626514835176,0.5770316140248811,5.75,0.5838218683139262
0.5,0.0,143,0.009826100094814938,0.006094138298338858,4.623217814115833,0.006633175098376343,-1.4074356942099182,0.5684202215345198,5.642857142857143,0.5912606803357672
0.5,0.0,144,0.0009200780285960351,0.0025031933884881582,-0.6746632771762032,0.002764892564751377,2.78084501231271,0.5650228816105973,5.071428571428571,0.5702812710521354
0.5,0.0,145,0.004933584594233861,0.005300901609779624,-1.6146534084503894,0.00476844743582421,2.5038477155892074,0.5579889310505041,6.178571428571429,0.5397844954350597
0.5,0.0,146,0.00735819365151709,0.0035086866624254925,2.91119151787467,0.0033651836946548535,-0.8618271163399053,0.586536377323277,6.285714285714286,0.6093235373820347
0.5,0.0,147,0.0029663576371233443,0.0034082975760364852,-1.7042525882826662,0.003530852073451702,0.40956921936050134,0.5195767167072566,5.642857142857143,0.5199913069018363
0.5,0.0,148,0.0061985841441467016,0.0023605189250662842,1.240878035226719,0.002785755866082066,0.5602896197071251,0.5950011594931253,6.5,0.6169944878952108
0.5,0.0,149,0.004237716577829213,0.004214218177198555,2.400209845736877,0.0035013495166688036,-0.46926008776515954,0.5611893261820627,6.142857142857143,0.5586745074202316
0.5,0.0,150,0.0022862575290390546,0.0029249110709688784,0.6239643893787369,0.0031437317100227436,3.201742775533669,0.5982400211743694,5.892857142857143,0.6213426060920758
0.5,0.0,151,0.0027782484635318068,0.0014075594897888257,1.5733461750318156,0.0012558674384153313,-0.04416404318461294,0.5569436530660045,5.642857142857143,0.5687107981830914
0.5,0.0,152,0.0018505868573435033,0.003193568251538848,-0.9207248870230936,0.0022345793578233734,0.41168973287843375,0.5550870056312915,5.5,0.5745584370882535
0.5,0.0,153,0.004219084519250338,0.010822274281135991,-0.18971804041844584,0.006886629099176968,3.0070589561039376,0.5938986238068781,5.964285714285714,0.5982770483826696
0.5,0.0,154,0.007288352190602193,0.0006438111960826949,3.891969568321315,0.0013035316406163244,-1.8152548054663005,0.5960369952036205,6.285714285714286,0.6091240887861382
0.5,0.0,155,0.002935362003972412,0.007561334487152534,-4.576424375618188,0.006263609555676304,2.124227031435538,0.6251253231457868,6.785714285714286,0.671593724588164
0.5,0.0,156,0.0038903287931772957,0.0011988956014248684,-1.6567385912521786,0.001189341974733678,-0.9675297179843767,0.5705798647385628,6.035714285714286,0.599705657163937
0.5,0.0,157,0.0020436141195948215,0.001554311977975187,2.4902542719065175,0.0017883689433414373,2.474502528324166,0.6212504295035435,5.857142857142857,0.6377462447470041
0.5,0.0,158,0.0034722610678231893,0.0025667143177585555,1.1772576249994888,0.0024261453558920075,-0.16659327935722482,0.6049133354925393,6.107142857142857,0.6157968307106139
0.5,0.0,159,0.002082555630927658,0.002059735421075703,0.5461548032629935,0.0014415348065097606,-0.14595935785500083,0.5878037934047968,6.142857142857143,0.6018721925572039
0.5,0.0,160,0.0034394911701494655,0.0027969281522789175,1.8113812557434603,0.0027167423007367106,1.228611029309538,0.5751650639993932,6.178571428571429,0.5702982597393345
0.5,0.0,161,0.002881714850925566,0.002543376935712309,0.8860959117442823,0.002094825939344792,2.9589678163401723,0.6011563941483503,6.392857142857143,0.6148858287045154
0.5,0.0,162,0.007033732994477569,0.013348172625514076,-2.894332636598847,0.012395574944906701,2.3965810405528316,0.5498904884166684,5.357142857142857,0.5722423630256039
0.5,0.0,163,0.0029118153656341604,0.007407810830851398,-1.3823655571615443,0.006384297341372888,2.4389312012082676,0.6094893577337783,5.857142857142857,0.60390549399509
0.5,0.0,164,0.00621732513733921,0.003567034614228845,0.7314630976836156,0.0031254277426817517,-2.8832665404088402,0.5947594491465348,5.464285714285714,0.6007388791452604
0.5,0.0,165,0.005648384529232152,0.004824152253025191,0.6642753351668205,0.005362350363032114,0.18829291945469132,0.5774491326556033,5.607142857142857,0.5903829415555817
0.5,0.0,166,0.001222426051608997,0.004142941538366031,-1.078737728906172,0.002395875948814645,2.4707249852191446,0.5655387450332748,5.5,0.5926078158391708
0.5,0.0,167,0.002268778963755326,0.001668843589672821,1.789223963801381,0.0015619627501623735,-2.853298739397303,0.5969136310632236,6.964285714285714,0.5978507319124257
0.5,0.0,168,0.005829564356583292,0.006890885083782377,-0.10859876214733315,0.006505979837369306,0.5130758003067323,0.5501936162626305,6.142857142857143,0.5715640828997441
0.5,0.0,169,0.0034562692559582933,0.001824975651774269,3.6742855520055193,0.0026284560726328294,1.549839890309812,0.5930740662830328,5.892857142857143,0.6029360424559463
0.5,0.0,170,0.003556225696934979,0.00226287954725805,3.739869591770296,0.003237118234187583,0.5846340851115789,0.5763088134347415,5.928571428571429,0.5854619555726115
0.5,0.0,171,0.0024079355276346347,0.0017852740986089239,-1.0762793511613513,0.0013106454971619635,-6.004214149984942,0.5463643940925009,6.25,0.575303977931283
0.5,0.0,172,0.0028018787488225646,0.0014557773998342548,1.7014962384034316,0.0014578414320166704,0.4298154218153343,0.5979117067176626,7.285714285714286,0.6212030252677654
0.5,0.0,173,0.005119854689071347,0.006033856076015521,0.08801404168623132,0.005050718208143535,0.41680935825088267,0.5922150041646451,6.214285714285714,0.5972163065386011
0.5,0.0,174,0.0020734743933081045,0.0004120070904821102,-0.5243025208789712,0.00039894747123951245,-2.2277408040437856,0.5826268306776562,5.607142857142857,0.5927104621108497
0.5,0.0,175,0.002764647001532818,0.000845559424263259,4.536559431323155,0.00039773608078342535,0.09561142638862445,0.5484372711135796,5.75,0.5534900811137393
0.5,0.0,176,0.0016135754596506343,0.0013104905642610794,2.1436682328043637,0.0011346999984396815,0.9303005908915054,0.5486844396375326,5.642857142857143,0.5678455720890374
0.5,0.0,177,0.001591651048569118,0.0033241937685897574,1.1981813673396384,0.002566918641590552,1.9376349832024762,0.5822177899434262,5.5,0.5952019551816403
0.5,0.0,178,0.0017785234120076814,0.001784323831462718,-0.9332811386920904,0.0017487435004292305,-2.2730303259336324,0.6007334744218966,6.178571428571429,0.5994966530601431
0.5,0.0,179,0.002733193015564454,0.0030073567009173807,-0.10960611388975394,0.003523820684598453,2.753110629681648,0.5913545102494799,6.464285714285714,0.5935369833687039
0.5,0.0,180,0.003746071968699641,0.004887366874938159,0.03930299737977331,0.004944641334391367,0.3715121195406634,0.5922639392798809,6.535714285714286,0.5941741144600277
0.5,0.0,181,0.0027983294455297043,0.006220750628026778,0.4111893435872768,0.003738258421935353,2.2784912186500796,0.5731795769621114,5.142857142857143,0.6025537718478956
0.5,0.0,182,0.0027774438548803224,0.0035479972749824827,1.359966840551105,0.0022057783833890994,-1.697028537756239,0.6336943833134127,5.821428571428571,0.6458489734575702
0.5,0.0,183,0.003635082423410952,0.006822198676035294,-1.0703600447368633,0.006204931283747985,-1.3873928680270164,0.5912505040276855,5.785714285714286,0.604609211888816
0.5,0.0,184,0.0017765099192090343,0.010494926810020145,0.040261090895588346,0.005769443153846065,5.918828621338965,0.6164072787681599,6.928571428571429,0.6365651035034259
0.5,0.0,185,0.0006366138279319747,0.0006586305202921146,-1.6839813906322263,0.0007649714674294144,2.2582610124042524,0.60217168034361,6.821428571428571,0.5959346715272282
0.5,0.0,186,0.004218316921761354,0.004716875802381337,0.9206800436940435,0.0041894083700799575,1.423915340747565,0.5476146080621648,5.714285714285714,0.5511729006238595
0.5,0.0,187,0.0020070241870743517,0.0021601977400329724,-0.7749905258151367,0.0013234698286355296,-4.258606160610706,0.5487534339126914,5.928571428571429,0.5718231176312041
0.5,0.0,188,0.0006302592871051333,0.0002539093805943682,-1.3224294152948535,0.0004088143302100422,0.7904487057262012,0.6055160446474329,5.571428571428571,0.5957224286091786
0.5,0.0,189,0.004613204616648503,0.005377953889834318,1.3993600622242468,0.004969494180165524,-1.6291689977888382,0.5656871921667309,5.928571428571429,0.5746410167933476
0.5,0.0,190,0.0033692579580781603,0.0024833304662632743,-0.8975636967838531,0.0023832479269831402,-3.02350888776301,0.5838094316318508,5.642857142857143,0.5823516679272309
0.5,0.0,191,0.004536317394217879,0.0036638620159620584,1.0511873382626316,0.0032755999140625393,-3.2842538939495682,0.5953388116760293,5.607142857142857,0.5754636655558959
0.5,0.0,192,0.011025862070084082,0.010993700435283643,3.3533767405998276,0.010508918116734196,-1.0638778854504949,0.5632646206081098,6.428571428571429,0.5854981960936168
0.5,0.0,193,0.0013436044535235251,0.0011249415856433957,0.6915539320672602,0.0005707208195670593,-0.3326950874713077,0.5596013184408555,6.285714285714286,0.5666521092694861
0.5,0.0,194,0.004632004831817348,0.010004444703903364,-1.461140865068008,0.0074515563333386195,6.705489864104493,0.5446224366890415,5.392857142857143,0.5604405362730073
0.5,0.0,195,0.001223719496890886,0.0011175334576502076,-0.8828534743672473,0.0010941514791304315,2.3328827373660963,0.576087858081694,5.964285714285714,0.5683460694758549
0.5,0.0,196,0.011872778043856573,0.009517791168822502,1.324066775588155,0.0087572632009624,0.5736863396543109,0.5553017412275274,5.142857142857143,0.5535466597789225
0.5,0.0,197,0.003759526287189901,0.003339103866266109,1.2645987599262487,0.005436166071712983,5.051255315300438,0.5914019131614924,5.678571428571429,0.5895704719235515
0.5,0.0,198,0.002619536235964669,0.0057325198223963,-0.63965359808491,0.003957329485152278,0.2611245530604549,0.5806472132640722,5.428571428571429,0.5820076495260587
0.5,0.0,199,0.0017335691851327782,0.001053232750327129,-0.39264140314935503,0.0017264446653635372,3.205804007967506,0.6261324480072535,6.428571428571429,0.6311054383357654
0.5,0.0,200,0.0007368045378236173,0.0013710269584329773,0.8387121994612224,0.0014321665463823113,-2.140323249429874,0.5958496900497013,6.392857142857143,0.6060733772178919
0.5,0.0,201,0.004499187273499798,0.0009856223178707274,1.6448505709018661,0.0009145672808265865,0.14400130988840942,0.5710993350493692,6.142857142857143,0.5684177760188045
0.5,0.0,202,0.0037955303520608974,0.0018473711928489824,1.8965672190382747,0.0017351328985809732,0.044846352045397,0.564328448257515,6.392857142857143,0.5851388788213789
0.5,0.0,203,0.005326544034500772,0.0032199969206978263,-0.267527312470681,0.0037244135369345842,-1.2301158680447202,0.5888383326852923,6.5,0.5713527955324842
0.5,0.0,204,0.0014369725367329776,0.0007753031519112912,2.6392497812343265,0.0005652343598248729,-0.9463276862362117,0.5872114848657491,6.142857142857143,0.6023869930305796
0.5,0.0,205,0.0023805435006272265,0.0023136621378018786,1.9307603517092293,0.001626026191962061,-2.409310444450616,0.5789402748699732,6.071428571428571,0.5954160186754053
0.5,0.0,206,0.001774426800255813,0.0011351961102641995,-0.7204797304127339,0.0014337871182038765,0.0018261201394219977,0.5761075259682047,5.678571428571429,0.5824354747607077
0.5,0.0,207,0.0029009548911510057,0.0030774881204130296,1.0526592273660829,0.003402271268937816,2.041240003796853,0.5457747025988866,4.857142857142857,0.5586540787501895
0.5,0.0,208,0.0031230072619686075,0.0033237114007475454,-1.5648835846046154,0.0029358696462454172,-4.466231511045227,0.5670170463818222,5.285714285714286,0.5946560439862358
0.5,0.0,209,0.0013321431522584435,0.0025345449361672515,-1.238707022803652,0.002411234879975533,0.5328726867704082,0.5265273461607627,6.642857142857143,0.5391253565002834
0.5,0.0,210,0.0029393585508978924,0.0027383914756489327,-2.2663029057553863,0.002173066314819921,1.4832514729197612,0.6109891725610382,6.428571428571429,0.6427785574261959
0.5,0.0,211,0.004259717675169003,0.005141013313951021,0.984166652231437,0.0036596903655979882,1.0979981207872527,0.5691527313256501,6.142857142857143,0.5784839805505985
0.5,0.0,212,0.001523567353113346,0.0012574399655701173,-1.207144390502549,0.001021321681734833,-0.6063328475227081,0.5328448678164456,6.214285714285714,0.5529825629432243
0.5,0.0,213,0.0007001556545777223,0.0005790317465529697,-3.077895192174234,0.0004032419257617534,-3.528636008463517,0.6266174535141181,5.857142857142857,0.6175904699519988
0.5,0.0,214,0.003156549280626066,0.0041096926395308864,2.206153201512573,0.0024964799578989392,0.21317553406089473,0.585659884389784,6.0,0.5862754109307196
0.5,0.0,215,0.0008696329611140442,0.0012217481342717642,0.02547829583022576,0.0005465663775575128,-1.8014124102120945,0.5743154366171446,6.107142857142857,0.5876929353228256
0.5,0.0,216,0.0027271915146048595,0.0026983020810766034,1.4021989516651938,0.0025700250889835073,-0.27359913716567047,0.5701202702096783,5.714285714285714,0.5891207394297436
0.5,0.0,217,0.0003635328001518088,0.001074294661489107,-0.6874703176704505,0.0007371721381608807,1.54719905368799,0.5154941476829565,5.107142857142857,0.4900300722394888
0.5,0.0,218,0.0008997054816729594,0.0010224703892050694,0.5501320751147034,0.0006977943714224794,1.2416131091776776,0.553174929942109,6.428571428571429,0.5463080809104686
0.5,0.0,219,0.006876075075149651,0.0003472489250794773,5.166652202415254,0.0005639819769036166,-2.4104106721527123,0.5968354245122157,5.642857142857143,0.6202528155039988
0.5,0.0,220,0.00025163197457363977,0.00045169909774313657,-2.7144845758544798,0.0005763074772182964,-1.725262403839101,0.5498907025635004,6.107142857142857,0.5631241252278281
0.5,0.0,221,0.0037904451596225772,0.00531193714111268,0.4828749701382738,0.005195081406410148,0.4675338081081198,0.5839431553494384,6.035714285714286,0.5869820357105324
0.5,0.0,222,0.00255687846334905,0.0031628205226162886,2.341272813777323,0.0033786179719529643,-0.9467191713268525,0.6085433003361667,6.5,0.6128522758058951
0.5,0.0,223,0.0020688165574528085,0.00019090229656480102,1.6851552810439234,0.0007008799053075411,-2.227670793719587,0.605013828554905,5.857142857142857,0.6119555668279255
0.5,0.0,224,0.0019396621782602735,0.00145613865272709,2.107552287546838,0.001339513534829205,-1.1813178055561195,0.580758265719583,6.285714285714286,0.5772461499991142
0.5,0.0,225,0.0010656916322012689,0.0005825224878168923,1.9224601879431873,0.000781013865218306,3.4778338449157125,0.5549190825713652,5.5,0.5671033002355519
0.5,0.0,226,0.0023383957247791053,0.0003687412203409076,0.4679437501920442,0.000396594510948888,-0.6521025962908217,0.554069205047914,5.535714285714286,0.5689044832989614
0.5,0.0,227,0.002683005501812113,0.003218065224504482,-1.143827849556563,0.0023583694916734484,-0.39531190427828733,0.5824273634963071,6.464285714285714,0.5987802011948398
0.5,0.0,228,0.0049457839235826405,0.0003668524504241351,1.3797629957581041,0.0003928235594296582,-1.387628899302096,0.5732406713625522,5.964285714285714,0.5897380654736462
0.5,0.0,229,0.000885932349917332,0.0028522967163547913,0.2249549750056777,0.0018949346828062998,2.335692906416341,0.609725758213935,6.392857142857143,0.6181931710396031
0.5,0.0,230,0.002064326526989457,0.004031749504987992,0.26754055856969217,0.0039970464838775255,2.261586542542034,0.5844364622111211,5.714285714285714,0.6062817677574945
0.5,0.0,231,0.0019880146528438334,0.003831278041907461,-0.874580745526572,0.0033141839462511135,-1.6714620810050274,0.590335395685761,5.607142857142857,0.6068410968976732
0.5,0.0,232,0.00167202484483372,0.004567335453393113,0.09393124745698363,0.00411613524745637,0.5775286540378204,0.5686272295475056,6.392857142857143,0.574392603763298
0.5,0.0,233,0.004238325797735154,0.0037142454941845233,4.068084958654566,0.00296278337923529,2.4006522142753965,0.5760886044478346,5.571428571428571,0.5833879275542228
0.5,0.0,234,0.0031414514189285598,0.0025398180600912307,3.7723627681432768,0.0024613404364027466,6.500380842306877,0.5985695518577773,6.464285714285714,0.6124210307052618
0.5,0.0,235,0.0011247894736528296,0.0004430158062928848,0.09055023820248682,0.0007358140905751186,0.9781432220725227,0.6241929958277613,6.285714285714286,0.6315992368086251
0.5,0.0,236,0.00043035701616681146,0.0004949903570079883,-1.3708705857667287,0.00039892427595606094,-1.6439488764970729,0.5527035592951194,6.392857142857143,0.5695833367552949
0.5,0.0,237,0.0012672653863357547,0.0013559833720386246,1.5424888429533041,0.0011136009318162196,0.6872783405958577,0.5754870862259158,6.0,0.605427092955845
0.5,0.0,238,0.005998038322232696,0.012814468514270908,2.458660546875914,0.009798090082296538,4.2622779949447915,0.6012020705258819,6.107142857142857,0.6218824118208555
0.5,0.0,239,0.0028468332712088154,0.0017575668558803877,1.5724270088537555,0.0018712842584728453,1.5036905175664401,0.5674385277580104,5.964285714285714,0.578637582825445
0.5,0.0,240,0.004570449806385226,0.013057120258093724,-0.643594920617223,0.01125781920727113,8.943908838042509,0.5823548947096242,6.214285714285714,0.5814512272719666
0.5,0.0,241,0.0013496955956293292,0.00031165354839881074,0.2884414793628404,0.0001280125885574522,-1.0969246739574696,0.5900997934865184,6.071428571428571,0.5800061729586863
0.5,0.0,242,0.0006565118780311872,0.0007093289696617382,2.906228199858674,0.0006027590827344024,1.3992804036547664,0.5623239863776935,5.714285714285714,0.5846640203710152
0.5,0.0,243,0.0024576871926988526,0.0007566470285239793,-2.820373945940853,0.0010236606833201592,-3.176483411378522,0.611597345928811,6.821428571428571,0.6328795139320336
0.5,0.0,244,0.0005569171511820537,0.0004889458880354376,1.4604523077697042,0.0003213844532569245,-1.398248839261915,0.5966369986603518,5.571428571428571,0.6002076834320182
0.5,0.0,245,0.0026032077479860123,0.003954110274468092,0.8268103867801339,0.004375475557964121,2.9427112838111213,0.5810922288586633,5.678571428571429,0.6019327040682692
0.5,0.0,246,0.001363553357504554,0.002827975432042903,-2.1854569180516705,0.0016026143758355739,1.0403465600871868,0.5624216369368585,6.357142857142857,0.5563232288548013
0.5,0.0,247,0.0014666931923235603,0.0029966160876551892,2.042947990758582,0.003074566502995871,5.8291813440619835,0.5845244100855804,6.214285714285714,0.5882731256455092
0.5,0.0,248,0.004071715670116337,0.004012417846749573,1.337966846387398,0.0032001681955168763,-1.8616114522268294,0.5872426715764236,5.928571428571429,0.5999576912285582
0.5,0.0,249,0.000870118211156707,0.0033407218654813863,-0.354344871112725,0.0020599663129887156,0.900925536535207,0.6125345979422211,6.0,0.6173359715721831
0.5,0.0,250,0.00608342400190558,0.014216165824733982,-1.605545524707556,0.0107634132009859,4.581895485049917,0.536018176801036,5.892857142857143,0.5713396391068737
0.5,0.0,251,0.004311674655791014,0.003830123710244502,-0.794475462766087,0.003721993612098909,-2.0176249190496285,0.5683671161656532,5.357142857142857,0.5985888999267299
0.5,0.0,252,0.003698263677740148,0.0010680993187007738,1.8457001473940788,0.001163327959789796,-0.39159985445910667,0.5871515102433699,6.5,0.5859022432012448
0.5,0.0,253,0.0017725414259054807,0.003202131819531486,2.261125082018765,0.002072550519497089,0.39795176371790336,0.5383643806859179,5.964285714285714,0.5378736553747034
0.5,0.0,254,0.00538271525246733,0.0046274157667037285,1.9167919809333018,0.003029364351235145,-1.4401482922612463,0.5899524090026099,6.535714285714286,0.5899848993302851
0.5,0.0,255,0.0007686859332866232,0.0005912087049738915,-2.3514139089528214,0.0002857323386368725,-0.9168157837917761,0.5919683270371168,5.892857142857143,0.5982038733090328
0.5,0.0,256,0.002425665124233919,0.0005505850993523445,1.5288530606001416,0.0010136055910293753,-2.636090794146346,0.5921786843550224,6.321428571428571,0.5912294690294446
0.5,0.0,257,0.0008219536037658742,0.0002192729108154714,0.846166750939498,0.00022387975545090926,-2.342637457166726,0.5699352201242011,6.678571428571429,0.5718819091508478
0.5,0.0,258,0.0014890129134628354,0.001061218934858229,-0.3516345621822268,0.0008015595136791669,1.2738835286307524,0.5656493967605668,5.964285714285714,0.5586516043765655
0.5,0.0,259,0.002410814469372978,0.001727248212154337,2.3915246514116384,0.0009168850125480361,0.1647190990313637,0.5193383260956868,5.428571428571429,0.5283173226858957
0.5,0.0,260,0.0015186839448125716,0.0006277759766559631,-2.877160457053473,0.0008706616504390791,-4.078187308851398,0.5783744560110061,6.071428571428571,0.5962643466081248
0.5,0.0,261,0.0010675712252280565,0.004202637625706583,0.5187621054696004,0.0025647370521704508,-2.9187756561876577,0.6127218809685335,6.785714285714286,0.6218287199249002
0.5,0.0,262,0.0013269587070445503,0.0002505703406633587,1.178950470881669,7.296793962620437e-05,0.26322939840697285,0.5694928411835187,5.535714285714286,0.582690948808172
0.5,0.0,263,0.011218713273219256,0.016966359296954923,0.7084122552718668,0.013971904622941286,0.2928861328774606,0.5626078483357375,5.892857142857143,0.5750509279652959
0.5,0.0,264,0.0015958493055149908,0.00036908388711292644,0.4863021042641454,0.0006158568940082326,-2.630301705988605,0.5385171081795622,6.107142857142857,0.5418358718705165
0.5,0.0,265,0.0012443361473911208,0.0015930559432563455,-2.4604510682519276,0.002014242099869485,3.022473308790211,0.5820277847004459,5.821428571428571,0.5918370786305795
0.5,0.0,266,0.0013086246315523568,0.0004525055900246952,-2.6342364151411553,0.0004461695280217989,-5.40984386416153,0.5618144375876856,6.75,0.5921640278771181
0.5,0.0,267,0.0017955347480431284,0.0009361189805469,-1.2008125583454519,0.000859659780981397,-1.0596719990634256,0.5929927794402646,6.0,0.5959173408534308
0.5,0.0,268,0.0008582314632873618,0.0012666896029395632,1.958710038417782,0.000879185619769827,-3.167814519493296,0.5855939102320625,5.821428571428571,0.5936021619909949
0.5,0.0,269,0.0018222331473765354,0.005198167728998277,-2.6466911240349873,0.0036305077639322784,0.25096621324811963,0.5631283607347621,5.642857142857143,0.5806845939025569
0.5,0.0,270,0.0011063670014356778,0.00032792200339546264,-1.034258243417516,0.00032700746451485636,-0.7258175639007618,0.5737392461422267,5.642857142857143,0.5953374221083403
0.5,0.0,271,0.0005876394613709714,0.0007730531077125338,0.35407966740197594,0.00046041973653717034,0.7889906523478487,0.5637328400851894,6.178571428571429,0.5615822685903298
0.5,0.0,272,0.002601068492420552,0.0009517511432095462,0.5336315540612494,0.0014039097016723282,1.6146613523696374,0.5821269933823758,6.25,0.5870280932585988
0.5,0.0,273,0.004292356119130129,0.006448836955825733,1.2004232329310962,0.005636446639222079,-0.6422060178968158,0.5459962748152989,6.107142857142857,0.5646867625803956
0.5,0.0,274,0.0024665752002849496,0.0010429975750257487,1.7412795196967181,0.000880923690512958,-3.3361226507193558,0.5693878769219334,5.892857142857143,0.5827196555655821
0.5,0.0,275,0.002523998895023614,0.0007822702838358982,1.1538721745533753,0.0006121928177725651,0.0032699225746929037,0.5724374100829691,6.214285714285714,0.5672311730480805
0.5,0.0,276,0.007555485357390375,0.009872195079194993,2.4804662798214756,0.009171589976315082,4.1611919330549085,0.5866854055217,6.214285714285714,0.6135848714503306
0.5,0.0,277,0.004278054686869595,0.0041642480844022375,2.80706072866271,0.0029129297389917127,-2.7477237845907134,0.6111932740736377,6.607142857142857,0.6069017592851789
0.5,0.0,278,0.0005935634112806306,0.0003166452839092213,0.26254671530475093,0.00022684699305004324,1.2973027427366806,0.5964732399186655,5.821428571428571,0.5983910204458147
0.5,0.0,279,0.004267011201450872,0.0021539193098545225,2.060435682847583,0.001655610652519279,-3.563475550379375,0.5940616276711443,5.75,0.5976326249300555
0.5,0.0,280,0.0012141278585721272,0.0022048946338183145,1.0162003349113604,0.0016934131736803487,-0.5227204403419515,0.5495416103301229,6.25,0.5540822610842271
0.5,0.0,281,0.002524972517317484,0.002680599318137014,-3.1935161068742466,0.0023726696268293206,1.3482897476372007,0.606599866500055,6.428571428571429,0.6050793328189487
0.5,0.0,282,0.003991187128943206,0.0035933486804973444,2.88479934008339,0.0036292096322651343,2.2359203514933483,0.5799412086516386,5.892857142857143,0.5985474390808836
0.5,0.0,283,0.0016239206357554397,0.0012074415315661386,2.195234147989538,0.0015626201475989995,1.0319448277848267,0.5822719076968771,5.892857142857143,0.5766858451912871
0.5,0.0,284,0.010222992458992396,0.016065001183556173,1.2358950194914182,0.01285873889967682,2.297250175956947,0.6108697940025735,6.0,0.6541336993890827
0.5,0.0,285,0.0033129569571488863,0.00019656595765723994,1.2397068596480285,0.000374239382554813,1.9649458293781,0.5763650584575092,6.071428571428571,0.5911942544682347
0.5,0.0,286,0.0028002732224551015,0.001600621345831629,-0.04995508040660942,0.001533073996692162,-1.5070858452189668,0.5888424651474844,6.178571428571429,0.5863058779132688
0.5,0.0,287,0.0025631082268997778,0.0025470600631167318,2.306006787613285,0.0026519157018965464,2.95978439461922,0.5914341070621327,5.428571428571429,0.6058926976511922
0.5,0.0,288,0.00879363498456459,0.006424119614563879,1.8582776788075346,0.005624349457229577,-2.267767627961869,0.6016474205878681,5.535714285714286,0.62012700466949
0.5,0.0,289,0.001168810807202826,0.0022761502521326258,-2.0401427482433783,0.001876004448249445,-0.8375549095424996,0.5925082536868904,6.571428571428571,0.6146174496921746
0.5,0.0,290,0.0028620929261644655,0.0010270769691634865,3.5882362844396596,0.0007954323158253077,0.9736236310954212,0.5789233592779777,5.5,0.5903874678487963
0.5,0.0,291,0.0017754896735184796,0.0009625963491612944,0.41509207608156845,0.0010177382417213227,-2.3736411436036255,0.5276964579609914,5.75,0.5340034835660177
0.5,0.0,292,0.0013008111978336852,0.0011830456325741033,-1.1681584654086237,0.0008251256398745019,-0.2214142819318757,0.5231376053189113,5.357142857142857,0.5357734352062459
0.5,0.0,293,0.001389388492829903,0.0009552938423498625,-0.20849903716680274,0.0009794066590839447,-1.5334306566876041,0.5834654665209767,5.75,0.5969258593322315
0.5,0.0,294,0.001841324549238856,0.004532065805800479,-0.01985615386756952,0.003617175801533732,1.1209625023432181,0.5848879454153301,4.892857142857143,0.5905507463326929
0.5,0.0,295,0.0017683586184181952,0.0005367716604201724,1.3728971922351245,0.0005751296194397896,0.3900122821508016,0.546077317826555,6.392857142857143,0.5580993060785135
0.5,0.0,296,0.0016524758422521814,0.0020114961458420942,2.824907601388778,0.0013342608811359761,3.1847569496725137,0.557029262164448,6.0,0.5715966118603135
0.5,0.0,297,0.011870476731842912,0.01785069669497746,3.773883419911518,0.017442648984352355,3.507208891363708,0.5119966767302133,5.857142857142857,0.5333174483911168
0.5,0.0,298,0.000886417607288306,0.00440341823475345,-2.3700003817538025,0.0028063328618829065,3.695827320296407,0.5870388915073954,5.928571428571429,0.5911748718748467
0.5,0.0,299,0.0024719194871508665,0.0010023081170009854,-0.8627999231530623,0.0006917384445677739,-1.1081046942264738,0.5836445657591663,5.821428571428571,0.574610298350064
0.5,0.1,0,0.0033983652935144068,0.0025604941954361676,1.9867731132014417,0.0014590945766912952,2.309092057321569,0.5554575856105867,5.892857142857143,0.5501884217912432
0.5,0.1,1,0.002762750710168674,0.0007354660695862271,-0.8402535860830369,0.0006476455732286546,-4.514124544486255,0.5566734001431921,5.107142857142857,0.5433282410355342
0.5,0.1,2,0.008918658080647231,0.002799122325065696,1.6309394784600026,0.0029100033586575095,-1.2437505416076722,0.5827624708432115,6.107142857142857,0.60022224803774
0.5,0.1,3,0.004865483943040909,0.004392203194819637,1.5388519488304933,0.003698367527234982,1.2804365039300194,0.5561535991521965,5.75,0.5578685053582837
0.5,0.1,4,0.0032971643100269676,0.007795107419536197,-0.08994767995170605,0.006768407944127053,-1.3733665539908866,0.5587536807075106,6.642857142857143,0.5823551481437916
0.5,0.1,5,0.0011542145910072251,0.000986670165750225,0.4131493217564544,0.0009122151682344918,-0.37419689208317664,0.5535175657638479,5.5,0.5562567828704102
0.5,0.1,6,0.0008506553328018169,0.004581447570301529,-1.1244469911896904,0.003265113207338658,-0.22158557405356305,0.51872840757081,6.285714285714286,0.5310892045336901
0.5,0.1,7,0.02740006018895992,0.018109007852367985,7.192431545909595,0.022131595703055167,-1.8471721392882994,0.7052349679425277,6.535714285714286,0.7355592097717681
0.5,0.1,8,0.037368777929192805,0.022495399901791138,10.859781628818098,0.024687142053522983,-4.4964439888502925,0.6686130517920564,6.714285714285714,0.7144904313432205
0.5,0.1,9,0.0018316480722635803,0.006393285285928343,-2.225709563381694,0.006173959899474926,4.778704133190871,0.5264370317170969,5.642857142857143,0.523823266737361
0.5,0.1,10,0.009166354927656854,0.011435468223464265,3.016180934717198,0.007889057691814473,1.0397094145477865,0.5847308398217786,6.714285714285714,0.6016260627906205
0.5,0.1,11,0.0007758377875072061,0.0005916748044923288,-0.4104020207129698,0.0004883405490240686,-0.16816490914045326,0.5713457021109014,6.25,0.5853964550805808
0.5,0.1,12,0.002846181462911283,0.002787962392309472,0.7546585555527466,0.0020476877754477254,0.8431736655253985,0.5874692841166199,6.964285714285714,0.5987534357142972
0.5,0.1,13,0.0024052069213333265,0.005835387339603842,-1.5922765684923565,0.0056225620937190805,-0.7393307989472078,0.5840532473638096,7.714285714285714,0.6313313908930407
0.5,0.1,14,0.0055001549965592806,0.0011256372670208497,7.655413131648193,0.0019012046476850003,0.3482580606317451,0.5865988674184076,5.75,0.5954631323585552
0.5,0.1,15,0.0043805156136321995,0.003389335005885041,-0.008798186984980324,0.004148463004163461,2.774129776933705,0.5462925825711119,5.75,0.5659263432985898
0.5,0.1,16,0.002121193974057864,0.002165880548428305,0.2679182085508387,0.0014875147882894727,-0.28953946776067596,0.5750450846554385,5.464285714285714,0.5909783703987546
0.5,0.1,17,0.002834093661503373,0.0029455115900572843,-1.4662767492958817,0.0031613169450648,-0.8714150639953099,0.6181185267167569,6.071428571428571,0.6286436377484627
0.5,0.1,18,0.005879167095467575,0.004707367830413983,2.205621887801423,0.005948203724385669,4.315232285125148,0.5504010588843984,5.5,0.5570760721175505
0.5,0.1,19,0.0015277743847811505,0.0011872969863358095,-0.9347317324252534,0.000628447438315066,-1.9340539783802626,0.6109536924407244,7.0,0.6245497161785325
0.5,0.1,20,0.0038410779096259362,0.008897021668420668,0.12201794694054986,0.006944622679997684,2.7565373725061115,0.5203310666640275,5.428571428571429,0.5209764898245082
0.5,0.1,21,0.01416169612398727,0.018271361079280356,2.769038117227211,0.014818812903410786,0.16288219797358275,0.5616711157353607,5.892857142857143,0.5935871145806635
0.5,0.1,22,0.0029517175878730753,0.0026936084767810887,-1.473700413140487,0.0020687005444777248,0.23402252507449361,0.570454306972939,5.821428571428571,0.5796779965837651
0.5,0.1,23,0.004617235194816052,0.0065396590531525455,0.6756324559804909,0.007239642427404746,7.612839325351966,0.5773202751098979,5.535714285714286,0.6103187485587843
0.5,0.1,24,0.005326130024334505,0.0037938979515651176,0.5606502003821561,0.0026987263766174445,-2.25770746876673,0.5628068385053061,6.285714285714286,0.581839201009468
0.5,0.1,25,0.0007226049430248877,0.0008115532009792025,-1.584241380143851,0.0007808818666593671,0.9075602336868371,0.5472099822982569,5.607142857142857,0.5637281640865378
0.5,0.1,26,0.0018145954692010834,0.005584908193018058,-1.560155600278648,0.0044334502020731085,0.8026339157414762,0.545013069440207,6.285714285714286,0.558735904073081
0.5,0.1,27,0.0008025917756605481,0.001298182088711652,0.42811484271763334,0.0008952991336562094,2.4950131690206945,0.6194876880536725,5.821428571428571,0.6320662597425128
0.5,0.1,28,0.0011389917443383496,0.0005610600438386351,0.6580355076626935,0.0012124597634530635,1.9646320694108492,0.6029729551128351,6.642857142857143,0.6040188022018969
0.5,0.1,29,0.002918054595121056,0.0032280711357959265,-2.5648607148487295,0.002770990418290096,-2.872506959824733,0.5377064427116813,5.571428571428571,0.5692721893012903
0.5,0.1,30,0.0004392666579144202,0.0004301710595607076,-1.1901466979633142,0.00019495890989523594,-0.14534860160785948,0.5855023085904555,5.607142857142857,0.5824431694591725
0.5,0.1,31,0.0005546380503659563,0.0009377085323464063,-1.456256690620923,0.0006489201151122207,0.16748997885988123,0.6188371428935315,6.642857142857143,0.6411881286332902
0.5,0.1,32,0.0011308917208845647,0.0008323801615705087,-1.8944567370231293,0.0009878944459241355,-3.175165348258446,0.5541338980955055,5.535714285714286,0.5718670126169568
0.5,0.1,33,0.022013606319582726,0.02407412722318024,6.835361395357438,0.02462990419480545,10.624139887793158,0.646909429835312,5.964285714285714,0.6932055173844587
0.5,0.1,34,0.0037516851621194093,0.00485479999813594,0.8038417922638909,0.004446742718201566,0.6816361956859964,0.6000201570105498,5.857142857142857,0.6200858254596662
0.5,0.1,35,0.003889583718602294,0.0021905691825621046,2.2015458322223744,0.0027037366510206298,4.397611748880517,0.6111189337729901,6.321428571428571,0.6193096969329349
0.5,0.1,36,0.009038744422589073,0.012165677173085735,-1.8565567105452487,0.012116521926575636,3.127873552464384,0.5736753972434049,5.357142857142857,0.5932238041119675
0.5,0.1,37,0.001079365922359035,0.0017467428072783164,-0.5578510529720404,0.001151512522394849,-0.7108994882720007,0.6345134169374346,7.035714285714286,0.6539123435340275
0.5,0.1,38,0.001665589574204938,0.0021413029964264794,0.07606352050119843,0.0014082451740144999,-0.039835330529437364,0.6648020978187168,6.321428571428571,0.6911650744617228
0.5,0.1,39,0.003698670849018237,0.005984774973173269,-0.5942280641399501,0.004451828194802549,5.000044424187801,0.5566992223131042,6.142857142857143,0.5819979029080031
0.5,0.1,40,0.003288643990172318,0.0031924297815640683,3.4354589179881336,0.0023507209718349946,0.30072591318627434,0.5596307985342891,6.071428571428571,0.5764808342839514
0.5,0.1,41,0.0026452740131933834,0.0010952651614396498,1.0462070695913799,0.0004373707993915537,-2.705698212747573,0.5947906320493394,6.821428571428571,0.5934674192712093
0.5,0.1,42,0.002339724254337978,0.0006449250326129058,-0.7732172835997252,0.000717898828868113,-0.3697263796974255,0.563831486899486,6.642857142857143,0.5650465123650963
0.5,0.1,43,0.005897333335900088,0.0046804116104038505,4.440262555243777,0.005794030313269773,1.298561398088869,0.5998236667459719,6.392857142857143,0.6069904142816098
0.5,0.1,44,0.00794721203259116,0.0058552788030400895,3.6722656015518,0.004392179602150109,-2.1581659052339623,0.5520104726591182,5.392857142857143,0.560770000126887
0.5,0.1,45,0.0019140648576469895,0.005270599985608981,0.7767722418766899,0.002935863513647547,4.74178360500332,0.602459281853469,5.642857142857143,0.6217816766507559
0.5,0.1,46,0.0026009130267650948,0.00581890963211475,-1.0956502553099103,0.0050801271974640905,0.7973579172115137,0.5323235825141417,6.0,0.5313662036199976
0.5,0.1,47,0.0021358774930968173,0.004237560914056161,0.1749990411586945,0.004045599475137196,2.4959916502908848,0.5585864752193426,5.714285714285714,0.5856959045812329
0.5,0.1,48,0.004242625399187318,0.0028062247024598238,1.8614035109086633,0.003956434802639968,-2.6769816404519418,0.6794918458464442,6.035714285714286,0.7086241541684437
0.5,0.1,49,0.0010458404174826623,0.0010079282330120781,-0.3342173181750449,0.0009177916915294548,-4.316328361008648,0.5844126846203911,6.857142857142857,0.5732742170605336
0.5,0.1,50,0.004311650428531322,0.0028307356874295773,4.216697961469303,0.003181384627045294,2.906305960687225,0.585827247379589,6.0,0.6025306475187834
0.5,0.1,51,0.0017637317766882143,0.0008431589726909186,1.8939611881308924,0.0008534800890600323,-3.433644298262408,0.5883052787396295,5.607142857142857,0.5879614450947481
0.5,0.1,52,0.0023599433199150057,0.0024729492964787755,0.43854680701565485,0.0022858864742236456,-1.6684503900635832,0.5935617882378271,5.678571428571429,0.5959864623800333
0.5,0.1,53,0.005806433105609442,0.0007987188631573197,0.04570667273901563,0.0009351332802341925,-0.7682544355508393,0.6022229837277536,6.392857142857143,0.596535924201004
0.5,0.1,54,0.004186915081790876,0.0022721429513194494,3.162744050496675,0.0016283295661309305,-1.1171952726707464,0.5369998398264169,5.928571428571429,0.5421086866502076
0.5,0.1,55,0.0028430648095292836,0.0039097240873857695,-0.6084159843053006,0.003388054454079974,-0.363830276724201,0.6018198714600623,6.428571428571429,0.6124697738539688
0.5,0.1,56,0.002055016278809809,0.0030781839580879557,-1.1474450688700888,0.0029144472771880227,0.0218692530242303,0.5687666495041622,5.535714285714286,0.5819337502455073
0.5,0.1,57,0.0035397795134873293,0.0029849826331736456,4.01729213770786,0.0027230123410590555,-1.2475533424179066,0.5967165630944516,7.178571428571429,0.623100266331619
0.5,0.1,58,0.0046230327133229806,0.004301688319889175,1.8681936065972877,0.002789752914929442,-1.5129924298743258,0.5984836511976068,5.678571428571429,0.6202369935946062
0.5,0.1,59,0.0011051068452917116,0.002085762658468672,1.0768748681353582,0.001841046770920154,1.2588370826821536,0.5605680158651293,5.714285714285714,0.5825482398123287
0.5,0.1,60,0.003158124385682088,0.003435927349495121,-0.10307441768898684,0.0032954305664829224,2.7911883772472095,0.6148769021500496,6.821428571428571,0.6316742123411184
0.5,0.1,61,0.005197552009600851,0.008172165503978741,-0.8192473770718607,0.007846041610777225,4.52714469845201,0.5680899333755994,6.142857142857143,0.5811391544424604
0.5,0.1,62,0.00323395059277994,0.0030081101916909314,1.3449014493687912,0.0026077296507836913,5.109994410251962,0.5908294846746018,5.892857142857143,0.6179358965332823
0.5,0.1,63,0.004243382344608306,0.007956413135064396,1.395720133135929,0.0059252364722405864,4.633450036178867,0.5600553719095547,6.392857142857143,0.5600122181753194
0.5,0.1,64,0.0023116645364676465,0.003972426681605931,-2.5489885499805873,0.0029288958375055657,0.9913168410314294,0.5802112227078334,6.0,0.6000339743568692
0.5,0.1,65,0.0171583812216109,0.014885248446891442,3.7241796730153376,0.014897137375897413,0.49984643481766017,0.5954349006803005,6.5,0.6125309291045133
0.5,0.1,66,0.0021786400148567585,0.0002337262854421977,-0.9578365420235571,0.00019620116963956969,-0.1397745859887891,0.5676834227165005,5.892857142857143,0.5670443176057502
0.5,0.1,67,0.002904611445171349,0.003954142990188745,1.323637253465364,0.0038447373453811304,0.48624670268773684,0.6200056423949978,6.178571428571429,0.6470668380267633
0.5,0.1,68,0.004375554993633299,0.006589126351971379,-0.03450342880706595,0.005177763361266279,-1.2792126177351122,0.5878095562131403,6.142857142857143,0.5913480176779511
0.5,0.1,69,0.005503251788410957,0.003743818809070285,-0.7665865345547047,0.0039581746905806734,0.13055543029389582,0.5239976765941571,6.107142857142857,0.525187400986393
0.5,0.1,70,0.005020018336213326,0.006500898428817691,-0.043200400191636845,0.006799317006810452,4.802540219643902,0.5549024041144239,6.285714285714286,0.5475970485168491
0.5,0.1,71,0.0007594561718621532,0.0013355490642305212,-0.5256846951912166,0.0012257355542673722,-0.8712069517954338,0.5813204436537145,5.5,0.5744911260789369
0.5,0.1,72,0.006135523399205659,0.0030145984128272297,0.2404119857965933,0.0031365977007323117,-3.51027901172831,0.546641690068313,5.607142857142857,0.5347444377652562
0.5,0.1,73,0.0017156156337734551,0.00121376243515226,-0.278657976089742,0.001271621384533555,-1.015397750026229,0.5385577794145855,6.642857142857143,0.561513026362575
0.5,0.1,74,0.0005248482021156275,0.0008919170639620047,1.1074264767206519,0.001169576180565823,2.561660407604118,0.5420509057281986,6.071428571428571,0.5347703181040145
0.5,0.1,75,0.003200144693625967,0.0019204354009284069,0.16167925077214326,0.0014301345789050968,1.689722025198326,0.5493548108944785,5.964285714285714,0.5253795270457109
0.5,0.1,76,0.003792230942653736,0.0007091560624920053,2.9775735439928988,0.0006884175183831928,-0.9378773601168197,0.579733449530476,6.321428571428571,0.5792269866694277
0.5,0.1,77,0.0032692738934149554,0.00033545032660269763,2.052784370039234,7.819403291068083e-05,-2.5426267788872017,0.4797322676198018,4.964285714285714,0.47533120660249795
0.5,0.1,78,0.0034630809753124856,0.002847741341992196,0.309629170789331,0.002423971495699887,-1.1198799751309803,0.6087730598402171,5.571428571428571,0.6330410623660793
0.5,0.1,79,0.005280737707347296,0.007190932031238122,0.2567073744445357,0.0067521372309250595,2.804385777075017,0.6217994242530163,5.892857142857143,0.6346531670742686
0.5,0.1,80,0.0021064928099732215,0.002143415378866044,-0.06148743223807666,0.002916501854940543,-0.47214217197477143,0.5766851161969203,6.178571428571429,0.5808394836563624
0.5,0.1,81,0.004361811107845994,0.002574293844374382,1.2725054313325568,0.0031640580033944683,-0.4650879194487345,0.5736751549891693,6.357142857142857,0.5640821604496412
0.5,0.1,82,0.0016885908098584449,0.000927322906986659,-0.8902963774362908,0.0008256046399721802,-2.655832268647108,0.564086600589032,6.178571428571429,0.5820123971047193
0.5,0.1,83,0.0036439312892788886,0.002424505084979281,3.647416408867097,0.001714085239194922,-3.005018711710951,0.5832107013734168,6.607142857142857,0.5935949199218514
0.5,0.1,84,0.0025390797576218455,0.0007837998491909757,-0.5161687987609014,0.0007418948249364965,-5.4150100161643495,0.5908220767274023,6.714285714285714,0.6107683704098691
0.5,0.1,85,0.0035030622280450814,0.0035461284283080114,2.2479747450090883,0.0028463817560987065,-1.7360319227561452,0.5873300303761485,6.071428571428571,0.5835197030373453
0.5,0.1,86,0.0006917232987581725,0.0004035712578371754,-1.631656848807097,0.000385428440900943,-4.358006584995176,0.5938189736873646,5.892857142857143,0.5903176724074264
0.5,0.1,87,0.003878102836464045,0.004046736988602737,3.3233807106679385,0.002849024566472997,-0.37508740264684093,0.605506915822175,6.857142857142857,0.614922541971701
0.5,0.1,88,0.001414958669906777,0.0004098386698620194,1.527335119531718,0.00031813367619632296,-0.6463613063846291,0.5850935414238718,5.892857142857143,0.6020966967006506
0.5,0.1,89,0.00215796942712252,0.0005700991934756922,0.8216313457742596,0.0007018242640175049,-2.3062546376805906,0.5687648420215525,5.785714285714286,0.5715960586466984
0.5,0.1,90,0.0009696833327404213,0.00045410058882429236,0.026177730970507202,0.0002217698328996143,-1.465453151882637,0.5370359058408204,5.642857142857143,0.5295202303706217
0.5,0.1,91,0.0022817252771474765,0.001036848346356902,0.8622898666246499,0.001089819278536787,0.15542922602383177,0.5616374754445574,6.285714285714286,0.5726720188943974
0.5,0.1,92,0.003830173282895437,0.002098743952969356,2.9943447316155223,0.002154935064140011,-1.7907812979073015,0.6370920871783919,6.821428571428571,0.6817171917583382
0.5,0.1,93,0.023707845460154687,0.013047160080632654,8.8067416604457,0.015090716702622289,-0.8279719927634517,0.6995585793380309,6.321428571428571,0.7341470867562316
0.5,0.1,94,0.016401424417143363,0.013060487256939007,3.8276992928448315,0.013435980864990224,-3.342493870349339,0.6907608329721333,5.357142857142857,0.7092199350566444
0.5,0.1,95,0.0008079895486982603,0.0020534955035549935,-0.847407457866647,0.0011519480502654702,0.5219360468067104,0.5675191214263107,5.678571428571429,0.5719493207444579
0.5,0.1,96,0.0067726113850725715,0.006479811554260884,0.07664099883814401,0.006491674409478677,3.3991914880809304,0.6149337416561595,5.571428571428571,0.641648885165683
0.5,0.1,97,0.0005093017101798651,0.001414354350917262,-3.3506009931656138,0.0008728391261917238,-1.0711769976223309,0.5729077885158872,5.964285714285714,0.5773791526106195
0.5,0.1,98,0.0027941293448785457,0.00035717087194302773,1.4711844978881932,0.00032062222290465026,-0.8739298551936278,0.5640077491885279,5.428571428571429,0.5713093934097704
0.5,0.1,99,0.0013773489041621625,0.0004032796618806581,0.5581527610969866,0.0001936106513291837,-1.4016628677321041,0.5703000966464379,5.535714285714286,0.5967099752627514
0.5,0.1,100,0.008233321511979322,0.004383811505073723,2.481530137986075,0.005635859615752003,-0.22221996625004672,0.6110434754412982,5.214285714285714,0.6100326465939008
0.5,0.1,101,0.005931923977572845,0.00437029549712611,2.829067435041632,0.0049353877644140905,0.1626386804923262,0.6179868557501086,6.214285714285714,0.6253650021707851
0.5,0.1,102,0.027306998473963884,0.029459236419467093,10.36920198840871,0.0247568130377426,8.41059337699148,0.6271949738806234,7.0,0.6760716971081426
0.5,0.1,103,0.0013376209674458917,0.0015499678716548143,-0.46733354825150286,0.0015981657782936727,0.48291144125429736,0.5820718600531494,5.678571428571429,0.5734209796034113
0.5,0.1,104,0.002409932606049937,0.0015342110346737948,1.0552496714038189,0.0014393222893010443,2.2830408049221185,0.5951822002248209,5.464285714285714,0.6145604888066754
0.5,0.1,105,0.022894816334411188,0.025156929479756143,0.49824998858640396,0.0278945736280361,-1.0177811906184029,0.6750744627109818,7.321428571428571,0.6970542747970245
0.5,0.1,106,0.009542155995406221,0.0011206443612939427,10.902806853522586,0.0014582715905417424,-2.4943649761691993,0.5446750716798937,5.107142857142857,0.5546790377569348
0.5,0.1,107,0.002025364513716739,0.0010082226025404364,-1.4271979669756831,0.000941069707060943,-1.370538610178869,0.5727676581038951,5.785714285714286,0.5979047859118379
0.5,0.1,108,0.0026505159576898796,0.004600636356748301,-1.851959255685178,0.004167431811147958,-0.06680770366538506,0.5820365155471733,5.285714285714286,0.5829025178114542
0.5,0.1,109,0.003702545247875208,0.0029483345509599998,3.6344459325998173,0.00321813689974945,7.164645943552557,0.5867088128611905,5.857142857142857,0.5989407940780958
0.5,0.1,110,0.0038754755443810374,0.005789245528892096,1.4994055598622442,0.004493739628122607,1.681303199498738,0.617574080787663,5.678571428571429,0.6427855782098933
0.5,0.1,111,0.007047984935990455,0.007904310191302982,-3.355027194346898,0.007744304459612429,-1.933116860014631,0.6459736949845071,6.464285714285714,0.6445877972915275
0.5,0.1,112,0.001754797515621321,0.0014774934619197274,-0.5626530051047022,0.001646993000294971,-2.085008507660234,0.5856186945544678,6.464285714285714,0.586655498859598
0.5,0.1,113,0.0019553949761590473,0.0038769160484090318,1.048377486684738,0.002694301453821574,2.02757335746954,0.6155610245119202,6.071428571428571,0.6424098455809304
0.5,0.1,114,0.0015419122095735043,0.0013085793613701437,-1.3476232539968198,0.002732676541813449,3.5645113448894867,0.5835780024984695,5.892857142857143,0.6017429417398521
0.5,0.1,115,0.011834795856137873,0.009201629752466443,2.6302428471872568,0.009417520705475477,-1.5408557671307979,0.647814169819376,7.107142857142857,0.6685334675704493
0.5,0.1,116,0.0022245857536976506,3.162075301042104e-05,-0.8611430251167084,0.0003132678061728032,-1.109538392592403,0.5491153528908821,5.178571428571429,0.5519960824831642
0.5,0.1,117,0.0036443885028814797,0.0014547469986698188,1.4949461457460131,0.0017204907162966432,-1.7467632749126,0.5691322018820829,5.928571428571429,0.576173649851117
0.5,0.1,118,0.004917434892391963,0.0033786391470058616,-0.768880715105477,0.003470982970648013,1.6133940391547128,0.5710156615853184,5.928571428571429,0.5817752293987009
0.5,0.1,119,0.0072348822339149965,0.012788612082915686,2.4441086387034168,0.009660971043445425,3.2062551233409997,0.5758070292664111,6.357142857142857,0.589274804392341
0.5,0.1,120,0.0017482005624082366,0.0014366288240808133,-0.2808612205402312,0.0010887121325797288,-1.96376466976803,0.5966847877675034,7.285714285714286,0.5965284507879851
0.5,0.1,121,0.0028043208342648264,0.0026197757169148512,0.3906944097437872,0.0025407064965921643,-0.9012036356687929,0.5982763353152665,6.607142857142857,0.6228996107241987
0.5,0.1,122,0.0019291967703767036,0.0014432993751998372,1.6300453292824197,0.0010691072239558026,1.659476961449305,0.5872665034347421,6.857142857142857,0.5759970338898811
0.5,0.1,123,0.002140229574937859,0.00239250568288839,0.958464041311809,0.001994062515174841,1.635497932997377,0.5946211267435096,6.071428571428571,0.5806634812593179
0.5,0.1,124,0.000913383153981871,0.0011535335140917455,-0.6722163718746023,0.0011122519224521822,-2.3690570414736007,0.5151315860188782,6.178571428571429,0.5331910742845638
0.5,0.1,125,0.0041946920142358155,0.0025706992445261624,2.1584652820657673,0.002833496357330427,3.2640805077716664,0.588245049092197,6.0,0.6064828659358068
0.5,0.1,126,0.0068291594705980185,0.006958075231175205,2.3574065747304283,0.0050544619854666515,0.298165079179095,0.5535013413439561,6.107142857142857,0.5557795606891456
0.5,0.1,127,0.0013338384394445623,0.0022872288466078234,-3.2787232133769066,0.0018983252350610587,-1.3812900591446653,0.5285709018268981,5.357142857142857,0.5335880301994886
0.5,0.1,128,0.0011420888857709439,0.00256897849135936,0.4492288621462232,0.0019122308516618981,-1.3488262602598127,0.5725033048984287,5.285714285714286,0.5923292979300291
0.5,0.1,129,0.01004802262240974,0.012440402647661036,1.6378982737261556,0.011067881776063394,5.8117813238444755,0.5386523395737735,6.035714285714286,0.5408535254249258
0.5,0.1,130,0.0016378508009458376,0.0009493303579974962,1.2976071998808625,0.00046317559456843444,1.3738853408843756,0.5919575192450547,5.392857142857143,0.5926271179651239
0.5,0.1,131,0.0077950844993282765,0.0008450777604507479,2.1805195144059724,0.0010188125567918308,-0.1269827740459751,0.6000838407040476,7.071428571428571,0.6076771133128489
0.5,0.1,132,0.00252702954596268,0.005208651553339294,0.0785229937596436,0.00449687413134904,-0.916673967033328,0.5652704503295466,5.75,0.5741586446962472
0.5,0.1,133,0.000536776504614532,0.0012459429535824765,-0.610034457171101,0.0012338004819429597,0.27888794934996025,0.594855868666399,6.321428571428571,0.6158316328762198
0.5,0.1,134,0.011435001220856755,0.0022480742220047922,5.07676280962508,0.002478957205277075,-5.040376729406812,0.5585048217185576,5.785714285714286,0.5701390850946193
0.5,0.1,135,0.00292368672143487,0.001934033031025532,-1.4686624626967937,0.0020909448999465725,0.456319283847525,0.609142770314628,6.142857142857143,0.6347225400616051
0.5,0.1,136,0.005301237114568969,0.0030573021158844193,2.573912739422269,0.0037075988332582904,0.44939048479293814,0.5998137278363093,5.607142857142857,0.608294268363452
0.5,0.1,137,0.005595529266060177,0.0027170009159074235,4.596249567785463,0.003007209873783665,0.28809915909174794,0.6250241789845289,6.464285714285714,0.630912507602098
0.5,0.1,138,0.0031038265566353867,0.005158568570921126,2.8929011873120203,0.0033823928446397537,0.35948473142604104,0.6054939352231753,6.0,0.6247440953260284
0.5,0.1,139,0.00039477313688477224,0.0005608075122801058,-0.7709209102760042,0.00045484688236844964,-1.0473525576205134,0.5647613528813389,6.464285714285714,0.5871695147754832
0.5,0.1,140,0.002764718543511984,0.007965138773019704,-0.49409805378521315,0.005174358447231188,4.346086450678276,0.5426912706517198,5.571428571428571,0.5804937251469099
0.5,0.1,141,0.004613292470588874,0.0029916492932118297,2.7882948037443214,0.003401128201293594,-1.14971710641431,0.6012951426497956,5.928571428571429,0.6143105770706505
0.5,0.1,142,0.00040095499589779996,0.0006592779684156761,-0.6780405187320563,0.0008269230607671291,0.044902635261432046,0.5745033092516847,5.607142857142857,0.5676223353076907
0.5,0.1,143,0.0010388863924404633,0.00024003477007082373,-1.2699712032720072,0.00024896517662622295,-2.2046267709267604,0.5613597888346185,6.464285714285714,0.5684659357786084
0.5,0.1,144,0.0017380980465755095,0.0012085855567149201,-0.20351614398275805,0.0013434967013971847,3.1595765924800503,0.5593036008578426,4.5,0.5581498094523597
0.5,0.1,145,0.002460481320750452,0.003810678437915396,0.6301218490608088,0.003946403939960054,1.728259824700918,0.5938593788973237,6.285714285714286,0.5961183585643082
0.5,0.1,146,0.002518263022642338,0.0009917692282817262,0.6038079103360587,0.0007703687810657778,-2.5269380206883625,0.5611895982216769,5.035714285714286,0.5771854172026027
0.5,0.1,147,0.0013915344731789748,0.0018073841114133985,-0.8001090718543935,0.0017363623025216097,-1.3328488376770433,0.5670005572914608,5.892857142857143,0.6020812771284327
0.5,0.1,148,0.0018898782344753556,0.0029962210787804694,2.3999910970936376,0.0035429714511031225,-0.6583007623740684,0.6404531745973729,6.607142857142857,0.6553204029441002
0.5,0.1,149,0.004250885616910987,0.0018280141417786437,4.407715675622427,0.0018466269494489041,-2.8521458265112094,0.6605385983390029,6.535714285714286,0.6696849263889688
0.5,0.1,150,0.0026176803832720255,0.0019250331662512344,-0.2479365940618834,0.002384222385674375,0.44243589427437274,0.6153146851012862,5.535714285714286,0.6185770308794938
0.5,0.1,151,0.00614897212820524,0.0018357521040629477,0.7382477999060768,0.0020473414230313684,-0.8407943645641183,0.5725507992973914,6.571428571428571,0.5882491765251889
0.5,0.1,152,0.00458283336403295,0.0049375539593162696,2.068363513325304,0.004100314090341215,0.19069633899646496,0.5692894478456325,5.357142857142857,0.5764454185541541
0.5,0.1,153,0.001567032229494066,0.0003120282255801966,-0.4663637256744077,0.0002426049839784632,-0.5648196800811812,0.6309295185109928,6.964285714285714,0.6422995448445039
0.5,0.1,154,0.0014023252031967078,0.0025722674245031232,-0.25330775538735867,0.002133346696097826,-0.15521123304575704,0.5605790143886494,5.464285714285714,0.5724937935844632
0.5,0.1,155,0.00235612569966823,0.0015653201664029897,3.82314852140207,0.001442554013049411,3.1424213558525005,0.5929460325331861,6.285714285714286,0.6031720232672997
0.5,0.1,156,0.005235135434322498,0.0002267499251609812,4.01581203843952,7.496137453868452e-05,0.31599084328169624,0.567772266856782,5.357142857142857,0.5695507776194374
0.5,0.1,157,0.0037055238304559823,0.003166659707551387,-2.760821278846995,0.003389001284417843,0.9554603634416878,0.6065158036788668,5.25,0.588820776949194
0.5,0.1,158,0.0031098395168159257,0.007252074997156662,-0.8369750817370895,0.005791254093903961,2.99515978445037,0.5957358450325482,6.607142857142857,0.6120175569281076
0.5,0.1,159,0.00712567568284773,0.001216906538121889,5.256001167588683,0.0022059283167237364,-3.181988880637116,0.5595189280849875,5.535714285714286,0.5717118009934117
0.5,0.1,160,0.006326240884346678,0.008639143410534778,4.33192922686888,0.007320180211885884,1.0017317270442259,0.5661738186819797,6.678571428571429,0.5816578374695716
0.5,0.1,161,0.004040066668671493,0.003508292495157614,0.2952295305419265,0.003841554502368171,1.9773024326113766,0.5024656512414107,5.75,0.5228761650282685
0.5,0.1,162,0.00033760082905348577,0.00017940246114464135,-0.2362603613832069,0.00019901046125141603,-0.5926547727033551,0.5658858748561281,5.642857142857143,0.5779072000354701
0.5,0.1,163,0.0010371232799022269,0.0007609193876969281,-0.3410459224468525,0.0006643930338880317,-1.5361200066436804,0.5972602084664455,6.107142857142857,0.599487851934448
0.5,0.1,164,0.008166680368359802,0.019355361360943422,-0.4546736096821557,0.017514744724939614,4.826544349467317,0.5575073685942094,6.607142857142857,0.5677862474726374
0.5,0.1,165,0.0018279124101162007,0.0013054985693030773,1.9629905925973314,0.0010295071205366363,1.8885947822954847,0.5763630844872188,5.928571428571429,0.583510207880024
0.5,0.1,166,0.0022990609314499835,0.00047805833709667025,2.0618804595257907,0.00046869805673629153,1.6514264401944179,0.5393338365768476,5.321428571428571,0.5358132464696761
0.5,0.1,167,0.002487211804014573,0.0013855323300348114,-0.5186585134732411,0.0008986932885777738,-3.7431816274745606,0.5602933341278714,5.25,0.5696908915405043
0.5,0.1,168,0.005768226523030892,0.0026409570280392512,-1.3601805416955226,0.003101756928628512,-5.5432258209993295,0.6251101871900914,6.714285714285714,0.6430104846905148
0.5,0.1,169,0.003328511252620491,0.0045907284230968836,2.6810274371928906,0.004292190972714257,0.6302964666051499,0.6407025472503463,6.964285714285714,0.6611331290409331
0.5,0.1,170,0.011933241322004504,0.01266684840529539,4.374294888565278,0.009592428567354155,2.0870271860412877,0.6453383141692298,6.25,0.6740904178669369
0.5,0.1,171,0.0010965969062148595,0.003809979711267193,0.21839456861284626,0.0019363117452778009,0.381187038484029,0.5819663285161222,6.357142857142857,0.5948654303103458
0.5,0.1,172,0.002356309442808439,0.002276285056832259,-0.31113585649068415,0.0018465156279409113,-3.7308571836767803,0.5428906533852658,5.214285714285714,0.5574056868478708
0.5,0.1,173,0.0015734927354066652,0.0016861422722791607,-0.7811207077138155,0.0010367791894744555,-2.1985584712788104,0.5796045913882557,6.321428571428571,0.6050794635785304
0.5,0.1,174,0.011574107987361153,0.008362757966088956,2.3817143456307215,0.008732068824762873,-6.481570145448775,0.5899647116529751,6.25,0.5877772651946293
0.5,0.1,175,0.0014753961383783506,0.001797345805691674,0.7272160102865541,0.0016224100140932811,3.591367110868769,0.5942429416461028,6.464285714285714,0.5953498442686072
0.5,0.1,176,0.002942430649199528,0.0025863306419315465,0.7016572530289787,0.002563454092203641,-1.6274361308062641,0.5273990842205011,5.928571428571429,0.5306384159047989
0.5,0.1,177,0.001152038887245707,0.0005873412253673298,-0.6927455276699467,0.0008184583498018976,-1.2448697607298413,0.6060840554721333,5.428571428571429,0.6146305558256383
0.5,0.1,178,0.0012039822132888479,0.0007265737381162849,1.0002803427840188,0.0007044626295020529,-5.374821524543127,0.5228421053896727,5.571428571428571,0.5258750354515629
0.5,0.1,179,0.031764070990621916,0.03046655445977267,2.8550541048731852,0.03108760646851778,-1.1606794582825728,0.6769433235114587,7.071428571428571,0.7235967398437688
0.5,0.1,180,0.013112559313937696,0.013231296027069546,3.7659307268043656,0.012712260652259392,3.0069294992168714,0.6391826005995892,6.428571428571429,0.6804946399610605
0.5,0.1,181,0.001982994473710506,0.0009001431312813487,-0.8599122725906246,0.0010119785481771824,-1.3191362093285097,0.5710792110932651,5.75,0.5901834627843973
0.5,0.1,182,0.0024258217914916794,0.002638992379479277,0.5570028498990686,0.0023132779604290747,-1.8911787320316098,0.5811578655477082,5.642857142857143,0.5988394453438051
0.5,0.1,183,0.005463199426987048,0.004836198366859888,1.5864953138371902,0.004029803302427118,-0.0891745194878979,0.6323074430696851,6.0,0.6269326687380359
0.5,0.1,184,0.0037798097578633067,0.002913520505232355,1.4746904873204112,0.0029949615742715817,-0.08588000683641894,0.5295822630651172,5.785714285714286,0.5485479221369538
0.5,0.1,185,0.0024153051172400657,0.0029619312470218874,0.370092966738459,0.0031182992045210435,-1.7349586310171787,0.5864070018930769,6.25,0.5951336182125284
0.5,0.1,186,0.008002642966866888,0.0071344271817429285,1.150842708970875,0.0065268443698370026,-0.6349419489604221,0.5701434819962079,6.571428571428571,0.5865074287209027
0.5,0.1,187,0.01744129516387728,0.010646063684272929,2.7998618110780265,0.01288439354448243,-1.199516447255263,0.5963653338660011,5.571428571428571,0.6097120945084391
0.5,0.1,188,0.00032843055581083475,0.0004079208150165509,-2.4603542686208755,0.000583329658915725,-1.0792599317072795,0.5784299773607763,5.642857142857143,0.5799736138228286
0.5,0.1,189,0.012961845454092492,0.013972036303540053,3.973680859610122,0.010874528400659344,1.812089987933651,0.5731348160228821,6.392857142857143,0.5868082461679484
0.5,0.1,190,0.0017018939336363103,0.0007299944035616082,0.8141103689961161,0.0006923929296281827,-1.8489739544275021,0.6203679016999023,6.035714285714286,0.6341456086700363
0.5,0.1,191,0.02078303578191393,0.01990937627137846,6.728044890293859,0.01965887407817808,-0.5295281686575682,0.7060184967058066,7.071428571428571,0.738704309641184
0.5,0.1,192,0.00663228546066623,0.009590664510663536,2.428562025826807,0.009072774919742945,3.4032624672173974,0.5768431083023641,5.892857142857143,0.57924186308646
0.5,0.1,193,0.0020255116443600608,0.0031551589961831337,-2.066283529706027,0.002500258659591687,2.0299476464506276,0.5960591608071579,7.035714285714286,0.5935354041952936
0.5,0.1,194,0.0017696910714419722,0.0018176488478666114,-0.6561638204167556,0.002320298712333214,2.3942001813354636,0.5857754321493276,6.321428571428571,0.608992434004168
0.5,0.1,195,0.0015384124117954596,0.0013440329874858607,1.0731812211172855,0.0008306088591850951,0.2829529853829058,0.6411899350729081,6.5,0.654532395412288
0.5,0.1,196,0.002801436464421737,0.0024181672701921886,1.8313674196825407,0.0014548849966680782,-1.9712481322299595,0.5409851920733846,5.178571428571429,0.5537488241507476
0.5,0.1,197,0.005037542369975186,0.0031704704140148687,3.949233094395519,0.002534910472958357,-1.6997365459672362,0.6161020140041253,5.642857142857143,0.633675356980322
0.5,0.1,198,0.0033192944679695606,0.0062877837883240405,-1.093217769028333,0.006444486102872598,6.953782938230158,0.5629178852799208,5.928571428571429,0.5528604033185756
0.5,0.1,199,0.0023480551298368174,0.0006797900359839991,0.14534432838420722,0.0007102582387247763,0.5583270251286384,0.5305849735842056,5.607142857142857,0.5540711666366365
0.5,0.1,200,0.0011566002372183793,0.0002602566739502056,-0.5571383199791361,0.00013364293000526277,-0.3731476150907156,0.594164533662821,6.107142857142857,0.6005392796729235
0.5,0.1,201,0.0011645655149537632,0.000545278040021519,2.087245653816306,0.0005923222512369628,-0.08281579867408102,0.5862181532572778,6.178571428571429,0.5832566348757098
0.5,0.1,202,0.0030845413227525865,0.0004128188719737497,2.1082825821939557,0.00044252978452803644,0.911899245917643,0.5817163727762612,5.5,0.6027255396461768
0.5,0.1,203,0.0016489724655956023,0.0013745246227839475,1.136506981464218,0.0009585323501876752,1.143071763711769,0.5537926810606089,6.285714285714286,0.5653885391972542
0.5,0.1,204,0.0027781217921114877,0.00583181146295969,-1.525732583579232,0.005731001816826636,6.428557948355272,0.5774640381506417,5.714285714285714,0.6149127953536454
0.5,0.1,205,0.007115132688529348,0.010301962014815761,2.99108821597099,0.007824585745010621,6.0153354495627225,0.5745164984244564,5.571428571428571,0.5722324856479666
0.5,0.1,206,0.002420048193355712,0.0023011671962898826,1.3304208395614598,0.0017774467374807531,-2.9500394050575096,0.6266235803901924,6.785714285714286,0.6439963214110954
0.5,0.1,207,0.004177162785536277,0.004925994622259604,-1.3807258614458913,0.0041171424831448885,1.4102949253582058,0.5631932676456765,6.821428571428571,0.5677040499878592
0.5,0.1,208,0.007154724180968485,0.008478577037778814,3.5638689621359183,0.00840968949789693,-3.164694693086801,0.5649330551930049,6.285714285714286,0.5858462278081061
0.5,0.1,209,0.002827592957989653,0.0016260463154681099,1.3537925375235886,0.0015662202787754464,-2.946835695512798,0.6105628399594508,6.071428571428571,0.617859080308215
0.5,0.1,210,0.005311210798896996,0.0027656670582741584,-1.6032767944027455,0.0026695233368300843,-0.03301663806092847,0.5563715271510817,5.285714285714286,0.5662598808163628
0.5,0.1,211,0.001607065460280696,0.0007365099419217579,-0.46237745130034114,0.0003172208356013166,0.8804115483038023,0.5890978023687194,5.714285714285714,0.6031652841196246
0.5,0.1,212,0.0010815175587301142,0.000570596643871663,-1.8432221199304308,0.0004265885387315891,-0.04869994348869492,0.5865402051717383,5.892857142857143,0.6068971424660998
0.5,0.1,213,0.010266353835532113,0.008013911675928534,4.760965002297648,0.009176643331566816,2.056159920511874,0.6034323147773425,6.821428571428571,0.6409277158970073
0.5,0.1,214,0.0032212008551448187,0.0023234113553053906,-0.5997818294999698,0.001984768207971449,3.460887525958365,0.6175403817862508,6.392857142857143,0.637993732401552
0.5,0.1,215,0.0023654835287556476,0.0008665160168026059,2.749626577050151,0.0010417537646755207,2.255453348978506,0.5835034151872918,5.892857142857143,0.567295677755604
0.5,0.1,216,0.0025830887687032264,0.0010468864856849499,1.434632138084936,0.0011394045239939347,-1.5266632441560641,0.5990113453657496,5.928571428571429,0.608662608046831
0.5,0.1,217,0.005418839827809549,0.002440464429091148,4.382966221130526,0.002631458957663187,1.254412890266072,0.4948513454125963,5.821428571428571,0.49382840674564343
0.5,0.1,218,0.004573781582610868,0.003363285630072784,3.436011778932387,0.002087569534447072,2.1243648539983817,0.613405864336875,5.714285714285714,0.6226411996153596
0.5,0.1,219,0.0034933659024582596,0.0025623797597155084,0.24409317301281894,0.0015148294702107838,0.20865497007747535,0.5801466779580376,6.285714285714286,0.5681527263465838
0.5,0.1,220,0.001566526016137737,0.0011140128780160604,1.3542169931308858,0.0007332461652220374,4.74779630125919,0.5735493511947994,5.607142857142857,0.5729573664770784
0.5,0.1,221,0.003527991599315997,0.006806444870266348,-0.9410508697495364,0.005531785891026734,-1.0066032317375952,0.5840084035032359,5.892857142857143,0.6022830693383713
0.5,0.1,222,0.0007701070909326702,0.00045644723993197605,-0.1420427181555226,0.0004959241623199087,1.0912540101286652,0.5356766870630211,5.892857142857143,0.5179286750839192
0.5,0.1,223,0.012967350660700816,0.014196639448644174,1.846875865367063,0.013483365133131265,-1.8041848971100858,0.6194254703855463,6.678571428571429,0.6423232425040901
0.5,0.1,224,0.00356596671490533,0.004077263206448714,-2.0746854725796404,0.0044097315106995895,3.6702241221808833,0.5944455538491772,5.678571428571429,0.5995193750520807
0.5,0.1,225,0.0027637636646476588,0.00715415753463617,0.37510192243583634,0.004462980173332062,5.417103115495905,0.5856873820433648,6.964285714285714,0.5965352603446659
0.5,0.1,226,0.003428649131779975,0.0012231320139756555,0.2813852104774431,0.0015563656968759082,1.386544509246903,0.5906684999674451,6.714285714285714,0.5966782006843846
0.5,0.1,227,0.014749622466714987,0.009790085986288884,11.156707910702588,0.010415685866593076,4.2042366418190324,0.682776256117531,6.035714285714286,0.7107332861053194
0.5,0.1,228,0.0036550578828568664,0.0031321457976374203,2.3258785851623145,0.0024390684147549318,2.5292924129404355,0.5106565740589184,4.964285714285714,0.5361589043948352
0.5,0.1,229,0.002535011835056429,0.0031442333315786723,-0.7000609579451975,0.0026914082738099913,2.367507929681125,0.611533206984616,6.428571428571429,0.616081574787533
0.5,0.1,230,0.011571800471626382,0.011076998279618857,1.5374551758519033,0.010644730016076657,-2.129786560432573,0.5645843827825467,5.321428571428571,0.5845185754823843
0.5,0.1,231,0.0005320817322512963,0.0024437175506613635,-0.5476252253246988,0.0012919069429652014,-0.8380068889468552,0.5664436249986389,5.964285714285714,0.5644364786824843
0.5,0.1,232,0.002025991363864409,0.004691595992662406,-1.6210959573586383,0.003457551473040299,1.4356709189508763,0.5528023682296005,6.357142857142857,0.5818629087274834
0.5,0.1,233,0.004565499807006806,0.005061862247334022,1.6357399476905339,0.004881383713072033,3.117655956443334,0.5650512539920375,5.642857142857143,0.5682896115118241
0.5,0.1,234,0.0027624077743750395,0.0009848068819244362,2.511176376007891,0.0008503169686158098,0.09781183787532655,0.5940291195628717,6.678571428571429,0.6023248922876747
0.5,0.1,235,0.0011047822831385442,0.00430404776447639,-2.699135814800883,0.0036734666616702223,-0.8280255526360444,0.585899495602808,6.142857142857143,0.6105661054537503
0.5,0.1,236,0.0055045339543449735,0.007901277244449728,-0.8848441611326147,0.00470166518863565,-1.0215520409270102,0.5521687701575305,6.142857142857143,0.5551429626945779
0.5,0.1,237,0.0008308194435099723,0.0010725205992064663,-1.2976972228151642,0.0015552461372838951,-1.6150211686955724,0.5835304456857191,5.892857142857143,0.5756926959925572
0.5,0.1,238,0.008650478118269364,0.009097117530640703,4.150105295018193,0.008125993068930885,3.6611533462517514,0.6269365827756264,6.857142857142857,0.6426207406694451
0.5,0.1,239,0.0016382235422627966,0.003636734550231298,-1.9043335386017002,0.0029289657000675885,-0.7204650600626886,0.5993197787536724,6.107142857142857,0.6137835354887364
0.5,0.1,240,0.0059827771762968425,0.008932817726170036,1.9014430284674404,0.008310579131300792,4.404847890645878,0.6027235135713195,6.392857142857143,0.6156318523521545
0.5,0.1,241,0.0015999929688486699,0.001289189124402382,-0.2780298805252907,0.0016798088684521434,1.5767134686699933,0.6031989736197862,6.107142857142857,0.6127085106749683
0.5,0.1,242,0.005582624769837432,0.01028161997523134,3.407000347900682,0.008649601895564444,3.453479173663387,0.5833044075967369,5.678571428571429,0.5824487418290412
0.5,0.1,243,0.003630121099681344,0.0007280630130501062,1.7838915299677467,0.0008649683306587533,-0.3302328352319914,0.5951707895265086,5.642857142857143,0.6006562491480196
0.5,0.1,244,0.004833840354591811,0.005065452562792747,-0.5159312909923225,0.004703421894638928,-1.1654976160541537,0.6101651628198234,6.107142857142857,0.6129279755453028
0.5,0.1,245,0.002429851455953541,0.0033000510994570455,-0.499007504233911,0.0024966367847682257,1.5947751647594544,0.5348152833069528,5.892857142857143,0.563329890517366
0.5,0.1,246,0.0031397662295345086,0.001299459505356038,0.6901141756271633,0.0018881904238918319,1.844797177423762,0.5740213297120201,6.0,0.5748651387164785
0.5,0.1,247,0.011566071515571109,0.013134422449821485,3.0885559265171216,0.013894452855563746,2.6247986395151295,0.6414786766528554,5.964285714285714,0.6708736818635771
0.5,0.1,248,0.0019143852004556675,0.00016567244332641766,-2.1053634269574673,0.00012704538019970578,-2.1595825590212314,0.546238556013053,5.821428571428571,0.5390369429061572
0.5,0.1,249,0.000984765192229891,0.0010227471648336125,-2.189959462590347,0.00150482259088641,2.215644435766535,0.5657271917702509,5.714285714285714,0.5613717054299843
0.5,0.1,250,0.0005566887104046312,0.0003487568141302077,-2.1052893528577385,0.00020485812574691045,-3.909906714904148,0.6076435880172774,5.821428571428571,0.6265302913296826
0.5,0.1,251,0.0008216031910438527,0.0014691312304117065,-0.26167439178919,0.0008621274399593357,-2.1733385003792023,0.5667492596664166,6.892857142857143,0.5748878506499865
0.5,0.1,252,0.009602879702828753,0.013640151235884695,3.8850551351463594,0.01221501918822518,1.3603624950631665,0.638058217019581,6.214285714285714,0.6778324754607893
0.5,0.1,253,0.0017056262944309766,0.00028219877750849405,0.1904085974271652,0.0003617415288425301,-2.7981809226936227,0.5791046973016198,6.357142857142857,0.5936856570131612
0.5,0.1,254,0.0019515752016821919,0.0020331121917495643,0.7775070120782269,0.001447999914651816,-1.821774684013917,0.5654991670684307,5.285714285714286,0.5762522061844645
0.5,0.1,255,0.002606723504632038,0.003563872382683419,0.4401029546687217,0.003650707427856753,0.6652953170354389,0.5798992020158347,7.107142857142857,0.5767906741421382
0.5,0.1,256,0.002081186777716,0.0018935989013643283,-1.139059849580775,0.0017021244178739715,-0.8349560314583565,0.6012811565223873,6.5,0.6077878968538848
0.5,0.1,257,0.000984452926302699,0.00051118143012836,0.15351648689582476,0.000701144099250491,-0.1937093800253725,0.5685694275754576,5.892857142857143,0.5701441545430197
0.5,0.1,258,0.0018932797866955651,0.0008058566609227245,2.2293408529061765,0.0009462152466715146,0.25324859281516865,0.5483062457478688,5.857142857142857,0.5475377339588785
0.5,0.1,259,0.010955375318641063,0.012839780123050244,1.4141608049182253,0.013868408193281905,2.9320999084198527,0.7024325040205311,6.75,0.7349865532126797
0.5,0.1,260,0.004303358532371635,0.009747948755198922,0.04593301840236563,0.008552510507856327,9.558801930613157,0.5654979652039606,5.535714285714286,0.5992251961684163
0.5,0.1,261,0.007050035747373587,0.007138318155697681,1.1865442995120457,0.006694785637527316,2.3068060407157325,0.5563132590600629,6.107142857142857,0.5693026160501221
0.5,0.1,262,0.005073436957773461,0.004952155798459126,1.8589628797157236,0.004869054404645659,0.9283408678800242,0.6104865170253346,6.071428571428571,0.6093338774474226
0.5,0.1,263,0.0012687435514204105,0.0024039498591357546,-0.2646399350868762,0.0016503637672141153,-0.6808532731497982,0.580321241380747,5.0,0.5754917788659735
0.5,0.1,264,0.0025662570650384717,0.0006496248571169353,-0.8464620506369632,0.0013543675235990647,-3.7307725776882137,0.5693153713063531,5.928571428571429,0.5858734861516877
0.5,0.1,265,0.010636665677232468,0.01175254642579976,3.4185728648428246,0.010739249223035742,0.8544549114283768,0.6189909828895915,6.964285714285714,0.6458656302166
0.5,0.1,266,0.001184803079686009,0.00034217086615123714,1.1960507515849106,0.0005448630997154912,0.49950728015479245,0.5303858722408503,5.678571428571429,0.5387573386866441
0.5,0.1,267,0.008859494355027574,0.009809200560199932,0.7420134467478002,0.008571101971809776,1.4417536662071864,0.5740845946122632,6.535714285714286,0.5672114685849525
0.5,0.1,268,0.014002924609163962,0.013496939902425606,3.587018841324967,0.012885983637746746,2.3090665521467315,0.5913823665190774,6.321428571428571,0.5876746289813797
0.5,0.1,269,0.002602417617556102,0.00045491419550379057,3.701192042084614,0.0003709678028535314,-4.2970090221855815,0.6300411073970088,6.25,0.6534209389673568
0.5,0.1,270,0.0027073368895627237,0.001219480637130578,1.4979384310524608,0.001986248656208067,0.42572795686999143,0.5923546407167867,5.357142857142857,0.6071603816210347
0.5,0.1,271,0.003921620524914376,0.004885463637799826,0.49497665286215425,0.003038372328337215,-0.874493711644836,0.5528563299780408,5.214285714285714,0.5684378224685305
0.5,0.1,272,0.002375867565420755,0.0010020293115511297,0.09965138178870347,0.0012124873155512602,-5.369705952254104,0.5719524289330465,6.642857142857143,0.5651893320036627
0.5,0.1,273,0.0007385298562588167,0.0017696471873333488,0.9947716609209465,0.0013436650287333707,3.3386715764259614,0.6109342205392222,5.821428571428571,0.6063150209249781
0.5,0.1,274,0.0010305459617863668,0.0008475913330314513,-0.7225519475285864,0.0009436907748897332,-1.8776718175307678,0.545965194264069,5.464285714285714,0.547551111669935
0.5,0.1,275,0.007030985633125315,0.007668637815865038,3.1351568405256955,0.008145504472967365,-3.5960289154245495,0.5941056095350081,6.75,0.6062269895511678
0.5,0.1,276,0.0025560471126006073,0.005344737882821282,-0.6307254197648812,0.0035934240371955457,1.7535335375480372,0.5997063090149111,6.107142857142857,0.6125697445834365
0.5,0.1,277,0.0003990534469914178,0.00027930004919302624,0.7507894096859218,0.00016755436200725164,-0.1116494727508363,0.5894126875291955,5.714285714285714,0.5785635930190296
0.5,0.1,278,0.001404728996486063,0.0007626104890257966,0.9709534302038302,0.000589850905747664,0.07824037863029314,0.5650569379491402,5.678571428571429,0.5682172914046832
0.5,0.1,279,0.004385416139102896,0.0019302677852904894,3.4323589480844796,0.0016196078769726823,-1.987800823235735,0.5028408354157968,5.214285714285714,0.5211964073241641
0.5,0.1,280,0.001797394133734115,0.005555571436752065,0.2441711153895388,0.0048050922082961715,1.110496505743015,0.5790244807378947,6.964285714285714,0.5964431150732449
0.5,0.1,281,0.007017562710704709,0.0029172602941447117,3.6492787635512136,0.0033775548559150693,-2.5788367959566756,0.6041113889064433,6.357142857142857,0.6220022982404674
0.5,0.1,282,0.002549726304528464,0.004388629592360658,0.9247814817919581,0.003223081218903834,4.2317034386310395,0.5725803810852833,5.0,0.5884505261642354
0.5,0.1,283,0.0035790698634644244,0.002695094656555271,2.457571315199137,0.0029029333079442095,-2.111082416089374,0.5614538543739317,5.857142857142857,0.5861352064837883
0.5,0.1,284,0.0025307000019863,0.004946359166065452,1.5045828870006612,0.003839315776830758,-2.1205431478295225,0.612446276139803,7.0,0.6153611297257713
0.5,0.1,285,0.0025850551165739694,0.0013173017757204773,-0.5009124779950392,0.0012647664774371886,-3.1291827460437296,0.5725950475924286,5.571428571428571,0.5834800527087851
0.5,0.1,286,0.0029382744854864564,0.00024663041125596566,3.265597003127008,0.00011120576113334526,-0.005738929038794065,0.5681295599992041,5.928571428571429,0.5971561269557051
0.5,0.1,287,0.0012565890268843348,0.00015131809189483406,-2.1759097814473876,0.0003270069582172279,-4.535816456506893,0.5723783338682334,6.321428571428571,0.601092634106059
0.5,0.1,288,0.007795716840602635,0.016786839044997545,-2.6296918534648817,0.0139697683042115,5.946159357060973,0.5703004067417182,6.035714285714286,0.5610804434908361
0.5,0.1,289,0.004583668827260587,0.003923328243750213,0.1783504751610868,0.002557921080061671,0.5437498920186101,0.5347130844096638,5.357142857142857,0.5453637050357341
0.5,0.1,290,0.00813323723320848,0.004503215358268237,7.0521228977339945,0.004041633128137551,1.5059465558460754,0.550574784925016,6.392857142857143,0.5709545219633123
0.5,0.1,291,0.0133963701945495,0.014373720148736668,2.426630872963784,0.013031927955578098,5.541216787959409,0.657322847474067,7.5,0.6822661204825526
0.5,0.1,292,0.0011145089585081478,0.000635468071742065,-1.5332294085637368,0.0009905788391941781,0.6365649217822428,0.5289848723978811,5.714285714285714,0.5570724711998376
0.5,0.1,293,0.0027841931087698875,0.001401998189304784,0.5960944027167727,0.001308776381799779,-2.352915815967871,0.5181915998303673,5.857142857142857,0.5432355727257863
0.5,0.1,294,0.005267356174711909,0.009603545245052405,1.7702728318525562,0.00698513480176165,1.1002764479529787,0.5488681260783502,5.392857142857143,0.5634659106576809
0.5,0.1,295,0.00188478770637483,0.001567927685251299,-0.8588300356048725,0.0014659463037848583,-1.4545517371933745,0.6296570796919078,6.5,0.6358874369417574
0.5,0.1,296,0.006878402923694615,0.002948997553164846,1.6866303512042389,0.0036910346588947917,-3.9927737554763403,0.5469916746952926,5.892857142857143,0.5327662766371539
0.5,0.1,297,0.0027407955540225885,0.006546653438908828,-1.6218763556791391,0.004299165978958539,3.6479276570602224,0.4774842015753588,5.928571428571429,0.5230259048662385
0.5,0.1,298,0.010680139594604341,0.0026209385769822395,0.939345712684864,0.003489430348643834,-0.3467007379256207,0.6130963207908192,6.035714285714286,0.608609439189203
0.5,0.1,299,0.00036290813808627435,0.00024046805529232712,0.8199267341667186,8.631228350799195e-05,-2.960861276574368,0.5311921717261475,5.464285714285714,0.5454241059040763
0.5,0.2,0,0.011477124657786726,0.009686364510054826,0.8997197900244961,0.00947143542962474,-4.534596155676155,0.7182956300895736,6.928571428571429,0.7441884972596388
0.5,0.2,1,0.002966183668231872,0.003531908202299026,1.7013589245731662,0.0028093502921879873,-2.026239210896051,0.5352995215322467,5.75,0.5486305923679123
0.5,0.2,2,0.0011559775156238176,0.0008490612302943071,-0.09094783834130264,0.0008235512702021473,-3.5814741135582437,0.575518041977023,5.785714285714286,0.5833511639948905
0.5,0.2,3,0.005847714685657917,0.0054830601109573185,-0.2699481512001114,0.005286296165188796,-1.1004137068056725,0.6583371539239175,7.0,0.6601676706982478
0.5,0.2,4,0.004417566639253718,0.005283726194929689,-0.22088320455132285,0.0052593465079678135,2.793308033587389,0.6101098217986536,6.107142857142857,0.6297686831314673
0.5,0.2,5,0.00694117428596862,0.010926648708521343,0.9573926517910157,0.009526250707464176,0.2572948334706003,0.6382096600736368,6.535714285714286,0.6630086539557859
0.5,0.2,6,0.0011795234288331986,0.0022336430401578363,-0.5953094329442669,0.0017441789986185458,-0.6504213066560377,0.5931759780705741,5.678571428571429,0.601090441368457
0.5,0.2,7,0.0020760100417179196,0.00216417306961193,0.234631264937993,0.0020344941547079816,-0.3305214610195151,0.5777080615278319,5.928571428571429,0.5826270777816984
0.5,0.2,8,0.002824261266925195,0.0013227438047209489,2.3773027165028586,0.0013576723126436103,-1.0002574821338708,0.5952624554791897,7.285714285714286,0.5977027422411654
0.5,0.2,9,0.004029940223626032,0.00536500241030593,-3.3518635839283015,0.00551211588539668,2.470468970025138,0.6143086525436408,5.5,0.6408436374859376
0.5,0.2,10,0.026227500770195585,0.020710357795215233,9.54363587054173,0.021918935796796293,-4.565907520363595,0.6851310537911613,6.857142857142857,0.7247968211098429
0.5,0.2,11,0.007006710445630075,0.007535928326137738,4.584168975952821,0.008416260263448092,6.380300268599474,0.5911915276768178,6.357142857142857,0.6099199318344265
0.5,0.2,12,0.009796076498659162,0.010123529213871474,1.9209982290734142,0.00952550399703659,-5.296848935399292,0.6949824301541331,7.071428571428571,0.7223666945166135
0.5,0.2,13,0.0029270222449155614,0.0016854776929539363,0.6802152298130864,0.0015194563652769066,0.9086523319264851,0.5696594039499379,6.285714285714286,0.5683026673531411
0.5,0.2,14,0.0014566604277396655,0.00023514159677288956,-0.13568316657548016,0.000302166904283843,-3.052758052999375,0.5961707506453184,6.357142857142857,0.6014077144059455
0.5,0.2,15,0.008605721164492194,0.015110982036336342,-2.012955229053148,0.012451961765529746,3.5692912601200155,0.6761269887365609,7.071428571428571,0.689607717784572
0.5,0.2,16,0.005220236171806193,0.003986767106907212,5.014191059670016,0.004416497473919025,1.8728403536516491,0.6159390283506747,6.928571428571429,0.6302750747578931
0.5,0.2,17,0.002883780634072717,0.0026729891514768395,1.2768298187487044,0.002585692683350688,2.7623194679401215,0.6414388618809822,7.535714285714286,0.665344784526591
0.5,0.2,18,0.006997800729671997,0.00619961234545786,0.8696785047270813,0.00842931113604454,-2.6187728453802115,0.5960127914182226,6.142857142857143,0.6018924904676641
0.5,0.2,19,0.004913811912914147,0.001994592202308642,1.9295775100968722,0.002180528081984933,-1.1792045252544388,0.5470773479127213,5.178571428571429,0.5513627836534288
0.5,0.2,20,0.008381148728612448,0.007591857015004704,8.553039497265056,0.007820123500038476,5.677728498175658,0.6541111240309881,6.857142857142857,0.6707109163595781
0.5,0.2,21,0.004093941490551337,0.003888297820256808,2.390317228741177,0.004629698421181629,4.183007749928644,0.5673545091932505,5.928571428571429,0.568123074096813
0.5,0.2,22,0.007574318396771035,0.004678220841915305,4.875939336626061,0.004959999842157282,-0.8611107081904,0.5791159845010164,6.642857142857143,0.5966391739784449
0.5,0.2,23,0.0009281843480091511,0.0007819684055038396,0.820122863364162,0.0005595270281686171,3.030582617400313,0.5801898971914686,6.785714285714286,0.5643832192989917
0.5,0.2,24,0.0014760701975529607,0.0025583517909224464,1.095062315806975,0.0017446292845152355,1.2889000130167194,0.5950358608980286,6.142857142857143,0.5868394071821239
0.5,0.2,25,0.002204698830519877,0.002218087901795427,1.6920312615386404,0.002505803676477064,1.0575347376081272,0.5735450633599483,5.892857142857143,0.5848988846967088
0.5,0.2,26,0.0016913578956800665,0.0005892865672709067,1.8498867616476484,0.0007888869521840477,-1.2448658390509404,0.5960774317436857,6.071428571428571,0.6079482282179771
0.5,0.2,27,0.005920291550484059,0.00829815156363296,-2.4678289687660424,0.007505776450538597,-1.7485164211594224,0.5697525788964077,5.107142857142857,0.5799320222174008
0.5,0.2,28,0.005070246930599077,0.016971367281248196,-3.6697779450230237,0.013133117789605202,10.139444394587429,0.5811478200358067,6.0,0.6204551408106936
0.5,0.2,29,0.03778463557968735,0.035898985500799986,4.699162022081566,0.03828845859906318,4.222095167982133,0.669876792422021,7.321428571428571,0.7199529732216798
0.5,0.2,30,0.0024338517044457937,0.001364259986641661,1.4766843807655903,0.001032099326287458,-3.2491216530838662,0.6071479008858087,5.535714285714286,0.6118767489754144
0.5,0.2,31,0.026926648864410065,0.02631844249414101,1.8134190172788276,0.02643043454425881,1.4143662592753685,0.6866765547861035,7.178571428571429,0.7304257495268729
0.5,0.2,32,0.006112082969895409,0.0028207921876436956,4.393989559361643,0.003682458148022448,-3.3128096932348776,0.6148768838183523,6.428571428571429,0.6176820418929458
0.5,0.2,33,0.0036347182759296657,0.0014090298463705908,2.401226414903306,0.0018432594932043704,-1.2455868762200264,0.6417441667081306,6.464285714285714,0.6577184330892232
0.5,0.2,34,0.001903418074133862,0.0017719478901405549,-0.61176282212737,0.0018859145474486268,1.5202615674703754,0.596717354327773,6.071428571428571,0.615069948254058
0.5,0.2,35,0.009044616320927736,0.0032323588296090024,4.336072275217087,0.003996825979342304,-2.2825238085845476,0.6983823413070281,7.642857142857143,0.7297738928949573
0.5,0.2,36,0.00681904870074091,0.004636773118943495,-1.212299140353802,0.005670412944388619,-2.456477656230296,0.5898996303644756,6.857142857142857,0.5848272183874766
0.5,0.2,37,0.003011474020808126,0.005443529316596697,-2.2452722533510325,0.004658551302638929,1.4661039351604568,0.527070425672296,5.107142857142857,0.5442961234596968
0.5,0.2,38,0.0003203459470634979,0.0015187687290767772,-2.4234452128316377,0.0007767800549890269,-0.5286714111237814,0.5611028027733999,6.285714285714286,0.5725437638615529
0.5,0.2,39,0.012023554992972514,0.003456048322030511,12.07773966155501,0.0051219159320212765,-2.3166422721547044,0.7188060659098047,6.0,0.7470112345263071
0.5,0.2,40,0.013155486084672175,0.01105475964218916,1.4035137608837356,0.01324302273802048,3.133852530813423,0.61420659132874,6.0,0.6303728929834767
0.5,0.2,41,0.0017706104303645048,0.0023789904886213384,0.05900599502657163,0.0020247979733953258,-3.7846894631185157,0.6078671650570229,6.607142857142857,0.6067991130134998
0.5,0.2,42,0.009606227123005021,0.004931109758717356,3.647551408417437,0.005457101314652801,-5.4122016970302225,0.638310684506127,6.571428571428571,0.6762559071835498
0.5,0.2,43,0.0014258091098266746,0.0006505613436164118,-2.2144415780717472,0.0005823485882032625,-2.047451762068647,0.6115029789149887,6.928571428571429,0.6049627153888804
0.5,0.2,44,0.006230281393027628,0.005739634246190573,-0.14439320402437752,0.005638359704021783,1.0053400232844656,0.6082572431326575,6.857142857142857,0.6459026351782372
0.5,0.2,45,0.0020166174016478865,0.0017877848658313206,0.43042036049442345,0.0019109465069443478,0.5657836009349543,0.5629837329599281,6.035714285714286,0.57860118136957
0.5,0.2,46,0.0008743297068341734,0.0003628049696594076,1.1367741964900706,0.00026570173325637757,2.043496748599002,0.5868959876880709,6.178571428571429,0.5851353784879596
0.5,0.2,47,0.020106405068100002,0.014050629333799433,8.894434952739658,0.01650010445496914,-7.870368565497746,0.7441452960411746,6.964285714285714,0.7853269704446783
0.5,0.2,48,0.014336083092155697,0.018588519365977604,2.444301684554508,0.015758585141077454,6.037483097162199,0.5672624106866454,5.571428571428571,0.5840888290877264
0.5,0.2,49,0.009826615951593978,0.017561071180697222,-1.237915229902465,0.016309417647014646,8.709738770556157,0.5676014855923603,5.535714285714286,0.6171972255975098
0.5,0.2,50,0.0024959554641861594,0.0034444275943595042,0.24932445747313636,0.00228257735854253,-1.2414547563015692,0.6008661276221268,5.857142857142857,0.5951603233424949
0.5,0.2,51,0.0015887217176556708,0.0015406417800125395,-0.15543114887518072,0.0013853945917577262,-0.61100389466633,0.6006815407993656,6.107142857142857,0.5987489094210825
0.5,0.2,52,0.021685413801909286,0.01961241262258855,2.5243960172966005,0.01845387243910259,-9.287770538579915,0.6725932828766247,6.142857142857143,0.7258255369148103
0.5,0.2,53,0.0014321923683991665,0.008051165350650721,-1.2393240532760597,0.006030486999445056,1.3243550065738816,0.5927543034279026,5.892857142857143,0.5971306288372625
0.5,0.2,54,0.003283534209198723,0.000799640151812693,0.4314914838427531,0.0012164746492265212,-3.3224802968513814,0.5657513099805197,6.071428571428571,0.5712477251793281
0.5,0.2,55,0.0013110530834950758,0.00021643544484384214,0.5181819083640372,0.00040734704070883053,-1.5427342284793326,0.5815940793772307,5.607142857142857,0.5833361266429885
0.5,0.2,56,0.005372401129641038,0.0070369350631433675,0.9310105385323008,0.005491077858173653,2.507390285067885,0.5495922742510703,5.142857142857143,0.5475147806230656
0.5,0.2,57,0.012531901152635395,0.011964334423481047,5.6974771026947435,0.012279444990518203,-4.7989735146157,0.6966472915177758,7.25,0.7227593554821994
0.5,0.2,58,0.0027950652153275954,0.004043277067728413,-0.4517245800530816,0.0032865084661022627,5.157011240302514,0.5840458689560499,6.678571428571429,0.6111014955320382
0.5,0.2,59,0.0033627568379025934,0.0037304146598463495,-2.0231240032826556,0.003346757664442365,1.5917795785845499,0.5453192251338045,6.178571428571429,0.5600469599903491
0.5,0.2,60,0.007764301231349617,0.008367761695904983,0.6574772827535563,0.007017005253596225,2.9600196910985423,0.5737588287972023,6.142857142857143,0.5880175107800336
0.5,0.2,61,0.006167325562938652,0.005628811319441857,4.972627061459538,0.005952165511499217,5.447240772383196,0.6321468484821857,6.678571428571429,0.6478101257816148
0.5,0.2,62,0.004849632323064214,0.005326682412933336,3.686296564973977,0.00517247028097286,1.6711207938294497,0.6407330154109617,8.285714285714286,0.6381774596723493
0.5,0.2,63,0.019449889138862766,0.021550199139391726,5.724628919620007,0.020997882786089498,4.513564425572923,0.6907378034042153,6.535714285714286,0.7299021378693724
0.5,0.2,64,0.006252246270499766,0.009099530200563602,2.2833093033649354,0.008411449549371633,7.202148155531347,0.6103971320608478,6.535714285714286,0.6375220725317264
0.5,0.2,65,0.011493578502510728,0.015189584049355158,4.4216351868875945,0.013900295682869563,9.009788683811431,0.6627592016562557,5.964285714285714,0.6871925480758097
0.5,0.2,66,0.003024037038139081,0.0015047064733100318,2.0901369824150606,0.0013135902159773216,-0.9893545629428786,0.5667291210611105,5.5,0.5815196346500842
0.5,0.2,67,0.005010252755171948,0.003007359312533418,1.4615481836835802,0.002834289635951366,-1.7323962425019015,0.5885229556452094,5.678571428571429,0.5973005660013992
0.5,0.2,68,0.001674380771647426,0.0007235132470212973,1.450846267575334,0.0009872205729952771,-1.406699275748603,0.5387365689002468,5.678571428571429,0.5335021211542745
0.5,0.2,69,0.001640040962679679,0.000909640249129993,-0.1702996420809105,0.0008675911118080086,-0.07883384819849464,0.5799161040047301,5.642857142857143,0.584076416985889
0.5,0.2,70,0.0007889866280589536,0.0002063348941364657,-1.0634428258454232,0.0002457507730944897,-0.6528622234435678,0.5828555668111327,7.464285714285714,0.5971872879698805
0.5,0.2,71,0.015084985511567896,0.010427407724755474,1.5664475620843443,0.011413928012372615,-0.39711309618447405,0.5984022968652004,7.285714285714286,0.6108779569978107
0.5,0.2,72,0.02832951207826138,0.027923167465775178,6.796424321254136,0.029439736239544018,5.995107628185252,0.5941363417479171,6.892857142857143,0.6260625441888805
0.5,0.2,73,0.0027642415039535323,0.0016804235868769935,0.9106878949504184,0.0011990488735511683,-3.0277463597649423,0.633645101832353,7.321428571428571,0.6443656166452643
0.5,0.2,74,0.001809187217894019,0.001967859715653631,0.23185712885803392,0.0016670735967261084,-0.16147600138560847,0.5865843514561134,5.785714285714286,0.6070694031274202
0.5,0.2,75,0.0016889402604373456,0.00114862540475024,1.2490759335540247,0.001211889313321202,-1.3598738864879845,0.5303503779738128,6.821428571428571,0.5392335650834017
0.5,0.2,76,0.0013339520396591206,0.002509406655390805,-0.9787816426188177,0.00257104294913336,1.3626700048565397,0.576004267354631,5.321428571428571,0.5767115444783169
0.5,0.2,77,0.0029467895690182336,0.0015378882450821833,1.665233627557124,0.0019502171993819551,-0.6799674550763465,0.607039069820648,6.25,0.6154998555835857
0.5,0.2,78,0.0024185605195066223,0.0019335049723674664,-1.7603951209292177,0.0027787248727229145,0.6487389596324723,0.5767883947885984,5.107142857142857,0.5804175426028924
0.5,0.2,79,0.01260326674425664,0.016158541163985077,1.3986039432847879,0.015270611412074694,-0.7006913742211319,0.6038088284582337,6.107142857142857,0.623652675272394
0.5,0.2,80,0.0013492166990198909,0.0019091320638562313,0.31825626693368275,0.0023223970349493,2.5812193792837568,0.5769579706917706,5.428571428571429,0.6090247819130088
0.5,0.2,81,0.01284961650088588,0.006469938297740648,3.6610048423946373,0.007322795266532792,-10.821279312854804,0.6695485005487359,6.714285714285714,0.7040836483930972
0.5,0.2,82,0.003746687098612419,0.005436033901756849,1.8158890517358277,0.0045550802946004035,-2.3079258698973226,0.6270503537792352,6.857142857142857,0.634705933594722
0.5,0.2,83,0.0013338519088801988,0.0012906336840585123,1.813897664812411,0.0012452585373872345,0.3494418675037044,0.5977717197347985,6.178571428571429,0.6070405555519987
0.5,0.2,84,0.00864307530369913,0.010603677541338962,3.083575363202357,0.008742777603504868,1.2969070418369217,0.564764708513502,5.0,0.591672120388979
0.5,0.2,85,0.025763078906059566,0.016131195521377952,7.165617858557454,0.018585623806570573,2.1235130386415713,0.5577070203384018,6.357142857142857,0.6035641410776997
0.5,0.2,86,0.00442202414117746,0.011417778600564088,-1.633084763761777,0.007234661899941478,3.100786571423233,0.6203321823738914,5.928571428571429,0.6521702939768601
0.5,0.2,87,0.005325277200992352,0.003932509397867495,5.417263947421749,0.0036204233261759827,2.506889811499311,0.6561357631317397,7.321428571428571,0.6779211203987909
0.5,0.2,88,0.010767843046856488,0.005019355583955062,6.27248355115961,0.006277040980272497,-9.033747038404622,0.6743125303910832,6.5,0.7122061821510848
0.5,0.2,89,0.009587432856882697,0.00909328014255435,2.326644258819338,0.008069025053457052,-1.753623396155291,0.6440589520978007,6.678571428571429,0.673432445709967
0.5,0.2,90,0.00897313297917173,0.012211185332780672,5.571991428603724,0.008934849036817271,3.34203087307363,0.6182048317131299,6.678571428571429,0.6273942802369249
0.5,0.2,91,0.010749129050711728,0.007471321797769733,7.110535797370251,0.008855066742055055,0.3789870462034912,0.6958966533695686,6.785714285714286,0.7180056411795841
0.5,0.2,92,0.01632368421303816,0.016614968285028113,1.8418672986561357,0.01660782422536812,-0.8838024031162396,0.6007570816152571,6.392857142857143,0.6247911184833139
0.5,0.2,93,0.005538611942737463,0.011658377525604129,1.5468927712932345,0.00901152651707542,9.840188370912491,0.6202125580272592,6.285714285714286,0.6247512368108783
0.5,0.2,94,0.0038273201223277395,0.0035936822440363657,-0.5226706734383507,0.0033395946202744225,1.2132374985594652,0.6202796302400154,5.892857142857143,0.6281717867684791
0.5,0.2,95,0.0027014017130885665,0.0012584681354022899,2.4879037664637926,0.0011853542178471672,1.0645168423816358,0.5397616249255484,5.75,0.5477066853969375
0.5,0.2,96,0.001027690969429888,0.002061718104581317,-0.5575195963286319,0.0029318497145139778,3.927657129403362,0.5793774311056668,5.892857142857143,0.5842524193829333
0.5,0.2,97,0.0043800662432835,0.007080984258874947,2.310658767219792,0.005505026207347723,0.19348244448972687,0.5715259986743068,6.357142857142857,0.593026166033357
0.5,0.2,98,0.018966564152965625,0.019358760200290346,6.426029940223685,0.019903863494643105,3.883278856191396,0.5887650787528049,6.5,0.6248673513194781
0.5,0.2,99,0.005313485253576412,0.004420278023196819,0.7373858512539281,0.004989910966366038,-2.307398361445223,0.615101549562645,7.285714285714286,0.6573820490359396
0.5,0.2,100,0.025413656746590133,0.022188149761276442,3.5832994123782576,0.02229689767221181,3.562683020959137,0.6739325233995626,6.464285714285714,0.7289215617073502
0.5,0.2,101,0.017447731660488415,0.014565705665613427,3.811629509437921,0.01770407353069921,1.7562998024498881,0.5848109823817557,6.0,0.5852355705028734
0.5,0.2,102,0.015892703875981233,0.01916899724501155,2.4072006267297184,0.019277109158601455,7.058275101564921,0.721062854601637,6.75,0.770989041487053
0.5,0.2,103,0.0029678812837886045,0.007553483059631533,-1.7145146469494439,0.005621709311959268,5.020470300789678,0.5670101906975565,5.5,0.5934177306301418
0.5,0.2,104,0.0028115193715350316,0.0037154161855172474,5.564984236805761,0.0034845991947534565,0.23500076858841604,0.5889000142717453,5.285714285714286,0.601113062776101
0.5,0.2,105,0.003764694440709664,0.0042316805623924605,1.3661013514531912,0.0033346298829790228,0.024605699611025027,0.6084550205459082,5.714285714285714,0.6144713308887763
0.5,0.2,106,0.0014454757917268454,0.00104095786749638,-0.4429860650421726,0.0013623674743169529,0.3584727755119748,0.5544502778028432,5.678571428571429,0.5622957934526877
0.5,0.2,107,0.002715731025873409,0.0019250620838512163,2.3726817106324254,0.0015323793139004282,-0.4281463586256488,0.6218605017900724,6.75,0.6284917152313202
0.5,0.2,108,0.0010724153018968586,0.0006594480195668991,2.7271727550555624,0.0006009160516851804,0.7364480699666084,0.5366485257664676,7.357142857142857,0.5390935618050579
0.5,0.2,109,0.0030496873680244587,0.002304987367373209,-0.5861864382564855,0.0018985198887152782,-2.2209622642356712,0.5794088415288172,6.892857142857143,0.5724364404202189
0.5,0.2,110,0.001267046170757243,0.0013094108848893849,-1.564017845008048,0.001350416329803222,2.1726087426006018,0.5625059539106189,6.571428571428571,0.59525065809663
0.5,0.2,111,0.003616386626433877,0.0016942486197120204,3.583889633218945,0.0017641055199055576,-0.3713074818580253,0.6095829210314767,7.071428571428571,0.6082894202004976
0.5,0.2,112,0.02256631366953135,0.024077647540267616,11.310808694897455,0.021724507581335633,3.6424723278629663,0.7106020399535373,6.535714285714286,0.758809299426321
0.5,0.2,113,0.007582378519721026,0.005442238658719211,4.919342634274206,0.005124207409868466,-2.917206622222267,0.6442819347054772,6.642857142857143,0.6696482030633539
0.5,0.2,114,0.005600524991817245,0.006280190814497664,-3.0918711272202777,0.00792652496476767,7.3813182451277255,0.6302073631512606,6.285714285714286,0.6779491532414337
0.5,0.2,115,0.036061373150933135,0.037198399801809424,5.873361204129215,0.03503057199641017,4.737008398992249,0.6901778129632451,7.214285714285714,0.7250872180240657
0.5,0.2,116,0.01899871685818712,0.014777499094570793,1.532450494359054,0.017732029155905243,4.334250892932218,0.7315907330127139,7.857142857142857,0.7721783702921352
0.5,0.2,117,0.01310131857625315,0.009654857354383121,8.202248318642546,0.010839161516230586,5.8405196749494435,0.6489587690759383,6.714285714285714,0.6782584801197231
0.5,0.2,118,0.002426198866366162,0.0010092903088446687,0.11268643588030614,0.0007932441132364303,-3.286973646677069,0.5779491850860693,6.464285714285714,0.5846159109033581
0.5,0.2,119,0.004868237585028596,0.004525434425511695,-1.5189474673846444,0.0040182889241998886,-4.629069385918332,0.5274690667000518,6.464285714285714,0.5139039253327382
0.5,0.2,120,0.04179152066069334,0.034406235101516844,10.039452915760384,0.035717127684251386,-4.781825515564246,0.6755904026474951,6.5,0.7339707624894474
0.5,0.2,121,0.015594579344548993,0.012636279985095528,11.52478580754059,0.012666845040021775,1.3246101890954283,0.6037822762178436,6.142857142857143,0.6439953457434471
0.5,0.2,122,0.02331916322074231,0.026306946917104626,4.250983431106211,0.02451344127808405,0.6775968793882517,0.7597160020614749,7.357142857142857,0.8026665761273911
0.5,0.2,123,0.009112748297027778,0.008161025110422968,2.342739774346967,0.007452735223313458,1.6606473366539944,0.6737693239672619,6.678571428571429,0.6814162334932812
0.5,0.2,124,0.04829521142814331,0.07324470384940791,2.1697058072269804,0.06829944199195215,8.54415841459973,0.58332095462993,5.892857142857143,0.6307878736038253
0.5,0.2,125,0.005237065624893442,0.0024066168502342713,5.212784265513363,0.0018761051115095192,-2.322762359294605,0.6189929404421747,6.571428571428571,0.6422873339112538
0.5,0.2,126,0.033979185306389006,0.03436969231346449,9.673524912698497,0.03584657199839613,-1.107911599831586,0.6642784918541105,6.428571428571429,0.7214095243197256
0.5,0.2,127,0.0009570175001692822,0.0017378741851723596,-1.5710515253823303,0.0011917358744200296,-0.573703148686396,0.6083383014305611,6.107142857142857,0.6350276524579903
0.5,0.2,128,0.002956050575336149,0.002548461942084475,1.1336854471657318,0.002036224360099877,0.4638376217394864,0.6067776680067947,6.178571428571429,0.6285487364673954
0.5,0.2,129,0.012954738667475822,0.018598540887042932,3.491730841094958,0.015116332176130395,6.416601492843246,0.6393061253314414,7.035714285714286,0.6717182982358607
0.5,0.2,130,0.021605612815983565,0.011977996993315108,1.6627421229396948,0.01359085735579752,2.7488728732361003,0.6579998495083555,6.928571428571429,0.7027232860550776
0.5,0.2,131,0.002077756738669206,0.002378162180960623,-2.919557015070353,0.0021512900822335114,0.5385855170713777,0.5600066191522572,5.357142857142857,0.5943035765043961
0.5,0.2,132,0.007528485544488948,0.00396648337176042,9.506514034208521,0.004813685503362738,-0.4000331853752641,0.6786123306057881,5.571428571428571,0.6976750911159169
0.5,0.2,133,0.0054621669289867565,0.00493658424004629,5.3052918833895335,0.004241091998437699,1.7120325892000967,0.5885381485895586,6.107142857142857,0.6271708422869909
0.5,0.2,134,0.007391455881720971,0.008128789802408033,1.1985709492885614,0.007574509173346082,0.7308615612021944,0.6093133828403312,6.714285714285714,0.6518564106300679
0.5,0.2,135,0.009248966503301901,0.004859528064592235,0.8770011918625755,0.005930790008106059,-6.171905695675217,0.6883134569493727,6.285714285714286,0.713341195437591
0.5,0.2,136,0.00028524282625412025,0.004059358503567914,-4.021626602078375,0.004055991975940404,-1.1677808239026792,0.5643354909802063,6.142857142857143,0.5831141371068831
0.5,0.2,137,0.0037770773436815986,0.006694093037661695,-0.947982827600678,0.007779899638964132,5.163091538525293,0.5867201430376088,6.321428571428571,0.6087320916768906
0.5,0.2,138,0.011232031130980834,0.014216045845791525,3.192122464597323,0.010523940498109877,4.752323058899482,0.5434133515827924,6.178571428571429,0.5567793082175392
0.5,0.2,139,0.0018122136344779888,0.0012818554994967943,-0.36395285506720637,0.0012268777924980658,-2.8242481479242088,0.5447039194436228,5.857142857142857,0.5640178870859931
0.5,0.2,140,0.027827867189169762,0.03223163013728081,8.804077917141726,0.031010971529383934,1.9066382502373642,0.7361201593711284,7.392857142857143,0.7910080216426822
0.5,0.2,141,0.0015258335500388184,0.002526900351215615,0.0053926375468999295,0.002072793933897862,0.5766596446996365,0.6232170021218143,6.607142857142857,0.6509317593353201
0.5,0.2,142,0.01123431609610261,0.011513484407670114,7.610371664217297,0.011707669587538015,-1.4934571410887638,0.6390647125549809,6.607142857142857,0.6732667129693051
0.5,0.2,143,0.0021775972859858386,0.0016973184945682995,-1.4748046785258662,0.0009476036245418157,-2.057257270053318,0.5778645494715298,7.357142857142857,0.60777861292358
0.5,0.2,144,0.015010265601699218,0.010566135594159514,3.6783648131369753,0.01140621156731425,1.2600582059532996,0.6603893789714438,6.785714285714286,0.6791085883944403
0.5,0.2,145,0.004519302397454858,0.003243075437058179,2.779820453363849,0.003208526043786196,-5.959679266635997,0.6908118749378482,6.107142857142857,0.7147742399862087
0.5,0.2,146,0.002347395728647453,0.0012061364761074996,-0.6819178324049346,0.0013283592974654213,-1.989431054623007,0.5404977355391909,6.428571428571429,0.5539763458230041
0.5,0.2,147,0.006119807633504616,0.0051722723754935454,-4.5839277914746885,0.005796104195836423,-6.282086309255315,0.7066642117874684,6.928571428571429,0.7335951907953543
0.5,0.2,148,0.02206444468315212,0.02838001881982736,7.945929056121798,0.02396387546215105,12.20437249100946,0.6569176585262279,7.071428571428571,0.7116749964962719
0.5,0.2,149,0.011967635826479705,0.012167575355898203,7.7008230170317615,0.010404618057869786,3.9243113214853245,0.6469904081072715,6.535714285714286,0.6645440933153484
0.5,0.2,150,0.015534361652188858,0.01146572275088648,11.538540878573277,0.012307232558523297,-1.7206417325168861,0.7010508980969155,6.392857142857143,0.7208755323631197
0.5,0.2,151,0.0026241210507013885,0.0035964586065167425,0.2426109364694374,0.002022915816457272,0.41775366200237346,0.5520526416274597,5.607142857142857,0.5622536586920741
0.5,0.2,152,0.010344781911513027,0.010334189222689454,1.258727403271564,0.009888079671391404,-6.225285119045689,0.6932547183169081,5.714285714285714,0.7253203221246204
0.5,0.2,153,0.0036562480685534003,0.0032241677203708368,-2.0829151380362703,0.004503171314832874,-0.3030499431325211,0.5301799796620011,5.785714285714286,0.534954950633455
0.5,0.2,154,0.0030614920231525253,0.002100139431335175,2.5762967667364762,0.0019053836777952276,-2.6276997071651826,0.5820219829242224,6.5,0.5823027437267951
0.5,0.2,155,0.007303271546098022,0.004324592193207814,2.374801434885285,0.004654341737469528,-5.832342619387409,0.7067169360739636,6.071428571428571,0.7308631000941312
0.5,0.2,156,0.03595536345307901,0.03288108023406103,7.225678958226268,0.03345708916537618,5.798604010427492,0.6971631545462571,7.607142857142857,0.7482922861487769
0.5,0.2,157,0.006387147491778569,0.006136554936642287,6.024804855843986,0.005763390972052666,2.3613221723263678,0.5626367023634117,6.321428571428571,0.5637425375821017
0.5,0.2,158,0.0024537032339003685,0.0028421571711609024,0.9704841042837131,0.002953869315027754,0.8554637717804875,0.5478895394783587,5.142857142857143,0.55335666610663
0.5,0.2,159,0.0023001564397234493,0.0018929101552325807,2.199941400290309,0.0021038792885154007,-1.7446486968495474,0.5569342063369971,6.75,0.5700640089778323
0.5,0.2,160,0.012343473493635074,0.0033450687212844966,6.674100795192753,0.005142626747870479,-1.0657966530105984,0.5979232002057235,7.214285714285714,0.61696785317425
0.5,0.2,161,0.008140079337838443,0.00848592374885321,2.969254937326023,0.0066498432485106555,4.716619853272675,0.6250002100081896,6.535714285714286,0.6518980525276428
0.5,0.2,162,0.02318840339579425,0.025686824869586213,4.865705428794125,0.02442454215859698,9.747523962806326,0.6803658612912776,6.285714285714286,0.7002285340531722
0.5,0.2,163,0.003587018746540547,0.0025598744747314228,-0.4804237340959408,0.0030717660375073706,-0.4173428480623045,0.6227299094285812,6.571428571428571,0.6377599543862298
0.5,0.2,164,0.001113530537616665,0.000992698477396558,0.29855415851768424,0.0010468756061009236,-1.4366421408556864,0.5421805457585367,6.821428571428571,0.5482336666282754
0.5,0.2,165,0.006099148690209748,0.012135409963457551,-0.6511043465549923,0.011474201624242647,3.3865627777733116,0.6370870114072728,6.607142857142857,0.6305276318608415
0.5,0.2,166,0.004701010221567852,0.005989881602342735,1.4240421814410145,0.005915182487052964,2.2136489190490827,0.5581249642595729,6.678571428571429,0.5585164492611758
0.5,0.2,167,0.02628747878775856,0.016609085430049828,12.292663336540889,0.019207604604779435,-0.6864022835047005,0.6809921925396256,6.107142857142857,0.7188874133899452
0.5,0.2,168,0.009758601719448028,0.010775910393648535,-4.0846128549095795,0.011427616043064909,2.931104729672531,0.6668978620250602,6.571428571428571,0.670770230917549
0.5,0.2,169,0.033751144402683314,0.0245205003586397,8.923165688244618,0.023339087581485517,-4.319179121068696,0.7185307052078098,7.178571428571429,0.7677293157565834
0.5,0.2,170,0.00045580024151071607,0.0005399769307546633,-1.333120219371627,0.0004280084174894006,-1.4290678550095872,0.5674184403391461,6.178571428571429,0.585990133757044
0.5,0.2,171,0.005728119859574853,0.005717862813944622,-1.0069473977849555,0.005897082729905764,7.007087291616955,0.6024561790743193,6.25,0.6135617270043596
0.5,0.2,172,0.002403326021413414,0.00029201985983187993,0.8862206897486828,0.00019472717951694198,0.3769447019285603,0.5622561356575161,6.5,0.5774141559448127
0.5,0.2,173,0.002480146436274188,0.0024101005617573118,2.0983481992960833,0.0019928445857710884,-1.9653442826542005,0.6570425979163286,7.464285714285714,0.6560228031835793
0.5,0.2,174,0.03687507005621956,0.032320409997786195,-0.7403157828173667,0.03308566717088573,0.14754787279354295,0.6617718161241983,6.392857142857143,0.7166941628082825
0.5,0.2,175,0.002060742635594879,0.0008123184087780063,0.5264876666313777,0.000597138378543327,-3.319887602056857,0.5148427748393897,5.071428571428571,0.5230791139575841
0.5,0.2,176,0.002953624530390835,0.0009298803019504981,-0.4724278325346347,0.000928318966161841,0.9674661424453083,0.5504260415954988,5.714285714285714,0.5581730846579123
0.5,0.2,177,0.0020953648953486452,0.0012022539075537211,-0.045522616189155464,0.0013456578251358421,-1.2406499985632706,0.5327408073789119,5.535714285714286,0.5339278441771861
0.5,0.2,178,0.008443085938222857,0.007077446967714577,2.4185514889939554,0.007733040765314452,-0.5385417135556262,0.6460233639991969,6.285714285714286,0.6588308551433737
0.5,0.2,179,0.00255388152968985,0.0020720216222067365,-1.5479644782838495,0.0023074944409647424,-1.2510827739995136,0.6236319817665222,7.357142857142857,0.6486750300059292
0.5,0.2,180,0.0009618910682157413,0.0002867084058421409,0.19347052798163608,0.0002616372653091577,-0.9936779926237497,0.5614645884559221,5.821428571428571,0.5761305595397135
0.5,0.2,181,0.0019120833794811997,0.0025046418116099005,-1.5339372121458628,0.0026976554566358717,-1.1473780571029693,0.6197811193377346,7.392857142857143,0.6213055106045744
0.5,0.2,182,0.04099222639317992,0.04177928209291945,1.0273826623391595,0.04003928151746556,8.21510311090214,0.6143396044949674,6.035714285714286,0.6776256942698853
0.5,0.2,183,0.001141949792047172,0.0004830976680127456,0.22747758375573804,0.00014029571297798532,-1.2632691081989738,0.5942928485470231,5.571428571428571,0.6175009398722129
0.5,0.2,184,0.006210372175630883,0.0067564210848395515,-1.6377535907036531,0.007690689799896589,-0.8793403177173502,0.5803082482493268,5.857142857142857,0.6123022607713092
0.5,0.2,185,0.0026299369826898885,0.002846772744430221,1.8725625758508972,0.002728350370497202,2.120637384343761,0.5967385830099967,6.321428571428571,0.6036606919411829
0.5,0.2,186,0.002491119826536635,0.0008193411312964079,0.8795178364352315,0.0009044400536061895,1.8173788945494682,0.6241627603627432,6.571428571428571,0.631954128371942
0.5,0.2,187,0.009909757865268033,0.011478292058658395,2.3360168287100103,0.009905587684721584,3.9140128930836036,0.5834272736957445,6.25,0.5896852084273283
0.5,0.2,188,0.0021312337732888632,0.0021124254566534076,0.15675037021099078,0.001546910042355511,-0.20668446192103337,0.5791751742937038,5.5,0.5910930867856725
0.5,0.2,189,0.0029023304268840254,0.0010444580908768744,1.532719827125381,0.001190189168635879,-2.7015942960589903,0.6264375660363395,6.571428571428571,0.6285667410559603
0.5,0.2,190,0.003992340381348926,0.007450018869409873,1.437291200062153,0.006422051935074449,1.2910149455077544,0.5341224988131893,5.142857142857143,0.5464882072635531
0.5,0.2,191,0.0071071934016442686,0.003415904152407609,1.5291511484993237,0.0044698395055842045,-3.5996399741411267,0.5595110956634575,5.5,0.589918644456052
0.5,0.2,192,0.0023550275043788217,0.004992351110358789,-3.315983393855513,0.0030776787681168023,1.0029753968044968,0.5928473718568636,6.785714285714286,0.5914995780916364
0.5,0.2,193,0.013694669095454018,0.014072620433919792,0.8088029446640993,0.014767931342411856,-3.9796555416112938,0.7139741290884902,6.428571428571429,0.7459578655109639
0.5,0.2,194,0.006894297406125551,0.00140814898856621,5.970179767158584,0.0008245460721538723,-1.922777801694527,0.6437731227478027,5.964285714285714,0.675327413568784
0.5,0.2,195,0.0013780860482748537,0.00045193270588267273,0.033857216620513476,0.0003543534542985163,-0.42535774542087285,0.5118700429659867,5.607142857142857,0.512152390676679
0.5,0.2,196,0.0044994317746321595,0.005327245593868817,-2.067158139432754,0.004591984205159563,0.9866836988890384,0.6564038992311657,5.785714285714286,0.672195590826131
0.5,0.2,197,0.0017743174754696468,0.00012990350273020472,0.8322190498869872,7.203613445937622e-05,-1.2050469634559704,0.5506269442015542,5.642857142857143,0.5533111617721788
0.5,0.2,198,0.002524529696343818,0.0038961590652291807,-0.363710176014564,0.0026043847195648282,2.087860588593287,0.5906425242799351,6.75,0.5980717558393118
0.5,0.2,199,0.0072051074725106076,0.004983614737726593,1.8387579401244618,0.006201201603270294,-3.34360327965238,0.6828410889800688,7.357142857142857,0.6977638668135003
0.5,0.2,200,0.006665978833627578,0.004384389555222886,2.827603689199094,0.003583333486518436,-0.3026385393990078,0.5859928478994731,6.357142857142857,0.638204305620327
0.5,0.2,201,0.014566930650111514,0.013736994518590395,2.0960328627511537,0.014278647172990974,3.218288971047419,0.6735326178803858,6.642857142857143,0.6922282504456978
0.5,0.2,202,0.005458332020977723,0.0032128813582041477,5.454421406645537,0.0035769111142147287,2.516663923092968,0.5939546522145652,5.857142857142857,0.599968544273844
0.5,0.2,203,0.002975759774537992,0.0015822981633942326,3.56316999817534,0.0016522789019986683,-0.4070008403047704,0.5658264258620467,6.928571428571429,0.5908374518033384
0.5,0.2,204,0.001463420758659345,0.0034707869211722873,-2.2605592240878423,0.0032990997351632755,1.8454308886075144,0.5943330338223209,6.964285714285714,0.6005478796300314
0.5,0.2,205,0.012998509641692533,0.012316332532764722,6.627022121947846,0.011591118966565651,2.37627754411803,0.6479331039357206,6.214285714285714,0.681671275028283
0.5,0.2,206,0.00536352577002942,0.003188991232348275,2.9283307520402104,0.00400764526834966,-3.175834298075396,0.7469386808644513,7.107142857142857,0.7674758533949921
0.5,0.2,207,0.002653958082011663,0.0037600127529913464,0.8667979031987917,0.00305020333034213,0.7069599607564498,0.5504498750263526,6.464285714285714,0.5605553431857895
0.5,0.2,208,0.007094212072864825,0.006161047053580462,4.634675191881381,0.006376382482013813,3.418072386965671,0.6535577164159482,6.0,0.672289003459652
0.5,0.2,209,0.00897278918852662,0.007634618542025595,1.4402528624198492,0.007277279738104389,0.7735447123594857,0.5853557525310756,5.5,0.6102471526585579
0.5,0.2,210,0.01892780220545019,0.01871639875817734,1.9678816996256216,0.014950526619301671,-3.56300083474153,0.6454961429609618,5.607142857142857,0.6901165737261927
0.5,0.2,211,0.00890302960503034,0.01654065625391402,-0.24071746493778315,0.014112759666969453,2.6780629450858178,0.5709442908687223,6.5,0.5790005110738252
0.5,0.2,212,0.000812860894956703,0.00033779003333408265,2.2633318694020184,0.00031978962437197324,0.9807708958813919,0.5951502168945341,5.75,0.6042141771339
0.5,0.2,213,0.003099250129898332,0.0037335046462254303,3.808432962501712,0.0035909546946287937,-0.39175193559856325,0.676277761819735,7.25,0.675317184146119
0.5,0.2,214,0.002132255234360715,0.0013876377640975853,1.8713839412786133,0.0010042860201254092,1.602396332593808,0.6228960076623855,6.75,0.6525947596961009
0.5,0.2,215,0.003459659530153462,0.0032832892417912134,-1.8113666717199142,0.0033103702861005183,-2.8261216919054655,0.6127034980316548,6.0,0.6250256106471213
0.5,0.2,216,0.004046749378283573,0.0032497805448888405,5.650907438659327,0.0035461443923166178,-3.1322319833629138,0.608610271081494,6.142857142857143,0.6296803298879173
0.5,0.2,217,0.003443430168701112,0.003267168136378879,2.5290798172336793,0.004054188280079618,2.019927928672369,0.5345137078979908,6.178571428571429,0.548849926478665
0.5,0.2,218,0.006335221944301863,0.004523849887036776,2.4721262185845205,0.004463736198896886,-2.40420155964631,0.7300491821436993,7.785714285714286,0.746915649272043
0.5,0.2,219,0.003303747343082101,0.0023243886886509767,5.457823913070598,0.001957766742777834,1.6089335087807985,0.5778107262691197,6.285714285714286,0.5909686338391282
0.5,0.2,220,0.0013147229024000116,0.0007414123598243512,-1.1521451697601417,0.0007828338994276535,-5.61235151152087,0.636039472838017,6.714285714285714,0.6409360744518102
0.5,0.2,221,0.0020355598493491853,0.002143740559958512,-1.1849005272660615,0.0011993955623834068,0.05358163515062605,0.5666148505388395,6.321428571428571,0.5810689767807747
0.5,0.2,222,0.007552496829558526,0.0051785904709674745,4.491096525949388,0.005011121016031254,-3.553882490654511,0.5868678883647777,6.607142857142857,0.6209579114025479
0.5,0.2,223,0.014259413292115492,0.011956330092013117,3.3207493316806356,0.011831794145905555,-4.640043816698987,0.6377440482051396,7.357142857142857,0.6581632369526418
0.5,0.2,224,0.0194127760247947,0.014870197357327412,5.106267590156477,0.016529115913974154,-0.9996021457846211,0.6522046240381589,5.785714285714286,0.6802657805176984
0.5,0.2,225,0.001187886215744761,0.0033270773681548793,1.1051385933229672,0.0023706882766188096,4.756591861780142,0.555492905672706,5.785714285714286,0.5839883554367905
0.5,0.2,226,0.0021024368735887643,0.001883924770996701,-0.2770999812433293,0.002082075708995035,-1.6134945915417898,0.5820276995639162,6.035714285714286,0.582144534691299
0.5,0.2,227,0.0031580753048468225,0.0023070633326628368,0.23260132227359995,0.0030501845536997315,-0.2864076112525235,0.5953480005259807,7.357142857142857,0.624712280513944
0.5,0.2,228,0.010900309793505472,0.010790803157883045,4.568195456646397,0.010650721840540228,7.526296485309596,0.641608422767155,6.464285714285714,0.6702243197221442
0.5,0.2,229,0.004300884992951872,0.00905403279398851,-1.403338354764448,0.006583386231385371,3.703386270792796,0.60101945300042,7.214285714285714,0.633821113680263
0.5,0.2,230,0.0019158659827176593,0.001226549253426808,-1.2741522650639088,0.001349872221995582,-2.449939333323878,0.5614651323966754,5.857142857142857,0.5729787708147691
0.5,0.2,231,0.0031002891968871416,0.002882032348095068,0.2397856004172733,0.001925346618268074,-0.05150608079373834,0.5868873118021752,6.107142857142857,0.5963227156737352
0.5,0.2,232,0.01278192437147982,0.008257572479105255,3.2254731450977943,0.008895493632468698,-6.423942160740533,0.7246021754320721,7.285714285714286,0.7549259309583072
0.5,0.2,233,0.012319737867439477,0.012897125711012397,3.4095095195690988,0.013614357779287746,5.740705401173727,0.645140098799029,6.0,0.6765258854861596
0.5,0.2,234,0.006962439325801481,0.003819112765941681,6.872921703422861,0.00391684555148089,-3.1714527069234464,0.599341580644128,7.0,0.6225294504651046
0.5,0.2,235,0.015423281771456574,0.009746297298693907,8.245426196189774,0.010542959790101045,-3.5194549534458113,0.5882295265696765,5.678571428571429,0.6135329498379439
0.5,0.2,236,0.02541323666617204,0.025718061345984675,7.737017595798345,0.025776096761322236,2.9871757831371135,0.6145651477720406,5.642857142857143,0.6423518989693535
0.5,0.2,237,0.003846383752623154,0.0019162565832128663,4.145622035094523,0.002389758153285161,4.214933587605846,0.6163160349757877,6.892857142857143,0.6173806611738557
0.5,0.2,238,0.0059513491393691454,0.005697297266810941,4.335068618870404,0.0046916364283632085,-1.2231675913889148,0.5716998920502124,6.892857142857143,0.5783675341138295
0.5,0.2,239,0.007106011645681912,0.0053508155731171085,5.672427916540651,0.004593842891818821,-3.1249103338518296,0.5808004188131346,6.071428571428571,0.5739847344525109
0.5,0.2,240,0.0027935966999082283,0.005502274585460619,0.39169641903059943,0.005047517262013229,3.3065459450760195,0.5664144143292941,5.642857142857143,0.5830058178810418
0.5,0.2,241,0.0037708530079143786,0.0006922715789440383,4.184724393905782,0.000993310393705705,-5.274634500318949,0.662569652675323,5.785714285714286,0.6836962581450835
0.5,0.2,242,0.0037946769703180163,0.003263830613545396,1.7903184528270988,0.0033989037165663995,0.17862700656661445,0.5883116083642267,5.892857142857143,0.6099274555395922
0.5,0.2,243,0.0037787061762427853,0.0008082829216645499,2.077446341972982,0.00033093888994141686,-1.184873956886899,0.5730114317221014,5.892857142857143,0.5887046523821647
0.5,0.2,244,0.01652082799701208,0.013210378775465229,4.125988935735393,0.014576534805484648,-1.1793536789832426,0.6314930894021658,6.964285714285714,0.6502151767104349
0.5,0.2,245,0.0012998161199643241,0.0012071673809833832,-0.31260834665435294,0.0008600578913082219,0.8334201435952574,0.5723422190666064,6.035714285714286,0.5873342215563497
0.5,0.2,246,0.01699417839641999,0.019089927573707217,-1.833173863828269,0.018914631153215056,-3.617280529375383,0.6524365794377865,6.785714285714286,0.6925869642121737
0.5,0.2,247,0.003142983108471274,0.002875708358333362,2.6290227107959083,0.0031657357093299184,0.658327663407789,0.560524697346708,6.5,0.5894883347893496
0.5,0.2,248,0.025558536247540533,0.027360777399431303,3.9175988686172425,0.02434216901565776,-4.024188110161096,0.6531155525365829,7.178571428571429,0.7021702031995352
0.5,0.2,249,0.00974645150234319,0.010587779952378215,4.281555358877806,0.009280556219532684,-4.235393044094053,0.7070165627165926,6.357142857142857,0.7347758592927524
0.5,0.2,250,0.0015539090539390065,0.0006208497068148754,-0.17504497137000877,0.0006319168951901246,-1.7791062856063509,0.5875151714020522,6.25,0.5934205268735055
0.5,0.2,251,0.004278341174600169,0.001977586160224377,2.250232543297301,0.002057664086474051,-2.1717995780784918,0.6981183614796249,6.107142857142857,0.7236560544017394
0.5,0.2,252,0.00340608304160825,0.0014263728915221204,1.5244522795672613,0.00171113643404113,1.0299303597097758,0.614761634905251,6.75,0.6244161201196947
0.5,0.2,253,0.0024778812992172256,0.004855481347916805,-0.9033478168597829,0.005846381011982552,7.879785598792552,0.5875572393213015,6.071428571428571,0.5931971995662946
0.5,0.2,254,0.001858989180797569,0.001760273946926058,-3.5518338519039787,0.0022769711826551376,1.0466022144217202,0.5649463546118889,6.5,0.5978773263996691
0.5,0.2,255,0.0031567696131636993,0.0026289007980843616,-0.9683956310830126,0.002628303472974152,-0.7792498059594285,0.5741435874780828,5.892857142857143,0.5990401512433721
0.5,0.2,256,0.00522224988183038,0.004286014894324849,3.7888090261072307,0.003878612374392457,-0.04196646725216624,0.6545273255133938,6.785714285714286,0.6638037023881542
0.5,0.2,257,0.014647137969603694,0.015586535947472181,-2.213764552141697,0.016977338204218217,3.765680924728713,0.614430280746598,6.714285714285714,0.6390857559609484
0.5,0.2,258,0.005233503761080103,0.006499861183232782,0.9857415980339871,0.0061177714653985835,2.664652814903775,0.571948082813221,5.892857142857143,0.5873119521937336
0.5,0.2,259,0.004001163043531215,0.002011648222272604,3.124669668287235,0.0021476264529740924,3.2179644794386015,0.5818231378940046,7.071428571428571,0.6050378216809557
0.5,0.2,260,0.0033205207229501147,0.005408455265950907,-0.07050876838478833,0.005865233751539405,5.043917679140985,0.5898740715883637,6.928571428571429,0.5964268304761016
0.5,0.2,261,0.0010115413433080024,0.001128215092778604,-0.5716140423709154,0.0007480775666133023,-0.37752626636595704,0.5939658685669864,6.642857142857143,0.6119182601134076
0.5,0.2,262,0.0014791716549535162,0.005405991293757148,-3.1701389342839263,0.0060393870543598285,6.666949203569914,0.5784444514154278,6.142857142857143,0.5618534237291757
0.5,0.2,263,0.002016712244104053,0.0009350935915818733,0.5748601594105954,0.000581519728980525,1.1499474221240575,0.5798988674389588,6.571428571428571,0.6013966501336432
0.5,0.2,264,0.003611507333895018,0.001553482604265143,3.121131157237585,0.0012877658297889905,-0.17260662362394896,0.6677450453324577,7.035714285714286,0.6753865973671729
0.5,0.2,265,0.0027509647933610004,0.0013618598539787317,-0.7527149941030492,0.0016825261465602045,-3.9801549710622246,0.5820462812931354,6.678571428571429,0.5741069846030241
0.5,0.2,266,0.0017341031885847109,0.000658417745541228,1.0870533761391148,0.0005930081215781104,-3.8721851258850393,0.613235493762837,6.607142857142857,0.6422673377536743
0.5,0.2,267,0.001821391012118209,0.003088003787126771,1.0071845363001632,0.002721267939678409,-0.5461208656699625,0.6104020632224262,6.571428571428571,0.6272351458259271
0.5,0.2,268,0.0039655407366832015,0.006487123335572031,0.20465243245660267,0.004434669283163293,2.661155589525672,0.6225045109817919,7.214285714285714,0.6255390431741032
0.5,0.2,269,0.002312257546610829,0.001491794702180526,0.9804039515712475,0.0014777078223212065,0.7069273046275839,0.5383195715699516,6.178571428571429,0.5542637050915584
0.5,0.2,270,0.003158515552005719,0.0006883612703921446,1.2404444035826903,0.0006596192328366248,-2.0478435590190807,0.5782876225196166,5.821428571428571,0.5852176966738902
0.5,0.2,271,0.01260094084034612,0.00816178729787455,7.156608510446915,0.006671798116465629,1.6924560511632951,0.6035852727527545,6.428571428571429,0.6239540056993375
0.5,0.2,272,0.002235827378662586,0.003072703561087699,1.1565770654233347,0.0026506684888412324,-0.18593876983220525,0.5662795569208405,6.75,0.5761668201775776
0.5,0.2,273,0.012443390797736945,0.013513980439981942,2.4550996928996462,0.011977147514187306,3.82676031859422,0.656569537406008,7.392857142857143,0.6969334931771989
0.5,0.2,274,0.005220685633504255,0.0057343062082347365,-1.2726466903570213,0.0036484968917519425,1.6477726593980055,0.5212219279360079,5.535714285714286,0.5421174274253266
0.5,0.2,275,0.008798623476897029,0.005296359782057202,5.656471738264997,0.005326160484766607,-6.435474238451699,0.6266641308658494,7.678571428571429,0.6539113175742322
0.5,0.2,276,0.005759506392957157,0.0021218713841634033,4.2912471688928235,0.002220557066583176,1.4346175705951225,0.5511071038190666,6.571428571428571,0.5763254013749601
0.5,0.2,277,0.004462008879016544,0.002013053783424943,-0.25947910700594434,0.0019092170235849128,-1.1046714594901061,0.5938097044522982,5.785714285714286,0.600876015771235
0.5,0.2,278,0.0014764970606733197,0.001266665519467293,-1.224845544605974,0.0012735445282366013,-3.3084040347517885,0.5706451810374429,5.857142857142857,0.6067280099763124
0.5,0.2,279,0.0028196453517880596,0.002843113075123846,0.9078473826664416,0.003543392575187952,5.488459963205496,0.5883843730662736,5.928571428571429,0.5909196995802632
0.5,0.2,280,0.0013025421937314873,0.0006737254794975269,-1.1283248895696356,0.0005432794799950173,-0.9245172475390669,0.5890039420000887,6.571428571428571,0.6176217416088974
0.5,0.2,281,0.0036660348039197076,0.004042927158439974,-0.05748181912417749,0.0035503555273513118,2.3987122743789655,0.6432903920260296,7.178571428571429,0.6368014866519538
0.5,0.2,282,0.03025198004664936,0.02730866046507423,10.725951267261971,0.028095031813747024,1.2234699768369808,0.6476554485673015,6.035714285714286,0.683498207670869
0.5,0.2,283,0.0035237931638028653,0.00632956059787935,1.9280921648317435,0.0049269576264264845,5.371746524651314,0.6066583590294388,6.071428571428571,0.6084875109084296
0.5,0.2,284,0.005040552912440444,0.00521885737425489,0.992032011625137,0.004657250073959763,0.2868469903821354,0.6461152881887958,7.357142857142857,0.6560380417040688
0.5,0.2,285,0.0015087031297523765,0.00046799283124039696,-0.6371739569797512,0.0006026041674064369,-4.857131419708442,0.6069137042458296,6.321428571428571,0.6139477695234228
0.5,0.2,286,0.002080452933815123,0.0004783750527692923,-2.9950565831766482,0.0006420914884338177,-1.4775291150473322,0.556536976328569,5.607142857142857,0.5749181566976659
0.5,0.2,287,0.04103923613600285,0.03736776792302395,8.517947496019985,0.03718182954931568,4.466940152799954,0.6978749577613701,5.857142857142857,0.74431759720055
0.5,0.2,288,0.01390227978422037,0.010561680791028384,2.885790029232055,0.009613662150929925,4.185037332739891,0.5829928039009824,6.428571428571429,0.5951531919160745
0.5,0.2,289,0.001210056555070838,0.0032026364497799126,-0.12096723193655141,0.0022416001496093994,-1.1121198137706756,0.5980701266344336,6.0,0.5946427467426141
0.5,0.2,290,0.001986339865204222,0.00041224841512047065,-0.2536973517520759,0.0004502944491288807,-0.3379927800946329,0.5759656324815623,5.892857142857143,0.5767088789945349
0.5,0.2,291,0.002580137365719939,0.0017364523681666468,2.3738039258203494,0.0013161764987384141,0.5652416525022564,0.5836860688060785,5.892857142857143,0.5932741566093731
0.5,0.2,292,0.00603501140617907,0.006392287798617226,1.0607668891562791,0.006632381535146162,2.9057215018236113,0.5370825825769393,6.107142857142857,0.5418304302602295
0.5,0.2,293,0.0018319083250400768,0.0007689235165462599,-0.15007263872041676,0.0005298177880004039,-4.219552303434369,0.5871124527323675,6.464285714285714,0.6070258501282657
0.5,0.2,294,0.0035303055742299696,0.001239800753668598,3.325412203075293,0.001702542357534414,1.7135378104305705,0.589758521457789,7.357142857142857,0.5946778707779599
0.5,0.2,295,0.002230640453396166,0.0021813547449417102,-0.09955144889886469,0.0020676766732298265,-0.03236605984506961,0.5781716171997439,6.178571428571429,0.5937783655566267
0.5,0.2,296,0.002916829089232385,0.0036729821697319854,-2.2010598150758462,0.0034651815561903983,-0.2247874217763505,0.566827182358863,6.642857142857143,0.5956178108853439
0.5,0.2,297,0.002261138434888951,0.005282832049855465,-1.4424727653179634,0.00444842262091527,3.7536522415762668,0.5894129256557697,6.285714285714286,0.620347636317631
0.5,0.2,298,0.0012274122530830508,0.0005802236170925626,-0.7038331208495473,0.0004001467113120912,0.7261954360223228,0.5967745362132117,6.571428571428571,0.6033341047981017
0.5,0.2,299,0.007271552522286142,0.0066146294506390394,0.7240197282127857,0.005614571671739293,6.429228932189052,0.6042333603938509,6.392857142857143,0.6293014992627096
0.5,0.3,0,0.0025816423026804,0.0014785156747840647,-0.9343479008658638,0.0015931133171233304,-0.9322835883091898,0.6134650768847074,6.785714285714286,0.6090060832928176
0.5,0.3,1,0.006432578042589449,0.007996830110630085,3.762312792246585,0.00792293154813808,6.5684044690049275,0.6809558146205882,7.214285714285714,0.7124334925963245
0.5,0.3,2,0.007340394963162331,0.0063418901112569995,4.877833485469409,0.005181377864064908,4.9789592784518675,0.6300774135749709,6.785714285714286,0.6762460096890537
0.5,0.3,3,0.01960487398974308,0.020173731178363134,2.526642043364878,0.020249135687466162,8.063353764308815,0.7346221833653489,7.714285714285714,0.7793989546304536
0.5,0.3,4,0.0261307968320263,0.02959549482014286,6.625753055629228,0.025781499766140793,8.038194832777188,0.6553122511389798,7.75,0.6978334912615711
0.5,0.3,5,0.016393283348019396,0.009343098309826018,11.020242795111292,0.010588667598883189,-6.683065786437406,0.7482976770723633,6.464285714285714,0.783665498965161
0.5,0.3,6,0.004255974500101086,0.00161759339453065,1.3017860794597027,0.0012460864730405698,4.342511848286279,0.6164991578937136,6.714285714285714,0.6380204978820946
0.5,0.3,7,0.026879292035798946,0.01664374272043741,3.179915078398077,0.019842572858022142,-7.384897948110364,0.694363975892467,6.642857142857143,0.7408274932038839
0.5,0.3,8,0.012996115095157728,0.01137952539545741,8.35663431866188,0.011159504306938036,1.1095225891138891,0.7322435261318142,7.785714285714286,0.7633491312869
0.5,0.3,9,0.0032709289900829603,0.003730740527594567,-0.2643243201689908,0.0028293512568403232,0.14205371299323133,0.5734263456507502,6.714285714285714,0.5725389056401692
0.5,0.3,10,0.005613436944788297,0.00681780215894897,1.4773279182021308,0.006524723826973851,-0.3285286997051742,0.6681212617434548,6.678571428571429,0.7038025957597555
0.5,0.3,11,0.005415065084147543,0.009521357558815549,1.2001296831346149,0.007440122635076486,6.688352500918256,0.5972864886507434,6.642857142857143,0.6001071192552181
0.5,0.3,12,0.010215729754054947,0.006026814545452972,9.24786905588858,0.006813895061493889,-2.7921856896836723,0.7179639328151435,6.714285714285714,0.758265822370823
0.5,0.3,13,0.010010903626870292,0.016188742349835285,2.235047085554944,0.013308334389235026,0.8653495149727254,0.5184565182292991,6.035714285714286,0.5114212635629308
0.5,0.3,14,0.005526074777301416,0.006722517126741442,0.7204160292566067,0.005668869568913078,1.5853931004687258,0.6173833535237029,6.714285714285714,0.6548884034612644
0.5,0.3,15,0.004826434343241656,0.004471007919257944,-0.42297703028096595,0.00515027052476204,1.5708925067069022,0.6915853657968667,6.285714285714286,0.7209048828600093
0.5,0.3,16,0.004780362720540604,0.008730683364570632,0.8909969320717153,0.008560595122715469,8.870626395100507,0.6170951287084868,5.642857142857143,0.6467280500088612
0.5,0.3,17,0.0035257165109362563,0.007276949104188212,1.162983741285179,0.005512390851425846,2.844017011774838,0.6142421766080133,7.678571428571429,0.6021691073336556
0.5,0.3,18,0.004959838402830496,0.0062919703547731345,2.7849421292182606,0.006021290153920809,1.6860826651633734,0.5509536303260089,6.0,0.5592415916094513
0.5,0.3,19,0.01222368292377944,0.012202213730452594,-0.06294172746834192,0.009837841844957616,-5.634841507699908,0.6569113121362571,6.928571428571429,0.6768092113245383
0.5,0.3,20,0.005171257764490871,0.004651463327902391,-2.389503954305733,0.0037529335596147217,-0.8628881596198141,0.6078516290006816,6.75,0.5901652067350982
0.5,0.3,21,0.0007219680623695729,0.000914813385605297,-1.1436417450831111,0.0006261791145555981,-5.326377766960576,0.6092717356921119,6.535714285714286,0.6291537409353245
0.5,0.3,22,0.03694025024150271,0.035910481502304435,9.440054059635296,0.03325834929325414,1.817475636360039,0.6370986090871847,6.785714285714286,0.68176015131016
0.5,0.3,23,0.004245917950768159,0.002403708051598735,3.76741865582135,0.002183110334215695,-0.20073183711675333,0.5467464055986416,6.428571428571429,0.5606009481045344
0.5,0.3,24,0.00948549207554219,0.005468717732815843,1.1202697344369028,0.006575001292119611,-4.304258570285886,0.6447967148173157,6.714285714285714,0.6613482386113521
0.5,0.3,25,0.01643091659225114,0.019384153588430517,4.024718594139604,0.01823893229942054,3.244695553464832,0.6666217629194089,6.25,0.6886316176236176
0.5,0.3,26,0.0031225824078927574,0.003981998666775557,-0.6621911215702122,0.0034554253358300008,0.14343386772747144,0.596991639008519,6.642857142857143,0.6174932250568894
0.5,0.3,27,0.011005457190932225,0.003848137116270104,2.6273115841715744,0.0034983189247790626,-12.158242044518687,0.732465902073159,6.857142857142857,0.7729481519499364
0.5,0.3,28,0.02555539130595887,0.01606053630229072,11.900049218112978,0.019371253266211853,1.8648990189942272,0.6925977556039867,6.857142857142857,0.7264522877070287
0.5,0.3,29,0.014476121292187366,0.01600279183339558,2.9286823978881102,0.01413553602195437,5.506197417311815,0.6596994305621443,6.142857142857143,0.7012415587083289
0.5,0.3,30,0.035045219254727866,0.03269444749613994,4.533874530822629,0.03281441273019468,0.9461298272717897,0.6979266904362538,7.571428571428571,0.724936552810594
0.5,0.3,31,0.029204268503644725,0.022192561786350377,6.718251175228147,0.0216318879340959,-1.2406633754336742,0.6845216189078032,6.035714285714286,0.7269419722822779
0.5,0.3,32,0.0015638953645814736,0.0008772754910667941,-1.045987179892819,0.0009391593310925632,0.13950023478889761,0.5917085822470777,6.25,0.6109171647554787
0.5,0.3,33,0.014772468925889645,0.01289502301965396,5.411039187123076,0.012573235118708066,-2.1593513848954444,0.6392245188872847,7.321428571428571,0.6651254001236915
0.5,0.3,34,0.0008802290746617897,0.0013237402018889796,0.2613728078460629,0.0012096596531867814,0.2641131359646541,0.6213147459801449,6.392857142857143,0.6182626244943747
0.5,0.3,35,0.0028282705662839146,0.003009833170162997,-0.4755447841066787,0.003447216918094063,-1.3140741622456744,0.6903979569083917,6.892857142857143,0.7166787030023472
0.5,0.3,36,0.006554432178139014,0.006586522204829859,1.9393099749080325,0.00497476857132871,1.3702978295852215,0.5624642979758635,5.25,0.606187359339466
0.5,0.3,37,0.016864773088847308,0.010105912921551868,3.600235280045581,0.010988852050595164,-2.7378801843465888,0.6285852121348627,6.75,0.6234647737534098
0.5,0.3,38,0.021817850230208723,0.0174989269772902,7.2804020892469525,0.019789761547223207,3.4527784937778563,0.6261468534448519,6.571428571428571,0.6627908286094382
0.5,0.3,39,0.013167759268312497,0.013187933216603607,6.431922505937773,0.012530186117326484,0.22852345723687031,0.6379238898327014,6.678571428571429,0.637301290007145
0.5,0.3,40,0.0014582731741887593,0.0009379652868896127,-0.21887469431880882,0.000833256648625035,-1.6005354435359607,0.5682305359715035,6.357142857142857,0.570005639912222
0.5,0.3,41,0.022873399986802385,0.016323669220536866,4.569727695262732,0.01966160359834208,-0.5917676865410234,0.7070699879272401,6.678571428571429,0.7374380640267411
0.5,0.3,42,0.005500126576498291,0.010142704817478526,1.140063585342233,0.009532701700455759,1.1479684101544574,0.5917532747048618,5.892857142857143,0.6203027153720829
0.5,0.3,43,0.006353539599018564,0.006546465824034166,2.770092650488143,0.0060125948386023816,-1.87269480787171,0.63164554358662,7.035714285714286,0.6353730589224149
0.5,0.3,44,0.0006206740775053898,0.0007318877155564516,1.9522796992453568,0.0007365969066963113,0.04550365477005395,0.6125065548830761,5.821428571428571,0.6351505262311239
0.5,0.3,45,0.021534390564747853,0.016557610865515143,8.293983289189745,0.016875857888475378,1.0112651670321213,0.7150880774090288,6.821428571428571,0.7458473233722327
0.5,0.3,46,0.0023942335072371377,0.001806133389113365,-0.8204307176677142,0.002423714908676987,0.15817134295553123,0.6499240613985485,6.428571428571429,0.6554700824314941
0.5,0.3,47,0.007951051409214536,0.007392205939716906,3.302478581114684,0.006146230549721195,-2.3400824384902137,0.6426598466173633,7.428571428571429,0.6578343363708062
0.5,0.3,48,0.03837808982736007,0.044374335289242235,13.664263205768313,0.0411077326102267,2.801717400840701,0.6711647017184844,6.785714285714286,0.7370760410370037
0.5,0.3,49,0.0030692927517271384,0.0029554618135957268,1.2114475598512797,0.0015802114483203708,-0.9384435328942402,0.5836432348255098,6.142857142857143,0.5926746943360244
0.5,0.3,50,0.005250979219607352,0.004704801083087577,1.8169579911839928,0.004064176020736101,-3.0658861263100143,0.6031645747779812,7.214285714285714,0.6162057259811962
0.5,0.3,51,0.014570157049823347,0.014699243597695645,5.930511131287346,0.013773622780875757,9.874304883625674,0.6689924783143903,7.035714285714286,0.7005632785824691
0.5,0.3,52,0.005422478221581833,0.0020828686719448564,-0.843436121050568,0.002508387380070812,-1.813800387645017,0.6649836748606835,6.821428571428571,0.6619992805104891
0.5,0.3,53,0.006391226622175946,0.0055364453372664145,0.14575431785339296,0.00624101979702049,1.288863189463579,0.7276274731799409,7.678571428571429,0.7507818781764175
0.5,0.3,54,0.0009617021826385966,0.0008175091321976405,2.9912034451518537,0.0005287598994807575,-0.7361054099166798,0.5917116087509054,6.071428571428571,0.6005036225408216
0.5,0.3,55,0.025147026377535475,0.015189857509052622,6.422467376934411,0.017522439054154307,-7.634110418469594,0.7321252121228287,7.821428571428571,0.7774903475414163
0.5,0.3,56,0.030085647687381794,0.026267389422406844,2.950587294431898,0.026323321853768917,-0.9441985424097558,0.6777047661844152,6.785714285714286,0.7196803495521467
0.5,0.3,57,0.0031912258432249736,0.005084769668923678,-0.917548049722645,0.0045313996436773816,8.4634142660029,0.5689621205715093,5.428571428571429,0.5802993962915608
0.5,0.3,58,0.005437024335398621,0.002692457467236167,-0.3059019293189446,0.003873665748177486,-8.80462344183895,0.6990996308015198,6.785714285714286,0.7302425855281199
0.5,0.3,59,0.00493446468381633,0.006708646225098471,0.5713507611792181,0.0066258511754493515,-0.8764504296730422,0.6430745081824115,6.714285714285714,0.6558210512073583
0.5,0.3,60,0.007966411669198535,0.001882668575667287,4.4472850133374875,0.0021956717892191078,-5.306473340237488,0.6139585485457391,7.178571428571429,0.616308342077587
0.5,0.3,61,0.014203505270224041,0.004897753742610153,8.100010914598206,0.006413054335372168,-7.375536648919582,0.6957635083263689,6.607142857142857,0.7415609438148156
0.5,0.3,62,0.00503248388111182,0.0019483772502730766,2.3113414466776683,0.002043125811906478,0.2663890630180011,0.5564649089212812,6.428571428571429,0.5615055127158387
0.5,0.3,63,0.0018347795673096922,0.0009160136279139597,1.7283513992615458,0.00103362135133404,0.15920585828384523,0.5899989606001712,6.857142857142857,0.5942506289322143
0.5,0.3,64,0.0018455675818994668,0.0010932221440653046,-1.7404960250760837,0.0013466693069733296,-2.8664206830734904,0.6422807538548284,5.678571428571429,0.6536964695229766
0.5,0.3,65,0.015381412758498374,0.009041429692138723,6.1520934042113895,0.01106379247843383,-4.476699084577187,0.6419704373459735,7.642857142857143,0.6648124622692598
0.5,0.3,66,0.009544929631975696,0.011988371116790499,-0.33273390935558683,0.011327864133748118,8.10636713463119,0.5994235187064206,6.785714285714286,0.6030351783357768
0.5,0.3,67,0.00614931856082935,0.010223733488029473,1.268934885547992,0.0076905341702531455,0.8246398997472492,0.5560321636276332,5.0,0.5597278864940042
0.5,0.3,68,0.010889188031000094,0.009021963063473876,4.25937683814512,0.008252706410782204,-1.96508119587502,0.726635562389433,7.857142857142857,0.7588284406174043
0.5,0.3,69,0.0049968873465624,0.005619521373297011,3.5042572081381516,0.0050175852094934085,-0.041859056053889766,0.6451287578953513,7.607142857142857,0.6603722993852675
0.5,0.3,70,0.009496706436846481,0.009559204017462289,5.520294947837736,0.008621289435781266,-0.3251444379005761,0.5886998290293656,6.785714285714286,0.6020315482536476
0.5,0.3,71,0.009240676232483027,0.006371175096231633,3.3288275549976825,0.007855476641606046,-3.1285058740459135,0.6981182645775384,7.035714285714286,0.7314855659954397
0.5,0.3,72,0.03303846277837003,0.03447098128933854,11.685389600276958,0.033724837859847576,0.42068954077244786,0.679480805772157,6.928571428571429,0.739809127522734
0.5,0.3,73,0.023633695464851102,0.012869113513804964,6.5591798652284865,0.01524345496087532,1.797339904950216,0.6348069988075457,6.607142857142857,0.6544264600342065
0.5,0.3,74,0.008279318374198544,0.005278077964972342,0.6836288283855462,0.006073668647254323,-4.639289012153161,0.7039957143001516,7.821428571428571,0.7404712135773146
0.5,0.3,75,0.002811538905394424,0.0009821133865609774,3.5020684609931245,0.0008819301523085346,-0.4750420076130221,0.58418259028023,6.607142857142857,0.5943284912339355
0.5,0.3,76,0.004077045903691753,0.003134882435329639,1.2289049647392574,0.0027759730511181034,-4.403125805781684,0.533026084742644,5.75,0.5474699803786698
0.5,0.3,77,0.009219576746847195,0.010133645344988965,4.729835755471735,0.00959225419588955,7.227237828966575,0.6533198590499673,7.821428571428571,0.6747396391903586
0.5,0.3,78,0.03535583199700524,0.029236907331427073,9.769914645779474,0.029879580907372014,-0.30143944703984477,0.7124487312722898,6.428571428571429,0.7583097978240108
0.5,0.3,79,0.006811966629899638,0.007436098782638084,2.4371145760152806,0.0068340371517423785,-0.6018033323860834,0.6294873946180948,7.392857142857143,0.6460376193003274
0.5,0.3,80,0.019913407000466298,0.02303102576256731,4.274962075756434,0.02256201285522999,-1.9900452445710073,0.6738466222559953,7.5,0.7070163041758761
0.5,0.3,81,0.001945306340532737,0.001236284078756749,1.9686100994743374,0.00046354180992757226,-4.405143946889173,0.7089533123907422,7.464285714285714,0.7198417471097518
0.5,0.3,82,0.005481863049967055,0.004147282287801106,1.0913227378803658,0.0036027193917140305,-0.5630185075393968,0.5735291725862083,6.321428571428571,0.5585620742967796
0.5,0.3,83,0.0014600173914252575,0.002135903068547446,-1.1377294992970046,0.0011623754949069774,-2.7040184676058345,0.5921084031547569,5.75,0.608355101744257
0.5,0.3,84,0.0008567693585720009,0.0019736120058097707,1.9351347647802963,0.0012271137509466123,-1.0233355576090635,0.6788701525588466,6.25,0.6894791710572759
0.5,0.3,85,0.0012342737189721537,0.0016735023069024153,-0.7409381112934265,0.0014932296625505624,-0.8250864272379393,0.5168124294199198,6.714285714285714,0.5149974677149689
0.5,0.3,86,0.010473379689741777,0.005345094024162232,1.9250819334889304,0.006962938701540113,-2.63271470451798,0.6781986399049483,5.857142857142857,0.7162633301032532
0.5,0.3,87,0.0037421468993189696,0.001903442734889206,-1.5410582940492266,0.0019796207522694543,-0.5028029553029872,0.5877026134314072,6.428571428571429,0.6039709441949739
0.5,0.3,88,0.022055802291498398,0.013050225174491862,14.586257172220607,0.015604953475881742,1.6177653053971237,0.7573249903746196,7.464285714285714,0.8103341671251592
0.5,0.3,89,0.0011051020962108023,0.0006700186111626419,-0.9529116413213311,0.0005593595928408824,2.0450297199583267,0.5012126774755533,5.75,0.5147235263911888
0.5,0.3,90,0.010616400764889313,0.007271399378695778,6.3552636561529425,0.008213258512365814,-2.446756983787916,0.6572791765938286,7.25,0.6765539485040906
0.5,0.3,91,0.021815855287551932,0.019863853482105537,8.919562255895755,0.019726936000788668,-1.2451502321250132,0.7470259774392017,7.5,0.774381276965989
0.5,0.3,92,0.00350995743632363,0.002765342348178192,1.1956340895421913,0.0029277469834819445,-0.4230948499809036,0.6125107495769605,6.892857142857143,0.6112667555265197
0.5,0.3,93,0.00822789547785154,0.005254990632785249,3.2226761231840158,0.005919033327178563,-6.556546089144651,0.6469786776764658,7.285714285714286,0.6814900120726801
0.5,0.3,94,0.02587534165331593,0.020662317269055538,5.178962535502431,0.021835015053383557,-9.811381639384734,0.7111254735230043,7.464285714285714,0.7682090022530429
0.5,0.3,95,0.02584049894082167,0.028322720353545446,4.146917831244035,0.02717778152859666,2.8286173948559017,0.6953250482265447,7.178571428571429,0.7277523195857118
0.5,0.3,96,0.014611408073936145,0.016329058408542943,3.7514987110499667,0.01563660516625089,-0.4535056964682174,0.6303670873310495,5.821428571428571,0.6543447554124673
0.5,0.3,97,0.005135289890126087,0.012576505162268348,-1.9846164285920906,0.010221436399871471,8.966482792564667,0.5476113211600754,6.25,0.5362273922403875
0.5,0.3,98,0.0018016334289587483,0.001714314405731563,-1.4056929467861703,0.0015865628429226196,-3.112982997335621,0.5463839310131043,5.785714285714286,0.5639821897201736
0.5,0.3,99,0.010091972740127611,0.006174477344354332,8.943393506240284,0.006972204094350418,-1.0838538187621982,0.7021596442923155,6.178571428571429,0.7316158930647336
0.5,0.3,100,0.005387976584425958,0.006775035078946014,1.2982133932975348,0.005806642146899367,-5.426472774579291,0.6108738991632062,6.821428571428571,0.6184256816928251
0.5,0.3,101,0.026832377554512853,0.03432562737940563,-2.250815128411176,0.03338705398660385,4.621978996737113,0.6665069391116022,6.928571428571429,0.6880477559742154
0.5,0.3,102,0.002609097976162746,0.0009502399812137743,2.2083729500471256,0.0008146002050950076,0.29371105597171737,0.5429071014522706,6.035714285714286,0.5417513207132667
0.5,0.3,103,0.012872659913108804,0.013610050400674463,7.1108051410163,0.01176462205247601,5.035744008093758,0.6242992402446824,7.071428571428571,0.6666429254205535
0.5,0.3,104,0.006941327413559018,0.0040698496382036735,6.318058065158833,0.003403803166664244,1.4510706658672252,0.6229126218661792,7.607142857142857,0.6374384568084077
0.5,0.3,105,0.0076706323993340625,0.0028561774610822445,1.3772692742679358,0.002529621197051227,-7.253702604022247,0.6809398569742456,5.821428571428571,0.7025097254827808
0.5,0.3,106,0.014215299519455972,0.00782783498080622,6.964368495397612,0.010073024867138116,3.9148951436273003,0.5769038550604957,7.642857142857143,0.6029201199622602
0.5,0.3,107,0.014489591885211678,0.01297999406722578,5.766555973090713,0.014119506216473246,7.245753321543428,0.7117158745975205,6.535714285714286,0.759730379978644
0.5,0.3,108,0.0030764552051783826,0.006844458332510635,0.4438961518482927,0.005341762180818151,0.837905980738365,0.5947923928096298,7.0,0.609344438798257
0.5,0.3,109,0.037484203168776806,0.02696133519970682,3.3690927029674924,0.030189906164882218,-5.387063960570946,0.6933267723889726,7.571428571428571,0.7397057369272819
0.5,0.3,110,0.011935292066303721,0.013286268294652964,4.8720810125366825,0.012855010777176839,-0.3872488972706852,0.616958216789487,5.964285714285714,0.6604185681603507
0.5,0.3,111,0.0012200992377247029,0.0026046737208127837,0.08599448943451193,0.0021940413192428265,-0.6015063259379095,0.6124518657690254,6.642857142857143,0.6317481317385285
0.5,0.3,112,0.026950701428712226,0.01830231056199374,9.131170300379779,0.02044172748921105,-2.698597290949484,0.6584094054036562,7.0,0.7077810666774238
0.5,0.3,113,0.00986606190371877,0.011473664791901058,4.633395067430247,0.010882763497121865,1.265584096993128,0.589657349449799,6.5,0.6139901959784881
0.5,0.3,114,0.0032971720319102823,0.0007597160136447434,0.30949514031929465,0.0006669786097379017,1.1412421580900134,0.5654162635875888,5.642857142857143,0.5830062604519339
0.5,0.3,115,0.025165284553096228,0.021758568640662574,7.00220377405113,0.021759030275001163,-3.274288607657278,0.719988624678202,7.035714285714286,0.7514891567541391
0.5,0.3,116,0.0038176309422106435,0.001973489403390597,3.3488759771095524,0.002526854845116648,-2.7430453574377793,0.7056885409320385,6.321428571428571,0.7280749034739054
0.5,0.3,117,0.013875506842037602,0.009475014310341225,6.542366045674119,0.01141472960238771,0.002742798050964742,0.7151652065064463,7.071428571428571,0.7423403111558025
0.5,0.3,118,0.013520572654946973,0.009119282417451895,7.249433622948895,0.009395247057611035,0.2244549611020735,0.6875940332568324,6.714285714285714,0.7139257712354781
0.5,0.3,119,0.011080234930832933,0.0071388026108109475,8.753077041688405,0.007249733929945797,1.759521601161983,0.5275768617812829,6.035714285714286,0.5379499083277263
0.5,0.3,120,0.004580688453718847,0.005066136427486204,2.8495449657195024,0.0036899352137483615,4.645022736115597,0.6107123602984321,6.25,0.6496179675252645
0.5,0.3,121,0.0023647314632996804,0.000631302612337419,-0.43139447137005504,0.0006593661963693174,-0.5909979669535895,0.5972434818153027,5.607142857142857,0.6031051045367284
0.5,0.3,122,0.0031806150825350304,0.0015419705409406735,4.620762094204896,0.002093258580682378,-2.319824025961443,0.6058116394044448,5.285714285714286,0.6208439795731204
0.5,0.3,123,0.04998922749388239,0.04456966859698798,12.43633522168525,0.04526106275287391,6.085697171931997,0.6789046539444387,7.0,0.7322066547966806
0.5,0.3,124,0.0077968557113215955,0.011285981935411313,1.61100755960652,0.0084169985697867,1.7228248747281423,0.5974995067579005,5.892857142857143,0.6210567052957797
0.5,0.3,125,0.004148124016647289,0.0050022968872572085,3.679488665701058,0.004540268455452406,-1.7749038906844987,0.5980757598435448,6.0,0.5971139419029445
0.5,0.3,126,0.004551108063175043,0.004769347358518838,4.678918778025339,0.0047775279204552296,4.249777191718749,0.5874322980400566,5.464285714285714,0.6033220246244333
0.5,0.3,127,0.01761314079372024,0.02340225005000597,4.121637406219662,0.021331405969868628,11.401137496676569,0.6881231043803738,6.607142857142857,0.745239613186804
0.5,0.3,128,0.002141688806076976,0.0007062679225832454,0.4081087303564175,0.000768822869698163,-1.2236145140545887,0.5915406793931873,6.821428571428571,0.6057863398190774
0.5,0.3,129,0.0044042604792568765,0.004282845246191912,0.6587446447195001,0.004325101455975216,-0.8365320911224027,0.6972562497100372,6.75,0.710883699858057
0.5,0.3,130,0.007594954119051727,0.010763121147102943,-1.4629722401550016,0.01048917944661685,3.915541365654377,0.5740808979892034,7.321428571428571,0.5607361434536415
0.5,0.3,131,0.0007609660445616947,0.005335541012003135,-1.3366831861364687,0.0037505946956435283,1.628615689113758,0.5795783539291086,6.428571428571429,0.5920378649975815
0.5,0.3,132,0.014167021730809352,0.0176994288899295,5.893856619410684,0.013846351414033899,-0.3968061598164733,0.7202480780003199,7.678571428571429,0.7657483785019761
0.5,0.3,133,0.027792826785687702,0.02703782825502884,3.7281245962961123,0.03042256974407568,6.166912544149928,0.7170307567143049,6.821428571428571,0.7739625546099163
0.5,0.3,134,0.01671932708817127,0.013376711469886749,7.745352838365695,0.011790432496735533,-4.318767672141878,0.7569273708548524,8.571428571428571,0.7871693226594823
0.5,0.3,135,0.003348095043179178,0.001459975482439699,-0.12173846669656048,0.002161016350172839,1.8765931396384303,0.6240570349012995,7.071428571428571,0.625089853835481
0.5,0.3,136,0.004335162130354311,0.002514752320142959,2.9411303122527293,0.0025185345480789045,-0.028580571105521813,0.6120126194052447,7.142857142857143,0.635811445507898
0.5,0.3,137,0.022804697795790193,0.024868114961690623,3.7584958062427822,0.026142089786803355,10.17487865956437,0.701670741796276,7.321428571428571,0.7423276576516602
0.5,0.3,138,0.02095862078544601,0.017869882274803295,7.135620540616316,0.018486534742195533,-2.4885809396947898,0.727503324615051,7.642857142857143,0.772820309312696
0.5,0.3,139,0.011483007328392861,0.014835998967889279,4.774040268968993,0.013367436904175748,10.115408328825216,0.6539225406651298,6.464285714285714,0.6956636265281841
0.5,0.3,140,0.010687956156162588,0.005813724574142467,0.8816504342692326,0.007118865143996719,-4.1219463340144005,0.6267687772922094,7.357142857142857,0.6493969536568076
0.5,0.3,141,0.002420187180495884,0.003158258609766551,1.4100968746615479,0.002921919431165594,-0.19734142731167026,0.5672792308754373,6.571428571428571,0.5609400579921763
0.5,0.3,142,0.009522559954041618,0.009290416215029783,8.58101540626553,0.008538085584836194,2.353464772779754,0.680854910404462,7.035714285714286,0.6992130551412503
0.5,0.3,143,0.006589249773240476,0.00835168767835925,-0.8880291638054606,0.008345874042993471,6.17639409666585,0.6511412509258402,6.285714285714286,0.6957331403335318
0.5,0.3,144,0.01859571746549434,0.014221199851436436,1.5350109563206331,0.014844356570644063,-5.28171927701599,0.641314348637973,7.107142857142857,0.6512799620431086
0.5,0.3,145,0.02162408100204419,0.018254964447563925,4.048837714817935,0.021043551255535663,-5.721362601066677,0.6972620749674088,7.285714285714286,0.7521516853796117
0.5,0.3,146,0.0015177347160378616,0.0005907350360492762,0.8381616786150895,0.0005386647722587833,0.7185863718419986,0.5580795784303768,6.714285714285714,0.5509753228958252
0.5,0.3,147,0.022735429568265905,0.02055557608765134,7.153294766725897,0.02190541668671944,5.162619613202698,0.7332587825933988,7.142857142857143,0.7654881870511391
0.5,0.3,148,0.005294403891915175,0.007544202683528921,-1.4704445120492171,0.006423866799906445,-4.0424534125460525,0.5831626289403352,6.464285714285714,0.588886559077247
0.5,0.3,149,0.020283246194587004,0.01172191073076036,10.342083304491561,0.01332884847733107,0.6366247759531424,0.5875750248083927,6.5,0.6110923825950325
0.5,0.3,150,0.007329777586460786,0.011690277344259228,1.923161806160844,0.00996572626690311,3.868987596987599,0.6314196368554917,6.071428571428571,0.6583444797913858
0.5,0.3,151,0.002918356718696382,0.0010633844115123382,2.4969308738109057,0.0007337927870799223,-2.7471932872221316,0.5101824059159682,5.75,0.5131633533538156
0.5,0.3,152,0.006072965156290961,0.00656963063097548,1.2462354814065293,0.0055583287425597745,-0.9522989728670931,0.6370136542717866,7.25,0.6483658540040804
0.5,0.3,153,0.0014040512236152614,0.001452801480818191,1.4982195278887218,0.001389870772249906,-0.38934300455578824,0.6047297137097366,6.678571428571429,0.6219862248703407
0.5,0.3,154,0.002249439638137079,0.0009723042822960846,1.2135382447387428,0.0008414792008007643,-3.221808115516154,0.5909933960764855,6.428571428571429,0.597650036071288
0.5,0.3,155,0.007251344048039601,0.002785962055001593,3.615038866538441,0.0028433348873668804,-2.4918630226645746,0.7265975424059447,7.535714285714286,0.7426568901616647
0.5,0.3,156,0.008079883603499698,0.009068683273481384,4.6325413566413545,0.00887824364347943,6.50967045260856,0.6614998591096711,6.75,0.6868491633556874
0.5,0.3,157,0.021465469162833387,0.02028895883489425,4.789792647289052,0.01995335003875457,1.0953212028014907,0.7438305565666944,6.535714285714286,0.7965641572063912
0.5,0.3,158,0.007301463567827273,0.005451099243822155,1.7756762290063648,0.005077002297199391,-0.49929944517264363,0.6492624186507474,6.035714285714286,0.6458666159426779
0.5,0.3,159,0.0062822431502418934,0.0016946174674502506,6.011409063863046,0.0017540302170563017,0.1059343544668631,0.5744456165154211,6.571428571428571,0.585784428818082
0.5,0.3,160,0.005749931898140084,0.006946254263146896,1.4875859468096735,0.005963345447885799,1.4718442535568101,0.6450314542955394,7.25,0.6903304259929408
0.5,0.3,161,0.001409041571725929,0.00016218887412414754,0.21149469164287402,0.00024341393153271782,-1.4114170263167694,0.5647003733235548,6.107142857142857,0.5702743910864493
0.5,0.3,162,0.006689748364346191,0.008846097895518639,-3.4313864125893665,0.008894317344129226,0.7502078126568866,0.7062263493873858,5.892857142857143,0.7289057900901045
0.5,0.3,163,0.0026000454008639675,0.0001979252336923232,2.9232340845847204,0.00027261661500500514,0.7200432165598821,0.5871622999452893,5.857142857142857,0.6000011235265602
0.5,0.3,164,0.009915929760268933,0.005597130065009654,5.053613715749445,0.0069205279043020995,0.2077935274500836,0.7005319441996153,6.392857142857143,0.7172764352258447
0.5,0.3,165,0.010559451022636557,0.010372569755689828,4.742425228207035,0.009682559840062777,4.110101790855434,0.5847338083247147,7.785714285714286,0.6075228170063758
0.5,0.3,166,0.019795234522302883,0.017068377635004607,5.537080603445209,0.016742309294760404,-2.360617464297453,0.7707628396585713,7.142857142857143,0.8161676337033446
0.5,0.3,167,0.028126112856114785,0.034809797942422144,3.5682883125820744,0.03163153947986191,7.242917252361683,0.696717304332671,7.25,0.7434695207285646
0.5,0.3,168,0.002680909989967867,0.003197982600007821,1.1335797936912684,0.003196254419753122,0.2223430734437386,0.5810194970213581,6.0,0.5953772233133412
0.5,0.3,169,0.01678886213966722,0.00975402627585017,6.8288905001681615,0.012906216209463108,-2.077915800721769,0.6310452133233436,6.071428571428571,0.6534538702651007
0.5,0.3,170,0.0015604664115133906,0.0017833014647384965,-0.5371369202762631,0.0009117192518207249,-1.8295752269681884,0.5848119202505829,5.678571428571429,0.5888185741531629
0.5,0.3,171,0.041145490929016364,0.04014719143867672,6.1035411175968095,0.04195821716850895,-0.9016299602724777,0.6398664370319025,7.357142857142857,0.6844933786139014
0.5,0.3,172,0.0030711262731753044,0.0006964952164914294,0.5045125906807376,0.001319025977030484,-3.757072379804678,0.5887162541101569,7.142857142857143,0.6065899680916949
0.5,0.3,173,0.0020240251895236976,0.001206838950100737,-0.12460961225132412,0.001178891169025506,0.3848079510954392,0.5555800589650413,6.035714285714286,0.5690438126625377
0.5,0.3,174,0.0028340424819168495,0.0025230427086947497,0.6454386181747415,0.0019236146811105349,0.4273396936864155,0.5663017509820444,7.035714285714286,0.5616309513884608
0.5,0.3,175,0.004454534245087363,0.00598385796173158,1.86266593900001,0.004268164364592011,3.792100413543494,0.5926718226201186,6.321428571428571,0.6250494591831477
0.5,0.3,176,0.011200971966537876,0.009842284088055531,1.129205839725472,0.010666710902973149,5.020358153514006,0.5988224545846024,6.035714285714286,0.6041715796855354
0.5,0.3,177,0.002216758015772053,0.002536302605944697,0.036111425112200855,0.002267365765858733,-1.9759251352821632,0.5762511874116891,5.642857142857143,0.5857597051987007
0.5,0.3,178,0.0010816586902778287,0.0011259621432416326,-2.2658346017739555,0.001625868129998549,2.6877395739290173,0.56096961862318,5.5,0.5872422673950868
0.5,0.3,179,0.029234246870326507,0.020712655136443794,4.186094970108186,0.023043363937583026,-3.198137723090383,0.7209672681384778,7.214285714285714,0.7442416057666906
0.5,0.3,180,0.01769836091024133,0.017474417501069952,6.537698560763687,0.01609438630454773,2.868792023194743,0.6822724974215255,7.071428571428571,0.7010543411625415
0.5,0.3,181,0.04121768429174384,0.03548834531794278,3.6950211834243682,0.03566757868582246,-0.27675224256970904,0.6400993911653943,6.0,0.6549445194386968
0.5,0.3,182,0.0022920155504997305,0.001327367077071845,0.7869116867527358,0.001280593416461976,-1.132891121073527,0.5393011670093208,6.321428571428571,0.557234401854199
0.5,0.3,183,0.008927473908467792,0.0068084416264490005,5.541483471873893,0.007111337302858602,3.099306385848621,0.5771191920070056,6.142857142857143,0.5749264951356102
0.5,0.3,184,0.020398150038567077,0.009886030757064986,7.3132983820659945,0.012025599051672005,-7.952425297215427,0.7283423500973856,7.892857142857143,0.7718298859483244
0.5,0.3,185,0.025465664171542897,0.024129274765976857,2.0983834037582576,0.025458745763929296,5.941251769730196,0.7048988705400288,7.107142857142857,0.7520554463274388
0.5,0.3,186,0.03662526963300349,0.02941540637223574,9.279475671211543,0.03392128725722807,2.8575594714793624,0.6555348736218919,6.678571428571429,0.7093186082487237
0.5,0.3,187,0.02645435279752529,0.025170942206364497,0.4810771977051047,0.026842083909940223,8.160871018466386,0.6462613816653382,6.464285714285714,0.6849789895252572
0.5,0.3,188,0.000949109139211599,0.0008547235674172305,-1.4025679798478354,0.0005741419487148841,-0.6356108898141221,0.605589565849069,5.857142857142857,0.600102613078862
0.5,0.3,189,0.008879260096712022,0.011801143480133875,1.623461437299909,0.011401594514348022,3.3459781045184798,0.7154276739144155,6.464285714285714,0.7468444557089913
0.5,0.3,190,0.002066315715078725,0.002858644977419286,-1.9370184193157154,0.0022754777013918445,3.399805022535238,0.5540918363830895,5.857142857142857,0.5611274968234097
0.5,0.3,191,0.014156142603352555,0.014092165530119294,-1.2535213477792126,0.014642782747745348,0.27512345922945275,0.5877807168252732,6.5,0.6475947345751735
0.5,0.3,192,0.04287252085088835,0.04416381972037312,3.838521175900212,0.0412900268441981,-1.3665425430755154,0.6987982690576847,7.107142857142857,0.7319529610912141
0.5,0.3,193,0.0024902954485744055,0.0025527860786340364,3.330079498314509,0.0012846253342248593,0.23542628801650758,0.6206994082907572,6.035714285714286,0.6324493953754893
0.5,0.3,194,0.026932418702148353,0.020701990559310227,10.935619253488264,0.020760325769577308,-2.7959315060130527,0.6990462007516106,7.214285714285714,0.7549731452257507
0.5,0.3,195,0.014848082699827141,0.010814492029396267,11.885431935659634,0.009455522370814073,4.021252548060232,0.6432116398185116,6.785714285714286,0.6701669162657531
0.5,0.3,196,0.0020317460222117403,0.000981095548781634,-0.561297042803839,0.0009876190192880938,1.694136926648497,0.5430526056743579,6.178571428571429,0.5452289019653724
0.5,0.3,197,0.02617935123493495,0.024697363782718272,7.092609243691309,0.024952756806366425,0.343113383918696,0.7006879650346504,6.964285714285714,0.7379738564422035
0.5,0.3,198,0.01093470100931847,0.010826338427410168,4.365132852757739,0.010303203950810526,-9.009078473511607,0.704546640508277,7.535714285714286,0.7354864068600178
0.5,0.3,199,0.011612585499805797,0.010422291746703755,0.644929585482591,0.008904432362792434,-9.276375820138782,0.6918782825387172,6.5,0.7522342047341295
0.5,0.3,200,0.014781375399738091,0.007663723305707963,12.21006204295845,0.009031125333108656,-4.776023506834814,0.7357591548429022,7.035714285714286,0.763717581613002
0.5,0.3,201,0.005874082477243654,0.003644810169329159,3.878443239804928,0.0035443135516249826,-3.4462057962316996,0.6011816785731371,6.142857142857143,0.6196456384153264
0.5,0.3,202,0.008343813329879355,0.0007931161973536993,8.223859181989818,0.0007229840273617885,-10.465039526070152,0.7331202909767011,7.107142857142857,0.7676034043377812
0.5,0.3,203,0.03715507507411644,0.03702507242341674,10.712234683105095,0.03229370357438982,5.90544077565058,0.6732391493542176,6.785714285714286,0.7147324773874815
0.5,0.3,204,0.010377913785950252,0.01124170497932714,5.8716502455898665,0.010906092142388472,5.799630177549574,0.6014849762951158,6.107142857142857,0.6069205786065224
0.5,0.3,205,0.0005780634125346223,0.0008763372467594272,-1.0796603723218918,0.0007786153589356065,1.5471835651090278,0.5748050003255398,5.892857142857143,0.5729722328356812
0.5,0.3,206,0.02162565270163973,0.02291574493712819,-1.8060172419000082,0.021669583474469883,-3.590502599513153,0.6596542640158034,6.571428571428571,0.6840074458328056
0.5,0.3,207,0.01023501767387929,0.009772573448017633,4.811901496197511,0.008588034483519642,1.502176736476315,0.6017590950742531,6.357142857142857,0.6150170710908816
0.5,0.3,208,0.005520729422850261,0.002876914382237957,3.654400018313235,0.002804805299674025,-1.4422098812945023,0.7353937645574167,6.571428571428571,0.752766124654286
0.5,0.3,209,0.005505613545012723,0.004899418384494819,5.2785400401695695,0.004816533562065783,1.1958307847441934,0.5631601501271559,7.107142857142857,0.5687205950932941
0.5,0.3,210,0.0020320506799294544,0.0006517755448699905,-0.8036929433929743,0.0005702788366154043,-1.4289007157288154,0.5513518328443864,6.071428571428571,0.5550427505628055
0.5,0.3,211,0.01409220687846259,0.01146790254052922,0.8541733093138456,0.012689765426763153,-1.7316685757157206,0.7266014959806321,7.357142857142857,0.7491306662948534
0.5,0.3,212,0.009745981559068825,0.010163153939426607,3.036657948665161,0.008029988092768956,5.9029113003222164,0.6391466258815638,7.571428571428571,0.6452775138515763
0.5,0.3,213,0.013705675092035527,0.010453222370599589,4.061417940313153,0.010465344471989338,1.1460083130025775,0.6849449729481717,6.75,0.7211100949359324
0.5,0.3,214,0.0027706820826620955,0.0025515452249868843,1.1811488990645198,0.0024994726073433514,-3.2500491431864305,0.6208166205740119,6.678571428571429,0.6168656695903219
0.5,0.3,215,0.021977889891911625,0.021994157563762745,7.131812486546892,0.021627436227579386,13.718001308364885,0.6411735467366088,6.25,0.6832554474781232
0.5,0.3,216,0.012691314222289633,0.013799374729181002,11.126151025881702,0.013011205496591354,-1.2938929250161664,0.6873576126658177,7.857142857142857,0.7257483183525685
0.5,0.3,217,0.0058325409198886026,0.008309457356152907,0.7803759240872618,0.007667276645750496,5.81650194353286,0.6070880391257577,6.285714285714286,0.6453317891364346
0.5,0.3,218,0.00499695701694614,0.00543774566099218,-1.6913742747390945,0.006180932425555637,2.827238460608413,0.5797640662498467,6.464285714285714,0.6274714887407373
0.5,0.3,219,0.005614244098312291,0.007554716586359291,0.721023366673819,0.0065606305128753295,0.7009638202714067,0.6104333993762746,5.821428571428571,0.6106858208800632
0.5,0.3,220,0.0006375240558941983,0.00039508966064148515,-0.9381172221177678,0.00022966750569556135,-0.04410864063061126,0.5921376942623079,6.714285714285714,0.5921804532922725
0.5,0.3,221,0.004472372200365649,0.00425738246556609,4.469494776022809,0.002571486938906528,-4.0586745861558695,0.6512887538070304,7.535714285714286,0.665436758804713
0.5,0.3,222,0.028255896023322756,0.026678811576479573,5.612607736725313,0.027084843655354636,6.532658285877456,0.7667165300251505,7.928571428571429,0.8104348318862531
0.5,0.3,223,0.002643576925776349,0.0010131087763300488,-1.2627746492849496,0.000557037594043968,2.00427145542983,0.5834135791391362,7.142857142857143,0.5744235032583102
0.5,0.3,224,0.014904861499497374,0.020422950574297622,1.2422980901744627,0.019183099185803153,3.7354688549183663,0.6381394169366771,6.964285714285714,0.648344620659689
0.5,0.3,225,0.020964685966826654,0.019956397859988564,10.252682900679266,0.018083773664843827,6.316663329790174,0.6436863819518581,6.571428571428571,0.6723442644705884
0.5,0.3,226,0.011928063991367586,0.011004510472502447,2.468341389157606,0.0092349679404524,-8.301294269763247,0.6354018651072363,7.035714285714286,0.6447663746464896
0.5,0.3,227,0.006647621532307752,0.009716918194541721,0.22753878690626075,0.009447127293108861,1.5417517165626105,0.6077429901990786,7.142857142857143,0.6098312466627076
0.5,0.3,228,0.015533544627816524,0.007702370133211125,11.423213614373282,0.008730941392022233,-2.6574320613699363,0.7634898994946315,7.607142857142857,0.7926877089377811
0.5,0.3,229,0.005530183211616652,0.0031193009106936765,2.836046249217844,0.003978107504989672,3.773114469176439,0.5321342794612512,5.714285714285714,0.5333191985578265
0.5,0.3,230,0.041575913020531215,0.033781898086130774,12.456475964089867,0.037032248328494305,-5.186986163291995,0.7115949501366682,8.142857142857142,0.7536016582648521
0.5,0.3,231,0.003433718662963294,0.003123880265889633,-2.308588471707793,0.0030092448732280445,-1.9998245597226496,0.5543728991124944,6.535714285714286,0.5789407338281038
0.5,0.3,232,0.009452580394955003,0.0075280022523081585,6.052743282904373,0.0076881471081899294,1.0549495501658726,0.6620091057872546,7.071428571428571,0.6842541791051509
0.5,0.3,233,0.009667625898730613,0.00965594296658473,3.8057353433880032,0.010096512507025516,7.070393310597477,0.622456197122643,7.142857142857143,0.6646388638368339
0.5,0.3,234,0.012341036947137356,0.012514439508308363,1.5482013492133433,0.012765084528103876,8.080313897143052,0.6818412770878697,7.071428571428571,0.6954589475490175
0.5,0.3,235,0.0013904964761489054,0.0016845808773869883,0.8644335934009272,0.0012031260840876976,0.12202669222998945,0.5003634611949529,5.821428571428571,0.4728122439611089
0.5,0.3,236,0.014705580931867721,0.013552688052468353,6.034670948416732,0.012779754889098374,0.5784930862064357,0.6963055630748168,6.428571428571429,0.7335008226110433
0.5,0.3,237,0.0016231228440551112,0.0005236070123553985,-0.46207644775559703,0.00048133747822211444,0.7638004627510497,0.5698854872724924,6.178571428571429,0.5850138927780784
0.5,0.3,238,0.006182846463759657,0.0023468193330734685,-0.2855647381995823,0.002792423866607942,-4.151982461835502,0.6288208380039347,7.321428571428571,0.6444980761015837
0.5,0.3,239,0.029601191927678912,0.02643443905250148,2.394950107187848,0.027939765358443037,-2.5607122035451275,0.6755973043656344,6.714285714285714,0.7146521708874242
0.5,0.3,240,0.01178947745825583,0.011483649540700138,6.150281903301011,0.011133674599655264,-0.6372336336161387,0.6525290446964161,7.892857142857143,0.6689807256906333
0.5,0.3,241,0.002825089286685814,0.0030979317645335636,0.7832584624084499,0.0025389391312309446,2.246497331620001,0.5843898906867523,6.214285714285714,0.5739739115825133
0.5,0.3,242,0.0012831041986709692,0.0014026752560034961,-0.3019107682978017,0.0012809634044530095,-0.3234002397025411,0.6121432288729004,6.142857142857143,0.6271467523486596
0.5,0.3,243,0.010703901323789606,0.003719234247231477,10.388703734841044,0.0038479788593547026,-5.142404473996436,0.6156458231879359,6.0,0.6382611759799617
0.5,0.3,244,0.02394035621985252,0.012523784617789776,13.84252187126746,0.014407166479338226,-1.2406994585280888,0.7473547351753534,7.107142857142857,0.7838629459336136
0.5,0.3,245,0.016978252643631675,0.01262489766491089,11.213195933342073,0.012951672998039895,-1.7454995201590577,0.7016264942503874,7.607142857142857,0.7439119508026528
0.5,0.3,246,0.006242404648269434,0.007286873468601401,4.030114750895592,0.007025157897542657,2.202896817201264,0.5931607481381944,6.285714285714286,0.6005394305493641
0.5,0.3,247,0.0009568699267016431,0.0011128134335440713,2.667184102739592,0.000961225505237619,2.1387667913307573,0.594300196207267,5.785714285714286,0.6070593044643369
0.5,0.3,248,0.009105276756942683,0.00917930486631394,3.9211564484555104,0.008020320537516066,6.060893441594658,0.6236878701139775,5.964285714285714,0.6585880446584809
0.5,0.3,249,0.021507354335697698,0.02268489880015523,1.6348751136136837,0.02343097515236131,4.8143731294594545,0.6757285233263203,6.642857142857143,0.6967803636485325
0.5,0.3,250,0.0022933524257560526,0.002779836181489022,-1.2486094139005293,0.002123680296102567,2.2906426931342785,0.5398972532125614,5.964285714285714,0.5318698694120654
0.5,0.3,251,0.01835553008429749,0.017557243322503392,6.0264206998064935,0.01726540932147319,-1.5259682571592919,0.6486254611600041,7.392857142857143,0.6822221450293648
0.5,0.3,252,0.010557073778828223,0.011445873060678919,1.568607020879341,0.009684056883559368,-2.006219680493558,0.7060328865420963,7.107142857142857,0.7650100897865194
0.5,0.3,253,0.03270009291521205,0.026685613089989346,7.465199019291319,0.024927106011512008,-5.5329391112906166,0.7098198277905118,7.535714285714286,0.7532724156964185
0.5,0.3,254,0.0012106080974957339,0.0013914858108943164,1.3922946438921997,0.001439294813179906,1.9470155210228484,0.5574719546141161,6.285714285714286,0.5591911485861814
0.5,0.3,255,0.0005216260429010999,0.002159798134735968,-2.4603761333184386,0.0013486195070939076,0.7453977087776593,0.5775524870608729,5.928571428571429,0.59193478621344
0.5,0.3,256,0.007672521909116985,0.009343990043477454,-1.2015353645238633,0.008409954581867333,-4.749883838019779,0.6271285402326926,7.428571428571429,0.6459472141371869
0.5,0.3,257,0.010478462536651868,0.006106232100637129,2.6699482138827384,0.007309273920411308,-2.2945295300914665,0.6276339160170389,7.035714285714286,0.6247645944050761
0.5,0.3,258,0.004791443878646634,0.0028186841651571337,-2.0736320299617623,0.0025600922159443452,-1.5701188459726627,0.6135084172016028,7.071428571428571,0.5932282097040297
0.5,0.3,259,0.005274432140748704,0.007735844387701045,-1.1284902172189486,0.0049628240399127955,-0.44300927775141946,0.6218644215906786,6.464285714285714,0.6476292148710399
0.5,0.3,260,0.012092016208203616,0.006650408947424405,1.0281716344669765,0.00792814075227733,-4.215488799034811,0.596217973793025,6.714285714285714,0.6145003997496437
0.5,0.3,261,0.0037445054280811226,0.004849111779560619,5.413432826899395,0.0038121762659480024,4.862862598296421,0.5744002746081076,6.321428571428571,0.5650775325612607
0.5,0.3,262,0.003414177065675962,0.0022182693032108216,-0.14200319790261537,0.00225836628800138,-2.3117858080218716,0.5568201893950939,7.071428571428571,0.568252304797306
0.5,0.3,263,0.019239374101059494,0.010931615278207008,7.303394279291164,0.010659810243645628,-4.372082935942065,0.700014870758051,6.571428571428571,0.7319603138030806
0.5,0.3,264,0.01442400886284336,0.0074342892632021625,7.292213322902948,0.00796313910060533,-5.091552820302032,0.6644932679356549,6.464285714285714,0.6923766022204154
0.5,0.3,265,0.0074659666350689715,0.005577993585252049,2.524743363171391,0.006013882626759651,4.3873730921704635,0.5646288015912672,6.464285714285714,0.582720832401818
0.5,0.3,266,0.017452942431479056,0.017748033652999876,2.8030953608223683,0.018047495033653417,-0.8164069246378082,0.6756146870493894,6.714285714285714,0.7159914105237756
0.5,0.3,267,0.021664577832003838,0.023508518250587675,9.16628004740401,0.02294307785697977,-0.6598581450930302,0.6292027145012592,6.214285714285714,0.6651043377725994
0.5,0.3,268,0.0043815921616126305,0.006236805805843977,-0.5860787507777824,0.005526378675592484,1.0532426795520848,0.6033229964871781,5.464285714285714,0.616058762269731
0.5,0.3,269,0.002970895749309627,0.003388532221648353,-0.4311034702505954,0.0029937459266560365,1.256534539166239,0.5924522346660605,5.892857142857143,0.6225352541788487
0.5,0.3,270,0.008174228267614717,0.008054803828184243,-1.3806806581194924,0.007703748217789587,-0.39863995712716854,0.6213279449695525,6.321428571428571,0.6568801535274401
0.5,0.3,271,0.021503541904428634,0.016974785519531417,7.481598142376782,0.01712857139319503,-7.734830819214504,0.6931960897453138,6.464285714285714,0.7326046064961129
0.5,0.3,272,0.031594617960656796,0.037405619812174634,1.3520677467752193,0.03581994747915362,6.898573013498118,0.6613012565556318,7.071428571428571,0.7204427684396522
0.5,0.3,273,0.006083288004131304,0.006172356922727118,4.353685481473406,0.0050497222572188595,0.19726748862756457,0.6565260726155139,6.821428571428571,0.6675618635274214
0.5,0.3,274,0.00921112827177552,0.01029913253020931,1.2744246376275044,0.01030127096754216,4.5153833863243165,0.6294448453250684,6.285714285714286,0.6639716681001354
0.5,0.3,275,0.032731521120943984,0.03349307099019596,11.716756072817693,0.03204475901306744,5.486826293624385,0.6563847313589876,6.285714285714286,0.7040973882076111
0.5,0.3,276,0.02149362139921679,0.016380363302981434,11.16460116983878,0.016874987252285006,0.19463169429924201,0.6562819433230095,6.678571428571429,0.677721158822997
0.5,0.3,277,0.003357577110844943,0.0034428090551661805,0.8877390625733407,0.003096771822884369,-1.5819267997669897,0.6116164368188314,6.714285714285714,0.6289152756919181
0.5,0.3,278,0.003819862006625272,0.0015030149506541361,2.140907704440167,0.0014405221834549906,1.5753255830425132,0.6077146235647719,5.821428571428571,0.618105471593962
0.5,0.3,279,0.0011089617696057384,0.0006704450338695594,-1.5639917433079706,0.0005708457189530956,-2.187000579229751,0.6238831968210291,6.892857142857143,0.6238116286316633
0.5,0.3,280,0.012230383793661181,0.0120677357205429,3.4666259755041344,0.012142416107899174,-5.346014754029018,0.6458068116633873,5.785714285714286,0.6674912131195554
0.5,0.3,281,0.00432758984176913,0.003940710113218859,1.4223308910848023,0.003845630520954163,-0.00685869160325107,0.5974321128960439,7.071428571428571,0.6355332595269256
0.5,0.3,282,0.0055019484169710475,0.006679866692943143,0.9736104057641247,0.005993964022389075,-1.2735763786709906,0.6557900402419865,6.678571428571429,0.6744759272892435
0.5,0.3,283,0.004278464236926117,0.0010260505938166583,1.7257073080021144,0.00108865791979775,-1.572582867787787,0.5872318603555254,6.214285714285714,0.5822888027436941
0.5,0.3,284,0.01651208941580019,0.011645264879460429,3.1254224837898903,0.012459510923716438,-4.541573168570949,0.6824689044730838,6.75,0.7108208246160908
0.5,0.3,285,0.002865702061092252,0.001218217828582686,4.875355710960719,0.0005632247797741557,0.15638141676265604,0.5498077427687306,5.392857142857143,0.5608853401364258
0.5,0.3,286,0.024411066636831794,0.027003165512917416,-0.8377354029431482,0.025047535162662837,-0.6932741315297714,0.6521933814529481,6.107142857142857,0.695648860753875
0.5,0.3,287,0.027105719096838624,0.028061988547770842,8.712569659013704,0.027608794113508892,7.668941296090945,0.6273423511094788,7.285714285714286,0.6586562508680109
0.5,0.3,288,0.0018933024214935154,0.0009140584167542161,1.5026187499493158,0.0006736964055941807,0.7873969857038693,0.6928608302745546,5.357142857142857,0.7029981829296474
0.5,0.3,289,0.012539974646031697,0.007722525970596989,4.292290083736721,0.008861394058584384,-1.1775045207919277,0.6909425674454749,6.357142857142857,0.7230078389212544
0.5,0.3,290,0.0035559487713183466,0.0045796073498006904,-0.6990572631091444,0.0039323286537603225,-1.4392776520280772,0.5603178089182094,6.321428571428571,0.5472408996498617
0.5,0.3,291,0.003979826671804987,0.0024048091946259464,2.000095330315389,0.002803664573610562,-3.7954636410451315,0.573034450883692,6.464285714285714,0.5970460977968715
0.5,0.3,292,0.015620615977322656,0.005994482920211601,1.6968653777196323,0.006459018149315365,-3.425837596955025,0.7149230675755925,7.428571428571429,0.7459790183879204
0.5,0.3,293,0.0023945142606324396,0.0005857779943553779,-0.19356071995447147,0.00029101971922858993,-3.9632475753655285,0.5708598925748615,5.821428571428571,0.5867962263448561
0.5,0.3,294,0.002507832563901617,0.002031968445553787,1.1946428248550187,0.001430649577894752,0.5663638401620877,0.6012861232139999,5.392857142857143,0.620643404433135
0.5,0.3,295,0.012580292954682179,0.004568775570898506,8.190949700429107,0.0056213307402252985,-9.938054105579416,0.701847905516142,5.75,0.7326136289072541
0.5,0.3,296,0.004177007888311285,0.0037106928465803018,-0.13102521390529395,0.004050776817268646,1.785810454041543,0.6572985247639521,6.607142857142857,0.6814057123761647
0.5,0.3,297,0.007984172561817812,0.003562454000161527,4.282145692390685,0.004436287021997342,-1.6838673979390346,0.6562497192089058,7.392857142857143,0.6828719799169778
0.5,0.3,298,0.007357804117217892,0.006279624191820665,0.6154696673732095,0.006887904972189953,-3.0803524473437656,0.6911243932515928,7.0,0.7094464106522469
0.5,0.3,299,0.003182776948038976,0.00474335186772316,-0.19765883156100017,0.005558025168975916,4.989139988390946,0.5791108316285827,6.714285714285714,0.5760302769989355
0.1,0.0,0,0.0008753218331688273,0.0009842790341509147,-0.774127194752746,0.0013693069326773273,1.8536743089367462,0.562341445366507,5.857142857142857,0.5524946486515436
0.1,0.0,1,0.002887381804001699,0.0006906864709237001,0.9951478357005689,0.0010548561408570138,-4.829480910719799,0.6132068683239511,6.75,0.614579277952731
0.1,0.0,2,0.01198599211479142,0.005294752287218249,4.386684446200955,0.005425227888200171,-4.542150118250191,0.5582483240716422,5.607142857142857,0.5693351450106916
0.1,0.0,3,0.002864758639777798,0.00044477174996285245,3.382650999678551,0.0005894578515676358,-2.9345128835121366,0.5943085515915361,6.214285714285714,0.6033370619763352
0.1,0.0,4,0.00234468394175598,0.0016507623975835512,0.6123354924511091,0.0013049314539092581,-0.796808410478377,0.5646229453418166,5.178571428571429,0.5708213986506547
0.1,0.0,5,0.010981509801696435,0.003983127545250488,1.8886725516709835,0.006162157182692389,-0.740160968795891,0.5849712047724986,6.107142857142857,0.5898755642030777
0.1,0.0,6,0.009811068308634029,0.0016254053593053072,8.107734052206808,0.0029030337492144385,2.4233702943511823,0.5863237536293698,6.107142857142857,0.5883636917435197
0.1,0.0,7,0.0037066482749610434,0.003914250392240107,0.37523578498933335,0.0028952619062075535,-1.186511287286379,0.5630520396976253,5.392857142857143,0.5979269245148722
0.1,0.0,8,0.005888796725204351,0.00244942375117729,2.4608215211655513,0.0029855799679667713,4.561510077557614,0.5798153351925533,5.535714285714286,0.5886032332388684
0.1,0.0,9,0.004362272414455536,0.005157196692796979,-0.1138107560969009,0.004507258683574511,1.2227859238052379,0.5663073848795886,6.107142857142857,0.6024760503641854
0.1,0.0,10,0.013115562425235065,0.002989318070632472,7.180712817726648,0.0032067698565577114,-6.634920565956321,0.552772559108324,5.785714285714286,0.5820258653416404
0.1,0.0,11,0.00287079939408588,0.001842002302863155,2.495233789161309,0.0013109355772185276,-0.47790129739415005,0.5870059553969168,5.714285714285714,0.5955409644849885
0.1,0.0,12,0.018119395611854598,0.003517958257201756,8.751541817429171,0.004935371316539357,-4.142738222647286,0.5622045295333632,6.035714285714286,0.5797672550859582
0.1,0.0,13,0.009823281620989499,0.0045002853110591625,8.798319327259653,0.005470595858606674,-3.9851154146759407,0.5409524339291518,5.5,0.5512988522763792
0.1,0.0,14,0.011937893935347462,0.0062113335660316975,6.842733127376856,0.006367427251235456,-3.0039415789622126,0.5628118048178976,5.321428571428571,0.5638069417053316
0.1,0.0,15,0.0050180143009887134,0.0010531782156935642,3.7774334974400765,0.003214817363705609,-0.04567317066562282,0.5995787001661624,5.928571428571429,0.6187965460419751
0.1,0.0,16,0.004560650754887924,0.004224317826385372,1.3819985124798109,0.004185899996877019,-0.6313467915170179,0.5956743851845826,6.035714285714286,0.5950155020764849
0.1,0.0,17,0.004969929737633361,0.0018869408039754734,2.2714338536361347,0.002027316490380062,-1.9480864095123802,0.543549658908137,5.107142857142857,0.5468443661889699
0.1,0.0,18,0.0020130865177459883,0.0011067522390985395,5.273846253552392,0.0006220361286101804,-1.2619521267304208,0.5887513243317004,6.642857142857143,0.6044241367884837
0.1,0.0,19,0.004820409072836503,0.001257559803025388,4.695668530346239,0.0009090909347484915,-0.9266285391076394,0.6038932031763873,5.678571428571429,0.622519291451445
0.1,0.0,20,0.0028724428829163813,0.004196535030409097,0.8964374228137615,0.003920458368330421,2.5131693629730023,0.6107380802955841,6.0,0.6044101354548064
0.1,0.0,21,0.004780248375398535,0.0011554911948033313,0.1676533170004196,0.0012367390586742434,-0.3642263313033709,0.5723859876932139,5.75,0.5984156535393317
0.1,0.0,22,0.00967707872453136,0.0013634986861825924,6.150887089042243,0.0021882807752708518,-2.066588577867293,0.5451729312963994,5.25,0.5668105798241456
0.1,0.0,23,0.0031002721890823013,0.0005791307588382826,-1.6737712706507561,0.0005861487291066635,-4.130273927780763,0.5889113379927224,6.357142857142857,0.6038491366153529
0.1,0.0,24,0.004600151701201396,0.003307800471632346,3.9206236341037957,0.0034119251268298497,-1.3353926052245793,0.5434502110386076,5.392857142857143,0.5610946057593833
0.1,0.0,25,0.0010339659269197482,0.00269737397715997,-2.164326407744151,0.0015223545420520713,-7.6683933860933,0.5463973275626653,6.321428571428571,0.5690663737196053
0.1,0.0,26,0.005158103545729217,0.0017877578631127875,3.0272579017480155,0.002159041148906786,-2.6182914579625938,0.5683013107157756,5.607142857142857,0.5729852685601395
0.1,0.0,27,0.007561297447973306,0.005245739524239871,3.674784126853183,0.0035500050751510037,-1.150544040574194,0.5496356222157817,5.285714285714286,0.576883966074507
0.1,0.0,28,0.006731376958396494,0.0021819244235261955,0.10316704117957443,0.0032740010023161654,-3.3407201674857085,0.5772125053220755,5.678571428571429,0.5865298690768179
0.1,0.0,29,0.0028209186469446324,0.0004479643478598327,0.6318626716079905,0.0003402724449778768,-0.5810482365548353,0.5979678268753779,6.0,0.6270877898357168
0.1,0.0,30,0.004632625090506068,0.006892166089573542,-3.610966206415062,0.0063169398691527885,-4.5435786564002,0.6044662761596605,6.035714285714286,0.6205523655889443
0.1,0.0,31,0.0050645309819945345,0.0032949402956086054,4.194338057377185,0.0027361798701647628,-2.2294944315140697,0.5976961669322034,5.928571428571429,0.6141732694513767
0.1,0.0,32,0.003134981921337768,0.0006321980996779084,0.16691409844873797,0.00042951407553713317,-4.8406640936949445,0.549878117312595,6.035714285714286,0.5892680451278072
0.1,0.0,33,0.008521227845529663,0.003286788472546776,8.208292845838542,0.005208448705622981,0.8576871504894067,0.631748948105404,5.75,0.6373952256789932
0.1,0.0,34,0.0020310224449733,0.0008621299021128387,-1.4558576217651666,0.0003845526823042732,-0.6636701442415927,0.5680861510239402,6.0,0.5946198537573775
0.1,0.0,35,0.001003237731661111,0.0015720127363598399,0.4589082210417719,0.0005816113325132717,-0.11427214480686605,0.58173688961333,5.892857142857143,0.6103300743502502
0.1,0.0,36,0.004429632048127084,0.005106916178907878,1.4303128538655017,0.005327101629187184,-0.5394130707076954,0.5842983512401808,6.035714285714286,0.6091857570165805
0.1,0.0,37,0.0025696257383912556,0.000503090265748728,-1.5912194043736652,0.0006395408811324978,-1.7138322012112706,0.5549202556218936,5.857142857142857,0.5502898107592513
0.1,0.0,38,0.001941340977046298,0.0003641893577057486,0.6533141506441021,0.00038381880547307264,-4.248263726957835,0.5560002590366785,5.821428571428571,0.5698244875993421
0.1,0.0,39,0.013333331712328925,0.009953525367726881,2.482688977272242,0.010410666076890507,-0.7951034072705928,0.5788361017269358,6.0,0.6051637833919048
0.1,0.0,40,0.003466969536681234,0.0015660388922361043,-0.29479250148066666,0.0013177461352024248,-4.980985446748899,0.6022707993907455,5.607142857142857,0.6004429299780277
0.1,0.0,41,0.0017005853500961098,0.00048009974092182145,2.2558898332748165,0.0003891867147599819,1.5991080983349377,0.542885584583492,5.892857142857143,0.5487530336285832
0.1,0.0,42,0.004426231798520627,0.0012004213572982033,2.3496406380231463,0.0013148613981928113,-4.695285012435875,0.5996833424137655,6.642857142857143,0.5931520372184418
0.1,0.0,43,0.0016543638645488122,0.0019350894117983765,-0.638259083675365,0.0010106062732115398,-1.0924108743729068,0.58175817410823,6.357142857142857,0.5761566712223474
0.1,0.0,44,0.02520831877951558,0.014067571763990032,6.409191831681842,0.015501427155445642,-2.7168632235661314,0.5456734976783956,5.321428571428571,0.5675757949550146
0.1,0.0,45,0.0028102300492356498,0.00046096469271123306,2.8962830687452956,0.0004566968971879961,-2.84009208940941,0.5726306936202883,5.892857142857143,0.5697923408590888
0.1,0.0,46,0.005210897037697638,0.0008932794955568414,5.849666914081392,0.0009126898857345303,-3.382746383868531,0.5664190836341577,5.857142857142857,0.5737570116116673
0.1,0.0,47,0.021202419572598264,0.01914406274775288,5.110929415378233,0.020432892545929688,-5.717257552574115,0.5913957636912686,6.678571428571429,0.6181245826097572
0.1,0.0,48,0.007359059470716955,0.009016489885724541,4.322449459441439,0.0075030254453400304,3.4885050743567945,0.5553671310805746,5.071428571428571,0.5630300386795393
0.1,0.0,49,0.0026804441399379047,0.0010966070851891655,3.178609604510702,0.0011188487977323365,-1.3594164083939404,0.5630565016392322,5.535714285714286,0.5674881960936672
0.1,0.0,50,0.0023935878327985575,0.0015273364666315726,0.7380746945534421,0.0011788681136632063,-4.567000584253701,0.5636028222463284,6.321428571428571,0.5729325221565448
0.1,0.0,51,0.00222861561196635,0.001250568064015721,0.736897094365465,0.0008188037507648891,-4.061768859209091,0.5563383239202062,5.392857142857143,0.5751486456065855
0.1,0.0,52,0.004739910478021898,0.0007335191022695367,2.228701087764042,0.0005609535252550356,-2.4939222910645924,0.5772679819676964,6.25,0.5874354093557707
0.1,0.0,53,0.01808753472879051,0.010173751361232572,8.39704079383452,0.010934149328740145,2.2339948596045454,0.5842466668205833,5.071428571428571,0.5963629594496281
0.1,0.0,54,0.00429643359398271,0.0008475811751473101,2.85179900236389,0.0011956465976785814,-0.7260323659930824,0.6504662657931446,6.607142857142857,0.6653657362349603
0.1,0.0,55,0.0034828852762593724,0.0005477339883280633,2.795534820408932,0.0006192619950553506,-1.4774114561127571,0.6235127582323317,6.214285714285714,0.633927994550705
0.1,0.0,56,0.003357730482500863,0.00044737456788999924,-0.4314513428368514,0.00011190157645283987,-0.6811614854066382,0.558589326084297,5.535714285714286,0.5571827015272584
0.1,0.0,57,0.011694942824070735,0.011357156209084578,3.497460729805747,0.009480899879216931,0.4907774553788234,0.5885218067851079,6.285714285714286,0.6171119602917752
0.1,0.0,58,0.008009037303605967,0.007070119184722377,-0.8269467896630639,0.007673020121625295,2.2398375745691603,0.6164983793049974,5.428571428571429,0.6178005905414523
0.1,0.0,59,0.0017033705749835769,0.001638482922266273,-0.31940863997359276,0.0024684072559273437,3.314474155844105,0.5380077748027224,5.178571428571429,0.5332169948570396
0.1,0.0,60,0.005222977457983724,0.0008792993435583266,-1.8393312963065114,0.0011661722387621169,-6.7978089984835135,0.5827216431991308,5.892857142857143,0.5889621179986435
0.1,0.0,61,0.0011769036218845239,0.0009813229573494122,-1.0398930138532876,0.0008216028858554131,3.1383918296964737,0.5360898365677944,6.071428571428571,0.5565559004428933
0.1,0.0,62,0.005670900273578997,0.002216877655557529,0.864084619133962,0.003602274136662075,-1.4782786695082184,0.5870220770820923,5.75,0.6156927762588236
0.1,0.0,63,0.00499253555476604,0.0018113140510606803,2.5965858265894703,0.0017371356629067437,-2.9287603741286055,0.5641704419544035,5.607142857142857,0.5789325663834587
0.1,0.0,64,0.004853648684400355,0.003897577148146651,2.8421686991711113,0.00287645526597026,2.6262334790847603,0.6041490509813,6.428571428571429,0.6209211780185036
0.1,0.0,65,0.008610486251808044,0.0008110710040153108,5.09075809153767,0.001178913013802915,-2.237375337052015,0.5764843365908509,5.714285714285714,0.6047184665485884
0.1,0.0,66,0.0018598391169730936,0.003667323828502597,-1.2265582293456514,0.003040939821714588,1.3832592980300547,0.5799231986159247,6.928571428571429,0.5995766980410369
0.1,0.0,67,0.0012719330702322775,0.0003764195492429935,-0.4897491944562565,0.00043952477018593716,-3.774415605463247,0.5556077875427283,6.357142857142857,0.5724129439292202
0.1,0.0,68,0.00146959578519769,0.0004727827284107118,-0.7906691701203291,0.0004323973773202761,1.5128888876407511,0.5809053213156974,5.857142857142857,0.5997408214330002
0.1,0.0,69,0.0028671204065327783,0.001156863852064647,2.0269050712788803,0.0011906075850490194,-1.011258670161406,0.6000019940912812,5.785714285714286,0.6123372439886439
0.1,0.0,70,0.005764618337308011,0.004248982216690363,0.8405573338068658,0.0032612263242014017,1.0557841404319863,0.5762507580031181,5.821428571428571,0.6243419392031213
0.1,0.0,71,0.006989266291672769,0.004731551051574202,1.7495380680285468,0.004573441631141893,-0.6835005965172437,0.543984048639522,5.75,0.5686830469764711
0.1,0.0,72,0.0025862430088486772,0.0012887604455247758,1.4872806193332053,0.0017019801926102297,3.946260935809382,0.5409210837077181,5.678571428571429,0.5477998566281537
0.1,0.0,73,0.002952373901752595,0.003680107714694053,2.6353165538224252,0.0027447493329603913,-3.3782088465328193,0.5852337981397271,6.25,0.5911539503417655
0.1,0.0,74,0.007277211120735632,0.0024024053457901615,4.685500194488014,0.0026913362525386015,-0.21987171455294666,0.5817545191211613,6.071428571428571,0.5903813422653125
0.1,0.0,75,0.003363393998319496,0.0009066510979496242,-0.147225395050422,0.0006979138925064657,0.19513090929589794,0.560739590380895,5.357142857142857,0.572905092819664
0.1,0.0,76,0.003117766219855217,0.0008849916584383524,1.2241700559257442,0.000915226804380793,-3.1031996690502694,0.5739742836425202,4.785714285714286,0.5787980348906898
0.1,0.0,77,0.006025351748102037,0.0015159875137392626,0.4002649040683461,0.001995973302895726,-3.1468472241996985,0.5529675236579441,4.642857142857143,0.5718789016804673
0.1,0.0,78,0.002407089905229946,0.0018719523757952919,0.7377496730626566,0.0016729010994252452,-1.1399198920695615,0.5482626005085798,5.5,0.5705196357112485
0.1,0.0,79,0.0006167231597446524,0.0002955385602348409,-1.6782476748248314,0.00032616892389060253,-2.9832582572851436,0.6228780540812713,5.571428571428571,0.6426140417554874
0.1,0.0,80,0.0077239542656904045,0.012714889159535503,-0.21740082066389732,0.009850298133125074,3.7746940055333007,0.5440658633695951,5.642857142857143,0.5290600974608496
0.1,0.0,81,0.004970131522495973,0.0022442519348466875,4.034348666906975,0.0020703018333141847,0.28850218633243685,0.5990733377534886,5.892857142857143,0.6111619768678151
0.1,0.0,82,0.003986299032074873,0.0014008173631627377,5.445153811224675,0.0012627660833078981,0.9357226031637916,0.5777136669777017,5.285714285714286,0.5874108366128297
0.1,0.0,83,0.01255533274351172,0.0037121094854957693,7.940440032366344,0.004912979352607644,-2.213769406662493,0.6055047061946596,6.071428571428571,0.6276610499005671
0.1,0.0,84,0.0028277100516051314,0.0008415995809200218,-0.7332614975014735,0.000488847108183662,-2.6126879526837663,0.5642893452785608,5.571428571428571,0.5803953134739939
0.1,0.0,85,0.008005141153654171,0.002306968129456487,5.476416956266415,0.002780476515649176,-0.9149405433387111,0.5917693066191009,5.892857142857143,0.5896694166932239
0.1,0.0,86,0.002887556756988687,0.0002696480459083864,0.440140077991894,0.0004778048984757563,-1.4141013231443935,0.5976283130637418,6.035714285714286,0.5966467580341868
0.1,0.0,87,0.0024048049678294264,0.0006376366088558597,1.2335917647532046,0.0004775880201438598,-0.9018251305484265,0.5848218565062331,5.571428571428571,0.5945669765942009
0.1,0.0,88,0.006574283421102576,0.001240290465159445,4.0542733359641545,0.0015400706139356345,-5.616903247247715,0.5800550854173424,5.321428571428571,0.6052986367544133
0.1,0.0,89,0.004563138696387677,0.0009855720387811698,0.5069504589979393,0.0010280488764594954,-1.0056291791120866,0.5582634347545726,5.714285714285714,0.5840523471644163
0.1,0.0,90,0.0035739280061593873,0.0025898257902797566,1.0849891394951403,0.0018457302482856894,-8.64450325257934,0.5860181352447208,5.821428571428571,0.6324642114419452
0.1,0.0,91,0.004221183203656977,0.005031643310120655,0.7300550773444172,0.006473153066414171,3.2426394453154708,0.5790017020888615,5.357142857142857,0.6000022098369318
0.1,0.0,92,0.002211926481564648,0.002978017463193243,-0.5994041061981648,0.0023529439838672686,0.045546656910782225,0.6153138142173382,5.928571428571429,0.6056058111288183
0.1,0.0,93,0.009924135776819379,0.0018435059046272427,5.305385725293263,0.0018339728573607311,-1.1735129541357499,0.5491800023589566,5.857142857142857,0.5687700825657742
0.1,0.0,94,0.0023126999064904605,0.0005157765587377969,-1.2958951218277075,0.0004018577097321236,-1.0058043097276463,0.5577710661480814,5.428571428571429,0.5753925323434202
0.1,0.0,95,0.0033281975133161745,0.005704201436221842,1.1551846744374075,0.004356311413984285,-0.693161868461336,0.6132762526826464,6.214285714285714,0.6270770273162952
0.1,0.0,96,0.007249908773556513,0.002793404952833768,5.209791862508439,0.002575910574417327,1.5947675100619563,0.6140489470585176,5.75,0.6354429750649373
0.1,0.0,97,0.004515602134191234,0.0012389845011569153,0.3907377859091052,0.0012473014510043729,-2.3063200432240003,0.6248619888096945,5.821428571428571,0.6369696837078103
0.1,0.0,98,0.0048625132022593895,0.0075214112167062575,-1.4519490950937761,0.00638151110620621,2.1050644743466194,0.5910519949008665,6.214285714285714,0.5884090250846717
0.1,0.0,99,0.006910528742340571,0.0014898735130638692,3.188705854764322,0.0022468789038311695,-3.638029106796637,0.615017724910827,5.678571428571429,0.6224589308168202
0.1,0.0,100,0.014963227865343938,0.01656750361388869,6.444550527833599,0.017084138877989423,3.3533876514795318,0.5912659071868562,6.107142857142857,0.6139373489905997
0.1,0.0,101,0.003215183335027956,0.0010913721456223592,-0.3865296450364042,0.0013640498802189192,-1.676481066488795,0.571789918165064,5.928571428571429,0.5858620396590694
0.1,0.0,102,0.0031578729301676,0.003395902240643542,0.4128113325059341,0.0029625889933871784,-2.7620055063935354,0.5804390389199879,5.821428571428571,0.5898291244346956
0.1,0.0,103,0.005597464321675487,0.0036084535504671937,2.9767240135167206,0.002742471999304213,0.7095209936663593,0.6185976895705191,6.428571428571429,0.6183283261549928
0.1,0.0,104,0.0004051559774305785,0.00021308580905287633,-3.020224577966322,0.00016830668173729068,-3.937348419719001,0.5757806863262188,5.714285714285714,0.5748116479891104
0.1,0.0,105,0.00152626350442414,0.003094308588724175,0.3211430217152535,0.0023742957543487217,0.1695153022004566,0.5894935108865106,6.178571428571429,0.5928564803299543
0.1,0.0,106,0.0036456633205429923,0.0008992051468506057,0.25691188046925123,0.0017125064836482579,-0.9856517902050257,0.5525598856746107,4.892857142857143,0.5544649541463111
0.1,0.0,107,0.0026357193839179637,0.0017862966196409077,-0.5830193027209892,0.0015783248236297422,-0.8730644278162742,0.6371540315572016,5.892857142857143,0.6562107248194224
0.1,0.0,108,0.003395293341015338,0.0007864749872113075,4.363561750947308,0.0008831620816890132,1.340018550709516,0.5943690683040297,6.178571428571429,0.5809527214541637
0.1,0.0,109,0.005000446386882103,0.0077797988593957465,0.6588371413407401,0.004274174001897342,1.5552483995788389,0.5901705857832746,5.75,0.6103232044429934
0.1,0.0,110,0.005264453525095387,0.0011733923276301802,5.962050142645126,0.0017118816685040025,-2.060229358397398,0.5961932891154368,5.357142857142857,0.6239038342536604
0.1,0.0,111,0.013925763895800762,0.005401215054643046,5.527516559991331,0.006509268224600576,2.0090036635155095,0.5836377498174217,5.571428571428571,0.6111808766565937
0.1,0.0,112,0.0027661939262073844,0.0025002363284977866,1.505676008299967,0.0023983198878975687,1.7278046414158343,0.5928571980355023,6.25,0.5912786648074733
0.1,0.0,113,0.0059526446627622374,0.002014160738274786,2.508362028004967,0.002083470877507066,2.676985570404279,0.6027931353769268,5.892857142857143,0.6253816287545269
0.1,0.0,114,0.0030873705649571005,0.0013909718550567287,0.20280171247726267,0.0016475233387605191,0.7649719511628916,0.5632696460048181,4.892857142857143,0.5644681929102748
0.1,0.0,115,0.00213701423319934,0.0010351347416940899,4.790761834788431,0.0008264122633516432,0.2380967980000245,0.6034742626028751,5.928571428571429,0.6060473460026929
0.1,0.0,116,0.004395152771329369,0.004991975141964053,3.2145037218876475,0.003720995505589834,-4.648098809031485,0.5839205750561366,6.214285714285714,0.6022716228457529
0.1,0.0,117,0.0011016758989069132,0.0005383953051441637,0.8724281218720288,0.00043609780566819805,0.18879689994354484,0.5505883128762237,4.964285714285714,0.5500845483911816
0.1,0.0,118,0.006422088596617126,0.001896749883740005,0.8365129086667101,0.002311870363571758,-5.073415759552073,0.561540991706814,6.0,0.5611782315411311
0.1,0.0,119,0.0011276467317049637,0.0007570823896297367,1.7430209233631995,0.000772773335299151,-1.7503579358058516,0.5898485252566328,6.642857142857143,0.5810501071672842
0.1,0.0,120,0.005170794146763421,0.005726594218909782,-1.351249540859764,0.005594478658519747,-3.177090248604401,0.6302775490500832,6.0,0.6408186121136753
0.1,0.0,121,0.0008703468922483015,0.00033746998760697875,2.8950177868852713,0.00013528509232536127,-1.0433839869868393,0.5620285346454904,5.392857142857143,0.5742568954342933
0.1,0.0,122,0.0031738543486985638,0.00646568165793987,3.329120440057759,0.005493811409845815,2.0127538895479518,0.5642692461054221,6.321428571428571,0.5903759308303136
0.1,0.0,123,0.0008943123407044151,0.00022470254134925917,-0.9500184888914683,0.00024394073153026898,-0.24743190860298606,0.5313573687058779,5.535714285714286,0.5309209270103987
0.1,0.0,124,0.0002795652444466963,0.00041969373957827553,-0.8560645084309328,0.0003658445228109011,-0.0495859677757835,0.5620575492153843,6.071428571428571,0.5670460476556012
0.1,0.0,125,0.0021309767853505334,0.00023388679722999712,2.175129211674365,0.00014397019863391112,-3.5105423219757106,0.5428084703991315,5.321428571428571,0.5430519560977118
0.1,0.0,126,0.003640455419145401,0.0014009089906843704,4.311756999601083,0.0020101505071006024,1.347286946433229,0.5557507844189002,5.607142857142857,0.5483560877720877
0.1,0.0,127,0.0022609273743738256,0.0024419713493967457,0.9130818932814199,0.0019342250805711523,-0.47450391316868945,0.5957739201498623,5.857142857142857,0.5937698058332361
0.1,0.0,128,0.002838946027503618,0.0011630386552153166,1.4691873023382225,0.0012332679928321502,-3.343527306874696,0.5946538896388224,5.75,0.6028511090783808
0.1,0.0,129,0.0016752289062393322,0.000599156095614527,0.07505884635435223,0.00039973196573807844,-0.7534235551966711,0.5677844860101119,5.892857142857143,0.5766001674899481
0.1,0.0,130,0.009263245828696793,0.0030036480279939425,5.616851241413987,0.0016212753307538123,-0.09018766376777876,0.5729208356096258,5.392857142857143,0.5920386294382134
0.1,0.0,131,0.004407691314312539,0.0026212174353488636,2.881136535330332,0.0025076256342320747,-3.8886295133712943,0.5727686994340847,5.892857142857143,0.5961363329775851
0.1,0.0,132,0.0017032493707240055,0.0005825015851990725,2.102228523020775,0.0006880533239426208,2.8816000371625896,0.557510026881986,5.392857142857143,0.5554487389473013
0.1,0.0,133,0.004583506262070975,0.0005356748047885362,3.5134440351361698,0.0013457902863133863,0.017021603951595427,0.5894830125743283,5.714285714285714,0.598481888296706
0.1,0.0,134,0.0029051535451408263,0.00068012912307443,1.6583607954580846,0.0005752374855057131,-1.737465248245589,0.5916925548290475,5.535714285714286,0.5813484401822766
0.1,0.0,135,0.006190690145240423,0.00269916532530751,1.6071945056075663,0.0023397062608152574,-4.267090897245301,0.5562699378134426,5.5,0.5650896529686467
0.1,0.0,136,0.002672827380361808,0.00042061604005687493,0.8382947625675664,0.0004022940533115624,-5.72905396921674,0.5944294314867475,6.464285714285714,0.6010782203767776
0.1,0.0,137,0.013567978723749248,0.013397598671339331,4.142313986567274,0.010255398651172806,0.021232093795561013,0.5639548539376963,5.464285714285714,0.5712807771782245
0.1,0.0,138,0.007807000338041723,0.0021415307807178137,1.2330700806410562,0.002665554744766533,-1.7017555811411,0.5721617924917507,5.571428571428571,0.5914522833567579
0.1,0.0,139,0.001980404632169771,0.0015611777885374846,-0.09175641448780425,0.001705998604842163,0.08441466862906093,0.5901439131179764,6.285714285714286,0.6097400670005055
0.1,0.0,140,0.002753207035918385,0.003134901580609343,-0.1671855854879425,0.00237898530980646,2.7058489885822703,0.5930975136808125,6.642857142857143,0.609516035603239
0.1,0.0,141,0.002975722970286492,0.000824747791862097,3.191060163147663,0.0009869752108711655,-2.087699819718656,0.5697135853897585,5.821428571428571,0.5852530520531114
0.1,0.0,142,0.006205113850384657,0.0008334487794790745,4.276641307569946,0.0012606918652658464,1.7341604545004543,0.5933832389774052,4.714285714285714,0.605608607372182
0.1,0.0,143,0.0008803898040438093,0.00031643283028119895,0.7604758873716643,0.0006467918211858654,2.745122715253397,0.5853158930597221,5.785714285714286,0.5835971227681747
0.1,0.0,144,0.006336965619256627,0.002780469256798674,0.9810232040979182,0.002965200838892129,-2.846339369629277,0.5693285184627072,5.928571428571429,0.58493756941605
0.1,0.0,145,0.004328195114577101,0.007027257203735957,-0.4285731385523282,0.004123685473848792,4.4193901075946185,0.5774240894767975,6.142857142857143,0.5925092935235317
0.1,0.0,146,0.002954561186858534,0.003915939623253436,-1.7268260395382715,0.0031559541540108504,-3.262823690407932,0.5529057116048466,5.535714285714286,0.5691403434091621
0.1,0.0,147,0.009421084245534216,0.007304849475272903,2.9873838111945097,0.00740567074398348,2.824285637206676,0.5810062300590536,6.214285714285714,0.5872201388504817
0.1,0.0,148,0.007539184953209399,0.0012182594762726693,2.5630052795469473,0.0010099478692867027,-0.2408040570042639,0.5788645365798878,6.178571428571429,0.6067489918599696
0.1,0.0,149,0.005577193825321899,0.0038333548388332847,3.2860854725968047,0.004581556441680033,6.212032802098558,0.6072300417477955,5.464285714285714,0.6253197090633504
0.1,0.0,150,0.007504207043131268,0.00978618164922005,3.1923889757160473,0.008257055353436635,3.309056180626508,0.5909859255037092,5.5,0.6140567827808903
0.1,0.0,151,0.0036890450623811685,0.0023955055615089145,3.384422214317387,0.002116154776297744,-4.525357833791115,0.5336945649555467,5.75,0.5845955224670334
0.1,0.0,152,0.004908295165331972,0.0010139144962473142,2.0342630037287583,0.001147226381161813,-3.1389244214844134,0.6145303346084567,6.25,0.6311823953788438
0.1,0.0,153,0.003893868641377409,0.007447508158378256,-1.638883317741649,0.005785479635102775,3.8818962832317063,0.5557536465886559,5.714285714285714,0.6098608888540487
0.1,0.0,154,0.0016317536756968501,0.0013539326045835128,0.31518951718675225,0.0005914081739041161,-1.8177605213156862,0.6234276945089272,6.25,0.6387607781665657
0.1,0.0,155,0.001827018461081394,0.0018440599768666031,0.862201142734269,0.0017410113455817722,-1.4272746108859167,0.5453648214066533,5.321428571428571,0.5306320288021515
0.1,0.0,156,0.004853074752227571,0.003935208706671621,2.946814643779438,0.004328915079327811,4.566506980614804,0.546324232075546,5.714285714285714,0.5659256693838222
0.1,0.0,157,0.004054836683269147,0.0018787951477039022,7.284959698862726,0.0019642359311330525,0.948028192226038,0.5983525681996664,5.464285714285714,0.6283340996431566
0.1,0.0,158,0.0016268366057911056,0.0001399934637096618,0.39657794062695,0.00010202106258805955,1.343923867243139,0.5560471717087486,5.714285714285714,0.5755671667940709
0.1,0.0,159,0.004514648469285979,0.002170732117323035,-0.7944964458379692,0.0014145673762278419,-3.1314007129885417,0.5494440150320276,5.285714285714286,0.5689646528234281
0.1,0.0,160,0.009579127512558112,0.004810337431142793,3.609889138096501,0.00567650799077713,0.25901149396560186,0.5802978558718047,5.607142857142857,0.6078422526061781
0.1,0.0,161,0.007855402017889188,0.0071806084877776575,5.253794513688983,0.00546199442826684,5.352357361308843,0.5426649924394121,5.107142857142857,0.5470780235031396
0.1,0.0,162,0.006481122735128082,0.0016443894992925164,-0.30893131785859396,0.0017439897358334478,1.1314051683919122,0.5522007391789993,6.214285714285714,0.540258981723537
0.1,0.0,163,0.0034090254008693017,0.0034945618292778215,1.1842120420808442,0.0023088000088404884,0.2548251713960307,0.5758348313136384,5.857142857142857,0.5933638878577463
0.1,0.0,164,0.0025554554198188137,0.0012711207578762565,1.8700114663626077,0.0011874786069144838,-3.4096047060499473,0.6020133727731426,6.428571428571429,0.6162811038508642
0.1,0.0,165,0.005203307041721259,0.0036577008722908453,1.6562228617051176,0.0034636940073151943,2.37313514881572,0.5889372799672147,6.321428571428571,0.6103574835702723
0.1,0.0,166,0.02010113619661965,0.016669332925039436,4.852605947091898,0.01932005008226138,3.0644205340192534,0.5579191685281518,6.285714285714286,0.5862671127264927
0.1,0.0,167,0.004683290874451808,0.002697245903944347,2.8291442610720026,0.002548710098963801,-4.755107619740954,0.5995129386478235,5.571428571428571,0.5962188322152442
0.1,0.0,168,0.010003025857577638,0.005984194994116733,5.504722685525375,0.005097798875083632,0.3988013827794248,0.5388945761574477,5.75,0.5618409412183327
0.1,0.0,169,0.0024283894397280925,0.0007480222281002123,-0.9100496132286177,0.000554143877892111,3.573971475315261,0.5889597764199956,5.25,0.6015823186813082
0.1,0.0,170,0.0012232570291002421,0.00251574864703343,0.6327855281374752,0.001817417595978491,0.6901469395132741,0.5723811325032486,5.285714285714286,0.5695595787451326
0.1,0.0,171,0.002715115369165185,0.0006421201230562323,1.585611482458366,0.0006077552642260524,0.11387095312130668,0.5950063734451376,5.857142857142857,0.592379851596022
0.1,0.0,172,0.0025664158979850846,0.0004154148221255491,0.6850137003305576,0.0005130389969311012,-7.342946763428851,0.5363392639061816,5.571428571428571,0.5513945079396487
0.1,0.0,173,0.004037734244870506,0.004702039418057054,3.5645066191028434,0.004199543151333993,-1.3610552913924228,0.5698947083549114,6.142857142857143,0.5747347110628909
0.1,0.0,174,0.0036242577334581892,0.0002627120868188443,5.327079076506114,0.00016913861377165564,-3.120216472801284,0.5873366238146748,5.464285714285714,0.5972333354595176
0.1,0.0,175,0.004246375624444945,0.004532910375547074,0.43439867118854636,0.0038956173642209226,-0.7534864896697021,0.5821552367275595,5.5,0.5905545383605638
0.1,0.0,176,0.005791313971787726,0.004124935319153563,2.610570327843694,0.005026589129435037,-2.0438025288621495,0.5750293957501379,5.678571428571429,0.5883178554808993
0.1,0.0,177,0.002313313983891092,0.0014006534443763029,0.936703679467333,0.0006296286350454524,-0.18017971497941213,0.5890835384325455,5.678571428571429,0.6044408538980897
0.1,0.0,178,0.005287608028963127,0.004557784481831642,0.8287963570754849,0.005029239914780376,-4.023186125810791,0.5813777751061159,6.035714285714286,0.5976953694124401
0.1,0.0,179,0.005096887341360192,0.005707696940028533,5.164648006684388,0.0036070468532657823,2.234883663991828,0.6130118323308352,7.107142857142857,0.6378052977858113
0.1,0.0,180,0.0097947754640345,0.01711119782899682,2.519757533946224,0.014658433134250897,3.2182074944872454,0.5388689126542295,5.964285714285714,0.5801910167151432
0.1,0.0,181,0.009171076748164543,0.0034625226139424507,1.781188581394711,0.0044466047084019125,-2.695376319995603,0.5808407902198137,5.821428571428571,0.6063155339048758
0.1,0.0,182,0.004012894707738504,0.008195054141679751,-1.379109580050283,0.007046285457666277,4.7893061772115475,0.649066239078386,6.785714285714286,0.6696648397055252
0.1,0.0,183,0.0019070920323347026,0.0009378844326105918,1.88341543310122,0.0010154244815266124,-5.156800272573027,0.5860834166299788,5.714285714285714,0.5893667484951748
0.1,0.0,184,0.006908013233324572,0.00280831626234142,4.570009243737076,0.0027571079646582296,-1.389233083439251,0.575674019920924,6.392857142857143,0.5962455474036399
0.1,0.0,185,0.005809684366110195,0.0044590282243900485,4.133237620150605,0.004419953935263249,-1.2842605330307986,0.5864090083664097,5.285714285714286,0.6128856999666779
0.1,0.0,186,0.009999995476729757,0.008637862776085978,6.234968234075296,0.0072474129147718615,0.685152519036175,0.5736428751140055,5.892857142857143,0.5821580733372256
0.1,0.0,187,0.0030193845686447784,0.0009803697254111598,0.4331816692023267,0.0008054883040376625,-1.9648561290032565,0.6124872811269573,6.428571428571429,0.6263622853839841
0.1,0.0,188,0.0020504764933152414,0.001290169883633054,1.906193245731913,0.0016073829223814176,1.3730368127208312,0.5805455820387773,6.321428571428571,0.5717582105865059
0.1,0.0,189,0.003084975230761506,0.006682466834952213,-1.4653488825421164,0.004946359829389246,-1.2998969556996656,0.5682305725014828,5.571428571428571,0.5907767692989739
0.1,0.0,190,0.01532758194602349,0.004735455136655027,6.201075570583565,0.0049292507118544,-3.878318663455038,0.5688890010593102,5.928571428571429,0.572169409237413
0.1,0.0,191,0.0037429508009841532,0.007784918504399726,4.439724171777044,0.004036298001040471,1.1301545770511154,0.5053925261248735,4.821428571428571,0.5026033000570147
0.1,0.0,192,0.004720088473161242,0.0034254997269353247,3.710615528324278,0.00321975716129281,-0.40478983464097,0.5629023837855596,6.285714285714286,0.5617925400562238
0.1,0.0,193,0.023690420217100057,0.012037795881455092,7.526284422083592,0.015246354361203309,-3.334224130907946,0.5761309810126924,6.321428571428571,0.6019167312824361
0.1,0.0,194,0.0025799730058469394,0.0023767893594105285,2.9331981200659905,0.001979012115566611,-0.5234320647137641,0.5668220362087465,5.535714285714286,0.5656271050249545
0.1,0.0,195,0.003236400949590355,0.0006119225651197534,2.2884902769776545,0.0005752932848976071,1.8038571597373807,0.5438655212167042,5.25,0.5594787492570406
0.1,0.0,196,0.004941662766049392,0.007396758727788638,1.018220592509266,0.006533227086459269,2.9302596496633746,0.574368510812237,5.928571428571429,0.6150952250870545
0.1,0.0,197,0.002885376075377287,0.0013860194853272348,1.9823373532880548,0.0010151836415377043,-0.6558818406511383,0.5839346038230534,6.357142857142857,0.5771093352428792
0.1,0.0,198,0.001834847791569454,0.0012479525400248817,1.7769953845757318,0.0008748277994101443,-1.0543484448754914,0.5726051835218059,6.25,0.5612553294022209
0.1,0.0,199,0.01279504367933102,0.013368190902466943,2.575750660898952,0.013777839042484306,-1.2106729572111874,0.5623872218635788,5.678571428571429,0.5929736107399202
0.1,0.0,200,0.001201805023671473,0.00046712477853282243,-0.9214104588729697,0.00020287886959881798,-0.47804949462368046,0.5554429293503546,5.642857142857143,0.5804749963514305
0.1,0.0,201,0.011098071000546635,0.00869929626131979,1.107965081349306,0.009298318525988865,0.624935535642218,0.5384829570445698,6.25,0.5373170017767361
0.1,0.0,202,0.00373279034644953,0.0028870201856849563,1.8529896651806723,0.0019178702557098705,-3.121278872837943,0.5538825286990741,5.428571428571429,0.5800121174904415
0.1,0.0,203,0.005181466324804852,0.004150800069301835,2.4357974380826968,0.002762783378474199,-0.07004983947950905,0.5720162761344963,6.142857142857143,0.5707582115973782
0.1,0.0,204,0.0012867042744771553,0.0007072544627105487,1.9974266932549938,0.0007338236101625074,-2.3509242122815124,0.6079848150968346,6.178571428571429,0.6116723113985527
0.1,0.0,205,0.007543968724678585,0.004702749327055107,3.2617789166446394,0.005276322414730308,1.7031031144364306,0.5933908820637938,5.25,0.6042258247951058
0.1,0.0,206,0.0011118102414580805,0.0006852227704098786,-0.4845717254974223,0.0005887284108376588,0.24353770039470155,0.5980730440209514,5.964285714285714,0.6088477334393103
0.1,0.0,207,0.007896721314862808,0.003982608440210762,3.8919728943845278,0.0030360873978424728,-1.2687932721446487,0.5184728345677913,5.285714285714286,0.515316158990998
0.1,0.0,208,0.00321298220492535,0.0006791968960313717,1.1214368879279561,0.0005752063773643742,1.8850803092973745,0.5469482901811481,5.214285714285714,0.5725128844833998
0.1,0.0,209,0.008981445128856961,0.007865176480727416,4.233683714481988,0.007180381584545639,1.812652199753965,0.5566649326815784,5.321428571428571,0.5661559370072957
0.1,0.0,210,0.0014509827915623174,0.0007528646531390232,2.252786757560765,0.0008921721875915112,-1.5365464234859019,0.5846791151917637,5.928571428571429,0.5956780005266695
0.1,0.0,211,0.009963492865266333,0.012062931577238954,5.539342119815132,0.013075995918072257,4.585138712045676,0.5774843628503293,5.785714285714286,0.5886176972602966
0.1,0.0,212,0.0024114917809122454,0.0014352240096369934,0.7759080427982591,0.0010113310118603988,-0.5708551802306753,0.5747688078826133,5.428571428571429,0.5816337575896697
0.1,0.0,213,0.004276459876337815,0.0003785861388543623,3.5128041178706817,0.0006833946369022783,-0.41161816122270994,0.5696401297546484,5.928571428571429,0.5749655821921262
0.1,0.0,214,0.0018652384321581497,0.002937658243067169,-1.7379073477069273,0.00167161794941775,2.7937862092993364,0.5424818529582606,5.392857142857143,0.5389925751742242
0.1,0.0,215,0.0069830519351998825,0.0051822061587694385,3.228540502099141,0.0048178222094226305,-0.15912477682450307,0.6034848130515682,6.285714285714286,0.6148121607678396
0.1,0.0,216,0.006277752932388187,0.001796842690323877,2.8105865827131047,0.0014646374463203908,2.4400367947217205,0.5768430501834718,5.857142857142857,0.5855098035211052
0.1,0.0,217,0.001722222519217563,0.001481445975148688,0.8955329537807112,0.0010440795127024994,-2.686333955505139,0.5851455262408222,6.214285714285714,0.5806976095101564
0.1,0.0,218,0.006759147863499849,0.013226709066866767,1.5104222393168338,0.008840237524351952,1.8105335108343656,0.5697509789333796,5.607142857142857,0.6009679498156393
0.1,0.0,219,0.0023536434808143166,0.001799608482758081,0.31049760573489493,0.0013218455707590625,-1.1452345779844393,0.5913140243265895,6.214285714285714,0.5831051750463181
0.1,0.0,220,0.005506414619250341,0.002320083260509893,5.321936695358279,0.0024777378867862597,-3.224160499059934,0.6029805707595172,5.75,0.5993313729488027
0.1,0.0,221,0.003172606980374719,0.0005483477617504546,3.8480501812946954,0.0007766429951856344,0.4827586224009129,0.5631138179073397,5.892857142857143,0.5763219010415408
0.1,0.0,222,0.0040194631848408215,0.0011431400515810382,3.007016906017668,0.0014446565616324342,0.8216304552152375,0.5557812952287288,6.107142857142857,0.5726392686483821
0.1,0.0,223,0.005847305594530841,0.0012069755986812078,3.2247863647871973,0.0017356479124324053,-2.715691198536471,0.5945548944410051,5.75,0.615536367682184
0.1,0.0,224,0.0022833119365888864,0.001877370944878782,-0.8598969230755339,0.0019327831221338456,-1.4741286187795122,0.589351264317845,6.285714285714286,0.5973997320565176
0.1,0.0,225,0.01009282760303006,0.007408798792069165,5.225198198913243,0.009889693170017326,9.15137263754365,0.5895013934614793,5.607142857142857,0.5928844729388796
0.1,0.0,226,0.005348611002794504,0.004359555170568485,1.0944307956735884,0.004010839696853886,-1.889759830099564,0.5574127300784802,5.428571428571429,0.56094285423554
0.1,0.0,227,0.0033149170976422694,0.0011864747825695164,4.448583320815904,0.0014679413157496798,0.4624326073020389,0.5342087018861018,5.071428571428571,0.5555509124728
0.1,0.0,228,0.008821640355458153,0.008904606311854255,4.2388454836780625,0.008145078237448753,3.681079172364747,0.5955074711723664,6.535714285714286,0.6114085089715733
0.1,0.0,229,0.004972671799770405,0.001024668295481422,4.848927257820644,0.0009132711794403571,-0.6979521559569264,0.5593684277502583,5.464285714285714,0.5664765393849043
0.1,0.0,230,0.0035977265676282234,0.0017822395828994248,1.4084397162642404,0.0021052436180317618,-0.26894747699817384,0.5727753861127215,5.75,0.5817098093741052
0.1,0.0,231,0.0036190835337862647,0.003470229854359124,0.9406451710294353,0.0036327916014751945,2.428424098944703,0.6081173822221945,7.535714285714286,0.6117945414322069
0.1,0.0,232,0.0018495198638711107,0.0038197366492083444,-0.27852354784129335,0.0029660056416116244,0.6654055189150464,0.5713582455863268,6.035714285714286,0.5577990820788004
0.1,0.0,233,0.006544981569460467,0.001924709975551463,3.601726952893955,0.002746740669472614,-1.787355219411495,0.5813101680680585,5.5,0.5980260805115613
0.1,0.0,234,0.0026480188659464155,0.0003178736882540914,4.139929927447516,0.0001443137150173893,-0.521408306114059,0.56842356166208,5.178571428571429,0.5703551401573987
0.1,0.0,235,0.009235113128827438,0.0019206837250200105,4.5626642913892965,0.0031888874701206816,-3.870254868504143,0.6041772736804784,6.428571428571429,0.6442932663628353
0.1,0.0,236,0.0051085310089903635,0.0029603296176352735,3.5683021518394376,0.0033109614017404632,2.018643510283757,0.6092141629501348,5.464285714285714,0.6271793316013758
0.1,0.0,237,0.0008256086732374185,0.00031759389335781824,-1.105366676476488,0.00041642301766064543,-0.5655423097819039,0.510202033306245,6.321428571428571,0.5230107367547547
0.1,0.0,238,0.005786347183280048,0.002352578457065458,1.620965234977395,0.002279786275890963,-2.374136695972576,0.5641298176219037,5.107142857142857,0.5696923801880505
0.1,0.0,239,0.0017088135482520687,0.00045785113018586215,0.33259115152101987,0.0004939414377794942,-3.7506248173563583,0.5873498042993416,6.714285714285714,0.6017189322689556
0.1,0.0,240,0.0053884875701722046,0.0014488800961921277,2.6213839103519945,0.001181749576280647,-1.9687801446257822,0.6178545390297457,5.964285714285714,0.6235279608066862
0.1,0.0,241,0.012670207137170137,0.0038107750069129305,3.1642217511502886,0.0032952561849471512,2.3271039522625947,0.565898185156792,5.892857142857143,0.5840180982124255
0.1,0.0,242,0.00578989225635173,0.004709353262179463,2.88041033827515,0.004221279743086929,-2.919649386231858,0.6295750749207817,6.0,0.6463422790673911
0.1,0.0,243,0.0034371443039349528,0.0002740026786431716,2.7635285024342124,0.00038318948451728803,-2.6881276226037962,0.5654906605252427,6.714285714285714,0.5969746225977974
0.1,0.0,244,0.0010378716130526788,0.0008554515535203522,0.8583547452492439,0.0007699258030790935,-1.1556801201748879,0.5948832878963825,5.785714285714286,0.5898043203478792
0.1,0.0,245,0.0044763734358839145,0.0015011927557694715,4.402329971156206,0.0017745912620294616,-5.083149364244065,0.5909790343016639,5.857142857142857,0.5978765217253198
0.1,0.0,246,0.004120785050861249,0.0012879425166776692,2.750751862575489,0.001087301685612562,1.6562529097378824,0.6006967005009385,5.821428571428571,0.6155213102134233
0.1,0.0,247,0.008133706293202446,0.002786754675370639,3.7887277681060803,0.0038647558162697125,-2.1378503535380275,0.5874228306596583,5.821428571428571,0.5971493978664594
0.1,0.0,248,0.004828711144440814,0.0005153501377272918,6.82507896224512,0.0005537312331211869,-2.205051396915138,0.5664164869203298,6.285714285714286,0.5983748666082531
0.1,0.0,249,0.005882926549431713,0.007349776500142542,1.5330340610077922,0.00706284926466245,-0.35659287735369577,0.5706592093425737,6.464285714285714,0.5715008153790326
0.1,0.0,250,0.0024103877957478968,0.0018293087283072194,1.5471475012218339,0.0019938129976557663,-0.8443593042971808,0.5686979476361785,5.25,0.5684016020643841
0.1,0.0,251,0.013623684032035586,0.017869575695609156,6.272295180853632,0.013388582016227727,5.286439106194043,0.5549266945972477,6.035714285714286,0.5932478538165813
0.1,0.0,252,0.003619954136793162,0.002226666174763624,1.0140467899623313,0.0020818385193719213,2.756366869950284,0.543171871353647,5.821428571428571,0.5611759683945239
0.1,0.0,253,0.0018615124020031951,0.0013593524576297955,0.8501862107152457,0.0008401288537017228,3.0216942333302463,0.5318043094387638,5.428571428571429,0.537773744995812
0.1,0.0,254,0.0038847208794116316,0.0007015792734145085,3.8679354069285523,0.0005783600067093026,-1.476060532992771,0.6286999848958975,5.571428571428571,0.6531268506095566
0.1,0.0,255,0.0076321477874512905,0.007477048244764594,3.966360290269923,0.006170232974198988,0.29271424432424925,0.6161103895949153,5.357142857142857,0.6344826163459405
0.1,0.0,256,0.0027754359894559145,0.002199928832324841,0.15615414705515226,0.0022281895203788904,5.019596652753658,0.5677811554612616,5.75,0.5849247952107552
0.1,0.0,257,0.0033814466954260295,0.003048367832929257,2.5702863570931433,0.002302383272219569,-0.46646275652910657,0.5467695564988532,5.464285714285714,0.5519489688000145
0.1,0.0,258,0.0005764941775236556,0.0006824971575857657,-2.0593606681560743,0.0006365139458391508,-2.5775047885790534,0.5803437728969103,6.107142857142857,0.6047956549355422
0.1,0.0,259,0.0023413223693914136,0.003716723670043791,-2.272330337130967,0.0028146268770350585,-1.4986636585153879,0.5893102841274409,5.714285714285714,0.5920007292763627
0.1,0.0,260,0.0049768494509256555,0.0070690579586914154,1.868347137964103,0.005931082608039804,4.42005082229331,0.585110921270384,6.392857142857143,0.605055564750357
0.1,0.0,261,0.002665123638367674,0.0006635156891647692,4.681893635429428,0.0010538607049637154,-2.2084601510140374,0.5681358071854602,5.857142857142857,0.5821823242104267
0.1,0.0,262,0.002288108777667329,0.0038409810759265756,-2.821935874358502,0.0033870540866115352,-1.3471872584470173,0.5608519383959798,6.0,0.5409056984980466
0.1,0.0,263,0.003946329136946149,0.0021189891099165636,0.14085446147410607,0.0017446910295650434,1.0682120266429347,0.5710067445423956,5.214285714285714,0.5801946276912855
0.1,0.0,264,0.002014279137951029,0.00018096724102965192,1.800277180651771,4.802905393603741e-05,-5.164006786964582,0.5786620467279554,5.607142857142857,0.5806862233681143
0.1,0.0,265,0.007605780956008908,0.004324139627609611,5.900726747536784,0.004136827543223093,0.4033895684241979,0.6171189376726949,6.678571428571429,0.632422227557772
0.1,0.0,266,0.00333424139442617,0.0021619910900589506,3.741705041485934,0.0027872285795834477,-1.2687373937064592,0.5841902882201514,5.571428571428571,0.6028072442679161
0.1,0.0,267,0.0033509370432272213,0.0053581180052598215,1.5083886139316103,0.005362442972348277,3.5347696528278902,0.5958341350790908,5.892857142857143,0.6052488374706226
0.1,0.0,268,0.0035751742932756585,0.00369776415382008,2.44004746302276,0.003632207391955447,-0.36259403790865957,0.613327372664732,5.857142857142857,0.6342210670071392
0.1,0.0,269,0.0057136081075843306,0.002655008516833307,1.4303555427550425,0.0024323214525687,2.6914568669622554,0.5887294766103219,5.571428571428571,0.5841796365880417
0.1,0.0,270,0.00613184311744892,0.0012540311800933414,1.627731001822525,0.0030038323360845284,-1.0605037806179876,0.5575213716553659,5.857142857142857,0.5644853123570555
0.1,0.0,271,0.003958931068937897,0.0009601630473558254,3.8881280384809336,0.0015383047752935445,-3.6238439184443223,0.611552528075417,6.642857142857143,0.6413704678408351
0.1,0.0,272,0.0019427323479765124,0.002058648044463115,0.06613835311743325,0.0019650614000132085,-0.46601937803554466,0.6273702633433397,6.75,0.6422197814996324
0.1,0.0,273,0.0117920578289331,0.008305403929577087,-0.04811084112643016,0.007904148040703465,1.1828018776648908,0.5623029919153543,6.071428571428571,0.5655510632989483
0.1,0.0,274,0.001099286590734343,0.0009463037805925742,1.220651512841035,0.000517465714326864,0.0020937970856967545,0.5674572063108355,5.5,0.5528305398417883
0.1,0.0,275,0.002465180203899551,0.00034620722385107994,2.1680031329231895,0.00025831366912192354,-0.0914292638994804,0.5908228798914053,6.035714285714286,0.620044616074554
0.1,0.0,276,0.0022894907132864255,0.0017016027943408502,0.1709926154214164,0.0012775438516814308,0.6336439823690512,0.5682740785568053,5.928571428571429,0.5882998810676224
0.1,0.0,277,0.009596435940165595,0.007602266081579578,6.3156438866346605,0.0068954879767352305,-1.533794529655239,0.5810495346051702,6.214285714285714,0.5884319482451965
0.1,0.0,278,0.007531381284027547,0.0021785257879038057,7.793442248315974,0.002140439160905734,-1.8139934868989371,0.5686313292188355,5.75,0.5693498806097124
0.1,0.0,279,0.006193708502065252,0.004463304773667655,3.7367495875359396,0.0031079736340641883,-1.3955904227364802,0.5709387519405742,5.428571428571429,0.5918072151537923
0.1,0.0,280,0.005880889117374753,0.005675911396310985,1.0184841032634704,0.0057981262021320895,5.3202542946759195,0.6161122198415236,5.964285714285714,0.6289824760585114
0.1,0.0,281,0.004917718343811062,0.0041868216246469525,-0.7726493219881831,0.0037688996186547833,0.8631347208826222,0.5631269425880696,5.892857142857143,0.5615635397948505
0.1,0.0,282,0.0029407050146388796,0.0010147558811313235,0.9842198749074763,0.0012000644610783368,-0.7805068267803392,0.5850596156526224,6.035714285714286,0.6019621853247406
0.1,0.0,283,0.0027289436764575633,0.001134673408542105,0.35646737838490594,0.0007448175253958195,-2.413669693588332,0.6166414327416888,5.821428571428571,0.614149883603101
0.1,0.0,284,0.004357956373788723,0.0018048458601527852,-0.300150932485631,0.001756835170801079,-4.695871138036637,0.5729101209428556,6.142857142857143,0.5988412960948084
0.1,0.0,285,0.004231789485845639,0.0006698246897521454,3.372739095461393,0.0006412757074166271,-2.117735402805181,0.6021540592072955,5.642857142857143,0.6211026823764112
0.1,0.0,286,0.008525090176828148,0.0011314618954375922,7.510351265574712,0.0016380242037494417,-2.6995122032799657,0.5493204980436341,5.714285714285714,0.5823881599089704
0.1,0.0,287,0.00600522525453534,0.0015202969117982918,5.282809839542438,0.002208834046960479,-3.921766781306976,0.5887892510162376,6.0,0.6094125444234935
0.1,0.0,288,0.0033293802906966424,0.0029038798412692555,0.08198527499536112,0.0024202692888064987,-1.6572558747152375,0.6080155604764645,6.785714285714286,0.6171577060285313
0.1,0.0,289,0.005008167566503937,0.0022339750930902244,1.5957119490183989,0.0019497954186991347,2.856453849671624,0.5779178279275646,6.071428571428571,0.6060013588636319
0.1,0.0,290,0.007730120859266416,0.010980487655903698,2.48594727270725,0.009334379780199992,1.8694122282230883,0.5355392988973613,5.321428571428571,0.5557950204950809
0.1,0.0,291,0.00035875436576067454,0.00017735837094598212,-0.7940517364344449,0.00042981710376390235,3.471076277695488,0.5200263527638765,5.821428571428571,0.4928226442764889
0.1,0.0,292,0.003930690919212098,0.004727715686506104,0.05126465589487831,0.0036633080513625155,-0.843085436977295,0.6164185966273047,6.357142857142857,0.6190080345778224
0.1,0.0,293,0.002609641731243116,0.0031519510674188735,1.8347969829871336,0.0018662206760532755,2.322038048279713,0.5555612297023049,5.821428571428571,0.5843895057167612
0.1,0.0,294,0.004271678036589788,0.0033161633317839428,7.407957037523602,0.0028958932114588913,3.0802397624438242,0.5745976489778589,6.071428571428571,0.5871624839333565
0.1,0.0,295,0.001751214547502137,0.0017682914517045175,0.8562437474305966,0.0012895009956685878,-1.1147666090872217,0.5629560910465383,5.964285714285714,0.576295628424037
0.1,0.0,296,0.004836880826886275,0.00230717792212684,3.800369268701445,0.0026107737343120697,-1.9867525681210338,0.5937508452366804,6.178571428571429,0.6069704885330359
0.1,0.0,297,0.004699145504470227,0.0005465869787168197,2.1787852082305506,0.00021696166876967085,-5.8752334454157165,0.5972995324583097,6.607142857142857,0.6025582076152458
0.1,0.0,298,0.008565663043583409,0.0010052781320935872,8.965888127273985,0.0016442781611440325,0.5811176860093307,0.6334655816135024,5.821428571428571,0.6490787653022468
0.1,0.0,299,0.01001809233336154,0.013609078947655525,2.5530950074700436,0.013441072095872041,2.9225585195853134,0.5455584863555792,5.857142857142857,0.581842309064142
0.1,0.1,0,0.0030699201551081527,0.0005693451018908222,2.5508302519015444,0.0005806591402916146,-0.029472223077685083,0.5288146261188761,5.107142857142857,0.5472164878417904
0.1,0.1,1,0.0028701097227619653,0.0004669471690541939,2.85107617002537,0.0007199250889828835,-4.742829874236236,0.569416553621535,5.392857142857143,0.5862841215305503
0.1,0.1,2,0.0022639812118395992,0.0002099017729422431,2.5699320108336394,0.0002190923580300434,-0.6269804326518909,0.5868821229376032,5.464285714285714,0.5844052873924362
0.1,0.1,3,0.0011338611455497698,0.002278094001538657,-0.8342554896245341,0.0011349958296117757,-0.9071817291008983,0.5752680623548716,5.5,0.5987171449011451
0.1,0.1,4,0.0023190590061210586,0.0014904107792867213,2.576207774443759,0.0015550079563212901,1.259137152569868,0.5766990433105422,6.642857142857143,0.5975845154623984
0.1,0.1,5,0.0092022809893735,0.004844207977880443,3.5863907958261145,0.0054231978342088585,-1.9556875156244473,0.5462057063878442,5.857142857142857,0.5620022381916441
0.1,0.1,6,0.03752328342020057,0.0272270740897609,16.732477302995193,0.02768396184226953,-1.98579525831092,0.669613864531715,5.321428571428571,0.720460280165178
0.1,0.1,7,0.00841726399481706,0.0035735247441944853,0.9847154880353438,0.0037270669803306836,-1.6718564531510463,0.5667618957847015,5.928571428571429,0.5926191416306367
0.1,0.1,8,0.0012535323966455475,0.0009003817706311669,0.8469381940428112,0.0006688909266721709,-2.6979007035709515,0.6138253865340585,5.857142857142857,0.6225015383236143
0.1,0.1,9,0.005384701348368523,0.005372016100079314,-1.2130953657024197,0.0044916619143247185,4.380995625399,0.5993144210462081,6.142857142857143,0.6111428759104494
0.1,0.1,10,0.009836592544005918,0.006789067824050835,4.903907737590079,0.006156266392016725,0.26720939118636505,0.5878035762122285,5.821428571428571,0.5972327017784677
0.1,0.1,11,0.010600919116730742,0.00788418991796021,9.162208213439603,0.007706067487514167,1.500755556352279,0.5647136529582362,6.107142857142857,0.6018729569978356
0.1,0.1,12,0.0066672453456922244,0.003132228680205548,2.9088558438940595,0.0024419197780271937,-2.423089779617063,0.5541981444824314,5.714285714285714,0.5666303528867673
0.1,0.1,13,0.0060306967022087,0.005961836298505623,4.064582591332955,0.005154664062757075,-4.6215332281567685,0.643299627889837,7.285714285714286,0.6652238419718955
0.1,0.1,14,0.005738030420467339,0.0015847629300338485,3.163852215518451,0.002231846770097469,-1.6113206944384426,0.5649281599196009,5.535714285714286,0.5779297610925378
0.1,0.1,15,0.0015166496592532647,0.0014706172681181265,-0.654993560294533,0.0013653912148072862,1.1975783169691094,0.5698668006714351,5.464285714285714,0.5756152460864399
0.1,0.1,16,0.004896432108752608,0.001802839165439338,3.774837244128482,0.00286083620380355,0.5309556208433813,0.561839992908666,5.821428571428571,0.5754669244870103
0.1,0.1,17,0.002184579225753328,0.0011379274912942312,0.7844901429293051,0.001365977212856244,1.4257253384906126,0.5804089633618651,5.75,0.5981883531525213
0.1,0.1,18,0.003524710186128179,0.003132798803730603,1.1695664061383202,0.0037638086289510765,2.911990476899632,0.5789190232118466,6.321428571428571,0.5870984117382956
0.1,0.1,19,0.004053551889256337,0.0030840859650688966,0.36740220233133414,0.0021074376990289946,2.5634619926104087,0.547029130972657,6.428571428571429,0.5921207263386978
0.1,0.1,20,0.035888127379443975,0.018898210546319332,20.22572918552409,0.016792764221879045,-4.78734900088395,0.6200600931743254,6.071428571428571,0.6776909231843231
0.1,0.1,21,0.0013484670606710573,0.0015665086330409544,-0.41758574742615906,0.0010355318639329164,-1.2459118215829033,0.548896467361154,5.535714285714286,0.5611098040461551
0.1,0.1,22,0.003955653621023737,0.0041455204334857245,4.197268179888312,0.004478051337737554,0.09952743077279062,0.5656090255657917,5.75,0.5712535993020778
0.1,0.1,23,0.01152629961115353,0.01337732185761795,3.4279598162380105,0.011270556354102498,-0.9896661889290973,0.5649214078339899,5.607142857142857,0.5935767342815579
0.1,0.1,24,0.014179787670565375,0.008229045433961411,7.551059629572099,0.009551564672865458,-0.44105739409487416,0.5318408427981666,6.285714285714286,0.53971390537777
0.1,0.1,25,0.00730167404702702,0.006201198981314698,4.2785230975293205,0.005530786926246206,-1.5034276330562097,0.6051917980981878,5.821428571428571,0.610925171265254
0.1,0.1,26,0.0013660755643751805,0.0005738769604204931,1.1692818437691699,0.0006047828803241509,-0.34902773606079524,0.5688266358840691,5.857142857142857,0.5877500973769121
0.1,0.1,27,0.0016737863564290011,0.0004715066049506893,1.4363620920959004,0.00041554947099502106,-0.9058598469166365,0.5177094022069483,6.25,0.5091114357849175
0.1,0.1,28,0.003663045354619176,0.00147930779242516,2.7758201860937866,0.001722695877287403,0.7393423951806332,0.6025407681257843,5.892857142857143,0.6238118800923973
0.1,0.1,29,0.005283799434319208,0.009732316285507364,-1.1202296418502253,0.008234305129174222,1.0104181668425365,0.6015982902669704,5.357142857142857,0.6101682342217529
0.1,0.1,30,0.004478019548256782,0.0063747313229025795,2.037532584027076,0.006421737361173136,5.262616078388788,0.6114469397914475,5.892857142857143,0.6183416636323318
0.1,0.1,31,0.002127879941700376,0.0009075171358798134,2.4948622289382456,0.0005866240632811452,-2.1183432969450564,0.5760289442583433,5.964285714285714,0.5867435402918375
0.1,0.1,32,0.008067856911430216,0.003263344986909447,5.687766681868415,0.004993516468397109,-2.179922164993959,0.6069075829956976,5.964285714285714,0.6170528770776799
0.1,0.1,33,0.009343841282606716,0.004564980521598452,10.909771135365995,0.006788366968998843,0.5401001351714191,0.6097389303233817,6.071428571428571,0.6177061620065654
0.1,0.1,34,0.046733906023599614,0.03343655859398946,14.204156851946266,0.03765657992123638,-0.7939459607075037,0.6227844131523546,6.178571428571429,0.6748821369591851
0.1,0.1,35,0.00973219181106743,0.00558348764906678,7.62307743307511,0.005830064859999017,-3.575601654743224,0.58502069587495,6.5,0.590145079817937
0.1,0.1,36,0.0034635763494063956,0.0007372921054043751,3.8183716225895616,0.0008426668693872478,-1.4867837994870758,0.5599908150845648,6.071428571428571,0.5658294605069375
0.1,0.1,37,0.00789184256087819,0.008587870258768105,2.685198124290205,0.009283584354193604,5.671736470548287,0.5542871004523267,6.464285714285714,0.5812982888534584
0.1,0.1,38,0.000812585811477634,0.0004493968452489268,0.8610491548611113,0.0002835694229673427,1.540201389420967,0.5215327676535887,5.0,0.5384601825078874
0.1,0.1,39,0.010025154666895795,0.007268395842317881,5.37025107659547,0.006045411250096303,-2.0011632060082056,0.6107149856800763,7.142857142857143,0.6283022144220667
0.1,0.1,40,0.002371731692424275,0.0004036881652213057,1.3852326783426367,0.0006019300968392883,-2.3439078619052793,0.5803648308655421,6.107142857142857,0.5923524624928588
0.1,0.1,41,0.0010948877488764649,0.0008098630556114793,2.3883787962976917,0.0007652711570101612,2.642097628754508,0.5316719741200938,4.928571428571429,0.5245014764542153
0.1,0.1,42,0.016157545181240757,0.00590381974104184,9.560691187675124,0.00668978464603586,-5.4457310952851214,0.6022195565159947,6.285714285714286,0.630345604464607
0.1,0.1,43,0.005427775185092127,0.0010456672413933629,2.8660084050326966,0.0009193002899399009,-5.584684029682023,0.5199863969142845,6.535714285714286,0.5502587201540814
0.1,0.1,44,0.003761683400593401,0.003186345065941264,1.3606575828464618,0.0023241725059168663,2.822687698995528,0.5747703635618998,5.5,0.5931792352114471
0.1,0.1,45,0.004243322685613145,0.0016520898051785593,4.406035094953438,0.0016169355311235517,-0.6254893377583244,0.5885978702798853,6.142857142857143,0.6056634358706554
0.1,0.1,46,0.0035676945522936645,0.0003084066458851638,2.7685354432307556,0.0003256481442498576,-0.04234112776888802,0.5771985799291086,6.035714285714286,0.5827556446258533
0.1,0.1,47,0.002295793223201607,0.0018050538013028152,2.3639152694183565,0.00203673085860244,0.5319979974698773,0.6235317050069641,6.25,0.6296488369455726
0.1,0.1,48,0.0011243162827170134,0.00026380193798525964,0.12234054266478249,0.0001991834068854641,-1.7766491645357594,0.5933561293634435,5.785714285714286,0.6103348118704816
0.1,0.1,49,0.005171698459054383,0.004107451968044109,3.117917793104558,0.0048305667961569985,-8.15017415220484,0.5898132294650713,6.285714285714286,0.5999170551739199
0.1,0.1,50,0.0597298344169102,0.03481231073115869,20.500671864481017,0.042586878472856006,-8.98051038012467,0.6242530577907386,6.107142857142857,0.684237552521409
0.1,0.1,51,0.004887639640539083,0.011325915469613973,-1.3227250824247487,0.009428527981386796,-0.5297079985261727,0.5754798056575128,6.214285714285714,0.612002529634635
0.1,0.1,52,0.019086979146652496,0.004001609479664137,15.255831480161143,0.006559050533710136,-6.449723160141275,0.6982085050127297,5.964285714285714,0.752038487815528
0.1,0.1,53,0.0069672050139758844,0.002191775293474425,2.5212880681285506,0.003044311844495488,1.981544880622181,0.5836679134451244,5.464285714285714,0.5960618100744133
0.1,0.1,54,0.012371816192560838,0.0030436851824842113,15.056574874147591,0.0038834100756463836,-2.867534488305457,0.6200750445878122,6.535714285714286,0.6344204954861767
0.1,0.1,55,0.07506740853736797,0.0411652302126078,22.426853654806425,0.04893354679904402,-11.511371463201764,0.6483580223975477,6.571428571428571,0.7527440665186867
0.1,0.1,56,0.002271285243422854,0.002453023852241176,0.47029522953758374,0.0024075854949134924,1.2917280481704647,0.5295771911194406,5.321428571428571,0.5236879104533841
0.1,0.1,57,0.0647079251294854,0.050068915146737406,12.054026058833736,0.0524786222090678,-0.9688584191744146,0.6190435158321187,5.75,0.6896815466561177
0.1,0.1,58,0.0011615271142269143,0.00015965447074165254,2.7748537963398596,0.0002523424225241702,-2.266293956032939,0.5733411997257766,5.071428571428571,0.5740132299829044
0.1,0.1,59,0.002050113297140218,0.0003839280396314146,0.4952765674240709,0.00011967722321714407,0.1313989029704127,0.5514197747262364,5.75,0.5650549513873343
0.1,0.1,60,0.006551842654744753,0.0030414277786409614,1.5769522953023056,0.002205317953859941,-1.0824131912637636,0.5206832220558414,4.964285714285714,0.5571676239416389
0.1,0.1,61,0.004712803079187799,0.0056883121371980394,2.5736809698940135,0.006171075860332713,7.716891082871693,0.5550365305741444,6.107142857142857,0.5779744305773518
0.1,0.1,62,0.010841493949441495,0.016530156494417463,2.2225497074787293,0.017061480065558236,14.351139843024157,0.5372769723715652,5.821428571428571,0.5737882028011307
0.1,0.1,63,0.003112466182559382,0.0013317230149803199,3.8703829698361196,0.0016068388285786174,-3.274453204796089,0.6024965773492891,5.964285714285714,0.6120943228610282
0.1,0.1,64,0.0028588769796526903,0.003100452825680716,-1.977101899153979,0.0017509248536029711,2.211940899151197,0.5505243279283427,5.5,0.5779970117512783
0.1,0.1,65,0.0019539403348453593,0.0017469120030961778,0.3820183639966217,0.001716843045684527,-3.307472871874618,0.5976356855991677,5.75,0.5969606313225495
0.1,0.1,66,0.010323835339334873,0.009309829911931782,4.984265936845863,0.009786893205074988,8.43237064854018,0.6535562782715901,6.25,0.683113482806053
0.1,0.1,67,0.013606860325624017,0.010657696965432676,8.742255369652204,0.01217508402396681,2.402173498429164,0.5785315097624043,6.142857142857143,0.5849707521745281
0.1,0.1,68,0.018962610437583818,0.009980007039464056,9.791258221069077,0.011497005693593763,-1.9419754111525738,0.5767765027416818,5.892857142857143,0.6065432869210077
0.1,0.1,69,0.003548497536081409,0.0015186647308973675,5.71670216151161,0.0014528776819098916,-1.168416516362754,0.5728550774347166,6.607142857142857,0.5858942165746108
0.1,0.1,70,0.003802517338812709,0.0001634529894875908,1.3526169287414025,0.0007337634105794272,-1.827996220528784,0.5655966901857543,5.678571428571429,0.5818207136162935
0.1,0.1,71,0.0011760608599474137,0.0015180248915620106,-1.1860457914812532,0.001027103791610772,-0.09752585964379061,0.5754534587714041,6.035714285714286,0.5639047398140562
0.1,0.1,72,0.0033119092911505993,0.004043525490131239,-0.007401925356409341,0.003166841517318754,-2.657325475894652,0.5775096596888015,6.142857142857143,0.5952591272941561
0.1,0.1,73,0.0025402372737287513,0.00037775656050550484,0.3129771282430056,0.0006949919305127325,-4.317103381245194,0.575656208375877,6.035714285714286,0.5992816742493059
0.1,0.1,74,0.0011396119479119146,0.003721917062905281,-1.5439524471763282,0.002940978308126425,-0.3121507066910378,0.5900092926616036,6.107142857142857,0.6228503043034472
0.1,0.1,75,0.0019387595717717347,0.002691475871800581,2.9047056579182993,0.002415294831473336,1.076781291206989,0.6031497396322315,7.0,0.6046131547931275
0.1,0.1,76,0.010347325764542696,0.006940802158611609,11.292137213062773,0.005253856398903686,-1.1118332074581474,0.6665901505113031,5.857142857142857,0.6970285453347066
0.1,0.1,77,0.002490936736847924,0.004153585675017364,0.07501109147002201,0.00178866034225107,-1.3788752717567547,0.5881853692938862,5.892857142857143,0.6099295879266178
0.1,0.1,78,0.011389102463066132,0.006330593141110802,8.555444738508006,0.006708539323633797,-3.1653291389300193,0.5754448130691158,5.892857142857143,0.5882504036535716
0.1,0.1,79,0.003086323704603399,0.002432174917586437,-0.3186039255766673,0.0021134769715431562,-4.2949775719304455,0.5742305631777339,5.392857142857143,0.5793998307196513
0.1,0.1,80,0.0018342054090892913,0.0006547090769166513,-1.0750737927004461,0.0004296592701435761,-2.7495891891285,0.59107507388286,5.964285714285714,0.5960677646645979
0.1,0.1,81,0.0020462371881400316,0.003288026297388216,-0.5370259386334624,0.0020866435162355474,-3.6731407579280435,0.4939708225047378,5.321428571428571,0.49723038884263493
0.1,0.1,82,0.024712822186508523,0.02480399392108512,11.877929514874324,0.023282482798792078,10.066588297675622,0.6373860794905707,6.214285714285714,0.680709870232632
0.1,0.1,83,0.03139259921123621,0.023126669062182144,10.55388669208468,0.024201258142105282,-5.869565300083536,0.6595935942595412,7.178571428571429,0.6988847580651769
0.1,0.1,84,0.056034951789747524,0.04686426919298198,15.63521005723699,0.046166489213503636,-5.018741230290577,0.6381734688379817,6.571428571428571,0.700412351849834
0.1,0.1,85,0.0014387540326388363,0.0013721352192428977,1.8389207629557898,0.0010051377893099656,-2.7040117303691793,0.5597380404551402,5.464285714285714,0.5601386828077368
0.1,0.1,86,0.0036196707257334765,0.005086577313975332,1.330426119801179,0.0051022822219484705,3.1443332175899172,0.5970212806066274,5.535714285714286,0.5997479629178499
0.1,0.1,87,0.02504562892136708,0.007468918906110168,23.19869461765499,0.009393480859127215,-7.141065625552528,0.7102583627895535,7.071428571428571,0.7471842596282593
0.1,0.1,88,0.049543948630387954,0.033537553952785806,18.021593173266933,0.037581200608483634,-5.568870204351498,0.644414773818711,6.142857142857143,0.7184077369519151
0.1,0.1,89,0.005647363832739983,0.00044224322765773136,6.200069951888726,0.0010045433556097477,-0.3724104360302268,0.5560790978621524,5.035714285714286,0.5751708948523429
0.1,0.1,90,0.00718066294979015,0.010550095458777713,1.6743800798078325,0.008273443930383626,-0.4974889711038486,0.5632562709031521,6.035714285714286,0.5994480607878765
0.1,0.1,91,0.001213011514956268,0.0005975982393227608,-0.10293091316258558,0.0006218852748925582,-0.6675154249741979,0.5461995472927914,5.285714285714286,0.5550964324003314
0.1,0.1,92,0.003067936971041293,0.0047493362235471815,5.52098358263468,0.004104324266505079,-0.17966093166805308,0.5882976810693761,5.535714285714286,0.5878686661422772
0.1,0.1,93,0.0036656808201334353,0.00188447921892821,-0.34965861379517565,0.0014839150917558125,-1.116937963442581,0.5904501035819514,5.071428571428571,0.610676878936357
0.1,0.1,94,0.0028473896313350247,0.0023570697967569133,2.6456349240814725,0.0021469790859585404,-2.2087831701441965,0.5865939192969221,5.964285714285714,0.5985786000950593
0.1,0.1,95,0.005472501113733382,0.009308646823260547,1.9169707351611958,0.0077967744011651925,0.21185754818923405,0.5674829068503388,5.821428571428571,0.5754698514899559
0.1,0.1,96,0.0018055971778993087,0.002552292312376364,0.3462283504015981,0.0028117559626233794,0.29062100371663746,0.5436380691513848,5.607142857142857,0.5485884274320103
0.1,0.1,97,0.06013171105012099,0.04125797875957373,13.293966647758433,0.046088315034608536,-4.258046479086498,0.5803900885227496,6.607142857142857,0.643844952107568
0.1,0.1,98,0.0032966287323822415,0.0006913589760524873,3.8086793728327755,0.0007966928277723346,-2.3103195468479214,0.5703623118928031,5.928571428571429,0.5696816478439173
0.1,0.1,99,0.03620844968774781,0.023207525543579948,14.992299457137344,0.02560268909637116,7.246453810407549,0.6428201557702683,6.071428571428571,0.6794725828363334
0.1,0.1,100,0.003919324208893755,0.0019756787087783427,1.969847271986841,0.0029979649730594595,3.7317864289834213,0.580339212932104,6.035714285714286,0.592796049286324
0.1,0.1,101,0.0030985863498462856,0.0013501709479756731,0.2890408616699555,0.0013866171700943999,-0.917076549460603,0.5966068026730384,6.071428571428571,0.6127730556162093
0.1,0.1,102,0.005906323907168404,0.004294703350835641,5.596692531803323,0.0033363063719560266,-2.530248644797325,0.5610242892702657,6.571428571428571,0.5617682288324465
0.1,0.1,103,0.004136321631627315,0.002058420569986008,4.571743812218709,0.001211694296154609,-4.730325563504067,0.6004894331419901,6.107142857142857,0.6210296280039267
0.1,0.1,104,0.005140146128944649,0.0018358978935284083,6.310066906919123,0.0020410545032382246,0.7586916376163989,0.6011870991508559,5.178571428571429,0.6140829045219536
0.1,0.1,105,0.007318664295027755,0.007424273741056957,2.970400161993041,0.006499184200287305,2.3628232627914656,0.5638314634429038,5.571428571428571,0.5871200273030031
0.1,0.1,106,0.0030155120155722324,0.0016240798866640498,3.2155982578517146,0.0016902977595315016,-1.4961040801486167,0.5574621618689394,5.5,0.5634517986812806
0.1,0.1,107,0.0032794596950643027,0.003164914216406211,-1.9082688494055162,0.0030482272616437138,3.0234404993744115,0.5644503985289203,5.5,0.5752478217201331
0.1,0.1,108,0.0015400622830733894,0.002041679654102708,1.200083069181204,0.00041693009081328537,0.4730341844703598,0.5455738726676237,6.25,0.5652854402962537
0.1,0.1,109,0.0041723936814196125,0.0025426170346327178,3.365148170345767,0.001760036196602856,-2.1590036480416095,0.5658993056713417,5.464285714285714,0.5675359836915843
0.1,0.1,110,0.004242872336140995,0.0014112076453028765,4.514898334958673,0.0024590783968231203,4.0331352857812135,0.5636342938315783,5.357142857142857,0.5893811722828853
0.1,0.1,111,0.03245765283235542,0.0011385126133443156,24.357685838717714,0.002154208994299462,-8.993451010900637,0.6624172947914966,6.25,0.7130644478120178
0.1,0.1,112,0.0018656167522108353,0.0014079029694809143,1.0920158198211805,0.0009812597059015635,-4.97258155366266,0.5391651359210665,5.678571428571429,0.5390260697440126
0.1,0.1,113,0.019263472104092252,0.01176593580355705,10.603834495274063,0.011341729471576209,4.705870049602008,0.6371084715722962,6.285714285714286,0.665227181370445
0.1,0.1,114,0.014616976565654013,0.011772272016099783,7.307053272466685,0.009761402953159769,2.4122893030429395,0.5886591212248018,5.892857142857143,0.6139738610891978
0.1,0.1,115,0.004439316223527287,0.004595952940599018,2.6345156446296394,0.00421498242966766,0.9649319203905028,0.6265935950855422,6.642857142857143,0.6350632794148042
0.1,0.1,116,0.0047274190773100785,0.002073489595569018,3.256013052850998,0.0027844764861542116,-2.8525714445574124,0.58571319925119,5.821428571428571,0.6033864186892337
0.1,0.1,117,0.0012434311660151952,0.0002784764247711859,2.242967832708189,0.00043589312245977536,-2.7101657255575256,0.5652398158712021,5.75,0.5746784039753006
0.1,0.1,118,0.0035737954263618315,0.0008005575540374591,3.3884664446190036,0.0009938545211431325,-1.9045975603461234,0.5459855665470545,5.535714285714286,0.5583031099743252
0.1,0.1,119,0.044833738020997424,0.02585707925712393,19.435254435594658,0.028754410641995912,-6.0406969515245335,0.6624633172999942,5.642857142857143,0.7021642787846387
0.1,0.1,120,0.00893814612248317,0.004486998866369874,4.790059461172746,0.005891624593723192,-2.834438429456327,0.5867234349654512,5.714285714285714,0.5889110111190354
0.1,0.1,121,0.035050501822964916,0.018899469669442538,22.98416952720093,0.017857942382946822,1.9455732490561861,0.6280997018401832,6.428571428571429,0.6705877710088516
0.1,0.1,122,0.002621932480033601,0.00329296246769665,-1.7107048810775325,0.0033114262498279887,-2.083296704472654,0.5589568903544253,6.642857142857143,0.5627953252302862
0.1,0.1,123,0.03141237637948783,0.015289575976508622,16.934087077579694,0.013440848189753959,-0.6487014354360952,0.6231116144866389,7.5,0.6673779753217541
0.1,0.1,124,0.007323745554309226,0.0024725055371605793,4.397028885275101,0.0015134516076588426,-1.9913829046150984,0.542882728938857,5.464285714285714,0.581919306340938
0.1,0.1,125,0.012941077644378894,0.00549279364487282,13.625788514572784,0.0065279750621384915,3.407855007834305,0.5499229527874077,5.785714285714286,0.5853068545917894
0.1,0.1,126,0.004943651681699093,0.0033867526043508465,1.2282894527445005,0.0034460421586372776,-1.3067526935543488,0.5578911909040936,5.25,0.5961945914004724
0.1,0.1,127,0.0036722370425501406,0.0008129848561672246,2.073877463406859,0.0020814277266131016,0.2777353240913101,0.5462952808709016,5.785714285714286,0.5414901535947814
0.1,0.1,128,0.0065989515967764,0.001126051647148139,5.4825894590870705,0.0012237144978200967,-1.0526541456371301,0.5810275704711639,6.357142857142857,0.5979580955874773
0.1,0.1,129,0.0020767911824936484,0.0018385373401757334,-1.0169804926459374,0.0017567289766503272,0.4174794681410958,0.5468036102382606,5.75,0.540527692664047
0.1,0.1,130,0.00905241505157834,0.0030979059408810642,8.501998958539465,0.0036122645782563517,-4.27851532257812,0.6024875191539688,6.071428571428571,0.6050821391207416
0.1,0.1,131,0.003965857709298068,0.015510085858591316,-1.0643308068016115,0.009185211255736583,5.944548454069472,0.5224526993458445,5.464285714285714,0.5624527250676543
0.1,0.1,132,0.007170109960531624,0.002311668084845898,1.7291017800230766,0.0017623087647646325,-0.5188107021524218,0.505947575238481,5.75,0.5352662891976175
0.1,0.1,133,0.005440325545421004,0.0025169686310818323,0.504518512446244,0.003387475219339431,-0.6671208385127253,0.540973945050851,5.928571428571429,0.5404374082020589
0.1,0.1,134,0.0037537854787787306,0.0008978930310184857,1.2644713808547958,0.0009160242949387747,-5.399984901584825,0.5854277629910875,5.571428571428571,0.5885371694747932
0.1,0.1,135,0.0037557302601255484,0.0003488062374006663,3.639169173734397,0.00044399105621811423,-1.0116519661552938,0.5656195031883671,4.892857142857143,0.5752406802352834
0.1,0.1,136,0.0060875129105394865,0.0056115780885901195,4.558547122441023,0.004309086593265053,-3.2839939155495395,0.5939411446030344,5.821428571428571,0.5988591699237915
0.1,0.1,137,0.0010637620664135981,0.0006954274333166735,-1.993602558893656,0.0005589326544146574,-0.6485937736659082,0.5736354752946146,5.25,0.5930352085613568
0.1,0.1,138,0.003638600081849235,0.004393476062257697,-0.02127866651437671,0.005168518433987033,3.1201406477843725,0.5646343510003078,5.607142857142857,0.5784800477047165
0.1,0.1,139,0.0046031862255954,0.0028683139807342784,0.20267738319045256,0.0029885891240954534,-0.8241482552877054,0.5769634092694328,5.892857142857143,0.581654960758773
0.1,0.1,140,0.0015914158898479875,0.0017865683946233898,0.6985444260525924,0.0016601490292393415,-0.92391266546043,0.5864592781438739,5.857142857142857,0.6121383486063627
0.1,0.1,141,0.001589572164074588,0.00044668807567056757,1.4421636254492871,0.0005112254481050984,-0.21535657302028235,0.5767687525336775,5.821428571428571,0.5765134235950968
0.1,0.1,142,0.03037910179340645,0.012197993489365833,19.372002600770106,0.01565056680795384,-4.276550146920992,0.7148876754173206,6.785714285714286,0.7599054268248987
0.1,0.1,143,0.0069797077534957674,0.00670396957398543,4.033113471898768,0.0063285725488236196,0.2432665395279988,0.5904371268528062,6.392857142857143,0.5811798709645337
0.1,0.1,144,0.0029237552211134736,0.0056149317540574025,-4.1018831570308025,0.004132912313220463,-3.9667672035717296,0.5828133587001421,6.178571428571429,0.5727770590722656
0.1,0.1,145,0.0017513840514427849,0.001392987605984036,-2.2758233992568364,0.0014104215234302451,-3.0005516503542915,0.5410149952623212,5.964285714285714,0.5550928113657596
0.1,0.1,146,0.012805691397545583,0.010292323616265019,0.4572613453004995,0.010875042553989672,-1.3605363303710287,0.5693878454441924,6.0,0.5899783311759093
0.1,0.1,147,0.0021697768751485183,0.0006196978922273865,-0.9292855034388955,0.0007852240009980941,-1.1025430505252605,0.5808730030868244,5.75,0.5764783096181805
0.1,0.1,148,0.003547611303760755,0.0012875886897360837,0.6229327331626848,0.0013960445204013842,-4.62943222313648,0.5722699087138462,5.428571428571429,0.5731977126467767
0.1,0.1,149,0.012187286239440131,0.004589247694614549,5.372497017315595,0.006065084682987631,-5.800943265541851,0.5367144894877032,5.571428571428571,0.5470200768915627
0.1,0.1,150,0.0409831219542152,0.027430948339657642,19.128702897047173,0.025759257192058054,8.09831965820725,0.6630005833507973,6.035714285714286,0.7118067518625357
0.1,0.1,151,0.002579604830907999,0.004017705874746596,1.6547335811422481,0.002776127632382196,-1.521106645566789,0.6131929582617818,6.071428571428571,0.6224419823633387
0.1,0.1,152,0.02054340030260931,0.012366401499292242,9.08761410749137,0.011791960941331388,-3.036874238700866,0.5717027357677538,5.75,0.5844243078823672
0.1,0.1,153,0.03301670931323495,0.005283587720131654,23.301223516578535,0.006998482558100101,-11.765071466063878,0.690481279173474,6.857142857142857,0.7412849505714448
0.1,0.1,154,0.009044246293601206,0.010050202995671373,0.9174273132211491,0.009895301465537723,0.27766047641924274,0.555098543522517,5.392857142857143,0.533310558367001
0.1,0.1,155,0.002030868933141673,0.0018841605919060296,-1.3336153545973939,0.0020082467160515943,0.7149222216728788,0.6247654450994996,5.357142857142857,0.6300454106401818
0.1,0.1,156,0.0017790798016063978,0.0009803033047560748,0.0026077888996288343,0.001199984972439855,-1.598730323230664,0.5758942563371792,6.928571428571429,0.5935634672132243
0.1,0.1,157,0.03749000995365805,0.030527032280600747,9.61527676920044,0.03169787374032683,-1.9319351704049172,0.6405931039581375,5.821428571428571,0.665442290940864
0.1,0.1,158,0.0019777119187331616,0.0004945599669039458,3.0502264475390084,0.00036983249553530014,-1.8303320635086113,0.5779240399519427,5.892857142857143,0.5930893027944866
0.1,0.1,159,0.004376750334242272,0.002081440845597162,0.0578748301028611,0.0022938980583243245,-0.32405278905404583,0.5814295398838627,5.428571428571429,0.60283684622554
0.1,0.1,160,0.0031371662348818126,0.005656845610146394,-0.333935728986025,0.00323058696196849,1.6218680156046996,0.561276747317356,5.714285714285714,0.5869455537872224
0.1,0.1,161,0.01812814349597042,0.005585808440835947,11.9318366936605,0.006482196005849421,-7.939748272746139,0.7061505495480745,6.321428571428571,0.7516542759306096
0.1,0.1,162,0.002699519906350684,0.00181083109068153,0.885092270967732,0.002019816734944321,-1.4378759667179395,0.5798836878069794,5.642857142857143,0.5969851738902023
0.1,0.1,163,0.0028879174005898836,0.0014165033209829001,1.9079067156161689,0.0017239128617601016,1.4671276339645942,0.5723368851401284,6.071428571428571,0.5928022452788134
0.1,0.1,164,0.007301901679129877,0.0006945710367013767,7.0338367910170705,0.0009927722197840831,-4.18784687644317,0.5883069964712699,5.964285714285714,0.6022831598642355
0.1,0.1,165,0.02822948818108664,0.013837725309096357,12.639878698844152,0.01594908442359315,-2.7574029925645696,0.6021639395542776,6.285714285714286,0.6449972357172957
0.1,0.1,166,0.010300753614563724,0.003281903501060579,2.660660385104715,0.0007817996762914392,1.3002552954759306,0.562635381175953,5.607142857142857,0.5908733905714627
0.1,0.1,167,0.006410365589867251,0.008386501923400876,4.259481442467944,0.006454354121719601,-0.6746513064205999,0.616416602246112,6.464285714285714,0.6418997122187803
0.1,0.1,168,0.008147810017001954,0.006573208980164068,-1.660374528711704,0.00609570771137264,-1.0231791447320309,0.5885314901821372,5.75,0.5841740139260262
0.1,0.1,169,0.011593534020182296,0.00021740073106093485,9.469338872604302,0.0010388552906809014,-4.612413352873166,0.5323002940678536,5.321428571428571,0.5562018135539257
0.1,0.1,170,0.0015371206607732175,0.0019739462374232476,-0.49341986196352156,0.0015477414039672382,0.49829874778898403,0.5658273146424896,5.214285714285714,0.5642187639788594
0.1,0.1,171,0.03443447599565786,0.01983770033592225,16.07606944464747,0.022200334134829434,-9.644240625536165,0.6487672766908759,5.821428571428571,0.7048294406968609
0.1,0.1,172,0.003205820955321916,0.0021510862249288706,1.3632798676193072,0.0018157867312912103,0.01856816933619143,0.5704156952506781,5.642857142857143,0.5735599669803892
0.1,0.1,173,0.0009202197513149343,0.0014804007510431578,-0.3760799154026226,0.001116163332368977,-2.077045866308064,0.617634829295205,5.678571428571429,0.6285242341334601
0.1,0.1,174,0.016843928310390666,0.004441286288112986,10.440949895338909,0.006188631170927971,-2.9629931514760792,0.5525937499029585,5.535714285714286,0.5849852664881031
0.1,0.1,175,0.004707409138093065,0.0015831485605716593,5.098862448722969,0.0013642059077881238,-1.7622333524161984,0.5924146311133935,6.321428571428571,0.6110667134832908
0.1,0.1,176,0.004993323827054645,0.001895190828525391,6.1715925449528015,0.0020740411911135356,0.5291723432385993,0.572727704162876,6.285714285714286,0.585121477738576
0.1,0.1,177,0.0013423180102230387,0.0004504737732720477,-1.3230479144888818,0.0002321273223557122,-4.236081736352683,0.6072925116922024,5.571428571428571,0.6380853948683634
0.1,0.1,178,0.0007122049181433521,0.0005849813538219073,1.6671051768996108,0.0003326141626108828,-0.552580361989726,0.5423136887563922,5.5,0.5508622259160352
0.1,0.1,179,0.004491961979755477,0.004195593804715154,-2.5814177455794813,0.0017322212813019545,-1.5226295144225428,0.5544856554397307,5.678571428571429,0.5472490670945067
0.1,0.1,180,0.0011455110868251392,0.0010670239819936277,-0.7393035192946608,0.0007952252562095416,-1.4480067140449933,0.5764484248120427,5.107142857142857,0.581793736908734
0.1,0.1,181,0.00473528796601962,0.003079332117296352,2.2426294846051085,0.0028606431872902566,-3.850789381175872,0.6007712933205186,6.321428571428571,0.6221400886643508
0.1,0.1,182,0.0034132073817474055,0.007931858910665435,1.1434817286629293,0.0048585784382502726,3.2887598935728115,0.5605282885082942,5.785714285714286,0.5667534177700593
0.1,0.1,183,0.011955422144251453,0.01218365493884056,6.889950577557376,0.01066710672009802,-2.6817449130051805,0.6334018475974038,5.5,0.6442672653229247
0.1,0.1,184,0.006707398516419053,0.01449639340689202,0.34945339146192583,0.00965915302080012,8.192865752260795,0.5747973407038262,5.535714285714286,0.6037432515294181
0.1,0.1,185,0.008220538267408973,0.002965332190125224,8.097142147529667,0.0031916965329310907,1.8319177303021281,0.5719626617357426,6.321428571428571,0.5771304579445475
0.1,0.1,186,0.00438015344828352,0.002925997701977267,3.2486550095686275,0.0026010464920902462,-2.7843211722763974,0.5612021162122002,5.785714285714286,0.5768358465484207
0.1,0.1,187,0.0016815731583612495,0.0011717318499244944,1.280813227245157,0.001174827317085136,-1.33154629118449,0.5145781557843171,5.035714285714286,0.5559331126718452
0.1,0.1,188,0.011236071849881785,0.012276395297770906,4.593044575666852,0.009251241295762694,0.908054994861601,0.5559439484887593,5.0,0.5682000210814622
0.1,0.1,189,0.001331004345008099,0.0029468224376407695,-1.0917012771500272,0.0015361248530830279,-2.58961852385238,0.5783564913952564,5.964285714285714,0.5934511749077833
0.1,0.1,190,0.0025881073226698523,0.002965893529891354,2.179919464211347,0.0029192882330231168,-0.15903762762848336,0.6067633084726421,6.535714285714286,0.62599815012408
0.1,0.1,191,0.004469960125943627,0.004770637219555843,2.2485601258619567,0.0033982272442714193,-1.8058534475295385,0.5577434226356941,5.357142857142857,0.5787152841922967
0.1,0.1,192,0.0024561745693497043,0.0005833635591319094,0.4979052472796468,0.0004491271632338695,-3.1788215156781803,0.5735110929270268,5.464285714285714,0.5882823089915201
0.1,0.1,193,0.018511593727939903,0.014798687792884273,6.821584345254489,0.014870617997218644,-3.6517438053627793,0.5812753183774834,6.321428571428571,0.5898867290596741
0.1,0.1,194,0.004455797774245423,0.004871086896106029,2.7613883856300183,0.003826231466099045,0.3090819096171155,0.6005642468802357,5.392857142857143,0.6059519015664399
0.1,0.1,195,0.0027057570527388866,0.0019865471576254803,2.9040269010172417,0.0010876295677047022,3.2128741202269944,0.536821105165709,5.392857142857143,0.5532477131997388
0.1,0.1,196,0.006081891334843626,0.000768001954940308,6.258164796274627,0.0010712689315578823,1.7329576805991092,0.5944900765216424,5.607142857142857,0.6203287566457112
0.1,0.1,197,0.0043239907628353684,0.00033262633807613337,2.542962664546716,0.0004434388300725819,-5.6098513579583384,0.543052950882523,5.535714285714286,0.553722994104136
0.1,0.1,198,0.015520937529676909,0.015789557855321566,1.1826304740130997,0.013154665206952259,-2.087411206419091,0.5635282640983728,5.928571428571429,0.589326896998027
0.1,0.1,199,0.009498127523282579,0.007835417519276924,6.155688457325501,0.00767162739318254,-1.994117741091685,0.5956177028827658,6.107142857142857,0.6046459452728603
0.1,0.1,200,0.0011370793676240781,0.0016401437123811841,-3.1787856723297807,0.0010789616718456583,-2.357074039988362,0.4988164975089928,5.035714285714286,0.4933621884861049
0.1,0.1,201,0.005378434019583506,0.005544606937403525,-1.1273895632854003,0.006654244323121656,1.2340660934237444,0.580816313031941,5.714285714285714,0.6052671739873567
0.1,0.1,202,0.01378636984605146,0.011593543441052984,4.265420850700774,0.012279105657872585,-1.5290981705776876,0.6025032586064264,5.178571428571429,0.6290118667891187
0.1,0.1,203,0.0018552643435110255,0.0007677753369158574,3.1960212270014097,0.0009061839092165325,-2.8667038768652446,0.6156113893224365,6.464285714285714,0.6182440666921946
0.1,0.1,204,0.014645788821931155,0.010616196928441096,6.611305540697771,0.011097317692781194,2.9575773288126186,0.5890009236304439,7.107142857142857,0.6028248163440183
0.1,0.1,205,0.020239045947116903,0.011822090110623637,9.860993286436042,0.01442401482882284,1.6060268465845695,0.5581956452837484,5.75,0.5915888567106882
0.1,0.1,206,0.0018789133930786663,0.001148958401675329,-0.6542155019490394,0.0006569934041519354,-4.527641967743771,0.6083318358714199,6.035714285714286,0.6015694640085785
0.1,0.1,207,0.02889945362993284,0.011889629422186812,17.261335893385894,0.015180525485787747,-2.557625510459379,0.6834433002511698,6.5,0.740180625552934
0.1,0.1,208,0.0020924924998286234,0.0009052508105782755,-1.3484260323734343,0.0006887096244661996,-0.5941075003756188,0.5922659645255284,6.821428571428571,0.6057518494647817
0.1,0.1,209,0.006892962326547527,0.0018387822639222616,7.262709337422071,0.002266643796421959,-2.091415864135058,0.5285077870970752,5.607142857142857,0.5614115267518438
0.1,0.1,210,0.005489930653940041,0.00768219661358543,0.8039621643902611,0.007092216708299235,5.658422957722337,0.5600770640971839,5.357142857142857,0.5467744399880182
0.1,0.1,211,0.004348995732566173,0.0018939702809466176,2.240677026796012,0.0012230303378256055,0.13626050259178632,0.5499392779469241,5.5,0.5531330973971142
0.1,0.1,212,0.006012331947211381,0.004436950847246667,1.7898747304887952,0.004848171060850266,3.688307050287752,0.5445440745279644,5.714285714285714,0.5276087666876446
0.1,0.1,213,0.014981709062721463,0.01960958551133973,6.840761353779063,0.017855702184563563,2.7904086199359597,0.5303981953957614,5.035714285714286,0.5547370849528055
0.1,0.1,214,0.0044213686772639664,0.0011205504124532492,3.559700090824227,0.0005885724960920165,-2.178504292222167,0.5906769448462175,6.321428571428571,0.5956104984071948
0.1,0.1,215,0.003598272661629457,0.0018184732039441133,6.324506768045306,0.0019016976479936751,0.6283500666170312,0.6101111817761703,6.535714285714286,0.6300762699014764
0.1,0.1,216,0.024509975648751528,0.01597019084484785,14.644876673243848,0.01594911004905279,-3.0297782950243572,0.5979463105368164,6.25,0.6435692706755077
0.1,0.1,217,0.005713920846093883,0.0003929214200366123,6.906635677192345,0.0005947452168970133,-6.594368839981333,0.5676458840977257,6.392857142857143,0.5841232490330166
0.1,0.1,218,0.00106779067714951,0.0002806588034075251,1.3072368293773404,0.0002188792253370849,-5.06856376306114,0.5273481428729747,4.785714285714286,0.5362244853543007
0.1,0.1,219,0.0028567594760721543,0.004476560881496885,0.0965150623180951,0.0040746883727830994,0.9387154884913494,0.5914159153391181,5.392857142857143,0.6016150689273234
0.1,0.1,220,0.014627703562175522,0.007462955203376732,11.288440614456013,0.00769990017989956,3.1219249700053617,0.5969054112395209,6.071428571428571,0.6285823215630482
0.1,0.1,221,0.0050037586852774004,0.01007597619603726,1.5345853366641886,0.00953972122711389,2.5803238966309343,0.5794901104481784,5.285714285714286,0.5927350952043666
0.1,0.1,222,0.002475157337249589,0.0015015397343099092,-0.2989522971165475,0.0014467962992053339,-2.7061120853352256,0.5877047680469669,5.964285714285714,0.5955403509207972
0.1,0.1,223,0.0064765654161356625,0.002465417710249318,1.7554970634368203,0.0020105026016842414,1.041855628496857,0.5917975473683548,5.357142857142857,0.6011581748318071
0.1,0.1,224,0.0009756577532098428,0.0026786061847489584,-0.958989030055676,0.0016029531382153513,1.659458587222834,0.6041734455937862,6.285714285714286,0.6143647014790683
0.1,0.1,225,0.001028065815998657,0.001447491101306253,-1.273089756189563,0.0010530726744287064,-0.7890645270825303,0.5841630625688292,6.285714285714286,0.6000245898422708
0.1,0.1,226,0.0024352279523670297,0.0006345464846528474,2.4734920111074437,0.00016146094115262116,0.6522829984760298,0.5973756742073677,6.071428571428571,0.6011824055881495
0.1,0.1,227,0.0008843625039069685,0.001769724510553824,-5.114493460280897,0.0016079686990804534,-4.637875882949373,0.5632523343122824,6.035714285714286,0.5781295617334619
0.1,0.1,228,0.00865335379714037,0.005069608198441637,10.252360192884131,0.005817852284684528,5.075155710307977,0.6009057896936306,5.892857142857143,0.6279900913004137
0.1,0.1,229,0.02756449584057924,0.02094933900902707,9.176484367188985,0.022217533647704377,1.7057880688253324,0.5867236222745732,6.357142857142857,0.6284015011783375
0.1,0.1,230,0.04084223629202843,0.028184027933574392,19.49851684124396,0.028304721744871558,-7.0958994725831515,0.6763287137199953,6.857142857142857,0.7234670866892423
0.1,0.1,231,0.004395148187955303,0.005505065402379421,-2.7128330032289227,0.0049925504951944906,-4.703238691487371,0.5461673599011636,5.107142857142857,0.546094801974194
0.1,0.1,232,0.003461835265347675,0.005025839993457533,1.3068675201314572,0.005889026620416018,1.0442840929844504,0.5486554098289427,5.321428571428571,0.5534626819521467
0.1,0.1,233,0.0019617693601389594,0.002274069780415437,-0.7191217094546213,0.0013336762339066595,-1.7221672816669127,0.5814860849812609,6.107142857142857,0.585453747894249
0.1,0.1,234,0.016967480313705655,0.00670701070417468,13.546184963874367,0.008685156431636037,-7.810464794014706,0.5902047823466384,5.964285714285714,0.6159479988455538
0.1,0.1,235,0.0016824392985215007,0.012994927488165916,-0.24215792004137407,0.009365069044201035,5.119717742308713,0.529795339701902,5.25,0.5157911180256556
0.1,0.1,236,0.010350034697671387,0.0014575749348422018,13.04844353683302,0.0021806699988806545,-8.015198027729184,0.6243160776299351,6.5,0.6368937827998152
0.1,0.1,237,0.01027171730652191,0.0013312378361847092,6.806394425550347,0.0004168245676211803,-3.6148585494804686,0.5708309594871306,5.678571428571429,0.5856043628155739
0.1,0.1,238,0.03704633454310557,0.02280696768686429,9.485821842824672,0.026668968149721306,-8.108594561477142,0.6654651106697652,6.107142857142857,0.7063181586520187
0.1,0.1,239,0.007702665232385379,0.004342342274065071,7.684356084097345,0.0037487908265373916,0.11808393391239254,0.5829284785215536,5.785714285714286,0.5968572105518093
0.1,0.1,240,0.002197740205119256,0.003546802694621926,2.665274341016717,0.0033136591711233642,1.5716732382704397,0.6121925516780292,5.785714285714286,0.6382928902077525
0.1,0.1,241,0.0045860285716565665,0.0034832706454049015,1.4288155243336764,0.002264348724936674,3.546483191547073,0.5755917218777339,5.892857142857143,0.6242978229319225
0.1,0.1,242,0.003655153785816441,0.001966024795648466,2.787436315619393,0.0012521376994585442,1.2625099089826695,0.5413698618947808,5.785714285714286,0.5392611754720109
0.1,0.1,243,0.0037423407743718004,0.0014095576459836393,-0.4792858208546136,0.0014339731309679327,-3.5490961786397954,0.5289038623954758,5.357142857142857,0.5213624921098536
0.1,0.1,244,0.0032108316801647166,0.0019378600810264967,1.795457299181237,0.0015030116867857126,-0.026546260044843468,0.5978763142592788,6.035714285714286,0.6156580344437939
0.1,0.1,245,0.0035746323431083923,0.0009936504069721385,4.3496372897613655,0.0006114795064662566,-3.2629085457507756,0.6298944502247675,6.785714285714286,0.6279959453063046
0.1,0.1,246,0.0020446783119705894,0.004010643694799443,0.3763573082107996,0.0026877907176661576,-0.6221722628850065,0.5546433744729352,5.857142857142857,0.56241218959731
0.1,0.1,247,0.007389542704907241,0.009030672887144393,4.977552372450144,0.007260517066014629,1.2580430776149854,0.6075866613969934,6.321428571428571,0.6280738478417434
0.1,0.1,248,0.013008712767777915,0.009182181869269968,2.7467712386606515,0.00855657354237717,-2.19793203395569,0.5768679446663609,6.5,0.579836748774447
0.1,0.1,249,0.0018852008361972554,0.005702778698897591,0.46029964064776624,0.003896035880958649,0.2095697308896547,0.5502139062784551,6.25,0.5737743724607527
0.1,0.1,250,0.0036163988545041795,0.0012735752022211978,7.158730644397186,0.001182792654957375,-0.2283832631280518,0.6094617997755639,5.714285714285714,0.6124539620030056
0.1,0.1,251,0.0007985273730093377,0.0027408328983105426,0.26364829648251015,0.00136653330455992,0.5071822837481837,0.5653773686340556,5.964285714285714,0.5907835084466492
0.1,0.1,252,0.0009728139348385225,0.00029041676808628033,-0.9337864994873731,0.00025067547344799024,-0.5843735162310111,0.5906163435004911,5.964285714285714,0.5844872132996215
0.1,0.1,253,0.020156240054856882,0.006123340989267945,7.0332805440646196,0.008200616034985717,-6.153142816621397,0.5553005572705862,5.428571428571429,0.5804016603429236
0.1,0.1,254,0.0029368992678923136,0.001261289396102614,1.7793217191600756,0.001444504994730221,-2.0969074832773913,0.6398038604691418,7.285714285714286,0.6518929227286663
0.1,0.1,255,0.011109078526993853,0.0021667878493314844,10.514118508329156,0.003186622036539993,-1.8200086298173233,0.605466233455089,6.25,0.6236167465626989
0.1,0.1,256,0.011984426063973286,0.007758021314229693,9.669322569949117,0.007082691949593368,1.7441946359815763,0.610993842273981,6.321428571428571,0.6335873960155172
0.1,0.1,257,0.008379874644036025,0.007704422418461398,-0.05780874294412305,0.007373274602470608,-1.9640540618343796,0.6148891185181274,5.821428571428571,0.6132092092303733
0.1,0.1,258,0.07373912309697031,0.04714556821091377,37.15324853441598,0.04918242799303895,-3.94782240853273,0.7155455284927867,7.535714285714286,0.8088208563102017
0.1,0.1,259,0.001312291699847762,0.001168050180727383,-0.5078403178837713,0.0010190379417203041,-2.9483415768128793,0.5911178907861204,6.178571428571429,0.5964023080253075
0.1,0.1,260,0.0026142764970109498,0.008267503003655766,0.5911348222274077,0.006111706369918929,-0.11699517039202571,0.5998177623035728,6.785714285714286,0.6138336767591253
0.1,0.1,261,0.006854927125979245,0.0032055921659562194,3.9524172690202497,0.0033022337823033587,-5.803939166882515,0.6010407871100789,6.464285714285714,0.6119801999214427
0.1,0.1,262,0.016595698554716688,0.015619384544733828,8.500194647590405,0.013094779248479408,3.6178460600051117,0.5640232044912078,6.035714285714286,0.5735272469096621
0.1,0.1,263,0.005539878603523139,0.00312391690026403,4.0188854959985845,0.0016961667037552535,-0.42845090059481095,0.538469515640461,6.214285714285714,0.5641345950419254
0.1,0.1,264,0.021647247396648524,0.021480705097783003,8.584774559795818,0.019387581966420982,-1.9007446756943598,0.5929785194484565,6.571428571428571,0.6154536069253613
0.1,0.1,265,0.0029682602056039704,0.006716538593205319,1.4524311203282707,0.0037086709558668694,1.4755546048535564,0.5616910071900811,6.75,0.5768594637405717
0.1,0.1,266,0.00360848498848804,0.004481570272562743,-0.03756143193538719,0.0036834876512598373,-0.41368830571519766,0.5484282357999345,5.821428571428571,0.5510587374505567
0.1,0.1,267,0.003369377955148774,0.0005428919182086441,2.7046631774236403,0.0006563977690744088,-0.6675075370505681,0.5538317415638552,6.321428571428571,0.5350786793730848
0.1,0.1,268,0.003523267724086042,0.0006648285778087216,0.36435288145794215,0.00048393082994566074,-9.813885341224818,0.5931728648853002,6.142857142857143,0.6094744842315285
0.1,0.1,269,0.004112496173244698,0.0005321623749907628,-1.3154156263082843,0.0014689304987876213,-0.9726965388309546,0.5154932064657137,6.035714285714286,0.5282955461863186
0.1,0.1,270,0.016000933623535045,0.008225253479099621,15.781634795420018,0.00882301313488892,2.185967961787251,0.6429350011729941,6.357142857142857,0.6681193419165967
0.1,0.1,271,0.0027955498445200117,0.002633707578537538,0.9213811819687786,0.0028414911993446487,0.05585401893307562,0.5660753953394579,6.142857142857143,0.5687096515221438
0.1,0.1,272,0.042902953515334234,0.027223380042757695,22.312020158406913,0.028953430203170667,0.32599411602382133,0.7003481661283723,7.178571428571429,0.7523588487908317
0.1,0.1,273,0.005629603202215471,0.00048242935574910117,4.75802387183263,0.0006009286551313701,-3.8489162448942786,0.5601288936588696,6.285714285714286,0.5709735826869606
0.1,0.1,274,0.0048396806601913875,0.000812047396477579,6.62734496898392,0.001035779829123803,-0.44231387050166404,0.588284970707706,5.214285714285714,0.6037780034028774
0.1,0.1,275,0.0031963412973168162,0.0017556326352358887,-1.499066544886252,0.0021440772512017867,-1.0174879477647305,0.5429385380874391,4.821428571428571,0.5357211112566845
0.1,0.1,276,0.024214215721744304,0.015801443356905906,20.38394688360695,0.01875066870915387,-2.3414810516143234,0.6455765517626136,5.678571428571429,0.6949056635248877
0.1,0.1,277,0.0035053724424145977,0.004656652962016542,4.69275963598209,0.004537529487854976,-3.793626594402658,0.5828291563493699,5.178571428571429,0.5945516274309885
0.1,0.1,278,0.005692086988724745,0.002507228214325616,1.9490175002156793,0.003287488838252423,-1.9969548383718727,0.5857298984645999,5.321428571428571,0.5877215515543716
0.1,0.1,279,0.0005962168425049732,0.0030691133014068154,-1.4372550037014662,0.0014121112082717653,-0.9233414539285434,0.578969505448395,5.214285714285714,0.6029141955473637
0.1,0.1,280,0.0017334852151110157,0.0011908968740902194,-0.6932021197815743,0.0006286165287484715,-3.4160527251339565,0.5392248833557288,5.392857142857143,0.5419266391371144
0.1,0.1,281,0.0015677348393977495,0.0004463421590902588,0.008032911890429281,0.00042284027670390524,-1.0803328559806005,0.6016673294169174,6.392857142857143,0.6014493563035204
0.1,0.1,282,0.01671260428547254,0.009177365937603536,8.472876595177752,0.0074189245394772245,-3.60464991705742,0.5259317988736906,5.928571428571429,0.5672949434902603
0.1,0.1,283,0.0037745476979675267,0.0019834769777182172,2.5536303416010546,0.0022159142801990053,2.829363215097563,0.5719358771794704,5.107142857142857,0.5827070724704455
0.1,0.1,284,0.0022889720074385275,0.0005234178476226286,3.066215608548845,0.00019534252374838707,1.921497006379686,0.5880620241725968,5.571428571428571,0.5971576156032512
0.1,0.1,285,0.002507355293636694,0.0014770672586949664,0.8577754919361761,0.0008284376770284739,-1.5229097372552378,0.5397470443718294,5.285714285714286,0.5485478014358016
0.1,0.1,286,0.00661343380568672,0.0050111082085779095,2.4331130815830213,0.005368983366969337,2.7073402857591113,0.6329654372845263,6.178571428571429,0.6508509599722239
0.1,0.1,287,0.006147365073596034,0.0010453592914762954,5.461243554547802,0.0008979369206390673,-0.11296408471563761,0.5711612697933025,5.285714285714286,0.5830461320659405
0.1,0.1,288,0.007389031180258726,0.0039721995016511495,3.4818530630522844,0.0038378384132491464,-4.224248115763866,0.6096781063113165,6.785714285714286,0.6176953391365676
0.1,0.1,289,0.01451179585518854,0.009821416868968088,10.156793070520195,0.008786000274214861,-1.7550641522168082,0.585433949910555,5.178571428571429,0.603052398366851
0.1,0.1,290,0.017863702306377363,0.0016814193225295842,8.071121955971032,0.0027774898370826967,-16.05306218252906,0.6381975739132819,6.142857142857143,0.6983867652272715
0.1,0.1,291,0.017341763250220386,0.0013957527621621438,13.991022850416195,0.0028257686842719197,-4.1922606207003055,0.7272541882202568,6.357142857142857,0.7663312846005884
0.1,0.1,292,0.004359977256163082,0.0021777626262595605,1.6085723449624538,0.0026306519128695568,-3.8007854583331855,0.6078564531814041,5.571428571428571,0.6033526927755699
0.1,0.1,293,0.01335844091166601,0.006800571812127362,9.307628010556764,0.008685179072652713,0.4008415044823721,0.5763583203714381,6.142857142857143,0.5971308300058499
0.1,0.1,294,0.00413883856730316,0.0017462786424094216,1.9136242382978235,0.0010323208771273993,-0.7955644881411388,0.5869272660188399,6.25,0.6000117351695412
0.1,0.1,295,0.0039598255520236405,0.008489963720437914,-1.5107791408434725,0.009025777834564238,5.5175912594261165,0.561862636234273,5.142857142857143,0.5728601618156867
0.1,0.1,296,0.016272912608972845,0.00528946552563079,12.752299306399314,0.004648194948270648,-8.927508963556031,0.5738051599855742,5.821428571428571,0.6074241639311553
0.1,0.1,297,0.0032316810051939726,0.0024985523357246983,1.3199710772372744,0.001726862232996166,-1.754229195020334,0.5866775609864073,5.928571428571429,0.588854261460553
0.1,0.1,298,0.01601397958117336,0.009900297739122741,10.039639343140786,0.010603738750435597,4.554090697314185,0.6383778444113749,5.928571428571429,0.6600980060164596
0.1,0.1,299,0.002511164511574923,0.0015824239661369984,1.7602613353721968,0.0013884129636387796,-5.0541769782129125,0.5962110769592746,6.071428571428571,0.632647918595884
0.1,0.2,0,0.0032151251022847454,0.00274260174025988,-0.8102344893087547,0.0019814194252173265,-1.8041392724334269,0.5914797852101235,6.535714285714286,0.619828490602769
0.1,0.2,1,0.004743558954016205,0.0012213126469540132,2.840172187503905,0.0010381507292028715,-0.4571685413991702,0.5461716238194447,6.464285714285714,0.5432364578675706
0.1,0.2,2,0.016268924182459815,0.00978770717541654,10.423592856267865,0.008923655062782795,-4.310966176726292,0.6108951891530658,6.285714285714286,0.6354402291137204
0.1,0.2,3,0.005104725127170908,0.0051221819312786045,1.2561857011604427,0.004668500443854763,-0.9427776763624062,0.5893802726868808,5.285714285714286,0.6065370607532302
0.1,0.2,4,0.02841062605632687,0.011100877915464635,24.82515383411939,0.011842052366331046,1.784143038172033,0.653629001035985,7.321428571428571,0.6795603426325507
0.1,0.2,5,0.02093578502920313,0.01734883326880872,11.405103457766435,0.017681487067879403,1.1312562078972423,0.5566269013667077,6.357142857142857,0.5789141996914366
0.1,0.2,6,0.012228007410160552,0.008136315585365084,4.602368809141268,0.009022592984520876,-1.453029678610638,0.582986324281911,5.642857142857143,0.6194368555969787
0.1,0.2,7,0.0027176220768433098,0.000707802444079363,0.8941621967284542,0.0010489259681417918,-2.439252304057902,0.5324706943251402,5.5,0.5494172822454775
0.1,0.2,8,0.007031406493062907,0.001472511554694725,3.134351560406344,0.0018999031374561052,-6.904870044961029,0.6456894389006129,6.607142857142857,0.6585355094819028
0.1,0.2,9,0.006163038675281708,0.010698524110032378,-1.283909606214318,0.008155851694803313,2.556874186061217,0.536043894859457,5.571428571428571,0.5632324243368105
0.1,0.2,10,0.01639649044484054,0.00309964257880201,12.671347116891619,0.004493772494050466,-8.323332986604441,0.6842882077373026,5.928571428571429,0.7268954218711725
0.1,0.2,11,0.0037323905709648634,0.002118978274178768,-1.0978233344729442,0.0012860074227409974,-2.01350810534953,0.5497752870782956,5.25,0.5474265179053799
0.1,0.2,12,0.004985861264377229,0.005129168074417214,2.434374427603037,0.004407041925143063,-1.988516786380482,0.5744614940734464,5.035714285714286,0.5730162485225865
0.1,0.2,13,0.04442566310221426,0.01989360865662062,19.73929390609028,0.024536517995717193,-10.536119022683238,0.7212658084983667,7.392857142857143,0.7803558130160311
0.1,0.2,14,0.024888422802505052,0.011255477012271574,15.40190761303874,0.012811401153309851,-4.23165773355124,0.6184107087684583,7.25,0.6381158115587657
0.1,0.2,15,0.0553697549647858,0.03255837341609031,12.125752224664788,0.034904605746499805,-0.7112153408676628,0.6744112115761123,6.857142857142857,0.7185155431978586
0.1,0.2,16,0.0569818920934999,0.028730407772922698,26.49799263600069,0.03068380414587772,-7.406917716719657,0.7039963443587405,7.464285714285714,0.7836332315237553
0.1,0.2,17,0.0048264800120262925,0.0028258083036069785,3.2061130210566184,0.002390195825633527,-2.491351505883131,0.6330877080653586,6.678571428571429,0.6612906842785206
0.1,0.2,18,0.0025944111620167724,0.0006007342493212347,0.8884697033367767,0.0004501865528419399,-0.528278271521278,0.5811539065518966,5.857142857142857,0.5899819119767635
0.1,0.2,19,0.047022962358198465,0.030715640011569387,26.046689907301783,0.029119719174333928,-0.6428910185085641,0.6782169394373829,6.535714285714286,0.7462347338376895
0.1,0.2,20,0.0023486650222392957,0.0007464030508706619,2.8036337303528476,0.0006969598810929224,-1.6256657667548684,0.5889617313359512,5.821428571428571,0.5992928089306138
0.1,0.2,21,0.010908558026131956,0.011362434450245255,1.6702433647795563,0.009706561871152892,1.20822575257093,0.6100206484764125,6.5,0.6429431736811981
0.1,0.2,22,0.004878236022273499,0.0032944546432615834,-0.3092054326032212,0.002368275910727856,-2.814849857705932,0.5238515814711061,5.321428571428571,0.5347658622198056
0.1,0.2,23,0.02015220361405357,0.004545197097109068,16.512248663999696,0.0038980153832169472,0.6186943185228415,0.5955173665087606,5.964285714285714,0.6185392011266486
0.1,0.2,24,0.032067154362130576,0.016013131187253365,23.15068621989425,0.0163861526522269,-7.906028266053336,0.7219864825179283,7.107142857142857,0.7789332292339539
0.1,0.2,25,0.005619068101155959,0.006558299839756106,3.1157763065005497,0.005270093710015426,-0.7406021707106163,0.6023125522630919,6.035714285714286,0.6174490283182557
0.1,0.2,26,0.003057849863647614,0.0006005094728945671,3.931138544435233,0.00046324491644292467,-2.694456367823458,0.5715321275476278,6.071428571428571,0.5860982819895861
0.1,0.2,27,0.022191503252572447,0.004430956966808101,27.24913490012033,0.005258556141935486,-1.3344961561557227,0.7281907708804486,7.25,0.7587647003505127
0.1,0.2,28,0.005866067792092439,0.0036687469982272596,2.6771452633440638,0.003663108449465268,-2.4697047049668015,0.7274862696099679,6.25,0.7444410241872988
0.1,0.2,29,0.020227798264209132,0.011213419296128352,12.25789956856004,0.010023136341136149,0.18370256451116043,0.6207369081405844,6.714285714285714,0.6520589672806383
0.1,0.2,30,0.049235834499653575,0.027273093413143105,16.553966542959813,0.03105840394411827,-11.945538385298931,0.6408450530474522,6.5,0.7050535525615624
0.1,0.2,31,0.04985440757912747,0.021720707372975094,22.73199833766823,0.02637078874544655,-6.012631446495372,0.6713658375646449,7.214285714285714,0.7258898102784586
0.1,0.2,32,0.02115722669790447,0.014479950868755628,7.027162552769615,0.015689405359237667,-2.429188466751924,0.6333543074880669,7.035714285714286,0.6570276402772323
0.1,0.2,33,0.005764776239209134,0.007649141440566839,3.693136524045267,0.005922804617736533,2.4411599299471995,0.5659695300481539,5.785714285714286,0.5866941332867922
0.1,0.2,34,0.04902853226828126,0.02650791449693436,23.345888417079095,0.02853620890874803,-9.806969068230217,0.6602336015088712,6.392857142857143,0.7210326349713856
0.1,0.2,35,0.018887852853877014,0.010900370118477245,12.84918038965815,0.010548448338547557,1.4731265962756293,0.6294794923919873,6.821428571428571,0.6422221653473923
0.1,0.2,36,0.020020733798109584,0.010787519060989957,14.878902286960425,0.012617235792192757,-2.153652667016909,0.5930712199160931,6.428571428571429,0.6254495130943174
0.1,0.2,37,0.011661503162530198,0.0018945931905762878,8.866295680268754,0.00336300440241646,-5.794582278310277,0.572209522483681,6.678571428571429,0.5928729962709731
0.1,0.2,38,0.0034189341978079447,0.0009297537801071223,1.2777146069418468,0.0010053214867246755,-2.653052982791602,0.5549425554912147,5.142857142857143,0.5672531104825274
0.1,0.2,39,0.01044430053678032,0.006751324547460225,-1.621430413283747,0.007468585680616044,-0.06495785166797911,0.5329258178032895,5.607142857142857,0.5659773898276217
0.1,0.2,40,0.029964529145502926,0.01486750340592197,18.635609216313913,0.016609510873244516,-8.940170459473544,0.6756009302580539,7.607142857142857,0.7278542919426232
0.1,0.2,41,0.001678762834025772,0.00021035662498535796,-0.533005102468176,0.0003145671297206209,-2.4012575516632637,0.49065514329944027,5.25,0.5215448816095454
0.1,0.2,42,0.0032007362812825494,0.0010753473041889003,2.752553956410471,0.0007715196447496574,0.6906315403752691,0.52330345018309,6.25,0.5305051014819833
0.1,0.2,43,0.07108949502396393,0.05062963458207144,21.16664519601513,0.054095172246332805,-0.6711673734103935,0.6160894548518051,5.892857142857143,0.6906154014137353
0.1,0.2,44,0.011198662012697747,0.003048127992364514,5.5180527798773085,0.003194076175366161,0.404023778529582,0.5846785880619951,5.714285714285714,0.6114461476142605
0.1,0.2,45,0.017896246521396066,0.008050899940967405,10.164818894436914,0.009369253341576855,-3.3597935422469143,0.5727987016197916,6.285714285714286,0.5868894881019366
0.1,0.2,46,0.004269680493292933,0.0016978882657927945,2.031011188706126,0.002125973237555363,1.6454917947682854,0.593137300515681,5.571428571428571,0.5980051992121977
0.1,0.2,47,0.043744120044858045,0.032519735264166544,19.186397249725914,0.031538953526435674,-4.36199065105014,0.7062206929528881,7.178571428571429,0.7364086743070061
0.1,0.2,48,0.011312724600446158,0.002687082911121276,3.465849271792242,0.0037316421075412882,2.042315067600574,0.5903585245315635,6.357142857142857,0.589102744899608
0.1,0.2,49,0.08425720542116415,0.04439588760204416,23.423555074736427,0.05116633669712222,-9.791276876933173,0.5785246110676792,5.464285714285714,0.6688917186491744
0.1,0.2,50,0.0042202873751061125,0.0013555918905200231,2.290441166730782,0.0021805785540656274,-2.4019577855957834,0.6007031817557776,6.285714285714286,0.6062072951464694
0.1,0.2,51,0.0012281330199622965,0.0011294206709077609,-1.4553359607493235,0.0010659141808065482,-3.1244091676721077,0.6073400677617472,5.678571428571429,0.6159850540993379
0.1,0.2,52,0.02005715720224045,0.01609878256867213,8.14673956129487,0.014933983808655554,1.0156222461233237,0.5951428928647553,5.535714285714286,0.6367299511023037
0.1,0.2,53,0.040211107149487745,0.01251483352471114,24.57853424197984,0.015589894007111617,-4.024389878109427,0.6853446838104055,6.285714285714286,0.7342902584398256
0.1,0.2,54,0.0030149767250540207,0.006366078082519121,-2.4892821630214335,0.005479426790566916,1.2764961841139002,0.5328848907354867,5.642857142857143,0.5582627857309974
0.1,0.2,55,0.0019056864361597869,0.0015516816485329314,0.07287487632234502,0.0013142050615195218,0.12934698613103515,0.6380867617293512,5.5,0.6389949786359213
0.1,0.2,56,0.0070452144208766904,0.010434731038285334,3.119091395929871,0.009405084793139076,6.4995037682792445,0.5682842489571286,5.535714285714286,0.5985525990551483
0.1,0.2,57,0.0014660450476356652,0.0012316432063956219,-0.46471135538747416,0.0007753293839875687,-4.926368198503515,0.5588727489644225,6.428571428571429,0.5936557533026563
0.1,0.2,58,0.023506969359367465,0.0203872659548482,14.531849240148157,0.017898554609197065,5.301701589466774,0.6331643516356451,5.464285714285714,0.671352251874377
0.1,0.2,59,0.00502105703054902,0.0011300568422038582,2.018040876393125,0.001006001231328922,1.8704048860505225,0.5922075696494369,6.892857142857143,0.5997354502317189
0.1,0.2,60,0.06880971377514662,0.03896463976357266,34.06038208152868,0.039460001580298575,-4.0878406014356825,0.6530263609727929,6.964285714285714,0.7750771694016685
0.1,0.2,61,0.04837164498741458,0.028638944963793392,22.395693581461355,0.029415171749436687,-3.569110831319847,0.6950618976408729,7.321428571428571,0.758435327022497
0.1,0.2,62,0.01794025809339622,0.014823193953815471,14.412409630083735,0.011622735728289847,1.349096936703025,0.6169219926081325,6.285714285714286,0.6523454715826965
0.1,0.2,63,0.002217023940555556,0.0025883323908425923,0.911603415438691,0.0015182809219839613,-0.3967250791467147,0.6040493946882485,6.178571428571429,0.6180182549529303
0.1,0.2,64,0.005259440700010971,0.0010723456876110047,2.713890698761579,0.0013648593102405387,-0.755550029367375,0.5764350164253039,5.535714285714286,0.5785676465660641
0.1,0.2,65,0.04169986426782272,0.021604584143851215,28.21198057335468,0.02581877995476743,-4.626296776649842,0.705246769490212,6.821428571428571,0.780003033722881
0.1,0.2,66,0.01970020637228927,0.009372818448836523,16.0826035632934,0.009021185594411054,2.7109382729402305,0.6741415728208697,7.142857142857143,0.6854381467673809
0.1,0.2,67,0.0026031578350842175,0.0037257426875736193,2.5575833835254684,0.003457181637954746,1.177316953955966,0.5694098311578293,5.714285714285714,0.559510624419701
0.1,0.2,68,0.003741250774672459,0.008055016579820282,2.9945783328446587,0.004526177286777453,1.670498942528231,0.5995618761769718,6.464285714285714,0.6083255701956386
0.1,0.2,69,0.013974366421035453,0.00265294677498712,16.02971110803939,0.0032539854556033897,-2.0219162106751014,0.6205305817897104,5.964285714285714,0.6468138182360641
0.1,0.2,70,0.03329621117312714,0.0077617684540916675,21.44309392597708,0.00962834636567717,-4.6774159904622605,0.6698334839466102,6.642857142857143,0.7340645573432844
0.1,0.2,71,0.00037783383414843864,0.00043780630979036556,-1.8512827844875328,0.0004235968819549674,1.0440117855620485,0.5585384432002198,5.0,0.5540644878395373
0.1,0.2,72,0.03287889210579163,0.014056033448566098,11.050001300025704,0.01865212499692434,-6.407249179870149,0.6200621998674153,5.892857142857143,0.65409725769949
0.1,0.2,73,0.0013970582720847866,0.0016304683353159483,-1.5934539806138066,0.0009777154431642868,-0.8171078950469829,0.5798280583956598,6.25,0.5843627100609303
0.1,0.2,74,0.05043390857428318,0.03820515736568504,25.104464563446683,0.04286680787997539,-1.862211514502557,0.6685326304339888,6.464285714285714,0.7330781975843766
0.1,0.2,75,0.004506606206537625,0.000523312204447386,4.729463817772654,0.0011757564481070315,-0.20584853214955956,0.6027110807821037,5.75,0.6173070032956093
0.1,0.2,76,0.003467873033162116,0.0014263226910057754,5.981425728033865,0.001786303381341332,-2.4646817306726803,0.5151560472399346,6.428571428571429,0.5273493497358689
0.1,0.2,77,0.0038196573431727716,0.00015932053086015966,2.258092470341097,0.0003788065141643286,-3.892889501768167,0.5946424258793819,6.25,0.6031804119973907
0.1,0.2,78,0.03280888004041147,0.014792099380404402,23.30056897096864,0.01653673642459722,-6.165973836118998,0.7220303254660809,7.357142857142857,0.7805301658306595
0.1,0.2,79,0.014567347791462357,0.006758487264734674,13.48732336230959,0.007387802863738772,0.10058420359155207,0.5332599092698526,6.357142857142857,0.5464667224584274
0.1,0.2,80,0.0024575123181432537,0.0008130575795695234,-1.6386933229203275,0.0011379096188865072,-0.9492128660959717,0.6035714137772649,5.285714285714286,0.6199856133278937
0.1,0.2,81,0.04235260934919199,0.015725035743772018,17.59592753007624,0.019217557369672435,-12.237321678474379,0.6530871254679319,5.964285714285714,0.7246001888741691
0.1,0.2,82,0.003959003314480583,0.0017333267762291787,4.316292345311486,0.0013225237553682865,-0.3317563452752097,0.5957044751179684,6.428571428571429,0.6117240821344989
0.1,0.2,83,0.004125013572596323,0.005344300100570328,2.278471077523354,0.003120076301805089,3.205895882366434,0.5745494284832544,5.785714285714286,0.5865666225777209
0.1,0.2,84,0.003989758964878305,0.0029471650187127964,-0.7243316666927436,0.0031866909479266324,0.6497624955875002,0.6445379383452421,5.964285714285714,0.6592154090148905
0.1,0.2,85,0.021902762672373257,0.015319277558277737,13.987546575010839,0.016014831406169595,-2.7370559863415735,0.6237652417808188,6.142857142857143,0.6715589827731342
0.1,0.2,86,0.011917985582104712,0.005414474042032369,11.998733662145233,0.005673796343670555,-4.994354209871773,0.670347607825233,6.321428571428571,0.7055726178089894
0.1,0.2,87,0.0037247571850286187,0.003042516246701275,2.0822480030902852,0.002603252485262289,1.8439495741588037,0.5546288656122439,5.464285714285714,0.5564009503385116
0.1,0.2,88,0.018509803365073168,0.015350901875944008,5.423858523447801,0.01584498019283845,-3.7931981492320026,0.5934489049067425,6.25,0.6200934698659841
0.1,0.2,89,0.04294813958550251,0.03892316875635039,13.490037532580564,0.04285742122330724,-0.3380738374625973,0.6343805994031946,6.035714285714286,0.6974003954099344
0.1,0.2,90,0.005129777907973728,0.0030765534581419715,1.550279612076262,0.003073423159959516,-0.7800559004185175,0.5601754258720102,6.178571428571429,0.5699884701732942
0.1,0.2,91,0.004569074497532793,0.005049449356653818,2.575103153646514,0.004747476631309896,0.6092435754877196,0.512236906255672,6.035714285714286,0.5456531363407378
0.1,0.2,92,0.00048102130779978115,0.0003587459510347497,-0.512543323820618,0.0002823148846254807,-2.4808029901975885,0.5922406930123781,6.285714285714286,0.5994325305729356
0.1,0.2,93,0.01045682419199831,0.006927022087108215,6.692569114131222,0.006034130786486107,2.8302342736547907,0.597988783549113,6.214285714285714,0.6173871186855086
0.1,0.2,94,0.01302378365403613,0.011515667848479436,8.550384529931259,0.008858354567633446,-1.2003141209180985,0.5623751091517998,6.0,0.5741197889836068
0.1,0.2,95,0.005753841569183603,0.003040568504409746,2.4031850345438954,0.0031922096759760873,1.3961757747252364,0.5501344397238974,5.607142857142857,0.5681172804414983
0.1,0.2,96,0.006196052823017393,0.002964131238382188,2.650048403642946,0.002957871694627023,-3.2589649929031737,0.5436605385931796,5.785714285714286,0.5415203489997378
0.1,0.2,97,0.02686570164605863,0.018821054165221465,16.427490255035867,0.01896891755623292,-6.226529258208676,0.6343488550363189,7.0,0.6781044956245605
0.1,0.2,98,0.003046481972061858,0.00025647947100726644,4.94841248319824,0.000278910720023221,-0.04283405416667089,0.5909014905170983,5.607142857142857,0.5986587456602467
0.1,0.2,99,0.041399169221290416,0.016281129954758777,22.929652200381128,0.01855010173670419,-5.62881137142377,0.69528113979359,7.071428571428571,0.7494951737166442
0.1,0.2,100,0.0029201955355072935,0.0015448164327020585,3.17072494500916,0.001492813799821111,-3.446663687200896,0.49955860858682594,5.892857142857143,0.5196817386212421
0.1,0.2,101,0.002562677410709076,0.0005819330742292072,-0.14215378685251304,0.0010816350199443323,0.6040234337719331,0.5722829372319849,5.892857142857143,0.5782640630509426
0.1,0.2,102,0.004210939682798091,0.0007929893208910138,5.477660308435371,0.0011950490728279935,2.9291646428992997,0.5717358489509378,5.75,0.579340083649218
0.1,0.2,103,0.02560031949219591,0.009865606935954972,16.055197633658576,0.012079051700315339,-1.6966946278152666,0.5699193872548071,6.785714285714286,0.596266851157037
0.1,0.2,104,0.004359643061533819,0.009166679885450753,0.7689808136878279,0.006258480573010316,-3.29945654347091,0.573044681263951,5.964285714285714,0.582956420934426
0.1,0.2,105,0.0368941326545132,0.007553407749098396,35.18107645970617,0.009512503296634292,-5.167797117785061,0.7070936067559346,6.928571428571429,0.770040441071985
0.1,0.2,106,0.0074271263427183425,0.0030064910838592616,1.5067305717023582,0.0034265909675935233,-2.357724549294384,0.5901923813157858,5.892857142857143,0.6188616341384018
0.1,0.2,107,0.011445702570901318,0.008741985692656488,2.5237555105128138,0.008728339491533755,-3.853057640910587,0.6228852615958481,6.428571428571429,0.6399327360641328
0.1,0.2,108,0.010398635185153892,0.004893667392985654,7.477581380505266,0.005384893683305145,-0.931770694517193,0.5827094039471737,5.5,0.6030163992481505
0.1,0.2,109,0.03703113603624106,0.010442362641040183,24.62020531664166,0.013951324777332704,-5.426164868340929,0.6922845463519677,6.428571428571429,0.7327559657412108
0.1,0.2,110,0.004068754352648157,0.002212095816877246,5.223392420387161,0.0021919702973999147,-0.41450959515285035,0.5411057560492757,7.178571428571429,0.5519196887121303
0.1,0.2,111,0.0034163548326551735,0.007478022389656203,0.2572974588076799,0.004913103818257568,2.3430363354995714,0.530040348606883,5.107142857142857,0.5286632723055062
0.1,0.2,112,0.007647857307043603,0.008425162174018739,0.48441567480350994,0.006919388988073849,-0.19228883061985394,0.6012160238818,6.285714285714286,0.6363154532865644
0.1,0.2,113,0.024554721109473297,0.003583906550921786,21.554216243922045,0.005163896906728627,-8.167061254951127,0.6556608060523006,5.785714285714286,0.704007656959238
0.1,0.2,114,0.007433494706471272,0.005808010935768106,4.341042284675562,0.0055931585921330075,-5.285677597441662,0.6980380776466325,7.071428571428571,0.7257415289127465
0.1,0.2,115,0.017018370123687915,0.02135149597803818,4.670554107510242,0.019565292506466016,7.278160241551025,0.5655700087517758,5.642857142857143,0.6182097070974808
0.1,0.2,116,0.071113319197347,0.049470949546648546,19.45842594408022,0.05357229667578459,-5.957090796868646,0.6604777556358769,6.928571428571429,0.7306516920257189
0.1,0.2,117,0.001873903359004301,9.78987929766389e-05,-0.2985134626685995,0.00044973884489961266,-1.8973508663596022,0.5348248789183893,5.392857142857143,0.5501207285616108
0.1,0.2,118,0.012512109766982095,0.010900799384970659,9.77132574932628,0.009906479784935954,3.93059120808446,0.6413796372079589,6.964285714285714,0.6802885729186414
0.1,0.2,119,0.00334418291627178,0.0008788500812562032,4.260366533425819,0.0009861957829254084,-2.312787583149202,0.5666754004302146,6.071428571428571,0.5795925301094431
0.1,0.2,120,0.002088002728719833,0.0016430146335192845,1.2671778457029557,0.0015811022181004624,-1.366100812701461,0.5533392209987669,6.571428571428571,0.5532433176661059
0.1,0.2,121,0.021108044529891023,0.008638112799691402,14.194858277214896,0.009362160419795427,3.296492736266989,0.654820314829872,6.0,0.6686141562908225
0.1,0.2,122,0.013767179145323813,0.006830614779983424,8.861705104484003,0.006450574269823042,2.310741183466727,0.5474827254773393,5.571428571428571,0.5743291652492872
0.1,0.2,123,0.0022165683475327417,0.002251924092600061,1.1897440536666768,0.0019413508891838469,-6.729460875364272,0.6044771821773346,7.035714285714286,0.6073066211255855
0.1,0.2,124,0.0027079422823752123,0.0036244509720968297,0.6808199168826169,0.0025429228268921407,-0.6633656145735168,0.6258721297319891,6.785714285714286,0.6642878648856816
0.1,0.2,125,0.06745141677581487,0.03273487336432234,21.90151417803435,0.03801739861403919,-8.535972604818511,0.6261599595575784,6.178571428571429,0.7036960870511999
0.1,0.2,126,0.003382046613134757,0.0029688402680596634,-3.227887610124308,0.0023606095141058274,-2.935338857617021,0.5471756591354543,5.321428571428571,0.5699936502644178
0.1,0.2,127,0.01148068572814839,0.006553530510771465,4.496965298977727,0.00672295802731687,3.9805648909129254,0.5378150553835718,6.071428571428571,0.5587057187265541
0.1,0.2,128,0.0039868027136857765,0.0013038966234460523,8.278041402955429,0.0008229804396666823,1.3318205347631533,0.5901697570260926,6.357142857142857,0.6256095628223874
0.1,0.2,129,0.002648300244694591,0.0006409201801010842,0.8424371220636715,0.000856413335951371,-1.9780572017490858,0.6011921548488764,6.607142857142857,0.6250730160247225
0.1,0.2,130,0.01585082540739782,0.013754369734860297,11.899730442612517,0.014619957522487764,5.153943498257907,0.6408996537945365,6.678571428571429,0.6595983233624207
0.1,0.2,131,0.006503958876905374,0.003100087932505954,8.170336973053244,0.0027745237453379755,1.7406593275359417,0.5916211896210537,5.785714285714286,0.6142190755387089
0.1,0.2,132,0.0026757139878753823,0.0010121196054293591,-0.5181748683903132,0.0015573146987852996,-2.0108841834713096,0.5472207149499353,5.214285714285714,0.5598593199905284
0.1,0.2,133,0.027079014516831288,0.015524339026393863,12.15216807255978,0.017503520648946717,-1.2298542904680592,0.6179950647653627,6.107142857142857,0.645983122730023
0.1,0.2,134,0.007142574422891621,0.0057343368925797415,2.7297403303853023,0.006863200065376305,1.1962358623756206,0.549499936111362,5.785714285714286,0.5472826320733006
0.1,0.2,135,0.08061204695910557,0.050498087412168415,24.509534340279277,0.05492123692089548,-4.188661171297412,0.6367176079656505,6.285714285714286,0.7126119090164168
0.1,0.2,136,0.02799014799585001,0.01717084350361451,7.634240746168207,0.021627569786256295,0.14035365410687936,0.5782702113289566,7.428571428571429,0.570705646245512
0.1,0.2,137,0.0027059766440427576,0.0005227175133645596,0.3206161111783577,0.0010206860626964672,-2.2741226172939073,0.5410677816358606,4.964285714285714,0.5502535802966755
0.1,0.2,138,0.0055030376159139055,0.002798318863300197,3.598238654718936,0.0020320099341308863,-0.23477571607079048,0.5628256104205203,6.321428571428571,0.5909398868480006
0.1,0.2,139,0.009937309452191819,0.006398196842283245,6.933324949563892,0.005344724087667196,2.4522350776097332,0.5994217827186408,6.357142857142857,0.6099896769836497
0.1,0.2,140,0.0020621234735532005,0.0007765658557633772,-0.762544181405616,0.0004917907746330092,-1.2877764350754621,0.5397481096656268,6.142857142857143,0.5572739415400364
0.1,0.2,141,0.0033825549665050052,0.00028752298038341336,4.803495716392736,0.0002659415023766179,-4.935266042408462,0.5530039168492015,5.428571428571429,0.5591147045230007
0.1,0.2,142,0.011890887090960306,0.0024052488439682074,13.814850830239067,0.0029498444994232095,-6.021698346202091,0.5892780975987205,7.178571428571429,0.6168067171358084
0.1,0.2,143,0.014123526725166573,0.008574914093324336,4.363884854084101,0.009721187848840043,-2.186913104604874,0.5918456919927804,6.428571428571429,0.6182228836399501
0.1,0.2,144,0.0031965772364831477,0.0009284635952498687,0.8709655297485502,0.0011664091054492125,-1.8187816167500255,0.6079132841382309,5.571428571428571,0.6222047744236029
0.1,0.2,145,0.005292284130073915,0.005426024052099653,0.7082140786480409,0.005253801989880639,0.9953851023779331,0.6017615347062488,6.357142857142857,0.609974508872166
0.1,0.2,146,0.08609119191793987,0.04090185707802408,27.52203105109966,0.04866851610908839,-10.519550844654944,0.6127021555930228,6.928571428571429,0.7090455721835867
0.1,0.2,147,0.011054910430932334,0.005816929528799862,12.462353011600158,0.005258069203195061,-3.5631635216948987,0.6474778581615573,6.678571428571429,0.6766409740349643
0.1,0.2,148,0.003326991725921597,0.0015437042394257914,0.7715726001445091,0.0010401804492864563,-1.745633660991236,0.5862171120591331,6.607142857142857,0.5886785809332484
0.1,0.2,149,0.005058427768542145,0.005345286150194024,-0.7712747703500421,0.005219633336166792,-1.6535699620994535,0.5942838421689186,5.821428571428571,0.5928512398882547
0.1,0.2,150,0.04339243840350887,0.025432697120350185,18.856036669364794,0.029112524435081506,-6.615147481326119,0.6698126869610118,5.714285714285714,0.7162707029319784
0.1,0.2,151,0.03615678606868128,0.013399800413020259,26.11031026589299,0.014276971047090912,-12.989762242753324,0.6950740810874919,7.107142857142857,0.760533525446652
0.1,0.2,152,0.03799468042328428,0.018203061729027453,26.236144949112234,0.02186319464815863,-10.927216027192875,0.6761231580119205,6.642857142857143,0.7393559047539361
0.1,0.2,153,0.0015785178000344367,0.00036005017095081134,2.411012333626521,0.0002673625013417818,-1.8573561634434175,0.5635901561096056,5.857142857142857,0.5685723539612995
0.1,0.2,154,0.0064635718902482635,0.0049729330175534315,5.33065451653863,0.004325592067319541,0.6887368113297233,0.5741917715340169,6.107142857142857,0.6036567389784421
0.1,0.2,155,0.019634408235372044,0.017768249964220096,4.9222904645442895,0.01669877558949055,-1.3792434420020356,0.5433921974094851,5.428571428571429,0.5807083921464367
0.1,0.2,156,0.01568436487502527,0.004727704612378056,10.784415668278058,0.0045863600595808214,-8.279639121525852,0.5909380114147286,6.428571428571429,0.6520528215802959
0.1,0.2,157,0.032579543420898326,0.021624916642104846,18.217406520510924,0.018649082715905683,1.6712328208466924,0.6128174939763192,6.178571428571429,0.6569758192491392
0.1,0.2,158,0.007764037905130082,0.002034774058792011,5.595768971244628,0.002553058702181667,-0.3452230172649801,0.5746601536551327,4.892857142857143,0.5896151414083655
0.1,0.2,159,0.00846265182319583,0.007174628826955808,5.915051254392949,0.005457379820765865,6.7137963046569284,0.5068648532437207,5.607142857142857,0.5451426308167011
0.1,0.2,160,0.001818874091229063,0.0039842690156002645,-0.35428679625089404,0.0032430230552905137,-0.5978628839873655,0.553777707229968,5.857142857142857,0.5540956287368543
0.1,0.2,161,0.001394056233821925,0.0006753507283377277,0.38842443684055183,0.00033174197724137217,0.916681340523193,0.5784563639458199,5.464285714285714,0.5870061155904343
0.1,0.2,162,0.017885324858450367,0.007636336952039461,12.426009444899213,0.009457574098311957,-6.743226568285006,0.6470240252566477,7.107142857142857,0.6888512333703924
0.1,0.2,163,0.020308782000507928,0.012705812088216618,9.796472423189064,0.011828110446157978,-3.5690431160801097,0.5317856385289634,5.785714285714286,0.5890397187812013
0.1,0.2,164,0.014292725842095825,0.008182400193240156,11.07130948408036,0.008146125334283999,-2.7514746783503483,0.5821222788877906,7.464285714285714,0.6085432245486873
0.1,0.2,165,0.00557984108424974,0.0020993831903973735,2.602573525040848,0.002000334706453249,0.4636257812163554,0.5474208706973572,5.785714285714286,0.5527486340514617
0.1,0.2,166,0.012988983547292275,0.006150858186196636,6.6179123235853865,0.008009485685287285,-3.36708316501308,0.5511615985209399,5.714285714285714,0.5681743620281499
0.1,0.2,167,0.007394111189940888,0.005215637502710765,4.609944751235569,0.004307191201543417,-0.9060078931834331,0.6030029508231862,6.25,0.6551376513409514
0.1,0.2,168,0.0039012500678065175,0.005318048987752278,-0.6277562801258796,0.0038347194056863065,0.6280350105977467,0.5656019681703667,5.285714285714286,0.5943890530371474
0.1,0.2,169,0.01531276423158492,0.011523591828631996,14.92363011409868,0.010591238034481755,-5.878355714436992,0.7090157592465737,7.142857142857143,0.746475311351263
0.1,0.2,170,0.018801265061495948,0.01378133013675333,15.4563490024341,0.010893212877976084,1.9692534693395203,0.6263305776575152,6.964285714285714,0.6500031349609727
0.1,0.2,171,0.006074949359225245,0.002026596842610895,8.084989607716901,0.0019315758533946467,-0.4038218170526022,0.5758210795795443,6.142857142857143,0.5734136570668329
0.1,0.2,172,0.02095489344544246,0.008774400023212427,9.388702694801443,0.011828305379237987,-14.013043907751722,0.616769299928312,6.107142857142857,0.679684684936372
0.1,0.2,173,0.02161573631197058,0.003797333180703033,13.023120351422088,0.007103655992321187,-2.593066847701209,0.6414364712759278,6.357142857142857,0.6584824713838564
0.1,0.2,174,0.0013358390530115232,0.0035878001022127968,-3.089215169930687,0.0030307212365083052,-5.320325531231504,0.6182569519972565,6.107142857142857,0.6269867227374482
0.1,0.2,175,0.03266863132277179,0.015256370829969996,17.710746324982978,0.014275907141348328,3.7878720996364734,0.6413330461491263,5.928571428571429,0.6776180297467085
0.1,0.2,176,0.0031544274003308267,0.002405658565816254,1.638472850171155,0.0030510507995257555,2.214938572816019,0.599878644021514,6.678571428571429,0.6239903468046364
0.1,0.2,177,0.0032625014615390653,0.0015290254581249805,0.5698943612920763,0.0011144954478418858,-1.1750338942190126,0.5589178889988132,6.357142857142857,0.5737681865266926
0.1,0.2,178,0.012477494863991606,0.005555193867192727,6.920045101089404,0.004330600596503078,0.9693874278518612,0.6034370012020925,6.428571428571429,0.6013973843989868
0.1,0.2,179,0.05251520002698847,0.035393087938723804,16.612788828118596,0.037789975206296976,-6.379496015050738,0.6766092888203594,7.071428571428571,0.7334174181147414
0.1,0.2,180,0.01871943824680401,0.01573614880311811,10.131562813354975,0.011813584910081033,2.9015376308771104,0.6377718438124792,5.928571428571429,0.6806118407800319
0.1,0.2,181,0.01530245745982259,0.020524035746136222,4.663574857137434,0.0178751795318145,5.495369855228897,0.5729334155095502,5.964285714285714,0.5991202666332713
0.1,0.2,182,0.0026360479940167095,0.002216616704502621,3.161503004256067,0.0016549302582288174,-2.2810031262672035,0.6533527592400318,6.714285714285714,0.6697213177864147
0.1,0.2,183,0.004133577383867119,0.001173072653466878,4.919967432490362,0.0006838487172171922,0.7103053247467699,0.5874662209725167,6.5,0.5901498676303152
0.1,0.2,184,0.021174276541268463,0.013915628750535206,11.936491349193082,0.011780182575088356,2.4586897648098804,0.6216389002464586,6.357142857142857,0.63804293823801
0.1,0.2,185,0.047344747037095736,0.027263530512044505,18.822063076470442,0.03150134851783005,-6.9327160204061755,0.656796684489181,7.035714285714286,0.7247196327228891
0.1,0.2,186,0.017476152562138306,0.013639915741136944,12.386215793718426,0.013014598372253675,9.822735961649576,0.6881384832520544,6.821428571428571,0.7279493742754191
0.1,0.2,187,0.007255312778462719,0.002457258995585083,6.975211070305714,0.002797646235566604,-5.237059523586737,0.5625294381150063,4.785714285714286,0.6006126860904359
0.1,0.2,188,0.018082460801186737,0.013238583554671996,9.78663212484697,0.013276538967269746,2.261827060296156,0.6152612860267936,6.892857142857143,0.6556172976036934
0.1,0.2,189,0.012452698150304548,0.0077336085053927115,9.585955135546149,0.008012502510613032,2.102108197680394,0.6402771818156464,5.964285714285714,0.6643889219255208
0.1,0.2,190,0.03469618773457136,0.025608372560976055,13.602975343816118,0.026005053949038674,-7.903655974473405,0.628694551725941,7.964285714285714,0.6600388523933587
0.1,0.2,191,0.07057366790959306,0.038785624601348705,24.252741529203714,0.043726701921846134,-5.262563049186174,0.6166729813853171,6.357142857142857,0.6735899305385488
0.1,0.2,192,0.015084062702205159,0.017232531833098825,6.026608953025071,0.012290735338963795,2.756433307306177,0.5823843946523569,6.392857142857143,0.5948125430887398
0.1,0.2,193,0.009076592952576115,0.005802140358738448,5.505125610589308,0.004699122427287248,-1.0205717861058947,0.6135547247671924,6.714285714285714,0.6400109604693114
0.1,0.2,194,0.03558284094597862,0.022338886553473204,18.008625120408357,0.0215423325135566,6.9271786336092775,0.6708896988491558,6.75,0.7215246832775358
0.1,0.2,195,0.00608631626255989,0.003827181500932762,2.5948523575012907,0.00245954240466172,0.02886366277729735,0.5738862813811613,6.357142857142857,0.5795094675997395
0.1,0.2,196,0.015538363810114374,0.008801530962868015,2.2317431566803236,0.009418308360602794,-1.9350933612890817,0.5506641126125625,6.0,0.5772684595954476
0.1,0.2,197,0.001147168392018301,0.000611306159560038,0.310079863937555,0.0007371893230100416,-1.7780907043962866,0.5481510259517818,5.857142857142857,0.5517531714139778
0.1,0.2,198,0.0029599301468373066,0.0003269665039059715,2.803145229183523,0.0004328199056606585,-1.6603926432609815,0.5577766231155115,5.357142857142857,0.5774136831986325
0.1,0.2,199,0.05208903877086976,0.03219691033690892,27.27500008957062,0.0376279567534117,-5.271581084696834,0.668812204536529,7.642857142857143,0.7175528308063901
0.1,0.2,200,0.0054380743271319485,0.008717994804795353,-2.6711640873666433,0.008324054243395737,1.4260487917557423,0.5626550692928155,6.571428571428571,0.598323407683617
0.1,0.2,201,0.06404667568539771,0.038631352497382525,26.956948834949557,0.0429256650809909,-8.84403003878145,0.6959177338927214,7.214285714285714,0.7546445866305137
0.1,0.2,202,0.0012120541167645793,0.0015204643330950858,-2.2002104333142256,0.0012777824607745683,-4.6388392641341625,0.5694155087413868,5.642857142857143,0.5931122561302997
0.1,0.2,203,0.004633538700066765,0.0017771799489537713,1.034419039316295,0.002333293268188404,-2.633134220818808,0.5900350198302071,5.607142857142857,0.5844305139332859
0.1,0.2,204,0.00913746721428723,0.012295723887554844,3.528030701968769,0.012068567422718831,7.076554823959033,0.5791657133153773,5.714285714285714,0.5735215337217823
0.1,0.2,205,0.0008193802212078091,0.0014377204048768447,-4.1551709568405215,0.0012007315089281989,-0.6027943939092589,0.5606582773682257,5.428571428571429,0.5357989836168353
0.1,0.2,206,0.0022493775926953536,0.000404804641217627,2.3983049267505407,0.00014240220279887936,-0.465859467944379,0.5521393842402337,5.035714285714286,0.5709494122811944
0.1,0.2,207,0.003011512945470716,0.0022992491600198886,0.4892616709330942,0.0016720221988151625,1.4386584124837516,0.5510323953121185,5.142857142857143,0.5668804456745211
0.1,0.2,208,0.005163821891510438,0.004288284409118631,2.596146778237975,0.003135217262904855,-2.201151265684596,0.5750184932021851,5.0,0.5782429705245623
0.1,0.2,209,0.007700740408597499,0.0003725063905502794,5.349431142158077,4.368686773211483e-05,-5.987099151312482,0.5829553225971301,5.392857142857143,0.6053598825308222
0.1,0.2,210,0.002754893736330932,0.0045842081933060936,0.957456732025482,0.004601443332285027,2.199665705528124,0.565865716162213,5.571428571428571,0.568413863289781
0.1,0.2,211,0.0034177993577658556,0.0019329719523879863,0.6611951884551104,0.0013352178164857931,1.8358426966844188,0.5726193192868649,5.892857142857143,0.5644092203389025
0.1,0.2,212,0.0019289026511151903,0.002279987322483451,-2.788085323004386,0.0019581659673099236,-1.8327633229507587,0.6145526642008481,6.214285714285714,0.6142145291286356
0.1,0.2,213,0.004933525670922803,0.0007461463094381957,5.991237240504565,0.0003194786504824526,-0.3777712056485427,0.5690051447629002,5.214285714285714,0.5747797124758739
0.1,0.2,214,0.03432294119897111,0.0222527338392586,13.54424636492764,0.021605111256650475,-6.797164613364639,0.6791102627440864,7.142857142857143,0.7402543538401858
0.1,0.2,215,0.007302785585085914,0.0037594581172295896,8.193595317404146,0.0037636008718953213,-0.7810004006135974,0.5788737032222256,5.928571428571429,0.591811741447007
0.1,0.2,216,0.040739910108599946,0.01719707017262351,22.32634575297261,0.021218927471156855,-3.7573776572496436,0.6878307098518484,6.785714285714286,0.7360229033655359
0.1,0.2,217,0.06732502373342687,0.04189363171263792,20.98144574274846,0.04530339380639759,-10.65545895119494,0.6236200458957292,6.714285714285714,0.7076350886920366
0.1,0.2,218,0.0013197946181661736,0.0004566249110845582,1.6728965412587513,0.0003320550639929003,-4.140987636488774,0.6256882297631002,6.035714285714286,0.6190189781489726
0.1,0.2,219,0.036114675505334363,0.00957400528468186,20.401096938108754,0.013280531134209827,-8.259472241998907,0.6795502665537839,6.821428571428571,0.7323881390377295
0.1,0.2,220,0.002696316590081796,0.0019870777700579053,0.616925924950389,0.0015257635653243935,-1.1349649164773723,0.5832743303902947,5.678571428571429,0.5827219991796244
0.1,0.2,221,0.053219212535795854,0.03343573678689067,23.47759408499356,0.03666823168742417,-9.222658894907733,0.6444781320871706,6.714285714285714,0.7105108338814634
0.1,0.2,222,0.005461256779370549,0.005718978584576078,1.7061596601688602,0.005690229870716858,-0.8055940046632676,0.6392612155080223,6.464285714285714,0.6546321448563096
0.1,0.2,223,0.027202759377182258,0.010822235817311204,19.237740028630963,0.009843224666343643,2.385543443105462,0.6393754791927482,6.25,0.6758789273093453
0.1,0.2,224,0.018944296385522724,0.011633209197885129,11.810820654781764,0.012310498123620865,-2.8115834696178106,0.6007099370248827,6.642857142857143,0.6195699286174894
0.1,0.2,225,0.005759571515212344,0.0030751626067384813,2.6542517615683416,0.0032560159449512055,-1.282379643196369,0.598155767153209,5.714285714285714,0.6110332088550732
0.1,0.2,226,0.05578971872737724,0.03899016007085279,25.27119697215195,0.03978945100101798,-6.366601594620302,0.7049572532771363,7.892857142857143,0.7804480588717457
0.1,0.2,227,0.016489487004413897,0.003936561260336759,9.87422764491319,0.0056943670488481535,-10.370967451232994,0.5759252741676076,5.857142857142857,0.592056815078507
0.1,0.2,228,0.06431489386575844,0.044427728051791834,22.366060113205275,0.04859818471286387,-2.86814409290119,0.6300272611017366,6.785714285714286,0.6894086514089917
0.1,0.2,229,0.003317445251707833,0.004246795717976665,3.7219468818552457,0.002261437666832842,-1.766314030704289,0.5879016138228218,5.857142857142857,0.59319267327308
0.1,0.2,230,0.020624391267918624,0.01149360159563338,13.36573933902928,0.012324022436373075,0.32109953497340865,0.6326786755540278,5.75,0.6740070737212112
0.1,0.2,231,0.004098250644591964,0.0019133516532822215,5.163793690689839,0.0014132281567462595,0.04725419961737506,0.6210224751863761,5.714285714285714,0.6322464162708854
0.1,0.2,232,0.0025363933717535815,0.0011698471759888026,3.1518255631458394,0.0012200544672711692,1.2804563234812842,0.5953195503809663,5.928571428571429,0.5936215345259537
0.1,0.2,233,0.0025567421767131856,0.0012462462825154452,1.512281519994114,0.0011558308177462566,-0.7557857753804361,0.608386511738509,6.535714285714286,0.6094763148656731
0.1,0.2,234,0.0028812278429889353,0.0020563391431294587,-1.5770161377377103,0.002274898358710861,-0.47879846483797905,0.5818522678043131,5.928571428571429,0.5906953463132569
0.1,0.2,235,0.0495909524195853,0.04022457404221529,15.382408799995199,0.04111304037116346,3.444038113013226,0.6455928908712307,6.214285714285714,0.7002871445210872
0.1,0.2,236,0.019156442584930353,0.014050950239469236,7.462722538647294,0.014406972202693612,0.31343601225230106,0.5600099206450112,6.75,0.5435849120360932
0.1,0.2,237,0.0076962768065168,0.004127287901028233,1.8288645052595598,0.004760726758444048,2.140137694835649,0.5600998481675016,6.964285714285714,0.5799703951254316
0.1,0.2,238,0.03167369908744339,0.02003417043055868,21.176681376129352,0.018513779665067703,-2.4276647027204867,0.6902984217143151,6.821428571428571,0.7378825862541374
0.1,0.2,239,0.026234397896600696,0.012347909697177903,18.71643908718146,0.011247559330443881,-5.358587966625777,0.6076913091823662,6.357142857142857,0.6285851882154174
0.1,0.2,240,0.0314221113893388,0.02908340628292652,8.500890600984405,0.030916222836721054,9.036315923847459,0.6125189900755271,7.607142857142857,0.6642947750266559
0.1,0.2,241,0.0033599705608417163,0.0068958835095223395,-0.2512731044360521,0.005295352910865797,3.699904485792113,0.5729242560049146,5.892857142857143,0.5867523615343915
0.1,0.2,242,0.003827760916968696,0.004855888985072227,3.0306651861145326,0.003073687571295132,5.0478703672334575,0.5802284541223425,6.535714285714286,0.5899890635200427
0.1,0.2,243,0.027866396529759266,0.02220434840250367,13.40430344369445,0.020123778942685314,5.4885752113197555,0.5931020171357432,5.928571428571429,0.6253722744152166
0.1,0.2,244,0.02491948530594539,0.009379554007844213,14.345849092110456,0.010074050577832038,-0.49818265429899117,0.5855746522744306,6.178571428571429,0.5954919195834003
0.1,0.2,245,0.02400163492790983,0.014229501682458278,12.829823609133797,0.015348954279756,-2.3930597386418433,0.6552670053884067,7.5,0.6980620791273403
0.1,0.2,246,0.06336541484307755,0.04861180844185306,33.42999597639781,0.04909754680251979,8.92760806720411,0.6552041354355556,6.607142857142857,0.7447366313679332
0.1,0.2,247,0.0232009728882883,0.02870488035643413,6.7299883619637155,0.024666469682543716,6.001308395921058,0.5426273610672279,5.678571428571429,0.5585349668296384
0.1,0.2,248,0.003770973231811613,0.001577633073817906,3.0995942498605493,0.0015579051119540437,1.8562310220894365,0.5650380198064444,5.571428571428571,0.5750022854008823
0.1,0.2,249,0.019126391070461546,0.007271236248110251,22.136269881096542,0.009532885885328178,-2.6307696155434335,0.625922206205833,7.035714285714286,0.6645396977817155
0.1,0.2,250,0.005027872749285825,0.0028791516437559573,2.2905088878291906,0.0024503176842135647,-2.2543690091874375,0.6097192225980158,5.571428571428571,0.6090076021156519
0.1,0.2,251,0.00794012337654645,0.0018530729825259875,3.8864591847735803,0.0019437061025614091,-5.221216466675656,0.5326538879014189,5.785714285714286,0.5781877497473435
0.1,0.2,252,0.004432695157703372,0.003258531960128132,3.323672072636839,0.0035012120342952442,1.0945730841182904,0.5341240417057619,5.321428571428571,0.5522993642454048
0.1,0.2,253,0.0019592747135494352,0.0025507337644194196,0.537585116016667,0.0018650465174860312,3.8327305475185653,0.5367306529942665,6.321428571428571,0.5642877949795975
0.1,0.2,254,0.004794967947964098,0.0036610971707696687,0.5971660595996203,0.003933912991108701,-3.039097329116828,0.5818386553646094,6.428571428571429,0.5949038333936647
0.1,0.2,255,0.0049417350648457104,0.004981753656716306,4.076729383237439,0.003632747141952589,-1.4791136631951833,0.5674474272819279,5.5,0.5786184718096499
0.1,0.2,256,0.0029911513297990367,0.004177189611318425,-2.2571896611959326,0.00346298320284081,-0.40347461996743544,0.6444121110988226,6.964285714285714,0.6745728201393253
0.1,0.2,257,0.025167822162294153,0.004039825038904067,23.511059549636872,0.00564797887511778,-0.00492344250137459,0.6814239374600982,6.75,0.7178206364882571
0.1,0.2,258,0.007157485610641686,0.0038813507904927242,6.326785849670945,0.0026444710680692757,-1.4723150554932545,0.5943198078525418,6.035714285714286,0.600116493711387
0.1,0.2,259,0.007963750482043556,0.0033004172778884735,8.58247482830067,0.002664837753328662,-2.053260642203289,0.6793691047163505,6.928571428571429,0.702506074272921
0.1,0.2,260,0.00816754014390741,0.008630687649749082,5.015914406716206,0.0079767337339273,0.43979786885912137,0.630038922120305,7.285714285714286,0.6272323898162808
0.1,0.2,261,0.01744323664097268,0.00909015078217539,10.089449860782489,0.00948614726443821,-4.910855442571052,0.5754451764653057,6.25,0.5911724779686576
0.1,0.2,262,0.03424151533869428,0.005695464304582568,26.323823637878913,0.009343782812818282,-7.196543575383373,0.6955035640818015,6.642857142857143,0.7404603806488874
0.1,0.2,263,0.0038613674077774105,0.0005633173212759556,4.109675574860735,0.0007704947518299304,-1.7311254384586239,0.5676806176858686,4.714285714285714,0.5873044787807148
0.1,0.2,264,0.017971251361919877,0.010501499993405616,7.606920805264082,0.013660125233385197,1.746854340176905,0.5857812988875308,6.428571428571429,0.5991137789463302
0.1,0.2,265,0.01871685051434859,0.015026332679257437,5.536684417453131,0.016471724251970108,-0.11019489020531144,0.6137324888308847,6.535714285714286,0.6351274019020118
0.1,0.2,266,0.004098399312416029,0.0018379620355669657,2.7116159530170685,0.0015071711215268542,-1.3853366024376044,0.5758879094574096,5.321428571428571,0.6023976549657075
0.1,0.2,267,0.0637190069930976,0.03918171322212807,20.167755969989187,0.04470392838571153,-3.8767881767059436,0.6234042985055226,5.857142857142857,0.7026859592237007
0.1,0.2,268,0.002362289984008216,0.003110080462198249,0.08089219751529224,0.00198095046971116,2.071969431391011,0.5991179736590125,5.714285714285714,0.6087642283587147
0.1,0.2,269,0.00581581902590632,0.005429884988107937,1.4983999088009436,0.005543149502084455,0.7989215093882365,0.5248871434761477,5.428571428571429,0.5222693299261947
0.1,0.2,270,0.004324723279670952,0.001258303341394749,0.9738469701410016,0.0010987894024940316,-4.485661299374499,0.5438146631579969,5.678571428571429,0.5599234525361654
0.1,0.2,271,0.011595580779527617,0.0023965054058561657,4.630608373246626,0.0024413219656494933,-3.774162149203581,0.5340732826830789,5.678571428571429,0.5454933783071192
0.1,0.2,272,0.0009899970356563293,0.0010497428336473694,-0.7677314479070011,0.0008954107850448972,-0.8273366924134677,0.6062144072982455,6.035714285714286,0.6227894005136367
0.1,0.2,273,0.0070917591137782095,0.0026559051975775503,5.3070092057563345,0.002069688929632575,0.10423118703613454,0.5933211315407622,6.571428571428571,0.6010294571112118
0.1,0.2,274,0.021507399312439005,0.002795781753856266,25.706800551211625,0.004034169813684448,-5.001027191266435,0.6609030354193994,5.428571428571429,0.6926588015147048
0.1,0.2,275,0.0030199236392749814,0.003157461276401916,-1.8676750069589712,0.0033438705302372847,-2.631551310579937,0.548707619179405,5.714285714285714,0.5490580655575333
0.1,0.2,276,0.023394632751930086,0.013409140055317539,10.627562264276056,0.013806298362521546,-5.938861107756726,0.5983743564562359,5.964285714285714,0.620721558429308
0.1,0.2,277,0.010529004867753383,0.0033848838703381154,12.935011963479374,0.003904126874853898,-3.714404940329672,0.6539557547264973,6.571428571428571,0.6715368944622468
0.1,0.2,278,0.008903749459113668,0.005919749768812194,9.880325030317758,0.0047364343641196965,2.9864974038329897,0.5917507008696623,6.107142857142857,0.6243897770931854
0.1,0.2,279,0.038487165499352397,0.001863634318094459,33.671115542395974,0.003924469264319217,-2.594223204160253,0.676075516335523,6.178571428571429,0.7109446539400144
0.1,0.2,280,0.004460396406302145,0.00788034468151411,0.5361227679475556,0.006776868371043867,-1.3071474571148087,0.5849769713336933,5.678571428571429,0.5835530366722639
0.1,0.2,281,0.003552149853159455,0.0005502459834428187,4.685436994232447,0.0006123000987784587,-0.1852282854753279,0.5347614796890624,6.0,0.5460050003168153
0.1,0.2,282,0.02868229509604089,0.018230777494001427,13.904575619583577,0.015317309750175563,2.777521001359787,0.5867843666815371,5.535714285714286,0.6087718828234621
0.1,0.2,283,0.0011154775213731603,0.000859391902848673,-0.7695262233632718,0.0007462823178572774,-0.2989418234664167,0.5535712573111702,6.035714285714286,0.5626092342285877
0.1,0.2,284,0.025602658435430664,0.006630332289786182,15.490075522286105,0.005307875080942469,3.6468541467154885,0.5712843655705465,6.214285714285714,0.6146779410863812
0.1,0.2,285,0.0031664878691762743,0.0005804497314729515,4.506110301244206,0.0006708588370290337,-3.441069239607515,0.5736214197390758,6.0,0.57322494081507
0.1,0.2,286,0.004418676061199618,0.004299383981337257,3.5790854145346223,0.004372458712850553,3.550198566919041,0.535251040314586,6.142857142857143,0.5462916052031672
0.1,0.2,287,0.005659707576046928,0.004849876926364773,-0.05369271468742909,0.00619383476191522,1.2763292343053365,0.5603360596077764,5.928571428571429,0.586828825714431
0.1,0.2,288,0.006673667912271393,0.0013414708351532185,3.3976132470306197,0.000691486913953885,-1.041960247874717,0.5887133738378926,6.5,0.5764369091229105
0.1,0.2,289,0.006918701254091822,0.01070669507276371,-2.192591733016409,0.009228301906424818,-0.014944573382403329,0.6033813979390998,5.357142857142857,0.6300836226133427
0.1,0.2,290,0.003432340440731154,0.0011863254770313875,2.2825945015955162,0.0015486714550730146,-2.5919676494828443,0.553725728755754,4.857142857142857,0.556134029798429
0.1,0.2,291,0.0015907119433076899,0.001398210794404164,-0.9957101929849065,0.0008778525221867311,-0.8115209058818209,0.5647706279660395,5.357142857142857,0.5615283151752113
0.1,0.2,292,0.006146376792526629,0.001881363268697988,7.464618873334142,0.0019060779855139699,-0.8267525646638963,0.6019391163810855,5.607142857142857,0.6032774456654837
0.1,0.2,293,0.010710200946110793,0.008257536382093643,4.982833333581833,0.006013172494405935,2.352813166712101,0.549797841440066,4.928571428571429,0.5628496206320033
0.1,0.2,294,0.01911689626120984,0.010386874744979487,14.299022947482342,0.011483335574566293,-4.63744093559463,0.6846815439509217,5.928571428571429,0.7235393363873777
0.1,0.2,295,0.008982949894904214,0.0012916548429987005,6.587493326470356,0.001506430754158723,-0.5112641336444786,0.5798452629834726,5.392857142857143,0.5764891727218957
0.1,0.2,296,0.0010166077063663253,0.00045369224222626694,1.4887393646582534,0.000561464438507269,2.6522290513747464,0.5742569289597602,5.928571428571429,0.5660403857707403
0.1,0.2,297,0.0023323226078848062,0.0005299107933965372,3.825492927438527,0.000439389465140364,-0.6993028030538065,0.6222873585839431,6.678571428571429,0.64503523646344
0.1,0.2,298,0.0033645129939561744,0.005728905613636656,-2.2227560952598253,0.0051063919297054654,0.2798801496298135,0.5790882572204641,5.892857142857143,0.600557817358245
0.1,0.2,299,0.039145924232417285,0.013485348417904533,17.47646043867446,0.01621949114455746,2.4447041981171083,0.5952464178395312,5.821428571428571,0.6426291897501124
0.1,0.3,0,0.006253995254889156,0.005701257135384088,3.5456091935680263,0.0065982913046608,-0.29680345784674955,0.5955256445182098,4.75,0.6066635555609358
0.1,0.3,1,0.0017297245198728919,0.0008252260812757003,1.292452050059912,0.0007923122754940772,1.6530752703335072,0.6295682929122078,6.464285714285714,0.632408266457812
0.1,0.3,2,0.003846694727881799,0.0026813742548365475,0.4063779547071154,0.003336037025606279,0.9334565122488812,0.5781492987713558,5.714285714285714,0.5782335357178171
0.1,0.3,3,0.03629168998574867,0.014442636733943725,30.69171889993457,0.019240695316215726,-7.348722823111321,0.7173256898856996,6.821428571428571,0.7730620435456464
0.1,0.3,4,0.024798693133032554,0.014150761414526324,8.634230506414562,0.016329371272831805,-5.793426311709889,0.6499668107748808,6.107142857142857,0.7062602723910181
0.1,0.3,5,0.020556727585154616,0.005324185724539214,18.21051822657221,0.0059393275664632065,1.0401012207104448,0.6425651846291361,7.464285714285714,0.6883692334351788
0.1,0.3,6,0.0079900426367948,0.0022551083933127444,11.379964835875702,0.002082676074291824,-2.8847658637831066,0.6263101882116674,6.928571428571429,0.6454720237586538
0.1,0.3,7,0.009315853686925005,0.003464520398635866,6.591091324947011,0.0034673512465965345,1.7372329737678076,0.5954757768931624,6.357142857142857,0.6079188073120818
0.1,0.3,8,0.008224195125321632,0.0019610855895995528,4.4680837884243845,0.0018351053678633698,-3.4279339967523583,0.5713885394650006,5.464285714285714,0.5938251573700368
0.1,0.3,9,0.008898374608760579,0.00573189309818114,1.3271344796480093,0.005410223553344704,-5.624577427619073,0.6360817699508743,6.607142857142857,0.6260809712314788
0.1,0.3,10,0.0018764592667224866,0.0017038901708595195,4.4704526459337615,0.0012272499465085472,0.7355208433008045,0.6412998339298758,6.714285714285714,0.6490412071269948
0.1,0.3,11,0.031602384713595257,0.017021335448313298,19.038877388017767,0.016709008056971387,-6.413123591392856,0.6786662441416168,6.464285714285714,0.7356967386764881
0.1,0.3,12,0.034656855091925884,0.009148821269286098,19.55292692951831,0.015068548517309382,-3.2676397297528204,0.696830006450239,7.785714285714286,0.7481396494831494
0.1,0.3,13,0.021358449449523444,0.006974033763825672,9.206567272852197,0.008390856989263222,-6.19126535190901,0.5711287043928814,6.214285714285714,0.5775589369771055
0.1,0.3,14,0.007618706700895358,0.003715476735200809,5.175214238546023,0.003558018536339846,-1.4918081722853078,0.6375443330657221,6.785714285714286,0.6713850926462567
0.1,0.3,15,0.04198053738968296,0.027336221122581432,21.223879281443313,0.028985198324455962,0.22203026580032295,0.6608971752064906,5.714285714285714,0.738000863325051
0.1,0.3,16,0.018731320158519933,0.001379326939358181,15.932752999998806,0.002378452925359316,-7.389094771825644,0.6792809326728586,6.964285714285714,0.7388996644563285
0.1,0.3,17,0.01198538666446632,0.004637078265782898,6.634687131822385,0.004950689359238265,-10.566381835072795,0.6385566313532525,7.142857142857143,0.6570984113862506
0.1,0.3,18,0.003746603479235123,0.0019564590703786944,2.542988645954703,0.0017593728575024754,-6.843599255709023,0.6127409340405213,6.821428571428571,0.643105828542474
0.1,0.3,19,0.011278071981900577,0.0026677679885213066,10.52533001606823,0.003047890825691307,-4.981507247787893,0.5989746788989897,5.821428571428571,0.6273612584133168
0.1,0.3,20,0.0022440790567118327,0.002797737263983593,-1.2384316410978329,0.0022345114595539997,0.21905514491926206,0.5368671295131998,6.285714285714286,0.5393884347203483
0.1,0.3,21,0.010008633174255733,0.010354090677746,5.5726073567596375,0.009389728035176362,1.0979339677584221,0.5996261068104107,5.392857142857143,0.6339252787747762
0.1,0.3,22,0.004139105493360684,0.0013259516448187866,3.235028092588569,0.001427135132267181,-2.1064524554920374,0.5636478900141163,5.607142857142857,0.5801453514458221
0.1,0.3,23,0.031228527609017124,0.011223202904731062,16.209902359546362,0.01241653891587153,-10.996456509887063,0.6558001388400303,7.464285714285714,0.6929577983860354
0.1,0.3,24,0.03499225762086255,0.022858279972859684,18.357476556910893,0.02428441942243453,-1.5436747349067634,0.707826947019431,6.857142857142857,0.7575911029289588
0.1,0.3,25,0.05366292596413794,0.024712948817950758,37.877769679450175,0.028582858964668292,-12.434820424672202,0.7128738858849466,7.785714285714286,0.7968925649251876
0.1,0.3,26,0.03313157867206111,0.00951164425100241,27.014879692426238,0.010844128463083752,-3.0159538118274063,0.7016309510965764,6.821428571428571,0.7487886696379837
0.1,0.3,27,0.04658339578616062,0.03650234289620148,17.025447837760368,0.03817748165241283,13.473732072161502,0.603098889657742,6.035714285714286,0.6629894926478439
0.1,0.3,28,0.013518598817581948,0.0053719256966895425,5.656178088341467,0.0055161009263932845,-11.564952399117686,0.5684918236540908,5.714285714285714,0.5788959235252789
0.1,0.3,29,0.004947147184926761,0.0009954409193554576,4.9722374785545655,0.0011793871110475633,0.9268865230161131,0.5745859456519417,6.321428571428571,0.5844120064232526
0.1,0.3,30,0.06312756115380032,0.0400343915920144,31.957623076076402,0.04631083086579503,-4.277268867287447,0.7059627409643591,7.392857142857143,0.777706875350376
0.1,0.3,31,0.016780446496163802,0.011736540699808336,9.826566426024746,0.012163583619278833,-1.3720608384173072,0.5581508846804667,6.535714285714286,0.561000307984078
0.1,0.3,32,0.001994609887745249,0.0007408535964313216,1.4880775006195297,0.0008561029371424286,-4.7347763091100985,0.5832817809755332,6.0,0.5855291861144931
0.1,0.3,33,0.005146921278640954,0.0005030501328323047,3.170590934066818,0.000388849560328703,-4.028697404066946,0.5755480413045513,6.107142857142857,0.5701484997845058
0.1,0.3,34,0.003990613066622698,0.0031604187471723,2.1403142965130826,0.0033118072241654284,0.3683749813584806,0.5935823295685653,6.214285714285714,0.6241571055050936
0.1,0.3,35,0.026256225131953345,0.023689021091462925,9.189680522310587,0.02024160651733117,1.9795734007749957,0.6610220993651781,6.5,0.6860151686848144
0.1,0.3,36,0.01529414606481583,0.012476781853645851,2.850586013666837,0.012897508698870259,1.1827737003081324,0.599127883829053,6.035714285714286,0.6252271212210374
0.1,0.3,37,0.015051987044367589,0.012003881089958866,6.964053031809982,0.01070235652304956,3.6984202880138164,0.5809090035650897,6.821428571428571,0.6170115067576979
0.1,0.3,38,0.018333296853162186,0.008738674062082341,7.639485169021299,0.00975704052534904,-4.880635667432709,0.5731645469610794,5.785714285714286,0.5631349883315431
0.1,0.3,39,0.004953413629276703,0.0022030305155943015,0.5660077952672111,0.0025362479232049167,-0.8480159424562146,0.5816623607442833,5.357142857142857,0.5957467800666735
0.1,0.3,40,0.003689748077602666,0.0024114388439623034,2.1514838821306435,0.003042047755821391,0.331251135285972,0.5426660803700876,6.142857142857143,0.5749279636662976
0.1,0.3,41,0.02962233544552125,0.0074543847296915456,23.21235727725907,0.007018144974422812,-0.839458102076217,0.6619643335194727,6.285714285714286,0.7007145171264146
0.1,0.3,42,0.039757350666787566,0.01792962462377066,23.535244110028913,0.020132247380010442,-13.853612929428062,0.69621680293436,7.214285714285714,0.7650405467106394
0.1,0.3,43,0.008135339046693633,0.004610120074347467,5.389908893496643,0.004137599789974129,-3.6811679589322828,0.6427500866095089,7.178571428571429,0.6625055514357627
0.1,0.3,44,0.0013309691125493457,0.0020707125241289427,0.5696289722812556,0.0012652607997828736,-3.1385917174435463,0.5261941570218316,5.392857142857143,0.5519342030257053
0.1,0.3,45,0.0036612813549543573,0.006690281646881131,3.7649577276042785,0.004287634040364604,1.8404560661739329,0.5728956956185034,6.392857142857143,0.5806695464922256
0.1,0.3,46,0.003764113052489356,0.00882506938861357,-0.26861780682902275,0.005884980915735808,5.356822765169464,0.5790253288212119,6.035714285714286,0.6068251341702695
0.1,0.3,47,0.05266450687633002,0.014688194413073313,28.83857010252983,0.019323088734897468,-4.604603008943239,0.6793046761288787,6.535714285714286,0.749336059422505
0.1,0.3,48,0.053436113655255836,0.031185294880089896,29.201688574105983,0.030752408444392434,-5.278875134109209,0.7063114985311362,6.857142857142857,0.7690893361080048
0.1,0.3,49,0.004979179984522235,0.002849402958285751,4.102013442905066,0.0035375193002004156,-5.982281144777299,0.6027941264472337,6.535714285714286,0.6165589277283796
0.1,0.3,50,0.001591371448945619,0.0009319951764643797,0.3635706677392439,0.0008439002352990741,0.6111843151482125,0.5716655890468424,5.928571428571429,0.5977504594300771
0.1,0.3,51,0.009094414198439106,0.006335030022236632,9.023656542414349,0.0048840209014026185,-3.0067221214756237,0.6579446771904561,7.0,0.6665557993053861
0.1,0.3,52,0.03338097069658474,0.01732679980869142,21.47983886639774,0.018971452146689265,-6.375019020513018,0.6154777533355384,7.821428571428571,0.6423766527640229
0.1,0.3,53,0.01503687781310945,0.001551289255389108,6.999562717178729,0.0028337918366635436,-3.871254242415347,0.6185994361155249,6.678571428571429,0.6353761971523773
0.1,0.3,54,0.0021577965524690805,0.002024135415895102,1.1941974137373375,0.0015998427457718037,0.05421394186793312,0.5114193856981112,5.071428571428571,0.512446428742332
0.1,0.3,55,0.03451792225351995,0.008306950836596954,25.49827712930372,0.011435462144359119,-9.788216878161407,0.688535232908308,7.25,0.724161691645963
0.1,0.3,56,0.003350438697049528,0.003689924850663198,1.7279269136749729,0.003131503238515026,-2.442872145111276,0.5675356325313584,5.892857142857143,0.589917135691647
0.1,0.3,57,0.047277658687243734,0.026313647483593407,36.66965148244213,0.030335800990845322,-5.366090183661574,0.7310659654170567,7.392857142857143,0.802933114447158
0.1,0.3,58,0.03156406188094972,0.006983956613683032,21.58243605566013,0.009401540882540594,-6.726963022833407,0.6760162392990404,6.357142857142857,0.721639600833041
0.1,0.3,59,0.0027184274977556312,0.0007165045187849345,3.3245283479031684,0.0005295466679076776,0.1551894716922675,0.564954176804606,5.857142857142857,0.5760448717799453
0.1,0.3,60,0.012452002896641586,0.00222641367201443,11.644922034382716,0.001697476651622401,-4.149734431674678,0.5792317813917672,5.178571428571429,0.5954263185070761
0.1,0.3,61,0.007091332506942949,0.002690238882626888,3.902784572844903,0.002646883000596796,-2.0805690762340134,0.6877351387219417,6.75,0.7045013347309454
0.1,0.3,62,0.00571239365065812,0.0002932267971895669,-0.404948119168381,0.0007060945782919513,-1.1397983129423988,0.5859081305672657,5.5,0.598169513714319
0.1,0.3,63,0.00781006845178505,0.001899796232039507,11.146260800630065,0.0014433958777404197,-2.2954905979696982,0.6718185836827345,6.785714285714286,0.7084571942993994
0.1,0.3,64,0.014389056117984966,0.005031064084786797,10.61089461124636,0.006279082793262055,-5.317379222858771,0.6339969069973926,6.964285714285714,0.6789923230093999
0.1,0.3,65,0.003943966054159175,0.0020798919551137866,7.1412727160909055,0.0022791234374152933,-1.7884436538196364,0.591990026712989,6.678571428571429,0.6071190314179115
0.1,0.3,66,0.02660063134721965,0.015985163667448194,17.747322644714853,0.013566433577713683,1.6113060398458288,0.6773759269551117,6.75,0.7197250592706781
0.1,0.3,67,0.020283749111108192,0.009656890976028993,12.055971409850637,0.009738366287471514,2.135593066400778,0.5965483507511513,7.035714285714286,0.6067341355597963
0.1,0.3,68,0.019348735936917303,0.01116141434729815,10.238598965184744,0.011779057203185284,-5.632183731961874,0.6474854052585924,6.642857142857143,0.6936080255523938
0.1,0.3,69,0.03867748158152792,0.0029726172551877896,29.61967735792244,0.005507303293988493,-5.062578543586947,0.6840677619791904,6.857142857142857,0.7312623795062398
0.1,0.3,70,0.008559762240011502,0.0003235174893682598,6.999842988562904,0.0009035037238307082,1.3322932716350617,0.5786333943046066,5.357142857142857,0.5960229845370608
0.1,0.3,71,0.015110606327898412,0.009986505152863343,10.28417356969814,0.01033689453732207,1.5054355840802411,0.607289527321625,6.928571428571429,0.6320936890793938
0.1,0.3,72,0.03200988174592859,0.025554764373864336,13.897660631721058,0.025576529233165512,3.6629880985966565,0.5825011892598498,6.071428571428571,0.6343952186531803
0.1,0.3,73,0.023151188697130863,0.01951193547260455,10.572579036644006,0.018702749771116012,3.4472404289803174,0.6474324438877799,6.678571428571429,0.7018648594592747
0.1,0.3,74,0.019764482112272698,0.0033159869971248154,9.635620437858307,0.0069705408323378565,-0.30195962018270467,0.6849270175039879,6.142857142857143,0.7070062256296515
0.1,0.3,75,0.0364183360419775,0.021051322648204154,24.291022255795486,0.02360993829081303,-4.384951416241644,0.7022398891927127,6.392857142857143,0.7605135896396488
0.1,0.3,76,0.01930703070387326,0.011668037527038568,13.39572856738811,0.01231610168794738,-4.986771725711786,0.5928231040666969,6.714285714285714,0.615947153937487
0.1,0.3,77,0.054617071749039285,0.021316409084012687,22.973934464184968,0.025559365666193365,-10.56721733634861,0.6552846401482417,7.321428571428571,0.708560685479145
0.1,0.3,78,0.04038190566340322,0.009574512245613715,29.62431013644839,0.011917946387165163,-9.118447222789044,0.7032253622257566,7.571428571428571,0.7637406254746794
0.1,0.3,79,0.015905221677469102,0.004134862891980965,11.754079611620332,0.0038927890626250746,2.9961066318465726,0.6263756878936342,5.607142857142857,0.643692023747489
0.1,0.3,80,0.05731026747370106,0.024684726613389617,36.8940568069302,0.03097719586930104,-2.4536919325583377,0.7152213386938666,7.642857142857143,0.7908555760872127
0.1,0.3,81,0.030397607318701145,0.011628719260346398,20.21918093244189,0.013748008814317364,-7.5566445515169205,0.7018413316127131,6.571428571428571,0.7396224229568442
0.1,0.3,82,0.04473414914782578,0.017360382335078483,24.191870619600653,0.014858744307757412,0.18123345973767377,0.6853445028226427,6.678571428571429,0.7240709545546533
0.1,0.3,83,0.05167793920416714,0.023831180780722338,26.885664689223336,0.02781451598640364,-4.742898489844753,0.6709802446986985,6.785714285714286,0.7310622771124347
0.1,0.3,84,0.0019905348036056343,0.001046001038062413,1.2077371101762442,0.0005708700734786755,-3.3787300414620254,0.5912697746320569,6.392857142857143,0.5944941937993091
0.1,0.3,85,0.030404466418805485,0.015356035072280855,26.75472121226663,0.014516057074340807,-15.707130748315711,0.6810192612384095,6.321428571428571,0.759853424745077
0.1,0.3,86,0.02407652675335758,0.023243392928219,7.561821381205732,0.021962695014759392,-1.3922312083930137,0.5717390172968722,5.892857142857143,0.6152909420056561
0.1,0.3,87,0.00425437410054598,0.0013736937897287239,1.978507331536851,0.0016026236508154587,-4.8414846448633,0.59306994959387,5.857142857142857,0.6259170892418202
0.1,0.3,88,0.0015258199694310765,0.001979363594300374,-0.10421141989735361,0.001797067090812167,0.29696455486093026,0.5623879368367154,7.035714285714286,0.5675890519649189
0.1,0.3,89,0.05599059282540434,0.021475101039916233,32.19538962256501,0.02410261164152933,-5.780541436486327,0.6599184068611831,5.821428571428571,0.7198993819100183
0.1,0.3,90,0.01966105363327203,0.012846572290177868,8.65408566061754,0.01365615023954595,0.5625792993214512,0.5915707784190102,5.392857142857143,0.6202834333629883
0.1,0.3,91,0.003845357701739265,0.0014200062167914135,5.036326460472139,0.0011375779334582858,2.175810020908434,0.5863282357319487,6.464285714285714,0.5914226914575635
0.1,0.3,92,0.003696985715398373,0.0012890736248586407,-0.8836192562035023,0.0011833458110352103,-0.15434697246841247,0.5703290326645406,5.857142857142857,0.5939944206194061
0.1,0.3,93,0.03736694506213595,0.017792578554981623,25.612532840248694,0.022579625058544838,-9.125912398508698,0.7208965789684758,7.0,0.7994230947603473
0.1,0.3,94,0.008801206514765032,0.005133953915305463,7.730116676253071,0.006012947846868118,-1.2193757359424258,0.5752293906267825,5.821428571428571,0.5796236106561837
0.1,0.3,95,0.042399501850056386,0.010541979715553028,20.28547027917706,0.01368010632681116,-3.4383273281942195,0.5869593319583559,7.178571428571429,0.6097561001369148
0.1,0.3,96,0.0027140139108135994,0.0017037849830747538,2.6396257219250003,0.0011541772392065451,-1.4512309684093054,0.5342806898667287,5.571428571428571,0.545841118327157
0.1,0.3,97,0.02803574521384799,0.014016093698777815,12.103552418346817,0.01651865594087096,-7.496412564997262,0.7054104577638945,6.892857142857143,0.7681188384922071
0.1,0.3,98,0.04017914274514444,0.019732594166620755,25.083917354289895,0.02137831344454428,-5.657106796893989,0.7022650229324118,6.321428571428571,0.7559286356649344
0.1,0.3,99,0.015007954031424612,0.009639166569583545,9.030284587232842,0.010135303020396377,-1.262740669166315,0.5909458744036281,6.107142857142857,0.604278450497548
0.1,0.3,100,0.01980930035517547,0.0040580385743156306,13.654992269330839,0.004746821715380524,-6.2273077990637375,0.7124927652873795,6.75,0.7507640043474343
0.1,0.3,101,0.007443021258484493,0.005933044979353855,0.6053497544504202,0.006424974031023081,2.647568009782598,0.6037101884300101,7.107142857142857,0.598367996700996
0.1,0.3,102,0.020134782539750495,0.01644260202032641,6.997282769969388,0.0156551000144681,-3.4652162523819925,0.5400379923518147,5.964285714285714,0.5681313521841812
0.1,0.3,103,0.04450152703108637,0.02002051499811691,39.33646909931714,0.025309780428351736,-5.6887393684984175,0.7129796673645794,6.428571428571429,0.771382778704581
0.1,0.3,104,0.02453888087165499,0.010841387297308666,15.588411364622175,0.007329918721764256,2.087514646964545,0.6327363642288067,7.464285714285714,0.6923386920001353
0.1,0.3,105,0.06611430584305256,0.026566669401078647,40.614850692956665,0.02974528133557214,-11.485165946981676,0.6989506263819419,6.571428571428571,0.7795537236831065
0.1,0.3,106,0.0016042316713562794,0.0025109527056916925,0.4356257530061877,0.0015063802447195396,0.9863291464480142,0.58099887697587,5.892857142857143,0.5996736713585535
0.1,0.3,107,0.023543599692136413,0.006303833296249268,17.50912896034124,0.00848620242636253,-7.15114540124399,0.7081456686108792,6.964285714285714,0.7472984630352797
0.1,0.3,108,0.003222786862914378,0.00153041120865733,5.462103250467787,0.0012417271469477706,-2.8368746326559537,0.6018993354423191,6.428571428571429,0.6093811319485837
0.1,0.3,109,0.036342465726082476,0.002477025519966833,28.70375043156346,0.004412853145136503,-11.579368562396374,0.6986225903647991,6.678571428571429,0.7363849062384145
0.1,0.3,110,0.003766758395938666,0.004510349893509985,2.0776153158085435,0.0027312471701466767,1.8453099587446122,0.5966011537860455,6.178571428571429,0.6152820302372379
0.1,0.3,111,0.02205580449608836,0.011189312025636028,14.440990751412983,0.011411280760860575,-9.539063599865699,0.689342285032886,6.857142857142857,0.7300746298745682
0.1,0.3,112,0.025497734053147876,0.012059542836109717,16.840992012749826,0.013699541138014457,-0.34378772006226654,0.552726749764311,5.571428571428571,0.5759236677060864
0.1,0.3,113,0.0027596432586951634,0.002829961297692951,5.258886074238528,0.0023226619491029618,0.7955875319125975,0.5846961830679177,5.714285714285714,0.5891268247795101
0.1,0.3,114,0.0010552288034812527,0.0003817980291903294,0.04031951770714196,0.0005187460382419229,-4.691439112853487,0.5572120310435434,5.5,0.5772057553467809
0.1,0.3,115,0.0005839267293616807,0.0009985496652303142,-1.610519738322002,0.0004950005346636337,-1.5562450192456463,0.5723914169596933,5.464285714285714,0.6029214476749365
0.1,0.3,116,0.03544012395655131,0.01609359874024788,24.807531173656788,0.01797074429935636,-13.394208698824736,0.6879571617266211,6.928571428571429,0.7613833319684883
0.1,0.3,117,0.009386064205495762,0.007630823239488599,4.658921378210304,0.006882311792127821,0.8349115449078871,0.6223501009618799,6.0,0.6184944411159704
0.1,0.3,118,0.04654586887276547,0.026349865221348124,24.453830324122524,0.030042522860075856,-8.783079047694395,0.7129824214284619,7.214285714285714,0.7811820828131512
0.1,0.3,119,0.008626444231831017,0.008430274041893818,3.201569935259035,0.0073856672663323054,0.7237166378315578,0.5955930907783823,6.107142857142857,0.6301668158826281
0.1,0.3,120,0.01997566090287132,0.01675106766557338,11.21750330064369,0.01506507329490911,3.5822353665348885,0.6569257827731085,6.0,0.6775127381081063
0.1,0.3,121,0.024371468490062904,0.004995298130416887,24.427235208164632,0.0062787272352903285,-7.345949357547634,0.7227211834473245,7.428571428571429,0.775452972439637
0.1,0.3,122,0.01518582637452773,0.003997857400746901,8.004707464357068,0.006259290446477597,-2.563532124667167,0.6359376526234269,5.214285714285714,0.6665327956774262
0.1,0.3,123,0.0022903503582167267,0.002871693243988618,-0.5531562273643734,0.002662538979951999,2.9607740086511476,0.5816579073435462,4.892857142857143,0.6196485352429838
0.1,0.3,124,0.0214672902509054,0.01647163445396976,5.523702881442735,0.017350154946586205,-6.948342772635594,0.5991209304449602,6.214285714285714,0.6337259307631736
0.1,0.3,125,0.017833629982000457,0.001834689220249812,24.87174431194418,0.003154175277917561,-4.686382450176088,0.6881800449019232,6.392857142857143,0.7216871671455125
0.1,0.3,126,0.02496840888341221,0.011854217263961903,7.501060820111253,0.014580556536688343,-10.537108381985414,0.6412309794992594,6.0,0.6911315094829288
0.1,0.3,127,0.008133420975868784,0.004781777765166714,5.467847454726278,0.00449545711304409,2.705203261033612,0.5764893444173147,5.571428571428571,0.5852185818156743
0.1,0.3,128,0.024653687230717567,0.010857079648695072,17.09402717964937,0.011280789477527656,-12.129704316110008,0.725510707769197,7.321428571428571,0.7703754873541628
0.1,0.3,129,0.05117344576475743,0.04258345125185773,12.104356237261731,0.04355989039446895,-3.743660481475606,0.671469344931795,6.964285714285714,0.7313343375099234
0.1,0.3,130,0.014987710021108729,0.014779100119795765,9.638532418140622,0.015850998663544724,-0.8969080039161573,0.5493944597128849,6.071428571428571,0.5578764716343415
0.1,0.3,131,0.017728604087015598,0.004564196485935509,10.921150712463714,0.0048006738304979995,-5.679320697005305,0.6008987994873746,6.142857142857143,0.6411779092690544
0.1,0.3,132,0.010809642554034141,0.002664723243045124,12.6780069694971,0.003562282760841977,-4.692681391592458,0.5840071257460488,7.642857142857143,0.6085088649539733
0.1,0.3,133,0.0025715134705877945,0.003568341085915463,0.8893361811192998,0.004050363693446152,0.03894855470737942,0.5803838339564434,5.821428571428571,0.5954674373663239
0.1,0.3,134,0.01418429173905919,0.006248721111572009,11.552576201194293,0.005349285563742508,-1.1612382426494132,0.6322932913716436,5.928571428571429,0.6709164301883821
0.1,0.3,135,0.020905454283934637,0.008495410904677677,16.06083710334198,0.007798327238782815,-0.574352760041298,0.6426444191242257,6.892857142857143,0.6678476033888479
0.1,0.3,136,0.009888702871477226,0.007927240349848956,3.983698125687179,0.009002717321625503,1.6461299401305496,0.5687568356376999,6.071428571428571,0.5843905719102739
0.1,0.3,137,0.030283486392054224,0.01177376736201969,16.350702434236343,0.01415608401055892,-5.691846607976392,0.6156310325869557,7.285714285714286,0.6592530074238602
0.1,0.3,138,0.03424949670453908,0.014533977561241097,17.016892089939017,0.017193990194426242,-15.512059376810265,0.6644030658112173,7.035714285714286,0.7211113924733206
0.1,0.3,139,0.01100057784834856,0.006476549530339626,9.250631167149692,0.006485035971169104,-1.2704058659955138,0.5979812454104289,6.678571428571429,0.6236249240657735
0.1,0.3,140,0.010952988041468074,0.001449047102450876,8.4013042404191,0.002249326943206345,-0.903696883066857,0.4824313719479822,5.035714285714286,0.49288591179720054
0.1,0.3,141,0.031362543833998835,0.014318978628759993,21.099687337818427,0.017797418857968834,-3.652259549947985,0.6575468192871413,6.357142857142857,0.7067918402661468
0.1,0.3,142,0.005007956689248124,0.009897422655322908,1.0765759563919346,0.007880171886359163,-0.9394075629077842,0.5522646357758301,5.607142857142857,0.5624242898878371
0.1,0.3,143,0.022985760041139135,0.002885292252439798,16.92162309885732,0.004494555632123291,-8.122732454565588,0.6846495933839225,6.285714285714286,0.7270503418002661
0.1,0.3,144,0.08824688742773301,0.06317333276498736,24.663755582985527,0.0659245293267322,-0.5616436365897594,0.6131083956226291,6.428571428571429,0.6790356748399671
0.1,0.3,145,0.0511313032718015,0.029570438471599944,21.69010472715398,0.03319154938617155,0.45475047051409473,0.6801120111284913,7.0,0.7490051169795084
0.1,0.3,146,0.06558098020115313,0.05168405452155595,13.306934520130193,0.0536256762872903,1.259187042342191,0.6053773915140266,6.785714285714286,0.6660611358076007
0.1,0.3,147,0.04766336051407377,0.023784896192627192,28.43506290857839,0.02791225198834164,0.6903066681318156,0.7044623946872791,6.785714285714286,0.751264481617393
0.1,0.3,148,0.002346904168570494,0.002448658167403142,0.6818022296602445,0.002373221234190568,-2.7655311755385505,0.6010994011600863,6.071428571428571,0.5987008904792898
0.1,0.3,149,0.04169037575399737,0.026506103919039733,14.521430076034543,0.026865830071863706,-2.4629531594713874,0.6918054907594035,6.928571428571429,0.7409544406409108
0.1,0.3,150,0.04283921533190903,0.019172073169367997,37.22038193798369,0.020830650990826212,-2.9806979724274307,0.7506305410582483,8.321428571428571,0.8074493190571564
0.1,0.3,151,0.019061299851908377,0.003774890935670119,17.329252149520443,0.004310089479552464,-6.61690880084934,0.6720499862426209,6.75,0.719181360929734
0.1,0.3,152,0.032349881205811254,0.01688344041302913,18.45159836252891,0.017022641911793104,-5.1197162724401535,0.6299650990756441,6.892857142857143,0.6415708619290919
0.1,0.3,153,0.030950878436343802,0.006131860064450667,19.22822732124382,0.008801084805267978,-7.8421090247262555,0.6621091818456888,5.714285714285714,0.7007365853204436
0.1,0.3,154,0.05175246607521013,0.028510256232861193,28.399397931435573,0.032639640247530195,-8.392860387331183,0.7388036800917354,6.928571428571429,0.803229264782978
0.1,0.3,155,0.04050268439741726,0.00671626697611558,28.945746826567273,0.008056603300201136,-7.4025230297798,0.7151007418199055,6.964285714285714,0.7678128610708965
0.1,0.3,156,0.06353893518046727,0.03634086625404626,24.125577263088378,0.04039904696314923,-7.618747123141939,0.6381899933381154,7.607142857142857,0.6969032776553837
0.1,0.3,157,0.005811924107546752,0.009722850800009515,-2.9081674397409074,0.00922761167729678,3.3870856265157747,0.5545343210033651,6.428571428571429,0.5401718757252285
0.1,0.3,158,0.006694483866530891,0.002622656635391159,2.3943360759828445,0.0036374106882672928,-0.07347309366584416,0.5796670552312486,6.0,0.5953961733942664
0.1,0.3,159,0.015322394439802775,0.008362784832922389,13.650997273715063,0.008952572414505776,-2.235357642427715,0.5963548934102805,6.5,0.6152985059445393
0.1,0.3,160,0.0013785173448076832,0.0006073001527443205,-0.9439474892580696,0.0006126080557913411,1.350060906550264,0.6375329843816847,6.535714285714286,0.6371399829754042
0.1,0.3,161,0.032325348250952436,0.018836230365893648,26.099905513459884,0.018936383626600765,-0.719074219509063,0.7156783145183975,7.642857142857143,0.7784383746260106
0.1,0.3,162,0.006017979305077625,0.010987547540255644,3.692466216029137,0.007632437766018382,2.9826944979885845,0.5659938448363302,6.321428571428571,0.5665205651302387
0.1,0.3,163,0.008311252928416847,0.00963905168084744,4.232504534588912,0.010335336774989181,-1.0204488493337749,0.5951063121218397,5.678571428571429,0.6094899842711814
0.1,0.3,164,0.05431759781734324,0.04727917695785782,17.588034411766003,0.04996501216797797,7.099556248953647,0.6643820970004569,7.214285714285714,0.7462275018269755
0.1,0.3,165,0.007959890555965268,0.0029765754897395956,12.20037194181568,0.0030076449235431906,2.4507095297942763,0.6269884703657741,6.642857142857143,0.6519716399968838
0.1,0.3,166,0.010742444309629279,0.008029533448813965,7.324968602476948,0.0071936888396708434,-0.2723165528701941,0.5640960735999994,6.607142857142857,0.5852527301833715
0.1,0.3,167,0.016713814104225424,0.008582744052138592,16.741967031171914,0.008876176299808927,-3.673562838478015,0.7085557501322212,6.178571428571429,0.7600925739616805
0.1,0.3,168,0.0017961261865800605,0.00027456642386184445,2.306401046313406,0.0003813540872461136,-3.8350241934041285,0.6009863742145157,7.071428571428571,0.6051403774267703
0.1,0.3,169,0.09608553753576393,0.05504843135778055,31.120002380715434,0.061928447494459596,-1.180260900652783,0.6596738075510766,7.285714285714286,0.7483752078404693
0.1,0.3,170,0.00449909119521524,0.001826688622613381,4.336258045332339,0.0016356983292471464,1.0535961101052653,0.5900554620260748,6.5,0.5963845850727647
0.1,0.3,171,0.05753087518921101,0.026508475422638757,23.115357599036646,0.03258488684470853,-11.792980572374153,0.6373962387033606,7.142857142857143,0.7133249007820183
0.1,0.3,172,0.04688569845786085,0.030780014946300453,20.42159910390573,0.03413569348520668,-7.873543489189946,0.6866588256698725,6.714285714285714,0.7345743286019772
0.1,0.3,173,0.055244905230595824,0.024849585031989474,40.702365961899815,0.028642516057913184,-10.018410312851188,0.7327309865245573,7.678571428571429,0.8064976206458436
0.1,0.3,174,0.027759669949575363,0.009616336360757762,13.433567729941046,0.010501749226915739,3.31789042662489,0.6044159718276407,6.464285714285714,0.6503811709702605
0.1,0.3,175,0.007009177937823109,0.009249291563217958,1.7299600952847622,0.009384595820223366,-3.9923677887545543,0.5653358272519748,5.428571428571429,0.5845163425110651
0.1,0.3,176,0.06302857330966324,0.05313513851503892,31.33702528006395,0.055678949072730514,1.4545299974363957,0.677407675039323,7.214285714285714,0.7342894437070471
0.1,0.3,177,0.012466245743340747,0.011123469718622938,8.197005744849443,0.008862401228289268,-0.16049633476957106,0.5627051764258716,5.321428571428571,0.5796280665403928
0.1,0.3,178,0.01607378216848869,0.008125192599975819,11.83898628686947,0.009466705813830795,-2.7400336568932553,0.5625127300447642,6.357142857142857,0.5672444602332728
0.1,0.3,179,0.001555416211838728,0.0005090390479997156,2.183803055372825,0.0007529765834336295,-1.2907605961195543,0.5758816164290483,6.107142857142857,0.5663234903236727
0.1,0.3,180,0.04488817609836826,0.016337652035798306,25.307726020595982,0.021406280331331424,-3.8262145802179837,0.6534412957334176,7.464285714285714,0.701849751698367
0.1,0.3,181,0.0018294235170396205,0.0022945039064096156,-0.8010286756403578,0.0019714734680782494,-1.6626437072623617,0.5866074731997688,6.357142857142857,0.5757782027005967
0.1,0.3,182,0.03554100186591746,0.025589320790586602,20.38041078863797,0.02421057178857801,-2.7011051673725412,0.6061063078626316,7.321428571428571,0.6649621719319417
0.1,0.3,183,0.006007486677503895,0.00176111731560537,3.736101069191458,0.0025418566853911903,-2.9113379546626468,0.6199032954340016,6.142857142857143,0.6289632543999932
0.1,0.3,184,0.06528945166737449,0.05854326450444318,13.209880363723002,0.05735687834125193,-6.4901808957010685,0.6180362875760641,6.321428571428571,0.6838951233520766
0.1,0.3,185,0.013822981918731105,0.007528936171778448,15.150929501315233,0.006579171449337138,0.9917156475859675,0.6203288025934551,6.142857142857143,0.6363784190543949
0.1,0.3,186,0.030582958046062755,0.009497557531378983,12.741904048437496,0.015308072848290314,0.6417729612162001,0.5548261979173248,5.571428571428571,0.5701029451579076
0.1,0.3,187,0.009811219146445626,0.0035236870606959055,6.401849099709779,0.0040770701915378155,-6.8928452783742955,0.6487078618910912,6.214285714285714,0.6590207683482312
0.1,0.3,188,0.020360160552994354,0.009324411575143639,17.931724473178985,0.010266602997839235,-2.523970175646326,0.6625525015654644,6.821428571428571,0.7129779754947592
0.1,0.3,189,0.042196863066503325,0.019049991064429703,17.26417710504414,0.0224966427941817,-11.70331474271525,0.6827193033838687,6.571428571428571,0.7516986537209719
0.1,0.3,190,0.002546678645698719,0.0016863764903336667,-0.35010344835757223,0.0013856831058647668,0.3309069780082344,0.5763455909582096,6.357142857142857,0.5771538840265409
0.1,0.3,191,0.0030585899335916623,0.0009985754743507232,0.6866155439062425,0.0008748762376696881,-1.1252165590174077,0.5738008872909928,5.785714285714286,0.5974124459112361
0.1,0.3,192,0.004223795410500567,0.001956999535530042,7.53580865863097,0.0011117351910887143,2.454771313458584,0.5893040921550111,5.678571428571429,0.5848819362432273
0.1,0.3,193,0.048009675248383635,0.02405804928466353,24.950883185629923,0.02936758647757121,-2.518843057450624,0.6775599973600663,6.714285714285714,0.7298069147185655
0.1,0.3,194,0.014874842161026188,0.007820999694712144,6.6656215074552465,0.007314558920151734,1.1691791636692794,0.6385731724585592,6.642857142857143,0.6969372650882111
0.1,0.3,195,0.00839732258508549,0.006014610417624123,7.154228350874301,0.005507852731829735,0.4897121876472094,0.5732190540707142,6.392857142857143,0.5735908161832544
0.1,0.3,196,0.0021399180459022527,0.0013029064104335148,-3.9699997974074392,0.001061103144912131,-4.1822152960007015,0.5964051811314466,6.178571428571429,0.6108667820827851
0.1,0.3,197,0.05381900403141377,0.03693966276847046,12.988467717168703,0.04059314413093143,-4.7453154566990365,0.650415135496089,6.25,0.7042120643608116
0.1,0.3,198,0.03242900657773861,0.01920202086430607,12.604022774588628,0.02190236601446198,-10.767886985594899,0.6564887054821824,6.428571428571429,0.7299804025082686
0.1,0.3,199,0.005556962540704238,0.0031211870138003446,1.0399360997201275,0.002672127238082491,-0.09495279052809262,0.5820696081596861,6.178571428571429,0.6160303371483431
0.1,0.3,200,0.0043602046706108745,0.0033633132504999395,2.298389723325888,0.0025439911162403483,-2.779400044000662,0.603625343682238,6.964285714285714,0.6326615377092453
0.1,0.3,201,0.04393459449425273,0.029968545095336488,24.005587731433668,0.03157212784958054,-4.0404519584285294,0.6834903151277472,7.142857142857143,0.732350299226455
0.1,0.3,202,0.00702240984052101,0.0014957240374112197,6.670478592170032,0.002518624314983622,-4.569806494412366,0.6037311400135869,5.392857142857143,0.6225582376899497
0.1,0.3,203,0.003391269375933008,0.0021798653667016708,-1.3971803242649987,0.0032566291688953058,5.261739388541382,0.5394740174846854,5.892857142857143,0.5153477022254893
0.1,0.3,204,0.004752627050100687,0.0037497235850191893,0.556888833625455,0.003629496760081243,-1.5267382593640946,0.6035597243640582,5.607142857142857,0.6248105413104195
0.1,0.3,205,0.00920893406280862,0.0048647936861623995,8.664960807414303,0.0035900789979093307,0.8117997740066869,0.6227822349113629,5.892857142857143,0.6507777346064401
0.1,0.3,206,0.004890367035970377,0.004859203508404953,1.4478970256161385,0.004176324400359932,1.874980753885931,0.5920964377790734,6.107142857142857,0.6196721222598469
0.1,0.3,207,0.01501702739693104,0.009090525738385064,7.18654252579654,0.007300049701162779,0.1247733415537103,0.6343553599262438,5.678571428571429,0.6522444748934335
0.1,0.3,208,0.05391283134891059,0.044233911226017615,18.425196842657545,0.04442104140805459,4.084309156189685,0.6526509102579929,5.892857142857143,0.7033413262474648
0.1,0.3,209,0.006418815651598578,0.004487614861284404,5.3066109638783034,0.0035972301019109834,2.674119771157289,0.4975479904152169,5.75,0.5096874317425554
0.1,0.3,210,0.05269450989216956,0.041568423008901276,16.744044066574844,0.043519238071170016,-2.917149803938846,0.66439810387815,6.857142857142857,0.7149275706834624
0.1,0.3,211,0.003403916986687238,0.003670984471357323,3.9654809913050335,0.0026002830459784802,3.4306966112083424,0.5867642517596094,6.5,0.6065215405967186
0.1,0.3,212,0.0018934810950848274,0.0014369220277965957,2.8024071983968497,0.001371930645126591,1.345618057092319,0.5980038964633475,6.0,0.605927519933657
0.1,0.3,213,0.005584607940494829,0.0012722782914840784,8.240007773879674,0.0007756409668536404,-1.1839501101108094,0.5980896460867285,6.178571428571429,0.5985251194261207
0.1,0.3,214,0.0030869878320135226,0.0014620704345698712,2.9712152764564905,0.0008692071050727541,-0.48796565247285645,0.6099246687226639,6.0,0.6209013830295115
0.1,0.3,215,0.032129183584244894,0.013355953255830534,26.707089589907557,0.013843351417548371,-2.1552446570814063,0.6967598673935745,6.642857142857143,0.7540718797792785
0.1,0.3,216,0.000917340173769009,0.0001789625193522357,1.570110154440793,0.00019111570398400534,-0.4024416015743289,0.6127354454882886,5.571428571428571,0.6281786767925948
0.1,0.3,217,0.024442631233838885,0.006702788343177302,19.825946006381248,0.008539102062005095,-6.578106984883429,0.687539412747952,5.821428571428571,0.7227124630844955
0.1,0.3,218,0.02815249172885791,0.012442531745366366,28.394432081861208,0.011368266869067792,-3.638591287347604,0.7228802207919092,8.357142857142858,0.7603965195802591
0.1,0.3,219,0.018324264708971,0.005185262835413528,11.929312354750294,0.007380628109404514,-4.136455916122533,0.6679759240892184,6.785714285714286,0.7010331681687263
0.1,0.3,220,0.006462102121565085,0.002499180106912607,6.625654058275889,0.003058778566086728,0.8477926616073717,0.5901236486524241,5.964285714285714,0.6088574398236484
0.1,0.3,221,0.011866056280703297,0.008383039291216492,5.964915030795368,0.006607869378509579,1.6270111478264937,0.6353032926323611,5.964285714285714,0.6491354546101531
0.1,0.3,222,0.0028079333238767664,0.0013957631893423209,0.23755364401458223,0.001608246455891115,3.6576136245340365,0.5892056122239616,5.392857142857143,0.5791955239023712
0.1,0.3,223,0.026140381465853187,0.02861506595651449,12.705135709041608,0.02210937859972716,11.093897936084602,0.5946001851048074,6.428571428571429,0.6436847615614869
0.1,0.3,224,0.00762982953289765,0.0028612725126770243,4.484465318607495,0.002350589996623832,-7.2458238333351135,0.566921744736494,6.5,0.585810731610874
0.1,0.3,225,0.030122343720936143,0.021805123599510395,11.467912271224066,0.02244015429543622,1.5702266296652472,0.5523298052053297,6.785714285714286,0.5598705049639834
0.1,0.3,226,0.0035260270188191885,0.004414648775217917,2.958550704805655,0.0026285610711732714,1.7079675415101576,0.574766262090964,6.464285714285714,0.5917093466360622
0.1,0.3,227,0.035319344088391665,0.0038122161486498496,28.424392759729518,0.006941611052831797,-8.450967171874018,0.675431056569183,5.607142857142857,0.7224316518534585
0.1,0.3,228,0.033827096957013525,0.012779063759705679,18.971786396120063,0.016541023841728193,-2.9393395439398944,0.6935530475710833,6.785714285714286,0.719861159878428
0.1,0.3,229,0.0660712966611741,0.04598797505736944,18.097583639122657,0.04882609158325147,-7.9701154014464395,0.6602395910969158,7.535714285714286,0.7358250339430501
0.1,0.3,230,0.023876928749720385,0.01108532888545657,7.718124563253355,0.015213729741786954,-2.7139065419096844,0.6109922221289342,6.214285714285714,0.6311001576603483
0.1,0.3,231,0.013343830856879828,0.003748600689566702,13.934713076990192,0.004169995556800789,-4.435829173253741,0.5783139014218477,6.5,0.6198831984000901
0.1,0.3,232,0.026913978274460414,0.02141803943158116,17.34250023774993,0.020647458477601358,0.14486546772377076,0.7333591918797184,7.821428571428571,0.7831973394287549
0.1,0.3,233,0.01552994934728081,0.009529406713024666,12.069751702138339,0.009542401543110094,-3.4493747407091937,0.6291852939004974,7.214285714285714,0.6649188201013747
0.1,0.3,234,0.023536305246452973,0.010480177979194366,13.261581182828897,0.009336376499564909,1.5480913862980212,0.62453420693537,6.428571428571429,0.6476820920342163
0.1,0.3,235,0.03451161441571197,0.023804829370025374,6.948150103548916,0.027201433509734974,-0.18937358534720752,0.6476039141526855,6.571428571428571,0.6985844234227406
0.1,0.3,236,0.0015726160117232799,0.0005903419203273259,-0.2268947320867388,0.0006133760947957184,-0.19137998854627844,0.5879074520779286,6.142857142857143,0.5746996574365506
0.1,0.3,237,0.040584273183099276,0.012857132775625307,19.923894001239887,0.011157946141054191,5.984537847104671,0.5831510817189544,6.785714285714286,0.5960610054000639
0.1,0.3,238,0.01127323700418496,0.00928217968211944,8.11276504656802,0.010142415981871938,1.9558721690594136,0.566904821793902,6.607142857142857,0.5685656047551949
0.1,0.3,239,0.02513524600324505,0.009771112718082254,19.25211496626119,0.008469049462256429,-6.551077271560037,0.7221829671860966,6.357142857142857,0.7610557792161879
0.1,0.3,240,0.00909393196177319,0.0056540459577556785,7.256903244943014,0.005455276878238979,0.8907291379413588,0.5554018504370895,6.178571428571429,0.5403245526245735
0.1,0.3,241,0.02028037769691369,0.001317225211258962,17.043401796596658,0.0031503646295098875,-8.13601673361446,0.7088493348956811,7.357142857142857,0.7540708638779126
0.1,0.3,242,0.01814857644963242,0.01628299490009531,10.184907644269563,0.013595190971802394,2.939211132763129,0.5901342744677517,5.714285714285714,0.6191550888151518
0.1,0.3,243,0.0004909956115841472,0.0008124505874915416,-0.34816063533791447,0.0004051635645108448,-0.9474084127056983,0.5320500245845377,5.25,0.5332955008982403
0.1,0.3,244,0.013141051265874382,0.010922362752427974,1.948918071282795,0.010673859558516753,-0.25501622662885853,0.6059051907352766,6.428571428571429,0.633472428167865
0.1,0.3,245,0.0033554849785142797,0.0018045491404480713,2.847240428451338,0.000811416302468948,-0.6865004203176284,0.5625185181710413,5.857142857142857,0.5639063793380428
0.1,0.3,246,0.012122938985799879,0.005307229160630608,10.088398109096024,0.0052996496028356165,-0.18042889733072798,0.6495788743238269,7.321428571428571,0.6799915474994667
0.1,0.3,247,0.017585554248714632,0.0055525561794157055,13.582690651235177,0.005420280449735917,0.7083741917219962,0.6461225143765879,7.5,0.6833926042209565
0.1,0.3,248,0.005449222757775426,0.0027350620299515997,5.350296621476635,0.0029527497823543447,-0.3716928696642962,0.5664820605429898,6.107142857142857,0.5743704349849756
0.1,0.3,249,0.05352963880601648,0.028573875729559703,18.909548075836454,0.03180180783830714,-10.391757025232224,0.6262052313686424,6.214285714285714,0.6953399160959015
0.1,0.3,250,0.0034778085066226976,0.0020346860974879127,3.2425315501651633,0.002570681854587011,-0.446305875104116,0.6039548393468059,6.107142857142857,0.6206730566829057
0.1,0.3,251,0.03259876552970556,0.014431831580525764,27.395887376348536,0.01693661736628933,0.8512071995833802,0.6685927365415413,7.392857142857143,0.7048124318928031
0.1,0.3,252,0.039536121725964636,0.015954535340436476,25.000875494829035,0.020724101945652638,-1.8056027425226187,0.6728258986158696,6.178571428571429,0.734268331063808
0.1,0.3,253,0.023379741842367647,0.012902611420428374,21.777141128609543,0.01315831445904251,-1.873133850413789,0.6795633380500521,6.785714285714286,0.7180687578238549
0.1,0.3,254,0.019184396388427387,0.011318132704551056,8.164220329372549,0.013567066378138393,-5.459583783428997,0.5700800904564061,5.571428571428571,0.6067812794182341
0.1,0.3,255,0.027361182751346677,0.019376050101756442,11.802771180287769,0.02140172613143996,6.049079183245406,0.5919865939702117,5.607142857142857,0.6425075129300732
0.1,0.3,256,0.023981224810011015,0.010669528788415563,19.02737314936955,0.010532447069363326,-6.227938711259914,0.6549853239018292,6.428571428571429,0.69410156250609
0.1,0.3,257,0.060393031880833156,0.03884791424188172,29.076792558380905,0.04152249379071029,-2.9106032886722537,0.6436585734121737,6.392857142857143,0.7198852598751886
0.1,0.3,258,0.0067134356502068435,0.005549763206952504,2.195582283031939,0.005782523217125364,3.1554357919285585,0.5615424820046003,6.607142857142857,0.568596584717642
0.1,0.3,259,0.012254348635971652,0.008699172500660563,8.938700265061925,0.005307496657751435,0.7498305555699195,0.5748502022725649,6.178571428571429,0.6013485507244154
0.1,0.3,260,0.03306867553279411,0.007697183855738895,21.97904073335907,0.009538889390081335,-8.312567803002826,0.7127971607122783,7.928571428571429,0.7672971754557365
0.1,0.3,261,0.015159352241177548,0.0020050578314971213,12.26707866045239,0.0033699995448140045,-5.446290202547677,0.604181475719007,5.857142857142857,0.6280268347428873
0.1,0.3,262,0.0075617262615663115,0.004187787729981645,9.498554253417629,0.00415360630207087,-2.9076700022164155,0.5426678386235533,5.464285714285714,0.5602244108012223
0.1,0.3,263,0.0031177146985432555,0.004855280486260557,-0.45523961021431586,0.0034260755143825272,0.7647555676258074,0.5892250805877447,6.571428571428571,0.6163435063466502
0.1,0.3,264,0.010838508064007242,0.008794388297874869,5.856097822473288,0.008620351328954544,-1.2020418202281558,0.5739823074662149,6.464285714285714,0.6043574896355052
0.1,0.3,265,0.029297371729516863,0.018683710767503477,17.079602902628647,0.02006369161927499,-2.251432655235495,0.5993298352717088,6.5,0.6254724060795541
0.1,0.3,266,0.017125707782708006,0.010379904269357917,9.819591386387154,0.011346305862863868,0.9054370859192508,0.6034676548731843,6.464285714285714,0.6274382456316833
0.1,0.3,267,0.005317320622563938,0.0038093301543752553,4.400973928732374,0.00400348455012364,0.9113598885706532,0.6037814465027947,5.607142857142857,0.6207276136037864
0.1,0.3,268,0.050107382525502994,0.0315109005408154,28.63346065181212,0.03324351996324275,-0.7597742902314527,0.6959687227835618,7.607142857142857,0.7668878879064089
0.1,0.3,269,0.009914396396008848,0.0033172338713525354,12.732817594751396,0.0027413089900747063,-1.6378560218769092,0.6160003078889952,5.75,0.640016060093
0.1,0.3,270,0.03687507453233708,0.019571004945899972,16.915101239991884,0.02074280947958533,-9.768664720311657,0.6833845594007465,5.607142857142857,0.7327484822697626
0.1,0.3,271,0.016716766484135753,0.011108279042000888,10.141160125163973,0.009160932813019248,0.16483397037448336,0.6164531212007801,6.142857142857143,0.6341303701495469
0.1,0.3,272,0.0394749420898336,0.026354479830769075,20.55913735924483,0.027844457978971497,1.1907505870447939,0.6820621324937973,6.714285714285714,0.7417448018451946
0.1,0.3,273,0.019976747940994233,0.005365240209962024,15.354181717867107,0.0071173147379938176,-6.175632007837019,0.5717009293087622,6.142857142857143,0.6149834357030819
0.1,0.3,274,0.030900921646865337,0.014945956779215902,23.563757321114792,0.015090012901532036,2.6094607637109277,0.6256503491649145,6.428571428571429,0.6817457174640198
0.1,0.3,275,0.024197862573477183,0.0029687299502879623,17.649844690436314,0.0038557254692790687,-13.960299944618678,0.6711606343350692,6.714285714285714,0.7159009248931999
0.1,0.3,276,0.02305553472125828,0.01060857023385227,15.662122096861443,0.008994523958183792,0.7557659821754991,0.6405751020986431,7.035714285714286,0.6704492362611951
0.1,0.3,277,0.005675019391209985,0.0011370990979753693,4.3925701917959925,0.0013425532746166144,-2.0575174867046733,0.5721710175058643,6.285714285714286,0.5691525241671243
0.1,0.3,278,0.024362299450493462,0.00834998392719046,14.817107205729167,0.01045213486469685,-13.21111632348495,0.6940604228916011,6.892857142857143,0.7494161848708338
0.1,0.3,279,0.031116990561610568,0.028436010143011094,10.901259400782758,0.02510483819823884,-2.0147662300373574,0.5816696979532052,5.964285714285714,0.6230894535200507
0.1,0.3,280,0.061371176539787735,0.045087427419547986,20.82960923634442,0.04884491803040219,-3.2112288333245025,0.6167861809059294,6.535714285714286,0.6623440030017169
0.1,0.3,281,0.03956184356925964,0.02473206974531435,12.553751129838275,0.028240869866936823,-7.696568060353196,0.7050698560235203,6.464285714285714,0.7738220987022508
0.1,0.3,282,0.009586290624591225,0.00738759546032116,6.498428643179817,0.005912058084761325,-2.5465678984299607,0.593976949574842,6.142857142857143,0.6141804914036614
0.1,0.3,283,0.004869505450656425,0.003056746952926143,3.1838771281013103,0.0024703209994070574,-1.6367028340206862,0.5829449062183192,6.357142857142857,0.592191789142168
0.1,0.3,284,0.0614364031484538,0.04131997505371903,24.255669502097906,0.044515899997977705,-3.9724834081369096,0.6410345038843894,7.071428571428571,0.7069370538109023
0.1,0.3,285,0.08850582743458173,0.05084759001684438,38.85927818871829,0.06234204013425558,-3.6054777925648978,0.6484255793092054,7.928571428571429,0.7353710869673378
0.1,0.3,286,0.028818455217774167,0.014890269962028194,12.983197898952909,0.017975084158307664,-12.0409357470382,0.6652138915034211,6.714285714285714,0.7150467228377307
0.1,0.3,287,0.035733987814101593,0.029899649545613798,13.549124040474974,0.026034000230524556,6.625431207266956,0.6344082256113357,6.178571428571429,0.6752708751373184
0.1,0.3,288,0.02396733139618339,0.012915649500209092,15.43723449392464,0.013146246625027986,-3.0674275290761557,0.6151285145230997,6.5,0.6780176712622741
0.1,0.3,289,0.006010842576714567,0.002203027561844345,5.932106413942601,0.0014484613062283578,-2.153727496822048,0.5808588451692442,5.821428571428571,0.5911024310665534
0.1,0.3,290,0.09660591571751831,0.05779795561959781,29.88940715707118,0.06838405727486743,2.9775726123765196,0.6263279838190271,7.535714285714286,0.699611268359846
0.1,0.3,291,0.0025047114819799323,0.0031149723498857403,0.5338106108858653,0.002769801768308539,-3.0880969935551357,0.5489394669701697,6.035714285714286,0.532721365750035
0.1,0.3,292,0.025593546023455982,0.014200745114928982,11.538780805847173,0.016494293277900373,6.993055112492859,0.6041806694025565,5.928571428571429,0.6152351478979635
0.1,0.3,293,0.02802741452874222,0.019825192830261556,15.456573205932253,0.01926183689871914,4.888156185817697,0.6188517250870437,6.178571428571429,0.6715369548128229
0.1,0.3,294,0.019835801898409076,0.013679094259390824,4.979594042044302,0.01516913885877063,-3.7640832891911487,0.5744479789008661,6.25,0.5889848399905812
0.1,0.3,295,0.027078944783711794,0.011904012764583315,23.176179717783413,0.011023353032322866,-1.978948832541344,0.6575585467116289,7.178571428571429,0.6941446025253467
0.1,0.3,296,0.029012730673953324,0.01897994963959569,20.6429333843143,0.018545363786531866,-7.19393587668921,0.7248620367054744,6.5,0.7686741744359274
0.1,0.3,297,0.01675414601202921,0.008517346700573638,8.28460989656611,0.009309611013865442,-7.356805274377261,0.6030183491073505,5.75,0.6252983952515241
0.1,0.3,298,0.002526210624957665,0.0018287815085924115,5.721828886395788,0.00116517097644597,2.288516624942929,0.5912088041693503,5.142857142857143,0.5974300280457676
0.1,0.3,299,0.0008982691090462058,0.0007616088816627131,-0.14488294618578834,0.0005977453763849915,-0.845027807854971,0.6037821334586039,7.142857142857143,0.6130181594229974
0.03,0.0,0,0.012605555461339051,0.001722126123572659,7.485929960881947,0.0017665281678535885,-3.722544566244627,0.5791390896865324,5.035714285714286,0.5788900795778171
0.03,0.0,1,0.012856850343762634,0.0008982722485161157,6.75046936032147,0.0008356762600589891,-0.4901846477452712,0.5971962575570802,6.285714285714286,0.5782250162281442
0.03,0.0,2,0.005048765496913428,0.0001042118062788584,1.7300980188876924,0.000422758766128402,-0.8559735742475993,0.575250313428091,6.107142857142857,0.579650255435574
0.03,0.0,3,0.009762666235310056,0.00029510419544900466,10.63544859770233,0.0008207606190896291,-1.0753250379350636,0.5968209359869548,6.0,0.6126287473300969
0.03,0.0,4,0.01138071225467466,0.008099436902919217,5.7874694074952515,0.00606190519281264,-3.1337148652515716,0.5806169460715721,5.928571428571429,0.5935856359915467
0.03,0.0,5,0.004062406667393746,0.0019762945014415315,3.597784420681213,0.0019337209053316372,-2.492540236317874,0.5857249315775659,5.392857142857143,0.6011259476241189
0.03,0.0,6,0.005081839383660601,0.0006044842186297379,4.909542664586951,0.0010284389210645794,-0.5020071995026569,0.6282457376557335,5.535714285714286,0.6422884302800547
0.03,0.0,7,0.002813362708249553,0.0021309705253682878,1.4803592463021669,0.0019007892707102896,-5.074161354145171,0.5474033206772988,5.607142857142857,0.5442122462172145
0.03,0.0,8,0.010640197940674523,0.008470778143306035,1.4027566006381562,0.007095046930796791,-0.5424829206055127,0.5323232877913336,6.392857142857143,0.5598084142795076
0.03,0.0,9,0.0063420359634946645,0.008272589152552022,0.6529991129880273,0.008060481320257473,0.1988649893691843,0.5972981197321017,5.607142857142857,0.606324556316017
0.03,0.0,10,0.003508009078496372,0.002808966968915331,3.1925795031836137,0.002612995543003803,0.8362684810042064,0.6102757752786634,5.964285714285714,0.6465797284094317
0.03,0.0,11,0.01788874552629832,0.008539273365848277,4.262787355221623,0.007715780810509714,-0.7724027634263848,0.5818920272772395,5.357142857142857,0.6127806195550924
0.03,0.0,12,0.003601878811578925,0.005027702995942312,-0.9950010194322942,0.004391432692566024,1.3591218782372323,0.5915540959231754,5.964285714285714,0.5680005322518484
0.03,0.0,13,0.0157423921306958,0.007878674268047952,13.18755791445914,0.010237187618893867,3.4982189684769573,0.6028654627675321,5.785714285714286,0.6183592055331459
0.03,0.0,14,0.005129418752596652,0.0032314989927389047,1.9495123285460731,0.0037109008586695973,-0.2231761369722752,0.5795154011165791,6.0,0.6024634974443367
0.03,0.0,15,0.009078466562546085,0.0011682262537169017,5.504168143752035,0.001620917610626362,-3.687627839303076,0.6116817476100973,5.857142857142857,0.633385613864008
0.03,0.0,16,0.01285174587402696,0.001299999454784401,6.7476872540071895,0.0027308476279826023,-1.4831131553394148,0.5786841147105886,6.035714285714286,0.6034807265229684
0.03,0.0,17,0.009071087062733373,0.0026607538608391904,4.382488562426583,0.003474307321331551,-0.7627330919615171,0.5641307758258052,5.464285714285714,0.5699593912539975
0.03,0.0,18,0.006748988167772766,0.0026126829297389554,2.7416841077344336,0.0022300614640724564,-0.9873698279561912,0.5680561250368351,5.321428571428571,0.5780825084008883
0.03,0.0,19,0.00767615092773215,0.0028319488595187647,3.3062439861285497,0.003564941349354064,3.621022711965073,0.6166370473172942,5.928571428571429,0.6202606711373334
0.03,0.0,20,0.003151331191610392,0.0002512136147465226,3.2911859363301326,0.00010347267540000167,-1.5683281855855757,0.6003864662948325,5.357142857142857,0.6246829400754839
0.03,0.0,21,0.009900420978306188,0.008114866762964256,4.57492430497003,0.008362482879325915,3.507638047054049,0.5776434239280722,5.857142857142857,0.612309372080871
0.03,0.0,22,0.005603149429651899,0.00030894181259526074,2.179914894546395,0.0009144225004158682,-0.29295990289180435,0.5591781899975387,4.714285714285714,0.5691947393951728
0.03,0.0,23,0.004551126614583604,0.0026416139183228584,1.6553369880934667,0.002113780177007356,0.8939243856745142,0.526986310385439,5.285714285714286,0.528824408343948
0.03,0.0,24,0.007083001593261745,0.005149649056548931,2.583953629791059,0.003387771238251739,0.15096681582008387,0.5911420692619923,5.142857142857143,0.6180847814047563
0.03,0.0,25,0.001702956447462797,0.00038673769776704446,-0.09238219204300435,0.00030060698398151934,-4.092890826988054,0.5241134027039817,4.464285714285714,0.5314748748908666
0.03,0.0,26,0.005791933166079739,0.0009947773811360202,2.581134812029442,0.0009556723517995812,-2.037576715494282,0.5848837554505952,5.285714285714286,0.5960612970945156
0.03,0.0,27,0.002876060084030352,0.0015518664647769865,-0.09443163199639078,0.0015283476522728,0.9682529925136881,0.5764712861192759,6.428571428571429,0.5920499049375326
0.03,0.0,28,0.023699653303282765,0.007738307875890362,12.36795199659926,0.010387244484419649,-1.3485521407708727,0.5626868358139386,5.535714285714286,0.5951627574824014
0.03,0.0,29,0.009112275362997121,0.006694807083754922,4.901615274217998,0.006711157762979364,3.198089637384934,0.5734744731365764,5.535714285714286,0.5986019155343294
0.03,0.0,30,0.0034871713231110707,0.0029944308510814407,5.206352516412882,0.0031149122920472267,-3.4295494223787935,0.5435827143161398,5.714285714285714,0.5785529713176192
0.03,0.0,31,0.009467676230291955,0.001741480207043169,5.041002683981769,0.0011155352674487714,0.6358082043711969,0.5258473364712727,4.714285714285714,0.5573056557678271
0.03,0.0,32,0.0037461011465154456,0.0018638496127021923,0.8828432885205947,0.00211905155800945,0.4083357683486876,0.5778109045581429,5.678571428571429,0.6009488186829854
0.03,0.0,33,0.015523825628991959,0.0047936385846891775,13.748794550659662,0.005306323451999893,-4.1656709474749976,0.5870104169379496,5.642857142857143,0.6349345114020619
0.03,0.0,34,0.018616474237338396,0.0005564859216540273,12.5859477258392,0.0017800656201330473,-1.420011451877078,0.5877289510084777,5.357142857142857,0.6031918685484385
0.03,0.0,35,0.012838037096162797,0.0035733745877237055,8.030624440087516,0.004620603397055261,0.564336114317418,0.5680058635669566,5.107142857142857,0.5758692717200755
0.03,0.0,36,0.0016062362288110684,0.0008880934173726881,-0.7542225274926485,0.0016915830790650934,3.2446209265818595,0.6085625432647815,5.821428571428571,0.6172448522605573
0.03,0.0,37,0.009014414600645476,0.005095096260385356,6.399720172760017,0.005203563022681191,-0.9101355263989129,0.6145462069299497,5.535714285714286,0.654220051005189
0.03,0.0,38,0.005636765219709994,0.0002917824244591506,5.947048974615835,7.29985480876044e-05,-2.256750267407805,0.5901123626406806,5.25,0.6026195036838018
0.03,0.0,39,0.05027436958549027,0.017623816828572243,17.823957512766242,0.02137123711620331,1.786245507864038,0.5188373224536599,5.964285714285714,0.5622893661163229
0.03,0.0,40,0.007269910595165532,0.002253455874293973,3.208022155774065,0.0028100889384255587,-1.4654786211124626,0.5774328821105342,5.964285714285714,0.5980715546707245
0.03,0.0,41,0.0028787188851451353,0.0037799713684574954,-0.487698326206593,0.003160233827646213,1.4493154414263358,0.5386049664915377,5.464285714285714,0.55861473017451
0.03,0.0,42,0.011692102121669918,0.0023435288910525764,14.538923670906314,0.0021309968373920602,-1.2434095053007657,0.6125879889413707,5.928571428571429,0.6264026900947468
0.03,0.0,43,0.008326007859258078,0.0046313638965557215,2.337113552372235,0.007571762537482713,5.516847942887324,0.5700508400161264,5.464285714285714,0.5617845335464486
0.03,0.0,44,0.008714695733181767,0.0038268413835036404,2.2966836548034073,0.003219422979670894,-2.4865794381995463,0.5565349643203579,5.857142857142857,0.5685637841794797
0.03,0.0,45,0.013665487673364882,0.0039281678097492015,14.080020556880365,0.006012534744192951,4.38965410084208,0.6040447831659275,6.357142857142857,0.6138864533380082
0.03,0.0,46,0.03484333650555488,0.021349995513133737,14.364493313290373,0.019844088754424512,-1.3629898278110961,0.5230550907493844,5.607142857142857,0.5491471631248563
0.03,0.0,47,0.016121319649615114,0.007213504958377602,4.130856323279649,0.008668361414265618,1.5984570432027947,0.6158533155733545,6.428571428571429,0.6095056754209922
0.03,0.0,48,0.01026866102689097,0.0029195889942668645,4.297568350741699,0.0025227647247575025,-12.328491444946033,0.5443620206246252,5.821428571428571,0.540517573884105
0.03,0.0,49,0.0034655857142630825,0.0042216311716589934,4.442917456494409,0.0027339122470283537,3.1814393474905294,0.6126104762029072,6.25,0.6295625356216132
0.03,0.0,50,0.008013843078520747,0.004027247295740805,3.6669770835816373,0.003112371866562213,-2.088070751794921,0.5722094242753262,5.285714285714286,0.598916885191493
0.03,0.0,51,0.004374553665663459,0.005612467825921206,-0.010559010578286157,0.00457828480233242,-2.5404678370482636,0.5793969041558148,5.642857142857143,0.5842993520143547
0.03,0.0,52,0.008056559685809477,0.0006109146566875759,4.171037568271269,0.0011679116171030527,-0.10155688501821676,0.5765008886677465,6.392857142857143,0.5839641850310243
0.03,0.0,53,0.0016483997189700827,0.0020496870274043567,2.1438683305519817,0.001302116926856825,0.9583441433073006,0.5696648112231234,5.892857142857143,0.5874956895229605
0.03,0.0,54,0.004127056940042697,0.0001580944386143482,1.0216409652660066,0.00021989962238443128,-2.823616722131343,0.5606087342308933,5.642857142857143,0.5721653758072374
0.03,0.0,55,0.01147274584695907,0.011311253294508791,1.8307398048988166,0.008687410557587281,-1.4063957347029923,0.5877702329392193,6.035714285714286,0.5987557390946219
0.03,0.0,56,0.007561308950292908,0.00040120496959458605,11.981321867503652,0.0006139151175133711,-1.3606803887356211,0.6243862072715889,5.75,0.6360983521471308
0.03,0.0,57,0.0024471933379320793,0.002447664051716573,-1.1178682578798202,0.002506111082382271,-0.796745130385176,0.5792322226068211,5.571428571428571,0.5689899195979953
0.03,0.0,58,0.007576044290343277,0.00837995877692831,1.8442747414883722,0.006872023716976642,-0.2483514032819206,0.523767028515948,5.535714285714286,0.5425056626819913
0.03,0.0,59,0.05164353027086799,0.013612273114623848,19.93012929353904,0.011947635721756097,-1.9354773492012878,0.49945208435375854,5.071428571428571,0.5195209646862576
0.03,0.0,60,0.011767375095814015,0.0027541319741698957,5.95826054589016,0.002412127413990809,-0.7420551217355182,0.5307380334667731,4.75,0.5456893869201724
0.03,0.0,61,0.0028395525865560897,0.0008539807550659102,-0.6121144887931962,0.0007357723330329274,-0.5050658721850615,0.5223673956000351,5.214285714285714,0.5559029172668888
0.03,0.0,62,0.006014463133008251,0.0010566031755384305,5.055901543953023,0.0010421360497081446,1.6824145506577868,0.5865119258654199,5.642857142857143,0.6096157347551138
0.03,0.0,63,0.008940955680212057,0.006812403352904453,2.058429455680198,0.006180795014607289,-2.468371343712979,0.5757181995817046,5.892857142857143,0.5854541200561355
0.03,0.0,64,0.0025507654870094492,0.0006766392291759599,2.5889218462757904,0.0005764264437602023,-1.5476132761127985,0.5773124003148605,6.107142857142857,0.5797362952403698
0.03,0.0,65,0.01278139312785164,0.003654370493752061,6.800371030202645,0.0035964679605380327,-0.15979742439409014,0.6092755696537692,5.642857142857143,0.6354379056165369
0.03,0.0,66,0.028636356263984978,0.005016480782605809,18.739445684399044,0.005108657275790893,-1.4251398830034248,0.5621100598077022,5.607142857142857,0.5914688093562062
0.03,0.0,67,0.011349841291467171,0.0021316960122306676,4.370729280695012,0.002810195889358301,1.3747059189772035,0.5895515761353797,5.428571428571429,0.6208324023209202
0.03,0.0,68,0.0016989090279967201,0.0011206257556733643,-1.8065586746981428,0.0015832513514443904,-2.551856623655984,0.541144790108927,5.0,0.5464399268025967
0.03,0.0,69,0.022906599844240216,0.019954047283098224,6.102883396284322,0.021402263861895424,0.7633533015203492,0.5632249952628057,6.107142857142857,0.5973980724156722
0.03,0.0,70,0.005151511553414914,0.0014478168661606631,1.3373920432453683,0.0014922329622531231,-1.6921507056219316,0.5609294379165845,5.285714285714286,0.5873185806986858
0.03,0.0,71,0.018961819611363586,0.00323960441481773,12.91819895976955,0.003113999417942145,-2.945188249181058,0.5966049362206327,5.785714285714286,0.6115639217637057
0.03,0.0,72,0.007765429386968631,0.008664202054198832,3.919822827837218,0.00839729815769472,5.5914993392737715,0.507956575623704,5.535714285714286,0.516444543772552
0.03,0.0,73,0.019600118898241047,0.0029848266048837055,17.42880314897356,0.004940551784594717,-2.134680628083951,0.5549135937223472,5.821428571428571,0.5838644858791495
0.03,0.0,74,0.01435861179281722,0.014531373974729665,3.333943355530048,0.01350952634712132,-1.248620480779664,0.5796971309034991,5.464285714285714,0.6016261533164846
0.03,0.0,75,0.010829812443638008,0.004223157600530822,8.547662518586662,0.004596740958402141,0.8545054488674282,0.532041989480683,5.464285714285714,0.5386082526465829
0.03,0.0,76,0.011965104834671631,0.0074526266786350765,4.067593360984091,0.00789749097160984,-7.51677085992651,0.580899509698356,5.5,0.6058434415225875
0.03,0.0,77,0.009308987623268239,0.0021806654923679494,3.641379681590886,0.002184047932729485,2.5773364687155245,0.48806965040572253,5.785714285714286,0.5113664350644573
0.03,0.0,78,0.0011219232571660763,0.003244897660175624,1.2494043403718536,0.001503940303407742,-0.48319930446342596,0.5568303713401976,5.857142857142857,0.5704273596802458
0.03,0.0,79,0.003968685336500138,0.002251662327643981,3.056623648162893,0.0019020872210271243,-2.5113218255719403,0.6159897360136742,6.214285714285714,0.6164449657236639
0.03,0.0,80,0.009314072430550777,0.004524762689119433,2.5892668128662706,0.005128570324984403,-0.8494882094542883,0.59136225751378,6.285714285714286,0.602380897622384
0.03,0.0,81,0.004679890474198144,0.0004395391632745961,0.802774703357566,0.0001553514917398623,-1.5423758448029143,0.5469181480052416,5.107142857142857,0.5380522528465244
0.03,0.0,82,0.0026525361627441108,0.001142620157057111,4.5500817950800565,0.0003137991359287583,-0.1774746182495619,0.5912465988818942,6.321428571428571,0.6140636023960002
0.03,0.0,83,0.0074885309404195246,0.0028164150711008696,0.18247936340913876,0.003203711911354295,2.2474130250039273,0.5799944733830923,6.0,0.619076944877408
0.03,0.0,84,0.01959081032872286,0.0002723764595582369,15.266827410711471,0.000304160442575204,-2.043632345916213,0.5368041024880718,6.142857142857143,0.544852937992534
0.03,0.0,85,0.0004994285519806741,0.0004790850611275146,-0.05235940370326375,0.0005906140354954756,0.04500475786573096,0.5511847717960021,5.75,0.5525312713928648
0.03,0.0,86,0.007868758044725577,0.0025379024614008826,10.00680562118139,0.0029366817933072532,2.1777266103613613,0.504649530862456,4.964285714285714,0.5191109730468745
0.03,0.0,87,0.007628148502402705,0.0010316010290792493,4.237721850078382,0.0013919404238328015,2.5184022767209058,0.5473502519882556,5.821428571428571,0.5607971679446044
0.03,0.0,88,0.008907038705835712,0.002556403002383852,9.130124867425886,0.0030199447696802892,-1.7453570556917555,0.6266001049063472,6.142857142857143,0.6370670593625015
0.03,0.0,89,0.010506730741554757,0.01235484421274919,7.210163923256668,0.010020768891832895,3.744313338189509,0.5605214050726629,5.035714285714286,0.577628531249888
0.03,0.0,90,0.014698665983630932,0.010519849834146146,6.567176365744406,0.008528731138996631,-1.940273050353407,0.5535614574823163,5.285714285714286,0.5825832230296633
0.03,0.0,91,0.0038497363397174784,0.0034010212241802193,2.9129225449979494,0.0021640269828132877,1.4628610144604675,0.5974994928422646,5.678571428571429,0.6330150713845978
0.03,0.0,92,0.0055196088123991545,0.0011515201888366666,5.6801403525016285,0.00048517954783779674,-3.106641716579835,0.5421741876496549,5.392857142857143,0.5475805526926891
0.03,0.0,93,0.006371842670172434,0.0004897832892600975,4.412300033681968,0.0005966084899668404,-1.0826001460232721,0.5897112669497336,5.25,0.6118856909191207
0.03,0.0,94,0.0059277089009322015,0.004045671978986299,1.8887205827357434,0.004240896675579653,1.6842692748519899,0.5246178309063454,5.25,0.519898165845908
0.03,0.0,95,0.006867023396321046,0.0006315312247810747,5.213246931280129,0.0011214465680267878,0.5353758250834725,0.5639914852286273,5.25,0.5664396651828488
0.03,0.0,96,0.011275116792103128,0.013195795805005173,4.19537685846899,0.014002641947737026,5.7696759474408355,0.5741629733847333,6.535714285714286,0.5639508476542694
0.03,0.0,97,0.007544085870427779,0.005104122205325291,8.462271041664755,0.004117845096963588,-0.5034432687357556,0.6062898461424429,6.214285714285714,0.6179595237838629
0.03,0.0,98,0.00596874263999908,0.003696671400570737,3.2741709971584214,0.002883215061781496,-1.5465212535333706,0.5945781633392295,5.392857142857143,0.6098345055938219
0.03,0.0,99,0.01363759604068643,0.00923201503485781,7.369183211682231,0.010148444039529438,2.786513317224992,0.5964171533593364,5.821428571428571,0.6129901567556427
0.03,0.0,100,0.0025149395073938924,0.0035214579447211463,0.26504049311579553,0.002762641049371291,0.8520917737391377,0.5803281644436898,5.428571428571429,0.6133051465296651
0.03,0.0,101,0.0033197913722799633,0.0008677404463226895,3.5281626165543494,0.0012956988505480854,-1.96484184751039,0.5356562691921659,5.107142857142857,0.5331204238766977
0.03,0.0,102,0.020928420683191232,0.0081961316480646,2.6802557953813655,0.009423247262137297,0.16452653916014506,0.605488440149958,6.714285714285714,0.6508197486659015
0.03,0.0,103,0.01255999334505079,0.0021776757808509655,10.786065594716357,0.0016833713062771505,-3.865673535982315,0.5590903400045599,4.75,0.5647715551399503
0.03,0.0,104,0.009242681607547964,0.0011668048672894501,10.261307053421424,0.0010027058010264223,-0.7744702629816231,0.5927872413454219,5.964285714285714,0.5935012658860256
0.03,0.0,105,0.009034170709476775,0.0005701063853023381,11.051859341834065,0.0005698562994983466,-2.4914493868770458,0.6191193263470562,5.785714285714286,0.6335197530780315
0.03,0.0,106,0.017137438054028502,0.005270753533897879,9.2284467058334,0.004825519589415524,-4.689824762156756,0.5597431141180522,5.678571428571429,0.6013926167034673
0.03,0.0,107,0.0028674380614158107,0.0011739045021859087,2.2064726002928126,0.0012767004948144793,2.4350527378630793,0.5416802403211414,5.428571428571429,0.5593999213460998
0.03,0.0,108,0.00858456186640892,0.0008302905261183584,2.6110610971514063,0.0009250723724745843,-3.1985984520642696,0.5464497896910759,5.678571428571429,0.561130775871383
0.03,0.0,109,0.027986471594063363,0.00861920500025428,15.252694879623656,0.00957731264642546,-3.7170601226348103,0.562232560022596,6.142857142857143,0.5778008220864963
0.03,0.0,110,0.0006184383198827286,0.0019575800651470097,-1.6133309677739855,0.0013625385617056663,-1.614167088099407,0.5557607091171197,5.321428571428571,0.561921911574728
0.03,0.0,111,0.0056581302967191605,0.0005961705456756749,7.27846410272979,0.0007926660759342137,-1.0161612003467155,0.5416245219728079,5.928571428571429,0.5546998687641517
0.03,0.0,112,0.007261928400240121,0.00015385616598974114,8.384093565485367,0.0003748549751609976,-5.179566621294318,0.6054305311625418,5.571428571428571,0.6046319841729004
0.03,0.0,113,0.0035760492430282446,0.0017188365260197643,5.239169320728119,0.001539975937447569,3.7750374053251314,0.5796988050540204,5.714285714285714,0.595753891376235
0.03,0.0,114,0.004277177341366567,0.0005918994793251817,4.87375635357851,0.0005725745414595382,-1.3937178304566942,0.5727420725280121,5.107142857142857,0.6075726565238839
0.03,0.0,115,0.00760527672394435,0.0031077031827140803,2.696045320123678,0.0042361184081242086,0.0704502586293169,0.5797721597838116,6.0,0.5826692829513178
0.03,0.0,116,0.00574680525203631,0.0005791478691917256,2.2864430319342923,0.0007200482931332694,-0.6358451803375166,0.550931971157969,5.357142857142857,0.5885458700161947
0.03,0.0,117,0.006035027115353995,0.0005494552001703462,-0.6377192612121027,0.001215645541038478,-2.0231974778239894,0.4891682243838651,5.285714285714286,0.4862509795087112
0.03,0.0,118,0.003935000677249374,0.001079772699974728,3.109860310687509,0.0012289243799193505,-3.1570227396980592,0.5775787125283142,5.678571428571429,0.5976794871524711
0.03,0.0,119,0.009883475211333507,0.00922428391917088,4.375381283753664,0.006787992716943893,-1.7100648584810756,0.6043851157505828,5.071428571428571,0.6248399119241679
0.03,0.0,120,0.004931219683929452,0.0034869694228065492,6.701150324580179,0.002841542539530925,-3.5608608194906517,0.6059933150466351,5.964285714285714,0.6157671382271257
0.03,0.0,121,0.0019911860917879885,0.00459435807601389,-0.29442307719943034,0.0032964532664157232,3.340870108372324,0.5881146385971405,6.071428571428571,0.6093034506985909
0.03,0.0,122,0.009937532781027329,0.0005115488110198217,9.302656743466192,0.0005069472177488467,-6.717554176300998,0.5664868239167425,5.785714285714286,0.5810715316218336
0.03,0.0,123,0.013376983753138555,0.008880731922934912,7.912246770467884,0.007974756427330967,3.7959146722508876,0.5089488439839898,5.464285714285714,0.5205380931805956
0.03,0.0,124,0.019537713364960244,0.005847427021338108,9.680964964132349,0.005943458482179711,0.39140369112783446,0.6237769858155194,5.928571428571429,0.6597449551457166
0.03,0.0,125,0.042073178929804285,0.0107390603837117,18.709315736332616,0.014497382217913206,2.8555864614880213,0.6007588662737894,5.714285714285714,0.6247772982013653
0.03,0.0,126,0.002328223465375551,0.000626221277637598,0.997640889737634,0.0005261103573284851,-3.500463715202642,0.573083429697103,6.892857142857143,0.5783517021460076
0.03,0.0,127,0.008307163539908529,0.0065214906443423456,4.955009664746986,0.007283147437069091,1.2754101127382664,0.6080085379115089,5.964285714285714,0.627881872658866
0.03,0.0,128,0.005925399273293218,0.0038827472230935803,3.7909899743109086,0.004740946751254854,1.0763591358760134,0.5582931975421868,5.821428571428571,0.5672382240070659
0.03,0.0,129,0.007874939122689358,0.0001688520531671401,11.629448936247144,0.00013205840284178784,-2.0452421948216775,0.6261200027777146,6.5,0.647933532651505
0.03,0.0,130,0.008162565553735913,0.003548746505424634,3.018844503263646,0.002757986849519212,4.967024534667246,0.5736164904099005,5.75,0.6089990021585439
0.03,0.0,131,0.011323308422593858,0.0006326818025624017,5.028254214575469,0.0006739690206566831,-7.4115340995182635,0.527451461497037,4.964285714285714,0.5289357652154578
0.03,0.0,132,0.012454754971092672,0.01536726204470632,2.0213291723419218,0.012290863657053763,4.3939927307525295,0.5574666737251422,6.25,0.5904780540636656
0.03,0.0,133,0.022104149575146993,0.010958787098757392,12.214029995039416,0.011825993416663978,-0.8358824543892164,0.6158063896158842,5.571428571428571,0.643643914279832
0.03,0.0,134,0.006384998555864118,0.0026691776953909362,4.510351701385029,0.002662033443141333,1.2047292263942684,0.5443026384453103,5.25,0.5442459117803021
0.03,0.0,135,0.0058168781888489965,0.0051005195445343755,0.582696212838736,0.004348296050587879,-2.445114871802076,0.606429994164783,5.464285714285714,0.6215712341915627
0.03,0.0,136,0.010191232785653464,0.004710432415302494,2.4750092749609016,0.006999205587637462,2.1234827210166807,0.5473789164200429,5.928571428571429,0.5932070065349264
0.03,0.0,137,0.0031610898199872514,0.0005185353546421436,1.288188694343944,0.0005311773489778907,-4.698285767718687,0.536903863954985,5.25,0.5713763825493472
0.03,0.0,138,0.007079362378796608,0.0019197269848851657,8.475626194591674,0.002223234944252761,1.2188022932379283,0.5378319564309672,5.428571428571429,0.547040646379616
0.03,0.0,139,0.003656829945427831,0.002507623469882283,5.093145824655967,0.0015969152679229802,-7.818598038481696,0.5774955999503651,5.535714285714286,0.6136830115456537
0.03,0.0,140,0.002143696931942192,0.001710775014341437,1.9699179925592887,0.0013260727211805816,-4.189640929780221,0.5855155268712765,5.285714285714286,0.5958318844375383
0.03,0.0,141,0.014367921282086672,0.006082483646405729,6.793995704409421,0.006105014718935061,-3.043617877518566,0.5911185915732986,6.214285714285714,0.608955680503265
0.03,0.0,142,0.011457865655769959,0.0045617040491546966,9.47408562659867,0.004792185689660501,-0.701040270390943,0.5936930615576773,5.5,0.6161122529970988
0.03,0.0,143,0.003658893044216226,0.0019865155571795203,4.618912973189784,0.0017958110019018559,1.2900492388939238,0.5829018259850729,5.714285714285714,0.6103047975172537
0.03,0.0,144,0.0029731451965660932,0.0016406823833745303,3.5426789485576555,0.0019508584592490468,-2.73592493120366,0.5711895024637034,5.535714285714286,0.5932165218091066
0.03,0.0,145,0.004024142047045909,0.0046020406544417525,1.2187093947047742,0.0041164974012873334,-1.8355939414111997,0.5747312550615439,5.928571428571429,0.6028503345793197
0.03,0.0,146,0.008069076730652039,0.002928365188988903,4.717751895305345,0.0014613188760735838,-1.1410295379958673,0.5957843246281617,6.035714285714286,0.6073049413678814
0.03,0.0,147,0.005846407939226085,0.004787375912626739,0.696433130920307,0.0035082690609528197,-0.6968381399129461,0.5618004372787369,6.107142857142857,0.5787898976213329
0.03,0.0,148,0.007651732896807526,0.0036558534874450493,2.4441476696656537,0.0027412826790167147,-0.020041175465839462,0.5926198510043656,6.178571428571429,0.5951340205497031
0.03,0.0,149,0.0034147282325671874,0.0017696141905208663,-1.9786321620978906,0.0014470121522217666,-1.6781958816626645,0.56114294616183,5.607142857142857,0.5752517243907271
0.03,0.0,150,0.012607366494601605,0.0030603490998660785,7.893452367002823,0.0025516107859482164,-9.117228534038324,0.5842028387683199,5.857142857142857,0.6262891907777822
0.03,0.0,151,0.009147316953296758,0.0038713720089375123,8.768103958760443,0.005163063000101963,2.790869257489618,0.5945656506473991,5.857142857142857,0.606424869032083
0.03,0.0,152,0.0061790899237575475,0.010350622731742682,1.188175240176103,0.00884657341337432,3.6821487476575405,0.524336292045057,5.571428571428571,0.5566749117791505
0.03,0.0,153,0.004652327681142673,0.0026677101269479094,0.6014915220751978,0.0032068243794996718,-0.5616845842531669,0.5403890475737664,5.892857142857143,0.5495971873131159
0.03,0.0,154,0.006996291857719876,0.0023303315999994444,6.408658997175631,0.0026560287617790885,-1.884111338556437,0.5999717183621431,5.821428571428571,0.6039027279270144
0.03,0.0,155,0.012774313712851091,0.0027370933816917315,8.777811719735032,0.0029495868906435022,-0.6841570778011791,0.5744368655360832,5.892857142857143,0.5643889023115836
0.03,0.0,156,0.0024896119564450994,0.0010418039474660793,1.3194860529860648,0.0009266442877448231,-2.4892895686558254,0.5945972124425597,6.035714285714286,0.599899432805671
0.03,0.0,157,0.003447481104923329,0.00032471897809500076,1.52396601458229,0.0005514041963454766,0.23958153219430756,0.6098001948903029,6.178571428571429,0.6148687696083108
0.03,0.0,158,0.004509130667250577,0.0028297797584782647,3.8292649512954995,0.0030657648533635173,0.9066592047861187,0.5656265454679611,5.357142857142857,0.5791626730720623
0.03,0.0,159,0.0016061396941717127,0.0003090642891773182,-0.34369839651967976,0.00030606397870013144,-3.4083871186116994,0.5418441406662339,5.678571428571429,0.548394581381271
0.03,0.0,160,0.0020566344570864753,0.0004910895167157326,2.0483460495713737,0.0005845211909483669,-1.3837536104244066,0.5472018067064177,5.285714285714286,0.5546749942683298
0.03,0.0,161,0.009129882636063767,0.0024708754433158796,4.478192116611325,0.0020634715239237415,-0.5104718751244851,0.5970989352584957,5.464285714285714,0.6086739640135852
0.03,0.0,162,0.006493653533694844,0.0008809616822102243,1.5066158723362264,0.0010640394846903002,-3.6376531399333487,0.5431603974507125,5.178571428571429,0.5603662447137108
0.03,0.0,163,0.0018988503673414794,0.0007040815795030609,0.509928537632239,0.0003684657543119952,-7.1557940142619145,0.5958269246980065,5.785714285714286,0.6062377822458773
0.03,0.0,164,0.008677818590489019,0.005030006524054905,5.398661881037015,0.0049423617467723386,3.4132070676372073,0.627696741552278,6.107142857142857,0.6545822550466547
0.03,0.0,165,0.006170098516466636,0.0038426731272843727,1.3453854098712175,0.0029328584602865294,-1.248423195709459,0.5854285666942226,5.928571428571429,0.6315623223728524
0.03,0.0,166,0.009400988406410753,0.0047919342896923164,10.187798496235084,0.003734137091665136,-1.1000034425059557,0.5831024888765987,5.821428571428571,0.609894956754311
0.03,0.0,167,0.011731652002746088,0.0007875067588762111,8.673257090542128,0.0018578822990430754,-3.5902807478593197,0.5858978150647539,6.321428571428571,0.5987068853031918
0.03,0.0,168,0.0015525351175389287,0.0011634000701460441,1.5678420922333298,0.0008284757631427578,0.7192177110435315,0.5528121195646241,5.607142857142857,0.5728850061362204
0.03,0.0,169,0.006879115760434217,0.0071105120850706895,4.731563146505313,0.007022892680008807,-0.4897044791638147,0.5706362861876615,6.571428571428571,0.6030267292551094
0.03,0.0,170,0.01166674509687741,0.009779175099243234,7.61687505569147,0.008647521211864306,1.9001098339608025,0.5894928838306196,6.285714285714286,0.6104743524610746
0.03,0.0,171,0.006727498419944353,0.0025454050048845074,3.535312527196453,0.0019767812581730953,0.5108992774858715,0.5768392370644057,5.678571428571429,0.6091993962468008
0.03,0.0,172,0.005005809962293622,0.0005187947164267414,2.4786707805039327,0.0008917473249257095,-3.7547243573449784,0.5858684833940855,6.142857142857143,0.6015343299148035
0.03,0.0,173,0.0033675239958214902,0.0018957596881554,-1.1367340297051196,0.0018028710447144582,-5.06336768831748,0.5647598814868938,5.821428571428571,0.5449641741628914
0.03,0.0,174,0.005326201517760363,0.0008400795542234286,0.009343785955640746,0.001282307194915452,0.028217890641864567,0.580050122771853,5.321428571428571,0.5993664869257189
0.03,0.0,175,0.003992021390364191,0.0020497219477200886,0.9028043190822169,0.0019781534992761953,-2.5298394090075553,0.5901416537782201,5.357142857142857,0.6076052961271763
0.03,0.0,176,0.011897124426373513,0.002673765796538491,4.244816115452504,0.003199826732777391,1.9710079378949008,0.5895272841153707,5.928571428571429,0.5936386841480225
0.03,0.0,177,0.0036745271743630886,0.0018764735786111746,2.3856191999322127,0.0011428441529238841,1.5407019910244155,0.5511978165851362,5.285714285714286,0.5602584988183432
0.03,0.0,178,0.00416885132775476,0.004782961012038885,0.49776098548007514,0.0036438704338864355,-1.6921331329704874,0.569537385745425,5.285714285714286,0.5819401675234428
0.03,0.0,179,0.010594210672023879,0.00044249936644151033,7.354072886512152,0.0007968204352852324,-3.892908907306463,0.5442130213632663,7.142857142857143,0.583948946510535
0.03,0.0,180,0.005778452436510416,0.002601943735707414,4.594040983188222,0.0025644456084544126,-3.549570860587702,0.5851076468986591,5.642857142857143,0.5879596144606036
0.03,0.0,181,0.03439670288858248,0.02934450066159612,12.47735193421849,0.028405082647701755,1.1236560642716331,0.5455952317303618,5.0,0.6073001937892206
0.03,0.0,182,0.0020358909473731273,0.0013784179532048324,2.924404832349571,0.0010622093147133291,-2.7742471083517066,0.5630837361114379,5.642857142857143,0.5637909085689223
0.03,0.0,183,0.004398280513806813,0.0034807633703463755,4.343881854264235,0.0010978553550830773,0.5203521017955097,0.5938146634806868,5.857142857142857,0.6096421381321993
0.03,0.0,184,0.006978823723748959,0.0015013516881769587,0.4918460454550105,0.001111563907645328,-1.0867747442936964,0.5918814858514648,6.571428571428571,0.5920729588576392
0.03,0.0,185,0.011832194657840354,0.0084667797832784,3.121892380624066,0.007627298117011148,-0.6878384869481238,0.5491615109811046,5.357142857142857,0.5490428370954734
0.03,0.0,186,0.01114332571329804,0.0020068930424951676,7.12374092756977,0.0031567686169676696,-7.244233033863338,0.5923391839570422,6.321428571428571,0.604680324984433
0.03,0.0,187,0.0062424465459059485,0.0012293010089380835,0.957449034474441,0.0010871228766897575,-0.497535155121786,0.559566583851946,5.178571428571429,0.569861180749669
0.03,0.0,188,0.0038080613901301822,0.0033907824441593327,0.22390151525758975,0.0030058056269679583,-4.485678098525407,0.582764681623174,6.107142857142857,0.6123796201515623
0.03,0.0,189,0.007271203625468122,0.0103769031841807,4.793552729917802,0.00898079162582698,-2.1641408743828854,0.5646114464600609,5.5,0.5630976816170248
0.03,0.0,190,0.007408349421648946,0.0012677865047491324,0.976899341709507,0.001377719966328159,-8.404307553770971,0.5586994568985851,5.428571428571429,0.5759833242506553
0.03,0.0,191,0.00476010018287711,0.0062165610209674186,2.0746943573611816,0.0047462047175276766,4.075545757934511,0.6122660290449141,6.142857142857143,0.612028701667845
0.03,0.0,192,0.009245370915286159,0.0030619079869882416,4.649245462763001,0.0035067693504434922,-3.7904723110057623,0.5680208859926699,5.428571428571429,0.5804791605411881
0.03,0.0,193,0.007895082173799198,0.0015329309571188974,5.413808029597807,0.0011920354951786422,0.02004235045213439,0.5607384535537675,6.0,0.5701918113813552
0.03,0.0,194,0.009032199690851908,0.009308601699701066,7.670050089166949,0.0071080714664548735,-1.859778024816137,0.5929607826375646,5.25,0.6066021890833744
0.03,0.0,195,0.015543057341723121,0.01381040825061458,7.353002450276516,0.010687457650684476,-1.9629944410949633,0.5933358151565088,5.571428571428571,0.6074949551570323
0.03,0.0,196,0.004521732805289991,0.0032814972988138664,3.896746962156906,0.002474039622043356,-5.679257238957159,0.5543494600541502,5.0,0.5682376999578669
0.03,0.0,197,0.003963316525403705,0.0008029783197351436,2.3576384658788165,0.0008468557428919493,-4.628085147456612,0.5604461690924408,5.392857142857143,0.5833984687881983
0.03,0.0,198,0.007180482577314929,0.0011825017007552278,4.443308455957397,0.0009433175331688844,4.180916105034754,0.5992523883929758,5.5,0.6099097024117615
0.03,0.0,199,0.007424608902679264,0.001623376533045403,5.794967343304326,0.0018283330686217425,0.7617138255803866,0.5663695080967873,5.5,0.58150288736519
0.03,0.0,200,0.009231635621720075,0.0011567779940030245,5.934989082797614,0.0015625707663340523,-8.736628760534197,0.5375270558182617,5.607142857142857,0.5557478866950724
0.03,0.0,201,0.01074175425821466,0.003326715200599393,6.629900085442311,0.003440795035724507,-3.021104503694412,0.5710707877817633,5.178571428571429,0.5722788248320552
0.03,0.0,202,0.005994507971832397,0.00027889918037852385,2.2324084843613243,0.0002845001933611633,-0.13368858927678198,0.5419971644842436,5.035714285714286,0.5469401626702508
0.03,0.0,203,0.010360099479565387,0.002903794500798273,4.705969828426428,0.0029475564800121173,-2.8055220552729927,0.6082532814225977,6.0,0.621265417705122
0.03,0.0,204,0.010483554576817907,0.010186305579367099,9.581325508725456,0.008878107133624748,0.6080076976010863,0.5948224291446608,6.75,0.5980040223759618
0.03,0.0,205,0.007554131366607826,0.009207043136951067,1.7554365935851024,0.007983306794369214,3.288138207169728,0.5341162671356967,5.821428571428571,0.5779250839228826
0.03,0.0,206,0.011325397884792159,0.004595283450150102,11.695973987395766,0.0052913663404828256,-0.7497381269670029,0.5661406663393788,5.464285714285714,0.5900317514942716
0.03,0.0,207,0.0029235121114088193,0.0028607007142103353,1.8854775686219796,0.002341850775279126,-3.923732792870093,0.5709950915046688,5.571428571428571,0.5987551255304306
0.03,0.0,208,0.016181834383308176,0.004481674598210455,6.9607145430740145,0.004546795197871128,-0.007553969665802167,0.5537074550261594,4.964285714285714,0.5735575831326295
0.03,0.0,209,0.0032487819939628704,0.0008022079056301831,1.1033161023550992,0.0005830687184520366,-0.578981018760866,0.5942675751227169,5.642857142857143,0.6156419208399497
0.03,0.0,210,0.0015710594320198824,0.004727095211974529,-0.1429173138260751,0.0026128561994102468,4.459408470919461,0.5298121743178811,5.714285714285714,0.5591279514744756
0.03,0.0,211,0.01066843868175059,0.007046423020316862,3.5992290029454637,0.006895509180071296,-2.752304470430365,0.5933732469567935,5.035714285714286,0.610570853032411
0.03,0.0,212,0.014691619502712283,0.005787459809737491,10.118036291125113,0.004104769307737522,-0.8488858038169363,0.5433877267344372,6.0,0.5565623579545462
0.03,0.0,213,0.00261311227699657,0.0016858558794684043,-0.5576698232674175,0.0017563132631466963,-1.4891846350306253,0.5657821789326948,5.428571428571429,0.578120217452581
0.03,0.0,214,0.025673652928823523,0.011586389985266295,7.814402086799153,0.009795958382882558,-1.0714382855622755,0.5399632079364165,5.928571428571429,0.5577707374248473
0.03,0.0,215,0.00834512092563953,0.00456822464013001,2.7330261015668404,0.005297015620483932,-2.2361470901784437,0.6165970543242251,5.5,0.6430251498805303
0.03,0.0,216,0.015123560167179306,0.0047523341135268455,8.44043310333791,0.0029694536649634614,-2.949036184013835,0.5537131760361416,5.142857142857143,0.5807890205162336
0.03,0.0,217,0.0064892656526246316,0.005051034695632142,0.38036726674592575,0.00373566632518364,-4.708894288311825,0.5900077768991334,5.0,0.5870019815759648
0.03,0.0,218,0.005715050146203403,0.0028693482700027596,0.618288064750781,0.004388910403102999,5.351578593453127,0.5651338864794008,5.785714285714286,0.5752746274343932
0.03,0.0,219,0.007393309553478589,0.007323874492395337,-0.10494891833508291,0.005392988987057515,-0.4078702949144315,0.5808995431754546,5.535714285714286,0.6050980012638517
0.03,0.0,220,0.00835379756151512,0.0020963772334333186,3.433772815845297,0.0013975296781661508,-2.39312212478571,0.5823923431934206,5.857142857142857,0.5932383184255424
0.03,0.0,221,0.018755251383187902,0.009474777887772278,4.577479441505592,0.008472849229445455,-1.0408451658152937,0.5899773499090953,5.857142857142857,0.6250373890679086
0.03,0.0,222,0.008256360182861822,0.0014562251007473963,5.713123700284588,0.001028793734565959,-0.7889305368416331,0.5784516403330103,5.5,0.6038576963387432
0.03,0.0,223,0.01085875155567703,0.011389614389052902,1.5229086357469346,0.009754711347649912,0.5819594878382665,0.588507466830526,5.642857142857143,0.6063394327330491
0.03,0.0,224,0.009168159176746364,0.004127399302496088,11.361185798613624,0.004562933101611463,-1.0671503357623824,0.5632124016720129,5.5,0.5760430310873714
0.03,0.0,225,0.002580633452949071,0.001783488936563851,-4.670838186623466,0.0019443032972038272,-4.17433410987752,0.5982050526770052,5.607142857142857,0.6320041489411785
0.03,0.0,226,0.017251012720776917,0.015227057235105094,2.2609237726967613,0.015392839641887467,6.3924071979137125,0.557099756007147,5.821428571428571,0.5830122955095536
0.03,0.0,227,0.013676318747156139,0.0016899025707333623,12.552747349561903,0.0009341726876975047,-1.0304390468332372,0.549356827318154,5.25,0.5642201419836825
0.03,0.0,228,0.009363196919708992,0.007804945446787937,5.266552334163852,0.007107480792707581,-4.988036333008798,0.5987594582180142,5.678571428571429,0.6296242642026318
0.03,0.0,229,0.00804243444826714,0.00234471810586013,2.2557336033157376,0.004633206892574493,2.9491905981459374,0.5525899109437222,5.214285714285714,0.5700797705366485
0.03,0.0,230,0.005006407858256561,0.0010774415789463337,0.13856819550493546,0.0012562279898542883,-4.077504971495519,0.6012339171669849,5.75,0.6387797885980673
0.03,0.0,231,0.005395334401433787,0.0038702840657922405,0.9547477479072105,0.003986783974927717,1.2389018838704449,0.5976649444006161,5.821428571428571,0.6256914484958552
0.03,0.0,232,0.011303274723513739,0.007848055891211495,6.6223154988910835,0.006972256132917457,-1.8159308186296812,0.5225804809738923,5.392857142857143,0.5317739421712029
0.03,0.0,233,0.004364332901295206,0.0019433290169653488,2.6184240188609444,0.0017094848135334713,-3.7969279501050153,0.5500568343447434,6.142857142857143,0.5559925278141096
0.03,0.0,234,0.013947547878054545,0.004199899774891412,3.9686532542417012,0.004972903975501059,-2.285845754902084,0.5336271077515785,5.142857142857143,0.5298913059467883
0.03,0.0,235,0.014964393598114991,0.0014670458957150676,6.572151310769262,0.0010465579637656114,-1.9214539457220308,0.5691806183777542,5.428571428571429,0.5839661263078919
0.03,0.0,236,0.007745417532901588,0.003573187644477991,3.1987056861898204,0.003581613944573423,0.8601075536215509,0.5666563551813874,5.5,0.5901063950985959
0.03,0.0,237,0.02658479884192988,0.013404135391882536,5.0084084572246566,0.01404217713521226,-3.9389995521223775,0.5516819300185076,5.214285714285714,0.5578497262706577
0.03,0.0,238,0.015878390761446877,0.0034500827232341684,11.35446875759007,0.004578510785660292,-4.837957220434855,0.5847484001701292,6.178571428571429,0.5999746597988985
0.03,0.0,239,0.018167299647895454,0.003017503737076504,12.481173101495111,0.0017054489219058288,-3.3940716115457215,0.6008622844158668,6.035714285714286,0.6269316126029525
0.03,0.0,240,0.003507082412455288,0.0012308897156521148,1.2801078579055531,0.0009766564463392481,-0.5915174025543498,0.5446190299156808,5.678571428571429,0.5430545008803414
0.03,0.0,241,0.017930717513433763,0.007654506954426626,3.752005732330739,0.008172707230041466,-3.5082237429199097,0.570472591452034,6.357142857142857,0.5693440668375389
0.03,0.0,242,0.013004645998897611,0.003597721233115344,8.86909537996155,0.004578114514714587,-4.175644681454429,0.5926134027258049,5.142857142857143,0.6061972668923916
0.03,0.0,243,0.012051496251945423,0.0017852754240017985,5.920314806914945,0.002844356503731797,-0.6246203142002665,0.5857336080602387,5.75,0.6057537404495025
0.03,0.0,244,0.008769437537424105,0.0012304192886751527,6.136260889044157,0.0011893629496340188,-1.9137183480985318,0.5591984654280858,5.571428571428571,0.5935328493542346
0.03,0.0,245,0.005995730109106688,0.008541312956088124,3.723837988770962,0.005092204790126548,4.878494029397312,0.5698692091653913,4.785714285714286,0.5708308435158291
0.03,0.0,246,0.009242254797326566,0.004693291173825831,8.587606753762685,0.003703242304543245,0.1736974451644547,0.5841394519374542,5.357142857142857,0.5898584849900146
0.03,0.0,247,0.008013454354467358,0.0018640771185207783,6.259943242192331,0.0017591352807069971,2.7609191569581335,0.5888109795789581,6.285714285714286,0.6082716771310961
0.03,0.0,248,0.00644554266525342,0.0031116710997221137,6.139422556632866,0.0024113520790701864,0.12928444435896344,0.5922673178231213,5.607142857142857,0.6194814144390695
0.03,0.0,249,0.009364129595291586,0.0010945203788008263,4.1933755556646775,0.0015085283963510237,-2.0548543539645245,0.5676377906618176,4.75,0.5911388727561461
0.03,0.0,250,0.006040030030201911,0.010543954008369175,-1.7036178174514494,0.007581722867419642,2.1937546358596003,0.5528437411676783,5.107142857142857,0.5842618541896786
0.03,0.0,251,0.009805831313935894,0.002808115947264467,7.848596320011116,0.003155879360329699,-2.60428761093821,0.5803506373319482,5.571428571428571,0.590995590429829
0.03,0.0,252,0.0018205224863394654,0.004357334293579195,2.0088322934879272,0.0031127625924833105,2.0046946294285988,0.5788536019006977,5.607142857142857,0.5925964498139872
0.03,0.0,253,0.01726800152025007,0.0037575861489655385,16.359255802697657,0.005330403412921771,-4.769052353666116,0.629907194837527,6.035714285714286,0.6438043562866473
0.03,0.0,254,0.005950165394270835,0.00042270798090292435,4.0184558865991375,0.0004050713476159425,-1.893067194581107,0.5543717043278786,5.214285714285714,0.5728182081068014
0.03,0.0,255,0.009553004910583774,0.009617151119867093,-0.41625328200328227,0.008596156391510549,0.04513205209792659,0.6049148296421677,5.75,0.5831275751685161
0.03,0.0,256,0.0029013076814907394,0.0003946860107770273,3.5798558242449112,0.0004295555364260961,-0.5077712747301083,0.5106714868460474,6.285714285714286,0.5111376057963832
0.03,0.0,257,0.010550056201194102,0.003868316584882504,6.553226265262357,0.004377882867519877,-0.620009123351925,0.5735124773223136,5.321428571428571,0.5903463288726898
0.03,0.0,258,0.002387268554362366,0.00044988498863102134,2.473303813788173,0.00040196746096552864,-6.678888009592744,0.5747372635353102,5.535714285714286,0.5878547050423173
0.03,0.0,259,0.0021961851036858882,0.0037576773329353217,-2.4213200142499716,0.003040204114919035,1.456040358873442,0.5785218563529747,5.5,0.599923844613742
0.03,0.0,260,0.0023807202418074332,0.003722074695606873,2.214015990122713,0.0025478168931451555,0.5916618681801727,0.5911176473936607,5.642857142857143,0.6044056393368797
0.03,0.0,261,0.0024768896844756137,0.0010719200911390363,2.4443059766991837,0.0010663171591584063,-0.5909952382260523,0.5128511903058112,5.607142857142857,0.5226053619344506
0.03,0.0,262,0.0023546658012764564,0.0014455519256799676,0.25142197379755277,0.0009654196735629644,-3.730637514123155,0.5471957007202268,5.392857142857143,0.5797387796724232
0.03,0.0,263,0.002928876036897623,0.00249592846835747,-0.4550577772761433,0.0018766639268829421,-2.259740145135235,0.5627805110618279,5.928571428571429,0.5609039281138939
0.03,0.0,264,0.02480839923208989,0.010533251980421845,12.132767634666928,0.01142361304827425,5.709446300752082,0.5761999998634986,5.964285714285714,0.5934584672690738
0.03,0.0,265,0.003018160124048281,0.0012601200170747932,3.355904752000631,0.0010354325483552724,-3.3322693128345313,0.5282387832876921,4.821428571428571,0.5332633642164164
0.03,0.0,266,0.005498731666446691,0.00023220411160526167,7.4107289815344854,0.00039985252189804086,-0.8841608738745682,0.5595921218386357,5.25,0.5664626084602324
0.03,0.0,267,0.012667076225604939,0.010592785196941613,8.628722419644816,0.011812764271638633,1.766863442735333,0.5882997808915856,5.714285714285714,0.595792264284266
0.03,0.0,268,0.004668908247233645,0.002114428361569388,4.333749800405457,0.0022616559508590347,1.9991714246588306,0.5598701745303102,5.214285714285714,0.5744134649458028
0.03,0.0,269,0.013020285224240867,0.0026778455452276797,10.707832473609054,0.0023016563321043145,-0.8230141429023377,0.5868463857634625,6.321428571428571,0.6083665784121632
0.03,0.0,270,0.014266959617780267,0.0034307519362894025,4.899239608048798,0.0024070340975470158,-5.050040777548588,0.5365972836924198,4.928571428571429,0.5702309587884473
0.03,0.0,271,0.015216967550041231,0.0013289297398419223,9.18196327213451,0.0011209189631654647,-1.0936591272132528,0.5600921001512843,5.642857142857143,0.5640099610436529
0.03,0.0,272,0.0013567782836381246,0.00032655536979728055,0.3960376788082935,0.0004156580184591646,0.8118616222024286,0.5409054834600945,5.142857142857143,0.5580234152289479
0.03,0.0,273,0.009779271928024389,0.002444508666710069,9.104187635410105,0.0023120559859318005,-1.9616773485647343,0.5549568814462924,6.357142857142857,0.5750499321807886
0.03,0.0,274,0.0028285804271168074,0.002722608441472887,4.810908850172116,0.0017385435006467178,3.0629802029297366,0.5664613873502085,6.428571428571429,0.5809437895688867
0.03,0.0,275,0.004224924257999998,0.00044424150199568667,3.925195227601345,0.00019697495201960143,0.5987176098331967,0.5606729261956154,5.392857142857143,0.590004855254147
0.03,0.0,276,0.005267818656472094,0.0055304434972321004,0.10363295602401952,0.0053738168125656025,1.0207879953711274,0.5865854776842954,5.857142857142857,0.583900153069681
0.03,0.0,277,0.019205754020725878,0.00648277677982353,9.135001394271901,0.005434984426883435,0.15843477459839997,0.5469950861563455,5.464285714285714,0.57541839256532
0.03,0.0,278,0.002226474206377315,0.0007487031120758575,3.0882502786104453,0.0010080356195127922,3.605311193774412,0.5335363666791952,5.071428571428571,0.5479479871174252
0.03,0.0,279,0.003206306252176512,0.00756818906129248,-1.1186150572456768,0.006025206992434427,2.703477526580864,0.5980493756565632,6.071428571428571,0.6258447590762501
0.03,0.0,280,0.0033727471982001734,0.0035206082426736526,1.9070499288226774,0.002882128766936366,0.7209929088656869,0.5364795556916865,5.642857142857143,0.5645094727043924
0.03,0.0,281,0.004739548222699857,0.004826625927791296,4.0162598685354,0.0029405532324047576,2.6693619494538816,0.5882282091594123,5.25,0.6104504636913306
0.03,0.0,282,0.0027848047784252094,0.001855309239749621,1.4121246180039104,0.0008019722437027372,-2.736166513294895,0.5668517224759698,5.214285714285714,0.5852176162064551
0.03,0.0,283,0.013575434235589996,0.0034983872198531113,9.975070687018965,0.0032684643164874153,-0.22102910365941852,0.6010215823784747,6.285714285714286,0.6142958213547708
0.03,0.0,284,0.0008635165948346414,0.00046955005966166363,-0.8882347091730765,0.00039529230506297385,-2.363874949596209,0.5819645825268864,5.892857142857143,0.5894969347464574
0.03,0.0,285,0.006702620760516796,0.0005940811839375786,6.02226653155581,0.0010223976159922953,0.7222471095960638,0.5464126674343204,5.285714285714286,0.579762688559026
0.03,0.0,286,0.006526379451254419,0.005376089211506322,6.305254512625699,0.003940629579602577,-5.075316273918172,0.6086974057229172,5.964285714285714,0.6281363810971112
0.03,0.0,287,0.0055635557229735235,0.0022713862748549142,2.2386985906928203,0.0024166616154053864,-2.7595697528632477,0.5922147729299047,5.785714285714286,0.6062325920963247
0.03,0.0,288,0.005228427819913069,0.004783485316944897,-0.34440129577733575,0.005102424041908286,0.09748809191643204,0.5986528820581473,6.107142857142857,0.6283854378666401
0.03,0.0,289,0.010664563726216839,0.0009329041845494358,5.437102197425503,0.0008798328799322181,-1.5399550627498588,0.5818500802024194,5.964285714285714,0.5673784787461439
0.03,0.0,290,0.02451167236631616,0.030008373551237286,3.794018169504483,0.025943814231779168,1.4191631467620596,0.567770210788148,6.714285714285714,0.55934392606982
0.03,0.0,291,0.007809449015077118,0.007453677297160314,4.589689582083262,0.006241513963488013,-4.5350912020086485,0.5925984499667348,5.428571428571429,0.5849204801445573
0.03,0.0,292,0.00960679561172971,0.0028832675787912824,3.781460106971764,0.003371035642655751,-3.317482124419314,0.5599141906103977,4.964285714285714,0.5873717294394551
0.03,0.0,293,0.017195410418786694,0.0028221798547611136,14.042215031864847,0.002030698605587769,-0.7750019868015651,0.547813171089406,5.285714285714286,0.5652125870923566
0.03,0.0,294,0.006129012353420292,0.0007617892710596381,4.085594503940674,0.0009900460655247823,-2.5530320542308025,0.5638996406807538,6.178571428571429,0.5732908838779929
0.03,0.0,295,0.0031509263168500497,0.0025908177060646087,0.34476716030388843,0.002269583226924851,-1.5096611181085866,0.6258381534806917,6.964285714285714,0.6426159930907844
0.03,0.0,296,0.011201894231343181,0.009686046954379893,4.51918407288387,0.009235365709545475,8.150481896903111,0.603710995769771,5.285714285714286,0.6400105078399898
0.03,0.0,297,0.006361419497271154,0.0012117248119669563,9.484596795263798,0.0009110413411695185,-0.9394032585807205,0.5638041674158162,5.535714285714286,0.5801588297411724
0.03,0.0,298,0.005935355270231622,0.0022229262636559,5.361967016441715,0.002910859336886794,-0.6600288071042826,0.5180162769919069,5.5,0.5390314711205821
0.03,0.0,299,0.015348712312166628,0.005060001552694265,10.479382087345689,0.0077537872088639355,-3.6695248429243272,0.5938325681757507,5.714285714285714,0.6250962811718459
0.03,0.1,0,0.016203653304099296,0.0022140416696874673,11.936617937050206,0.004476399304415584,-8.179123025762019,0.5105216195783103,5.178571428571429,0.5473230669593515
0.03,0.1,1,0.010166383351924334,0.0030145479342122425,10.328058782340662,0.004220200430607907,2.77875197487405,0.5918257986942488,6.0,0.5974636433167086
0.03,0.1,2,0.0467392317775264,0.014523390697247953,26.281537319212152,0.011508655280749078,2.680336600472098,0.5970880446877318,6.571428571428571,0.6293665873591363
0.03,0.1,3,0.004038883046848716,0.0016084031086285174,1.270367775437118,0.0016676994060444918,-1.9127454304096905,0.595822662875201,5.535714285714286,0.6114826295375706
0.03,0.1,4,0.011877356970368439,0.0012746657734202236,6.8666099393147135,0.0015957539393425594,-4.1766680509010525,0.5738206034729983,5.214285714285714,0.595435914248691
0.03,0.1,5,0.007403867323604803,0.00788875503908675,7.659081429613138,0.006770489173071577,-3.2727239759060467,0.5420659455945942,5.642857142857143,0.5727304382521545
0.03,0.1,6,0.0035550809397934206,0.0011882862973747858,2.8064164310885267,0.0007709485930977598,-2.3803135726748033,0.6057669377604286,6.0,0.6115303165511943
0.03,0.1,7,0.013360185764686597,0.008496419832310254,3.813892720758114,0.007976988313864734,-2.026459885935092,0.5988990282743049,5.535714285714286,0.6250316859384581
0.03,0.1,8,0.009210151493562642,0.004533887962729719,11.786392183827767,0.00456316551549642,1.1456485868991895,0.6187458696437872,6.321428571428571,0.6534584367920326
0.03,0.1,9,0.0029819988496646017,0.0011571514928349004,2.7992910919745007,0.0011227409416393974,-0.716495389765214,0.5254118729670553,5.25,0.5357098458157946
0.03,0.1,10,0.004552322426362936,0.007963135612460683,0.42601742898204026,0.004770551753846053,0.936056090936745,0.6155196845222733,6.75,0.6193018211827415
0.03,0.1,11,0.010629536345992991,0.007440787068920778,4.57716148354955,0.006133472074501628,0.8588925596158674,0.5911226267884789,5.892857142857143,0.6026541147392497
0.03,0.1,12,0.01084603149406291,0.005535073569111801,8.001007441322779,0.005460601630597845,-0.912987914932188,0.5799686822984078,5.642857142857143,0.6202199143815428
0.03,0.1,13,0.01580452182985863,0.004026295263309668,3.4925265667988676,0.006088047733030319,0.4209220517658707,0.562705370106735,6.357142857142857,0.5932996748446744
0.03,0.1,14,0.007596181892221427,0.0014771841839864397,8.659627340558396,0.001395899692478424,-2.6712965712603896,0.5807318210012715,5.25,0.5947593541142528
0.03,0.1,15,0.013639508752019495,0.00405703246778109,8.323936096146326,0.006542436913107529,2.794097444231047,0.5685143559851121,5.285714285714286,0.591662222894483
0.03,0.1,16,0.002512953817681121,0.0019777964690873653,6.069447557382905,0.0015038707169804859,1.9770871192903503,0.5674414445477878,5.714285714285714,0.582449918665277
0.03,0.1,17,0.002506311739248801,0.0005218460074884513,4.3570411182002715,0.0005159203730349337,0.235901173382274,0.5765921543656892,5.392857142857143,0.5724486111197515
0.03,0.1,18,0.011632130170596083,0.0035222479820475887,2.4970175817669826,0.005566926590499718,-1.206405317699468,0.5547371532099207,5.678571428571429,0.5695324511611327
0.03,0.1,19,0.035531611886313236,0.002168364307699497,35.47397036357259,0.00390925440317005,-3.3626936205120708,0.6655101968359035,6.285714285714286,0.7023527838093848
0.03,0.1,20,0.0009353615596030612,0.0014164139369172914,-1.3101602830463623,0.0008704678563029269,-9.794930588866643,0.5703522267361314,6.142857142857143,0.5884510290857037
0.03,0.1,21,0.00661904894187622,0.0015927773701622204,5.418668427848037,0.0021869147825786407,0.06767235836945436,0.593421869882148,6.178571428571429,0.6139433438145017
0.03,0.1,22,0.010359735690303023,0.004077354924088502,3.708283182009486,0.004667235789227805,-2.1538275579007404,0.6000584659696143,6.607142857142857,0.6303577148135635
0.03,0.1,23,0.002058206147274874,0.00027483508401559176,1.9630776718850502,0.00020057990438992652,-2.6401720366675647,0.5999727614481524,5.107142857142857,0.6030708455263081
0.03,0.1,24,0.004105802301127891,0.0028576348444192905,2.2320831264456635,0.003865278641924517,4.474481458489588,0.5154151291718458,5.607142857142857,0.502110084973058
0.03,0.1,25,0.012891224396485924,0.008431066258000027,2.1306615905413557,0.008224005131412795,-2.7465338639643826,0.5725038255756426,5.142857142857143,0.5891562054516878
0.03,0.1,26,0.0036274398079426747,0.0023948302720788444,-1.777088102587849,0.0022047104498912015,-7.112676505025708,0.562265601032352,5.142857142857143,0.5813129540434737
0.03,0.1,27,0.016196750862347592,0.0028831425188969376,12.512598655660346,0.0016991711659866007,-2.0320955976536843,0.5916712860686696,5.714285714285714,0.6018093977826726
0.03,0.1,28,0.04443088979711932,0.02169552194360714,19.610758659117636,0.016951608492375255,3.487429062497474,0.6392388036259166,6.071428571428571,0.6882698159193263
0.03,0.1,29,0.004015765181111265,0.000589658068845957,4.87016495386096,0.000561030920947769,0.954759258483989,0.5575088786271664,5.5,0.5673676860514344
0.03,0.1,30,0.011577022189418857,0.017675458944805676,3.9867637911836575,0.014895185019460584,1.729833051004448,0.6099673242658861,6.214285714285714,0.6260821078339972
0.03,0.1,31,0.04215132795358601,0.015197113887800803,28.483791260007695,0.017598933564430156,1.6843109556614972,0.6238028452364697,6.428571428571429,0.6773374498595469
0.03,0.1,32,0.0011997340255132443,0.0007547760501412012,3.773066741479861,0.0008236944241197636,-2.6721350140802067,0.5659300479274927,6.071428571428571,0.5796026287725266
0.03,0.1,33,0.0045059269960870335,0.003852271910175509,-0.2936243649474572,0.004222533844984418,-1.9019570445290885,0.5436365202811311,6.25,0.5438251576214974
0.03,0.1,34,0.0036592865070100154,0.001774813873721352,0.5124057299148035,0.0018559969583800966,-4.544776794431698,0.5703200536604144,5.964285714285714,0.6128306501827584
0.03,0.1,35,0.07247041785083162,0.014225170363352963,54.47970833146949,0.02011803200406005,-6.707702481815455,0.682519881810642,6.285714285714286,0.7694001616922697
0.03,0.1,36,0.0337332024005523,0.015135883181221072,16.677046516545698,0.015481334197130662,2.769703669437225,0.5852780697697836,5.892857142857143,0.6069544151629094
0.03,0.1,37,0.006976731694927991,0.0017087557949299879,6.19044110156553,0.0011316995506784548,-0.9997921668092431,0.5408140145965862,5.5,0.5669655399869565
0.03,0.1,38,0.10175556674918508,0.012572091823955724,60.282485734762666,0.01864379379355292,-3.1812446086827086,0.6389907313798698,6.428571428571429,0.7434938218939127
0.03,0.1,39,0.026125699242223223,0.02368720363873927,1.0941553448668344,0.019898233613438874,-3.223151385174873,0.5783070531733724,5.5,0.6001100663750221
0.03,0.1,40,0.010869003353927906,0.00285915329306383,7.676157315119222,0.0032889035453420013,-6.512744651376067,0.5629491325551514,5.178571428571429,0.5842810356144794
0.03,0.1,41,0.016775609820499505,0.003531803337769643,9.569121185006859,0.003436008900850121,-3.963731920474648,0.5633312237051645,5.0,0.5816451537901413
0.03,0.1,42,0.02690090831337264,0.011834856404338493,17.943292434712532,0.012540813073824812,-9.626212979434419,0.5913973289471571,5.892857142857143,0.6315095759692575
0.03,0.1,43,0.04939990006212988,0.010027756762802726,31.233884620611178,0.009352812118516008,-2.9999101445248755,0.6258087321980541,5.75,0.6718320288967008
0.03,0.1,44,0.00173787795429421,0.0016944760217182898,2.060699877557378,0.0019299523624098796,-0.005967601355356085,0.5668984860673103,5.214285714285714,0.5754775059547035
0.03,0.1,45,0.010685245681980477,0.0015957765731766976,2.252965745386632,0.00379495304975753,4.001741435277769,0.55892395869148,5.107142857142857,0.5966278381285497
0.03,0.1,46,0.012295355325674004,0.0021908676451639175,7.864628725612657,0.003630827334971793,1.7923618985288954,0.5543652933166222,5.0,0.5694931227023121
0.03,0.1,47,0.00867581591989047,0.0026641771282991267,3.4305167085687835,0.003501134144010358,-2.161827746947163,0.5579587378190224,5.5,0.5816576564178428
0.03,0.1,48,0.009311330463605981,0.002979017561307836,7.531594335865701,0.003268363740635157,-1.9996596547742722,0.5622688718458605,5.928571428571429,0.5884812446075188
0.03,0.1,49,0.010922110228239832,0.01196298248649042,5.711887735416705,0.013396048399639364,-0.44008346545876975,0.5433396745636585,5.178571428571429,0.5478096837136441
0.03,0.1,50,0.02086809714657641,0.010973855179932617,13.14350017477643,0.0109822262172692,0.11089979306064872,0.5748288523761856,6.214285714285714,0.6046785144671472
0.03,0.1,51,0.0218268475662952,0.004582196438422131,16.180094564826465,0.005511870672752784,-4.759562738868785,0.6044911527946999,6.535714285714286,0.6168322353711095
0.03,0.1,52,0.046829124691445734,0.02022891191551006,22.61874928049217,0.018495509946373837,-0.41987136418288173,0.5991918121790155,5.392857142857143,0.6537782143784332
0.03,0.1,53,0.004411298843137001,0.002315177038573451,6.006973000290553,0.001943676788148904,0.14491175230000408,0.5816904132539359,5.464285714285714,0.5938350045723859
0.03,0.1,54,0.0075129477646681654,0.006004230459215146,3.736306261049009,0.00564935480857743,2.9908207600609935,0.6024115155278889,5.928571428571429,0.640442487205967
0.03,0.1,55,0.003425864658938423,0.0025786251167544184,2.0514589566203463,0.002295850236749387,-1.5692739798674324,0.5736755024394198,5.642857142857143,0.5768529157030545
0.03,0.1,56,0.014201510096463334,0.003328088680414089,16.599101516326403,0.0032333243541777207,-3.9715644544880795,0.5839932063548069,5.75,0.6159569709645482
0.03,0.1,57,0.004512971973585922,0.002046126005367866,8.341759452839218,0.0012927297847391314,-2.518241976118759,0.5915946069181669,6.0,0.6112647337822172
0.03,0.1,58,0.006692446091664158,0.002463003465506965,5.480889507740092,0.0017013076131319165,-6.638343557568305,0.5542733974571628,5.214285714285714,0.577657891805207
0.03,0.1,59,0.008150478050816689,0.002446489994829624,5.718981152917915,0.0028962498693348724,3.832960632235474,0.5912699455591659,5.0,0.6089396171915676
0.03,0.1,60,0.01907441661219775,0.009014015368141092,12.248533148708702,0.010371028329220358,4.070466530751379,0.5630347312472405,5.821428571428571,0.596461451589979
0.03,0.1,61,0.08230917175990614,0.01288543177112663,52.650665493774,0.01945689136524117,-9.692812890691775,0.6543088058563941,7.321428571428571,0.7401723172902777
0.03,0.1,62,0.006056361294955484,0.0007300969740558984,7.480306932376067,0.0006832020678633775,-3.389510826769642,0.5899886782790273,6.75,0.6301626215175825
0.03,0.1,63,0.006967637982071434,0.0006722234004215678,2.290264479511014,0.001358199132805575,-0.343259347463506,0.5796197283686316,5.535714285714286,0.5839918356533512
0.03,0.1,64,0.018026780000007583,0.011755550652579985,9.561832501791665,0.01115056234918682,-2.5190356060061183,0.5493342170630745,5.035714285714286,0.5562891810713978
0.03,0.1,65,0.001915716375520251,0.0024541077497905483,-4.179937155764255,0.002162436484637188,-5.1134851051697865,0.5428824469856164,5.321428571428571,0.5291661334232248
0.03,0.1,66,0.026115086897547546,0.002252690760599401,21.236611670043988,0.0033617664389612965,-3.7186025621638996,0.6073889474603026,7.178571428571429,0.6647696435354492
0.03,0.1,67,0.006001024466423755,0.0027644032500250683,3.258574892489795,0.0022903791783890444,-0.7244230362441234,0.5612000305284728,5.142857142857143,0.5782854372133452
0.03,0.1,68,0.010033444626746173,0.001628180824520096,5.298399280332016,0.0034482973872167217,-0.1632397932752383,0.5462014754416274,5.678571428571429,0.5527080784642585
0.03,0.1,69,0.010816495422104081,0.0021748586334817198,1.4988534006707823,0.001428302167726862,-2.7119296303681515,0.56474145770516,5.785714285714286,0.57838354713338
0.03,0.1,70,0.02108870677730515,0.006332785410164844,13.368981218087763,0.005747147773089157,0.8091967496343102,0.5662691800543481,5.285714285714286,0.5961769086816472
0.03,0.1,71,0.003959219914243908,0.0009613439495162464,5.558530637846502,0.0008354466527996278,-2.8045649399066406,0.5711106424777327,6.107142857142857,0.583509906127143
0.03,0.1,72,0.03988208465735036,0.02043781909614086,19.701616489731702,0.021468068172118535,-2.0657408070814633,0.6053808067706271,6.5,0.6616299551010321
0.03,0.1,73,0.007998809159407757,0.0031408286715050196,1.6462286043421746,0.003038463603005278,-4.444909934174054,0.5848769208294058,5.678571428571429,0.6176017353928887
0.03,0.1,74,0.011736270342728393,0.008565955309262584,5.548796526039969,0.009222807168801705,-0.4743353570794208,0.6267832820986029,6.25,0.6565048131772224
0.03,0.1,75,0.0032285505452936745,0.0023205487705649673,3.347878195447256,0.002349771522593873,0.7515082877860854,0.5742099890956427,4.892857142857143,0.57886084978208
0.03,0.1,76,0.001024079383870067,0.0011267351120317912,0.5636851816114093,0.0007784157039206949,-1.3497620037048534,0.597612666256622,6.5,0.6064709768722963
0.03,0.1,77,0.0196443914462278,0.0008350602763179337,16.71492513967944,0.001188173345501207,-1.1320932707259317,0.5698418521571172,5.821428571428571,0.586990273564183
0.03,0.1,78,0.043897285541654694,0.012765729821777752,24.326210875129977,0.01258268825539829,-0.4624891095603895,0.64302775003524,6.214285714285714,0.6839908594827813
0.03,0.1,79,0.03420445950220685,0.00711179904604706,19.17063667888623,0.008643951636218103,-4.583686194650217,0.5526162668740747,5.928571428571429,0.5889899396142697
0.03,0.1,80,0.008216749114000865,0.0002840664551230164,7.301251429735895,0.0005272829816692966,1.890798075635028,0.5892519609078797,6.142857142857143,0.591573044859725
0.03,0.1,81,0.020630428132838604,0.006622071127877874,13.415976112778973,0.006177358768120154,-3.8927003481674,0.5452188186372436,5.928571428571429,0.5513790984258604
0.03,0.1,82,0.004150843357228761,0.0014493299667066389,0.05344683382187062,0.001856590683975482,2.770801758408292,0.5786591497553244,5.535714285714286,0.6082095663297618
0.03,0.1,83,0.009649219728700158,0.00114024276004308,9.764393160260576,0.0013692698172999302,-0.8778900199112153,0.5824280014224018,5.785714285714286,0.5925624523227304
0.03,0.1,84,0.006282725040532173,0.00649165869779386,5.998989952256276,0.005903861440711523,4.330231199319343,0.5909138927308734,5.642857142857143,0.6174611789009297
0.03,0.1,85,0.018115201134997167,0.01499038958125903,3.2932637831616014,0.013006643849487031,-1.8832606444254054,0.582174381413077,6.178571428571429,0.6000283114611362
0.03,0.1,86,0.0042439112597967114,0.0034849969050025254,3.3664803059741075,0.004657050147431396,2.678957897976441,0.5331567365514907,5.75,0.5380398105693985
0.03,0.1,87,0.006214176063835252,0.005175549717059592,2.881789675932746,0.003521842322962699,-3.8983237372807196,0.5669329082845503,5.892857142857143,0.5870360595346565
0.03,0.1,88,0.01875551815107961,0.0035459477916767175,9.731294526625456,0.0032075754670644516,-1.1461503962432478,0.5869304705939611,5.392857142857143,0.6050067009004976
0.03,0.1,89,0.0020234950837659236,0.00014192277762472817,4.051414765678014,0.0003873758064428828,-4.802859155351929,0.6070424211383404,5.464285714285714,0.6005099191176047
0.03,0.1,90,0.033604090812267194,0.013552952581257058,16.56941594641025,0.014460095034942111,-0.7185318223656717,0.5703539500578844,5.535714285714286,0.5862960608862078
0.03,0.1,91,0.003457651618577447,0.002638333580170849,1.3220462594854514,0.0023300596613979353,-0.8044452324521387,0.5436516277976952,5.071428571428571,0.5478687669277393
0.03,0.1,92,0.005702088673570206,0.002121128630005002,4.875435119396788,0.0021965507788412235,-1.7744342228641397,0.6297613548707937,5.678571428571429,0.6535787657825369
0.03,0.1,93,0.01646252371328797,0.013525546455050674,9.504956623059249,0.010927249404105803,3.093291307638964,0.5764803816464565,5.821428571428571,0.6033114934488871
0.03,0.1,94,0.007015156737004918,0.0013278416147227091,4.471992616706653,0.0007999521618198301,-4.523848778891477,0.5674515837384015,5.678571428571429,0.5756849811772337
0.03,0.1,95,0.006676377421112453,0.00033326000598732304,4.549801811481757,8.875531490090673e-05,0.1613818929666119,0.5838197677636183,5.892857142857143,0.57682887605687
0.03,0.1,96,0.03189175544356216,0.00556055676191877,14.966578849240856,0.004799293395034485,-1.7220450647204568,0.6138155846759917,6.035714285714286,0.6389048953425203
0.03,0.1,97,0.011890124589092579,0.008601234798174295,3.9714811834065338,0.008520731264329227,-1.834581008668702,0.6005136696440346,6.0,0.6360168386355498
0.03,0.1,98,0.0010047948199694416,0.0008844030170854384,1.0913119297291871,0.0007237904224552424,-0.8254407774209179,0.5670235034583292,6.5,0.5704605122634357
0.03,0.1,99,0.1116836310086163,0.0677352004731426,38.12855118807586,0.07375256864190044,2.039036931385676,0.6221156318000983,5.392857142857143,0.6975962531465469
0.03,0.1,100,0.008020065627035583,0.0002306671622617649,2.7100209585992823,0.0003048606727646334,-1.6087156847152453,0.5832243529503857,6.0,0.5966518375410166
0.03,0.1,101,0.00686428608610297,0.003775045136364077,4.692998938182626,0.002171856232152423,-1.6889502969442087,0.5620455190164357,5.642857142857143,0.5761733380398066
0.03,0.1,102,0.019004818785162313,0.012046146887013089,10.61308430817302,0.011709347287226262,-2.4348106705387713,0.5901249336707851,5.714285714285714,0.632761699548871
0.03,0.1,103,0.061453432314361366,0.014314662157754676,44.60280093887274,0.019764640279944245,-5.419409255267539,0.6804614231480188,6.928571428571429,0.7477798695231608
0.03,0.1,104,0.019493887648771014,0.0059665964836559315,19.18390337720361,0.008269927124879546,-3.424073469992303,0.6023679746168735,5.464285714285714,0.6235834431030685
0.03,0.1,105,0.06887144752815774,0.02867414282468918,26.903736319738936,0.034928950740180924,-13.034925505538263,0.6318612441503902,6.5,0.717176705898682
0.03,0.1,106,0.005758390533166368,0.0028585126639394582,1.2033041447326223,0.0026528601540383584,1.9000023895510008,0.5672041428689663,5.75,0.5612626217635112
0.03,0.1,107,0.01674981382469993,0.0016575425240127311,13.668206309187942,0.0017213319312345925,-0.19386422918536064,0.5563933819981826,5.357142857142857,0.561798866808295
0.03,0.1,108,0.012061880676347695,0.0025687710121588647,6.903464127395381,0.0020572343605669754,-0.005296912546488859,0.6245879655603467,6.107142857142857,0.6403060647284775
0.03,0.1,109,0.010106188913989619,0.004829529060003799,5.268865795273787,0.005301203068118145,-2.2839539697404896,0.5246684571029746,5.178571428571429,0.5426178845784266
0.03,0.1,110,0.0016120973935983673,0.0011786904737617425,3.260764596609287,0.0010128302682500768,-1.517053642989519,0.5195223763066101,5.035714285714286,0.5423261599515277
0.03,0.1,111,0.06939225602287073,0.040474873921727335,25.153047731210805,0.043920803734274906,-5.6546766007412925,0.6123986069392383,6.035714285714286,0.6792056321209625
0.03,0.1,112,0.006157257747365884,0.005171052150855273,2.9342735510928057,0.0038166692702518486,-7.620646433038719,0.5660413979962904,5.178571428571429,0.5772989466948557
0.03,0.1,113,0.0045165701948612965,0.001287150937725952,3.948178554156385,0.0009874451729233876,-6.33530780434819,0.5846269246687177,5.785714285714286,0.5890716643528675
0.03,0.1,114,0.009391177188973145,0.004634325914540576,5.933313291163198,0.004962447532857639,1.1775741759510272,0.5582447568105565,5.178571428571429,0.5755307452213371
0.03,0.1,115,0.02356081093235739,0.0062515419158635606,15.36681746268666,0.005763155181668636,1.497718608603672,0.6088794850438306,5.321428571428571,0.6292769265197686
0.03,0.1,116,0.0033498661522469706,0.0012637324446108714,2.9352835646414803,0.001303892733792001,0.7346170999166285,0.5873876599366465,6.392857142857143,0.6201016373106293
0.03,0.1,117,0.003102929043942338,0.0012183074033814988,6.361969490980745,0.0006602048512254312,2.1203344363493195,0.5669909634216506,5.607142857142857,0.5700650047623395
0.03,0.1,118,0.015653149776701937,0.00453232520718044,7.810801173253054,0.0047476062393283554,-0.5111502370078634,0.576379048185801,5.178571428571429,0.5831631015410363
0.03,0.1,119,0.00718361298438224,0.0017913324680916738,7.751534044166884,0.0015224285084741087,-1.7614523549646794,0.5618544487696101,5.75,0.5524719668933235
0.03,0.1,120,0.014993281664539346,0.005121292373417974,5.7314530047673315,0.005759627407071879,-3.3434240143424936,0.5453877416758901,5.678571428571429,0.5798257750280088
0.03,0.1,121,0.017266527228363547,0.002244086837024707,15.347220785143,0.003845605870082587,1.7012012028428198,0.5023803906691077,5.714285714285714,0.5491646748503825
0.03,0.1,122,0.08585241380232143,0.024373084732808775,37.348327328296214,0.02364229153539456,-0.05145107896157223,0.5954783704899069,6.392857142857143,0.6733994238863588
0.03,0.1,123,0.013058335941841451,0.006690616842796824,1.1109728044156004,0.006914434713306407,4.550102406686752,0.558057650803992,4.785714285714286,0.6018901569120514
0.03,0.1,124,0.004872778752782949,0.0020217325745289605,2.522474850327446,0.002623953711394301,-1.3033609382502505,0.5667996063423365,5.785714285714286,0.5697383874439701
0.03,0.1,125,0.0063700356496248145,0.004772587621652437,1.4704428158486849,0.0042656503654475925,-4.171123081764961,0.5943608046546054,6.321428571428571,0.6062421878379396
0.03,0.1,126,0.008114621427620108,0.00871907497128953,0.8836620456842846,0.007408190414525349,0.8875503695048129,0.5478737478494491,5.535714285714286,0.5675284499279895
0.03,0.1,127,0.009091368287562282,0.006559409471038192,3.1046622220809845,0.006538186203983089,-1.5723870719138044,0.5831909430998204,5.607142857142857,0.5784261646986033
0.03,0.1,128,0.027470229860022396,0.005533904798805702,18.634013815145142,0.007620820241666958,-4.698973332826189,0.5997299928490658,5.214285714285714,0.6361440677085989
0.03,0.1,129,0.024659406859568096,0.013300644475770904,15.233758391909674,0.01283889438837872,4.476654545129644,0.5848431634607384,5.535714285714286,0.6207849466511719
0.03,0.1,130,0.003595716540462492,0.0036532861070408284,0.06657548766842562,0.0034300055342725215,2.1136876144942582,0.537068447262123,5.25,0.5692238183144698
0.03,0.1,131,0.01306516908632902,0.008143434887332032,11.660311726754799,0.007709640977294852,-2.844003969338028,0.5897860406537323,5.75,0.5913158307039803
0.03,0.1,132,0.002616787410777785,0.001084396847414713,2.812729082645054,0.0014711610298320278,0.04843643912300877,0.5164284501605454,5.964285714285714,0.5418788917729144
0.03,0.1,133,0.003588441924290216,0.004507821394197853,3.1257358612964197,0.00495982988815888,-1.1143078299508413,0.5700189901986722,6.178571428571429,0.5963571356190253
0.03,0.1,134,0.005565085700401096,0.003919068260437323,5.674600615514663,0.0037274059629201555,-1.3183979378027952,0.5783774090060717,5.5,0.5795313748588986
0.03,0.1,135,0.004843643824590638,0.0013071259970401006,1.7820963516499166,0.0011874171721708443,-4.273638721290742,0.586701378446843,5.285714285714286,0.5835146436473744
0.03,0.1,136,0.010205875056847155,0.0014302785774989101,9.918485889702282,0.0014693228281992164,-1.5919245919258174,0.5838678663077356,6.25,0.6044417792735914
0.03,0.1,137,0.016129735056033493,0.0004002806513829446,6.933816244860092,0.00037749423908089774,-1.386036568400442,0.5078973637934655,5.571428571428571,0.5561389282535303
0.03,0.1,138,0.005598937805304408,0.004552163546272071,1.703332014128648,0.003672562647817741,-0.24207975301613752,0.4929492963406843,5.178571428571429,0.5090975450939632
0.03,0.1,139,0.004877206838538394,0.001419405940705548,3.617314476031377,0.0013124515211474562,-2.204903509582332,0.6034726604195593,6.071428571428571,0.6151203007514636
0.03,0.1,140,0.008142990281126184,0.002698702885920388,3.756907046863726,0.0026381097558310054,-2.0081164172525425,0.5806480105377655,5.714285714285714,0.5844130223246187
0.03,0.1,141,0.011773348982967204,0.0011076722002780512,6.601968155564606,0.0012261623749915314,-1.9982032163100125,0.577602511520621,5.821428571428571,0.6104730549236864
0.03,0.1,142,0.006929703776887249,0.0038746834297300574,3.1430779392179886,0.0028122648987483722,-2.8154282865200835,0.6076012724817385,5.392857142857143,0.6241576888939968
0.03,0.1,143,0.004630493716961847,0.004484763873061612,3.1713094829206248,0.003920963222102585,-0.5404193814540861,0.5959793818984153,5.142857142857143,0.6100656382422209
0.03,0.1,144,0.011536509680995502,0.002826676412306091,12.270658644720138,0.0033839141477243436,-1.5345772709014227,0.5835575829758298,5.285714285714286,0.5827591147839847
0.03,0.1,145,0.0026840932372452185,0.00031295004315282413,-1.734697216754076,0.0002701393238940282,-2.8168048750088133,0.5688742298254502,6.142857142857143,0.5669383218770925
0.03,0.1,146,0.06693351789332487,0.011436469893386363,51.72701793283736,0.012474212191630467,-4.382030018624259,0.6420839201768411,6.714285714285714,0.7096656542371353
0.03,0.1,147,0.0021773995657636495,0.0003790905019332526,-0.31972523023262056,0.0004656984923589956,-0.6928119546411722,0.5055335660486422,5.785714285714286,0.5107876126881674
0.03,0.1,148,0.00475734112887639,0.003422452858244223,3.4745407208913455,0.0017513528690722342,-0.6116062986639861,0.583331731791639,6.214285714285714,0.5788340038341023
0.03,0.1,149,0.009999018485236448,0.002221481376384952,4.2529643300842865,0.0027213996581488716,-2.7834347411706517,0.5491583107504389,5.571428571428571,0.5620583944027938
0.03,0.1,150,0.013840603577844578,0.0013135132374197873,10.606319813646072,0.0019475540263348113,-1.149349448402764,0.5935801695275932,5.5,0.5949102808468881
0.03,0.1,151,0.0010418002795316052,0.0014353625441150574,0.7739065836225905,0.0011856023442958711,-0.5649551225665638,0.5746134776946012,5.357142857142857,0.593099924495897
0.03,0.1,152,0.015915719051374722,0.001500079102296166,9.233064557135114,0.0011887260050878056,-2.817102609782476,0.5767418294907058,6.035714285714286,0.6151889595903155
0.03,0.1,153,0.012037920837041815,0.005845552478348195,6.321844461873724,0.005076715959052517,3.825485783272626,0.558166808565751,5.428571428571429,0.5585975302602944
0.03,0.1,154,0.026020129401697824,0.023331777068334836,9.092190469875002,0.019982865563675158,3.079634876982434,0.584797895751279,6.142857142857143,0.6363427719807222
0.03,0.1,155,0.0049762913435928025,0.0011414880421805856,6.195314637776202,0.0014176107845377082,-1.507668536213335,0.5823127556426879,5.571428571428571,0.5844065648129657
0.03,0.1,156,0.0072505477797060024,0.0012760371063627188,2.047667258909835,0.0025176956600200745,-8.564199820830131,0.5691701071269871,5.321428571428571,0.6250520441994947
0.03,0.1,157,0.007026113786038424,0.0038635826666246825,4.943268133912038,0.0031317426966395953,-2.173717737209955,0.5762657696154782,5.428571428571429,0.6044346579056004
0.03,0.1,158,0.010261464517308824,0.00031623524449680664,14.894506530964415,0.0008667163703475252,-5.585903554784902,0.5674337149877352,5.714285714285714,0.5912319836367862
0.03,0.1,159,0.007615511417676018,0.0057236366130601095,7.412243401727342,0.0050058426974864565,0.014569202458811029,0.5306987821190855,6.107142857142857,0.5507801793076975
0.03,0.1,160,0.0077570838964174365,0.0010651885859353815,9.517802002624203,0.0010331903496116981,-3.1153498796124097,0.5897419379284178,5.714285714285714,0.6052867879246202
0.03,0.1,161,0.006406209052983133,0.0015290603669944338,3.3098309766165337,0.001395711950971542,-1.8929126638890637,0.6047862032601588,5.75,0.6182731456114914
0.03,0.1,162,0.013574788330951855,0.009305445312805482,11.573225360904862,0.008991452781870584,-0.5576419432375795,0.5487014545070508,5.142857142857143,0.5580802252380065
0.03,0.1,163,0.012501960996845298,0.0017093172189683627,4.920378656342213,0.0014547977213659668,-3.011301179709401,0.5998854080157807,5.75,0.6187236324875016
0.03,0.1,164,0.004098853957901446,0.0014628788322662268,5.782794860693997,0.0013919981880334397,-1.271185645350234,0.5940812563726461,5.321428571428571,0.5969917722198663
0.03,0.1,165,0.011914927833486525,0.01853790441761705,0.9505558325395214,0.014195292558068355,2.8914925220544965,0.5730574106760672,5.142857142857143,0.5866748110439806
0.03,0.1,166,0.005918780917846142,0.005872561405353084,3.7749794556481695,0.0035793477060176325,3.9867367322779237,0.546065932821261,5.571428571428571,0.5459890375894118
0.03,0.1,167,0.005001329543979733,0.0015995340218503118,1.2444548768414545,0.0015042989353088022,-2.2258148555345656,0.5982451886942773,5.428571428571429,0.6208261158025665
0.03,0.1,168,0.022263590443393447,0.0056522703715444905,10.809009078192124,0.00699736080382568,-1.3540136794072832,0.5433171291745644,6.607142857142857,0.5832301510311895
0.03,0.1,169,0.004338341301573877,0.00023856493247957362,1.9572404174518567,8.359285286749399e-05,-0.8960041933400476,0.5923428171177209,5.571428571428571,0.600375226689966
0.03,0.1,170,0.008029380115440564,0.0007700049399009745,8.462596252788671,0.0007437109304539136,-1.4644420953870945,0.5835348626845197,6.035714285714286,0.596363784240836
0.03,0.1,171,0.004387463731114778,0.0017838794924712306,3.3977577033001864,0.00105204252202973,-0.3105593583536006,0.5686525240716859,6.107142857142857,0.5852465040155941
0.03,0.1,172,0.012369456880953464,0.00448206875873672,5.796591498980784,0.004251948415558679,-2.8290849695912073,0.5659694612236752,5.857142857142857,0.5530296062173686
0.03,0.1,173,0.011352236115090078,0.0022415324228132086,7.0488065774475785,0.0027035063859186205,-0.5398780875712816,0.5708341869080357,5.607142857142857,0.5922239057071332
0.03,0.1,174,0.007045446269791874,0.003056042185230538,3.1353734637840964,0.0036085315455294535,-0.06227928737708529,0.5659030023646751,5.607142857142857,0.5751880947665584
0.03,0.1,175,0.00385867078163029,0.00042754629083177127,1.8474056293471222,0.0009750236815751742,-1.6270647349190124,0.5993707820053779,5.535714285714286,0.6135327989615034
0.03,0.1,176,0.010289730812605521,0.004225228562856352,10.44460740678853,0.0035109118240916203,-1.2458497506780095,0.5693891610293184,5.357142857142857,0.5912297204901789
0.03,0.1,177,0.02891224142422121,0.015097716465516912,15.317858152577836,0.01742107879002917,-6.695054437268179,0.616687526842118,6.642857142857143,0.6344102258297941
0.03,0.1,178,0.00456730647107533,0.0030057018379900428,4.908918325768373,0.00274246453565434,-3.1094018092974522,0.5182689501551132,5.035714285714286,0.5207577089273706
0.03,0.1,179,0.04649877918669804,0.006461628713540055,33.15201250343566,0.008295745956771648,-5.600597852848883,0.6080241084494222,6.214285714285714,0.6440732985710327
0.03,0.1,180,0.003033082299619738,0.0018087605661050825,4.93919163584268,0.0018329361516928571,-3.37125953720521,0.583897726246348,6.357142857142857,0.600099806777069
0.03,0.1,181,0.010123471812046527,0.008849656831840158,8.49631607573997,0.007790274247880049,2.247971573938789,0.6151090866672482,5.785714285714286,0.6430553654023454
0.03,0.1,182,0.0042670733767607655,0.0012931541791577736,-0.19946061718863461,0.0010209058334894794,1.568866937994888,0.5926328580018658,5.964285714285714,0.6010739857780145
0.03,0.1,183,0.008569919269352867,0.0005549833823926255,8.949386333311613,0.0007705300815860324,-1.5881349054249938,0.540060707879667,5.321428571428571,0.5496719113848751
0.03,0.1,184,0.01113945473013484,0.006132887225785183,7.527256654047515,0.006085940404094406,-1.2820564587132044,0.6033218754960615,6.464285714285714,0.6222334208304369
0.03,0.1,185,0.005311598688223384,0.0008607617960022382,2.1668363478662704,0.0009232578399607455,-1.835718650890063,0.5634571210041385,5.607142857142857,0.557751515766329
0.03,0.1,186,0.005661581835369889,0.0008258119943743094,5.331031936451306,0.0013970514500506598,-3.017321836166881,0.5551795756545619,5.392857142857143,0.5562331656782592
0.03,0.1,187,0.007301217543572006,0.003123779567546934,-1.3725724353285784,0.0034971122301005303,-12.76364014516387,0.5610372825547081,5.0,0.5871829327202572
0.03,0.1,188,0.006402539535294838,0.0036180528983324484,2.6938143420483605,0.002659328806299986,-1.6221479244856123,0.5727549568752305,5.678571428571429,0.5919508595835667
0.03,0.1,189,0.14361188313153792,0.08099897147157614,45.83587849518617,0.08895025419084732,-0.021774453350161593,0.5712828949017298,5.75,0.7095123537151697
0.03,0.1,190,0.003621000320966886,0.0025257988730279005,1.0572667937132962,0.002411356504171697,-5.814262081279186,0.543244134538133,5.392857142857143,0.5826162750285595
0.03,0.1,191,0.005223311883197217,0.0026737491066303317,4.708485872082984,0.0018378059601883026,-3.0999151228159576,0.58751987372102,5.285714285714286,0.6077880074966078
0.03,0.1,192,0.006397134358855095,0.007934223678179054,0.051453751708227934,0.00762387519914638,0.523242525948073,0.5633295585641084,4.964285714285714,0.5761896427538087
0.03,0.1,193,0.06193866263057842,0.02329843945751776,38.413026303495734,0.023888263902285465,-0.3189957760949511,0.6019488347598563,5.714285714285714,0.6593065383849455
0.03,0.1,194,0.00851701081903082,0.005019443426710219,2.6334632062137,0.004718065437001075,-1.7343149129691255,0.5962328134509141,6.035714285714286,0.6053243360414431
0.03,0.1,195,0.009850473910266874,0.005636238132730028,8.87956035665126,0.006029323283728054,-1.4503594146504308,0.5981479911725401,6.571428571428571,0.6268472123221431
0.03,0.1,196,0.04297317341104806,0.02107297233864108,12.86131549626279,0.02058579904354716,4.658561950118146,0.5436061563132419,4.5,0.5444781005637847
0.03,0.1,197,0.006667515895623781,0.0009395017825936777,5.0333091774195395,0.0009936734993193973,-1.2041905300498001,0.5651013123284253,5.714285714285714,0.5898842043939031
0.03,0.1,198,0.042037286647098736,0.014923087462726015,22.30869465139396,0.01754647303598219,-3.495213200328635,0.54602070629624,5.571428571428571,0.6101846797537662
0.03,0.1,199,0.008731908914113864,0.0023273537410430367,9.584448181593984,0.003086145739388537,-2.264280455171795,0.5331177786977789,5.607142857142857,0.5340404885276546
0.03,0.1,200,0.06276702823260212,0.024826115157251093,27.822424260478034,0.020001976851279968,4.910130286780448,0.600307524521921,5.964285714285714,0.6561441983675964
0.03,0.1,201,0.003563012786997343,0.00463793452394068,-1.515608351872724,0.0035610754611739024,-5.628311341709207,0.6032202595742282,5.892857142857143,0.6125618889501017
0.03,0.1,202,0.0102425001065011,0.00997395133242348,-0.2386550643119373,0.009991714330573954,3.2108886430287953,0.5581805750705999,5.857142857142857,0.5630819099997793
0.03,0.1,203,0.03556276539856135,0.007895798651663023,25.201097513561972,0.0073336747153612105,1.120567404250238,0.593434781264549,6.0,0.6331189749599475
0.03,0.1,204,0.013938598216961674,0.003668642185905866,1.0734251325835942,0.005079816719302467,-0.9316909648472157,0.5863996373234448,5.0,0.6253364865235328
0.03,0.1,205,0.08556041888030347,0.011451461871616112,49.483687473700606,0.019088993603206553,-4.00652415166959,0.6553320991014318,6.25,0.7344264093397224
0.03,0.1,206,0.007279236735196013,0.0007954683023058756,2.7510041961506886,0.0007521119869139173,-1.3957706167601032,0.608616453252031,5.678571428571429,0.610770703965482
0.03,0.1,207,0.006901416472971666,0.005228797375821313,1.3955192661485778,0.00432586808023343,1.816730190628031,0.5730454439018317,5.857142857142857,0.6148168178206359
0.03,0.1,208,0.011606236676746125,0.0022316194488380225,7.6571188018849625,0.0034885364605558417,-1.0098105753052284,0.549127583002612,5.428571428571429,0.5598956711542568
0.03,0.1,209,0.0069093051173276555,0.006070409974262309,0.9096938498484898,0.004299231003278557,1.0637239619873355,0.5870157015599481,5.857142857142857,0.6007825830208552
0.03,0.1,210,0.008634920330935922,0.010575715309028661,3.4694867156059956,0.00909498762271159,-0.19509914157370645,0.5960404844598518,5.035714285714286,0.6063467552696276
0.03,0.1,211,0.012634673492263276,0.0006008325021143124,6.272264595813463,0.0021077096734472152,3.0106656708227226,0.5827968714396284,6.071428571428571,0.590649359174196
0.03,0.1,212,0.003720835914324097,0.005558825958320971,2.525405014401637,0.005006490605297536,-1.9482527367353366,0.5794227312394437,6.107142857142857,0.5911185044366802
0.03,0.1,213,0.07034825419015497,0.008564589996532061,48.31113254244874,0.0119708189735471,-5.206460288935394,0.6808088266809039,7.392857142857143,0.7506242324129657
0.03,0.1,214,0.06293978711206134,0.029244564358973015,27.04211078476975,0.032334035352735574,-8.576284779054797,0.6493906061275789,6.071428571428571,0.7042793351364107
0.03,0.1,215,0.012594774246759892,0.01650806940463141,-0.9649600112722775,0.017177453069329333,-0.4353619032937199,0.4914556723029037,5.571428571428571,0.5053058692680488
0.03,0.1,216,0.01184969009818336,0.0029825449729013356,5.852613190425283,0.0023009707837834364,-2.1306134908021668,0.575689955378432,6.642857142857143,0.6021120358054336
0.03,0.1,217,0.002135273471356975,0.0013786868021824486,-0.10846164506872924,0.0009926004598466457,-5.147717611220496,0.6087122956931346,5.214285714285714,0.6092557938602552
0.03,0.1,218,0.0013742261527027112,0.0024219125257523705,-1.3803436379592238,0.0014399204876151504,-2.4134217721178572,0.5984484190438443,4.607142857142857,0.628126201966593
0.03,0.1,219,0.006597150767831314,0.0010400749955855597,4.4525042304496765,0.000865705274828387,-0.6936708714639129,0.5902432222336339,5.071428571428571,0.616885655689472
0.03,0.1,220,0.016681593251738007,0.01350205557349807,4.524352994986515,0.01229109495575787,0.7702518483437947,0.5630970497242961,5.5,0.586948158920428
0.03,0.1,221,0.030207653861771606,0.0068036673218112385,23.01278959565269,0.006264270396158453,-0.29175458798194615,0.574088628758701,6.25,0.6045790064254303
0.03,0.1,222,0.019907708206127014,0.0013471612170822306,13.94269256042015,0.0021083828431442157,-2.587652127481334,0.5575113976087114,5.571428571428571,0.5748079062533864
0.03,0.1,223,0.008779134182225899,0.005717891932594667,1.115449396137431,0.005601133459836728,-5.562700676747842,0.5177278342591776,5.642857142857143,0.5403082479105712
0.03,0.1,224,0.006060729679062522,0.005394282274871725,3.986621748218738,0.0036703257772326098,-1.8797730504750423,0.5836030901718855,6.142857142857143,0.6302050982647946
0.03,0.1,225,0.010849523823331497,0.004898204937623221,7.795899626804432,0.005673891817818265,4.72168540788375,0.5398670192430927,5.607142857142857,0.5869908066609394
0.03,0.1,226,0.0028500888459361655,0.0011259381932530476,-1.86953210046327,0.0014965282778690667,-3.1920804908157265,0.5432414977659793,5.821428571428571,0.5790278901185593
0.03,0.1,227,0.008354372139235304,0.007418712566356829,2.3771294187066396,0.006655885476847481,-1.6858230698899017,0.5521045114811166,5.607142857142857,0.5828059971232589
0.03,0.1,228,0.00929169939553728,0.004828826627581269,4.912868126360706,0.0051938495358493045,3.079569156337641,0.5686904039391113,5.428571428571429,0.559946617098995
0.03,0.1,229,0.010789202143509664,0.005532268251328511,5.909243571364773,0.0059089155694536,-1.3402971490059012,0.5832479239092592,6.071428571428571,0.5942498544331529
0.03,0.1,230,0.005169569294945571,0.004105567733742413,1.8233680798327707,0.0033543851067704715,1.218811497222627,0.585414471067721,5.785714285714286,0.6145807062497008
0.03,0.1,231,0.003799794835868796,0.005683069246977865,-0.45795665807258956,0.005177715574109277,-2.2464315863362003,0.6082956055084673,5.607142857142857,0.6394479700608435
0.03,0.1,232,0.006072713872949095,0.0009903562537049927,4.605431626371105,0.0011678471027187346,-1.7021243917151405,0.5262261373838106,5.571428571428571,0.5309142180380118
0.03,0.1,233,0.0043976735948716905,0.0009451378292924479,3.3765385772923273,0.0014356326523739394,-3.6600990512512794,0.582733078761513,5.714285714285714,0.6092060649854703
0.03,0.1,234,0.13891543008046967,0.06536032133963526,47.62108718142034,0.07609176427615957,-4.252913675462087,0.5858316278669701,6.25,0.6786024482287486
0.03,0.1,235,0.008000944046533075,0.0012254622627508739,2.435996803191159,0.0018154844635713127,-1.9527666485446769,0.5603000513804794,5.857142857142857,0.543005445920324
0.03,0.1,236,0.10544023312462303,0.056455557111685775,43.551028375416934,0.06258351992288382,2.622484154664633,0.6405420407327925,6.392857142857143,0.7235219956551509
0.03,0.1,237,0.0064301999955742786,0.002249745814321338,-0.16693216271522715,0.0021698814136023124,0.6142667078683246,0.5898238365865767,6.357142857142857,0.6162458088222191
0.03,0.1,238,0.0640241926574245,0.024831689710917117,35.20076760177769,0.028492980978308276,-2.770094280420883,0.6356762649058946,5.857142857142857,0.7045206670321866
0.03,0.1,239,0.006770272952093887,0.0013236491647852244,1.810625513086298,0.0018389825355990478,2.0700232574499466,0.5384855916187073,4.857142857142857,0.5678488511370107
0.03,0.1,240,0.006385976008282009,0.00437209591987224,4.257544287997111,0.0038510178167495755,2.617113440864396,0.5914966544995783,5.285714285714286,0.6288583952738538
0.03,0.1,241,0.009252547719102253,0.005761415701504518,4.932086360307949,0.006456449468247061,-1.4145022994042051,0.6047152521101705,6.214285714285714,0.6232020878120901
0.03,0.1,242,0.004652410867728656,0.003015861151790479,3.695084183729373,0.003037435639710377,-3.148744817636062,0.5416868222710266,5.392857142857143,0.5525127337075435
0.03,0.1,243,0.004516900529204732,0.0025691693087541594,0.2264714235293089,0.0026334037758836627,-6.209735709844135,0.5754398778218094,6.071428571428571,0.5797094090586749
0.03,0.1,244,0.031873642039154985,0.010336889696240064,19.1624840013113,0.008552118067941006,2.3166773947767845,0.6296455968032166,5.678571428571429,0.6571444186421702
0.03,0.1,245,0.02410461326961081,0.004606755468592325,23.70543948322964,0.005300314708575379,-2.985898718386977,0.560912364555084,6.321428571428571,0.5907361433027651
0.03,0.1,246,0.06511722573210584,0.02854945128141252,31.20245487252659,0.031865821279294194,-1.645402131464986,0.6063966417880416,5.428571428571429,0.6701177406045833
0.03,0.1,247,0.005086846661062474,0.0011540488881293582,3.362461106770534,0.0007156239881332214,-3.121110804894992,0.5934438720666023,6.035714285714286,0.6104255992539381
0.03,0.1,248,0.009992633164467607,0.010807518412564835,4.544687999147091,0.009852061297408008,4.233795992574717,0.592863733532406,6.142857142857143,0.6336500801473254
0.03,0.1,249,0.0015628610439572242,0.001961549877316874,-1.0890949215485932,0.001657929504718658,-3.465794114102285,0.5618287007167753,5.464285714285714,0.5668483995185614
0.03,0.1,250,0.02656653726458381,0.007393273168628675,11.364952734690045,0.0075644427473244786,4.420474694893083,0.560106498223834,5.714285714285714,0.5963637942992654
0.03,0.1,251,0.020146344473265073,0.008701453279752082,15.538331183984127,0.008181281714412458,0.19171529747674754,0.5903691494379727,5.464285714285714,0.6166850201989104
0.03,0.1,252,0.014733519587568003,0.003859282845459423,6.58748420144039,0.00351959270625485,1.7539054199810475,0.5629501090830337,5.75,0.5698538380962319
0.03,0.1,253,0.010770669277738277,0.002647604939160941,7.018828721121527,0.0042656461149887265,3.770217660841761,0.5988365515332078,6.642857142857143,0.6230282680942181
0.03,0.1,254,0.001959595627579581,0.001520946079164556,0.023635145646665023,0.0010089377891477126,0.7301681396780187,0.5893271467838782,6.321428571428571,0.5814026450581296
0.03,0.1,255,0.012492144055235403,0.006286821038838872,12.122171209158031,0.005439511218736952,-0.5588794443939378,0.5498219472903634,5.857142857142857,0.576549714408249
0.03,0.1,256,0.001898758250463187,0.0016779352294952628,0.00466314545905296,0.0012285124411193658,2.0668719094062546,0.6044188963545621,6.25,0.6206343920804231
0.03,0.1,257,0.0017373707202262875,0.0019250464411390527,-0.5540797916207888,0.0014068323994336216,-2.5891095727810978,0.5707077925680956,5.714285714285714,0.5746650262642437
0.03,0.1,258,0.004358929262260594,0.0034397537283661276,1.488361591438358,0.0032311932823295957,-0.5916414939679555,0.5376726273282585,6.0,0.5552813566242234
0.03,0.1,259,0.00407787253500057,0.003968594817225541,1.0186418276224742,0.004060616068596893,-2.5321838669244223,0.6034511306034888,6.0,0.6215207207592871
0.03,0.1,260,0.05711966505834153,0.023333015725280792,30.55787340556506,0.026304881579860783,-6.2142713805811525,0.5751134186375984,5.357142857142857,0.6294329327592338
0.03,0.1,261,0.01039928420173299,0.010064188605421796,4.450850413962759,0.008971031080431869,0.1516798382168171,0.567247708038554,5.285714285714286,0.5924177517578726
0.03,0.1,262,0.016986704943022554,0.013787533963617274,6.293710348846133,0.01225076198210914,1.927428510828501,0.5591836438021147,5.892857142857143,0.5937171801307938
0.03,0.1,263,0.007535654120387501,0.0023554637480093454,0.5228679363029775,0.001825888423487444,-1.607911443390094,0.6094430022495244,5.785714285714286,0.6058750048739376
0.03,0.1,264,0.02687885424894805,0.0013909077209777903,14.791875334469486,0.0006633305727539494,-0.17902836212171755,0.5286918270254145,5.071428571428571,0.5716037634035926
0.03,0.1,265,0.006678997626058341,0.0009224275803752292,8.198919900730393,0.0005081147711736385,-0.07012018504805913,0.6229351028101655,5.75,0.6245509634237738
0.03,0.1,266,0.007676309219201815,0.0029139846979220636,5.223925763360796,0.004183704137706153,-2.4241010026102856,0.5931268375747984,5.571428571428571,0.5994490766892424
0.03,0.1,267,0.1047767615108783,0.028702380138554827,52.14274757450843,0.036386193078279346,-4.858675951099447,0.6427601573331544,6.321428571428571,0.7431951971844686
0.03,0.1,268,0.002346091911597188,0.0016082032818316148,-2.268678808196976,0.0012189542893803415,-5.545245997443544,0.5460012625406108,6.035714285714286,0.5623468500401491
0.03,0.1,269,0.0015763940138826312,0.00013603259592257392,2.4753041772666413,0.0002579509492712812,-4.9442530246814345,0.5880754174388062,5.642857142857143,0.5929437573215623
0.03,0.1,270,0.009540308071437856,0.0002839056375684656,10.574219759092935,0.00046321770091262707,-1.8135845249313434,0.5384766988305353,5.607142857142857,0.5538584308555478
0.03,0.1,271,0.005394459506057379,0.0036665577741253562,1.8020816547356258,0.0032208260826151994,1.5897305187021686,0.5423853110725655,5.464285714285714,0.570369473419245
0.03,0.1,272,0.10079786794568257,0.048345317897078646,50.31730941566303,0.05203973160815924,-5.294804221528963,0.664956890011651,7.428571428571429,0.7684570330627765
0.03,0.1,273,0.011828292302917934,0.010363997403783272,5.254499100295912,0.010928707322966616,0.39964269879199793,0.6010007360609916,6.178571428571429,0.6448149266850387
0.03,0.1,274,0.03981920013938356,0.009960860648015659,26.066556799115034,0.012625880369614704,-14.018637746714708,0.632280029241039,6.642857142857143,0.6928908695970348
0.03,0.1,275,0.012569526582135917,0.004903705761777563,11.737554458092527,0.004899799510030495,-2.5500432097707346,0.6001929619907308,5.464285714285714,0.6131851897010474
0.03,0.1,276,0.0019506839844208302,0.0017295968806627226,-1.3969610035454803,0.0016939848053696598,0.9243979730058053,0.554089021316016,5.714285714285714,0.5652847362061982
0.03,0.1,277,0.009346962817926376,0.0019681793490076488,2.055917413929658,0.0036759090773074944,1.1329176013313618,0.5500855086671906,6.0,0.5788217426087052
0.03,0.1,278,0.017487233729574347,0.006632107144120985,12.62268640824045,0.007341476217134724,4.121213293393794,0.5882313394329204,5.75,0.614325242260666
0.03,0.1,279,0.007029028744942363,0.0031577116438804833,7.067613209171971,0.0037298682179559037,-1.6594544224884469,0.5535573317070808,6.285714285714286,0.5374408914512356
0.03,0.1,280,0.007425583384560348,0.006070210518663483,4.752569594800065,0.005713488020113797,1.2357914950616287,0.5653324281278439,5.5,0.5882637310724814
0.03,0.1,281,0.07499598986311672,0.022899114245567655,46.18132284579133,0.029970470703246262,-1.2955539127597149,0.6452486484812087,6.035714285714286,0.7095679868879925
0.03,0.1,282,0.013997652516843546,0.003260899889543358,13.858102317069495,0.004627551032149625,-0.9918431251368531,0.5715227919579171,5.785714285714286,0.5895674141610243
0.03,0.1,283,0.008788545571614107,0.0005384602692423692,3.6585099298355224,0.0010037339354850607,-1.810038029061123,0.603713450973163,5.714285714285714,0.6276405407630901
0.03,0.1,284,0.011068029182275426,0.0046087094049330835,5.6446826543812465,0.00439299309870789,-1.9799648148463593,0.5707430429704229,6.071428571428571,0.5970817549289735
0.03,0.1,285,0.003609089884279625,0.0016011505872612923,1.9650158288760242,0.002193681800715098,-3.306613420468134,0.5758313744534425,6.964285714285714,0.6018569640951439
0.03,0.1,286,0.004923025692361328,0.0010981656211532375,0.4289514480367321,0.0009620410478250682,0.7207692516587656,0.4856094749942997,5.285714285714286,0.48248552600815375
0.03,0.1,287,0.003744247638180707,0.0036666440306418403,-0.980368101701373,0.0025670163883352625,-6.266169656209911,0.5784094722716718,5.892857142857143,0.6260730653059972
0.03,0.1,288,0.012929693670017853,0.005749139683089101,4.695956918691148,0.006336888710480385,0.4553625522292937,0.5729638120052523,5.714285714285714,0.5985947438741914
0.03,0.1,289,0.01908257619595119,0.003817350262523982,15.94150629211713,0.004605341074201676,-2.137607213189663,0.6140865690075233,5.714285714285714,0.6324281016805217
0.03,0.1,290,0.005365870559020166,0.00017931045721303993,5.4509028291203565,0.0005230945570561976,-0.6346230533997167,0.5679932165146392,5.285714285714286,0.5690464882047489
0.03,0.1,291,0.0033567404952614165,0.00026048769671902416,3.3424449624494628,0.000418838739234797,-1.7152848512725807,0.5711390668881384,5.535714285714286,0.6025065676388814
0.03,0.1,292,0.0017072642920556058,0.001102779275082002,1.047975309413772,0.0011725543909554645,-3.9117107252769947,0.5623918011033372,5.892857142857143,0.5577161000365317
0.03,0.1,293,0.02098438046677044,0.005096101161392372,3.5896355303661758,0.0052192280158670085,-1.1968275319558377,0.4954680139082607,5.571428571428571,0.5329026287056379
0.03,0.1,294,0.023713422805064013,0.007901396857882081,10.813477060215092,0.007058619001280684,2.329680663571603,0.5414396009062663,5.178571428571429,0.5916507764018646
0.03,0.1,295,0.013082083560421457,0.002131062476988547,11.027698478948736,0.0010183740039171666,1.100115105121252,0.585341662369468,5.214285714285714,0.5900669962307696
0.03,0.1,296,0.003541266649586255,0.003032188042450021,2.1044610324324915,0.0024589578116347714,-1.1192750001076586,0.5800245696993046,5.607142857142857,0.6001347397022567
0.03,0.1,297,0.002622957665575898,0.00014444746761672864,-1.4679322862880895,0.00022261576138279035,-0.42546984620497597,0.5598399192327795,6.071428571428571,0.5287562725434234
0.03,0.1,298,0.009678068390764513,0.006425742620346681,12.83877646645781,0.00638468968456365,2.227378845597135,0.5977757152915324,7.178571428571429,0.6136291084226817
0.03,0.1,299,0.007112976190196266,0.002066505388880303,7.296761853160992,0.001655080901298768,0.6338389948530695,0.5306173078498447,5.821428571428571,0.5501604593576062
0.03,0.2,0,0.09236167028781814,0.04560999840233832,46.832304632086675,0.05331062817618371,-6.826811184383487,0.6178584183802928,7.25,0.714424629098309
0.03,0.2,1,0.019934515208333767,0.008264469700599261,11.541239368821664,0.009065737612466618,2.926855109223112,0.5811225271344836,6.035714285714286,0.5926119599120694
0.03,0.2,2,0.02174109242714671,0.011214822117884224,12.255253242548699,0.011786381467463589,-3.3487893422006985,0.4825079024713802,6.464285714285714,0.4729311245377843
0.03,0.2,3,0.08420113396327263,0.009150610337986134,52.84678973084632,0.013884611244080778,-8.812720546236074,0.642286351740203,6.107142857142857,0.7442503063080921
0.03,0.2,4,0.14978793541748123,0.06570843430283606,70.28010594311941,0.07641539534038944,-7.205255466363108,0.6192173375148259,5.571428571428571,0.7579945565892542
0.03,0.2,5,0.03884848852693424,0.017129070959738157,18.566425908765495,0.019518054362105526,-4.135071909553905,0.5188494427957967,5.214285714285714,0.5463095092074384
0.03,0.2,6,0.011166222833121209,0.003715500866137351,6.975375355662881,0.0043102167257749475,-0.7348955735040192,0.6097966551478559,6.0,0.6405981514588337
0.03,0.2,7,0.005416481080603511,0.0007926151593054706,3.273026325879679,0.0009691724841001808,-1.9454621040389004,0.5355668990552284,5.714285714285714,0.5589720458193042
0.03,0.2,8,0.011076620670688923,0.006474310786523032,9.394374425106397,0.006513940584273452,-5.21439566335268,0.6072922691345017,6.178571428571429,0.6298711282345589
0.03,0.2,9,0.049563425050279636,0.01798562469318758,31.88738484548666,0.021576909773165565,-5.47794331869369,0.5763728568080556,5.857142857142857,0.622729261164458
0.03,0.2,10,0.015281710244580417,0.004526593641239845,5.38891153107132,0.004749511598152726,3.4953972855075883,0.6038517181617823,5.75,0.6137050696812529
0.03,0.2,11,0.0032559443737350535,0.0003942997931574199,3.421759568248035,0.0005213763620692434,-1.5994561885148453,0.5862130367996334,5.035714285714286,0.5921329775056656
0.03,0.2,12,0.03758933050734315,0.014073396619974855,25.91548428829385,0.015499250704429014,-0.5212902729459566,0.5354848351629814,6.107142857142857,0.5964621456216052
0.03,0.2,13,0.007999811754956721,0.007856504256010413,-1.4663467824114396,0.0069777923339014655,-0.00036097322190660935,0.5788651424713801,5.25,0.5875149715320548
0.03,0.2,14,0.02670776559432606,0.015909624256014786,16.452824500743038,0.014457190860316148,-4.100206585896028,0.6355108933843845,6.035714285714286,0.6988045420909839
0.03,0.2,15,0.005221988094236013,0.003091329533429694,5.0870913381503255,0.002970855111535123,-0.8693422038405364,0.6023934276513059,6.071428571428571,0.6048281537208235
0.03,0.2,16,0.004633888256917507,0.0007514772793761183,2.3574021633765483,0.0017744847220325297,1.811364110922663,0.5519892196271495,5.821428571428571,0.5598017153655499
0.03,0.2,17,0.04698964698034524,0.022163122702708506,26.940104310051527,0.022678708967802816,-7.223089439459254,0.5859786517637334,6.285714285714286,0.6383071832358813
0.03,0.2,18,0.02528452689482829,0.0055558673532830555,23.215882851420144,0.005194849931299676,-0.14777178410929537,0.631994151736132,6.214285714285714,0.6575424910427549
0.03,0.2,19,0.0671722082573312,0.025961154616864483,34.614395913712556,0.0294791706501897,-0.7683210018487993,0.6238211625606273,6.0,0.6961785175274242
0.03,0.2,20,0.015979042772097326,0.005477486381796718,12.341476980221833,0.0052526811866246935,-2.4305089868548464,0.5651788585801737,5.357142857142857,0.6011779698207992
0.03,0.2,21,0.10007656288588464,0.018951699152224957,55.11977437907666,0.029110018700090112,0.7282804080619485,0.6122633314568171,5.857142857142857,0.7043356623408598
0.03,0.2,22,0.006739523466844193,0.003641857313116828,4.768550116209629,0.004015380938010831,-4.789852053219363,0.5863724124445951,6.714285714285714,0.5948513384508041
0.03,0.2,23,0.004150537996828712,0.0019596916331657602,-0.6048956126647246,0.0006784067415454071,-0.4350445786483969,0.5962541968368896,6.0,0.6012503703953748
0.03,0.2,24,0.03358514091329481,0.006889829552631781,14.813831160717532,0.006211885604399191,-3.187541883051182,0.5289085589457218,4.571428571428571,0.5533222763366281
0.03,0.2,25,0.009059008435134613,0.014000555235854131,5.943228205547608,0.013070330668490298,2.2385247909441546,0.5657566682631836,5.821428571428571,0.57293577102923
0.03,0.2,26,0.02019023825407998,0.013443075484605101,11.444276842615485,0.0115347773765213,-0.48696616516813646,0.546447976134275,5.642857142857143,0.5656560632430988
0.03,0.2,27,0.05162907980743389,0.01709794100379764,31.645724834697926,0.021154940672251654,-10.489965885369125,0.6096182460608276,6.785714285714286,0.6685316168194461
0.03,0.2,28,0.014869004875362414,0.0012162693688980242,2.4580199681861927,0.0008007273330225733,-4.119627665654235,0.5751157409844458,6.071428571428571,0.5979079442586588
0.03,0.2,29,0.03512020944341517,0.010676782248778865,19.29046700869652,0.013549828790692438,-6.233746731047745,0.6299577033318332,6.964285714285714,0.6685278650252926
0.03,0.2,30,0.1313414301698872,0.0355083758465597,66.45004648150535,0.0461833468019936,-0.08885966409781076,0.5884400913468204,6.25,0.6990262097573494
0.03,0.2,31,0.010109195462756258,0.01653020693311311,4.807867012018581,0.012506837179108521,1.9693373548437496,0.571899609119832,5.928571428571429,0.5828645673574566
0.03,0.2,32,0.02688910366452781,0.01567977782520781,17.639619325241416,0.017460310864243236,-4.686148914232224,0.5997331053553632,6.321428571428571,0.6419081009488715
0.03,0.2,33,0.007181818142655551,0.001573520017878408,4.366803079932367,0.00211152386372952,-4.081840190883611,0.5737579907863445,5.678571428571429,0.5879025429323814
0.03,0.2,34,0.006134816784453048,0.00428537834786421,4.720407306442667,0.0027777187263443187,-0.98934291865163,0.5546189612736756,4.607142857142857,0.5712475240107409
0.03,0.2,35,0.05821073734348063,0.02855277914107515,23.713778354876183,0.03331348571658968,-10.63678830828107,0.6131278847667085,5.428571428571429,0.6679024419457507
0.03,0.2,36,0.010682648510619817,0.012158451464146864,-1.9214920511643452,0.012450956798479266,1.7262681509863949,0.5252774310885806,5.107142857142857,0.5730493910473471
0.03,0.2,37,0.03808412228632276,0.015801135461106175,26.49430206982396,0.018476933689496614,-3.4517214145011033,0.5525709203513732,6.285714285714286,0.5747941563804433
0.03,0.2,38,0.01660969180318715,0.01344982748808362,3.427941058634777,0.014125434423396657,-2.1366767168092053,0.5648300141461984,5.785714285714286,0.611588313454918
0.03,0.2,39,0.005325114251886107,0.0023085172169934652,0.01895777442426076,0.0013472236453360173,-2.9094158657620333,0.49173822872803713,5.321428571428571,0.547618181276947
0.03,0.2,40,0.03544965989620653,0.016820909179048084,20.322339182916938,0.014267554072219926,5.473793052876327,0.5997730354899318,5.75,0.6499417383081231
0.03,0.2,41,0.09504511832164632,0.03839563558793336,45.439481709242365,0.04127213590532477,-11.669619991546488,0.6503547037328054,7.071428571428571,0.7497298569906092
0.03,0.2,42,0.001465190141545676,0.0018324876854438521,-1.099825256241606,0.0010764376276901184,1.2636808606964298,0.5840795558403674,6.0,0.5951156337408223
0.03,0.2,43,0.031322754338956454,0.012069835336049254,16.048847377834903,0.014138110114439816,-7.983176288339195,0.5988677330512022,6.821428571428571,0.6197232190810256
0.03,0.2,44,0.07459175484742897,0.005495667584246508,43.47645301993594,0.01047727831884803,-4.311565597428715,0.649671009702793,6.714285714285714,0.7191753258721145
0.03,0.2,45,0.016533423902701048,0.012795331888496003,10.823049254651645,0.012847815965000732,-7.907507882803117,0.5139984539682598,5.5,0.5701973636343651
0.03,0.2,46,0.00834793821886067,0.0013252566465460807,7.777998192542157,0.001251597623354159,-0.43747474980685297,0.5924846719544644,5.821428571428571,0.6168785343214809
0.03,0.2,47,0.010822998987209205,0.008457415348137994,6.156703420042059,0.007215896274911589,0.48683028360292724,0.5923695828010593,5.142857142857143,0.6151666701108405
0.03,0.2,48,0.0696204809321945,0.03118037837828671,30.44509522313382,0.02895562840976237,0.9011143182010622,0.6007646820907223,6.464285714285714,0.6536901830046229
0.03,0.2,49,0.017102809691427353,0.013426921573239617,6.333225098196048,0.01204778306498643,1.693915181439498,0.5653947013468785,5.678571428571429,0.6069158612031498
0.03,0.2,50,0.019350363293093618,0.003363047244010823,16.235464377592887,0.003336557606063428,-0.4866453490082942,0.6096505202814521,6.714285714285714,0.644605540360929
0.03,0.2,51,0.004701029450306789,0.001995507968639503,4.2085269938238055,0.001814369825241384,2.0477851064849992,0.5965461050066686,6.714285714285714,0.6129336183241771
0.03,0.2,52,0.004111050269711819,0.001831115392901699,-0.40879593494021077,0.0016634885687639024,2.4136224009621685,0.5737787063859227,5.25,0.592348650348129
0.03,0.2,53,0.0075506603010805145,0.005613707544916711,5.801479233229354,0.006302721886937199,7.025552855296638,0.5501843563294619,5.0,0.574962856357768
0.03,0.2,54,0.0044275059432218045,0.0015363896693049862,0.143697784493772,0.0009401241060454713,-2.6437580312792286,0.5888150697520143,6.035714285714286,0.6122987000873137
0.03,0.2,55,0.0120661380145138,0.010294096708602155,4.448353916797942,0.0077749935306421925,1.3291922638258693,0.5746047178051648,5.107142857142857,0.5954351498080592
0.03,0.2,56,0.015958165861585872,0.007945718292326051,9.154691005255225,0.007637017398243544,1.749227352203415,0.5454838364254366,6.75,0.5765405612375261
0.03,0.2,57,0.007897529441979224,0.0012092963972976099,7.830932500594287,0.0011351025138048362,-4.459229364269646,0.5958964724874483,6.392857142857143,0.6110656975819249
0.03,0.2,58,0.0046952220113575084,0.006908983143377525,2.511843004716051,0.005892260873096407,0.25640429674047976,0.5559033004207008,5.178571428571429,0.5758176820358579
0.03,0.2,59,0.017973765024203718,0.004605432780145691,14.11316839904157,0.0044285572183772656,3.5665727635662656,0.574684639000253,6.214285714285714,0.6153633928723787
0.03,0.2,60,0.050304067048384714,0.019446589097691265,22.37037148018244,0.01546766739951083,-2.8780080200908458,0.6388984820426132,6.571428571428571,0.6715158522280132
0.03,0.2,61,0.040544151855867565,0.019960010910270987,21.93393203318895,0.018873194775858707,5.30136771114789,0.6588355252534395,6.857142857142857,0.7121216108769763
0.03,0.2,62,0.021205263738156607,0.007133665712032637,8.874431895778685,0.006902235829675302,-1.6856656522092617,0.5679718956662693,5.571428571428571,0.5916865140014016
0.03,0.2,63,0.07334582039442339,0.007336037002303411,52.675586756772454,0.012532688829991345,-8.587935162102212,0.6270790755879263,5.678571428571429,0.7215756996312797
0.03,0.2,64,0.03882460098710168,0.021293323154325132,28.120966071502693,0.02245684134202448,0.20426284299009012,0.6009100534206181,6.535714285714286,0.659775422128266
0.03,0.2,65,0.004982427725451306,0.002821517402306778,3.733008846518137,0.0029864449726268168,-0.6071767222913232,0.5905605474721902,5.678571428571429,0.608154456195266
0.03,0.2,66,0.047246795485331027,0.007363721909495407,32.77189074784957,0.010877341526662889,-3.2916833053537196,0.6391493640293315,6.178571428571429,0.6920752919103306
0.03,0.2,67,0.008131343159509918,0.001530488772304123,3.035357583760051,0.0022757789549046636,0.5481983960757191,0.5706392520581144,5.642857142857143,0.6052149908558064
0.03,0.2,68,0.02352329671466753,0.029462635906580506,1.7075041761368936,0.027979009014509452,4.200989278127973,0.5654403008374066,4.857142857142857,0.6114913602542602
0.03,0.2,69,0.04830684871722036,0.022695931778423162,24.802371227686326,0.019172669361595816,3.694297369225353,0.6170407758063633,5.857142857142857,0.6804558848327138
0.03,0.2,70,0.011606234624927474,0.004657015015499445,9.186907974435826,0.005448058062802724,-0.06602257354334522,0.5972206226850096,5.071428571428571,0.6164277456925895
0.03,0.2,71,0.005169292285046505,0.0027845810109131557,7.112968791936699,0.00295166681736946,0.7046568982264224,0.5647626409806205,6.357142857142857,0.5751439684369302
0.03,0.2,72,0.00389634672574316,0.01122328125517942,-2.849208945824747,0.009525639648832554,1.0454249805810605,0.541742343379582,6.035714285714286,0.5595455070527418
0.03,0.2,73,0.004409875366586262,0.004017131313928853,4.171911614738623,0.0032184381288702037,-0.5536000847090937,0.5818028887032173,6.285714285714286,0.5701146934034069
0.03,0.2,74,0.11801964226677582,0.0694399091985092,43.53770926047334,0.07775385986706826,-3.8503298726298802,0.5977761322209064,6.928571428571429,0.7301024112564769
0.03,0.2,75,0.008767411018090055,0.0022035135175424215,6.591571862821667,0.001786649888373567,-1.2721753980946555,0.5639829630410368,5.75,0.5752194971830389
0.03,0.2,76,0.0035466731229650784,0.0004693355841413791,-1.0021197592965052,0.000508381430523987,-5.115588217384574,0.5664584050366706,5.964285714285714,0.5786512522309535
0.03,0.2,77,0.0543124067570975,0.021785114450534385,24.018653713634393,0.026908715326282598,-3.8596396960118966,0.5861864776568659,6.178571428571429,0.6432668841134808
0.03,0.2,78,0.009344625490248696,0.0032568232626997854,4.65224107615245,0.003490465256199347,-0.4998506441362167,0.5483270720621108,6.214285714285714,0.5872364234476252
0.03,0.2,79,0.011144075130421262,0.003334137105402703,10.148567399812967,0.0029219144879490413,1.0905855501638466,0.5626865178372381,5.571428571428571,0.5913314313279268
0.03,0.2,80,0.009415019764912618,0.009142842128173116,1.21076120672429,0.0071568655423087406,-1.865632448700855,0.5763593742516354,5.571428571428571,0.5742897160893142
0.03,0.2,81,0.0398696357133228,0.018898933245243305,14.7771132751312,0.020790766635476705,1.614479768496371,0.6110863824219663,6.678571428571429,0.6670141719900191
0.03,0.2,82,0.007100098440217406,0.0026456239495831007,5.07944862681605,0.0026915231339805904,-0.16668207865966642,0.5628078637237699,5.678571428571429,0.5859209217045773
0.03,0.2,83,0.1021983486198561,0.017902622116330924,53.35707891278556,0.025868595114672814,-6.699252131667994,0.639386891683339,5.928571428571429,0.7303315121021438
0.03,0.2,84,0.07614452749901914,0.024513395216149692,38.61771986031096,0.025927832059051182,-3.5393939667234284,0.6536565206719399,6.285714285714286,0.7515741303654221
0.03,0.2,85,0.03264026976369753,0.0023244565800803743,27.448066797299607,0.00412212621991162,-4.461162752611197,0.6183290755475649,6.75,0.6316205506204515
0.03,0.2,86,0.00209687055541509,0.0019975819466986453,5.40551307394612,0.001613668792301468,2.5877554758971733,0.5080628873868388,5.392857142857143,0.5040756931813118
0.03,0.2,87,0.017395283976490896,0.0005212195795885919,4.710247199055857,0.001357150509209257,0.013717139209650972,0.5483598557578384,5.357142857142857,0.5692624326248054
0.03,0.2,88,0.002161405824435971,0.0006436029578778808,5.046753794384102,0.0006015573330099936,2.2912055097897146,0.547552261538265,5.25,0.5467711207063275
0.03,0.2,89,0.05974744176934711,0.03208545271534915,31.663880634725956,0.03150837693971326,7.696464917392523,0.6283267069473084,6.321428571428571,0.6843130209169415
0.03,0.2,90,0.031162402008217713,0.011222104062497334,27.059486560970516,0.011516055876983579,0.18644887476265617,0.6732653859668042,7.321428571428571,0.7038916329765024
0.03,0.2,91,0.010060505399551098,0.0017761944130370254,6.900933919414854,0.0026825216196374527,-9.963378527203625,0.5377447524876133,5.857142857142857,0.5366817516117035
0.03,0.2,92,0.05520066324893412,0.031298407681851236,22.585461116792953,0.033795676151537515,-8.140277857599719,0.6299352814640818,6.035714285714286,0.6792196837467868
0.03,0.2,93,0.08364294936130846,0.019692181379691035,53.248112733058214,0.024040457042423816,-10.37229640562922,0.6131077539494898,6.607142857142857,0.6633869716010958
0.03,0.2,94,0.0888698038421267,0.03943777247440159,40.94047827706937,0.043285894948150785,0.5357815740113949,0.6671411091407039,6.964285714285714,0.7417060366584185
0.03,0.2,95,0.08068547187741738,0.021246151270445622,54.80632680535518,0.02636475945465219,-8.893934988191836,0.7003826613232759,7.464285714285714,0.7900854423843837
0.03,0.2,96,0.0031822412093406483,0.0015454732195556596,3.0275024329177427,0.0015790857805950162,-3.7098015930054657,0.5809966753461272,5.75,0.5787984171110059
0.03,0.2,97,0.0009114506881528552,0.001868515860170231,0.5579156424954306,0.0014656482074189019,-2.4173876621628856,0.5582283856733573,5.464285714285714,0.5713303350597103
0.03,0.2,98,0.009137081697431939,0.0036747358053833916,7.257253749972098,0.004923909900257895,-0.788990625866783,0.6077235800077952,5.321428571428571,0.6143448561979294
0.03,0.2,99,0.006848806914323656,0.0012228223384297182,9.951196276840932,0.0007879585814494965,-2.5881916574072172,0.5635544403105615,5.428571428571429,0.5674202212280124
0.03,0.2,100,0.10368069495102376,0.042159018190472,53.087955499934104,0.048237630783863096,-0.8585414268071029,0.6711698024127873,6.75,0.756089630885365
0.03,0.2,101,0.0033111450978852365,0.0015250276562173328,-0.7491128236280531,0.0010229901379914296,-2.0667710911970403,0.6021143126546141,6.571428571428571,0.6271729545571578
0.03,0.2,102,0.06980711181299229,0.028968020220497576,40.60902158526488,0.03452639766895469,-3.8718425321504717,0.6022731141648527,6.714285714285714,0.6589238754981493
0.03,0.2,103,0.003992026856017759,0.0004653468470870214,1.911145387338242,0.0007419913228437621,0.5135250815441262,0.4802937373417268,6.142857142857143,0.48658153973139207
0.03,0.2,104,0.1400016448955401,0.0539905078235278,70.11051369724036,0.060272113739198586,-1.4187890430667522,0.6478436160972889,7.392857142857143,0.7947052789921389
0.03,0.2,105,0.026190648823160634,0.0008027890332928784,25.370020277790406,0.0017513589398141904,-6.184368071259409,0.638482435442607,5.464285714285714,0.6476235419168774
0.03,0.2,106,0.029794736092560403,0.0050091941918719305,25.776370048876952,0.005303848608656492,-5.302996418273267,0.6190992935632657,5.785714285714286,0.6390245805935449
0.03,0.2,107,0.12862378991170964,0.06961108392934431,43.88948825047691,0.07957605831069145,-4.458940614017976,0.5995677944353853,6.142857142857143,0.7063402670797649
0.03,0.2,108,0.00866870529229511,0.0015542929117495156,3.5170814980641105,0.0022510030534061537,-2.489165284414554,0.548733310826794,5.392857142857143,0.5638720398601875
0.03,0.2,109,0.14395154568847562,0.0802286450685073,54.88100063677018,0.0871240150135839,-2.4700024181264837,0.5987105352167388,5.928571428571429,0.715784367813708
0.03,0.2,110,0.017852252429088104,0.005859326561374342,10.225728454510696,0.006230942015600398,-0.5183630186784001,0.6115207161520896,5.571428571428571,0.6241551742866553
0.03,0.2,111,0.005300402886048014,0.004837048033662187,1.020590062573613,0.003945545199620581,-2.887889815125144,0.5850056045904439,5.321428571428571,0.5797988586710257
0.03,0.2,112,0.00453339044258467,0.0009957189322357316,2.9058226737889945,0.0018089006004473026,-3.1318887598748213,0.5473207577044074,5.821428571428571,0.560647005652601
0.03,0.2,113,0.025851869259604403,0.00880454936297096,20.55929785204042,0.010469697017662252,-0.7655116851973105,0.5680014816613929,6.642857142857143,0.5659870157445248
0.03,0.2,114,0.08187097929765716,0.025029939442876428,51.20198602554074,0.03171609090489132,-4.27451742237254,0.6096144475204458,5.892857142857143,0.6915114666522255
0.03,0.2,115,0.01681643362494828,0.011232463063437127,2.9721273939796524,0.011418323091694101,-3.3380932450884018,0.6062681300897819,6.571428571428571,0.6321165317724837
0.03,0.2,116,0.011548155736561195,0.0012464044923526073,14.437873851420525,0.0010099244876499265,-9.082351624547158,0.5928844963265316,6.714285714285714,0.6233915282707673
0.03,0.2,117,0.10217476781063405,0.040277536374611046,48.598826164595756,0.04147381137745813,-2.736083542600364,0.5790458074540746,6.107142857142857,0.6705487141276238
0.03,0.2,118,0.004819128960366163,0.002239518793978004,1.550922345999254,0.002477462216717776,-1.1250991206757799,0.555811018992821,5.428571428571429,0.5659668284767874
0.03,0.2,119,0.03565568303296496,0.016450501717482593,25.545827999077925,0.019307733165978423,-2.826548966543489,0.5667703150618946,5.285714285714286,0.5953289830861022
0.03,0.2,120,0.09662899541660445,0.031408007619063774,57.99387306752194,0.03832166697099682,-1.1977287368874983,0.6857713471781972,6.535714285714286,0.7750193032575265
0.03,0.2,121,0.041882913268573775,0.013180542109342327,28.285205754333663,0.014278278372107864,1.4547076564672163,0.5831801860621723,6.285714285714286,0.6281103498819123
0.03,0.2,122,0.006034078578825304,0.00022553669264375602,4.687917970954705,0.0011454612013872688,1.4349507167172533,0.5628622051667163,5.214285714285714,0.5719940304629894
0.03,0.2,123,0.09543617078212799,0.04577548736817103,61.72300750878245,0.04492195021952549,-3.123843058463237,0.6702648320243548,7.75,0.764460084810363
0.03,0.2,124,0.010259120895971774,0.0024077074319913874,4.303306763830013,0.003810620914901112,2.9260656558854614,0.5303066362612296,4.928571428571429,0.5481319759073862
0.03,0.2,125,0.007403774377402941,0.00369737276590372,11.241576493633374,0.003982047495105485,-3.669460855898668,0.6266840681532937,6.214285714285714,0.6290947281302349
0.03,0.2,126,0.06797082334343975,0.0476838413120866,45.41823623772768,0.04349417342469821,3.4112284705017353,0.6171858402675694,5.785714285714286,0.6998536966244228
0.03,0.2,127,0.01507133653224403,0.013528356139213271,3.9905309598031145,0.010755289107354746,-5.301334908850161,0.5973574177827912,5.821428571428571,0.6288641889291685
0.03,0.2,128,0.032731133745051204,0.015130276659809828,13.470209804354832,0.01850673714914227,-11.102630498178646,0.5390915716080422,6.107142857142857,0.5634848406217476
0.03,0.2,129,0.05324996498094709,0.010521463527744551,38.873867439375786,0.012397251000390982,-3.4298402228267832,0.6824249242006181,6.464285714285714,0.736241865314402
0.03,0.2,130,0.1203573528515396,0.05855919070911175,55.19033770786487,0.06264230886571322,-0.20919113781178092,0.6556879632305239,5.75,0.7748478472705554
0.03,0.2,131,0.083689066884792,0.02815597070207588,40.58492303292367,0.03538076337886506,-7.232283807412888,0.6287636766204149,5.642857142857143,0.6893912704430473
0.03,0.2,132,0.11127751553385454,0.0461871263730917,47.868176732110065,0.05658579695543238,-12.971532711111456,0.5845343128617413,5.821428571428571,0.7103775697507946
0.03,0.2,133,0.07251828579621714,0.01732006817234203,58.0873175950501,0.02100640079454544,-15.632299041949508,0.6546697826642764,5.535714285714286,0.7469168361667082
0.03,0.2,134,0.0065565600404247715,0.0016673238745939564,5.1914108084139245,0.001383523326971578,0.13857992896786678,0.6116103855533362,5.964285714285714,0.6300003488766226
0.03,0.2,135,0.08979612232001237,0.018778674991212076,51.881344586657285,0.02693372064512696,-8.852036612922921,0.6631715259423838,5.714285714285714,0.7403914301155843
0.03,0.2,136,0.12380471326777469,0.05020207392013441,46.18062263776687,0.06134800467948041,-8.189597837224227,0.59428726659263,6.535714285714286,0.7081242401705294
0.03,0.2,137,0.055861414451036207,0.020131668992335327,31.118646387698405,0.02080189513168213,-5.441837159021077,0.6246472256956884,7.035714285714286,0.6546796508182047
0.03,0.2,138,0.004373426576412202,0.0013436023035381052,5.367111291545332,0.0011742924169195028,1.0235575425964498,0.5690303164401873,5.75,0.5799298395382284
0.03,0.2,139,0.0033439542209890085,0.001162113657600059,0.8332705127099871,0.0011632257186428487,-6.2021984655975,0.6045663018374566,6.0,0.6333183732636969
0.03,0.2,140,0.008664201723299252,0.008810443941800236,6.803118803397543,0.007652208694349174,-1.378008277241662,0.6102088578034858,5.607142857142857,0.618873161098455
0.03,0.2,141,0.006329956928570858,0.0030708413330670886,4.618457186557587,0.0016556497825837688,1.2433142115592564,0.5208390642917509,5.821428571428571,0.5068865313260404
0.03,0.2,142,0.04366449954595572,0.01898203815085179,20.151277851156816,0.023056622033799126,-10.038615918476646,0.6697094205279759,6.857142857142857,0.7205628862031397
0.03,0.2,143,0.032646820846729575,0.010662009343523989,29.23225079849549,0.01356123830648137,1.26299872016214,0.5488944700613393,5.571428571428571,0.5868464581411095
0.03,0.2,144,0.0399148759728347,0.021569018868596593,18.8008525073771,0.024507822383256033,10.169538699673078,0.5563676832388893,5.035714285714286,0.5886502362792954
0.03,0.2,145,0.020786619810685074,0.005509084768649265,12.799947543462801,0.005167755764317272,2.3090252772357664,0.5483852334016361,5.571428571428571,0.5780087901720655
0.03,0.2,146,0.0368787863539842,0.012138596540885073,24.423725704825017,0.011161948794919777,3.6730129343809303,0.5466337410735129,5.678571428571429,0.5830881763006899
0.03,0.2,147,0.011891379974394796,0.005031756687934549,2.396184362889007,0.004553759417140179,-1.7435643801741303,0.5465886875613157,5.142857142857143,0.5612079541999075
0.03,0.2,148,0.008149874181204315,0.004543696728109508,3.727551780713886,0.005313231300622577,-8.161098642106026,0.5833652968852575,6.0,0.6030802903914826
0.03,0.2,149,0.0676187818356085,0.025395359222901502,43.58011128624613,0.028215172903978313,-8.848587529198829,0.6373922442210532,5.821428571428571,0.7371641830535371
0.03,0.2,150,0.01263520640669643,0.01098339329023474,2.9486881926167428,0.01217446652079467,-0.2580379152091344,0.5378743589220246,5.857142857142857,0.5275040081457989
0.03,0.2,151,0.011702476642669287,0.00034245470388451384,16.35870935209302,0.000347699728601315,-2.7408384257896805,0.5502009017465831,5.178571428571429,0.5662358411701784
0.03,0.2,152,0.14420112621707476,0.06337617438430551,74.08445861791388,0.07430441101869469,-8.926249884768348,0.6186781859981609,7.178571428571429,0.7846512149845895
0.03,0.2,153,0.06318362081836151,0.013206735170171563,33.577804064967154,0.009741848732604926,1.4416217068731594,0.5735441795008024,6.285714285714286,0.600296690473477
0.03,0.2,154,0.047974122581053796,0.020093939366814532,24.674459816778626,0.016860510780062263,0.785345684794919,0.6007797998307167,5.821428571428571,0.6540700999402022
0.03,0.2,155,0.002530376914820715,0.0016895983498634091,-0.2809444397411672,0.002353994226096295,-0.8357756086849596,0.5229668058993844,5.714285714285714,0.5293888169909563
0.03,0.2,156,0.07345442898252526,0.020335795134238988,45.974502376238966,0.020622176509716567,-5.792366734876775,0.6029941043460162,7.392857142857143,0.6678276876987033
0.03,0.2,157,0.010689569200957018,0.007169845346029903,8.734075447262788,0.005251524234003424,1.7101898528581596,0.559685981657904,5.5,0.583691199258034
0.03,0.2,158,0.06493503855108804,0.019596743401836546,32.85732561409925,0.020110147236906756,-7.194338326217239,0.6216954385325045,6.357142857142857,0.6801460852082443
0.03,0.2,159,0.016551726569670997,0.002010750215002789,11.53784761090779,0.0014302385919146704,-2.398096417041586,0.5736515671678072,6.071428571428571,0.5966287836209099
0.03,0.2,160,0.0556152837433719,0.023301123130862317,37.81910570714891,0.02701957086049075,-8.15208410499334,0.5533436471250515,6.642857142857143,0.6390851926889038
0.03,0.2,161,0.01972570690722537,0.009497410094151471,9.176928292699216,0.009978936656034916,-1.9302556092111065,0.5653326453268498,5.785714285714286,0.6009041693150301
0.03,0.2,162,0.0030286919717245546,0.003787713764847383,6.369388479828539,0.0024830728749895004,1.5668084418238568,0.5820462413441885,5.821428571428571,0.5889074102013225
0.03,0.2,163,0.025269120019688757,0.025796129880795233,6.609063360561635,0.027160961919835986,3.7538227101686723,0.5408626897977583,5.5,0.5672707630260647
0.03,0.2,164,0.029427891412675312,0.0030754096546340196,21.29824525984655,0.004222133585615204,-1.7891895611481725,0.5960904251056033,7.035714285714286,0.6175899267968131
0.03,0.2,165,0.01088420142497557,0.003282611505516049,3.197584969178299,0.005693715519437732,4.02392567308515,0.5425705675888502,5.785714285714286,0.5643448665078197
0.03,0.2,166,0.008459542557902808,0.0014776874481530246,10.007308775830134,0.0013672413716043989,2.287327648600827,0.5748817941947484,5.642857142857143,0.6014979787510751
0.03,0.2,167,0.01905652767738867,0.014734377212283148,7.237566783831038,0.014843654906134528,-3.6290442533284115,0.5767882323275081,6.035714285714286,0.602435907172586
0.03,0.2,168,0.003971886655652946,0.0028590976869131953,1.490531821546919,0.0022322002832394286,-8.149573943638188,0.6012589155722898,6.0,0.6056625004367244
0.03,0.2,169,0.07784751346836569,0.012231509615878811,56.098950283687266,0.018503264675913924,-3.262917841267599,0.6657705353318372,6.571428571428571,0.7493960579536726
0.03,0.2,170,0.011735811531215855,0.003790871225298789,10.51918239685718,0.00422952300042464,1.5450419593789018,0.555309577364832,5.285714285714286,0.5786062307011117
0.03,0.2,171,0.010142880232476932,0.0033548411655073183,5.270258286232964,0.0025049273367027006,-4.470081919797508,0.5734259544157542,6.035714285714286,0.6318280359014112
0.03,0.2,172,0.08310211722590857,0.042189098945822734,42.25013592815694,0.04637942383873032,-8.395252015885182,0.6606520334591697,6.571428571428571,0.7395403059395009
0.03,0.2,173,0.002123054945107683,0.0019428657750304222,3.3042549425858474,0.00183503552674578,-2.3638845109575946,0.585994836261851,5.464285714285714,0.5835903534452116
0.03,0.2,174,0.07466774057880342,0.00737661781382725,47.14910257825136,0.011258067112676554,-8.541366770789011,0.6361957398966354,6.535714285714286,0.7351638330302536
0.03,0.2,175,0.0073848699350233535,0.00527493042744753,4.531423304344609,0.0037902734718609664,-1.5644695174921328,0.5446014452927207,5.607142857142857,0.5581087207684001
0.03,0.2,176,0.05671747849969324,0.022711999465591645,37.76821517789929,0.025976620471109112,-2.4279726138226656,0.6209325641883384,6.857142857142857,0.6740850868993731
0.03,0.2,177,0.12603883158979834,0.0595793288391742,41.661928276514246,0.0698742651602431,-2.4708663660972547,0.6186872438332147,6.428571428571429,0.7188912355931042
0.03,0.2,178,0.0107686661742129,0.006528589028499822,5.01631488627685,0.005509974734351507,-0.8800176064450321,0.5730404215232741,6.25,0.6027976284094423
0.03,0.2,179,0.09947374417580426,0.006906146606942172,51.56541341725124,0.011376340390830037,-9.16125338997288,0.6056035310868669,6.0,0.7145554691475005
0.03,0.2,180,0.13829046977125908,0.06792143259855618,55.98157137615096,0.07809444749493441,-0.9187202680941245,0.5892434829671381,6.0,0.7085118719214323
0.03,0.2,181,0.006175361910885999,0.003102377468863317,4.832695655313425,0.0024954511687710667,-2.2145137575317713,0.5398499999640609,6.035714285714286,0.5532399883259856
0.03,0.2,182,0.001150403119609773,0.0005397094889264755,2.936531161934141,0.0005449772590871512,-2.73210149764202,0.5764988854481349,5.714285714285714,0.5972696162142406
0.03,0.2,183,0.10298007237094116,0.05869573878480756,51.848771083723136,0.05977452513481796,6.339414971735948,0.6208514588632095,6.821428571428571,0.7179732128033084
0.03,0.2,184,0.033815168747436154,0.008037349091213477,22.2900854219012,0.008730830067639596,-1.904060888791264,0.5818474386994487,5.678571428571429,0.6165441619540704
0.03,0.2,185,0.045272436670440605,0.0297600245519509,17.01572006774801,0.03097836566156973,-1.2029396295545307,0.64107403892562,6.071428571428571,0.7008946032457817
0.03,0.2,186,0.03199357356572733,0.013903515871888521,18.52113340528416,0.016347454268782036,-3.365917517698184,0.5911271021886945,5.535714285714286,0.6197989791710096
0.03,0.2,187,0.05541103716563856,0.012788599142198993,31.631005321412335,0.01641668820398424,-5.872513123584649,0.6261215950919611,5.392857142857143,0.6855799203292934
0.03,0.2,188,0.03795484834393903,0.014224023697169656,20.866298770290342,0.01665384925196735,-0.3796981427003061,0.5533425076885642,5.25,0.5716557654834143
0.03,0.2,189,0.0128104817770771,0.00526106135714963,3.7058404556220714,0.0053784560021118075,-1.8866588864022826,0.5586560209945967,5.071428571428571,0.5749727639106935
0.03,0.2,190,0.06737143420912142,0.01618878352492157,33.545143061314775,0.014445270275916784,-0.710771452278029,0.6208724920329824,6.428571428571429,0.6796146581511266
0.03,0.2,191,0.11582033797383966,0.05191546540709802,56.866224942919274,0.061007541343342686,-4.735743626097786,0.6378627261395644,6.142857142857143,0.7291726100458936
0.03,0.2,192,0.035020542016401944,0.020273653855691125,19.264620267401853,0.01766872266039206,0.7851549579237656,0.6093512174230004,6.142857142857143,0.6648155703239339
0.03,0.2,193,0.019817795457851232,0.007341728625520621,10.204895898826502,0.007696484472502983,0.8651874996609479,0.603477626408145,5.821428571428571,0.6260321476153368
0.03,0.2,194,0.11004474160947085,0.020167966954384327,54.16725715254137,0.022221263321816412,-4.595899481924576,0.6282772740999369,6.5,0.7076733006651976
0.03,0.2,195,0.1281291697128379,0.056162699189123394,39.05099585058043,0.06668779464233171,-3.6036304601963614,0.6327955074255243,6.678571428571429,0.7262941289636794
0.03,0.2,196,0.0059248309089043796,0.0014148640415722192,3.429259167827761,0.0006678186743382747,0.9167296766558953,0.542741457336401,5.142857142857143,0.5731879660287211
0.03,0.2,197,0.06287549114323919,0.010950482501614891,55.40726668075797,0.014444186968312152,-10.83373590681822,0.7067117266855057,7.714285714285714,0.8079130528846417
0.03,0.2,198,0.02991486227682814,0.022100930389392568,13.147295095304287,0.022723602899653396,-1.8873742171646863,0.5751939733055355,5.607142857142857,0.6126063371494695
0.03,0.2,199,0.022063153456052406,0.001073976139762931,14.85114238294517,0.0005530331482511319,-0.15845572772843752,0.5833410502469044,5.464285714285714,0.5929199590776826
0.03,0.2,200,0.010441056481659576,0.004559346602723817,3.3941124049601967,0.005068868631170323,1.1905306009450765,0.5749353180632452,5.035714285714286,0.5795260338329051
0.03,0.2,201,0.07707668378466888,0.02514852880391641,37.476701423901595,0.032177148466855696,-5.579418568428953,0.6319727529019702,6.0,0.6959264432290855
0.03,0.2,202,0.025105419744093638,0.013214049851122235,19.240121389898423,0.012229097897138939,0.22137619628917568,0.5947383537409757,6.178571428571429,0.6484187412256863
0.03,0.2,203,0.0060185307485180195,0.0005601320753839151,4.181089260060304,0.000944104129672551,-3.4208915009017367,0.5127002145800036,6.107142857142857,0.5073139240482266
0.03,0.2,204,0.08994087595659389,0.040377457333249864,32.83258571730518,0.049590653533163276,-4.70882127246405,0.6129784579160908,6.285714285714286,0.6877671257949071
0.03,0.2,205,0.024513397948993553,0.013680721560002574,15.380900792288847,0.015017348487827509,1.03555063813594,0.5635098314782668,5.571428571428571,0.5821591194138795
0.03,0.2,206,0.030291472259537933,0.002352240652311495,32.46090921338534,0.004335595265659479,-1.8320114570854003,0.5916454466769558,6.821428571428571,0.6236030670987613
0.03,0.2,207,0.04668781532944154,0.006861101476773581,44.56326520923698,0.008549507529504397,-5.967865532316121,0.6683501906028803,6.285714285714286,0.7208838506842052
0.03,0.2,208,0.0025042795892700094,0.005201886595956616,-0.831005884476203,0.0033932405464639523,3.3446828026330024,0.6362564774620478,5.178571428571429,0.6482845919532334
0.03,0.2,209,0.04335514006902413,0.007444283034906931,22.830950034146866,0.006054666395759658,-1.2561273275798992,0.5942503439504092,5.964285714285714,0.6276836008992055
0.03,0.2,210,0.009422023837968365,0.0002758973804543291,4.8981915132975855,0.0002694746931863592,-2.7910675901674247,0.5855347769820682,6.392857142857143,0.5647850434937298
0.03,0.2,211,0.003479353233054136,0.002308070729933305,0.17212737792265406,0.0025205156678626594,-2.502179893313117,0.4974855723867454,5.75,0.5060485334002796
0.03,0.2,212,0.055012235350620636,0.010907236691379336,39.212795020993944,0.01594642964582119,-4.123487799526316,0.6214942619943906,5.428571428571429,0.6683586319512114
0.03,0.2,213,0.014029420652955885,0.004488019975463104,7.3258931867070105,0.0034920112758377547,-3.0564680451288098,0.5662438502694134,5.071428571428571,0.577348082122308
0.03,0.2,214,0.06759789953922178,0.021613740907886935,28.433698079043296,0.01801826523904868,3.3428604984351202,0.6131307451623191,5.892857142857143,0.6622333099865454
0.03,0.2,215,0.08966935807477379,0.005956490960941183,59.43564655189829,0.01230468030077641,-6.292292083249113,0.5908966194864195,6.678571428571429,0.6919472380460734
0.03,0.2,216,0.013376699370050676,0.005388399859709706,9.62328944173106,0.006126591514899735,2.264585490360048,0.5527941531859375,5.214285714285714,0.5808510407917038
0.03,0.2,217,0.016903466647129096,0.007777110621171673,9.520378677190763,0.00878699326071751,-0.69357329108495,0.5286674766502019,4.964285714285714,0.5507525990943762
0.03,0.2,218,0.1068296697488939,0.04113697142092106,58.199009845916464,0.04723011233092653,6.133688142246991,0.6215164789637507,7.142857142857143,0.6951627368626213
0.03,0.2,219,0.00807951353576577,0.0002607107074303561,5.060693787758974,0.0005144973398277457,-2.292972974336616,0.5413260357694474,4.642857142857143,0.5547015988140025
0.03,0.2,220,0.029532369795247888,0.016682870302769853,16.608331155022313,0.018270920556366102,-3.0366781223051666,0.571265329944075,5.714285714285714,0.6052591473607227
0.03,0.2,221,0.10380361714721932,0.014186969436901727,58.491832915489056,0.02150803244743313,-3.3702244797163936,0.6153191670542081,6.285714285714286,0.7083408987390708
0.03,0.2,222,0.028607866106728174,0.010691118741638632,15.22833145163539,0.00999474455840039,2.390890911037227,0.574403897867418,6.214285714285714,0.6079189783053811
0.03,0.2,223,0.008719076063802648,0.001704255519536763,4.919331640800067,0.0013985872964300927,-2.6422339947959017,0.5384473659042194,5.035714285714286,0.551718097670779
0.03,0.2,224,0.004964746116458679,0.005090946413710666,9.281643438202584,0.005353477103170618,-1.8713416151832594,0.5881837209680396,6.607142857142857,0.6084203910092709
0.03,0.2,225,0.02080641214848835,0.006506355354791678,10.561512119913573,0.007265015627321443,-4.76480302235539,0.5963019780437696,5.785714285714286,0.6338176435221319
0.03,0.2,226,0.09125825466711995,0.015630876884938992,57.83817903460172,0.020689810148368157,-3.1031484543371826,0.6342316215637779,6.321428571428571,0.7236007028649389
0.03,0.2,227,0.0028583750299917715,0.003509384481604281,-1.6390849801476481,0.003138427167816448,0.07276109267051349,0.5023929064477898,5.571428571428571,0.5423460454663841
0.03,0.2,228,0.05708546931594555,0.003793830569605891,44.39557818798128,0.00511119231266372,-5.1377246170071755,0.6736748863427907,6.535714285714286,0.7510412548944757
0.03,0.2,229,0.07563485016846304,0.02945835210675598,51.57311646853051,0.03385965680299363,-4.733303460997969,0.6390929356707545,5.928571428571429,0.7213523119734924
0.03,0.2,230,0.00865066747414112,0.0019517264175269902,2.8214660320930327,0.0024445555277304728,-3.3161858520472927,0.531977767403857,5.142857142857143,0.5366131832987163
0.03,0.2,231,0.020179222899483956,0.009100340146460596,11.380815969473124,0.009047655240784444,-2.6650690354466255,0.6084840434004309,5.678571428571429,0.6248644041996739
0.03,0.2,232,0.011034474479782919,0.0013306512056983964,8.231336232306186,0.0012635590288157653,-6.275301825576378,0.5931965813452713,5.857142857142857,0.617310081174995
0.03,0.2,233,0.0021466525559915937,0.004279944018164332,2.0480697574232543,0.003344437663845172,4.5168447995660115,0.5213829308749032,6.107142857142857,0.5280507642492702
0.03,0.2,234,0.008326247564056047,0.008725636876431263,9.907026608790554,0.007342951044981417,3.9111609585940337,0.5822473440644726,5.678571428571429,0.5872863333741387
0.03,0.2,235,0.09477134241915557,0.03251593242965484,48.60823998989366,0.03805996707990439,-7.230390092026762,0.6005211141412327,6.821428571428571,0.6797311045878957
0.03,0.2,236,0.13812390335172464,0.03845236743811114,63.94028817002476,0.04516180291116029,-1.384452924714618,0.6322124927185968,6.071428571428571,0.7567725278303037
0.03,0.2,237,0.10212505100341239,0.02205565765162425,61.72057267201523,0.027896858897967024,-4.985528685184694,0.61847970431747,6.535714285714286,0.7274123849068621
0.03,0.2,238,0.09449453505124661,0.042750665861405676,36.75819957232111,0.05117973832974061,-5.340075077652732,0.6086727418799235,5.714285714285714,0.724289876269802
0.03,0.2,239,0.008541708352371077,0.0019874366696122445,7.247243988628298,0.001772517900700743,-3.081227940976428,0.6082799532670063,5.892857142857143,0.6210729295423468
0.03,0.2,240,0.01115251574595586,0.002992113644234033,1.7904259566791911,0.004767900012823851,3.139334442755493,0.5812421673286137,5.107142857142857,0.5936028660810504
0.03,0.2,241,0.0016014791902885157,0.0006760159213069051,2.0156017392956187,0.00061941629786251,0.8003321242615206,0.5637853122451212,6.25,0.5553225056587592
0.03,0.2,242,0.004779912315733231,0.002340339486983728,4.2195038940680165,0.002207694588750867,2.314780268984587,0.5967006788928814,6.035714285714286,0.6109350687597501
0.03,0.2,243,0.0027580848345813403,0.005242039609978494,-0.14278371529592468,0.003601725485069447,-5.228490698658987,0.5801961083482402,5.607142857142857,0.579710515485905
0.03,0.2,244,0.004199591185526878,0.0014266186894590926,0.3558229760680452,0.0016783670974056379,-2.380186867858915,0.576162048967673,5.5,0.5741903186903204
0.03,0.2,245,0.014061501793057622,0.007249210017442749,12.591458740056567,0.007161116921799011,-3.7644121333793428,0.5057580332731214,5.535714285714286,0.5375522181474575
0.03,0.2,246,0.10079349724475269,0.029513430565014036,60.69750834530746,0.034049994810374205,-3.1367744606667003,0.6390977687875801,5.714285714285714,0.7396231169884704
0.03,0.2,247,0.005398738804080703,0.0016332086573870824,4.811691950776596,0.0014638639874045426,1.2864480979690995,0.5792444826464552,6.142857142857143,0.6056138478138816
0.03,0.2,248,0.0988057325034926,0.034813416478647115,52.95840539823445,0.04221130853579558,-18.820339251858783,0.6498885228989957,6.5,0.7691696627249207
0.03,0.2,249,0.00331904904802088,0.0014766094003241027,-0.9122750027447258,0.0016030767104897705,-5.023501896440043,0.5694877292773431,5.535714285714286,0.5713321355185667
0.03,0.2,250,0.011436437049214283,0.0003465957479569888,1.8419384181573075,0.0015470012200476013,-2.275016091990693,0.510622360079474,5.357142857142857,0.5253704141087053
0.03,0.2,251,0.03296698514716698,0.02299557563977616,19.962497571278078,0.016747144940691624,8.17879168759226,0.6447926592187107,6.214285714285714,0.6871532598507064
0.03,0.2,252,0.008109657758670856,0.0041077309739429215,7.682297812379242,0.003907619978301253,3.0032623779776486,0.5643871699759918,5.785714285714286,0.5731620353978157
0.03,0.2,253,0.04863050144343617,0.012627816731520395,39.07915547125407,0.016488507888051517,-2.2303576372234395,0.6207332709434985,6.357142857142857,0.654213452675525
0.03,0.2,254,0.08702116551750999,0.013307680309567417,66.00550120252905,0.018147959726536503,-7.801091121120891,0.6782775903993276,6.321428571428571,0.761312289281877
0.03,0.2,255,0.003734265768906231,0.0020521416564265246,2.828469567059964,0.001725658214791991,-0.7623481496084707,0.5969739011462446,6.25,0.608527221587566
0.03,0.2,256,0.007510054051926675,0.011153239484332405,2.5601556619903554,0.010307222852814229,2.344506203149109,0.5090257713662473,5.428571428571429,0.5153192469288133
0.03,0.2,257,0.023393974024333207,0.01592770454499598,12.86346820062019,0.012914896687647202,5.737570712653205,0.5521627160468775,6.0,0.5699377455140021
0.03,0.2,258,0.022852240298380087,0.0016614768955200837,17.52402624954513,0.003445582147762347,-2.948200447140143,0.549952010555056,6.035714285714286,0.5892258801919055
0.03,0.2,259,0.0056959568337415405,0.0014682462752033212,5.806993994112058,0.0014620469807377521,-4.322541106055705,0.5697599538743345,6.0,0.5903756290774327
0.03,0.2,260,0.0011522815424953481,0.00045002372708014254,0.445956136383586,0.0004460869056156366,-2.757523713321717,0.5399520483362429,5.285714285714286,0.548890582650162
0.03,0.2,261,0.005229418365855926,0.002052647449509109,4.430327049978615,0.002446247132593344,-2.39429015276761,0.5884939685267571,6.214285714285714,0.5944828680078431
0.03,0.2,262,0.03717254016642469,0.0027286667764473247,28.409199495380296,0.004790538799263838,-2.5513678930124875,0.6498208417265204,5.392857142857143,0.6727235980172643
0.03,0.2,263,0.00565905795252569,0.001330844318320829,4.409789288313713,0.0012019918321259362,-4.421920009267761,0.5745785330161362,5.392857142857143,0.5841380952747606
0.03,0.2,264,0.038706378343842045,0.020375728739672264,8.133879893952022,0.023659519860858583,-4.197336843479064,0.5344395968576238,5.821428571428571,0.5779718053272871
0.03,0.2,265,0.020725530317685505,0.020916969077814918,6.925085120089174,0.019488060138223712,6.695790656258869,0.5743510080758003,5.75,0.5881828914756677
0.03,0.2,266,0.004952426861300093,0.004876721214961931,0.8475102384102229,0.00465345307342713,3.138668248832128,0.5879043313906914,5.035714285714286,0.595308494065484
0.03,0.2,267,0.028052156539272708,0.004964773465113584,21.46581809949268,0.0041451501155404195,-0.8245828712543547,0.5487393682495711,6.0,0.5823707085340206
0.03,0.2,268,0.03938556961864038,0.003676271622256176,39.2391193946593,0.004669146355554218,-4.213830156896734,0.6490589671895016,6.642857142857143,0.6928359405142677
0.03,0.2,269,0.06848757094730931,0.008628810486636277,49.13428068538141,0.012382076521849156,-12.14786863125524,0.672900603906541,6.607142857142857,0.7465144084662081
0.03,0.2,270,0.0666507681209087,0.030670144294689967,34.1310877095703,0.03490591771497676,-6.500204502245642,0.6441793940676266,6.642857142857143,0.7156008417114978
0.03,0.2,271,0.09487823138617746,0.018636075901302118,54.933019600971,0.026815192896807182,-4.168492615239221,0.633959739966475,6.678571428571429,0.7210777067933741
0.03,0.2,272,0.008351609799124858,0.0032942988544466248,6.115385341660006,0.002942543104469775,-1.378681863853738,0.5542350634053891,5.5,0.5498751017164957
0.03,0.2,273,0.07110496048575733,0.027350173463463013,33.74478326094455,0.03306871603498189,-5.558920488173594,0.6163136678233945,5.714285714285714,0.6853937689770186
0.03,0.2,274,0.03385181011864208,0.007205984515271008,30.218640723093937,0.008818641564049058,-4.10997150403162,0.6197643827052257,5.714285714285714,0.6380605002556827
0.03,0.2,275,0.006772212372743076,0.003711133653223741,2.0980869504886166,0.003966409690891151,-0.46464204376219226,0.5313251731428035,5.428571428571429,0.5382897122469943
0.03,0.2,276,0.006562637237872541,0.003009757656581635,4.810072446690337,0.0032209123877891153,-5.382120235780718,0.5576483323919216,5.714285714285714,0.5848373170505601
0.03,0.2,277,0.055661445968086,0.009370529797967084,39.59193227190618,0.013449839373827294,-10.55087639516213,0.6714135541472734,5.857142857142857,0.740083038671226
0.03,0.2,278,0.09172384727921194,0.014363321074748133,48.752775522406864,0.02126048089326341,-9.307869064517115,0.6563529974134371,6.75,0.7460150275650503
0.03,0.2,279,0.05874867163726667,0.004942413451809633,47.03314172853984,0.007680388095532219,-7.641675448180763,0.6171803200081207,6.25,0.6624503608338319
0.03,0.2,280,0.07227606642387953,0.003410850404841898,55.075196749503334,0.005448810289234671,-7.546355798328402,0.6490132521191876,6.535714285714286,0.7383487441630998
0.03,0.2,281,0.006982143880761164,0.0041449628466003925,4.386421365810672,0.003984283079824948,-5.163567975549522,0.5579038294920049,5.571428571428571,0.558179864039305
0.03,0.2,282,0.01055780041787306,0.0016775034254448507,11.218344673410817,0.002036515872030134,-3.1270525345774822,0.5511817094105983,5.392857142857143,0.5693280236427003
0.03,0.2,283,0.03126068254572859,0.012761951727166982,20.841503645462808,0.014726526988122216,1.370684382083624,0.598325832228328,5.785714285714286,0.6271417935429822
0.03,0.2,284,0.014624413642045718,0.0020252507779497104,6.95111533397223,0.0024272614917594726,-2.6379511497780377,0.5790912934877418,5.714285714285714,0.6001159002640544
0.03,0.2,285,0.06954058070158071,0.014172906410968673,45.17871700587087,0.01713240471677861,-2.7943571068686217,0.6561226234677678,6.357142857142857,0.7157484994545892
0.03,0.2,286,0.035399371201911924,0.009404251876215259,18.901933357285497,0.009059371544337025,1.6549390035825031,0.5769648976612375,5.964285714285714,0.6004042653755453
0.03,0.2,287,0.0158200492989829,0.009048646696495594,14.511577465644033,0.00916848076484139,0.10940856211390344,0.6036279662247332,6.178571428571429,0.6377209578555783
0.03,0.2,288,0.02995393317233367,0.007380047502513696,27.91809237996488,0.00890442105329857,-1.3479073731168303,0.5562607068795955,5.785714285714286,0.5937460578815033
0.03,0.2,289,0.001907637406534244,0.0011574972711741794,1.1891837264997775,0.0006356155972357745,-2.817419866305348,0.5688299632977681,5.321428571428571,0.5922855739375755
0.03,0.2,290,0.03396306538672943,0.005625483838955451,26.31520745239926,0.007823917933935696,-12.877437430092948,0.6150141442588605,6.321428571428571,0.6381256487026856
0.03,0.2,291,0.04501489550279149,0.009675527133312852,27.547828003157804,0.015615799317677051,-4.775096646189468,0.5876168231363098,5.821428571428571,0.6333924133622592
0.03,0.2,292,0.004049228415063782,0.0035698237245403446,3.19329616389309,0.003583586622064478,0.41470710514319836,0.553653533694285,5.785714285714286,0.5788469490326962
0.03,0.2,293,0.010503067689328642,0.0022615966011866203,7.030300090251084,0.0027897971606229716,-5.2968173742253555,0.5781056070727467,6.142857142857143,0.5853075385649863
0.03,0.2,294,0.13800047516215042,0.050526287856418856,53.116220254172326,0.06406439093773862,-5.79408598261476,0.6077902034857957,6.321428571428571,0.7136020105110485
0.03,0.2,295,0.016364911823715463,0.006633088089318586,8.374801281401753,0.007541890974974401,-3.6474144447248875,0.5507502967344318,5.214285714285714,0.5615852358269928
0.03,0.2,296,0.006669045274315117,0.005819416465483189,2.376902131804987,0.007814923834006246,2.3445620415511903,0.6130071807963405,6.25,0.6380524032200432
0.03,0.2,297,0.0367182162721154,0.0029768007542471868,33.5937469040685,0.00533776094593975,-6.132725337481257,0.5922465157166098,6.857142857142857,0.6334537697813912
0.03,0.2,298,0.0891330753918703,0.0051596368593397135,55.63841333656094,0.010824010298184823,-8.882976051378762,0.6391070941589799,6.071428571428571,0.7288760372560402
0.03,0.2,299,0.010539198163235591,0.0018760396543623672,6.451252157026488,0.003363392449585412,5.095569456910198,0.5042708507635039,5.357142857142857,0.5298576705589888
0.03,0.3,0,0.004867721705795207,0.000257726494616815,5.134070561687953,0.0001026244347680314,1.006439848498,0.5890671385312096,5.0,0.6004777120267749
0.03,0.3,1,0.06997841303403311,0.03002927698936433,33.024710855735336,0.03451784378880361,-11.019551453394115,0.6620581673619049,6.214285714285714,0.7206044476332796
0.03,0.3,2,0.05957866923639345,0.018090009100059985,42.851332025878015,0.019060120845126694,-6.760445237480407,0.6227196220028658,7.107142857142857,0.6805313431698168
0.03,0.3,3,0.08681506266399273,0.019113557361602588,63.41367707399049,0.020043191255462445,0.901804700628972,0.655801648637646,6.678571428571429,0.7303505728257922
0.03,0.3,4,0.07689242667315684,0.025115327428248204,47.89229583385702,0.02452788583746531,0.43506797991096374,0.5981316344063955,6.464285714285714,0.6845280500199256
0.03,0.3,5,0.0083265705900494,0.0007315779457741354,4.003518165788847,0.0003772974262957938,-1.1765199302193423,0.5509114427873966,5.321428571428571,0.5652479424715777
0.03,0.3,6,0.05623150321838883,0.015744212731684505,31.33206138691739,0.014540536210111098,0.9489781024807561,0.6142494309796286,6.285714285714286,0.6519073465163768
0.03,0.3,7,0.11118880671537072,0.01479076672207389,69.20959843484182,0.01882668822738537,-6.662361389639149,0.6035929903289168,6.464285714285714,0.7415480790836566
0.03,0.3,8,0.013849377441987186,0.0011891407735671953,12.716275292331536,0.0011539891940312796,-0.4004845964677486,0.5456645808475461,5.642857142857143,0.5465046025034194
0.03,0.3,9,0.07857119540256349,0.0044107576771410945,57.609342831908414,0.0061229870471039725,-2.3760528349860124,0.6654645007680667,6.321428571428571,0.7534606290267131
0.03,0.3,10,0.011664394117330862,0.004267755380440579,2.518755851085018,0.0052769152886940895,-2.6168209792444848,0.5704769609060834,5.75,0.5809338518406733
0.03,0.3,11,0.07570666301415083,0.021948508995509302,54.527557060038326,0.025122431796889742,-5.269841538132586,0.6521340279675155,6.0,0.7371029573939869
0.03,0.3,12,0.06009748553094312,0.01728429656792874,44.44872569073112,0.020032773213783158,-1.2504566321656416,0.6013238007753829,6.607142857142857,0.6745027631787919
0.03,0.3,13,0.04317473082856845,0.01454644281211271,30.583015211648483,0.016669230990840642,-5.453566802115243,0.6201595612966988,6.178571428571429,0.6605655016965275
0.03,0.3,14,0.0232913553750255,0.009448410981752059,16.329809469066436,0.010799425461121833,-6.75932644903953,0.5628138782567491,5.964285714285714,0.5973009884554327
0.03,0.3,15,0.06319136825392707,0.013135208953055914,37.81240461243152,0.011644177205859738,-4.036363045561264,0.6051342733300806,6.285714285714286,0.6560241912468319
0.03,0.3,16,0.15409371099685829,0.07299168042066513,47.230422807731436,0.0882219249909546,-2.323992708767122,0.5958947978087533,6.0,0.7025768856156569
0.03,0.3,17,0.015640693892147495,0.0064262585646760306,6.92396329566905,0.005784590542280341,2.697846305094051,0.5370182278084168,5.357142857142857,0.5616507162021649
0.03,0.3,18,0.03549460361538369,0.009309790811836294,20.74613261842337,0.012008234903496222,-8.956883566471143,0.5893933069589663,5.714285714285714,0.6109668936302637
0.03,0.3,19,0.05988992364964795,0.026428643903546992,28.341014463197876,0.030909880772985506,-3.4781745394109387,0.6209616965854775,6.428571428571429,0.6744883494495104
0.03,0.3,20,0.0836317939364126,0.02984190067553623,41.848061964486064,0.034361402264241565,-10.28507707210008,0.6387431732962513,5.714285714285714,0.749113717841372
0.03,0.3,21,0.012734655867008619,0.0024995522737754003,11.578205611678328,0.002702661257795396,-3.7244092305532397,0.6023958129825743,5.571428571428571,0.6022768129953058
0.03,0.3,22,0.021211448700701453,0.004609018088639324,16.19098553036103,0.004737224598820496,-0.05539929778003246,0.5451781481067385,6.142857142857143,0.5598894349280499
0.03,0.3,23,0.030510450766406873,0.013494337232547733,17.82573833718531,0.01127751896837422,4.379737558460884,0.5732509895627195,5.214285714285714,0.6082765856446267
0.03,0.3,24,0.0349193941622724,0.008041462525553975,34.828645049228705,0.010727439273207387,-2.7121173980432993,0.6298191101272785,5.964285714285714,0.6810730298248876
0.03,0.3,25,0.10719529496852143,0.041943066962498485,40.01466881208326,0.05250034560178773,-9.943298316902158,0.6054572651610598,6.964285714285714,0.7118999029768933
0.03,0.3,26,0.10616818824651084,0.04976655782474829,49.000527480395505,0.058105217765297715,-7.013172608542537,0.6183585913028014,6.464285714285714,0.7365040986264002
0.03,0.3,27,0.09056094789396883,0.03272683296744924,54.72459686100718,0.02945908821758888,8.305793703463669,0.6021197945038868,6.571428571428571,0.7002425856789963
0.03,0.3,28,0.027559353546951073,0.012876958731988167,18.023244167474086,0.013766677188237222,-3.71961922670107,0.5941318710801742,6.928571428571429,0.6378739063325161
0.03,0.3,29,0.04283723327703573,0.022379876905792774,31.087544644455008,0.022020540575254016,1.6100488670798256,0.6073162425013993,6.75,0.6461419352712812
0.03,0.3,30,0.116465878598788,0.044151602792820835,61.971210222665434,0.048064791718971205,-2.1519410299831585,0.6103025504602719,5.678571428571429,0.7221671151611355
0.03,0.3,31,0.011711222179711487,0.0016460800737103905,7.142636859920278,0.0013414141572540257,-1.8934453940936748,0.5481517567850241,5.678571428571429,0.5660194742960886
0.03,0.3,32,0.00920719958013948,0.003935942417457342,8.495754520813373,0.004522511250020601,2.0813886618703634,0.5850791488622225,5.714285714285714,0.6035207892471326
0.03,0.3,33,0.02790077127689868,0.0076075022944681655,18.060943681198296,0.0072430400471632,-5.263863734716608,0.6407666649171592,6.321428571428571,0.6983871876813048
0.03,0.3,34,0.12963510975203535,0.06854200970834781,43.64557747147895,0.08219907873407968,-0.8101398171969075,0.5468766846853356,6.214285714285714,0.6610346871927291
0.03,0.3,35,0.008905999464626677,0.007068876974406147,4.715993857478982,0.006846899870924185,2.3041909860445458,0.5629321385816809,5.785714285714286,0.565286405905473
0.03,0.3,36,0.006381970856037619,0.0050862542438612065,3.6663411660309086,0.0028118140216525163,-3.223014581128647,0.5950307752332378,6.0,0.6343632831399435
0.03,0.3,37,0.1410399980382022,0.050253618184880514,65.84256825745022,0.06015248138956167,-3.3299620671690158,0.6133131205864534,6.535714285714286,0.7418772713599436
0.03,0.3,38,0.07860800442171623,0.004957074301552312,54.62008108308711,0.006686850836527198,-6.545869390346581,0.6419777613593212,6.25,0.7285772616701556
0.03,0.3,39,0.02913865483130801,0.015938198797885966,19.223098311079543,0.015971732490806197,-0.2191960958121418,0.5328528173146873,6.357142857142857,0.5813356659769819
0.03,0.3,40,0.08012803580800221,0.02340554982573043,47.871880269353674,0.020800598075413276,-0.41038643942630415,0.6200024424290259,6.785714285714286,0.6975186624224186
0.03,0.3,41,0.09840504538415734,0.018787757656324285,70.43839396865896,0.022772618875707057,-5.953835038916651,0.6646980058619965,7.75,0.7820664702151474
0.03,0.3,42,0.037702842496400775,0.015703320896765634,19.207913730943773,0.01834504698061543,-5.197010854755547,0.5396061450266485,5.714285714285714,0.5872917448091375
0.03,0.3,43,0.032576264460206165,0.018346830273059726,14.944300771812417,0.015286062292135007,-0.006998808834879355,0.6116663943552628,5.678571428571429,0.6577761181816366
0.03,0.3,44,0.04463795387153745,0.013103974390760565,34.1093207760986,0.01600047414934194,-0.4292988010564424,0.6088096632937061,6.607142857142857,0.6431169229900646
0.03,0.3,45,0.048519545997411796,0.017051037310324205,31.880745506959347,0.021139131530766925,0.03060278573921475,0.5893600610308561,6.428571428571429,0.6333413265995099
0.03,0.3,46,0.0977043022446669,0.04674932912227176,45.10233761582862,0.05129038819237365,-3.335840107132114,0.6356924671413715,7.035714285714286,0.7141256020516902
0.03,0.3,47,0.04044351814148385,0.014323953437558695,35.0850944127302,0.01650593289325708,3.555662890125234,0.5979308981084328,6.357142857142857,0.6264539579092249
0.03,0.3,48,0.11180213261201101,0.04838734597000043,47.99606154518401,0.05675084895621744,-2.346764325928362,0.6342464629013269,6.535714285714286,0.7146049465615513
0.03,0.3,49,0.03334823848270699,0.013911878760854169,20.197703024234197,0.01662309146904553,-4.077051170689619,0.5984965960332349,6.035714285714286,0.6344463557080765
0.03,0.3,50,0.08239535855855276,0.010366229748233367,59.34964803979103,0.017612566852197396,-7.21312414705397,0.6584190062164736,7.035714285714286,0.7604109936601167
0.03,0.3,51,0.008503033135418031,0.0024996744727889294,7.004227886445581,0.0032314197301687077,-2.0196355841639124,0.588385514980523,5.071428571428571,0.6040010390156367
0.03,0.3,52,0.04189327811828576,0.021498138999556334,21.081691214488007,0.023645959252048935,3.6729346418832924,0.6046527780580282,5.785714285714286,0.6489999474497357
0.03,0.3,53,0.00519333262169558,0.0025378988752864013,11.504933879146202,0.0030010569137805315,-6.93989579429595,0.6097515978875249,6.428571428571429,0.6164492405561444
0.03,0.3,54,0.002609315384405712,0.0012844026102460779,2.1485817137704735,0.0017712276516318863,1.1368214455564594,0.48737290322150456,5.785714285714286,0.48893290882268636
0.03,0.3,55,0.020846221518833113,0.005276013516334117,21.153056825891344,0.0061985521181748505,-4.8609461812316015,0.5820007160437566,5.964285714285714,0.6080232037504705
0.03,0.3,56,0.0831879890143294,0.041021946437164565,38.501548422998845,0.04761738182613125,-1.768576043961706,0.6682218501910825,7.107142857142857,0.7590881492636317
0.03,0.3,57,0.010171690248591589,0.0010147035203918698,5.528401649286185,0.0013160890317092248,-2.8049577856162577,0.5892054774590907,6.214285714285714,0.5932033452666372
0.03,0.3,58,0.005604311543129812,0.0007925309305159178,5.256933961795369,0.001016661272654877,-0.6744077828317927,0.5471763497247278,5.071428571428571,0.5592966112180828
0.03,0.3,59,0.06701393347614659,0.021345573819903544,31.76015794586313,0.020648387566082022,4.102761715997758,0.6435821939662681,6.464285714285714,0.6852920480808413
0.03,0.3,60,0.09214693179170298,0.032650168170356424,54.59004058053489,0.03635857130960263,-5.807174327597157,0.6631478086200372,7.178571428571429,0.7751495297425266
0.03,0.3,61,0.06923186900110678,0.03537794734811173,41.315132298582604,0.03733909596269295,5.292102622495595,0.6437813564724142,6.5,0.7101666847207091
0.03,0.3,62,0.003639579490367379,0.0003558320263498463,1.785428500728699,0.00022894931966574835,1.7144850766302966,0.5120749681185816,5.571428571428571,0.5491801849484648
0.03,0.3,63,0.0040392015094419765,0.001158781646910021,2.870873362339031,0.0010065006556984222,-4.2628096381649625,0.5806306704559995,6.142857142857143,0.5949803579242804
0.03,0.3,64,0.0035881320558773778,0.002432537383308904,0.2163294857569061,0.0011370708970132948,0.19525775286535918,0.5655667060309096,5.571428571428571,0.5646529964330145
0.03,0.3,65,0.01663807262256506,0.002570119783439983,17.233145823872565,0.0028551604564339204,-3.575061770902039,0.5689885300304885,6.642857142857143,0.5986979232426268
0.03,0.3,66,0.06919485286708346,0.01677189357842983,33.342770108811266,0.014717796153776767,2.0623880329028643,0.6277534838643161,6.714285714285714,0.7099274047445239
0.03,0.3,67,0.017692572549925904,0.0024372217864508093,12.28059612720646,0.0025282379114715684,-2.265014666361244,0.5462261546916496,5.642857142857143,0.5740217192972894
0.03,0.3,68,0.039249730537735034,0.012971625529485145,25.89224967608943,0.01659131895063408,-10.422415147732266,0.602921152502133,6.785714285714286,0.6550506559853657
0.03,0.3,69,0.028206255935320796,0.007413232794502955,22.437154217880988,0.008964930849837564,-7.374099481266835,0.604856442030995,5.964285714285714,0.6441171533230678
0.03,0.3,70,0.008476350217354158,0.001832941075626205,9.294748373031316,0.0018305934263087053,-3.30890918858618,0.6226529020028686,6.714285714285714,0.6353475406871137
0.03,0.3,71,0.012062497413917007,0.004283081802636017,17.518966604480074,0.004666087843089858,-0.7488552245195118,0.60949593824075,6.714285714285714,0.6263746874273923
0.03,0.3,72,0.004581396481380437,0.0009513665241027557,2.171301963554233,0.0008772753865681709,-0.36201604941634474,0.5505765749614075,6.214285714285714,0.5443087367301216
0.03,0.3,73,0.0688933974417187,0.03633463495207982,42.199139902188925,0.03778623722608649,-12.827129161087223,0.6458140037581316,7.071428571428571,0.7313608817050201
0.03,0.3,74,0.04710507624160907,0.019745512358160227,33.75643129327452,0.023350056870892144,-3.081889993471018,0.6387282008378786,6.642857142857143,0.6835384615051914
0.03,0.3,75,0.05617482127003635,0.01892437322129993,37.4141624049418,0.021889336651150334,-6.06818837834579,0.6375729976988654,6.607142857142857,0.6868650254987974
0.03,0.3,76,0.0663170220135242,0.020480225324906905,29.37101500641312,0.018806781408507736,1.1763114540186166,0.5901548004079906,5.964285714285714,0.6476106570688598
0.03,0.3,77,0.0638116370732301,0.02280591616463446,44.108413822589775,0.026937250392989543,-5.197940737348783,0.6096063336555883,6.107142857142857,0.6711977141655994
0.03,0.3,78,0.03053506769889711,0.005437085005424058,25.33530246345531,0.008202988853404421,-7.12573481615928,0.6409838238315991,6.642857142857143,0.6870838566880817
0.03,0.3,79,0.004846533223733103,0.0027462806183582876,5.044071047094225,0.0026635807224858897,-0.7103148400616229,0.5990397813675056,5.892857142857143,0.615531147357343
0.03,0.3,80,0.005637422034464611,0.004164421971165477,2.943584492083744,0.004014531165716191,2.5066344104969858,0.5799840899691714,5.571428571428571,0.5993103608898575
0.03,0.3,81,0.052741122692308566,0.02084340739999325,34.50577101788729,0.0248018048072488,-1.2893923783205328,0.6173774044484716,6.142857142857143,0.6668167149631373
0.03,0.3,82,0.02800585256129211,0.005318764097722443,27.645663265443698,0.007313254486391177,-2.732089736653535,0.5751240804556803,5.821428571428571,0.6112503904619415
0.03,0.3,83,0.00798913792567368,0.0013116183908845897,9.651146175061541,0.0011625178038583539,-3.2146366325054125,0.5852129064836297,5.964285714285714,0.5849781752954002
0.03,0.3,84,0.09832622468578267,0.0250175322851767,65.45532833464853,0.03132943778280807,-6.430778600376921,0.6767833184085809,6.964285714285714,0.7758069688027402
0.03,0.3,85,0.10180890114647327,0.0327650690371875,66.33669581465628,0.037611782894185694,-7.920326272239933,0.6416905327079153,5.928571428571429,0.7208603139594891
0.03,0.3,86,0.0024651864495188803,0.0026132770987660663,0.6745297456797914,0.002069304833844292,1.4034174444675973,0.5842462108474636,5.464285714285714,0.5982257202176156
0.03,0.3,87,0.1379860900978727,0.036113274065845954,91.96678355724659,0.04474986015038392,-6.916941875493507,0.6549116766419271,7.214285714285714,0.7857165837061661
0.03,0.3,88,0.0977146315692126,0.05008154304236533,37.60323560592942,0.05498180940711294,-1.9568713661736723,0.6322196762542737,6.535714285714286,0.7207819185610114
0.03,0.3,89,0.15668352150530454,0.04296441777686393,83.42920948631225,0.05263433275012041,-12.141723734429126,0.6460207785886347,6.928571428571429,0.7851084208914161
0.03,0.3,90,0.11794799595304627,0.05323751152278617,74.40952685448012,0.05993757721208628,-6.541318505025084,0.6495274511733845,6.785714285714286,0.7582180649481938
0.03,0.3,91,0.04538478533244728,0.02040380429385878,20.60934157207318,0.01743055533736087,0.7935177794203506,0.6167045006965953,6.142857142857143,0.6720219320431289
0.03,0.3,92,0.11970429273043977,0.03760742620489223,71.7646574407152,0.043119410568925653,-6.021081880842648,0.6489468567213311,7.0,0.756679980221708
0.03,0.3,93,0.030897579071568832,0.001430189294148072,27.877135303077978,0.0016193767373012132,-4.68454520555008,0.6705497149760553,6.571428571428571,0.7189856741864206
0.03,0.3,94,0.01399485131405825,0.012171694411260491,7.9080432246982655,0.011415832344223003,-1.0829027058057743,0.5934150266311456,6.785714285714286,0.6180929488494014
0.03,0.3,95,0.008280233655199162,0.0033536555074425165,5.5440011799081885,0.0026079986149330756,-4.73582923357597,0.5587285021455282,5.928571428571429,0.5776211282458747
0.03,0.3,96,0.008931703334179308,0.004920953697440529,5.9997659689255345,0.005536474907324034,-2.7158716185920944,0.5187696749182045,5.857142857142857,0.5447457654276402
0.03,0.3,97,0.04846343750364193,0.01849888126183524,36.56589260546506,0.021706010916584046,-5.077755133480717,0.5807128618149671,5.892857142857143,0.6424513265436353
0.03,0.3,98,0.08052351637823861,0.010023364745049201,61.04213026981456,0.014999870695457473,-6.97828433499015,0.6674574238855603,7.178571428571429,0.7446753654746655
0.03,0.3,99,0.02143508118788724,0.0025268330975753393,23.766277509360076,0.002263402904131211,-0.7674704154561122,0.5765921654124645,6.392857142857143,0.6024122598051469
0.03,0.3,100,0.07585068090867823,0.0197103360878372,52.122968666320865,0.026100228644939348,-4.230329422878896,0.6403994661022688,6.821428571428571,0.7209114308975266
0.03,0.3,101,0.10385230004004149,0.04339727394697892,61.27725467406805,0.04980708246542121,-4.278202843813692,0.670782612632653,6.821428571428571,0.7605992170488407
0.03,0.3,102,0.021031666801551465,0.0031596771545603698,7.376649844726018,0.002694638993682288,-0.6422020817973552,0.5385969176924762,5.75,0.5856078933242813
0.03,0.3,103,0.005466140856563373,0.0008092792292302443,1.4199851427104686,0.0011771645454442697,-4.076025904025225,0.5560450355689656,4.892857142857143,0.5755156173435706
0.03,0.3,104,0.004257955291866939,0.0006313694621860361,1.6709585043649895,0.0005255956339016418,-0.4124724206054964,0.5739269656757928,5.25,0.5617582508705156
0.03,0.3,105,0.08918484666007166,0.041574038272334454,42.22202258728519,0.04469115910949155,-8.24115460976727,0.657286177694839,6.714285714285714,0.7388864677970004
0.03,0.3,106,0.038365411293392424,0.0048256441015579014,31.801891391664423,0.007578622294007177,-6.795926016523907,0.620150630908782,6.107142857142857,0.6692402633435613
0.03,0.3,107,0.00720099277321044,0.0029410850657295455,6.055517820824046,0.0036345608776732355,-3.254336573699495,0.5412368533360372,5.714285714285714,0.5815642639011807
0.03,0.3,108,0.002285811555361021,0.00043843339252989727,1.772864514476036,0.0009923333595281973,0.7301446698282064,0.5788998018838548,5.25,0.5952328949103699
0.03,0.3,109,0.04192728061214552,0.00893671599082924,40.31613858569337,0.010569182566728492,-2.0557330559597915,0.6187499758003204,7.035714285714286,0.6415974765331939
0.03,0.3,110,0.0161426471833445,0.01746211129966293,4.738572121495092,0.015280255124443365,7.31212208279256,0.5807440205015062,5.642857142857143,0.619988178227382
0.03,0.3,111,0.05599598577040025,0.02650307852662429,29.120754101959438,0.030081530636357993,-1.095050354488497,0.5857517738792303,5.857142857142857,0.6243337818169055
0.03,0.3,112,0.008728651458893889,0.004239603876184049,2.2091377602470743,0.005001896412132369,-0.8275299874305517,0.5556918909482003,5.821428571428571,0.5809864272509688
0.03,0.3,113,0.022598285732457205,0.0009665981382568425,21.13275092526729,0.0014689287137492023,-4.23542902283171,0.5623497672718037,5.785714285714286,0.5946000285930972
0.03,0.3,114,0.11872954888635451,0.04638684713787237,54.322588001180485,0.055950310640091,-11.613554023700184,0.6249861903784397,6.035714285714286,0.723690705690905
0.03,0.3,115,0.0043466298704437295,0.0010721821814037708,5.327141031309206,0.0010835661877730033,-1.9054975980156996,0.5952941130191893,5.535714285714286,0.607178999773791
0.03,0.3,116,0.10417152652881936,0.04873491864193632,33.835476508925716,0.05946569296063448,-10.222540507510217,0.6143977125838224,6.642857142857143,0.7206554941623114
0.03,0.3,117,0.07561298421799416,0.033708346021251195,41.47288852523969,0.038123026663032016,-6.237784227393817,0.6193168360360566,6.571428571428571,0.683293186705104
0.03,0.3,118,0.004599216143932342,0.0009314183319561872,1.2307087985697933,0.0011680074713679939,-4.128794879313706,0.585873603337909,5.535714285714286,0.6079310283037616
0.03,0.3,119,0.015212444698764233,0.008864429428579571,7.451002034895073,0.00902439123563137,-3.0691994478953952,0.5476612547568539,5.785714285714286,0.5695412019946811
0.03,0.3,120,0.0038252513366057866,0.0008340144813854574,6.694175113861547,0.001248846008593919,-0.6947325270240583,0.6379822932996083,6.178571428571429,0.6549379915180384
0.03,0.3,121,0.08307441709725978,0.037195895499412907,43.09787837185906,0.04099298959597801,-8.148741820807269,0.6170583562366243,6.428571428571429,0.7115313520664974
0.03,0.3,122,0.08612125515627128,0.031008553648893305,45.401651572174806,0.039929930681043384,-11.14169468570645,0.6073833067931705,5.821428571428571,0.7121276057008783
0.03,0.3,123,0.006274510726510049,0.003052056468309208,-0.8980295270724904,0.0036562204600261118,-5.474741015449695,0.55195837178204,5.571428571428571,0.53997753681145
0.03,0.3,124,0.01949499718053311,0.01538363588818251,4.134294542529564,0.013006629787852293,0.3307495786539694,0.557490717122735,6.428571428571429,0.5702483799881091
0.03,0.3,125,0.01016871452820601,0.0032042676627924748,-0.9567715063235672,0.003233352157357169,0.9067401767298691,0.5816570438506147,6.107142857142857,0.6237246131592189
0.03,0.3,126,0.007975116036819958,0.0007371874469946675,9.223036682323093,0.0010527292466279731,-1.527534096082519,0.5971564399073986,6.678571428571429,0.6167380381800981
0.03,0.3,127,0.09598843928457322,0.03544347074384723,46.41319249132622,0.04248320977354205,-6.271557165636774,0.6765043753803317,7.0,0.7666879766227618
0.03,0.3,128,0.03898256888709566,0.01018678087119173,27.287635206422152,0.010965804505301716,-9.36586457410788,0.599554952404122,6.892857142857143,0.6387177582641679
0.03,0.3,129,0.010780321222328065,0.0026669855371537266,5.000202229786329,0.00119525875526992,-5.1684887204119905,0.5432885425859724,5.714285714285714,0.5345480268150284
0.03,0.3,130,0.02671760365411699,0.0055461823984511195,14.60078276900335,0.0054996696460302055,-4.735542509417883,0.5624823315316982,5.321428571428571,0.6281641624790197
0.03,0.3,131,0.07005144404485864,0.008192390316592694,47.64123234164257,0.013442175138397012,-10.230468637446668,0.6638147173939085,6.571428571428571,0.7298856219283537
0.03,0.3,132,0.009872893500114652,0.008348641563037764,3.1528328747778573,0.006741092819494928,0.034691280492770225,0.5606056640948566,5.607142857142857,0.5909945242363162
0.03,0.3,133,0.06307981072270366,0.01592890224334581,29.51230034136697,0.020428046554726607,-2.911637897696702,0.6749208644846011,6.214285714285714,0.7258950406617288
0.03,0.3,134,0.07599421193663457,0.012052650694613991,49.127924236050966,0.01726791012941875,-9.189075749967273,0.6303759516846551,5.785714285714286,0.7209721737524672
0.03,0.3,135,0.06572332492212263,0.017333855693256413,44.40359065002004,0.021073452188388367,-8.137570231784755,0.6216111566375595,6.714285714285714,0.7118987764328044
0.03,0.3,136,0.014057646053644703,0.008459023674724842,4.301829304439991,0.009878186685116948,4.226114296206997,0.5728563326422197,6.071428571428571,0.5673974690607868
0.03,0.3,137,0.055965837691676436,0.011656688881429239,28.10763284024452,0.01122457719335056,6.562430187950781,0.5972050989265906,6.071428571428571,0.6396235500038546
0.03,0.3,138,0.01604603089903225,0.010827793349295537,7.727703515304853,0.012176861382272057,4.0851583865104715,0.5833684785826542,6.285714285714286,0.6011364787996649
0.03,0.3,139,0.054686139300813744,0.026483155058868918,39.23405288264202,0.028125953856093015,-1.698715305262662,0.6331968932275018,6.357142857142857,0.6922069567507301
0.03,0.3,140,0.017955357610303296,0.005573829689577167,14.071109550465309,0.006016639396770438,0.9028841177347431,0.561368527328858,5.714285714285714,0.5916041153480363
0.03,0.3,141,0.04437862227456732,0.007114329739958578,30.695472598470275,0.010543093352668084,-5.1484881009139185,0.6169972215093897,6.035714285714286,0.671403630331578
0.03,0.3,142,0.027034281360956387,0.010649465157584958,14.027440413395729,0.008501095975083086,-1.4183803852658816,0.5478572361660853,5.892857142857143,0.6033771749926464
0.03,0.3,143,0.054352870224158585,0.015936567530177716,25.371809580799038,0.012377940637743246,0.1592639839587567,0.6072180089560091,6.178571428571429,0.655292712088056
0.03,0.3,144,0.010518391382060273,0.0029619500350711145,5.573901846737859,0.003396610702112144,-4.756127209057003,0.571634849422443,5.285714285714286,0.5849537836041878
0.03,0.3,145,0.06475363453374366,0.04300186145974119,37.57172901759247,0.03528073505883039,4.864496168318278,0.6668198449763809,6.678571428571429,0.7611556694782207
0.03,0.3,146,0.008627045631753231,0.001511116848290763,3.4078563134482445,0.001287541948979219,-4.182598919438003,0.6117862163652716,6.0,0.609104756484897
0.03,0.3,147,0.049426595428435596,0.008735624711092519,27.3042192662068,0.013749916249454458,-10.835595919653278,0.6219434020340452,5.464285714285714,0.6855120762232203
0.03,0.3,148,0.008908720423820697,0.0037048413614241657,0.6748035930015893,0.0037035446244513244,0.19709260993824765,0.5198409373634727,5.642857142857143,0.5628586531015738
0.03,0.3,149,0.13916466535853955,0.08099724749297278,50.492005780366526,0.08610683941962112,-3.6845332332314107,0.57843422527741,5.964285714285714,0.6816967630882961
0.03,0.3,150,0.008791752823826764,0.005449925815428952,0.4981258462896392,0.007059028456647833,-4.18130094456374,0.5644887790115433,6.321428571428571,0.5841253512447541
0.03,0.3,151,0.05286764445434184,0.01413250155942563,30.931392634329523,0.018762846920122228,-0.2572271272332216,0.6283548230371636,6.607142857142857,0.6685828946923534
0.03,0.3,152,0.06355322670834437,0.007724760209674826,54.51929933421295,0.011419338641798555,-5.444802064322772,0.6512938777446762,6.178571428571429,0.725029030010184
0.03,0.3,153,0.02090878595928332,0.009607620609343911,10.380944752001588,0.009690368606689339,-10.752580132537938,0.5568949843739304,5.821428571428571,0.5829895232254689
0.03,0.3,154,0.11101827210650635,0.030592445029795752,62.24492558755395,0.03275138700779163,-2.7253039693660384,0.6387100632780603,6.178571428571429,0.7537822674225463
0.03,0.3,155,0.008056002073705031,0.0033244451892001014,6.908901138767315,0.0034198388804116595,-4.254330472679716,0.562417249610353,5.785714285714286,0.5727909799385078
0.03,0.3,156,0.11478349283069966,0.035713054760800854,58.0410939308459,0.04339244315788453,-5.851181889913458,0.6556919446033965,6.964285714285714,0.7619284485479729
0.03,0.3,157,0.04912753447427642,0.028657059206141602,19.954901835188508,0.027371542516071667,4.718703721295839,0.6228519671450945,6.142857142857143,0.682367298223544
0.03,0.3,158,0.1018300165098288,0.031572472413243034,68.30490900286114,0.03038451421541314,-1.3954424294498484,0.6657518812450396,7.0,0.7548545161098092
0.03,0.3,159,0.0869436867736622,0.007707506594682084,69.45105349371951,0.011134170801226573,-1.3145052374321533,0.6536576516353959,6.464285714285714,0.7474482129316791
0.03,0.3,160,0.016645996166994873,0.0019954347208222547,15.833922376722208,0.0013858169038102205,-7.351354341987985,0.5740946906246363,6.214285714285714,0.569404216245147
0.03,0.3,161,0.006638074489429715,0.0011545419251870173,9.345924368504948,0.0010798482615689544,1.6077988338438445,0.5562218678706359,5.785714285714286,0.5706242936688006
0.03,0.3,162,0.07054755644431479,0.03034556611342885,44.60065742150301,0.03482198728792746,-3.150383233961506,0.6622895438008084,7.178571428571429,0.7255946557271458
0.03,0.3,163,0.09157669879773492,0.03344146976890099,51.71547710668599,0.03733196489142691,-3.941322548445347,0.624236129819618,5.678571428571429,0.7150194946694373
0.03,0.3,164,0.005039885566407092,0.0013974801935653217,8.12591153417111,0.0011700150370200372,1.613220464498274,0.6000480530992757,5.714285714285714,0.5980141310974745
0.03,0.3,165,0.09249808449882838,0.02372445073769396,65.86408408138696,0.030519115848314553,-9.047420874131992,0.682651555217956,6.607142857142857,0.777446603432104
0.03,0.3,166,0.003514738850428276,0.0023675222997722764,0.8309312463051413,0.0017479723798805807,1.4452109315392174,0.5474835398529077,5.321428571428571,0.570286813246716
0.03,0.3,167,0.12638651815795768,0.05065773129022688,67.08783880948583,0.05761650859067955,-9.598866366042088,0.6686511553087824,7.642857142857143,0.7986007376922506
0.03,0.3,168,0.07886195488446873,0.0196451830081762,65.73914606828167,0.02394419677774596,-4.147466119734048,0.6685861363477131,6.142857142857143,0.7809519459492595
0.03,0.3,169,0.004904006959830331,0.004374422137693179,0.4284175300073798,0.005249592019901722,1.6790333117130558,0.5775785698882918,6.214285714285714,0.5934947580822258
0.03,0.3,170,0.09973428716541805,0.035463315409088814,45.77721811936427,0.04455726341252895,-10.771638376543166,0.6183369926043338,5.714285714285714,0.7337740296694799
0.03,0.3,171,0.060789192011291904,0.014184167242086326,32.10395512132115,0.014069852113753199,-6.2864257173906894,0.5791638215438283,5.285714285714286,0.6584934753055828
0.03,0.3,172,0.008044149082068767,0.00540972473850693,7.223231774273823,0.005863363623703236,2.970720832941064,0.576096248786002,5.392857142857143,0.5769388146898393
0.03,0.3,173,0.06540133864482582,0.009736042367403542,53.463066466219836,0.015051168253977634,-14.039625555394466,0.7181592351474444,7.428571428571429,0.8100267312315906
0.03,0.3,174,0.042779244504344664,0.024241801812443797,22.401443254516398,0.02570358721636536,-8.151267721193364,0.5843380269227824,6.75,0.6178811384438145
0.03,0.3,175,0.02099598003848491,0.011706751714357462,20.14250596618486,0.0104836353513374,-0.20733624775027693,0.6085248915385638,6.535714285714286,0.6478386313704377
0.03,0.3,176,0.018362917662534013,0.006451576655969067,13.310933839814984,0.007992792102138243,-4.927638516425219,0.6032988110730597,5.785714285714286,0.611672733852586
0.03,0.3,177,0.05190721569714149,0.027365613600682615,40.66402147611935,0.02939158018859109,2.3930730458473115,0.6276705415990361,7.071428571428571,0.6868543434468108
0.03,0.3,178,0.07848238014366228,0.034405511301581315,54.69904421951526,0.033191638006106146,-0.13623964861092,0.6374178060506581,6.142857142857143,0.7115509861206197
0.03,0.3,179,0.007312218344807836,0.005113148019165904,4.442879586278821,0.0034370593320509316,0.22224942373154022,0.5650004891339944,6.071428571428571,0.5573791426527743
0.03,0.3,180,0.005486351090686733,0.0017278652025610496,5.411254859872439,0.0015177952387361244,0.0031935673341081383,0.5795104370501056,6.035714285714286,0.5760906476919896
0.03,0.3,181,0.02836725791631062,0.017993413811983713,16.204604118832567,0.01844942661501328,-2.9321217814787133,0.6112691210070711,6.428571428571429,0.6391379390924987
0.03,0.3,182,0.08512313560170985,0.019850475914953813,48.71878033243805,0.026145041916283102,-9.860024611300318,0.640601532812599,6.0,0.7270255678887378
0.03,0.3,183,0.0639356499586171,0.015182196844591893,44.96264703428529,0.01487164726477112,-7.056009346965037,0.6263856251104997,6.607142857142857,0.6879264714329214
0.03,0.3,184,0.1344897547825843,0.06998566847599035,63.122876879951455,0.07689133859762502,-7.817737367114532,0.6426280018041942,7.321428571428571,0.7645091900625273
0.03,0.3,185,0.057891701847533,0.02166767667028268,38.2709495736977,0.024653424324760743,0.23701203245210914,0.6079108352437343,6.678571428571429,0.6686926925073116
0.03,0.3,186,0.0816068148019081,0.02177579171261975,44.314166848125524,0.030170517593078008,-8.24611574178447,0.6201487361168875,6.0,0.6810637559530123
0.03,0.3,187,0.14378123383611457,0.05882031320240376,58.81350488179057,0.07309209747846344,-11.34397486172987,0.5934427256325695,7.214285714285714,0.7235439733233152
0.03,0.3,188,0.13157726075032425,0.07999167814207332,45.64133965312205,0.08786472600718814,7.558265878072613,0.6196568664401797,6.857142857142857,0.7316553221078479
0.03,0.3,189,0.030093054701268628,0.003022550009024044,23.063061592539725,0.004308419823701826,-5.6143427489178634,0.6813271469232475,6.285714285714286,0.7158503209350602
0.03,0.3,190,0.11937664591057431,0.05573378082086284,49.91995902363285,0.06476596235511889,4.949462413238142,0.634369121598095,7.285714285714286,0.7354807841980022
0.03,0.3,191,0.006448183670387542,0.0031175309473942944,5.927535607089737,0.0034973423627456756,0.10458969573132511,0.5530675590036104,5.357142857142857,0.5542481748766175
0.03,0.3,192,0.09762676998757411,0.03671679741558855,42.401985534301424,0.04723594234379367,-6.87806537933911,0.6218969935943424,5.892857142857143,0.7070788575481026
0.03,0.3,193,0.014032314441837387,0.006314892698589973,7.1251624074154165,0.004365390817839684,0.03703191856838354,0.5777667859058095,5.821428571428571,0.6037200165575829
0.03,0.3,194,0.006033828344768059,0.00033283553843882366,3.1824835437537047,0.0004010406359067832,-4.982072919148607,0.5882491018091954,5.607142857142857,0.6149675635015427
0.03,0.3,195,0.08091865399295008,0.026397490268642163,31.057486666345994,0.03487109204158442,-9.526586612162333,0.6480227373367857,5.964285714285714,0.721649357509526
0.03,0.3,196,0.10433397590393174,0.04011919213474206,55.31968214013153,0.0495207756612168,-3.111804897813883,0.6373357138814271,7.142857142857143,0.7413024019463945
0.03,0.3,197,0.08397782444691372,0.030737416954786594,44.937731484338485,0.034571808301759085,-6.203929010224836,0.5911123681406909,5.5,0.6851472670485486
0.03,0.3,198,0.01810923896184052,0.0014198688960937894,5.440273031008331,0.001709770784932807,1.4412483333333626,0.5644916929770732,5.821428571428571,0.5808172142937462
0.03,0.3,199,0.006027130351609922,0.0058451404878129545,5.111726821963212,0.005210456296401603,-0.33245310200974626,0.5903230120118081,5.892857142857143,0.6003221382997725
0.03,0.3,200,0.0054737789354369825,0.001059625313274836,6.811692085240935,0.0013751832690659686,0.03991268796829672,0.5412927668414423,5.678571428571429,0.5448749156606985
0.03,0.3,201,0.12416245571285452,0.0687894265765913,55.40695078130531,0.07561066415615111,-5.613932534503429,0.6034008296519916,6.535714285714286,0.7155824347857583
0.03,0.3,202,0.005936707484292702,0.0020844179283266316,5.099422263165375,0.002248600438006052,-0.9749793093397727,0.6190629477172926,6.535714285714286,0.6282721095429746
0.03,0.3,203,0.0338544234243999,0.0119629024624022,20.044116158609075,0.01450947811940285,-7.20084361701862,0.5743446730926349,5.785714285714286,0.6349621217906715
0.03,0.3,204,0.11513200639437228,0.027341460924258976,60.71569779995669,0.026241303736143883,-2.6169787793828525,0.5894685172929943,6.678571428571429,0.6950078068750984
0.03,0.3,205,0.0036921374616425686,0.001593832982019757,5.267715930175228,0.0016626989002657751,-0.5025372081051955,0.5698073336867724,5.5,0.570582299726198
0.03,0.3,206,0.06995906476494128,0.01545761900589263,47.24975351685407,0.02027483821453716,-5.349504324246591,0.6731398551783963,6.964285714285714,0.7147302444161623
0.03,0.3,207,0.047312432001864954,0.009004510248462534,37.396352847958134,0.014095493265093144,-12.207357417098573,0.6339545588859137,5.928571428571429,0.7131536962557814
0.03,0.3,208,0.027801998445741292,0.0007456027675416338,26.802399262377964,0.0013249439675683049,-2.599553182884383,0.5923863863704427,6.75,0.6170554520355975
0.03,0.3,209,0.053797754022555294,0.023916802002717216,31.855931156428454,0.022247651373225583,-0.6082790513822545,0.5167389835353086,4.785714285714286,0.5513122098705772
0.03,0.3,210,0.03304367169049808,0.00811562128782076,27.08665684917213,0.0075267766126456085,2.043620673127208,0.6048414419610826,6.0,0.6409442016627378
0.03,0.3,211,0.003321913881223455,0.007787535260685414,-1.2296104741493725,0.006914154150839141,5.346265050486409,0.5844909833913131,6.0,0.6119856214148709
0.03,0.3,212,0.052110846795771056,0.032052674274321534,32.753426979309644,0.030758949540278822,12.773084405214206,0.648443298774226,7.25,0.7290114740074519
0.03,0.3,213,0.006481707125521498,0.003797602347051538,8.393100417808881,0.003188940842478383,-2.0125491157599433,0.6077708395536554,6.25,0.612689178373727
0.03,0.3,214,0.02551361372181481,0.002377930758696091,19.431311231109902,0.0038314910151831315,-5.024466851060557,0.6182520584352041,6.607142857142857,0.6674534135419983
0.03,0.3,215,0.03304792127882842,0.011478657837117627,17.854421368794533,0.013743365885282669,-6.930777298254564,0.6129332471273237,6.392857142857143,0.6335637587065073
0.03,0.3,216,0.025960555388622606,0.006692518308171939,15.100226860480186,0.0060766679987706495,-0.23524859478573035,0.6047939825215761,5.785714285714286,0.6223160508276778
0.03,0.3,217,0.13533320083260336,0.05801040976186204,59.20046817427188,0.06661138748198492,0.8256002594175224,0.6244731216905122,6.75,0.7252032118315133
0.03,0.3,218,0.021488141107627846,0.0015377381142818692,9.4414667848741,0.0014870882872884054,2.258892351520681,0.601512646497522,5.428571428571429,0.6327865740446927
0.03,0.3,219,0.03682291513040909,0.015094499064648713,26.99594717875156,0.016353034436489142,-2.7933756052591527,0.592077041616905,6.357142857142857,0.6555885807878538
0.03,0.3,220,0.04487803107813398,0.004423573559257815,32.22262623886265,0.005924335161198904,-6.108272481659441,0.5978328608379577,5.75,0.6394575859193175
0.03,0.3,221,0.006073430408715871,0.0017739066564159529,6.8361465320528225,0.0013197662427982717,0.45968398935522714,0.6374952793929037,6.678571428571429,0.650186560478889
0.03,0.3,222,0.05972685614028492,0.017599198063975023,35.456730834309575,0.02299014876980348,-4.479380998788287,0.645270718814403,5.607142857142857,0.6919767092441156
0.03,0.3,223,0.006712937284488321,0.0006105769599668467,8.066873360888735,0.00046378982044556965,1.0563044343134227,0.5283281749665476,5.892857142857143,0.5324447086503261
0.03,0.3,224,0.0469434006791548,0.008993210709718893,32.54032179258366,0.012158149528783656,-4.178717326188907,0.605716776646881,6.25,0.6577046630994213
0.03,0.3,225,0.006496907269520569,0.000479533656366547,6.899933482415302,0.0006082926731818852,-2.3168670441185952,0.603914349101241,7.107142857142857,0.6190318227632727
0.03,0.3,226,0.1098577924956243,0.05569347025017549,38.059362794998265,0.06431125680926475,-2.329711026813191,0.6035591541419792,6.035714285714286,0.6896721219078017
0.03,0.3,227,0.09583766292031236,0.019648444643464682,68.41821499585124,0.02667817255781452,-6.840073038674457,0.6656335126460958,6.821428571428571,0.7862013798847436
0.03,0.3,228,0.004037109705648889,0.0003609327478722377,5.6828926781416556,0.00012850168145001533,-2.2277208859831887,0.575230307063643,5.357142857142857,0.5828699083834499
0.03,0.3,229,0.04825554073540884,0.02478799831227802,25.744879046472978,0.027269013018917976,-2.2170847974042354,0.6230607929214653,6.178571428571429,0.6790112831487547
0.03,0.3,230,0.03566044854536528,0.025051320023516732,13.715462867271137,0.024176615413026674,-2.5611842039296087,0.5775552940411998,6.964285714285714,0.6164929041980218
0.03,0.3,231,0.1201102180243256,0.030037148738822392,61.73313625350992,0.03915458444381828,-4.246484995692721,0.654472650444967,7.535714285714286,0.768834676793319
0.03,0.3,232,0.09985147635013851,0.034432388016093496,51.34867907302481,0.04037890493053395,-1.7122000903055674,0.6527120522847165,6.75,0.7634435598217869
0.03,0.3,233,0.03502307867732113,0.010454440544623323,27.95049383510417,0.012080270890728316,-1.8684597215469314,0.5770536272068246,6.107142857142857,0.5944058908479061
0.03,0.3,234,0.007497211841098944,0.002386005873667857,7.211712485333162,0.0019252610034106114,0.8195617873904647,0.572526364602815,5.928571428571429,0.5639372184824787
0.03,0.3,235,0.007373714363647654,0.002248824439136999,5.115105199495834,0.0025271154835207884,1.4228428920361391,0.6186474317705409,6.071428571428571,0.6055603570865138
0.03,0.3,236,0.03888720825542382,0.010340567984094936,31.04841872152045,0.01349782113180489,-4.867674086461089,0.6213962970248674,5.928571428571429,0.640846041450556
0.03,0.3,237,0.002451229918237489,0.00033950424700708034,1.3302270202354596,0.000576630400607021,2.053123200313763,0.572496251831678,5.857142857142857,0.6045569281729721
0.03,0.3,238,0.0010092887749993098,0.0008325203666310389,-0.16831555821140873,0.0007423576814724997,-0.1803502096212147,0.5712625236183443,5.821428571428571,0.5811591707168986
0.03,0.3,239,0.06969857892141039,0.029439686695829262,41.21840262760543,0.030591323303774256,-2.611488190839509,0.5653676182347256,5.892857142857143,0.6143977534779647
0.03,0.3,240,0.005073086545910909,0.0021812121076833463,3.0423338708836716,0.0013070210951691675,0.49423260865616686,0.519672293486793,4.821428571428571,0.527687504072721
0.03,0.3,241,0.08540407521194146,0.03108445987348273,46.40239379334813,0.04062329642550624,-2.527670449760123,0.6407661415370741,6.071428571428571,0.7088554578101418
0.03,0.3,242,0.05931687161447596,0.03467234088204475,25.17590588144307,0.03556150783459713,0.46133253742243124,0.5866693024931076,5.642857142857143,0.663911729919544
0.03,0.3,243,0.010829892030547043,0.0009585948923212061,11.040138871195344,0.0004373132330836889,-1.8839808064423853,0.5258853869944221,5.785714285714286,0.5532881682026484
0.03,0.3,244,0.0921889194159431,0.02425839999533577,47.943889208187024,0.02714071709685419,-4.142590031575831,0.5781833685931502,5.928571428571429,0.6871232354390493
0.03,0.3,245,0.04687733872486202,0.02112994771435011,24.124302445726073,0.024041453608664512,-5.513090940901871,0.5824067757093715,6.535714285714286,0.6032498252184448
0.03,0.3,246,0.0742136891122812,0.024569151639240932,54.5229316973053,0.030077611202758692,-4.949364807921005,0.6929691123382187,6.857142857142857,0.7834543222406243
0.03,0.3,247,0.08354298319040435,0.04887785076467527,40.5010532981342,0.045632566967933164,6.757065075179024,0.6069482421784494,5.714285714285714,0.6782084394336276
0.03,0.3,248,0.013784785490746135,0.010326386604864866,5.470079138891634,0.011349137282139333,0.7197280375222684,0.5823469289666433,5.392857142857143,0.560390636404923
0.03,0.3,249,0.050676580866947776,0.013152695398316493,29.467294808880485,0.013548410360524524,3.1789906673699875,0.6390170762679761,6.785714285714286,0.6903231537485093
0.03,0.3,250,0.02744215314807162,0.0039554524603835585,20.17166479777789,0.005341057221271163,0.6221779607820016,0.5889116175940484,6.285714285714286,0.631120465629238
0.03,0.3,251,0.046862268316126866,0.0073116466755239135,39.17639188889587,0.010223922347199666,-2.8329627009717533,0.6034366498269879,6.857142857142857,0.6705593458874636
0.03,0.3,252,0.03981058767959555,0.01718622914280537,24.663615564016812,0.020792420446446306,-5.356875135608078,0.6065020294370863,6.642857142857143,0.6486342128995625
0.03,0.3,253,0.018343540013511128,0.011394450986324632,5.780384540593133,0.013352517575169911,6.8574189162846535,0.48892691697661883,4.857142857142857,0.5345210903411866
0.03,0.3,254,0.006953311420536806,0.0005548867739751399,9.404454481077456,0.0005120627520667863,-1.854138121233973,0.5872567597156086,5.678571428571429,0.5906932340430902
0.03,0.3,255,0.06314161909997279,0.02723446614346157,27.86313751066143,0.024342828565449413,9.532717757563924,0.5916769751389689,5.535714285714286,0.6620914660156274
0.03,0.3,256,0.03279688069315209,0.016845803599599644,20.638371238124364,0.017296923754371234,-1.2729574878290748,0.5557513089518543,6.285714285714286,0.5891939044449512
0.03,0.3,257,0.034890758211939134,0.01613144929117771,16.850544286169868,0.018802978703182576,-0.3349236586002841,0.5654542777018543,5.035714285714286,0.5873515924638646
0.03,0.3,258,0.04665879381936001,0.025762528399696533,23.89910753281082,0.02856280060900594,-8.316269668321837,0.5789182334221005,5.857142857142857,0.6355538088981202
0.03,0.3,259,0.04818239016432225,0.022636824840184228,26.04719607072315,0.024418382910978666,-9.25041746574963,0.6337283754110024,6.892857142857143,0.6877773853928602
0.03,0.3,260,0.11321288364222641,0.0311358155750007,72.11740903871144,0.040278687444104636,-7.551452026595432,0.6741110139081548,6.678571428571429,0.7800008711605674
0.03,0.3,261,0.0026448072127280607,0.001783612360409927,1.6552462224715232,0.0009864263829905738,-2.5452183413964065,0.5903750152146755,5.607142857142857,0.6028346836632262
0.03,0.3,262,0.05489418607910912,0.00862217036492096,38.49977409541248,0.013251368777275792,-2.95669082472376,0.6676460587327295,6.428571428571429,0.7351794638294882
0.03,0.3,263,0.1301057262219915,0.04350467294278835,76.72789939504048,0.04842130593553035,-5.866619679931465,0.685661450651059,8.071428571428571,0.82088121487279
0.03,0.3,264,0.016793294046822196,0.001398214380443563,10.860392633020714,0.0017281210553910004,-0.3574439315957629,0.583430957731454,5.285714285714286,0.6079186061434945
0.03,0.3,265,0.07099196020822415,0.013008889801562234,51.36125926307111,0.017565263853185565,-4.494662810424306,0.6511943027197503,6.071428571428571,0.7297943718571464
0.03,0.3,266,0.1048169247820606,0.025785477993441504,58.20115122507921,0.02855032787814139,-4.222711490356185,0.629203870399402,7.214285714285714,0.7187931156146399
0.03,0.3,267,0.09053064961717787,0.020278399083568217,64.01616365526917,0.026521371735144614,-10.420815931404311,0.6779258302591684,7.285714285714286,0.7748520014018836
0.03,0.3,268,0.0330194725733545,0.016709291090504806,14.220844221678817,0.014725906097997258,-0.08286475319344315,0.5768164302106608,5.678571428571429,0.6303332225380576
0.03,0.3,269,0.08026798930743702,0.03523522803213962,33.75791611605953,0.043161327133888136,-4.559944116140779,0.6349710328065374,6.964285714285714,0.6928359304558384
0.03,0.3,270,0.00707608520585407,0.004475688865576835,2.226178508781288,0.004407720969835982,-5.22021092026056,0.5660693488296812,5.571428571428571,0.5637645454255544
0.03,0.3,271,0.08930061381472935,0.027854482901980213,38.76855580095939,0.023006403269174452,0.20241560138841427,0.610135031825887,6.107142857142857,0.6915566088832196
0.03,0.3,272,0.15101225849940011,0.05006747042542739,82.12069417206476,0.05972993874346691,-13.475229414977676,0.6077137934244,6.571428571428571,0.7760657118397485
0.03,0.3,273,0.017413136299756455,0.013458842646739777,8.225748519411875,0.010095455925763606,1.921753552051077,0.5768859534458584,5.535714285714286,0.6085425405754903
0.03,0.3,274,0.041860218626745875,0.01670665238047435,36.118112474010566,0.016108087683519866,-0.3116176316602169,0.6090564106777082,6.642857142857143,0.6541821709601969
0.03,0.3,275,0.03798840492996289,0.01862241938707912,18.57474885395922,0.014873866893686668,1.1375250990920545,0.6219166148939426,5.857142857142857,0.671887591660518
0.03,0.3,276,0.05081055696030601,0.006839144825379046,38.87115145683678,0.011116815869656294,-7.408337907545648,0.6475942969882544,6.25,0.7019157349950074
0.03,0.3,277,0.11362565017924134,0.036914223097909926,62.62064165735287,0.042929543979187836,-2.0001993142584715,0.6710854099340555,7.285714285714286,0.7992460865203663
0.03,0.3,278,0.020716881963666216,0.0175752759438417,9.816602218718913,0.015023375183522404,5.548973001382336,0.605140239329961,6.214285714285714,0.6569076029811796
0.03,0.3,279,0.031042469701686875,0.020174365051238444,14.989810915213374,0.01960914135028025,8.641141881186789,0.6145785844887884,6.392857142857143,0.6553127183040647
0.03,0.3,280,0.09663727236560947,0.020592394602187508,77.54600038869383,0.024248995045615746,-4.915056569977267,0.6718483930167903,7.214285714285714,0.7669715840971625
0.03,0.3,281,0.05062221940410227,0.02929251555680135,27.90458259750336,0.030373128444547884,-4.538557678113942,0.6155786131075798,5.75,0.6594292411647801
0.03,0.3,282,0.11447713612131699,0.057458135843236675,58.29263389846744,0.0617266814083899,0.2710499324115195,0.6571734525588705,6.25,0.7703851635632128
0.03,0.3,283,0.02161999842496478,0.0015191716607035075,19.638733237077208,0.0008576814917313223,-2.520735481735566,0.6125852205818819,5.392857142857143,0.6466257557822102
0.03,0.3,284,0.07130012424374868,0.02231187087069575,42.50391967025811,0.020619875661689324,-0.08351294267131475,0.6405840878738459,7.392857142857143,0.7113431387362028
0.03,0.3,285,0.05908231030171101,0.011888148746115563,43.52400533950232,0.0176859100532433,-5.895254643666107,0.6729374521200996,6.357142857142857,0.725312587192438
0.03,0.3,286,0.025475636809973546,0.017852790800315946,17.2167130652828,0.017141591772578575,3.1003191640744583,0.5502145401199029,5.107142857142857,0.5859874179811153
0.03,0.3,287,0.09150959999466679,0.009931618248735142,56.35412757320932,0.01451015126861594,-3.7535213933866154,0.6433462555465678,6.0,0.7226061354276686
0.03,0.3,288,0.02976025268775592,0.020528706582719783,17.70576978632071,0.015973316396238033,2.7267076790733995,0.6065257663977169,5.928571428571429,0.655603437088027
0.03,0.3,289,0.025651971439170425,0.004375551577729379,24.538455968545758,0.006907157661560627,-5.783410176233872,0.63436710591425,6.214285714285714,0.662941775458932
0.03,0.3,290,0.0016569315208818864,0.0008581888530185629,5.986336317683917,0.0006709678930415547,-5.085801986011802,0.5887689333263068,6.321428571428571,0.5946864405597796
0.03,0.3,291,0.05459656106813109,0.02271981774091521,33.53618360933609,0.026838600197648794,-3.554353030580321,0.5491723788860109,6.607142857142857,0.5829649504825282
0.03,0.3,292,0.04944940522586549,0.019705487013086168,37.823720645296355,0.01843838663409801,-7.5155492980468965,0.6485518507339314,6.178571428571429,0.694239916202018
0.03,0.3,293,0.004387341214072034,0.0010980751544911816,3.307133332176013,0.0009192276246165216,-1.8067956041883424,0.5770951687357997,6.0,0.5730401071170423
0.03,0.3,294,0.003607799292358761,0.0011122591824526996,5.012571983858247,0.0012434099919288893,-1.5777568125997543,0.4985486116246224,5.928571428571429,0.49738841682640245
0.03,0.3,295,0.04998677279564319,0.028411572177864358,18.174586727922133,0.024037854687128456,4.038436112236108,0.5885606722262413,5.5,0.6665686238028274
0.03,0.3,296,0.03336205686437557,0.01370193408161469,21.95585804896969,0.011226681841247928,5.068189235070302,0.5828424837873213,5.678571428571429,0.6091275589442695
0.03,0.3,297,0.007037083637055843,0.007668789604374701,-0.4706852679585343,0.00681103692008315,1.684188191801032,0.5578074425322812,5.678571428571429,0.5974787711944749
0.03,0.3,298,0.06659540411248763,0.04446380271201661,24.591659734971255,0.03666908556412764,9.359733882366518,0.5915681984714253,6.428571428571429,0.6684771705412884
0.03,0.3,299,0.005895611901312464,0.0024597736183963317,4.921345917677134,0.0016413762081198815,0.17615353540043088,0.6103395275094808,5.75,0.6154440011253169
