leak,strength,rep,phase_fst,spatial_fst,be_phase,parkin_fst,be_parkin,hs,rich,ht
1.0,0.0,0,0.004267735908123578,0.004242350062434915,1.3708389482622085,0.0039048223759252684,-0.10814192432186094,0.6186966518505823,6.714285714285714,0.6446623604284167
1.0,0.0,1,0.006756561880791454,0.0060079172126086666,6.432234816532552,0.0066706595697516614,7.327672602598,0.5718229607787562,6.5,0.5883262542694199
1.0,0.0,2,0.0029648747673482515,0.003475072792791792,-0.007390116862884118,0.002800194535081314,0.07205655211036326,0.599674449015604,6.142857142857143,0.6015827612522003
1.0,0.0,3,0.004300320112232007,0.003440470075373339,-2.441878230411646,0.002955603091417941,-0.3008752899132503,0.5269239007694972,5.535714285714286,0.5399802928210964
1.0,0.0,4,0.001686466120777058,0.0017190395154705262,0.6936435425556908,0.0012995198434486224,-1.1767180992743154,0.597918453082417,6.214285714285714,0.599894182305542
1.0,0.0,5,0.0006164331649444454,0.000723337858134961,0.7602102643928106,0.0003992586267912415,1.696981464550106,0.5698392361148069,6.285714285714286,0.5629255718321451
1.0,0.0,6,0.0016731844383854795,0.0006686936219586195,4.93548251992479,0.0009601677448566784,-0.2209447360580062,0.5696517758864449,7.071428571428571,0.5902540226663989
1.0,0.0,7,0.0015819202456700565,0.0014720285572600907,-1.0245586924404695,0.001124592748017886,0.6858667779525547,0.5717302466264739,5.642857142857143,0.5891483297014943
1.0,0.0,8,0.009462240238871905,0.009214937257744938,-0.5952996116459796,0.009043682606325936,3.138101855832673,0.5755015984637996,5.071428571428571,0.6011036179109264
1.0,0.0,9,0.004205567225530861,0.00466152285602971,-3.504440210296366,0.0035353120776382345,-2.656994034034701,0.5951475346441976,5.642857142857143,0.6051553443696667
1.0,0.0,10,0.0020486543571674337,0.002196955158605994,1.5310200168665915,0.0011033405723283153,-0.004561400503755901,0.58986977531864,5.857142857142857,0.5844571084205294
1.0,0.0,11,0.0027084342044108667,0.0008174950941087164,2.8725502831260976,0.0006964342040866749,-1.0376659118850853,0.5807941415369954,5.285714285714286,0.5780279414215783
1.0,0.0,12,0.005895312615971899,0.005394565619931078,1.3171267038469618,0.005820851627723272,2.0250820452229257,0.6074107662942559,5.607142857142857,0.6118337693067339
1.0,0.0,13,0.004860555804810248,0.005910672735084097,2.041877477528876,0.0045845775736237755,-0.2517759147782215,0.5951182835957727,6.5,0.6151112582234637
1.0,0.0,14,0.004894406132060509,0.0046784272971168534,-0.0689646590881523,0.004325859190309437,2.9325143797645885,0.5591449180114512,6.071428571428571,0.5981248744047931
1.0,0.0,15,0.005968037447709239,0.006959972864136213,5.4918031855449385,0.005594845163479533,3.6999211670736636,0.594198507892168,6.607142857142857,0.6059317243571318
1.0,0.0,16,0.0031208962013801558,0.0024301538472335724,-0.06720525226789202,0.001776001225364681,-0.06545432285956092,0.5757164436243725,5.357142857142857,0.5666513548872835
1.0,0.0,17,0.0021012475314307307,0.0029933719765622255,4.3414257440568065,0.0018992008688846942,2.750274291103068,0.5694320733622785,5.535714285714286,0.6106371783156498
1.0,0.0,18,0.0023982435585937828,0.002244035715406921,6.083279172136353,0.0022304878867600263,0.5937549192826074,0.5975369011590661,5.035714285714286,0.5928034522903373
1.0,0.0,19,0.004727309229984223,0.002370701708028476,9.608273120891406,0.0035144748748074223,4.762330550714552,0.5774212290908239,6.142857142857143,0.5824979577239286
1.0,0.0,20,0.0015018691678445547,0.0015255998618011397,1.2936412130118906,0.0013291835443657004,-3.1494556388907142,0.6105113378303978,5.642857142857143,0.6118615305717838
1.0,0.0,21,0.001329368297378654,0.0007432509774438628,0.4539054659861013,0.0010728285666748204,1.0187880216836902,0.6117260535730494,7.071428571428571,0.6101984396851388
1.0,0.0,22,0.0007891991333170926,0.0005693092957741669,0.9036794055839911,0.000383964299516719,-0.44089899995334275,0.5869569586833562,5.785714285714286,0.5979486306054438
1.0,0.0,23,0.001064316046162728,0.000992596976175103,-1.7105058006406562,0.0006990421953907539,1.2923384241764115,0.57864572026491,6.357142857142857,0.5713024631519373
1.0,0.0,24,0.0009697232245494325,0.0008035780916073784,0.6212978883384702,0.0008162012624425698,1.7397295576860377,0.5087139790452733,5.0,0.4941782188021304
1.0,0.0,25,0.0019684578644643385,0.0009048205861917108,6.489098921861739,0.0008104714507156084,0.029021938530036095,0.5662956930834725,5.714285714285714,0.5817038044917737
1.0,0.0,26,0.001783970100746746,0.0011275665279752074,0.8759285530515607,0.0013108940615087765,-0.45163853615746535,0.5952176589953427,6.285714285714286,0.5939821795108677
1.0,0.0,27,0.0013024747126163718,0.0011822515418206992,1.896678010637724,0.0010256217719444914,0.22135129605880857,0.6158258153068609,6.178571428571429,0.6197950262082688
1.0,0.0,28,0.0024563109522907065,0.0012779072096899453,1.0967709238106427,0.0017400004811003724,-3.545516768786181,0.6081498860107557,6.035714285714286,0.619755919034894
1.0,0.0,29,0.0017202264155116312,0.001012004869127499,0.5745741880870222,0.001347443314767391,-1.6854587318946226,0.5983824363125084,6.607142857142857,0.5902832122284187
1.0,0.0,30,0.0007338262706981937,0.0005329850017989213,0.3766614360235205,0.00020538100598700145,2.602782593037413,0.5648320580272751,5.392857142857143,0.5772429313017171
1.0,0.0,31,0.0026408555449241393,0.0035252074908391955,-0.0547520643431767,0.0025040457049309846,1.0567469199214656,0.6056937907635668,6.678571428571429,0.6110862268362607
1.0,0.0,32,0.0013313153557195805,0.000875033332636904,2.246160849003284,0.0009156972738332735,1.1987205594004895,0.5744178402320227,5.035714285714286,0.5917525878239062
1.0,0.0,33,0.0035742409581782744,0.002639227861570742,2.240218275330591,0.0024251410033872345,-1.9201549144451537,0.6153173617609775,6.178571428571429,0.6374571252533108
1.0,0.0,34,0.0006981903462695137,0.00045245196239280367,-0.4301372187383568,0.0006650675482664381,0.49996373366694985,0.5853564935077792,6.535714285714286,0.5853316989123232
1.0,0.0,35,0.003485979686368705,0.002910799820290755,-1.9200944732661565,0.0026296826321170605,1.8700186553695726,0.638168378674246,6.428571428571429,0.6513297009763229
1.0,0.0,36,0.004277213737911961,0.004889148607365238,-1.921063250177961,0.00416746343243872,-4.078575532527755,0.6067111838811243,6.535714285714286,0.6165714102392226
1.0,0.0,37,0.003844706343734246,0.002544291219903712,-1.4810972690069473,0.0031749002227890485,0.42253501470297766,0.5583396096085708,5.75,0.5732435086756795
1.0,0.0,38,0.0023453062909054427,0.0017950416731295328,3.7285469775180786,0.0014136724864785663,0.36900618569787486,0.5941165696252498,6.035714285714286,0.6141164493838888
1.0,0.0,39,0.012168944991922772,0.013396162718158945,6.707141631306352,0.011799802340794752,2.230713389230914,0.5643468292187305,6.25,0.5608626885534937
1.0,0.0,40,0.004304147456389548,0.0037353663932199023,2.520407553426774,0.004074802623144798,-1.264534659795629,0.5655832760826714,5.785714285714286,0.5764522784029815
1.0,0.0,41,0.0024216865835919605,0.003406772428928272,-3.3642137653837096,0.002202052201636972,1.735212052839472,0.6181216419655764,5.75,0.6388499863766118
1.0,0.0,42,0.000876600969782932,0.0008982931089505895,3.169981773378263,0.0007649216695654837,-2.1797424011822764,0.5637908789776805,6.071428571428571,0.5765859649876837
1.0,0.0,43,0.0011071140005683004,0.0006875398172142065,1.7964243169539695,0.0006422640188353871,0.05003454693177408,0.59519489315624,5.857142857142857,0.588722827964029
1.0,0.0,44,0.0019434422711645666,0.0021257949775134633,0.8425517287391907,0.0014363935367167954,-1.1120728226323138,0.6109407806427484,5.5,0.6221426837391272
1.0,0.0,45,0.003362710848264371,0.004398017066723905,3.1098906898174525,0.0030520535590950666,0.07789099965398805,0.586934094989621,5.5,0.5842708967176785
1.0,0.0,46,0.0018899244915103887,0.0019381765838687752,-0.12126425113434418,0.0015040376944477406,-2.163023090329441,0.5944198756619231,6.75,0.599650486678865
1.0,0.0,47,0.0007163614661387988,0.00041846381773399146,0.40175585088782856,0.000512167867529105,-1.9933049231985933,0.5996659870108957,6.464285714285714,0.599900368239602
1.0,0.0,48,0.003529161808148814,0.0023489414633632894,1.7051980629316006,0.002363532562875594,-3.6487932304313895,0.5615425574320821,5.607142857142857,0.5860412305782228
1.0,0.0,49,0.0027330238995417833,0.0027488144779310116,1.8855926965647523,0.0021365155901450672,-0.45640168639675,0.6166565208568213,5.75,0.6398967470038617
1.0,0.0,50,0.002857603010741718,0.004210807619006455,0.7717415597696137,0.002558685135566659,0.21917758936921436,0.5473642342370864,6.071428571428571,0.5542175871929158
1.0,0.0,51,0.00108031870606639,0.00039507082576709275,3.4131930341603627,0.0003558180464564291,-1.3630912692055308,0.6372521309628459,6.571428571428571,0.6354727681327192
1.0,0.0,52,0.0007346037521876115,0.0005578639850912791,2.178464326208399,0.000532282741890881,-1.5880012668797672,0.6376824716468633,6.428571428571429,0.638864038002436
1.0,0.0,53,0.0019624856740569608,0.0022211162850747867,-3.203844348838402,0.0018930241597120267,-0.15704914770908354,0.5998392949284644,6.607142857142857,0.6060327512216829
1.0,0.0,54,0.0006442891412630456,0.00039204791086120934,-1.1491138438646449,0.00027837449810036696,-0.010608435224005083,0.5691929085738198,6.285714285714286,0.5554763895696281
1.0,0.0,55,0.0012722473578495339,0.001644032117347108,-3.6394196678559845,0.001182863467142561,0.676417628756127,0.624798374053385,7.428571428571429,0.637950984076747
1.0,0.0,56,0.0006995423860735875,0.0004372481329864533,0.9335193199902297,0.00025281055583167963,2.825796974969004,0.5448967678127667,5.928571428571429,0.545989922731196
1.0,0.0,57,0.0005019617142209702,0.0004818962365952515,2.2246467252087334,0.00038490152286891754,-2.5031568489607046,0.5800891524237163,6.285714285714286,0.5890583067586695
1.0,0.0,58,0.0007762069438669041,0.0007635492240274412,-0.44781247564142745,0.000723634914289726,0.11024458480956885,0.5477756100175771,5.714285714285714,0.5574769910536457
1.0,0.0,59,0.002650176439924719,0.0027927145967465337,3.607819477890805,0.0016073921288913477,3.3739724429915348,0.5870390024531602,5.75,0.613556265277214
1.0,0.0,60,0.0021865707518401323,0.0019253393349539514,0.6338543212701211,0.0018766148879127433,-1.129898755974106,0.5266348190747875,5.892857142857143,0.562619363066959
1.0,0.0,61,0.008086363879189167,0.007076678707597826,3.750106263274631,0.00785016626195865,0.044995142500492115,0.5271746202993918,5.285714285714286,0.5355474927073998
1.0,0.0,62,0.002204248437726282,0.0011418692995138655,2.0483274088712355,0.001390925446359034,-3.05112438362616,0.5603167205168189,5.678571428571429,0.5669837658609675
1.0,0.0,63,0.0017972673165292732,0.0007591118803071341,8.45020495205218,0.0010992652993976248,4.298646767231882,0.5819216841787483,5.5,0.5753019260116923
1.0,0.0,64,0.0022102847404690045,0.002083223734089628,2.016886504167085,0.0018221907341835304,-0.032488334490778925,0.5737977575789636,6.964285714285714,0.5844951292835323
1.0,0.0,65,0.0030647664525526894,0.0044139184750455075,-0.30187406093513874,0.002979267832470018,-0.5924966957657981,0.5963167198193597,6.714285714285714,0.604121730109598
1.0,0.0,66,0.002034407925728346,0.0012197688185551054,1.5117738200135495,0.0009504659843856401,-3.0860820966641334,0.6138336418527611,5.857142857142857,0.6150222914157224
1.0,0.0,67,0.0008137875822875056,0.0008884932345670567,0.3259094452110105,0.0006398735558753401,0.8811830140113557,0.537110805775142,5.428571428571429,0.5353426226180753
1.0,0.0,68,0.004535548657124962,0.003461215495181121,0.44753303682639967,0.003926826251255944,-1.0146749096237027,0.5439047542623182,5.642857142857143,0.5572773614060207
1.0,0.0,69,0.002500476880454863,0.002039981896046988,-1.9728310914315728,0.0023449396832232825,-1.7188678219845788,0.5734815644340391,5.678571428571429,0.5735164542149525
1.0,0.0,70,0.005625909937821815,0.0056292687995442335,-0.9507965717903062,0.0049513579811838035,0.1629434854508247,0.5551155040086148,5.678571428571429,0.5890877880151411
1.0,0.0,71,0.003972130518705035,0.00367356333538423,3.115586895101387,0.003026712417576113,-2.262181748728011,0.5991229792151244,6.214285714285714,0.6017532516299522
1.0,0.0,72,0.0004979712498058107,0.00010005418589532266,-0.11498450857916016,0.00016135090660598334,-0.31110872056943134,0.5776632887327823,5.607142857142857,0.5759026355302821
1.0,0.0,73,0.002368205395577665,0.0012651053846339658,2.938322882448612,0.0014186833870676986,0.6633983536418194,0.5580853345090119,5.214285714285714,0.5614957660977832
1.0,0.0,74,0.0012662719600109124,0.000503075803275332,2.6316428388940096,0.0002371402285865,-0.31284233969224334,0.5516389423527059,5.785714285714286,0.5432994437522596
1.0,0.0,75,0.0024569311076585317,0.002026326624873522,0.44719748179936875,0.0017718337260402772,1.5525154130162093,0.5662349138283026,5.892857142857143,0.6020661492506664
1.0,0.0,76,0.0007124127862772264,0.0003763759553423539,2.3662239032124432,0.0002055078661630153,-1.802550080575107,0.5845216925071003,6.285714285714286,0.58415317286038
1.0,0.0,77,0.0012727865433929126,0.00075844356377479,-0.9568141592911369,0.0007916771316839528,-4.244287382633549,0.6556851437751261,6.285714285714286,0.6613844891907869
1.0,0.0,78,0.005209968600930629,0.0035842875456343387,4.557319950190855,0.004821115398708723,0.4324396268948287,0.6123494539027635,6.428571428571429,0.6124827693447095
1.0,0.0,79,0.0030349331237252775,0.0025399565523983817,1.5822991228008523,0.002731472557690194,-1.6963820270972196,0.5538785863221812,5.642857142857143,0.5643940622858481
1.0,0.0,80,0.001936328481364603,0.00153838660064564,0.9068092831848654,0.001632610532755935,-1.4820412520261925,0.5635845993438098,5.571428571428571,0.5809844960325304
1.0,0.0,81,0.0070947186994296625,0.005719718799256215,3.997244949472446,0.0060969755377976555,4.7952433715292,0.5444676383151251,5.678571428571429,0.5810277070450863
1.0,0.0,82,0.00202048776436966,0.0025367778369968647,3.4797481365785736,0.0018537042431960137,1.1790507036846047,0.5879430426597206,5.535714285714286,0.6104218374013552
1.0,0.0,83,0.0005391309269161978,0.0004491145431513402,-1.154243676322532,0.0003652341956665149,0.528899240008163,0.5820926431619627,5.464285714285714,0.5957978768878522
1.0,0.0,84,0.005385007022816378,0.005342924084400851,0.21430968990213728,0.005342465393388064,-1.1355722838860156,0.5563341102152002,5.642857142857143,0.5635993256647902
1.0,0.0,85,0.0023704682026364737,0.0024809471213111125,-1.6560924584449783,0.0023237906460769177,-3.594454160808444,0.6019086406515708,6.107142857142857,0.6035676112358309
1.0,0.0,86,0.0033163042145448835,0.002031559099513706,1.7870094126351244,0.0011773380336572374,1.0061273552684515,0.5742080158724602,6.464285714285714,0.5852122550636034
1.0,0.0,87,0.006114512378818396,0.009113537478941143,2.4411612150240956,0.005910979721728657,4.849179287776479,0.5949317698016088,6.464285714285714,0.5688412057198203
1.0,0.0,88,0.0013913317479314975,0.0013144071337769056,3.6504144645312713,0.0009760599591700816,0.8431316856751797,0.543057034093312,5.142857142857143,0.5539087230023771
1.0,0.0,89,0.0018852903740331037,0.0007724646177932023,-0.5560065347834021,0.0006412075492655587,-2.7556384035783217,0.5583432112351626,6.535714285714286,0.5762046901641401
1.0,0.0,90,0.002516354892196788,0.0025998051976054747,2.4508805727420886,0.002455770575355901,3.5879381353997153,0.5494286289044085,5.178571428571429,0.5703529474197968
1.0,0.0,91,0.0019316099515102204,0.0022950349454535623,4.727205296552465,0.001533687704166479,1.8117401887013311,0.588656454240567,6.035714285714286,0.6119388798936075
1.0,0.0,92,0.005913398620581407,0.004345093377466107,5.08709237472767,0.0043893625758266875,-5.028105037837264,0.5638857359417773,6.392857142857143,0.5810179302517426
1.0,0.0,93,0.0017771827770566902,0.0006046522702985029,4.198161102616932,0.00035035333545202914,-1.9530316649458257,0.5878585051866738,6.357142857142857,0.6017956479097293
1.0,0.0,94,0.0018140958386161532,0.0006193392008662699,2.613494420346361,0.0010116644068861099,1.284407391220346,0.5733888629365539,5.678571428571429,0.5702020307455911
1.0,0.0,95,0.007668688352183787,0.006433672060807735,4.38565081763565,0.0064532968112838525,1.397686727326904,0.5637773708363271,5.035714285714286,0.5809369397784886
1.0,0.0,96,0.006426301909300471,0.004931087784166792,3.7472549154130186,0.00592170668227378,4.95746534049124,0.5908710086873213,6.071428571428571,0.6008990998666297
1.0,0.0,97,0.003820521828083773,0.0018305216511955386,2.797363539739005,0.0013331695540979027,-4.876525830423115,0.5665237969035678,5.75,0.5689183236977687
1.0,0.0,98,0.0013056853930735674,0.00031388996970869136,-1.534607832191701,0.000700557809920827,-0.35274359217648527,0.6076323620278996,6.321428571428571,0.6028993191303316
1.0,0.0,99,0.0032706187843309187,0.0023044028620699828,0.6795627529035926,0.002041621902026294,-2.1351460888547726,0.573276838233386,6.642857142857143,0.5537168182285053
1.0,0.0,100,0.007553509825372869,0.005880104808968072,0.22541917100184605,0.007252068761870829,3.9680787597992833,0.585067412993663,6.785714285714286,0.6044159089932624
1.0,0.0,101,0.0010211004054797251,0.0009165747625162601,2.5011976128269473,0.0006719641267891303,-0.6813639792067363,0.585316251621997,6.285714285714286,0.5901100463084556
1.0,0.0,102,0.0011101534619076445,0.0006583101160733477,-0.3071605124750268,0.0009127437207215914,-0.16991830648183281,0.6018769202781348,6.5,0.6001381897435292
1.0,0.0,103,0.0031073885221236906,0.002382152149545306,1.0412519096259605,0.0017500325708660802,1.1204865177085992,0.5511177319794387,5.821428571428571,0.5568915401724037
1.0,0.0,104,0.0031649516914858873,0.002839736052589242,2.565849525372973,0.002311345792907733,2.6211977577647,0.5876235381665238,6.107142857142857,0.5963561398345181
1.0,0.0,105,0.0027931735297196717,0.001597743826011718,-3.087728735563028,0.0019591427787121413,-3.5116038299084855,0.6025852974809182,5.928571428571429,0.6117990677254217
1.0,0.0,106,0.0006489201690397091,0.00052096731862677,1.4765707571973792,0.00030187511946531086,3.3478321363728867,0.5699633141726471,6.5,0.6089252034622864
1.0,0.0,107,0.0008112351322650252,0.0015762018639419613,1.7807497154882792,0.0006732964394874555,0.3436283119319607,0.5884395870970544,6.178571428571429,0.593938727096007
1.0,0.0,108,0.002111840639725036,0.0015580334667811076,3.6823672430578824,0.0015110479412860371,6.5267198410836045,0.5858997004696299,6.535714285714286,0.5996461716126671
1.0,0.0,109,0.002771989102682752,0.00406093221834038,-1.5350726290225605,0.002661380879435642,-1.2847068765775493,0.587238962041784,6.428571428571429,0.5964920996242569
1.0,0.0,110,0.001479674499285339,0.0012774168389242425,0.7450404022866527,0.0011702941308494082,1.0794767997604613,0.5757925319233171,5.857142857142857,0.571306798334994
1.0,0.0,111,0.003692988702895905,0.0036838206314147542,3.5688825960408885,0.0028705241340532656,0.4912281850585221,0.5996382266710066,5.892857142857143,0.616067201291969
1.0,0.0,112,0.004492376078496039,0.0041159017587802426,3.4359834566974805,0.0034272023421084274,1.3458392028608632,0.5974273813271241,6.428571428571429,0.5950684194733787
1.0,0.0,113,0.010348849199789269,0.009924050558636847,0.20952230534060354,0.010272650285104473,0.438757261196874,0.5651431080997447,5.714285714285714,0.5758796218438931
1.0,0.0,114,0.0012765204036141102,0.0005744215343283734,0.4236314192731072,0.0005021117436259663,-1.3504896289748842,0.5705826260551459,5.178571428571429,0.5713141510468605
1.0,0.0,115,0.002072687701766774,0.0013335378754365144,-0.052047414117803704,0.0014950485040840316,-1.1030010074953225,0.5764676152837641,5.535714285714286,0.5764456297811706
1.0,0.0,116,0.002412177239295531,0.0004776187767332381,0.22810916653350924,0.00040036353632757994,-1.3372838695504374,0.5499117666500334,5.928571428571429,0.5743599943352937
1.0,0.0,117,0.0010086658803453929,0.0003953992214575925,-0.020926159993725452,0.0007485735809943691,0.25500459842675127,0.5911647911969605,5.285714285714286,0.5993445293744133
1.0,0.0,118,0.007188870072565585,0.006567192094073304,0.9226481618948318,0.007076015215966067,5.915090588205828,0.5944430733734858,6.0,0.6093848233921609
1.0,0.0,119,0.002438712180692311,0.0024841926344438413,2.253143319171812,0.0015516138905564303,-3.1730696611876303,0.5755030806267867,5.428571428571429,0.5840939991204206
1.0,0.0,120,0.0009910886765350966,3.21706805628622e-05,-0.6375442881087565,6.858440539499854e-05,-1.797617923914127,0.5308797289363715,5.357142857142857,0.5473904684945323
1.0,0.0,121,0.0011171811220810346,0.001152321013522531,-0.5053430353209194,0.0008152770312358428,1.2922681538910297,0.5742572562419903,5.178571428571429,0.5864987181210717
1.0,0.0,122,0.002587963422235703,0.0019066775585362798,0.7645399902542162,0.0009389262264344755,-2.917938628273447,0.5645171711811614,5.642857142857143,0.5866770440152997
1.0,0.0,123,0.0010737178758226896,0.0010134626954751754,-0.1943566431002921,0.0007100071944779378,0.1297328439772419,0.5659325928677772,6.0,0.5565877856639831
1.0,0.0,124,0.0019518117521930788,0.0023086575290710357,2.1724364812220927,0.001714120752280679,1.331332032032454,0.5524600868426702,5.571428571428571,0.5422148131384472
1.0,0.0,125,0.005680916479876075,0.005901549375517855,-2.4614911897272975,0.005536021216806051,-0.5413201514386685,0.5641993130359134,5.535714285714286,0.5806587437390867
1.0,0.0,126,0.0013942568006987594,0.002692717315325631,-2.1337419932596333,0.0012610825727641436,0.7635594582763096,0.48972374096486176,5.285714285714286,0.5129174649895369
1.0,0.0,127,0.003597607455367237,0.0038577427863446256,5.801609838505452,0.002681149628742279,2.563099998558092,0.559695220689951,6.428571428571429,0.5696151113336617
1.0,0.0,128,0.0027707883101167384,0.0009120992609229607,2.4140551832411083,0.0011046857920519158,-0.49898721760211134,0.5750152958123278,5.964285714285714,0.5847112346384586
1.0,0.0,129,0.0021799118498039413,0.001299480064400571,0.12745007243808004,0.0012005292804720216,-0.23983766157961858,0.5990835904654984,6.214285714285714,0.5995446418266477
1.0,0.0,130,0.002171970813151607,0.0023631720297453925,0.1505730616691873,0.001954383111070715,-0.5604502951658029,0.597088453082226,5.321428571428571,0.5946590514566161
1.0,0.0,131,0.0008584398608892814,0.001386165202005272,2.251328465112825,0.0008183661978381502,1.9771873710493726,0.5863862258412603,6.571428571428571,0.5849643952471688
1.0,0.0,132,0.0024092779193109525,0.0018214606849737847,-1.073527206187644,0.0023121922329131343,0.731526109809541,0.6001672755923944,5.928571428571429,0.616319335940884
1.0,0.0,133,0.0012663928635369736,0.0004361242417095721,0.9956709826112066,0.0004451026049036463,-2.204468308609402,0.5428675324226376,5.678571428571429,0.5576963151059691
1.0,0.0,134,0.005563329430522769,0.0053094826066924965,-0.1207929736728109,0.005439622376467935,0.5374970372237536,0.562890613934232,5.892857142857143,0.5778326067232926
1.0,0.0,135,0.0021522834013526343,0.0022679908294376103,4.159484153695,0.0017924506710963865,-1.2048040142427492,0.5610933140846377,6.642857142857143,0.5741949556262582
1.0,0.0,136,0.0017156195839939366,0.00044198579708241764,3.0445106967675692,0.0005872092215876424,-2.204630563153946,0.5595350177877221,6.5,0.553613065529596
1.0,0.0,137,0.003431099393038672,0.0012488938215451022,3.9891222125015795,0.0021041542746229446,-1.9116246744090024,0.5795478808630717,6.535714285714286,0.5757077232860299
1.0,0.0,138,0.0021423649734426038,0.0016076255627068255,6.111757760412729,0.0019752019666699067,2.017739098125304,0.5471263846971348,5.714285714285714,0.540845669791591
1.0,0.0,139,0.0035569967469116916,0.0008618525738803735,1.9951877651200884,0.0013205739902525356,-2.646871613705173,0.6120500831720991,6.214285714285714,0.5932480046930216
1.0,0.0,140,0.009057368872611733,0.00930940292431927,-2.622451793155354,0.00882415101529497,0.6173334623595395,0.5987521136253207,5.642857142857143,0.6033887924785639
1.0,0.0,141,0.005130855919716095,0.005357811009664342,4.017508846159832,0.0048658081585619805,1.2195193729084128,0.5509114597511445,5.0,0.5583896929343068
1.0,0.0,142,0.0016866480144289045,0.0007388171969516484,3.324745200834817,0.0010938687603956915,-3.98184351842365,0.6193063001623683,5.892857142857143,0.6342635739296394
1.0,0.0,143,0.0036514769023438874,0.003189794730106784,4.03681392493029,0.0028511133176604454,0.5227340719043335,0.5641755410002919,6.535714285714286,0.5642183214079672
1.0,0.0,144,0.0010987572833173966,0.0003926081277363319,-1.815059836943277,0.00030798357260976457,-2.2319286837138654,0.5190027526273869,5.642857142857143,0.527478198216046
1.0,0.0,145,0.0023994210920317977,0.0007421905487992973,1.2045243110314157,0.001495719737055223,2.4024075938888623,0.5192528119650105,5.321428571428571,0.5363856415096011
1.0,0.0,146,0.00370348855029092,0.0023556155172962316,5.771233529618589,0.002362307188057697,1.7515268560963762,0.6026601759247076,6.285714285714286,0.6232432770803433
1.0,0.0,147,0.0024296202595479204,0.0017116559542924067,2.8588004400850573,0.001428589072810251,-3.39230879064822,0.5183891478673649,5.571428571428571,0.5327914428274274
1.0,0.0,148,0.0019241516279312754,0.0008913687838274691,0.43461779264368755,0.001528535286108238,-0.7812716660925029,0.5827191286237422,6.392857142857143,0.5807639951439714
1.0,0.0,149,0.004780851761271669,0.0041114409763439745,3.4695275282158584,0.004587347914967665,4.326047398054205,0.5716527014612606,6.107142857142857,0.5865125082277324
1.0,0.0,150,0.0016020307898744256,0.0013536738372067017,0.8299660692458227,0.0015337934490270314,2.4065211362965613,0.5621580347482447,5.392857142857143,0.586003772987264
1.0,0.0,151,0.001084843808641445,0.0005565035766498676,1.5804617870208233,0.0002545958867284729,-1.7845896092112998,0.5805157441813656,5.821428571428571,0.6001313500115604
1.0,0.0,152,0.0007276323593036214,0.0005301461882036016,-2.623316110455202,0.0002837525225289514,-0.645399505207583,0.5560352912490346,5.928571428571429,0.5482913919544061
1.0,0.0,153,0.009765240033823038,0.011679245147620145,-1.2997497014159194,0.009515163151809405,3.524600574827815,0.6084700083056004,6.035714285714286,0.6274972886120611
1.0,0.0,154,0.0034807643567048288,0.0017654566143810119,1.16322045182694,0.0029221622731885515,2.7126766273458904,0.5953928783661702,6.5,0.5936789178654861
1.0,0.0,155,0.003968858077818323,0.0019462098093523212,4.557020896394903,0.003130030288206296,-0.6209716368754338,0.5832303397911718,5.464285714285714,0.6117191233288215
1.0,0.0,156,0.008380291260717931,0.009606086451437602,1.8948143958836283,0.008046355601511212,4.551284068032885,0.5359852784439726,5.571428571428571,0.55615574594743
1.0,0.0,157,0.0008972190217283644,0.0007476594238643268,-1.5578581256993687,0.000570704046838458,1.2566741379129194,0.5857980537165447,6.428571428571429,0.5937004026706115
1.0,0.0,158,0.006941009464643363,0.006622991978883077,6.222741924108466,0.006761970352666523,6.434342919965246,0.5809212725552161,6.607142857142857,0.5880250043099113
1.0,0.0,159,0.008905424544715684,0.0047328614614892146,3.3324686660157568,0.004171346288857448,-1.4538327026318332,0.5468944091050798,5.464285714285714,0.5404890079447058
1.0,0.0,160,0.004481851186582358,0.005228736067899992,-2.815429747043775,0.004206041817534453,-1.4019146235553894,0.5475991893993598,6.357142857142857,0.5605177548352492
1.0,0.0,161,0.00036971610929040336,0.0004373234239472707,0.33580047127185253,0.00023386338024221107,0.4976686309135611,0.5939202549867441,6.642857142857143,0.5982707719227454
1.0,0.0,162,0.0028658815545237084,0.002927546821418508,-2.6794282041591564,0.002801091159550672,-0.8046617091119211,0.6234976336846737,6.392857142857143,0.6332591089978732
1.0,0.0,163,0.003422109575302321,0.003492756907365419,-0.5155808601459834,0.003396046342822659,-0.9137682881963277,0.5922031933678291,6.285714285714286,0.6075559997648541
1.0,0.0,164,0.009637429728019134,0.011381948640707145,6.142920534290994,0.008094274046337613,3.8140230260433725,0.5615814574866109,6.107142857142857,0.5837584096830568
1.0,0.0,165,0.00046239346473274346,0.00024329171446065633,1.6277651149603496,0.00017464406911527468,1.487078096234228,0.5497659801780251,6.035714285714286,0.5595792027911176
1.0,0.0,166,0.004234158568652249,0.0024893160749313585,1.9865404141845886,0.0032638921518771445,-0.6795552154352436,0.5445940961649834,5.857142857142857,0.5442658777625935
1.0,0.0,167,0.0020500914147725986,0.002196427592353416,-0.4062993625964187,0.0017631400660656426,1.7110430459797972,0.6008927561337394,6.214285714285714,0.6430288513825371
1.0,0.0,168,0.004163539889011697,0.003868236143475139,0.8562518047458525,0.003279123937421693,-1.8573372918939033,0.5725152159310899,6.321428571428571,0.5818038456302469
1.0,0.0,169,0.007531904101493346,0.006877405707710124,4.982352548838094,0.006521468012401963,4.016173073715682,0.5774063131932615,5.678571428571429,0.5561896126791048
1.0,0.0,170,0.0030047924219901876,0.0022700172950838645,2.450019234275724,0.0017784326922357745,-1.1018996669668013,0.567050347231965,5.75,0.5701450799185213
1.0,0.0,171,0.0013735642636463908,0.001308380801492783,3.8095929813872353,0.0009753187938731162,-2.0830295993784014,0.5608372312757938,5.392857142857143,0.5525095451854344
1.0,0.0,172,0.0034643785480613963,0.002921483761729465,2.4109137809594756,0.0030902049473267115,-0.9867176561349803,0.5894287121814352,5.821428571428571,0.5981807791552087
1.0,0.0,173,0.0024171111789584466,0.0012193131899773716,-0.3097548376419373,0.001227620221859815,-1.1144526356254119,0.6033581779590653,6.321428571428571,0.6188800209472827
1.0,0.0,174,0.0018122350733793102,0.0009531405636936823,-0.7476285865094875,0.00036883647990268285,-0.9720094011918263,0.5540427538292202,5.25,0.5558427678592808
1.0,0.0,175,0.0006248423156692047,0.0006656087823471562,3.2027800383400424,0.00047085224254592807,-0.424079074967248,0.5811907143689682,6.107142857142857,0.5910524507310344
1.0,0.0,176,0.003090407410975089,0.0008544123030376721,1.1320516592088363,0.000978563764399249,-1.954605030439249,0.589299120047649,5.464285714285714,0.6091669175783783
1.0,0.0,177,0.0010833469921540581,0.0006734328254557287,-1.6114894468642262,0.0009481541231790862,1.0087196788374513,0.6040064675066208,6.357142857142857,0.6095243740411833
1.0,0.0,178,0.001973116492244402,0.0023458049745802355,0.24548400323290784,0.0016968035560386459,0.5172082854978441,0.5455423952150988,6.107142857142857,0.574844951448741
1.0,0.0,179,0.0031399868248994335,0.0044662595437261025,-0.9448125049211361,0.0029750285086386466,0.17189663225449672,0.5555259115385189,5.25,0.5548045669554212
1.0,0.0,180,0.002379717707970486,0.0014677515730108443,0.8159364891885256,0.0010784865161508818,-2.0541950052714433,0.5841845634476664,5.821428571428571,0.5946197632315129
1.0,0.0,181,0.0023751549005907348,0.0033102493384517388,1.1085141575803068,0.0020341379241922385,2.85943644236419,0.5825961651732439,5.642857142857143,0.6107244754241163
1.0,0.0,182,0.005684413293082492,0.003138369869799036,-0.23652195642437354,0.004182891266349544,-1.7764070889512311,0.5786681436929182,6.178571428571429,0.5858748641565109
1.0,0.0,183,0.002120176888005439,0.0018755027226471724,0.32786171945339976,0.0010607749487408034,1.2137590048206068,0.6134002211179393,6.464285714285714,0.6184924294300973
1.0,0.0,184,0.004310819325257729,0.002905406523659423,3.0161825016308605,0.0027229638475775686,1.2244004593644036,0.5956291393607758,5.214285714285714,0.5916840396277776
1.0,0.0,185,0.002922744408805293,0.003890612422368947,0.5414736740675039,0.0019350154676565,-0.6523766587017784,0.5654921216774708,6.071428571428571,0.5664066333008113
1.0,0.0,186,0.001258369172078789,0.0004708298385139296,-0.9460271805606055,0.000413844111325413,-2.7593508589148428,0.5619698921896402,6.357142857142857,0.5793522141150331
1.0,0.0,187,0.006955332772921235,0.008716575260701789,0.6962281486910626,0.006649631946209047,0.3795239159575014,0.5280996497698397,5.428571428571429,0.514543389979675
1.0,0.0,188,0.002858708094737916,0.003255272630629333,2.85989111834463,0.0027911052880516297,-1.0909152031772653,0.5852627354962617,7.035714285714286,0.5936459362755953
1.0,0.0,189,0.003951735928740892,0.003939467321396221,3.886777524224916,0.003895169679204916,2.4072129021859325,0.5677623158332423,6.071428571428571,0.5675168123252132
1.0,0.0,190,0.0012883664226913771,0.0011865387125638486,-1.4458758898670017,0.0011043870718672993,-1.7955087104571323,0.5622531112025827,5.321428571428571,0.5823016473579945
1.0,0.0,191,0.0009796582519238587,0.0005298278834344758,2.4793953759422513,0.0004948303068908713,-3.271213034062697,0.5716367561226312,5.892857142857143,0.5724784846549682
1.0,0.0,192,0.0005934702387830538,0.00022491780909185877,3.065665586574861,0.0003949617529449566,1.5883547614356341,0.618129352519639,6.892857142857143,0.6177209981898799
1.0,0.0,193,0.001547609197421814,0.0017356622069241569,2.1542599076900806,0.0015131235130737219,0.9598161609593395,0.5770317017052029,5.857142857142857,0.5695681988190993
1.0,0.0,194,0.0017512689892811018,0.00176779377199135,4.033199795736323,0.0011817403796425471,0.7271281157582526,0.5903950864981573,5.857142857142857,0.5919036855498406
1.0,0.0,195,0.005804783086332185,0.006982907453149069,0.8277105059846784,0.005607995357088157,-0.1686457842075697,0.6111878664789325,6.678571428571429,0.6339340497251833
1.0,0.0,196,0.0018096545095930676,0.0015976190318802333,-0.6169615890799113,0.001032795051785981,-3.657538354545532,0.5224793011294262,6.25,0.519451641991068
1.0,0.0,197,0.0188447325928456,0.018880196940364916,9.851175823999304,0.016931819893918898,6.136212663246217,0.542017959180553,5.571428571428571,0.5443660697775072
1.0,0.0,198,0.0021151270754422463,0.0026382464616199683,0.4826836107978731,0.0012699446857721871,-0.11128271371162175,0.6151195506121058,6.285714285714286,0.620899441752644
1.0,0.0,199,0.002688348846724461,0.0015086590140072267,-0.18917306323160687,0.001996393512647778,-2.758801085251283,0.5840307939529972,5.75,0.5908750703291668
1.0,0.0,200,0.001652735979310824,0.0020161163041489813,-1.012912372231862,0.0014236452298896903,-0.38144034337280647,0.5286640381696585,6.607142857142857,0.5128062187607503
1.0,0.0,201,0.0026063064291707246,0.001870180892808827,1.6470995999666513,0.0020182586485822974,1.6190475219162863,0.6001123449326041,5.642857142857143,0.5895608359482192
1.0,0.0,202,0.004513222691684887,0.0031805338692570836,1.4525092012991176,0.004076598104006477,2.0346298260193123,0.5749740895697458,6.642857142857143,0.5873036640479361
1.0,0.0,203,0.0010343924545705978,0.0008437482354572285,-2.8860871729177213,0.0006680173866719948,-2.424214647892702,0.5861843509034275,6.178571428571429,0.6018433952739293
1.0,0.0,204,0.022951420812691525,0.023612422343747275,6.018186242007109,0.022800887400826662,8.335774494226419,0.5842464784776361,6.142857142857143,0.6101398996262293
1.0,0.0,205,0.002770335408127419,0.0025834045492836672,-3.3786919910129143,0.002355598583497259,-3.8700162513211183,0.5562318437981261,5.321428571428571,0.5775935983247003
1.0,0.0,206,0.00027392151298835887,0.00016356960725742958,3.1876954597853264,0.0002407945043869308,-0.2896120993460632,0.5882443499733766,6.178571428571429,0.5979635975483403
1.0,0.0,207,0.0050402519101075335,0.003410401280800913,1.7268788314095975,0.004943073515948189,1.1377710474139444,0.5315490767396691,5.678571428571429,0.5358858280959804
1.0,0.0,208,0.001193382105517766,0.0011483413172953458,0.139172168290609,0.0010309336561400183,0.4162024962821628,0.5841846969554482,6.178571428571429,0.5842236120412294
1.0,0.0,209,0.0053706357951558426,0.0053685854603810895,5.483101742121003,0.004803293266402377,3.4018447078887655,0.5725871182806775,6.964285714285714,0.6034032766168509
1.0,0.0,210,0.013856659965699097,0.014388829689215137,4.23935523831192,0.013785607143970261,3.186513279083073,0.5634453473968956,5.357142857142857,0.580952097831543
1.0,0.0,211,0.0025974410888031313,0.0008130665613929627,6.822450065345369,0.0008563700996814534,-3.0362296891623544,0.5742527831281476,6.178571428571429,0.582560511096155
1.0,0.0,212,0.00631105265521754,0.004761814160032799,0.7364956063447418,0.005929632890932913,3.3722844293827356,0.6080234908584495,6.571428571428571,0.636860318405315
1.0,0.0,213,0.0011156967275519315,0.0009401286353770262,3.4608074515781766,0.000982901858155223,-0.41552639257274865,0.5244892121871904,5.571428571428571,0.5289013452701677
1.0,0.0,214,0.0035655127968259328,0.002185205577153239,-0.0040562017006114575,0.001850522775080098,-2.67146205738509,0.5418453311503503,6.464285714285714,0.5549529086717094
1.0,0.0,215,0.004367014399603623,0.004992625695343806,-1.2042807251923573,0.004057954029218997,-0.24076647278031751,0.6037996268043017,5.892857142857143,0.5991228013574715
1.0,0.0,216,0.001150255388953828,0.0005951935626900899,2.162323959422745,0.0007799227424407094,-1.6059732325242635,0.5762167990029895,5.678571428571429,0.5708220222732754
1.0,0.0,217,0.001126680122437424,0.0004639948558881099,-1.0873610015309698,0.00011866277155690734,-2.794381093357354,0.563844911554435,5.642857142857143,0.5686125675619043
1.0,0.0,218,0.0020500144652055197,0.0020222195698662224,3.2084735178146104,0.0016526359017775202,3.33074439118108,0.5468339128917451,6.107142857142857,0.5721943440838112
1.0,0.0,219,0.015827995605430793,0.017365023379092136,3.6287349660481425,0.015224943750395289,3.3439782364117434,0.5340118558720884,5.5,0.5497328352915445
1.0,0.0,220,0.002692518932303672,0.003084066555661791,4.303235761941788,0.002643001228680947,-0.4013632428542451,0.5902691600861942,5.964285714285714,0.5934451499085933
1.0,0.0,221,0.001848280572589244,0.0003481305307068977,1.9179791459320654,0.00021619180270701676,-1.8323211492006994,0.5688095017495811,5.714285714285714,0.5846722582246657
1.0,0.0,222,0.0019119694619307746,0.00039432977906539505,1.970749192427803,0.0002092042856016893,-2.252733559986846,0.6000190139914862,5.678571428571429,0.5989200234214551
1.0,0.0,223,0.0010296111359895622,0.0006267066222350135,1.1967039729934565,0.0006133362709361312,1.3330310675224837,0.5783119164907198,5.892857142857143,0.5800815608867835
1.0,0.0,224,0.0027014524197500637,0.0023139885517357993,1.7706387875388334,0.002222085858071383,1.9735002915746804,0.6069995162616832,6.0,0.5965711588790727
1.0,0.0,225,0.0006446810845929442,0.00014960190229650769,0.6315690655593281,0.00022221082552443,-2.000404205489256,0.5848329357181282,5.178571428571429,0.593184344893565
1.0,0.0,226,0.00539476003365578,0.0055024096758709805,6.716340900733239,0.0051523690093645,2.518754215443446,0.5766977206187374,7.25,0.5946585887688653
1.0,0.0,227,0.0036394885165344087,0.0031914212416670955,1.6493449082301008,0.0034531917908347675,4.169758090170329,0.6210973709459058,6.321428571428571,0.6291134468672848
1.0,0.0,228,0.0018397291285340137,0.0017620154280324138,3.2815311415683746,0.0013538975848820447,0.459763208006611,0.5997447133427781,5.428571428571429,0.5994205610419903
1.0,0.0,229,0.0020467164731580237,0.001515171018872812,-0.43148636448142,0.0018686906445644187,1.5097512718504806,0.5767143854517764,6.071428571428571,0.5807913440134173
1.0,0.0,230,0.0022919905556918296,0.0022638559459354137,-2.5720583433565216,0.0020813432641961934,-1.4771199475290853,0.5719991866089014,6.285714285714286,0.5884492889774234
1.0,0.0,231,0.0038756576633265515,0.0037708778261700427,-0.0828217133533542,0.003725568197716895,1.0120299908138672,0.5745799096910371,5.892857142857143,0.5882867749341586
1.0,0.0,232,0.0008497268554935767,0.0007027345467357499,-1.0519610857796522,0.0007950953415511478,3.7830320311484136,0.5985259057350257,5.785714285714286,0.5903991456852902
1.0,0.0,233,0.020153177711635283,0.0247402392130271,-0.7829721165958764,0.017738906594688363,3.6553521367296278,0.5479507956935171,6.107142857142857,0.581569112064135
1.0,0.0,234,0.0006998929449794326,0.0005515791318106056,0.9741366668115367,0.0005200283820855416,0.23032111294962002,0.5919948433733022,6.178571428571429,0.6068869633355816
1.0,0.0,235,0.0022716510401367945,0.0001074660458815419,5.141044424433413,6.337715279486265e-05,-3.731418763194739,0.5889521454917397,5.571428571428571,0.6028702502694642
1.0,0.0,236,0.0014208107021265127,0.0017875125085835867,-0.4985175829516966,0.0012916883774032309,-0.7210521421598438,0.6210184718427814,6.571428571428571,0.6170111848879583
1.0,0.0,237,0.0040972552089857395,0.0036579632212711956,2.6705426603457076,0.003753479477896238,3.524884568459536,0.5803468860108584,6.357142857142857,0.59643684867175
1.0,0.0,238,0.003099398068185803,0.003783244762052528,0.7327861894729608,0.0029253895279515627,2.8570339895488623,0.5977600360117179,6.178571428571429,0.6199790049398003
1.0,0.0,239,0.0006287251943531409,0.0005543865017660673,1.576423280223575,0.00038503155359755997,2.0004455497756815,0.5611332901553108,5.857142857142857,0.5587261976887429
1.0,0.0,240,0.005233304986943529,0.002926442298220571,9.507421449472503,0.003189057281106598,-4.0729384846391286,0.6031630967849723,6.464285714285714,0.5998162093610976
1.0,0.0,241,0.00027530102192650546,0.0008835506379134413,-2.5758792652841294,0.00022414496992937037,1.1172350847355024,0.5866156712651326,6.107142857142857,0.586758235657141
1.0,0.0,242,0.0007800048939593612,0.0008602847723010553,4.30805372348929,0.0006042610615280027,-1.801621445576141,0.5302994295581337,4.857142857142857,0.5521085759571924
1.0,0.0,243,0.012686239736558325,0.018275068775610012,3.9378709167700285,0.011829824465133225,6.321364943467387,0.5405097770397672,5.357142857142857,0.5397202421882705
1.0,0.0,244,0.0012750786020009103,0.0007027646489613406,0.44854691598149543,0.0007444043400529753,-0.44449868136275467,0.5823595480728987,5.857142857142857,0.589910285901249
1.0,0.0,245,0.0011503867900098388,0.0006803180653510421,4.42393677141312,0.00038579163863309646,0.49561247474161024,0.5655952121112064,6.178571428571429,0.5613538114841423
1.0,0.0,246,0.004929924481856064,0.005300722636370811,-0.6874485338535502,0.004414393885939551,-0.804883497605554,0.5553148928021283,5.928571428571429,0.5577815703532744
1.0,0.0,247,0.005743499853927432,0.005774496473430727,-4.2012806922830634,0.004762295479996345,-0.3481752086703409,0.5578388893808269,6.964285714285714,0.5994898133281743
1.0,0.0,248,0.004282047641150529,0.003813801347865309,-0.3344396659674184,0.0032559993820159144,-0.1559770091525555,0.5622550394903919,6.392857142857143,0.570193259795184
1.0,0.0,249,0.0009959463989210023,0.0006106838358023636,0.47230301504943856,0.00046814327522456847,-2.3030403275473454,0.592326135487155,6.142857142857143,0.5987316390978612
1.0,0.0,250,0.0009450026329756248,0.0009410194356719084,-0.532552497767,0.0008144531968351509,-1.4356400699708918,0.6349914395465538,6.464285714285714,0.6314733656235403
1.0,0.0,251,0.0022456263248516444,0.0020760288352893092,4.46257756130611,0.000979663558101735,-3.4418005985571276,0.54602561672403,5.714285714285714,0.547688177886904
1.0,0.0,252,0.004054870287239015,0.003547028322888734,-3.4373566280611763,0.003580211396215741,-0.5979825492628189,0.6235912833502126,7.392857142857143,0.624183780459772
1.0,0.0,253,0.0009773892857364381,0.00041260467989074327,-0.6453469552314365,0.00039450677334254065,-1.1388548712414586,0.5722644157821115,5.857142857142857,0.5926317750179202
1.0,0.0,254,0.005415225261023423,0.00644511785801569,0.9511238159260245,0.004923779229741786,1.0464774202297917,0.5954608231960197,6.357142857142857,0.5943371515416196
1.0,0.0,255,0.002846189201086337,0.0012357463265477168,3.556084295253688,0.0025624343038825057,1.5720979883643338,0.5461305223793543,6.214285714285714,0.5576527922821028
1.0,0.0,256,0.002550620997071105,0.0017810458511559343,-1.9362556177382828,0.0016423874833882924,-1.2382230968702288,0.5690488819343378,5.785714285714286,0.5900354127625607
1.0,0.0,257,0.007834375934293893,0.007475848070685823,3.340126104313432,0.007423693190175261,2.5406598501034807,0.5537377114546043,6.214285714285714,0.5493248653964639
1.0,0.0,258,0.0008526803132154606,0.0003107346294713769,3.6524501768992272,0.000427984512959827,0.442987205614268,0.5239114017374507,5.285714285714286,0.5353932366346443
1.0,0.0,259,0.00286812937892185,0.0004622609186651489,4.249227689198875,0.0003728844123653498,-3.3186133661578197,0.5621989601195623,5.285714285714286,0.5824619183715105
1.0,0.0,260,0.003727312934443717,0.005208644115884314,2.522911755547218,0.003458508186193056,0.7252546484507624,0.5368672481354989,5.857142857142857,0.5346201960457286
1.0,0.0,261,0.011015867312049852,0.01320588849640183,-0.5837092153451332,0.010439941447421152,1.2299913083023928,0.6245313390388075,6.035714285714286,0.643363736729845
1.0,0.0,262,0.014412341170147088,0.013014852763749321,5.806660078318667,0.014219759020798521,9.711392085775003,0.5878911549697214,6.178571428571429,0.6094203397062519
1.0,0.0,263,0.0034619261366957057,0.0019366366845856003,2.685837637268245,0.0025619667655070563,1.4381576893360564,0.6310965891244736,5.75,0.648732694981484
1.0,0.0,264,0.005580422133793127,0.004862213954103972,4.395305295523542,0.005525202658117015,4.457908446559912,0.5975091676798645,6.464285714285714,0.6045617461606384
1.0,0.0,265,0.0009243198671264021,0.00045803617866252774,-1.3307983536910892,0.0006464284117205908,-0.4574497421837407,0.524359242143544,6.071428571428571,0.526208462326613
1.0,0.0,266,0.005403057443291499,0.005541739387185975,3.4095035397860634,0.005262465471131156,2.692948253599212,0.607161650221464,6.321428571428571,0.616711785679453
1.0,0.0,267,0.001719487745362849,0.0010917968873668498,-1.1077794245012456,0.0013505811538231923,-0.8079201007447144,0.5462356980821925,6.178571428571429,0.5521046129360223
1.0,0.0,268,0.0006026627045054772,0.00043707836953114416,2.132187976117649,0.00032405310113508044,-2.533818296158273,0.6175753972992695,6.678571428571429,0.6288300405614714
1.0,0.0,269,0.0010018302805483257,0.000407005445640742,-1.2797820401989384,0.00033517717933004905,1.4912606100327348,0.6021209911143431,6.357142857142857,0.6264240139650027
1.0,0.0,270,0.0020982578293165057,0.0005307066930576071,-1.5947384453297009,0.0003151307068453032,-5.46975415911848,0.5504918251385074,6.107142857142857,0.5561160453267228
1.0,0.0,271,0.007142632430761487,0.006424487989225757,6.8091060571041835,0.0053655942666964865,4.993819798288162,0.5732826196938874,6.178571428571429,0.6114065073441295
1.0,0.0,272,0.0012150463622609814,0.001399032063506139,2.6870974372004923,0.0010057835247129657,0.6554056170748671,0.5945774114112482,5.464285714285714,0.5907434155471966
1.0,0.0,273,0.003285011028293255,0.0034750626359184504,1.704197760640227,0.0020734742904167133,-0.13020393671232947,0.6192903511229398,6.071428571428571,0.6239783772736911
1.0,0.0,274,0.0020571771119170406,0.002369023995516918,1.6871262235316162,0.0019648115243441028,2.5352341991213145,0.58437791963399,5.392857142857143,0.5921932677312847
1.0,0.0,275,0.006598819446198551,0.00604355919004417,1.524495408342536,0.005707655228967175,0.6153896565490697,0.5719537494483447,5.75,0.5771539142018287
1.0,0.0,276,0.001425312943928259,0.0014448518248251115,-0.03845546666856118,0.0010495989395168733,-0.01746406026716348,0.6043152872238797,6.464285714285714,0.6139398736563706
1.0,0.0,277,0.0011580545304290188,0.0013230382958026336,1.355912169937028,0.0008918742447609991,-0.8638151665324472,0.5741364355493576,5.428571428571429,0.591201436186802
1.0,0.0,278,0.002164213740461644,0.001575830952361503,-0.1925611853378181,0.00144804261032635,-1.798656234914792,0.5493763954514821,5.25,0.5635282025107439
1.0,0.0,279,0.005503463732547113,0.005668445494329445,2.9221491197984144,0.004792900093639161,-0.16494232981790447,0.5813307863235186,5.857142857142857,0.5884974587956568
1.0,0.0,280,0.0015751017866274585,0.0013567064560656892,-3.8540572204254886,0.0011058783550533763,-1.3279670028402772,0.5663892341095171,6.071428571428571,0.5719090065595593
1.0,0.0,281,0.0022152183191739435,0.0014673197971500778,2.6270267392821722,0.0020135381590470156,0.37855416169247746,0.5482531136637576,5.178571428571429,0.5663721630633743
1.0,0.0,282,0.001244295068671224,0.00107506911986656,6.278664115725557,0.0007121137226888745,-0.7648743543924562,0.5665915548006706,5.857142857142857,0.580717414557578
1.0,0.0,283,0.0018233795058541398,0.002282487774373005,0.8158110526151935,0.001644292693090673,-1.1205969283107133,0.5802236728821141,5.678571428571429,0.607647018492186
1.0,0.0,284,0.0013842293663987274,0.0020597051436687503,-0.4391980360933587,0.001194611870273465,-0.7749943811623344,0.605660808955065,5.821428571428571,0.623428110778371
1.0,0.0,285,0.0004245150611397522,0.0002935010603273737,-3.579646587616139,0.00033252795701007876,-0.6337609099901537,0.5995526107488995,6.535714285714286,0.6018478511581384
1.0,0.0,286,0.0021383049934648765,0.002473999224699391,1.0969944141406813,0.0020943224724587328,0.1870214945323596,0.5680448652071717,5.607142857142857,0.5820778573630326
1.0,0.0,287,0.0019199734170794898,0.00230708147848718,5.752503494942232,0.001292519826719813,2.737461823625201,0.57401827533942,6.071428571428571,0.5795404073284691
1.0,0.0,288,0.004097652745174046,0.005230834047766033,3.968113238137761,0.0038273286879123305,3.0496905401294043,0.5771341339245195,6.178571428571429,0.5846074316474027
1.0,0.0,289,0.002962365317277331,0.0016528836823234542,7.216546813738138,0.001284238178453627,-4.6213319835065745,0.6143124204126315,6.035714285714286,0.626006890899199
1.0,0.0,290,0.0010779758930448812,0.0005490389336986646,-1.373803916562385,0.0006043633218957896,-1.078481060272755,0.5423597130201043,5.75,0.5690712017657009
1.0,0.0,291,0.0029900676022875583,0.003060755859854234,-1.1777702865132937,0.0024205257568534456,-0.8277687745340359,0.5671404766546927,7.142857142857143,0.5980698950298791
1.0,0.0,292,0.0033958509986020896,0.0026433919853565218,4.262850276766007,0.0026247557574702314,-3.491745038498872,0.5806788279180729,5.25,0.5821754543031699
1.0,0.0,293,0.0059121971261232135,0.006256133740409666,0.284756329301094,0.0054158390069605645,2.3277111081743365,0.5932861251095524,6.035714285714286,0.5962065005808415
1.0,0.0,294,0.0075626745611903756,0.0067411633591408305,3.073525252117785,0.006175198670326192,0.34075687711174396,0.6025667896440231,6.535714285714286,0.6272711650614864
1.0,0.0,295,0.0025555085532727364,0.0025410024653980054,-2.67105170800887,0.0021939155838986805,-0.34495812292608247,0.5636948654546629,5.071428571428571,0.5803109433684728
1.0,0.0,296,0.010460565707606518,0.01068006857483789,2.324220491906393,0.009924181497470274,2.991919917712456,0.598909297487121,5.642857142857143,0.6302691000508498
1.0,0.0,297,0.0034244641633544015,0.002987027668905884,6.250702777516939,0.0031411554476120885,5.647201119421557,0.5832198941333848,5.75,0.5905897428633444
1.0,0.0,298,0.005805622086384021,0.004163393142287679,0.1756406454602105,0.004749747233929934,0.634035070665656,0.5609881558453964,5.821428571428571,0.5778832609735793
1.0,0.0,299,0.00917476687145965,0.010131237765074694,2.6943548618278803,0.009064850974306768,5.968826079209151,0.506477598864603,5.857142857142857,0.5126125638201686
1.0,0.1,0,0.0044443692674288795,0.004059398042461924,-1.279290043348529,0.0037061594567618043,-1.5655642259983626,0.5999872943784921,6.392857142857143,0.6130748789061917
1.0,0.1,1,0.009579907332816844,0.009636720960066077,1.2433823722467992,0.008786031835228627,1.1961223603418414,0.5774883805944347,6.392857142857143,0.5935972534774643
1.0,0.1,2,0.0014616693370861711,0.0015617222172173869,0.27938105594788,0.0012816104618997976,-0.4401496082817289,0.5682662753451865,6.107142857142857,0.5783531505598363
1.0,0.1,3,0.003474344203572059,0.003756587977213148,-1.1271953968036144,0.0034273038127485703,0.4828855125272469,0.563708904556825,5.535714285714286,0.5746103285253521
1.0,0.1,4,0.00995945590239266,0.008595834511149323,5.3439443286012915,0.00921340983056709,0.6498142148284671,0.5511022197685626,6.428571428571429,0.5667185250785889
1.0,0.1,5,0.0033925527366673413,0.0028448580094574205,1.07879907860116,0.002304727958207489,-2.5944114183672773,0.5394400799172078,5.392857142857143,0.5673827435201952
1.0,0.1,6,0.0015817646684049252,0.0014131818005486566,1.3288406086592868,0.0012765779327598753,-0.5886186877003752,0.6049174658793783,6.678571428571429,0.6082448814752655
1.0,0.1,7,0.006168307841922815,0.007506359821554083,1.902570485825284,0.005591972444124123,3.359690929474889,0.5725544545332654,6.0,0.5884872897235678
1.0,0.1,8,0.0021442061311370115,0.0008609555920305882,1.9776015323466727,0.0013556686462311784,-2.182783288862879,0.5690414583699501,7.428571428571429,0.5799829782205684
1.0,0.1,9,0.0018277488412520788,0.0023178851886333355,4.019520395745341,0.001500831117804922,0.9497758656364207,0.582380487243759,6.0,0.5848930005155297
1.0,0.1,10,0.0022724488268984363,0.0025574061778915118,1.4052445416546202,0.0021436814945344357,1.9694930823975103,0.5644154377722649,5.857142857142857,0.5708813368312461
1.0,0.1,11,0.0013602447333085294,0.0002584805384165573,4.596692810295205,0.00020981666861528072,-1.5683442334041804,0.5845814274046418,5.428571428571429,0.5936912696167473
1.0,0.1,12,0.0008604298548010299,0.0016206086148311052,1.9933588250724295,0.0008196080469475804,-0.7749224696335754,0.552696287938319,6.75,0.5530577698195931
1.0,0.1,13,0.04505083039665862,0.04712448239770712,6.526040280186028,0.04402364180503674,16.431704590933048,0.6885803579955218,6.785714285714286,0.7416378002736004
1.0,0.1,14,0.0028723212389534626,0.002455673168031096,-0.4070272350541207,0.0025763712389448366,-1.6753947482698759,0.5762253852122708,5.75,0.5830479224663676
1.0,0.1,15,0.006014691966409362,0.006130448697463558,0.4011169834070169,0.004283641186546975,-0.7426668287983299,0.6423058791819055,6.5,0.6386094490967558
1.0,0.1,16,0.0019674608435191047,0.0016178309553656375,1.1989973581868583,0.0013122218844841497,1.3250278633396704,0.5830637522518478,6.071428571428571,0.584858620803957
1.0,0.1,17,0.0011213228638609653,0.0005191673783548477,-0.16615122764598786,0.0005835481249540192,2.1357938580165885,0.5770164750099097,6.0,0.6099971705135272
1.0,0.1,18,0.004408337892035705,0.0052723391750562,1.9411872215247854,0.0036946889584219466,-0.7552872926092391,0.5474362945155646,5.678571428571429,0.5600559824014903
1.0,0.1,19,0.0017468411445966485,0.0009534337682539865,5.282207686377869,0.0012022662797294354,0.4968053106268731,0.6359139571127841,6.25,0.6273445614205693
1.0,0.1,20,0.004436116134593849,0.004317236044347737,2.0050027185620727,0.004267471598994155,2.696069568393559,0.6083085269955895,5.928571428571429,0.6204529681899507
1.0,0.1,21,0.003250997347866673,0.00218522010532732,-0.7209659329992538,0.002571835657553059,0.32408676499058703,0.5805536193496129,6.75,0.6051656743766254
1.0,0.1,22,0.0022684632007871947,0.0024416711843725314,3.8448122085833156,0.0020611510697599016,1.0415821042920375,0.5592224727390562,5.357142857142857,0.5657983598433382
1.0,0.1,23,0.003157116575254608,0.00295177579279374,1.806695211152108,0.0029033309312805574,0.6403697509950158,0.5876930048069642,6.142857142857143,0.6177287632973505
1.0,0.1,24,0.00062265895385408,0.00040502964907581263,0.0069604812856217295,0.00033920805101890055,-1.9361403634539915,0.5466512824854216,5.821428571428571,0.5484870183471435
1.0,0.1,25,0.000773781620338838,0.0007670364395353917,4.093434810239188,0.0004502942204355337,0.1742903822078953,0.5861889675288653,6.107142857142857,0.5959774802026095
1.0,0.1,26,0.003001752750094449,0.00045719829597651757,3.4545447363422945,0.000524682223225322,-4.928690349757034,0.5451205716407872,4.928571428571429,0.5552382663128199
1.0,0.1,27,0.005196752623960027,0.004638726057383883,3.0914147877107516,0.004578596203442296,2.1929339916056656,0.5890276404935749,5.928571428571429,0.6078025318686122
1.0,0.1,28,0.0002970097898212573,0.0012309316072707432,1.2397061007182135,0.0002273201671224752,2.935464058453183,0.5716338505811426,5.142857142857143,0.5718077282342743
1.0,0.1,29,0.0025658042218287226,0.0014327600373581757,2.0403019823214,0.0018683732432795612,-4.318763157825695,0.5333725641520716,5.892857142857143,0.5351821705528306
1.0,0.1,30,0.014708380421993053,0.01404959046710965,6.262925417462337,0.014303959149176912,6.205869704874459,0.565477353481478,5.607142857142857,0.5914712837298302
1.0,0.1,31,0.0026254559706248826,0.0007846112622870143,1.7112374042670335,0.0008627218818760293,-1.164273141531993,0.5768999829350955,5.964285714285714,0.5713877888082481
1.0,0.1,32,0.02295171764880924,0.022568981399956556,8.820854130713977,0.021822318873963117,8.363994514423439,0.7134880599232966,7.892857142857143,0.7354050341664478
1.0,0.1,33,0.012811659273563956,0.01299344837235233,4.284044695827059,0.011829276984632224,7.428804538359695,0.617873148399279,7.071428571428571,0.6127881834939756
1.0,0.1,34,0.00330427354652903,0.002347098854973291,3.0184488371823854,0.002296829620122588,0.05460934863290845,0.5815057566943499,5.892857142857143,0.5886118130791176
1.0,0.1,35,0.0020007413014152156,0.0012008008770022793,1.16239787232999,0.0015601383156898393,-1.756192666448489,0.5696440671803764,5.285714285714286,0.587739928304823
1.0,0.1,36,0.003813445157382143,0.0022932895757121915,4.03631873890104,0.002884946265919331,-0.7082995877653104,0.571186167597246,6.607142857142857,0.590233845457091
1.0,0.1,37,0.004116253919911192,0.005145287601269494,3.2597271601435502,0.00399355442096872,0.6339171920069759,0.6011685325345376,6.964285714285714,0.62341115226646
1.0,0.1,38,0.012481237373070752,0.011880996334414862,-0.8235166136731967,0.011006748599026011,2.7090009532312442,0.6969474620792656,6.464285714285714,0.713050486712058
1.0,0.1,39,0.0021010844329442295,0.002768730311578749,3.0007103556896957,0.001993349792150016,2.4585423391601275,0.5763993275864283,5.892857142857143,0.5789360264831604
1.0,0.1,40,0.007717730958826235,0.006313496927395829,5.428112938817397,0.006745067693304475,2.3447452327115457,0.6550069725232094,6.321428571428571,0.6699645607837701
1.0,0.1,41,0.002043670984714592,0.003387551783765951,0.6899531682692744,0.0016060913399891608,-0.2865750705109444,0.5664524084592879,6.357142857142857,0.5753491101038478
1.0,0.1,42,0.0023555157144353363,0.0015794537795147208,-0.4446390999198589,0.0020590443957335097,0.6313202315263217,0.5630808299705155,5.714285714285714,0.5720053260791673
1.0,0.1,43,0.004149717395990707,0.004288154879515533,-2.3770578968363054,0.003986695680258193,1.9109753561521075,0.5577780216289401,5.571428571428571,0.5778476038414772
1.0,0.1,44,0.004377565576543405,0.005465679014705338,-1.825822983331231,0.004031195748643339,-0.030869540882169606,0.5728800484437594,6.178571428571429,0.5720061810456634
1.0,0.1,45,0.0033921807770541023,0.0038937245669486953,2.471798827504036,0.003052434258241784,2.434355520377712,0.5826524167937953,6.357142857142857,0.591647406828027
1.0,0.1,46,0.0021396737704705497,0.0023301847833361723,3.154319855445569,0.0018544879697043517,0.5472364209275989,0.5815768888391971,5.607142857142857,0.595274214938205
1.0,0.1,47,0.0018937503559845535,0.001679207399806695,4.857226659768656,0.0017571095500201624,2.82543857199236,0.630472276074734,6.535714285714286,0.6298183013635292
1.0,0.1,48,0.0018649155473513372,0.00014807977985971027,2.4891628502476144,0.0003672627906452069,-2.413759664533084,0.591245983941178,6.178571428571429,0.6225049581895986
1.0,0.1,49,0.0025292607179278792,0.0028508385252593417,1.7030431401828139,0.0024761024962694366,1.8497167117694744,0.6057592547438481,6.5,0.6076506797604753
1.0,0.1,50,0.0019080675041633888,0.0022842413700765894,-2.1150968488159854,0.0018777649885837798,2.200811094251492,0.5667404078934204,5.464285714285714,0.5772861121389848
1.0,0.1,51,0.009834167683877525,0.00506512068942178,7.258516752479039,0.003799263103587292,-1.5961492921998115,0.6575354016716403,7.107142857142857,0.6600623086506401
1.0,0.1,52,0.007222785934210138,0.007526007955526552,0.9215018805423654,0.007178569746159065,-1.2316341229441434,0.6063742465031552,6.285714285714286,0.6146854949668349
1.0,0.1,53,0.0008779134249823311,0.0008882261615562891,0.7364298621909597,0.0007439455724599868,-0.5917083402636649,0.5991119681164453,6.535714285714286,0.5967734942441971
1.0,0.1,54,0.008275003296706277,0.0073364454457805215,3.6467807159402432,0.0075915442075554776,5.188132003187055,0.5704632570520143,5.642857142857143,0.5645692097163966
1.0,0.1,55,0.002817750535674679,0.0019788332158068057,0.4950496052205248,0.0019014824741323242,-1.7455931529112452,0.5832520420013244,5.392857142857143,0.5945750635714111
1.0,0.1,56,0.004388453416088344,0.003671706199391427,1.2476317245965258,0.00408937367663252,0.5409383097711308,0.5367891105081125,6.464285714285714,0.5472619821178125
1.0,0.1,57,0.003749294075300123,0.0027979855310941125,3.400872830040394,0.0025763236233010485,-0.32940757370566115,0.5810809895462191,6.071428571428571,0.5892440255984814
1.0,0.1,58,0.019156084278466087,0.017245733448683378,5.833968645327,0.01655384857356619,4.676559096198275,0.7150737796516304,8.142857142857142,0.715507569895988
1.0,0.1,59,0.0039336973281051514,0.0013020290891593749,2.100982396249549,0.0013276916810917073,-3.858360484846173,0.5880405971198882,6.107142857142857,0.5857949700520575
1.0,0.1,60,0.0026809058962808142,0.0024016120861881022,0.9742194909398071,0.0018724468252421028,-0.33754239886216436,0.555509248678527,5.642857142857143,0.5769592936520281
1.0,0.1,61,0.0016997348235844535,0.0018282711479454272,0.5902243897948173,0.0015446420924658346,0.2274739257756361,0.6039828918202562,6.5,0.6160488748336644
1.0,0.1,62,0.015444437898938271,0.011426551686041383,8.770436289007742,0.012449382674129405,6.237961736527097,0.5545919762210934,5.857142857142857,0.5504044165034465
1.0,0.1,63,0.013120111984854462,0.013057717586279636,7.176806593394853,0.011969878781184369,5.708881054972399,0.6986349841380245,6.785714285714286,0.7149887862845832
1.0,0.1,64,0.0006904910125835815,0.0005245281470911529,0.1345099072539521,0.0004228825023575971,-3.681043437561044,0.6470676576453417,6.428571428571429,0.652870682530466
1.0,0.1,65,0.04869307426575345,0.047954904223040606,9.367486935893448,0.04552419844626576,15.24543989689667,0.6694252940332583,6.392857142857143,0.7425800135860212
1.0,0.1,66,0.0021655568631365166,0.002269298509579154,-0.22150314040201616,0.002005850526126126,1.2365880796045399,0.5602790179133198,6.642857142857143,0.5671605326986439
1.0,0.1,67,0.024928004973822776,0.027685162816559628,1.4173418488911314,0.02467759350555514,7.743067499517082,0.6332659649373185,6.464285714285714,0.669553663885744
1.0,0.1,68,0.0055233596712210495,0.005369263863957126,0.9515742132317371,0.004738905899776251,1.1945310224995087,0.5749187103277567,6.035714285714286,0.5785178472822735
1.0,0.1,69,0.010290555807878634,0.009121713429761744,0.30091624283601465,0.008461052540197989,2.3915908702238178,0.6876899427029494,6.428571428571429,0.7091516282628206
1.0,0.1,70,0.00423815506223867,0.0045351561741074214,-0.27524941001054987,0.003109527633480073,-0.6670586347492247,0.6368281435644179,5.892857142857143,0.6500347687213284
1.0,0.1,71,0.0035612962655021726,0.003728196183101256,-2.2269714038048583,0.0032328666717119387,-2.4284356436130756,0.6252693372893731,7.071428571428571,0.6278876160220339
1.0,0.1,72,0.0018021311069237591,0.0005717895841993049,-0.2949972470076527,0.0005933633297846013,-1.3357542074158932,0.6335775357832599,6.107142857142857,0.630843506776648
1.0,0.1,73,0.003036381728749557,0.002876377504546074,-0.34388518881183927,0.0028612690133526194,0.09512395676841834,0.6153121297821506,6.071428571428571,0.6186110384291799
1.0,0.1,74,0.014486561587917663,0.013671478328161058,-0.8819814295555943,0.012684620476258558,0.8679108550501269,0.5345903717880794,5.714285714285714,0.5723739172232803
1.0,0.1,75,0.01826373092849253,0.013663887749876707,6.037126273218074,0.01463565560292241,1.836922091602408,0.622555232674418,6.357142857142857,0.6197795764607626
1.0,0.1,76,0.0024828202535342072,0.0027087158696322217,0.7804863385730035,0.0022602024078472458,2.739495586989676,0.5910664683057484,6.571428571428571,0.6060586617357295
1.0,0.1,77,0.0030033154615112714,0.0016601454014830194,4.307669152927834,0.0018612402582261142,2.112633605953581,0.5184637005675526,6.0,0.5177546642558891
1.0,0.1,78,0.0012943518572398494,0.0014480574707530717,-0.04287062099974529,0.0011707724897512765,-0.25829198442818324,0.601242123844919,5.857142857142857,0.5992019611965812
1.0,0.1,79,0.004964956299823972,0.004838438816446843,0.44595768232460387,0.0046158138461955866,2.7336747079618817,0.6131990059965141,6.392857142857143,0.629359264822558
1.0,0.1,80,0.0006178469953543808,0.0005048480722626216,0.020143707898095425,0.0004244696858105987,-0.07396281834385832,0.5775140975572415,5.892857142857143,0.6074979324521248
1.0,0.1,81,0.0026715006081547837,0.002867643500674012,2.592986706695077,0.0024275506843030787,0.934793655184213,0.6013810954969881,5.928571428571429,0.6097512720908191
1.0,0.1,82,0.005022345659983696,0.004764414638789164,0.6608136706940115,0.004952197998518171,1.7203815832108849,0.5801128576786491,6.928571428571429,0.6031588266079716
1.0,0.1,83,0.008973552969265166,0.0062262028141411435,6.794337723151766,0.008441746504207044,1.6994416888261885,0.5903646249550195,6.071428571428571,0.6017778847234693
1.0,0.1,84,0.005083404625746341,0.00449057798849516,-4.269744642819575,0.004661070514808949,0.12292468711327349,0.6102186232396416,5.678571428571429,0.6257164939849762
1.0,0.1,85,0.02163008341021111,0.022648521146107027,0.6613321050550667,0.02102725670917789,10.369042170892689,0.7018374707231071,7.357142857142857,0.7298621958463606
1.0,0.1,86,0.0035810130037916325,0.0046478167796168025,0.9216443541091337,0.003250722040740764,-0.880199737114206,0.5873678263179544,6.25,0.6021411449000186
1.0,0.1,87,0.007826727387886683,0.007818272148816844,2.0879795771304543,0.007594911875823304,3.075458614166962,0.6021019252054131,6.357142857142857,0.6137763336533104
1.0,0.1,88,0.0015520220136479687,0.0007187566413687454,2.742577159806274,0.0009917345493753304,-1.6063463342941304,0.6130633297504249,5.75,0.6078493940910279
1.0,0.1,89,0.000794382888643364,0.0004172399569381704,-1.6978440331999234,0.0007565119151575261,-0.34524592455599645,0.5374809590856456,5.785714285714286,0.5409109087644582
1.0,0.1,90,0.006320361187239675,0.0071890671797721906,1.6466913907809346,0.005634971185051729,-0.42939036906450195,0.5398069052241656,5.392857142857143,0.5678825066416688
1.0,0.1,91,0.001131351900847354,0.0009286509023458265,1.578526006662069,0.0007035284875826418,-1.9612365503429505,0.6137397707730167,6.178571428571429,0.6268187067333204
1.0,0.1,92,0.0013949209912098492,0.0011931322384078687,1.3958310477626128,0.0012006822935116941,-0.06009250345356539,0.6046109565155612,5.785714285714286,0.6172654116901812
1.0,0.1,93,0.0023509379275530474,0.0028447395593557325,1.0958420283615264,0.002263440414529912,3.059806808852651,0.5361668910152002,6.285714285714286,0.5487913763613261
1.0,0.1,94,0.0012997057408995543,0.00043871092034798145,3.109043898731187,0.0007736406820838029,1.889201222953422,0.5693147260893457,6.0,0.5724676517265412
1.0,0.1,95,0.042196921359980474,0.03962033887175237,9.845997114511372,0.040994744141344804,19.962083228609952,0.6843295541127782,6.321428571428571,0.7326077749013631
1.0,0.1,96,0.002118582542151895,0.001151279461071931,3.85009907666686,0.0020099128949376964,5.145016468587111,0.5911496207978729,5.428571428571429,0.5928419660163793
1.0,0.1,97,0.004363346090740965,0.001579574210094547,-0.2736189619305189,0.0015274623353475551,-2.2821736862062116,0.5632389665681515,5.535714285714286,0.5513031975178654
1.0,0.1,98,0.0010995059201766922,0.0016929002753338558,-0.503413129943946,0.0008748806505077229,0.47008468408053733,0.5820697711277748,6.178571428571429,0.5787558397795
1.0,0.1,99,0.0026505431205258536,0.0025352762746017614,-0.4212491338203108,0.0024149838201229764,3.3916984511519765,0.5725440802700691,5.571428571428571,0.5932899785187657
1.0,0.1,100,0.01110403515573184,0.00892771187150511,3.728436329092536,0.00820250928788364,-0.28528711847934574,0.6081008392844467,6.071428571428571,0.6010584857383617
1.0,0.1,101,0.0028314866325795064,0.0025152848090563944,2.8042904977735836,0.0019036529245362044,-0.7387932987090267,0.5968518597926521,6.642857142857143,0.5958745221196202
1.0,0.1,102,0.008666217411811407,0.008756706623706919,5.666062007379139,0.008397687833854939,3.1826546861082363,0.6143111651810449,6.321428571428571,0.6201186058809696
1.0,0.1,103,0.0045838341835164305,0.003129067795383442,6.708695429911491,0.0029283386693270143,5.908262779610766,0.573261510275611,6.392857142857143,0.593338621083179
1.0,0.1,104,0.008457647263909992,0.007257447087552774,5.118514115487045,0.0077580945425388785,2.082257728937672,0.5758832121307235,5.928571428571429,0.5975961731820336
1.0,0.1,105,0.0038295410945467716,0.002730718684583321,1.9668312174105154,0.0018486533220723877,1.28283200323303,0.575579885165087,6.107142857142857,0.598367031091777
1.0,0.1,106,0.0011505487340341054,0.0007323439761455419,-0.06803347854216213,0.0003331847716777012,-3.9076334985776007,0.5791760629023349,5.857142857142857,0.5856128521299586
1.0,0.1,107,0.0013749084024393548,0.001047472249916767,-2.0291309512487508,0.0013205142798294012,0.7342768925405968,0.5526464313932619,5.178571428571429,0.5647666868601371
1.0,0.1,108,0.0009842253934019332,0.0009398946460882104,2.73774791189795,0.0008460804642574775,-1.8864931037860895,0.5943656710739201,6.571428571428571,0.6055654567102022
1.0,0.1,109,0.010511840648072115,0.011143538057540951,1.746017062478349,0.010418334369558952,1.939358623319663,0.6137759618524085,6.25,0.6306519741646627
1.0,0.1,110,0.0017048403685242677,0.0024521440898922823,-0.9553057032100867,0.0016101938300902476,0.8164168012379207,0.5889662494095554,5.0,0.595628261593455
1.0,0.1,111,0.001737918774725353,0.0016024533429000185,-1.3193558545561075,0.001229235163072535,-1.6484297567842343,0.6005758848275841,6.821428571428571,0.6164752717713433
1.0,0.1,112,0.0012777635436297206,0.0017978030412189052,0.7399470558027872,0.0008937965561093107,0.631321187854752,0.571551149297485,5.857142857142857,0.5938914826532754
1.0,0.1,113,0.0003468335433052757,0.0002268400914178047,1.9881599190935333,0.00030568771941161976,0.592535691367857,0.563494492830792,6.178571428571429,0.560384370003428
1.0,0.1,114,0.0011435005977396663,0.0003445801314355375,1.1698852564097706,0.00028893911045529166,-2.6979441356383425,0.6275651371260605,5.5,0.6223923037807007
1.0,0.1,115,0.0021662570420773347,0.003574345751206605,-2.0712061026977815,0.0020550539835190993,-1.1064509165110128,0.6136398801361507,6.642857142857143,0.6212768139055935
1.0,0.1,116,0.0015235382206911592,0.0013957914733484914,3.5972375209380325,0.0013193533714419333,1.7995345694084601,0.5848053873654361,6.785714285714286,0.5886503770973064
1.0,0.1,117,0.004302552563922015,0.003997580409245502,3.972027929236513,0.0042670030107336485,4.84268840980198,0.5353798684286328,5.178571428571429,0.5221478542747426
1.0,0.1,118,0.0028563601890436953,0.003396401254175005,1.9699047977077555,0.002458139750446833,-0.04539220791321933,0.5790438516507183,5.857142857142857,0.5789230008171318
1.0,0.1,119,0.05087793247757041,0.05334731489598051,10.368036393290643,0.0489418281011839,18.510366070605386,0.676838463686031,6.821428571428571,0.7296261546844311
1.0,0.1,120,0.007250087470095802,0.007546136125195471,2.564581500054885,0.006437206927763006,-0.07101290867042091,0.6200412587175437,6.214285714285714,0.6310877556169401
1.0,0.1,121,0.0015800310529210356,0.0015160801406575886,1.5721272393687304,0.001449741642189495,0.7231834684394395,0.5855406624340166,6.178571428571429,0.5873235596212218
1.0,0.1,122,0.004180494907622756,0.003800402490225306,8.335961493422625,0.00413307987694727,6.34382960236302,0.5514154836409062,6.0,0.5722770143147694
1.0,0.1,123,0.02424856970028004,0.024539955045402892,5.651400554311134,0.02307175796791958,5.075041860554904,0.6075564188437385,6.392857142857143,0.6444850102018373
1.0,0.1,124,0.0022705345873901333,0.0022540878988610083,1.4496977831217919,0.0018491100769264454,-0.7996469313331241,0.5659310351755243,6.035714285714286,0.5818932650673098
1.0,0.1,125,0.04905711800354863,0.04874660704742394,13.91255021169068,0.048290320219919844,26.30860655288464,0.6643943363589123,7.035714285714286,0.7135696123100611
1.0,0.1,126,0.004070758754925077,0.002947059288183802,2.1428008488213286,0.0023516761023327335,-1.601504914131804,0.5973367493597985,5.642857142857143,0.5817950947966986
1.0,0.1,127,0.003063315046152999,0.003705934958970635,3.304177318348934,0.0029359021121230975,1.8365079231725474,0.5661571266777577,6.214285714285714,0.5766782209018275
1.0,0.1,128,0.0040492328955157725,0.003289647794539583,7.35487615459338,0.0032958508354947887,2.4239811427971083,0.6041213400486999,5.857142857142857,0.6028627064474397
1.0,0.1,129,0.021790293564211992,0.026428862277050425,7.6067557079590715,0.021597104256244264,14.701556501915624,0.5156286179916958,6.357142857142857,0.5647551800169426
1.0,0.1,130,0.005769481623688013,0.007684110056370722,3.438961094015743,0.005667742715941262,3.7707316440457723,0.5161339722537146,5.928571428571429,0.5670884338769491
1.0,0.1,131,0.004764229773940374,0.003955554388649252,-1.3930643289747973,0.004129011418911224,-1.0848679728467705,0.626050480906087,7.25,0.6315716364784452
1.0,0.1,132,0.0009199586522469406,0.0007020716252573365,0.7616349474285661,0.0007315849990118453,1.060268820093114,0.5490618423339667,5.142857142857143,0.5678428462546793
1.0,0.1,133,0.0012409186709930514,0.0014373685142098967,-1.9078120777254906,0.001119932337660348,-0.5668135239223394,0.5885339270850968,6.321428571428571,0.6125631965459193
1.0,0.1,134,0.0016969092210512452,0.0009667919973294055,0.3514917422623209,0.001050235528387536,-0.16615973532120165,0.5968575631965418,6.25,0.5948625435411177
1.0,0.1,135,0.0027218133887676617,0.0023277893701479434,3.7561053322429907,0.0017044983514803746,2.0309130002468314,0.5662523694500131,5.392857142857143,0.5591082872450652
1.0,0.1,136,0.0030085828723473724,0.0029666088643847044,-0.16541233603946162,0.002878557489191234,-1.852710409681028,0.5751532500402369,6.071428571428571,0.5754509014090305
1.0,0.1,137,0.0016301090678208026,0.0008188489635308778,-1.7479924002493779,0.0010887860648567055,2.3998011726175625,0.5885104841051036,5.714285714285714,0.6045690385219287
1.0,0.1,138,0.007481395528239336,0.006461388972280239,6.53664870056097,0.006961422259541039,4.768401628722349,0.6592063136937675,6.928571428571429,0.6746807370279919
1.0,0.1,139,0.0051572215936959145,0.0049721907088234344,2.2867055677955173,0.0038155427227649394,0.15011115176189568,0.5985915088918803,6.392857142857143,0.6104258104809548
1.0,0.1,140,0.0013931119283503075,0.001300919403780884,1.2301080577349808,0.0005832766733612021,-1.0376059326983693,0.5993396397550512,6.071428571428571,0.5982587420412238
1.0,0.1,141,0.002182663400189582,0.002482593514824225,0.023436787192650854,0.0014499638056117425,-1.3365908212956772,0.5588929888587068,6.071428571428571,0.5624444670971449
1.0,0.1,142,0.009598927836337666,0.013238168206615764,2.984900713665951,0.009373071905998115,7.02718881449087,0.5867559434615097,6.392857142857143,0.5746878991326219
1.0,0.1,143,0.0006130321525987271,0.0009512127186011481,-0.03575854804295394,0.0005546330753037836,0.017729828519094326,0.5757359962832457,5.75,0.5745598452683647
1.0,0.1,144,0.002158053415960502,0.002194722228336082,2.5928672433198585,0.0020378127933561715,0.7982968773008849,0.6105536466994615,6.321428571428571,0.6171000008192591
1.0,0.1,145,0.0053464071544481765,0.0059087198449448,4.06419500612093,0.004417210317146323,-0.10627398046674823,0.5521612351857855,6.535714285714286,0.5504560363629523
1.0,0.1,146,0.0007581039360274453,0.0010701762799365164,1.9851238201632668,0.000610877752589844,-0.580872215109622,0.5509536960535797,5.607142857142857,0.5474828350513994
1.0,0.1,147,0.03286575345772914,0.032922229016180644,7.479603929541706,0.031693076000146626,6.794074679892873,0.7230435278815189,7.035714285714286,0.7556449778983869
1.0,0.1,148,0.004821098139341895,0.0035647900922661144,2.4270789942891327,0.003356616085984089,0.5429493450389202,0.6141830591046571,6.607142857142857,0.6206127966325747
1.0,0.1,149,0.0017309479832255008,0.0012870638981891727,5.402685389662206,0.0014730359612424174,0.397434692129868,0.6058717665798125,6.0,0.6140139841639383
1.0,0.1,150,0.0051233658087574485,0.004830241740797203,5.898269898590077,0.004428898222674498,3.3808962016835458,0.6097020498011796,6.035714285714286,0.6272064591853755
1.0,0.1,151,0.0005898081751363248,0.00038536579516458195,0.9803943563711831,0.0002979183852272118,-0.0059684849379095795,0.5951869631131653,6.785714285714286,0.6001323457960677
1.0,0.1,152,0.004568949971917901,0.0058042891851808305,1.71337030649579,0.0043577459764902945,1.4951137024012837,0.5944663124973905,7.392857142857143,0.5883860415735707
1.0,0.1,153,0.003519591239694206,0.0030804589998896423,1.1368475104511713,0.002869506313392103,-2.603582369194432,0.5216062581937881,5.357142857142857,0.5200745001711216
1.0,0.1,154,0.0012777658923803406,0.0004091267212059786,2.970661577437511,0.00022453228035375586,2.1523390120499264,0.5577036104082423,5.571428571428571,0.5690152165478504
1.0,0.1,155,0.0041667165377748654,0.00489759448594161,1.0505941023256373,0.0038718144239780934,1.7869282937865307,0.5940416619435342,6.5,0.6157973135152234
1.0,0.1,156,0.002555567291660268,0.0005908000555824,3.8656583361737944,0.0009120813699179064,-2.753234517043514,0.5826696267704511,6.142857142857143,0.59789222293356
1.0,0.1,157,0.018897555596156267,0.020534676301161386,5.45980173842284,0.018107515287952583,9.36027947904727,0.6077926831934649,5.535714285714286,0.6484359009061845
1.0,0.1,158,0.012918792560969278,0.013720873903565514,1.322829866325596,0.012643292766243321,4.9300058926084205,0.580477777818289,5.928571428571429,0.59588325283631
1.0,0.1,159,0.0032021395601039525,0.003452758782787507,2.1477372615891945,0.0030563936389215035,-0.11767805019382156,0.5814216948649581,5.892857142857143,0.5996753108825402
1.0,0.1,160,0.0024654893572513296,0.003930637981400675,1.625173243836656,0.0022502850371834237,-0.3560818570763236,0.6087114049733211,7.214285714285714,0.6139195153953338
1.0,0.1,161,0.0042422658604035325,0.002828610426638457,5.009669808132884,0.002758119649357113,2.869123613678217,0.5685121489084626,5.607142857142857,0.5611693298311424
1.0,0.1,162,0.0024184678772738496,0.0027756739995375697,0.9178580049850685,0.001491205210790504,-0.05095262782689739,0.5961373174794179,5.071428571428571,0.6153370599042989
1.0,0.1,163,0.000904749662035761,0.0012495419136429066,0.5235083738956993,0.0006328155280516547,-1.218385459177237,0.5618244414616415,6.25,0.5797630808377712
1.0,0.1,164,0.009885960690213675,0.012049687134125506,-0.5879345378639774,0.009496384219762073,1.9535867152640662,0.6237766948925597,7.0,0.633314913163995
1.0,0.1,165,0.002803721221510279,0.0029589462736431195,-2.1108244657001287,0.002575195258930835,-3.088099938052958,0.5606556917152524,5.821428571428571,0.5725838467025761
1.0,0.1,166,0.004456590724846724,0.004407947912128713,1.083822086288497,0.003879787537966095,0.046274539631241396,0.5784801353014263,6.214285714285714,0.5926315637909035
1.0,0.1,167,0.0017037413931576253,0.0011886644963903755,-0.337076997273878,0.0008717461830869801,-4.325853311925878,0.561089286813949,6.535714285714286,0.6034919416717113
1.0,0.1,168,0.005144778839822128,0.006381838873050559,0.3967711537289252,0.0049483686361453125,2.0007463033146373,0.5914153350508269,5.714285714285714,0.598708404126026
1.0,0.1,169,0.00871882590048432,0.009023929074274207,5.787503745961317,0.008276927540901705,5.789792850371394,0.5836640368778204,6.178571428571429,0.6180095544115289
1.0,0.1,170,0.005786642276437564,0.004690386526422102,3.5256428418110866,0.005357666032394061,0.22514189100179274,0.5786359978149871,6.107142857142857,0.6020654049268932
1.0,0.1,171,0.0063061455292692786,0.0048431117328649595,6.623869472759054,0.003846547456953994,-1.324936930519802,0.5815102453731197,5.428571428571429,0.5899297590205013
1.0,0.1,172,0.0014649478560258998,0.0015914040358338852,3.934321676356594,0.0012570431507428327,0.5767489900935819,0.6079623589245785,6.714285714285714,0.6125570609040061
1.0,0.1,173,0.0008135773716005798,0.0007956978730575823,2.349982105416018,0.0002753819322940496,-2.602550717094109,0.612165021246713,6.107142857142857,0.6181767355660193
1.0,0.1,174,0.0028380870511705487,0.0033903721870203784,-2.7374422111191734,0.0025342072383324208,-0.8270398391137519,0.5876430780409242,6.25,0.6005231157769326
1.0,0.1,175,0.0012351006740192842,0.0009186031193845759,0.3602016735706286,0.0009428287869275566,0.32020142930233914,0.6317910230509156,6.642857142857143,0.6371623328054552
1.0,0.1,176,0.0008052312590859735,0.0006968819579335159,3.5424444032872677,0.0005887383186224977,-1.38976759653472,0.5717182041390768,6.0,0.5792074833748873
1.0,0.1,177,0.0025941382454443738,0.0026962355202015723,-3.303474469411526,0.0023523838055362445,-0.08170804258255278,0.5379764933340397,5.821428571428571,0.5530446133939827
1.0,0.1,178,0.00152063670425255,0.00032757997051989664,0.08582869773609521,0.0004201370532837563,-0.7199842471659016,0.567799575686273,5.892857142857143,0.5844099947373795
1.0,0.1,179,0.000561532060102565,0.0005591923267650562,3.528766304913565,0.0005312160567487196,-2.7274436693678865,0.5544180402281614,5.071428571428571,0.5615983922526034
1.0,0.1,180,0.0012584668176333707,0.001708981615038516,1.8606500390730787,0.0010516713398991005,1.8511491213539273,0.5161853573310744,5.785714285714286,0.523535092736028
1.0,0.1,181,0.006379308469861822,0.006579755067866791,1.9426851874721365,0.006090564502214202,-0.04419282255184006,0.6331731057121844,7.714285714285714,0.6557611834357725
1.0,0.1,182,0.007929223690059375,0.009304944866957696,4.9949426667070895,0.007876271824019593,6.7043718889005675,0.5803905684878462,5.892857142857143,0.5786351285686797
1.0,0.1,183,0.003082293190742651,0.003238681339931836,0.6679201264584549,0.001804756132873239,2.1213864554410313,0.6293544609961,5.964285714285714,0.6411537992138643
1.0,0.1,184,0.0012490134271787678,0.0015123821127284583,0.2395098242006289,0.0011426446593224657,-0.6574937730268479,0.5819719555716146,5.714285714285714,0.5898406312778901
1.0,0.1,185,0.0006642327074526021,0.0006847794133854827,-2.020983087417013,0.000481454824101666,0.7666169424102804,0.5903809592277609,6.071428571428571,0.60198487714139
1.0,0.1,186,0.003886079619687712,0.004500176718341118,2.3538604953055446,0.003723597884926013,2.6461127540884775,0.582308861797552,5.392857142857143,0.5777293267705635
1.0,0.1,187,0.0019776574697301175,0.0030849460356365535,2.9575767295783066,0.0015786760801473638,-0.24845565449704546,0.6277610594830644,6.821428571428571,0.6336211722213279
1.0,0.1,188,0.005627680119915826,0.007990778410178756,1.9963773504581184,0.005481153655704028,5.439638720760494,0.5585722502022413,5.785714285714286,0.5659860601937352
1.0,0.1,189,0.0022734808090746866,0.0009597912027628542,3.4262904139056523,0.0014878874976674322,-1.3098531853123916,0.582295800892423,4.892857142857143,0.5906669714840158
1.0,0.1,190,0.008442321726988215,0.004411135621704731,7.972313574500191,0.005777406830622572,-3.1052975265201894,0.6480539402907214,6.535714285714286,0.6471758613426603
1.0,0.1,191,0.002807392409781759,0.0020119951851426837,1.5119650252294718,0.0027293652652752407,3.4930656004316254,0.5703534340572943,5.5,0.5938345720599232
1.0,0.1,192,0.0021301886055484372,0.0016455562350411893,1.2054790303913496,0.0019261810158793967,1.098834514535298,0.5550038416954304,5.821428571428571,0.5552472183149555
1.0,0.1,193,0.017710683123685157,0.014829194909316027,8.288308282961301,0.015155919281475702,-0.8941620314330502,0.6353516313440519,6.0,0.6352508791809075
1.0,0.1,194,0.0035819687226014644,0.003772441019204082,3.3079053500876037,0.0034407434125728466,1.8396961076989176,0.5999066910979448,7.571428571428571,0.5996778355483108
1.0,0.1,195,0.000712933884183921,0.00042961284497143923,1.6455618196449961,0.00041093449844239766,-3.534515577080479,0.5828111168920793,6.214285714285714,0.5778545441577396
1.0,0.1,196,0.0017996772211160037,0.0017457904581617194,-0.8589264153796989,0.0016658427342390763,1.7446832351224277,0.598388839872179,6.678571428571429,0.6165019567844511
1.0,0.1,197,0.010562471124311922,0.008922932555226555,2.010849516398262,0.008662523013950943,0.9262381938186005,0.5687130594048663,6.714285714285714,0.5796699699571312
1.0,0.1,198,0.004744528108488918,0.0029193572948118178,5.422883118519091,0.003452079864455495,4.356356531782789,0.600693822556327,6.571428571428571,0.5972558462244386
1.0,0.1,199,0.0002632608450345032,0.0003057887626173862,-1.344019927124909,0.00022395308076376573,-1.376297241893866,0.5629206830672414,5.428571428571429,0.5574996426365778
1.0,0.1,200,0.005447389481434939,0.006183309979403169,4.031663477652178,0.005023270453859606,0.989471633709968,0.57728479475312,6.428571428571429,0.572297593861252
1.0,0.1,201,0.0030186214295260237,0.003722752997648429,5.5095438247654345,0.0024367541679496257,0.7682503706148603,0.6025288102747418,6.5,0.6102924256491337
1.0,0.1,202,0.0033654523410713423,0.0008698747368020715,2.8742563608195533,0.0008346068455927607,-0.2667288787273397,0.534239356704098,5.607142857142857,0.5180880307803629
1.0,0.1,203,0.035790564391919244,0.03183058179288567,11.939987988478757,0.03351649705678802,13.07207202977753,0.7042444469328685,7.357142857142857,0.7571090024094516
1.0,0.1,204,0.003958161115623616,0.004045322279736131,2.383524640943468,0.003895923913334525,-2.692269668472799,0.5669399414746146,6.464285714285714,0.5835146939395213
1.0,0.1,205,0.0006563591461564973,0.0005096562934308174,1.0145373257586527,0.0005305408614024847,0.24130284354463546,0.6080012431602623,6.25,0.6064474300891507
1.0,0.1,206,0.004409384032957373,0.0033587588811421674,5.493931001492371,0.0025251749721844287,-2.126226773456551,0.6158552819488964,6.642857142857143,0.6266224064258155
1.0,0.1,207,0.008661809216999708,0.007346115021134376,-0.06967404087071334,0.007943957562788933,-0.6869122037017993,0.5608593471073887,5.714285714285714,0.5847682156408165
1.0,0.1,208,0.0028272767797955776,0.0049131310133991215,3.3209319340547174,0.0026633246104210786,0.009821843768615205,0.5449739403129936,6.321428571428571,0.5505390184052208
1.0,0.1,209,0.0019884600378026304,0.0019403511626357802,0.20183269917000266,0.0017287618050918505,-0.9312507646080709,0.5728537824271921,7.714285714285714,0.5812692702847377
1.0,0.1,210,0.004126622009874707,0.005512187022686881,-1.024843712393088,0.003866145120418638,-1.1092306570534542,0.6353397239991503,6.535714285714286,0.6493353357185121
1.0,0.1,211,0.0004430192155120368,8.94452587853163e-05,2.163186740870865,0.00012707768848716148,0.036885556184320954,0.5789915999894634,6.107142857142857,0.5972797048188945
1.0,0.1,212,0.005204841329566691,0.008881623854539411,1.8884970728422275,0.004589672575732504,5.518558879970972,0.5555856574972119,5.178571428571429,0.5664272430225818
1.0,0.1,213,0.009540104209810277,0.00859724609719679,0.7082952113031524,0.008752678098724504,-0.7384068393991564,0.5615153454787652,6.321428571428571,0.5829698388792002
1.0,0.1,214,0.0069932355366033325,0.005811396346916349,0.5818341840375562,0.0054149901683279095,2.2838131533152457,0.528080338797578,5.535714285714286,0.5601594132306599
1.0,0.1,215,0.0030689142105378977,0.002051568985518011,2.5656012090137494,0.002410994107784334,-1.8961399862827573,0.5822161784449982,6.678571428571429,0.6132046024697235
1.0,0.1,216,0.004965211301099561,0.004229489650551658,-0.13509238024028983,0.004858848537636102,1.1100605016281595,0.5195538051675632,5.857142857142857,0.5287600042207181
1.0,0.1,217,0.0009459537389206124,0.0013921668915439552,0.6589909992482887,0.0005767782460919928,1.4237491372263473,0.5562817600006237,6.321428571428571,0.5487285011193599
1.0,0.1,218,0.0010851710556425238,0.0012697952912568812,0.6707660390952602,0.0009139384941758594,-1.2115603366846226,0.5452901446294944,6.071428571428571,0.5506955979751598
1.0,0.1,219,0.004522654132948539,0.004812357008534315,-0.3168394735117583,0.0028208552262303315,-2.343444325977449,0.5223881071960033,5.607142857142857,0.5659041946371262
1.0,0.1,220,0.0013778341074785006,0.0010977770195315657,-1.6874896983111018,0.0010975576864434805,-1.8531319169626197,0.5848875061345026,5.928571428571429,0.5916318665546567
1.0,0.1,221,0.018404611843278785,0.018564336026850405,-2.0472412669152127,0.017671276781851493,-1.4032115164705299,0.6394825525489336,7.357142857142857,0.6577389120514121
1.0,0.1,222,0.021190780863778385,0.019829598437117922,8.027016169423433,0.01842253767183104,-3.7733981855834977,0.6245594152906531,6.428571428571429,0.6275999550005986
1.0,0.1,223,0.0011214221899694932,0.0009579225228429274,-4.957247731854352,0.0007963900791548762,-2.5468383904037353,0.5753104749697868,5.428571428571429,0.587162252589481
1.0,0.1,224,0.03928978221755054,0.04079588950077514,10.077506485172117,0.038741228675247784,15.686830937283503,0.7041287495629212,6.571428571428571,0.7411538691199484
1.0,0.1,225,0.0036831371010737127,0.0027806675944225625,1.8387369477026236,0.0033934018336935763,-0.7845150689744097,0.5552264295962706,6.25,0.5595086529675453
1.0,0.1,226,0.0035789905503479185,0.004648286552576975,3.2617642660629826,0.00312528391748183,1.7134465641591987,0.5846556006030263,6.535714285714286,0.5999117242063561
1.0,0.1,227,0.015389825797150303,0.010730074942935573,6.1757394203406575,0.01118696143005937,3.5764811338734055,0.7081889831694262,5.821428571428571,0.7485539360718718
1.0,0.1,228,0.0021578100123539686,0.0015321097303582396,1.33520784443193,0.0019513479794174978,0.10347477476263596,0.6226558346915121,7.035714285714286,0.6288751123834599
1.0,0.1,229,0.007935511588164178,0.005997363356451156,2.216358477819379,0.00568864337962428,-0.7451625051232895,0.6594992590008708,6.642857142857143,0.6573539256674326
1.0,0.1,230,0.005852429626441591,0.00483686116939521,5.193219543104902,0.004411196462898995,1.168920515886403,0.6164237142458161,6.678571428571429,0.6264214088317969
1.0,0.1,231,0.0029437258721973264,0.005063560816351553,2.3682450697116812,0.0028361315656435996,2.2031101589792663,0.5620800975743974,6.892857142857143,0.5600142097443337
1.0,0.1,232,0.0019826568620207007,0.001655440953119272,2.0483966306726322,0.0012346426031603058,-3.2967381832308527,0.5501705730472979,5.642857142857143,0.569120437777447
1.0,0.1,233,0.0019482991972718416,0.0014264774845069263,1.0472913866537965,0.001545530725760563,-0.9336792350843552,0.5612521000281189,6.214285714285714,0.5532021786899992
1.0,0.1,234,0.002340139998862956,0.0011968188504786355,2.6638201412885016,0.0008338320892041596,-2.434264342674112,0.5157437926169883,5.892857142857143,0.5222867913595737
1.0,0.1,235,0.004428259025166463,0.0043065859486182325,2.0069204058890855,0.0035262388597667306,-2.8267422520438195,0.5720201322622527,5.964285714285714,0.6005550613485987
1.0,0.1,236,0.001140377195182075,0.001598910100613947,1.1699266299334283,0.0008056095364361312,0.4309697059754001,0.5587030498839903,5.285714285714286,0.570195462591215
1.0,0.1,237,0.001447147065720641,0.0010735502108401669,1.6067951213386493,0.0010056043019510683,-0.5614006984801941,0.6135092122169211,5.928571428571429,0.6121559005656061
1.0,0.1,238,0.012213319764213639,0.0090039728445831,-0.5386686942390497,0.012076303061739856,9.103699511641906,0.5713975764417294,5.821428571428571,0.57123881341091
1.0,0.1,239,0.0009019836281616944,0.0016329287538421771,1.6054604513074178,0.0008374400358950529,1.299618872507428,0.5759722800401149,6.178571428571429,0.5898890424984281
1.0,0.1,240,0.012753526254952728,0.013203974284600834,7.302641027079129,0.010734470655568996,2.7879849252630513,0.5562852261895965,6.285714285714286,0.5581783452164708
1.0,0.1,241,0.006640140567984067,0.002898874834563952,7.319630238990517,0.0038592170969127914,-6.114641505971956,0.569917907103636,6.142857142857143,0.5738809616367431
1.0,0.1,242,0.025147175540971303,0.025722804500526206,4.825940376074802,0.024557750739715035,9.273920971648977,0.6989134246207563,6.75,0.7382943884108064
1.0,0.1,243,0.002212952399049398,0.0018295317589738596,0.2572292853511537,0.0018692528629642633,-2.687706134583143,0.561317330827336,5.857142857142857,0.5711993743093662
1.0,0.1,244,0.005121485771496619,0.005480863965374224,-0.8070656706732015,0.004921928897405393,-1.10136677200551,0.5340787751096477,6.035714285714286,0.5354747199709377
1.0,0.1,245,0.0037145597659875803,0.004496203367560901,4.339286053088547,0.0031662393301250223,3.474078763216397,0.5844896257106188,6.035714285714286,0.5826518617516561
1.0,0.1,246,0.00042218694206499433,6.591732883168532e-05,0.8816251591372671,1.2673538366115689e-05,0.5856890953239619,0.5390737931176169,5.571428571428571,0.5389216733056239
1.0,0.1,247,0.0037155796200857615,0.00480264872521164,-0.6108881385023134,0.0032918488060920768,3.524168549223693,0.5926368537740013,6.75,0.6021914873389949
1.0,0.1,248,0.003653324620103084,0.003839119615136769,-0.5358916006126435,0.003182898182457704,-0.4453938983973084,0.5644352453351708,5.714285714285714,0.580990118694546
1.0,0.1,249,0.0010622018694728117,0.0008095244514195629,3.022941480301332,0.0008025044655394725,-0.288976655281715,0.6149621991782938,6.678571428571429,0.6219075277189818
1.0,0.1,250,0.0015066725023373286,0.0012879293367411698,-0.844942150691755,0.000831731901684114,-2.3070022731974027,0.6091140256951535,5.714285714285714,0.6078872841944492
1.0,0.1,251,0.013771657142251488,0.011498471680012548,7.521763262039097,0.012222507403998713,4.996350282025247,0.6151863724155459,6.5,0.6430787311337623
1.0,0.1,252,0.0018595194692512219,0.002165130731533841,-0.7857295443083862,0.0016657867701483301,-0.18879841131489647,0.5520440825928163,5.714285714285714,0.5717732680552667
1.0,0.1,253,0.003358967434051272,0.003172851709937512,3.4473950910793008,0.0025640442202407143,-2.641782911641523,0.5936316192012641,5.535714285714286,0.5962727755719335
1.0,0.1,254,0.0012420188432104916,0.0009071627580266819,3.9577359062074797,0.0009282660793070339,0.5748796689868337,0.5540452122101185,5.428571428571429,0.5544562837801978
1.0,0.1,255,0.0019468516633541935,0.0008288690524253095,1.7197878683260608,0.0015922226875673025,-0.41066532635814684,0.5917038480842711,6.357142857142857,0.5845542326144865
1.0,0.1,256,0.007422656126803296,0.005720636232808108,3.501937107215724,0.005857932732768771,1.1407221655879407,0.6332829621825699,6.035714285714286,0.630887130184808
1.0,0.1,257,0.0017693699050239757,0.0021694169439919076,1.035207396214351,0.0016171773473505205,1.8670171859162774,0.5648129366515343,6.5,0.5523967700753841
1.0,0.1,258,0.001902230256103599,0.0017450254001485522,-0.13808804183119605,0.0017139843827637849,-0.8605405542655641,0.5938597900419588,5.892857142857143,0.5924032575611565
1.0,0.1,259,0.010984828403910792,0.011202071203731772,4.937269215029535,0.01065083347979358,1.7964881870421152,0.6128952631221006,7.0,0.6309082327696175
1.0,0.1,260,0.0025030652332152735,0.0025420861371267733,0.20161715664625982,0.0024274186278827594,-0.31912902311251895,0.5735200814847247,5.964285714285714,0.5839934651189084
1.0,0.1,261,0.0024176623371117848,0.0017503030645683853,-0.42963497996005157,0.0013872244596788558,-3.0069204294541976,0.591570038713015,5.857142857142857,0.5987972904663325
1.0,0.1,262,0.0010437510261107343,0.0009486271826282869,0.4761279745396128,0.0008119720828558904,1.3046552013251755,0.618178246589293,6.642857142857143,0.6257005916081488
1.0,0.1,263,0.0333355601730141,0.02904182748636993,11.830253901602305,0.03173072575883497,16.76786739671031,0.7244306431224165,7.321428571428571,0.7568138880918561
1.0,0.1,264,0.0041165990807631985,0.002946557208136457,0.5798201186010393,0.0035301187292248876,-2.1564791422006238,0.55972344630117,6.107142857142857,0.5532372624916275
1.0,0.1,265,0.006012746672890528,0.0059971904983277405,-0.1801714860584601,0.005227081117223253,3.2686727354296465,0.5583827879205464,5.821428571428571,0.5453846567441033
1.0,0.1,266,0.0021238249608570474,0.003449693319625924,-2.029658639689463,0.001956058734798865,0.14922371209228422,0.5763231047984584,6.357142857142857,0.6113563258400232
1.0,0.1,267,0.00283323393956581,0.0027571103384024763,-0.17096035463418957,0.0026103378600491932,4.601930979649524,0.5779857273397168,6.285714285714286,0.592228683461082
1.0,0.1,268,0.012191661930941844,0.0162337113875054,3.2585602196764873,0.011812897077763777,6.8033131371903055,0.6347783226772025,7.107142857142857,0.6482470337779811
1.0,0.1,269,0.001356941454190902,0.0011731599485700632,-0.6478381288330866,0.0007046964764628545,-0.8087751607714418,0.6176131281468917,6.142857142857143,0.6319208047954528
1.0,0.1,270,0.0163061664894171,0.018903596991796105,2.2943568159113377,0.015981709461634328,10.404008423146857,0.690997773689083,6.107142857142857,0.7039556146456987
1.0,0.1,271,0.002307205303230624,0.0029010426066926305,1.9590063103143887,0.002034758889266615,2.9046780890158366,0.6034920306836519,6.5,0.610589793054907
1.0,0.1,272,0.00512753396698211,0.0062830682519296206,0.1626710557866602,0.005041740042793617,-0.44152224748521957,0.5786180107830218,5.785714285714286,0.5834768239529586
1.0,0.1,273,0.0003599885775198372,0.00014620178235873728,-2.762265909544965,0.0002468568974607647,0.519490921970629,0.5558067230123981,5.821428571428571,0.5779420122595054
1.0,0.1,274,0.008374634305555722,0.01085442612335313,2.3295058314309833,0.00820911902034777,6.17048599251864,0.5807671947280808,5.857142857142857,0.6171640026053142
1.0,0.1,275,0.0016133793304054667,0.001783668029267309,2.278292508673237,0.0011779378293312224,1.5055770773687034,0.5835722080459728,6.678571428571429,0.5737342594444415
1.0,0.1,276,0.0018367426133058925,0.0029412025049632717,-2.5051360701831697,0.001712046359637294,-0.11715011282027869,0.540562507860688,5.714285714285714,0.5675819406553573
1.0,0.1,277,0.0037656208666168593,0.004815388965101216,-0.740386983928308,0.002920771261418691,0.6228986886122811,0.5475741508669445,6.0,0.5704366536689798
1.0,0.1,278,0.002005116307466829,0.0008720744424099084,2.1675548880637145,0.0006905174363222286,-1.9035723376339224,0.5803561251304251,5.857142857142857,0.578203098910556
1.0,0.1,279,0.006098623231441186,0.006866128694289814,1.340845761625341,0.005406722098981592,2.450668487578876,0.6366619184217027,7.142857142857143,0.64926525864112
1.0,0.1,280,0.0015466620020261788,0.0007964269757058217,1.6706448706688473,0.0008038286900140206,-1.9126238369811404,0.5823366603074257,6.178571428571429,0.601945649266863
1.0,0.1,281,0.005799779562366153,0.004441954354323403,1.6400535124682942,0.004913610859783235,-5.716673623147339,0.5707972626037419,5.857142857142857,0.5624536605015854
1.0,0.1,282,0.003240384788021516,0.002081381696589277,-0.7513064709422016,0.002420460837363693,0.005319782247302858,0.6287644677931651,6.464285714285714,0.6105950636718948
1.0,0.1,283,0.0015133862967419657,0.001646064116127695,2.1698948850602733,0.0011442641920142908,1.441102201964867,0.6331643986533193,5.535714285714286,0.6611344064614626
1.0,0.1,284,0.009227700874725513,0.011847008786878506,1.5567508905752352,0.009086687863904843,2.2333966453903145,0.5662950723054029,5.928571428571429,0.5713250242090049
1.0,0.1,285,0.0009227453311981042,0.0009256977351755469,0.06914315431531766,0.0007934156661331659,-1.4343286862770412,0.5353407066258437,5.928571428571429,0.5358112046085148
1.0,0.1,286,0.0003578315543365322,0.0002580449380064976,-1.019417788616958,0.00023608499882194736,-0.1506801375261849,0.5400028535531425,5.785714285714286,0.5485750597793833
1.0,0.1,287,0.002562060311628394,0.0018308805653714211,-0.6108376914014192,0.0019851590983394154,-0.38820909434406303,0.5577412758845377,5.75,0.5732734526199017
1.0,0.1,288,0.0007726172709131223,0.0006866445955097365,2.220876932271191,0.00044227965515202254,0.8564897207262732,0.570857173202447,5.928571428571429,0.5696393722652924
1.0,0.1,289,0.0035318244514615225,0.004786306980428071,-1.0977291571806898,0.003279465359183791,0.8207166814718789,0.5886571047413279,6.107142857142857,0.6246414188790614
1.0,0.1,290,0.0038276444451722648,0.0032802452353872403,-1.4547564752052533,0.002302923668841306,0.3679002245039366,0.5715065481898771,5.714285714285714,0.5643097324140445
1.0,0.1,291,0.0013896551926407589,0.0012301318672630257,1.927835155104778,0.0012679568877720464,1.1853753944387695,0.6287437313155787,5.535714285714286,0.645045848106421
1.0,0.1,292,0.0031740192538442778,0.0007329314435593451,4.0885466467190765,0.0014747896771505036,-3.088016886901594,0.5621542123235403,5.571428571428571,0.5734977958284787
1.0,0.1,293,0.0016278359897756768,0.0018657197740213995,1.3995863584813815,0.0015620151218804438,0.9393064513901285,0.5326855718791914,6.285714285714286,0.5449612873936633
1.0,0.1,294,0.0017288570292892968,0.0011172766361789777,-0.3166760800347011,0.0016570111875934784,1.4375981373493876,0.5971381138723816,5.535714285714286,0.6118313452252568
1.0,0.1,295,0.02719274012966578,0.026814392678292026,8.383211789133858,0.026322699651147138,8.698412041737924,0.7218767466529955,6.535714285714286,0.7446489218638626
1.0,0.1,296,0.0009217466423394451,0.0009680898485905062,0.954903069880686,0.0003961983077969637,0.19006176453698723,0.5870042992489458,6.571428571428571,0.5889658195006502
1.0,0.1,297,0.002791109487733082,0.0025518608704167833,-1.8319375233283683,0.002516391777754044,2.329143109720784,0.5604280723413125,6.25,0.5629980830494439
1.0,0.1,298,0.006552307636121335,0.0010612548491271173,8.45206952324232,0.0008284375065746075,-7.47374603024997,0.5757750001540932,6.178571428571429,0.6063694370278476
1.0,0.1,299,0.002694726601556275,0.002720177001819497,1.350437020337343,0.0024465668962384583,1.445956977794329,0.5679154837212091,6.892857142857143,0.5580342582158042
1.0,0.2,0,0.001012011321428202,0.0019337432155692212,2.0033076669065415,0.0009896561999109645,-0.050693836363014576,0.5955253514860654,5.892857142857143,0.6100844273882764
1.0,0.2,1,0.02810746716884715,0.026120678364493957,6.664458170293973,0.027166580478098095,10.984063408437274,0.6913737202718693,6.464285714285714,0.7247140905283085
1.0,0.2,2,0.0013025780943814462,0.0010286088909143482,2.472543369303537,0.0011664501789478588,1.5895235490796626,0.5679987967943688,5.892857142857143,0.5969653688427807
1.0,0.2,3,0.002866903065463032,0.0030678156721610336,-2.2606766020595424,0.002464312362007116,-0.5898726909394915,0.5370483088739584,5.857142857142857,0.5401764724274487
1.0,0.2,4,0.02452611354103163,0.024824087542040466,4.875389653033437,0.023577184678664067,4.973586737849284,0.5797053720081842,6.285714285714286,0.5942603755502697
1.0,0.2,5,0.034307119680766184,0.03416766165838222,11.43122544503901,0.03130777701343969,11.071986293524029,0.6320556581988984,6.0,0.6668811794369434
1.0,0.2,6,0.0009217502628038516,0.0010763709341067335,-0.6652473668819235,0.0008473520578566416,0.36785909869918026,0.5560085759589122,5.535714285714286,0.55067100511536
1.0,0.2,7,0.023229367285179072,0.025900317698891624,4.234144586663244,0.020732704388735625,7.090016593514046,0.5764985455120025,6.642857142857143,0.6426491657908331
1.0,0.2,8,0.006412628663145073,0.005726916452086024,4.22706417232672,0.00598608857552837,3.2233196717701467,0.6231262972026244,6.928571428571429,0.6185198386501193
1.0,0.2,9,0.0008893627466585644,0.001331596048249858,-0.43847681777237807,0.0007983951489481685,1.1477062938577849,0.5337662169765861,5.392857142857143,0.5276975222683694
1.0,0.2,10,0.003287112742677917,0.0019994005051519994,1.2897497688538806,0.0031694231280033134,2.3789185204759917,0.5827406499058948,6.714285714285714,0.6031734314474109
1.0,0.2,11,0.01582306490231674,0.012718024036835139,7.524095164073297,0.01116943786710983,-6.128364506738781,0.6137031515130983,6.214285714285714,0.6190198733491861
1.0,0.2,12,0.004975191930864281,0.004615220765285023,1.8863612040575883,0.00472867306365034,3.402410324954038,0.6037871980642571,7.142857142857143,0.6135643723712829
1.0,0.2,13,0.0004043001241180979,0.0005707017290192896,1.385417024568672,0.000279168082740271,-0.4806185241900778,0.6000796860613568,6.785714285714286,0.6093123825838678
1.0,0.2,14,0.0009906946217953614,0.0009525942639248702,1.0356671566920757,0.0007053172026552416,-0.3154003140980232,0.5730874343222003,5.321428571428571,0.580613038236048
1.0,0.2,15,0.017790920354726462,0.014074228011037918,5.485035598192316,0.014224180127683133,-3.682917807964581,0.6437247070804889,5.892857142857143,0.6535064758506842
1.0,0.2,16,0.012864976751294048,0.013515129037073428,-0.06420277301661297,0.012101657111581956,3.541500423321897,0.5849316628083098,5.964285714285714,0.6039345326806694
1.0,0.2,17,0.009405541895622984,0.0075046979339616505,-1.5418271061822775,0.008292815393263002,-1.4043148845208293,0.7158243207903402,6.964285714285714,0.7312064043468186
1.0,0.2,18,0.004219108734494302,0.004506211981660258,1.3535277804376922,0.003939852868536654,2.947645999688357,0.5812607649909013,7.071428571428571,0.5991861392871887
1.0,0.2,19,0.002625442008604295,0.003067403658848005,2.677369642365998,0.002413924901038358,-1.6772742068335067,0.5723258903005687,5.535714285714286,0.5965539086727103
1.0,0.2,20,0.013064676496736633,0.014667483708048143,3.3629683987898034,0.01273418383623341,6.925210723786203,0.6114873745280704,7.107142857142857,0.6076888615583481
1.0,0.2,21,0.002304865861241647,0.001653481647942153,1.3744341657651375,0.001211487091840479,-0.4235141684587423,0.5871876613792645,6.285714285714286,0.6081135887967524
1.0,0.2,22,0.01561057758933727,0.014173159469335596,5.942572067690169,0.015097406710607286,12.554038659945851,0.7389901432510514,6.5,0.7720673755240826
1.0,0.2,23,0.0069767765749677935,0.007588465121191518,2.948323609571427,0.005771827151199188,0.26494174962729744,0.6019171758660217,7.107142857142857,0.6184924897806735
1.0,0.2,24,0.004352524257199954,0.004104647831560435,0.7661990839307293,0.0031174423548091957,-1.990365569184102,0.569168546775394,6.071428571428571,0.5878250226172586
1.0,0.2,25,0.0053037303990007365,0.005152376448303727,0.558801444516746,0.004710203728559771,-1.2958367127960742,0.642854314268603,6.857142857142857,0.6368522817202515
1.0,0.2,26,0.002675914203220927,0.0021831742973234133,0.17914681753520276,0.0016440464142626133,-2.574968857128558,0.5944952301872447,6.035714285714286,0.5975727471000405
1.0,0.2,27,0.002262068056885373,0.0018186169965345288,2.9449893378652234,0.0019071596540175416,-0.7953517837783389,0.5684349308952706,6.75,0.5848660338663998
1.0,0.2,28,0.003892905091390234,0.003849612145896098,7.276893802187364,0.002993842788097899,1.4305155568564203,0.6191481364946678,6.642857142857143,0.6105419652232722
1.0,0.2,29,0.013941468625424646,0.011980687415819922,5.160131108912755,0.012218892720833452,3.9105211347664315,0.6487664934286228,6.964285714285714,0.6598948056264098
1.0,0.2,30,0.0050571623970008485,0.003628695606922518,-2.082481256401801,0.0038323662782000817,-2.0110699766137636,0.5696636629943292,5.928571428571429,0.5882619406720543
1.0,0.2,31,0.003294640191040289,0.001879488471493436,3.3167065807879794,0.002452052924662744,1.245713146797139,0.577242971457473,6.178571428571429,0.5774003054875758
1.0,0.2,32,0.004208575321371703,0.005008050123095983,0.5462468906912553,0.0039649855813810725,-0.5096701266964866,0.5860936681200707,6.178571428571429,0.6046338550407625
1.0,0.2,33,0.0034324055982842437,0.0018732158466566232,2.18880489443769,0.0024683857178780383,0.7082275770280452,0.5939604885863865,5.821428571428571,0.6152929738083881
1.0,0.2,34,0.007901331214833104,0.008073787291130397,7.521576649216314,0.007402040435022071,7.445054669484307,0.686034902200707,6.25,0.6929781164133546
1.0,0.2,35,0.01445951991199635,0.015091837317085311,10.259464377772096,0.014414647997283099,11.575360218436211,0.6970466270580209,6.357142857142857,0.7168043830772739
1.0,0.2,36,0.008396702969895316,0.004927125413054902,4.195892853853252,0.005125731345508204,-4.2691450781642475,0.6005904938122198,6.357142857142857,0.6143271533622455
1.0,0.2,37,0.02956770343371541,0.028029862050770547,10.812313696734615,0.02815922489814409,14.493851088060618,0.6995644467629027,6.892857142857143,0.7418562593009981
1.0,0.2,38,0.001794399394681908,0.0017543129984984923,0.7299717653916957,0.0012821924861182424,0.496128819770244,0.5988369100729535,6.857142857142857,0.6042799793788116
1.0,0.2,39,0.00397859773380881,0.003474627249315577,2.066485095283904,0.0032719290731437253,-1.3696822091998702,0.6485428087361313,7.142857142857143,0.6399115127781708
1.0,0.2,40,0.026072869137890902,0.026784772990586538,5.753846861310147,0.025199449817438872,8.607496534024847,0.7106115393962388,5.928571428571429,0.7493065982828924
1.0,0.2,41,0.017987074670179005,0.019174758560907165,2.406028015375796,0.01752408922870462,8.59448511480494,0.6913710555995983,6.571428571428571,0.7101357651088385
1.0,0.2,42,0.002406571167210913,0.00290736885997966,3.5643209345432276,0.0022866290805026003,-1.5144700164385654,0.5859375018319666,6.357142857142857,0.5892382721768841
1.0,0.2,43,0.02896675800036608,0.030412853890511755,9.811876736448832,0.028504357595404962,20.461142551107173,0.7119414496323865,7.214285714285714,0.7560111550194522
1.0,0.2,44,0.011188211234169038,0.013364331221927234,0.6384850212836474,0.009511116906527417,-0.7209815636193374,0.5572926980851836,6.035714285714286,0.5510285420456003
1.0,0.2,45,0.0008540565646307361,0.00040952998455148564,0.9184188050085424,0.0003255500821416162,-1.7046978597048412,0.5307709013356907,6.071428571428571,0.5372902664714816
1.0,0.2,46,0.013099261360949067,0.01494662871903033,7.768322844563319,0.012753138895397089,7.092425417970844,0.6670552964023686,6.5,0.6824956538406823
1.0,0.2,47,0.0059805052383572165,0.00461983999108987,4.351288944371305,0.005101588875460029,-1.1290621287708689,0.5912509672394923,6.428571428571429,0.6070816744112465
1.0,0.2,48,0.0015010608814409604,0.001687582863862139,-0.5155981292317809,0.0013932750095578513,-1.7846937514234185,0.630629343610331,6.892857142857143,0.6286874623252099
1.0,0.2,49,0.005448044353334065,0.0036693566313231664,1.589748534203295,0.004639681533101001,3.0204022322522994,0.6046761476178283,6.714285714285714,0.6020564428663284
1.0,0.2,50,0.02343262424431759,0.024013506558253996,3.851739297741043,0.022492198320978367,10.847576786682879,0.702662742287534,6.178571428571429,0.7300402300461368
1.0,0.2,51,0.010029192808764392,0.00809114351716477,-0.9961721717691603,0.009274118018039028,-0.43268410985858924,0.5927146837569236,5.535714285714286,0.6108693771575614
1.0,0.2,52,0.011918647477886854,0.007949590051247497,5.3959112407641685,0.007835614852864726,-7.911511671857899,0.6433247519684949,6.357142857142857,0.6603284848669497
1.0,0.2,53,0.005678459801859383,0.004788903510345037,4.1683160786122455,0.00459049856240149,3.3269718048969708,0.5858633492202493,6.178571428571429,0.5732136753741802
1.0,0.2,54,0.006405178325673511,0.005568172396669177,2.8765594038933577,0.00525670356550775,-1.0720250273822671,0.6234316534304767,6.464285714285714,0.6214381309957637
1.0,0.2,55,0.001651625322657444,0.0018819784649855384,0.8120767339685718,0.0014300704467288135,1.0631854416100452,0.6251018162274836,6.107142857142857,0.6406081897713408
1.0,0.2,56,0.0034336403881690346,0.004557641201463884,1.3880419163059514,0.0031050758910844633,0.8333865526337642,0.5834078127306556,6.464285714285714,0.5940514418554814
1.0,0.2,57,0.00284185880649715,0.0035249021935597523,1.5862784716591989,0.0027501919918348685,3.7415703881843854,0.6276660228897307,7.071428571428571,0.643103957674612
1.0,0.2,58,0.0339432591612587,0.033481992195293714,14.859336136197735,0.03326134177071682,23.601489818695967,0.6564814820173426,6.571428571428571,0.6987110489900278
1.0,0.2,59,0.004792728324350773,0.006111405045371461,0.06953749725965015,0.004645951382692535,-1.3950248785505626,0.5888419646042128,6.607142857142857,0.5924028351071231
1.0,0.2,60,0.019888478939546102,0.019212483142577817,5.927463082449161,0.01862873360127687,8.659588915788609,0.6356826501835272,6.357142857142857,0.6578558412927906
1.0,0.2,61,0.009961412667651623,0.006343964476339217,8.028210189009778,0.006826501050620307,-0.5139501135264197,0.628639905466641,6.071428571428571,0.6213338653169569
1.0,0.2,62,0.016025627996362,0.012877062055187538,4.290964057957126,0.014056691614335986,3.985695802838279,0.5931980505337576,5.071428571428571,0.6339563794383757
1.0,0.2,63,0.0015164776623437185,0.0010436602477307893,2.12603390780698,0.0013633323807092793,2.645984755732665,0.4955670801990238,6.071428571428571,0.5245292880114119
1.0,0.2,64,0.02164118774431609,0.01827574341463519,8.920912263460432,0.018585319496958293,-1.0553594554340389,0.6872204416915937,7.107142857142857,0.6977853415601966
1.0,0.2,65,0.001115636388931285,0.001171852309975731,-4.548581926403585,0.0008575044117856343,-0.6544290153929353,0.5761300153207103,5.357142857142857,0.5987814786153693
1.0,0.2,66,0.003179273136234675,0.003173731766756975,-3.7260772218957166,0.002645794567246988,-1.3697039215050495,0.6259365375243043,7.0,0.6400534070412356
1.0,0.2,67,0.008920603803317084,0.009814926271384002,5.770888928673817,0.007454377382501507,-0.21489577945700944,0.5807478539171849,6.071428571428571,0.589098067729953
1.0,0.2,68,0.01652806264223096,0.019031327299109464,0.40470619471241775,0.01622155068253447,4.9746382210391005,0.7138810140443254,6.25,0.7461204700800929
1.0,0.2,69,0.004619490222353499,0.005627150995744065,7.237896326571113,0.00455156253975391,8.0999669546952,0.5403920364051381,6.107142857142857,0.5461818275050678
1.0,0.2,70,0.02072957749832409,0.02288741316150423,9.537567042144351,0.01790972382141403,8.766060354466788,0.6885703514013183,6.392857142857143,0.7197604247083285
1.0,0.2,71,0.003472998655848858,0.003653814735335148,0.54166669867188,0.0034236695292037163,0.9120456948029604,0.6758474710669622,6.0,0.6889531554351571
1.0,0.2,72,0.01814317888882259,0.018237274680960612,4.378296146836874,0.017733808216628684,5.0516983575212935,0.582489520970304,7.642857142857143,0.5975538171359738
1.0,0.2,73,0.007374830722579765,0.005125776113290439,6.289282123790325,0.0053606148093330395,-3.3033933192621987,0.5648819095264673,6.392857142857143,0.580531172679439
1.0,0.2,74,0.011013146167192492,0.011592539003121637,3.2985483727482197,0.00972819680831579,3.02717194144959,0.6597114879661985,7.142857142857143,0.6834491325939929
1.0,0.2,75,0.03633009959172099,0.035087870274478745,9.433413558441003,0.03339417994351912,7.834943604887513,0.7014547478586263,7.0,0.7435518590313539
1.0,0.2,76,0.012710493039968048,0.009345607933123853,9.4316991423507,0.008524420895098377,-4.650983373535685,0.6732677595494339,6.821428571428571,0.6881725710242168
1.0,0.2,77,0.0036271071627534536,0.004010573417834755,6.9445872675361215,0.0030059993703666498,3.266922032763906,0.6465868868863331,6.428571428571429,0.6639371073368341
1.0,0.2,78,0.001185033281661636,0.0010840950181990354,5.79700977265378,0.0008785304561505235,0.1684338384165187,0.5882737399047351,6.285714285714286,0.5819115714087557
1.0,0.2,79,0.050333822649849244,0.054161434565433195,13.695524011403364,0.049451096181551246,21.68856931810406,0.6785769990315785,7.107142857142857,0.7341884269009253
1.0,0.2,80,0.020536978290907098,0.02218881421831705,4.160047865430006,0.020166768339678575,6.18871671318873,0.58142196532856,6.392857142857143,0.592949359866719
1.0,0.2,81,0.0015656382017132714,0.0017233456213068873,1.191445247359752,0.0013024564450724808,1.4907183518688119,0.5678652380034209,6.357142857142857,0.5708969173383338
1.0,0.2,82,0.016790982068994438,0.01918391664651201,4.428420023516973,0.016493348081004843,5.42326394937993,0.5880008128532114,6.892857142857143,0.6253709064688229
1.0,0.2,83,0.01519700570455217,0.014642935472364957,4.431164400984045,0.014881680519169617,10.04409640945974,0.6392532772458903,6.785714285714286,0.6543265697721737
1.0,0.2,84,0.01872235674198276,0.019193045311082933,4.516037391967719,0.01732520552385647,5.52591803098763,0.6294599612058779,6.714285714285714,0.6657149146103972
1.0,0.2,85,0.004513048281449211,0.004005331362711019,3.7930121885855974,0.003694228113231892,4.711102734261165,0.595077171558333,6.321428571428571,0.6332465862533126
1.0,0.2,86,0.016017883796997433,0.017798547262275977,4.544317115291146,0.015641321417899423,6.198185984566,0.7036348316789433,6.678571428571429,0.7199352804444252
1.0,0.2,87,0.0016284810352005222,0.001354902529760788,-1.4962758173257669,0.0012299330973724117,0.362294376518643,0.5377207820083733,5.964285714285714,0.5607085632403204
1.0,0.2,88,0.0034174868116692196,0.0022180908819286467,-0.46206762902009285,0.0027628826577175123,1.817908904445223,0.5993047648165142,7.178571428571429,0.596533309009369
1.0,0.2,89,0.005107818215689203,0.0019168346180138461,1.8175687628316173,0.0025876753424793745,3.1108394115333433,0.5959634523725227,5.714285714285714,0.6200073194184652
1.0,0.2,90,0.005095356208799104,0.005093552980538914,5.6671085361566895,0.004821873189970012,4.352705464790962,0.5693115061465425,6.142857142857143,0.5762984447842596
1.0,0.2,91,0.003618373541562529,0.0038900120879893528,-0.07341864375806988,0.0035602835435620565,-0.22961035245420666,0.5910372095934022,5.428571428571429,0.5932272742700987
1.0,0.2,92,0.0017617979033840167,0.0009985705393875844,2.543166005224947,0.0011676690046133972,3.5149173694778426,0.6556865363401304,7.392857142857143,0.6717822396713398
1.0,0.2,93,0.06188614595199308,0.0680834625110941,9.89336034976958,0.06146703120392928,19.39193114054805,0.6706446870163554,6.392857142857143,0.7250418444491962
1.0,0.2,94,0.013158343224511869,0.013707925543188252,9.383835925492482,0.01045192568943873,2.879461131228633,0.5838704438996701,6.214285714285714,0.591821749584226
1.0,0.2,95,0.014540983370571536,0.016813583264728277,6.892624115934173,0.014400077584718915,11.911912979904352,0.6939533460012192,6.928571428571429,0.7196618118668253
1.0,0.2,96,0.007606367559504987,0.009228010758026981,1.9172447109296702,0.007555339750929662,4.6769386234687715,0.6418916097916884,6.678571428571429,0.6598941618869304
1.0,0.2,97,0.003955743522794196,0.004241120819944501,2.1056964896453962,0.003723300817827691,4.309522396683273,0.6012754335372605,6.321428571428571,0.5918283579723194
1.0,0.2,98,0.016033956896295495,0.011505680471876046,4.947054228986929,0.013088185388754012,-0.05822698277370364,0.7032411179383651,8.035714285714286,0.725438327617941
1.0,0.2,99,0.0018913168796657772,0.002737552721603592,4.8870940658215245,0.0018299397384654605,4.7968216229937,0.5289254248159072,5.75,0.5160732469109395
1.0,0.2,100,0.004472298724635469,0.007876864599952373,2.515798801277915,0.004236366355009271,5.333835679711901,0.5810619493240237,6.392857142857143,0.5977411553829136
1.0,0.2,101,0.006232357718801585,0.006796990776122632,3.675599031045531,0.005686601770516399,3.708968915541552,0.6096087094345978,6.5,0.6361122830718027
1.0,0.2,102,0.03561040053428271,0.03800081613159237,7.956736466973392,0.03465296533696106,15.597137126717806,0.7367810964338727,7.678571428571429,0.7642512416414389
1.0,0.2,103,0.0017053321703792326,0.0018561054987442525,0.2247855490210687,0.0011176251751936475,0.13602370642826145,0.5896884506923284,6.25,0.6171480599947694
1.0,0.2,104,0.02042791744855755,0.01866224175248835,10.119740737564703,0.01863152424230259,12.579249156968606,0.7085539583268299,7.5,0.7318935459489497
1.0,0.2,105,0.006762381303764785,0.00848710652784896,-3.327252739549124,0.0066672891754269055,1.253788352857536,0.5916254976704799,6.321428571428571,0.5995571444543496
1.0,0.2,106,0.021014927134402946,0.02376552329936486,2.450260026857601,0.020684931301458532,9.036187477166607,0.6508831308771753,5.428571428571429,0.6714225502372153
1.0,0.2,107,0.0026050836365024226,0.0027052374966317506,-1.1284942729393965,0.0025282217337423665,1.5921808380173275,0.6137730200521954,6.928571428571429,0.632306163341319
1.0,0.2,108,0.012261725970453283,0.0124335928228247,9.799417206988844,0.011637691259001447,9.845188747815959,0.6973295213344307,8.035714285714286,0.7291704977757267
1.0,0.2,109,0.011772255240027221,0.006975909046404959,8.288912290958214,0.00833144073118982,-2.401783718205195,0.6767559988727764,6.964285714285714,0.6797805518266583
1.0,0.2,110,0.016560632553854496,0.0157429092592367,11.396605109578852,0.015640789367267843,13.399972708970912,0.6383126740402437,7.892857142857143,0.6439434241310602
1.0,0.2,111,0.0009631655438002458,0.0012249752477583116,2.2539952961408667,0.0006041983633051176,1.3754243094583007,0.5344665894845971,5.535714285714286,0.528558191893921
1.0,0.2,112,0.020930891870047263,0.02283348776581652,4.875769962325762,0.020909040828510788,10.546434440122388,0.6938677459859096,5.785714285714286,0.7310607381727418
1.0,0.2,113,0.005232670183297037,0.0061529863705425,3.828717517284313,0.0050283945377492525,5.57813655874087,0.5324658433512831,6.321428571428571,0.5380559241732428
1.0,0.2,114,0.0036180913862415886,0.0011457865464873005,3.485420207409154,0.0007690523684796254,-3.2734654604547395,0.6648662872622777,6.285714285714286,0.6759552104376563
1.0,0.2,115,0.00718389035608059,0.004554740079990585,4.5270682522441446,0.005468078573832015,-3.424267530377989,0.691039293165944,7.642857142857143,0.7023875960334202
1.0,0.2,116,0.0010212343573871188,0.0007213838440730636,0.45874546097580077,0.0005957669408885924,-2.7236153392496667,0.5628739048356057,5.607142857142857,0.5774758040583962
1.0,0.2,117,0.024800015876822134,0.024204172927888117,8.20371144385937,0.023590841382404176,13.003581035098497,0.6493757976890108,6.535714285714286,0.6815102999247111
1.0,0.2,118,0.001976622334056252,0.0018692789954599307,1.7778345558003348,0.001808457165362823,1.3573229167511631,0.5994091484708457,6.392857142857143,0.6173296951122587
1.0,0.2,119,0.0045210689773466425,0.0011092261767789626,-2.0694748704320602,0.001360607718717345,-3.4678954785539324,0.6283998413900095,5.392857142857143,0.6167619370082713
1.0,0.2,120,0.012292512519618862,0.008687278023987086,8.821960428085239,0.00887144016833595,-7.211064456999234,0.7156297441694633,7.178571428571429,0.7177240755663445
1.0,0.2,121,0.007835549430906263,0.0034296902350479845,3.679876168482442,0.0033334154651975985,-3.8107465085685894,0.5699033987677886,5.964285714285714,0.566373088438876
1.0,0.2,122,0.003483257521431588,0.00354919480954225,-1.3900106550826858,0.003263301085162566,0.9275353470742687,0.6035145963224391,6.321428571428571,0.6133483072500743
1.0,0.2,123,0.019381360943063496,0.01940452135992319,6.673150070905554,0.019070745584990174,15.44146280608991,0.693799072753043,6.178571428571429,0.7120698602578888
1.0,0.2,124,0.0025776938186781472,0.0018517602353198938,-0.6367656400968448,0.0012582731397156796,-3.3365107255656596,0.6022500512562506,6.5,0.6117610870961361
1.0,0.2,125,0.008999761671740946,0.005299338590284642,3.544302081906087,0.005798100694870648,-5.18846694548058,0.6685526101690377,7.107142857142857,0.6609587862847341
1.0,0.2,126,0.009701367846055355,0.006600835508756531,5.34313893213248,0.00614452118405947,-1.368653732703147,0.6839711365351119,7.464285714285714,0.6955559812171103
1.0,0.2,127,0.010029958144208826,0.008393302590887887,3.387315328463984,0.009572130354704403,3.9912049163189636,0.6828133987709052,6.428571428571429,0.6936892071358058
1.0,0.2,128,0.001030396770168831,0.0005498071738822717,1.7192461441766131,0.0005507638411130007,-1.7969746305738852,0.5824428737176666,5.785714285714286,0.6055244686105363
1.0,0.2,129,0.003510631325389046,0.002848968547674126,2.6523939115724318,0.0031717270738315134,-0.26209531381412415,0.578602083544511,6.142857142857143,0.5876776263933307
1.0,0.2,130,0.023299694524982546,0.0231245120063522,-1.6777427652646206,0.022754979819935777,6.817106487207421,0.6863446199100666,6.285714285714286,0.7075190546508716
1.0,0.2,131,0.0030639374072040544,0.002924393142417412,0.07350177247339691,0.002360730123754142,-1.1877381724060758,0.5989151257604853,6.392857142857143,0.6311059613740923
1.0,0.2,132,0.013354950723368042,0.013483959778326155,2.8616828449906393,0.012325472899111924,0.44623868343463374,0.6385854628775004,6.75,0.649044737635702
1.0,0.2,133,0.008894682836917694,0.009574952180313491,2.6295411445393597,0.008651803622061676,4.745910373951659,0.691369749530475,6.714285714285714,0.7034850310278155
1.0,0.2,134,0.008322898163893182,0.005242261312263997,-0.349693769436404,0.006593590468509347,-3.114877890280989,0.7341216230414451,7.035714285714286,0.7458806871824394
1.0,0.2,135,0.0015170093016283646,0.001600177090193603,0.8915506821760459,0.001139942945255299,-0.13200102394425053,0.5892479619013627,5.857142857142857,0.5971201580122926
1.0,0.2,136,0.002100912881597714,0.0023445808692226216,2.9941697841566586,0.0011524380681707989,0.49935654745774133,0.6189879302264435,6.464285714285714,0.6256440028845363
1.0,0.2,137,0.0029341515926573267,0.0028641606364158997,2.769077582764197,0.002206798917363908,0.11668099706468145,0.5324822664615252,5.285714285714286,0.5227261938464229
1.0,0.2,138,0.005506127176058075,0.0028534231851580927,3.5667286293704024,0.003642906971365711,-3.4204056110654997,0.6442071550045595,6.821428571428571,0.6555858448950662
1.0,0.2,139,0.01978458259451763,0.021719751027915516,1.8933842373064067,0.019657572826736455,9.632207818176454,0.5796963954871792,7.392857142857143,0.6039022048886873
1.0,0.2,140,0.004127986808813782,0.004010921481263666,1.429213525334139,0.0030323846075957193,-4.75890638137048,0.6013942543682868,6.392857142857143,0.6237923767978569
1.0,0.2,141,0.002157642359886842,0.0011543533492143108,4.691186876030447,0.0012846667547185644,1.804477271281807,0.5614575870439859,6.285714285714286,0.5628287594494983
1.0,0.2,142,0.0015876272537825747,0.0017203936619475063,3.480408676479925,0.0015430783606068085,1.6383823698449096,0.617503609068948,5.892857142857143,0.6279081553347992
1.0,0.2,143,0.019402213604676907,0.023230822115697984,6.596415330006749,0.01786045961990704,2.955951144089435,0.5915299737147446,5.75,0.585373008881729
1.0,0.2,144,0.001212270413631031,0.0010521811375149481,-1.0286768240052406,0.0009578844568563379,-2.10012211458231,0.6330168737423342,6.142857142857143,0.6382625942185023
1.0,0.2,145,0.016064143502225493,0.016673294662784322,5.300517814326308,0.015230511918806248,5.465778399682364,0.6333876895995181,7.357142857142857,0.6468212212400775
1.0,0.2,146,0.022648416040051876,0.021205166588747625,9.499946787972789,0.0207714039657365,2.354528630045877,0.6496726786778143,5.821428571428571,0.7090601267308791
1.0,0.2,147,0.004528149169803285,0.0032538703350879286,3.268121255117819,0.0031743063063137565,-4.044617732321323,0.6409384877546186,7.607142857142857,0.6349886257520505
1.0,0.2,148,0.005203461192370358,0.005252584659538111,5.1005395012990205,0.004884015212073662,2.4733729265104123,0.5962262299704297,6.642857142857143,0.5983939072150426
1.0,0.2,149,0.023673227351722365,0.021703261580294744,8.260934679375339,0.02147222945307691,6.173076097405082,0.6809913231870449,6.642857142857143,0.7036522624744528
1.0,0.2,150,0.001585143076979379,0.001883872818625514,0.9491470170062826,0.0014642697721231977,1.1776129729045597,0.5781874323222843,6.5,0.5834650555906005
1.0,0.2,151,0.009242512726569748,0.012429453857328411,3.2885821535126922,0.008780419235374318,6.208954378217243,0.5584699594577289,6.607142857142857,0.5783373387088732
1.0,0.2,152,0.013892058564507533,0.01286278931025883,2.0196386196038154,0.013808996522529374,8.096487631437299,0.5687009672567387,5.964285714285714,0.5791489936081247
1.0,0.2,153,0.001672565942596868,0.0010919656979184985,-1.5294850429722733,0.0015442492762272437,-0.19201700455400328,0.5924381069006227,6.285714285714286,0.5877431369437909
1.0,0.2,154,0.00430781178242742,0.0030403375530119923,2.9245008284524467,0.0026121604388092885,-0.11408098954996149,0.6396282666698717,6.464285714285714,0.6412653874292495
1.0,0.2,155,0.01385217592282769,0.014106709865592688,12.813473109165463,0.01367015681377975,13.785078799908197,0.7406877304110312,7.571428571428571,0.751506034798615
1.0,0.2,156,0.02565908443943304,0.026671996381726678,3.900321674119984,0.02516478171692389,11.050667603652954,0.6205652120230832,6.25,0.6464532034264383
1.0,0.2,157,0.0026315167207242546,0.0020824770316248344,3.084975249756686,0.0017987226724222036,2.8574281182405152,0.5928860682797094,6.892857142857143,0.5894342908483667
1.0,0.2,158,0.03976643740764727,0.042808929498699765,6.772994631027832,0.03862594536685377,13.240825537098905,0.670402970365855,6.785714285714286,0.7285491785353659
1.0,0.2,159,0.05874511999384085,0.0566436237127665,18.314171762835354,0.05496129688767889,19.609305276214062,0.664098916983038,5.857142857142857,0.720574634448639
1.0,0.2,160,0.0054277107294121415,0.0016083187778697802,3.796560359025591,0.002288476157422592,-3.925315970254578,0.6948362265587976,7.714285714285714,0.6892968016744428
1.0,0.2,161,0.03883248709694104,0.040845734499903155,6.565640743787725,0.03826745804301717,17.012511294814185,0.7076659078246287,7.892857142857143,0.7570130349348715
1.0,0.2,162,0.03333759927626485,0.031908649098099054,8.7449144329721,0.03248354950836583,17.118934399528484,0.6867598202898135,7.821428571428571,0.7280031064050917
1.0,0.2,163,0.014632297211337892,0.012798640425919695,6.714496993717053,0.014327826972024359,10.699675409891398,0.7056269307511146,6.857142857142857,0.7154345054650741
1.0,0.2,164,0.0008989168112689716,0.0004636115705614831,0.9570003495604548,0.0006040014868021135,2.735613992173436,0.5321553509144091,5.107142857142857,0.5611000775449582
1.0,0.2,165,0.020943187440461954,0.0197116416826194,2.0795574031967874,0.01702180067316638,-3.7273747221058215,0.6598189853418571,6.464285714285714,0.6737279824815957
1.0,0.2,166,0.008881282146193907,0.006959435682552831,5.6955767839591545,0.0066908771877861066,2.19933727645495,0.6971290631917723,7.642857142857143,0.7043932367905501
1.0,0.2,167,0.005149008302501969,0.004591655736448047,4.551040776116603,0.004251673755793565,-0.4568868271814684,0.6515747890414125,7.535714285714286,0.6386025087804934
1.0,0.2,168,0.0006392387184605622,0.0003638326034987278,-1.456269053688904,0.0003369633101721414,-0.21184077592335862,0.5523808912879778,5.607142857142857,0.5665452183406146
1.0,0.2,169,0.004350532686563642,0.002087241855769381,4.25773109141421,0.002452700876234808,-3.8778621436349376,0.6433789034921061,6.285714285714286,0.6562199685160097
1.0,0.2,170,0.01333694217896628,0.010375156554245858,6.307026037062012,0.011388322208059128,1.976214916591573,0.6595307062423795,7.571428571428571,0.6661718690564898
1.0,0.2,171,0.032826205241893,0.03416234436227729,6.918964996188237,0.031294699083112984,12.984791016448838,0.6855700101518879,6.321428571428571,0.7205218478113268
1.0,0.2,172,0.010626593084027205,0.007762435143444037,3.9860790101496946,0.007278629923493835,3.6003296725793064,0.6635843453589195,6.035714285714286,0.6818404578102173
1.0,0.2,173,0.0009921316906803706,0.0006605434338165217,0.9778842849565024,0.000480084908956594,0.23458170808986742,0.5781823624335785,6.392857142857143,0.5723369424369313
1.0,0.2,174,0.007800729385405064,0.0058346826363982664,6.889474462094256,0.006474511204062168,-1.0132050715836176,0.6628997210673014,6.214285714285714,0.6751385464405806
1.0,0.2,175,0.003824407794608965,0.0037019479914392793,-0.6485448947090143,0.0034902130484528748,1.2094366857601717,0.583261948206694,6.357142857142857,0.5734282417894134
1.0,0.2,176,0.004442774494561877,0.004402919521902372,0.21882445314494703,0.004058461881275229,1.8421123725842676,0.5972313136211493,6.678571428571429,0.6119341826070936
1.0,0.2,177,0.004801919757477181,0.0050175258634964056,1.1739263370219533,0.004432659519564504,2.487731707436135,0.5901869810277434,7.428571428571429,0.6098900381823511
1.0,0.2,178,0.01974917653284667,0.02074785125875629,5.6138026741313825,0.018774283052073102,10.909217933050352,0.7060752560035457,7.071428571428571,0.7391755872906937
1.0,0.2,179,0.002144414671529193,0.0016522911174731317,1.915789164023361,0.0017570565251399978,0.8217617046322516,0.6146537265550026,5.428571428571429,0.6162114995196522
1.0,0.2,180,0.003590680397073842,0.0034428967827593695,2.8301221499585174,0.003255321602938582,1.0628396438548198,0.5781514767032269,6.321428571428571,0.5979358061080023
1.0,0.2,181,0.0024113341210324525,0.003880663163863456,-1.077801541070026,0.0021475801672888547,0.0040883002921248135,0.52445153905666,5.678571428571429,0.5339543079048477
1.0,0.2,182,0.02320569626088245,0.026903420406119396,2.930014773520554,0.02213213020340947,6.646783837753428,0.7017753717630464,6.964285714285714,0.7243386495937971
1.0,0.2,183,0.0017058621339741148,0.002031042914500609,0.9171348727072655,0.001655019917836725,1.6933055025007964,0.6218909777620664,6.392857142857143,0.6248908779857649
1.0,0.2,184,0.0032729566318007333,0.0026727323449149184,-0.8282346144249763,0.002977236089674446,2.635717955795021,0.6508135868732368,6.678571428571429,0.6613031064387873
1.0,0.2,185,0.005070690699488519,0.004834864232606027,-0.5920329933392073,0.004556238782169689,1.712354381923414,0.5661301049618188,6.25,0.5824482489660021
1.0,0.2,186,0.0019342806568405035,0.0005597146617829438,-1.1523839927790316,0.0011382259555717316,0.5908475915643407,0.5756496689174029,5.428571428571429,0.5721160995617739
1.0,0.2,187,0.02107177098949548,0.020783749901218673,2.9202862328822143,0.020715491714744523,6.387212445323731,0.7283733515943692,7.571428571428571,0.7444904613676322
1.0,0.2,188,0.0552220755440878,0.05693684910881251,7.016101904240391,0.05444042016681193,17.43199026287419,0.6632734290521888,6.107142857142857,0.7192541940167725
1.0,0.2,189,0.0006491108640187387,0.0002339134378342095,2.272857446947531,0.00043815148344674934,0.3055064236434741,0.6030992875845325,6.214285714285714,0.6095385463681599
1.0,0.2,190,0.004246220095179448,0.003152419449419981,0.32887616398954833,0.0032912299030931624,-0.8891950487947232,0.6304667883814149,7.071428571428571,0.6220554268643781
1.0,0.2,191,0.007001783888639388,0.006794354733149831,6.272472106635121,0.006353669882483857,1.7606975864164554,0.6432553786579758,7.321428571428571,0.6662318675876574
1.0,0.2,192,0.006123524850272611,0.006144549568930937,3.030918618569975,0.005579657369418792,2.9684577642533725,0.5565061128206368,5.571428571428571,0.5821665324763223
1.0,0.2,193,0.0062348945969426806,0.005987555126472538,2.378288716737823,0.005926864833181511,6.275236958458966,0.6471676045203439,7.714285714285714,0.6568546151752801
1.0,0.2,194,0.006952807530693968,0.007557321090276813,1.609781845221382,0.006661789349728717,0.5733138968345391,0.5889993450310177,5.75,0.6048991964074348
1.0,0.2,195,0.0023419073235484244,0.0006405432481594747,-0.2437260967498863,0.0006482885076961287,-4.028133460993483,0.5651459299031205,6.607142857142857,0.5828428109747383
1.0,0.2,196,0.0019018223694971343,0.0013910274699742266,0.8604619225676231,0.0009446948198196413,-0.12290582312297715,0.5614578336353964,6.357142857142857,0.5523613040534399
1.0,0.2,197,0.007889678631464572,0.007061812100661471,1.9374272163708401,0.007837621520912191,4.540455146447111,0.5782901204266754,6.75,0.5838664372144466
1.0,0.2,198,0.0027317254394664653,0.0024605687573483965,2.861060251248271,0.0020399599185490077,1.7484938938055261,0.6424967799293817,7.071428571428571,0.6656800420357856
1.0,0.2,199,0.015068672311703871,0.015104782553770114,2.209068942562311,0.014552026789741898,5.725290015745817,0.6098434596826499,5.642857142857143,0.630088601535879
1.0,0.2,200,0.0035116873066528957,0.00401583248735377,1.5885667995044532,0.0033592766504686837,0.5321109469283272,0.5953859906170101,6.892857142857143,0.6199014242741012
1.0,0.2,201,0.01122743412600764,0.009477081724202493,5.751280888787306,0.010469325662685243,8.823382286051421,0.647749189639631,7.178571428571429,0.6608842533231327
1.0,0.2,202,0.009729104377695376,0.011855765205924344,9.092399192458478,0.00933569959040039,6.349014678610786,0.657178568335263,6.75,0.6584022755265222
1.0,0.2,203,0.01819751230771547,0.020399115442007263,12.711434140375133,0.017486037060493717,14.481944588970359,0.6400290797935423,6.0,0.661056423458589
1.0,0.2,204,0.000868793953957324,0.0003439640099863661,1.4621373195017497,0.00033332129116666893,-1.9480572764949027,0.4948593338499428,5.392857142857143,0.5108996434744448
1.0,0.2,205,0.002906771565412319,0.0019025969862112389,4.73998580415244,0.0020248734178983027,-3.22909080782415,0.5974242716939866,7.035714285714286,0.5960492873298526
1.0,0.2,206,0.002197446558207497,0.0025837531342719567,-0.4748457140288072,0.0017847378085445716,1.3218823773417796,0.5432653593286326,5.928571428571429,0.5551162575646115
1.0,0.2,207,0.002844233299920887,0.0023828684364705036,2.753524080320716,0.00266337720221054,1.4310525415705417,0.5707094771398614,5.857142857142857,0.5754751623406611
1.0,0.2,208,0.003468283370891399,0.000498670911483958,5.62042022790817,0.000633511446507326,-4.752025470722032,0.5979087241506832,7.142857142857143,0.607799122061057
1.0,0.2,209,0.004504905324213458,0.003243943629211729,3.4646675572326444,0.003130292827663845,-0.5917177594791477,0.6538858156587072,6.142857142857143,0.6485389796903263
1.0,0.2,210,0.007420539951829634,0.005734107432660283,8.18823864681329,0.005263036989044016,-0.14707268322444142,0.6091639246472997,7.214285714285714,0.6385943513942776
1.0,0.2,211,0.02049906103561773,0.018356686469077878,9.140912329894405,0.0179852086788967,4.1793264362671225,0.6865203616664618,7.535714285714286,0.6998230787654329
1.0,0.2,212,0.02839085382954815,0.024941194573925823,10.071550047340262,0.026765793473777853,14.966285541934733,0.7092760342379083,7.857142857142857,0.7350403356344992
1.0,0.2,213,0.00041628952917919913,0.0002657012026163022,3.9408083808761964,0.0003488945786524637,-2.42922770043315,0.5975983113610074,6.035714285714286,0.6070718674426148
1.0,0.2,214,0.002638471238199385,0.0016193782914884216,2.163989711616788,0.002113205394132386,-2.2556556560693934,0.5482124374512851,5.714285714285714,0.5558362499970517
1.0,0.2,215,0.0015124970395117756,0.0017843686977481012,2.734945310393632,0.0013883206724904402,2.1995324826120566,0.5010850793263011,5.285714285714286,0.5181730748006517
1.0,0.2,216,0.054262044970203586,0.054633546948140585,9.72705878886048,0.05388728568407359,17.391479520174684,0.6779521444859036,7.285714285714286,0.7386102130344662
1.0,0.2,217,0.033716824063008806,0.03175989540726912,14.817758490251029,0.031935287180354766,18.331830091936386,0.7081782245607048,8.0,0.7343542300505927
1.0,0.2,218,0.005304687556497902,0.006139749454474779,-1.0840007422864726,0.004440011921176021,-0.19604647902612746,0.6012958586819767,6.285714285714286,0.6186974805711504
1.0,0.2,219,0.009767484874672201,0.008377275663443364,1.9571762287997956,0.009446548713365026,5.254224156872634,0.6137473919670332,6.75,0.6281814629775291
1.0,0.2,220,0.0031401350762250177,0.002269294089552833,3.2180094756330013,0.0024233952735761622,-2.7176707554883612,0.6213459376498224,6.857142857142857,0.6082569012983576
1.0,0.2,221,0.014606025341710299,0.014438810961200624,10.782339438374882,0.012404415016959944,3.7505424754193277,0.7071383962625283,6.928571428571429,0.7198325134715939
1.0,0.2,222,0.005361145225737863,0.006042652341118662,3.848239155047461,0.00509422882551154,0.485417800962144,0.5805807353344395,5.714285714285714,0.5963155238967386
1.0,0.2,223,0.0035241482971801524,0.00397508009529461,-0.23217223352561214,0.0033632828160942755,-1.9884394924475923,0.5958296137561119,5.964285714285714,0.6179723181060163
1.0,0.2,224,0.005406397246863498,0.004913584774468305,-0.3404725924720253,0.00524816504933344,1.3396930027612086,0.5586828717497313,5.535714285714286,0.5601997877661347
1.0,0.2,225,0.005444883436722336,0.005484229178776316,3.462435335059903,0.004339510906687408,0.7058396225087998,0.5842531698057228,5.892857142857143,0.58434447412849
1.0,0.2,226,0.002652761582219132,0.001573463021728533,3.3161122768065354,0.002168120628929926,1.2320918272964718,0.6117559876527238,6.607142857142857,0.6130986872085007
1.0,0.2,227,0.0051878700706398505,0.005884620894567728,0.3355048109634519,0.004998116735521583,2.4363752082170342,0.5983652267904824,6.75,0.5892801253014757
1.0,0.2,228,0.04157632902812016,0.04239030765746528,3.3053283225706878,0.03997776512401989,13.475712856441959,0.6712756481022041,7.607142857142857,0.7289768730104332
1.0,0.2,229,0.0033709546449010113,0.0029378313333332244,-0.03518139474669132,0.0028985581346031297,-0.1063809427989213,0.5725767669241912,6.25,0.5776296276186889
1.0,0.2,230,0.03321900346966107,0.03401614107723234,3.91026385656725,0.032534162557114485,10.614025309828738,0.6925288076954913,6.464285714285714,0.7235613844645477
1.0,0.2,231,0.016896306593550202,0.020695067072780744,4.947247304357812,0.016657991969084553,12.342511356556798,0.6516951665203532,6.642857142857143,0.6771178240543425
1.0,0.2,232,0.0019889644394409855,0.0018005997242506457,-3.1326617607077005,0.0011255120389164076,-3.089151136123386,0.576727811431715,5.428571428571429,0.5907829954667514
1.0,0.2,233,0.018148577035858156,0.019540507906927233,8.47936639038204,0.016798763342717696,6.55555420189458,0.706979302854027,7.321428571428571,0.7386383464614026
1.0,0.2,234,0.001733337336094605,0.0017464277562956538,1.3407632380442276,0.0014968347695927947,0.09344381032443039,0.5601243631022401,6.321428571428571,0.5626973360114036
1.0,0.2,235,0.0012456981209584645,0.0013371883384193214,-1.394017759620264,0.001217555616813809,-1.910373020014011,0.5534548649378067,5.964285714285714,0.5504539341512148
1.0,0.2,236,0.008906105442368733,0.00833337087319934,5.417216589505169,0.008769204236093807,10.444243205072203,0.6254940216009004,6.142857142857143,0.6387347670682255
1.0,0.2,237,0.002266243256003417,0.003706897419310383,-4.783910789211727,0.0022043565609763034,0.4767798794020261,0.61888332532476,6.214285714285714,0.6225957355146258
1.0,0.2,238,0.00815620758473162,0.007604939258511244,5.834447599442417,0.00732896204621747,3.1224531213082116,0.6008278335453788,7.535714285714286,0.5926171198863343
1.0,0.2,239,0.006315043072741229,0.005422401966732804,5.991678222867677,0.005755236334667986,9.727562604567575,0.7120566035195167,7.571428571428571,0.7249466011815304
1.0,0.2,240,0.0052721839339446245,0.005425408990203601,2.8667072962788893,0.00393853358983377,5.185033573771705,0.6220410375713852,7.321428571428571,0.6518556562478655
1.0,0.2,241,0.04952630015902333,0.04902524769356007,12.11058116587266,0.0484032442017269,18.82415560626276,0.701619985455784,6.75,0.748459457244838
1.0,0.2,242,0.000416298969827972,0.0004229348815280045,2.1412161110135344,0.00019801764556286115,-0.6610563070924703,0.5702173495687981,5.785714285714286,0.5643267009843849
1.0,0.2,243,0.001985323809073013,0.0007901620357828001,0.5285466093963956,0.0009366717735348686,-2.184719096025551,0.5554160754892971,6.142857142857143,0.5705417441389948
1.0,0.2,244,0.0005401608522617996,0.0004836256932682602,-0.6326182021033446,0.00035903661089770023,0.4858707131735495,0.6253281099397905,6.785714285714286,0.6314806177511132
1.0,0.2,245,0.015459507211763894,0.011455318876819671,8.814253363718601,0.012238123626821593,-1.980455398754297,0.5585722618913779,5.535714285714286,0.5739579488551096
1.0,0.2,246,0.00409495903812754,0.006089597516592341,1.1691075456627307,0.004006197235380847,3.5496748779623792,0.5576901016533127,5.75,0.5807377426433264
1.0,0.2,247,0.028174161785699276,0.03214038787586798,3.0288165314607056,0.02729811904457098,9.312350673458733,0.6940304536440877,6.642857142857143,0.7324571298047502
1.0,0.2,248,0.00935936518302947,0.007078013140462306,8.227926334426996,0.0072646208954397435,1.5665200716955308,0.6642749228972714,6.785714285714286,0.671275415532451
1.0,0.2,249,0.005197646539375498,0.0033980876812651074,0.030004848144538226,0.002705533093684776,-5.247274331157532,0.5941033219930097,5.964285714285714,0.6063452364467933
1.0,0.2,250,0.006211989762566403,0.004241183798755915,2.4746910707765344,0.005065414040369462,-2.2412192631316166,0.5590378797120042,6.0,0.5563353291453287
1.0,0.2,251,0.0007023384868844412,0.0005456182273431794,0.9440129404841097,0.00029650674618261893,1.002156731456239,0.5859109968206145,6.571428571428571,0.5841291633894836
1.0,0.2,252,0.0027651915230643485,0.0007835428979156685,5.87961112648541,0.0011132547424967593,-0.9481444351425239,0.5559532051773907,6.464285714285714,0.5467889945353107
1.0,0.2,253,0.01219871166030866,0.013103823607203026,3.837793915489243,0.011932209134160413,6.648388232400227,0.5837379942183271,7.714285714285714,0.5921445547578656
1.0,0.2,254,0.005149905120291788,0.0059884065175575055,3.3545796134541015,0.004545970341651619,-0.5020134089455155,0.5834874157648998,5.928571428571429,0.5893496994573996
1.0,0.2,255,0.011733499726513792,0.009621902316675235,0.5848326684731925,0.010210562930376837,2.087687822748743,0.5735030890631947,7.428571428571429,0.6098579417342445
1.0,0.2,256,0.016175719931572612,0.013961320792271935,3.2073807667646577,0.014811150481987199,1.9298772850056782,0.6390756680397625,7.0,0.6392408569417705
1.0,0.2,257,0.012397141361570387,0.011304910246340477,1.6878268070635158,0.012083139851223855,7.795207630314138,0.5882795322410983,6.214285714285714,0.6228606242519767
1.0,0.2,258,0.002723849285329115,0.0025909534794143654,1.4565213832245831,0.0026133454405913082,0.6531360533726817,0.5649841737893716,5.678571428571429,0.564242974618343
1.0,0.2,259,0.028729793802102086,0.03116216686368922,5.5427440937030115,0.02835563810619833,13.166338138311366,0.6847107466991048,6.75,0.7244717527895961
1.0,0.2,260,0.012200924212622633,0.012740858420952074,3.5245210233661814,0.012091596195622526,10.965128257429674,0.7037193511566129,5.571428571428571,0.7172532203708684
1.0,0.2,261,0.001031485110637088,0.0008566909795455004,0.7402314531858375,0.0004768604918704018,-0.2166654354007278,0.619887898727698,6.678571428571429,0.6265581431205969
1.0,0.2,262,0.026444239684717947,0.027207535777656732,3.4012193720373696,0.026151178433191872,11.996509429800776,0.7044531550982684,6.821428571428571,0.730753764966924
1.0,0.2,263,0.0048754421434382715,0.003421440559427582,1.0300043143064574,0.004345211685073258,2.1948186641759926,0.6247021589758426,7.142857142857143,0.6351775532308301
1.0,0.2,264,0.002094927015470334,0.0022298917653938576,1.407984823871639,0.001997002531895731,-1.108996792490558,0.6046864001815327,6.142857142857143,0.6033659095517566
1.0,0.2,265,0.03456080647317682,0.03658868237749029,5.714382738755177,0.03206489227771035,6.2542358550996555,0.6955470357293833,7.071428571428571,0.7627560359993399
1.0,0.2,266,0.005912596678428455,0.005127740516122099,-1.788674234131662,0.005533702806020024,-0.05806809908092229,0.6270095586120116,5.75,0.6409663000320547
1.0,0.2,267,0.02503237485263036,0.025240595935292823,4.066109240181078,0.024707738912444176,12.17218096020693,0.713839518812514,5.892857142857143,0.7379809878686239
1.0,0.2,268,0.0027698462415348415,0.0020143219364389805,-0.47361983070724517,0.0024524273784605225,2.1167726050252136,0.6193149863842567,6.571428571428571,0.6284975994124993
1.0,0.2,269,0.002729561622042465,0.0024291327050104264,2.853865247837471,0.002480903537610062,3.5845057703697214,0.5846151960424836,5.535714285714286,0.6126294916538698
1.0,0.2,270,0.02264182380542969,0.019786587640797278,9.628402686659598,0.018194600157383105,4.266241211915495,0.6950266016530154,6.785714285714286,0.725664571869668
1.0,0.2,271,0.00872467659558669,0.009648573313035157,-1.3909256921412805,0.008382349358456788,0.5020488606567047,0.5366632691735803,6.0,0.5239159752808263
1.0,0.2,272,0.010961978243122276,0.00964917959641995,5.307991805673784,0.00898583531984085,0.740976655718479,0.6790124426283051,7.107142857142857,0.6884796448143282
1.0,0.2,273,0.0005727975343967328,0.0006224359468396275,1.7674574966417065,0.00039987233836054304,1.7716120992674955,0.562197827349778,5.821428571428571,0.5664560604227151
1.0,0.2,274,0.00666602078598385,0.006298840468366078,-0.6016817043437092,0.005643159331075499,1.8001341591374096,0.6049447344381427,7.75,0.6222204052228374
1.0,0.2,275,0.01605761255965926,0.016453426399704697,0.7997501323387913,0.015516340278032791,1.1889735162624977,0.6184491703983462,7.178571428571429,0.6160306187843653
1.0,0.2,276,0.005508495494303204,0.005223060210730821,-0.8083388766616034,0.004595529782153452,-3.245584510754876,0.573687532873005,5.678571428571429,0.5884410410653433
1.0,0.2,277,0.012852400355942166,0.012160468265603394,4.178501069020854,0.011223178778455425,-2.8895818369416397,0.678842913128637,7.392857142857143,0.6841914647980546
1.0,0.2,278,0.006774446193906654,0.007836555073271688,-0.0937633817737454,0.006093699878771879,1.119090618704443,0.5543304814592963,5.892857142857143,0.576218379686507
1.0,0.2,279,0.012205890061845043,0.01235867022472108,4.799724249210821,0.011645448725923163,3.582974490139255,0.6469569122941035,7.464285714285714,0.6432793867411826
1.0,0.2,280,0.0038104974592577815,0.002137680042831179,1.2324454047135116,0.0025369903694696387,-3.2269759499903614,0.5384242965195652,5.428571428571429,0.552147079624805
1.0,0.2,281,0.002231832093306973,0.0022469154249301947,1.0409505716713834,0.0020426964267814176,2.2927241866946226,0.5382540721224837,6.642857142857143,0.5569157005197407
1.0,0.2,282,0.0004874244037732967,0.0004299873193244801,3.8780302665600836,0.0004265217268922159,1.1547971621798467,0.6016129935800506,6.535714285714286,0.6039912521638635
1.0,0.2,283,0.04571504799723917,0.039452056440029346,9.615752440644608,0.043203253174106726,11.878108981244742,0.6802827983059414,6.428571428571429,0.7412589092978166
1.0,0.2,284,0.00045685710608859436,0.00023108347437253668,0.7767790369713339,0.0002360374320350876,1.4495866842654455,0.5327101186473093,5.464285714285714,0.5343637664474745
1.0,0.2,285,0.0030841375686578277,0.0035429022492156534,0.28109369540945295,0.0029171116127148454,-2.2931574281177896,0.5615730205591037,5.428571428571429,0.5693194438024513
1.0,0.2,286,0.0032508522663830283,0.0031786009130817597,0.4625353638864169,0.00231556017630266,-0.9305237759651467,0.6148240690171256,6.035714285714286,0.6249236986407858
1.0,0.2,287,0.0059257960771999215,0.005030996152941061,-1.080061726917582,0.005779928567376594,0.5914374230185994,0.5209958018974676,5.857142857142857,0.5177095823754712
1.0,0.2,288,0.007529299298885281,0.0077559435430092135,4.515045240915612,0.007156700682997346,1.6318367694437275,0.5965653012141511,7.285714285714286,0.6025250147983385
1.0,0.2,289,0.0008926217021243592,0.000330541822206987,-0.8338497976756875,0.0002289776946415639,-1.7879063735594418,0.5953919314111534,5.857142857142857,0.5924705585120438
1.0,0.2,290,0.0016100017374704163,0.001108153158299177,0.2694010201205496,0.0010783113774082897,1.7162655586929247,0.5986861026138193,5.714285714285714,0.6166252731284769
1.0,0.2,291,0.004008092403521478,0.004689376483630179,1.711331179549063,0.003045340632231554,-3.15628676400911,0.5748290380212041,6.821428571428571,0.5752843539355901
1.0,0.2,292,0.0038093317942914425,0.004096902353562924,2.8498749264390333,0.003755345375230089,3.1621904744584697,0.6104198302516142,5.964285714285714,0.6243567854448653
1.0,0.2,293,0.007174136995356165,0.0061166386992272444,3.3217313450036556,0.005418900370801867,-1.613840069365646,0.5717310140582298,5.357142857142857,0.5897003161882359
1.0,0.2,294,0.011921712493392467,0.010211128067956845,5.396608569181221,0.010571232265608164,5.5695004316199,0.628273118051717,6.5,0.6402921237453763
1.0,0.2,295,0.0005803974169755272,0.0003309152869115183,0.5622017310461729,0.00040298948486634556,2.5381646570475973,0.5454365981724023,6.107142857142857,0.5640131395073325
1.0,0.2,296,0.006501807660633413,0.00401747936455733,3.0105724509628637,0.006074555205960099,6.935494769013208,0.6207867040692813,6.928571428571429,0.6445154470090986
1.0,0.2,297,0.01340684835421191,0.010133820750169185,7.3922826285013725,0.009627913591372963,0.4927351223970599,0.6855116707813653,6.357142857142857,0.6956776580371495
1.0,0.2,298,0.0012777299731126087,0.001149802760498323,0.42663576462032893,0.0008893277653501947,-1.5712485502538887,0.5890323449514597,6.571428571428571,0.599940088977168
1.0,0.2,299,0.0006549870228165951,0.0010834867768316052,3.644122367299957,0.0005584583104950145,-0.6192871834934598,0.5690644998884647,5.642857142857143,0.5772250474143045
1.0,0.3,0,0.008969581956657851,0.010215009245234156,-0.8250095452699687,0.008765577817251315,1.8543682396228007,0.5617659578826796,6.571428571428571,0.5777570176266078
1.0,0.3,1,0.00451013045058819,0.0027180398241881554,2.947652256988931,0.0023308432459550753,0.3365752293856114,0.606979638666546,6.357142857142857,0.6096997326987483
1.0,0.3,2,0.036331447111808385,0.03923987097404098,3.2123353474226426,0.033911590816210806,3.7899763787691163,0.673723002989812,6.5,0.7299254432502132
1.0,0.3,3,0.02957646808029509,0.03046192003820694,5.516775471908431,0.02860743432027046,14.434833010650209,0.6912132762079997,7.428571428571429,0.7387152330954755
1.0,0.3,4,0.009866334627919447,0.012143304073635864,5.0630381456266775,0.009674688401387412,7.859393238850752,0.6198706512399305,6.5,0.6279889345810366
1.0,0.3,5,0.042913293725340494,0.039097056397199306,14.409784801584797,0.040438060653212406,19.485810136234065,0.730745653328449,7.071428571428571,0.794802483653531
1.0,0.3,6,0.017336538272540298,0.013457065776036623,6.685479473691572,0.014675109843371035,2.6312057754710074,0.6796009590539629,7.357142857142857,0.7066142184619746
1.0,0.3,7,0.0043061576493885765,0.0018397911295601331,5.593071515952071,0.0021592838001199964,-8.202909940638866,0.6283010196930995,6.285714285714286,0.6359272884389052
1.0,0.3,8,0.0012366943964043724,0.0002483267035101759,5.170165786162424,0.0003068993282288044,-1.2524025391163225,0.5904317830012598,5.571428571428571,0.5808417367445403
1.0,0.3,9,0.0070905893219597215,0.005329862929010569,3.9437483802381053,0.005397946858261756,-2.1876506487912004,0.6569353400757081,6.142857142857143,0.6528425390451003
1.0,0.3,10,0.0006086316288939732,0.0004837208164700963,2.3793297343437416,0.00028372077873268863,-0.9258250349183186,0.6057725919062625,6.142857142857143,0.604753640876081
1.0,0.3,11,0.025068113206501333,0.025050282827157357,6.090565206631557,0.024467115762313533,15.18373773344419,0.7548412204732989,6.785714285714286,0.7885687318203005
1.0,0.3,12,0.0025570576456566342,0.0018256567642018283,-0.6170481757338658,0.001351566287063275,-1.36977606315556,0.5594864131596847,6.107142857142857,0.5840748076371904
1.0,0.3,13,0.015876855008062064,0.01472599130487931,4.920041724941484,0.01544207719766181,8.261767999771243,0.7586803131029749,7.285714285714286,0.7780006317800069
1.0,0.3,14,0.004134532325675788,0.0041141589533033145,6.773408808661192,0.0028225107367192623,1.7643256711359356,0.5515567383692608,6.178571428571429,0.5539409502100654
1.0,0.3,15,0.030246427178649764,0.032010606308811064,4.627806845713934,0.029304957231548,11.047366082322034,0.7145664991657937,7.071428571428571,0.7418916247386487
1.0,0.3,16,0.01937188272448947,0.021500986495994325,3.965847885075609,0.018819417103217124,9.344360121353835,0.7268957951490289,7.0,0.7477645706520952
1.0,0.3,17,0.00691855075577822,0.0073397037255380024,-1.029090222006469,0.006741826432294261,2.946565820257414,0.5757389882191827,5.607142857142857,0.6029903177408047
1.0,0.3,18,0.019003031980757062,0.019000908605153435,14.342152426361215,0.01871500418333901,21.03190598856232,0.752253471254017,7.035714285714286,0.7716120203682592
1.0,0.3,19,0.012274154337154067,0.012598484787857408,-3.0832480019502384,0.011533591026687951,3.459659478432352,0.7159718725439055,7.678571428571429,0.7413784336139715
1.0,0.3,20,0.000865624888903911,0.0008495392440336218,0.7807928187545011,0.00043671693830328324,2.2262445517819933,0.5533496492281272,7.071428571428571,0.5696409011465559
1.0,0.3,21,0.0026335683248403696,0.0013350054798887847,2.2884305805691176,0.0013671267909903361,-1.506190483046737,0.6704243961953463,7.571428571428571,0.680723479287564
1.0,0.3,22,0.016320130996832837,0.017096187236750906,3.9700965177763217,0.015620994833922071,4.166450925293844,0.6258894873939868,7.321428571428571,0.6282297635553442
1.0,0.3,23,0.01266799459166351,0.006776559396354955,8.219661790879798,0.008404315607277982,-3.2447393461830054,0.6447650358531358,5.892857142857143,0.6483402653597736
1.0,0.3,24,0.0035423466174288568,0.003257429162930265,4.53132021927387,0.0032130542825153114,2.6658354623851985,0.5965449854699308,6.535714285714286,0.6167774873400711
1.0,0.3,25,0.0020588947449247785,0.0015561446274817484,1.9772514642918395,0.0010280543181473486,-1.2419623312737922,0.6466561147121154,6.857142857142857,0.6484986856222864
1.0,0.3,26,0.0026023542326137263,0.0026598545125443396,2.5459837102110896,0.0025748729915697154,3.2839693964677488,0.5946804426685185,6.178571428571429,0.5894086921456305
1.0,0.3,27,0.019079067668236433,0.01854750050066126,12.83717945624833,0.016078143959269833,4.507996518105737,0.6164463263216682,5.5,0.6541206938399127
1.0,0.3,28,0.004091442928174899,0.0039891975210886044,2.7633614646145097,0.00283867816757848,3.6091310283491773,0.5740215029224223,6.214285714285714,0.5932880573587567
1.0,0.3,29,0.025601608032459037,0.020984445608683077,8.582791293629148,0.02353542029854322,10.058872211882735,0.7096168845584833,7.857142857142857,0.7522221647941785
1.0,0.3,30,0.003937739895561072,0.0030379053959249417,0.9105537432438761,0.0032317798436414056,1.8731419098172069,0.7343306499022287,7.178571428571429,0.7458377276306176
1.0,0.3,31,0.0037720756898432313,0.0019294808204524199,2.0989194501871395,0.001816634059796781,-1.1542306839672751,0.6231698361714483,7.142857142857143,0.6298921704687923
1.0,0.3,32,0.004273247505881926,0.005218979744724713,-2.242744996407898,0.0038296274046293968,-0.09829993055000348,0.564807642994622,6.0,0.575978033516809
1.0,0.3,33,0.011540762287149666,0.009587327525000721,8.456236506331871,0.010454492504182568,7.0446658341421085,0.7005608305533385,7.142857142857143,0.716875636990902
1.0,0.3,34,0.007398221187478016,0.005751583523177407,2.1561561122910007,0.005262611611847402,-3.92621782567295,0.6561674169218045,6.642857142857143,0.6558300233263527
1.0,0.3,35,0.01002529461263582,0.008864370347518418,0.5440481335607691,0.008235214237798482,-2.1627645973429424,0.5950279539938054,6.607142857142857,0.6047557531462479
1.0,0.3,36,0.03594182464772344,0.0370155343723679,9.545928752404896,0.03391213835966692,9.153586642035757,0.7191175129352507,7.857142857142857,0.7690471711721029
1.0,0.3,37,0.023696725356362604,0.026365758161764858,6.225374468898376,0.02299797498855888,11.214395877744929,0.7267661536788449,6.821428571428571,0.7625919126073767
1.0,0.3,38,0.047670275371161815,0.04658039302270204,10.314414336958103,0.04664868769669988,21.584064613688508,0.7205776191097397,7.25,0.7711188555764493
1.0,0.3,39,0.008335015878172826,0.0070213327633975335,1.733136918217402,0.006934583784362777,0.8822254980963938,0.5454051708295549,7.607142857142857,0.5371351755490887
1.0,0.3,40,0.010668872600001622,0.00937643002710601,4.514081655335407,0.008838569005224561,2.563305597694106,0.59975120060367,7.857142857142857,0.600692077273421
1.0,0.3,41,0.001636956308232032,0.0022759946404081856,1.229692718751456,0.0014603126893084507,1.5044554527185596,0.5695755650981913,6.821428571428571,0.5905618709555716
1.0,0.3,42,0.023636766977980055,0.021569977992205575,5.298142344829557,0.020672791595045235,4.70705777288461,0.737923358267831,7.535714285714286,0.7700306642786413
1.0,0.3,43,0.010330771510050026,0.010425075429088939,4.163196052433041,0.009619739704045227,1.997060061487474,0.5634807204762463,5.607142857142857,0.5783810224676093
1.0,0.3,44,0.001229176063927463,0.0012506057531219694,-0.9569580557432952,0.0010149383284154395,-0.4701588716570484,0.5945187995475841,7.0,0.6015223100917113
1.0,0.3,45,0.002588831627043236,0.0022481264937940447,3.08873373529813,0.0018173259989565968,1.6268910409547648,0.593634169162377,6.642857142857143,0.5927410900282688
1.0,0.3,46,0.006083209256552827,0.005755557304027092,4.747686718011702,0.0052394714133143835,2.494281201309851,0.6121707722817333,7.678571428571429,0.6219494110188614
1.0,0.3,47,0.018132204888165273,0.016917521411231335,1.327108074885113,0.016229775793502894,0.5697394550114533,0.6115545364607372,6.321428571428571,0.639032828505625
1.0,0.3,48,0.00363150379596292,0.0034610662531284167,2.6247791728871923,0.0033961653607578407,2.9928642863987798,0.5596668457643396,6.035714285714286,0.5581885042301303
1.0,0.3,49,0.054461927856574395,0.057270164378878954,8.333110816686903,0.0536556624758452,17.159588211363538,0.6891379425022013,6.857142857142857,0.7485220609092114
1.0,0.3,50,0.00314092320314621,0.003176944665504773,-0.9541921640542815,0.002891647893478794,3.2185458358694157,0.5239367856284721,6.75,0.5364780281833268
1.0,0.3,51,0.0013705781867359918,0.0027709632212941757,0.6950187521973513,0.0009617874304258346,0.906826451431679,0.578384510342155,6.714285714285714,0.5828300468278729
1.0,0.3,52,0.0033764303339028595,0.0027165408107096777,1.697066697569151,0.0024533763894907007,0.42594784335971286,0.6254832394880977,6.357142857142857,0.6364389909160363
1.0,0.3,53,0.0014844884903567777,0.0006008111012816057,-1.048661944263254,0.0003694620071566459,-1.6360587689779418,0.5194565622371858,5.464285714285714,0.541487588695293
1.0,0.3,54,0.0035722667423842007,0.003425932386102278,2.537652216082563,0.0031766811244197707,2.0136539878083966,0.6140476138670266,7.142857142857143,0.5983869367234922
1.0,0.3,55,0.004183815754912427,0.005436959917499923,-0.6346402595348479,0.004071056438397446,4.381941157203376,0.5604405012148799,6.178571428571429,0.5832579022378099
1.0,0.3,56,0.0007158778019323223,0.0006000649154891552,4.160282611939446,0.0006409612882587548,1.1971750481607824,0.5910611993589626,6.178571428571429,0.5840851477025786
1.0,0.3,57,0.028802775316123734,0.028279253392394853,11.267510059086979,0.02862282250141481,18.880251095075852,0.7074287016739241,6.928571428571429,0.7294497801255002
1.0,0.3,58,0.010163613588517533,0.00908369759879475,3.6303115355571456,0.008197062533230996,-1.3659792416967018,0.5454643746587232,5.178571428571429,0.5666070877396442
1.0,0.3,59,0.006725324074810485,0.007037184411488081,0.4192306444733636,0.005380933547359537,0.9939978023869193,0.607318816462728,5.857142857142857,0.615657350470597
1.0,0.3,60,0.005265388222691311,0.001764260409474395,5.030209193981904,0.0019760744983260414,-4.241027160814544,0.6725079847542131,6.25,0.6752728264726153
1.0,0.3,61,0.0030523948083050825,0.0032553611985340477,0.48918820977137517,0.0027892215462858084,-2.0293286177432415,0.556373413315147,6.821428571428571,0.5538403960916948
1.0,0.3,62,0.004015518356839759,0.0050455511525443345,2.9606511904519928,0.0038172150908897646,1.495862035816259,0.5976125825704245,6.821428571428571,0.6043463046620503
1.0,0.3,63,0.01596499591952645,0.011174107709003952,7.006231542626456,0.012431459623847892,-0.3258560038103819,0.6848287188052493,5.821428571428571,0.7055664218164999
1.0,0.3,64,0.029046022568943515,0.02959288261430237,4.442974873544681,0.02788941485396894,5.398392977695106,0.6969039323256441,6.821428571428571,0.731447283613273
1.0,0.3,65,0.004552304702330502,0.005065994085122654,-0.7997109831207752,0.004293520947465803,3.10577606325459,0.6119422519392946,7.107142857142857,0.6109984066894671
1.0,0.3,66,0.006188225561161344,0.005160638475035354,0.7815584800761144,0.005093280565040728,-1.468167253844759,0.6031336812745367,6.857142857142857,0.60590352052119
1.0,0.3,67,0.0047119924672921224,0.0019802888953709733,-0.47913882969298055,0.0031588386709397558,0.5734162578374082,0.5684965310988243,6.0,0.5736419230628627
1.0,0.3,68,0.005534589718076059,0.006491275743160006,4.184059784934628,0.005203385123842696,6.235176785595816,0.6083912451460126,6.142857142857143,0.6216280743759093
1.0,0.3,69,0.0013601380839877236,0.0009600149158338139,1.8918827156359441,0.0010884882153327524,-0.5241944584203017,0.5648203740810455,6.178571428571429,0.5779700048684308
1.0,0.3,70,0.01607765538025917,0.014574856509921769,0.7244381723498728,0.015876591003200678,8.416663823024066,0.7181357365272364,5.821428571428571,0.7378885609611807
1.0,0.3,71,0.007592039480613732,0.008854955110105174,1.124163934092934,0.00701234662062726,1.4072606015853164,0.6327255904342157,6.392857142857143,0.6667278386812603
1.0,0.3,72,0.0007537836822012725,0.0005634236217323328,-1.371583501889603,0.0005045285480398001,-1.0139134862728838,0.5788805105613241,5.75,0.6030537260795273
1.0,0.3,73,0.0006606749113703692,0.0002760520026325201,1.1509084103576679,0.00027367865789994456,0.020016793576426533,0.5817702114695703,6.178571428571429,0.5910327965600535
1.0,0.3,74,0.029273137725887053,0.030544071080440948,2.48819115849678,0.02757204360050726,3.72836298896083,0.6829139118390135,6.607142857142857,0.7251088436472024
1.0,0.3,75,0.036444668158791944,0.03745734924652326,6.960646280581575,0.03524236721767259,16.381954886028932,0.7420701893895554,7.5,0.7765635236259254
1.0,0.3,76,0.007008370544951818,0.009289979377692933,-2.7174750227742663,0.006559535173938111,2.827295559537655,0.5816246242878979,6.5,0.5836342283141056
1.0,0.3,77,0.0304749819920493,0.03469283570531394,5.2884638811486395,0.02991167085893116,17.545844037952396,0.6977760608624136,5.964285714285714,0.7409281479065484
1.0,0.3,78,0.007513895139046183,0.005249906404612845,8.939453246843518,0.005249994576469384,0.18189488379395394,0.6358034986600126,6.928571428571429,0.647048410984165
1.0,0.3,79,0.013547323386931506,0.014965896800795908,0.7412618888039333,0.012985669352573857,1.2906151112204896,0.6048188428429676,6.821428571428571,0.6134625005986651
1.0,0.3,80,0.014868379169621323,0.015861747779146992,6.40306344744685,0.014743549136899207,10.521029373838294,0.6430533174446417,6.928571428571429,0.6713767441498829
1.0,0.3,81,0.04319540895389559,0.04661566155970205,8.560766253241402,0.04237354391988453,18.113588204231558,0.6745341254788998,6.428571428571429,0.7267771045665415
1.0,0.3,82,0.003578961632059055,0.0033098018061016037,2.3462561657865613,0.0034605314354994392,3.164214136968525,0.5773484180577205,6.428571428571429,0.5823946777711996
1.0,0.3,83,0.002207835344826965,0.0019231007334891686,-1.5116584677550595,0.0020307321438021355,-1.5468562346660804,0.5669397745823969,6.5,0.5770574940979274
1.0,0.3,84,0.021578036571445778,0.02244248061328644,7.434736533262357,0.020369425174383265,11.060297668771321,0.7032169808448027,6.642857142857143,0.7215355061475335
1.0,0.3,85,0.007553474388116933,0.007581775023816177,4.3598134082794315,0.006323183556041018,2.256063950926053,0.5717166489844873,6.642857142857143,0.5866644408033043
1.0,0.3,86,0.005431587423149766,0.005298577618477848,6.422965317990493,0.005097864634334064,5.556203601165834,0.63006899106514,7.321428571428571,0.6378754050384916
1.0,0.3,87,0.016432584964343213,0.01729265308149169,6.282559340796278,0.015868829866555495,9.733954058263956,0.680717929282154,5.785714285714286,0.7002814816253542
1.0,0.3,88,0.011488598517680873,0.010349574711066801,6.040880084802097,0.010427538976706948,1.0367043520156756,0.6445075882464505,7.428571428571429,0.6813329698149904
1.0,0.3,89,0.0053697803644403045,0.0019288420121194984,7.699567243477143,0.002889461135076678,-3.3953879129221796,0.6864906973826324,7.071428571428571,0.6897397849621462
1.0,0.3,90,0.026404782062009184,0.028458968499405296,9.517058688717734,0.025700914485214638,11.57472125755684,0.6944302526961872,6.428571428571429,0.720454969314473
1.0,0.3,91,0.0106426185647845,0.011924338335622505,3.833593307779372,0.010510819354892014,5.8790548786870245,0.6731983067507272,6.035714285714286,0.6872758519878179
1.0,0.3,92,0.04173785958222259,0.04121163396810633,18.894451762691407,0.040341479753337905,22.23018500880083,0.7286487567060098,7.678571428571429,0.775012141655818
1.0,0.3,93,0.013041614509107844,0.011441910608215767,-0.6035751345774448,0.01061052268564028,-2.7078709083716603,0.7025321526547138,6.392857142857143,0.7266136852646339
1.0,0.3,94,0.04590496315125806,0.04618110811848317,14.137573959118205,0.043536981131579486,18.513380536863277,0.7775372010408066,8.178571428571429,0.8311644702518708
1.0,0.3,95,0.014514652926480093,0.0131561139764607,7.527953676088941,0.012705521108556824,4.914576015465428,0.6901473309652404,7.464285714285714,0.7248259000291397
1.0,0.3,96,0.026069485998509632,0.027238322760297674,3.8738789611835784,0.02485331951475051,9.590827785344601,0.7080352565515574,6.821428571428571,0.718576004416777
1.0,0.3,97,0.023164376802340743,0.02121788872830462,11.848016441262274,0.02065027146369814,5.604166353849176,0.7027151214367049,7.142857142857143,0.7257146125557634
1.0,0.3,98,0.017363900872402704,0.018371260961248515,5.603426754142599,0.016418606945228877,10.994093717455883,0.717200111784816,6.607142857142857,0.7415566790407644
1.0,0.3,99,0.014252124627136235,0.015562390356613793,8.827503124324275,0.014019568575544443,10.786011324769456,0.710170131841788,7.107142857142857,0.7299613116093321
1.0,0.3,100,0.006460613418213665,0.004564111485653952,3.248240883021945,0.0039963207396804595,-3.785939357776954,0.5748547997303604,6.285714285714286,0.5868357056801173
1.0,0.3,101,0.0122494477470831,0.013123325507659198,3.9028968259058274,0.012114076829349405,6.037244827887473,0.5922503895328745,6.464285714285714,0.6024514474459565
1.0,0.3,102,0.02238668503666085,0.022879982540192138,7.635518938777561,0.01988749231405513,1.809555452016582,0.6500947475348109,6.357142857142857,0.677428830690336
1.0,0.3,103,0.02538497777050072,0.026855686946064803,3.7217561984450733,0.024653433706252132,9.175427759314724,0.5983887170868167,6.857142857142857,0.636361269432326
1.0,0.3,104,0.034009499983572604,0.03863241960537121,1.3743225004095336,0.03374327772762905,11.520785382780295,0.6245660681585897,5.642857142857143,0.6583502130961243
1.0,0.3,105,0.047795129755769404,0.04841752097847204,9.76726140305359,0.04622757843728967,20.513986581801245,0.7058551059418411,8.071428571428571,0.7548011460835938
1.0,0.3,106,0.0076837009098601585,0.0060126951731696455,3.8784242700180775,0.0058264635973153765,-5.282564501355874,0.686542365570812,7.071428571428571,0.688058025630598
1.0,0.3,107,0.008666758749104555,0.0064743470936195055,6.710807013296488,0.006957488055149735,-0.9960094020234749,0.5921463109920102,6.107142857142857,0.602830690466768
1.0,0.3,108,0.03681038457453994,0.03922694589452504,7.294235725476644,0.036081876335841714,14.083839004774907,0.7059651460715092,7.178571428571429,0.7434869016945089
1.0,0.3,109,0.0015023556837129803,0.000788107954853234,2.1595204663320637,0.0011242989533819252,0.8848109635352728,0.6632380498707207,5.642857142857143,0.6747712327169969
1.0,0.3,110,0.014197372096158048,0.015733995505703986,3.1174009944903482,0.013880364391272717,6.444274763370696,0.6305280612223848,6.535714285714286,0.6404832037280401
1.0,0.3,111,0.005640954930313314,0.004692715719989768,-2.4963523073305303,0.0041668411520685645,-2.68650662289672,0.5706876765151068,5.785714285714286,0.5921005390709605
1.0,0.3,112,0.0368794639514414,0.03858403186904138,4.8011811019974955,0.03631142757865177,14.474956669738598,0.7085267086646808,6.142857142857143,0.7397583123375774
1.0,0.3,113,0.009266919415868281,0.007303088226944685,2.585818958511652,0.008601162519146522,4.280031077539566,0.6648341590810478,6.178571428571429,0.6700039697100257
1.0,0.3,114,0.009598347645086987,0.004379743170233768,5.799201405444393,0.006068765209172542,-0.8798982630980561,0.6379612627698501,5.5,0.6393266754611202
1.0,0.3,115,0.017823416058514563,0.01606895500039092,4.570281856452492,0.015912238479240986,4.3446551912551,0.700433966826063,7.071428571428571,0.7082711234145596
1.0,0.3,116,0.010843599578106206,0.005406685393295986,8.970717103973044,0.006655369155614133,-3.0387109785024884,0.6602933929539553,5.75,0.6701412773292995
1.0,0.3,117,0.03161122784009528,0.03040902803059165,9.874175169323735,0.029957316600839327,15.930900346042856,0.7384297054850849,7.178571428571429,0.7700886712407944
1.0,0.3,118,0.0009970283483555617,0.0010818040742140752,0.3067727394471831,0.0007041249543236218,0.09564805401054362,0.5929880687460871,6.571428571428571,0.6127238698966101
1.0,0.3,119,0.005639492761455394,0.002349528164627371,4.425537731628357,0.003571346041075353,-3.378564623808529,0.5991173948960303,6.285714285714286,0.629647277889021
1.0,0.3,120,0.036008194392384625,0.03601701193644173,7.280214985663231,0.0346958957507469,10.50712222730698,0.7335610159202105,6.714285714285714,0.7920322111544351
1.0,0.3,121,0.002027111440193863,0.0011319585415775191,3.6723154849389252,0.000892942328944062,0.0777665875932314,0.5381534481928077,5.607142857142857,0.5488670459254456
1.0,0.3,122,0.02517006491173941,0.02301298087555658,9.192443517532533,0.023032587816938004,8.533302545987434,0.7207754371467617,6.928571428571429,0.725672870073895
1.0,0.3,123,0.0073605528895275855,0.0051702118429698685,-1.843778307073336,0.0050531468209440225,-0.3802119426599025,0.5358668720242612,6.178571428571429,0.5780711122004167
1.0,0.3,124,0.0013858659205581705,0.001507327254745094,0.7398968623903291,0.0012326376556925063,-0.6929194036625669,0.5681120284257615,5.5,0.6039648789620663
1.0,0.3,125,0.003248243394738063,0.002506227567656027,-0.6234544272312424,0.0024946295168007675,-0.04869036712400051,0.559190818278078,6.321428571428571,0.5805889885314341
1.0,0.3,126,0.035995912524945356,0.03265138978013172,11.862306552341883,0.03594201223385616,19.84969359347441,0.7023314465574801,7.892857142857143,0.7356908243200209
1.0,0.3,127,0.0029842431672321697,0.0016241133822269662,3.5123596231667116,0.0013162692907202726,-0.9463108124816509,0.5920965109810529,5.75,0.6057640302227437
1.0,0.3,128,0.004987771442383545,0.003257688082461955,4.278243007131692,0.0031611492357005735,-0.11155330464377282,0.6008829506184682,7.178571428571429,0.6011010328945794
1.0,0.3,129,0.0105604352339256,0.009819116072886826,0.6857920394222958,0.00999443739604945,4.166186191434879,0.6866311584611419,6.607142857142857,0.7069048165447847
1.0,0.3,130,0.012344464660847028,0.013527480372086991,4.117141876899685,0.01201815066594112,11.19841258517613,0.706292052136227,7.464285714285714,0.7273929922550446
1.0,0.3,131,0.0068648993571978085,0.0057577271902979335,6.811018762361546,0.005383209165431382,2.5699154940506332,0.589457209953367,6.821428571428571,0.5875574784545552
1.0,0.3,132,0.03102940401282417,0.030279985903157204,10.00370465404552,0.029410363865818002,16.234341844274166,0.7248366702435627,6.535714285714286,0.758009865518749
1.0,0.3,133,0.002875867136964294,0.0021891832905555795,1.6125764055972809,0.0023349606296502942,-2.2266203536519242,0.5571038819653208,5.714285714285714,0.5735916610913212
1.0,0.3,134,0.03621527954505781,0.035449545705097014,5.091695424144177,0.03430003560675079,8.564436662886749,0.7058220968109868,6.607142857142857,0.7498855413603345
1.0,0.3,135,0.009350689241760888,0.011021468230166647,3.599428466079445,0.009144752530197142,7.494293096510489,0.7173070542733473,7.357142857142857,0.7239315849573593
1.0,0.3,136,0.004527288797754911,0.0032672834984257214,3.6999577287901295,0.003535546702511947,-2.989831069668952,0.6208720686064106,5.857142857142857,0.6251772515282412
1.0,0.3,137,0.011693418454752484,0.008788191321883437,9.853570427509576,0.007293626438557597,-6.808524797682698,0.6373592345263492,6.821428571428571,0.6210366689044827
1.0,0.3,138,0.0027687234045323072,0.0018749975533754399,0.27688787145686433,0.0015750067428886342,-1.0569906808092828,0.6194378567348716,6.607142857142857,0.6396011297647981
1.0,0.3,139,0.0228290478208071,0.022525325590281024,7.318833417729697,0.022216459655242014,15.392399465762631,0.6850064930393923,7.321428571428571,0.7150998514616413
1.0,0.3,140,0.001267781776826869,0.0012436291648020429,-1.3617461921570946,0.0011514650593427989,-0.38635541255023514,0.5548331337638592,6.0,0.5651682394772825
1.0,0.3,141,0.007246582555975223,0.010859089600132404,2.5961897872038358,0.007060539553536275,3.350092010509807,0.5884433564572252,7.285714285714286,0.6226038727839829
1.0,0.3,142,0.005630756691755475,0.006484959885244887,-1.0587960391149902,0.004978352142938003,4.586395199853864,0.5888590642777699,6.142857142857143,0.6134682540202625
1.0,0.3,143,0.007860330012424392,0.0064880064453871735,5.8346074341400636,0.005499125067972293,-3.6876100041729765,0.6208671271521167,7.25,0.6242010306661345
1.0,0.3,144,0.012556368137878087,0.011081958415346189,3.9811637389019645,0.010886472047850426,1.3206488059275898,0.6324596277860003,7.928571428571429,0.6253454988762446
1.0,0.3,145,0.002811379528023715,0.003288568761984838,4.5343329257790215,0.0026940826651275325,1.3644211422309525,0.5510261954251537,6.357142857142857,0.5451879239241357
1.0,0.3,146,0.019185466541991995,0.021114376839029825,6.801491538888389,0.01765119666296112,7.967896810650539,0.6624688052593654,7.142857142857143,0.6805276617846688
1.0,0.3,147,0.017903791138440147,0.018955078703146666,2.1587485713841468,0.016648980381317367,4.676527792204458,0.5663855034550621,6.857142857142857,0.5737768267175181
1.0,0.3,148,0.024222489132850248,0.02355500596232442,12.323794003404325,0.022518530540929383,5.369512943625011,0.6963327120225878,7.607142857142857,0.718931006622817
1.0,0.3,149,0.033275960413026925,0.035248503648673414,5.068420667239195,0.03215638935223547,6.889018665858704,0.7318592403123318,6.285714285714286,0.7697851581346785
1.0,0.3,150,0.020299269930043197,0.021599037111180785,9.720352375611109,0.019765281233620487,11.312420945488574,0.720079221892067,7.392857142857143,0.7267937009749952
1.0,0.3,151,0.0069093617244965115,0.006991205973046497,-3.546476189426585,0.006779541443764634,4.5576608074735345,0.6242009839633847,6.25,0.6591137887030069
1.0,0.3,152,0.008542172319546243,0.007051450255483654,7.145996750548193,0.006184800260575738,-3.575556386056064,0.674029716170279,6.071428571428571,0.6975166205612572
1.0,0.3,153,0.0166163919207226,0.018760538706576825,0.0033694284426625623,0.01634892834310273,6.377656736868961,0.6210435930291139,7.357142857142857,0.6508850681062036
1.0,0.3,154,0.012490089775707678,0.014502751763400514,2.3508823020926854,0.012256443950572805,5.025280672528045,0.5800725734456124,5.428571428571429,0.6178680423687799
1.0,0.3,155,0.004701308097621123,0.0021623642100200174,4.769953866465822,0.0032139442709947317,1.1774116068264295,0.5542398421306185,6.785714285714286,0.5524387237842692
1.0,0.3,156,0.005056801400554515,0.003471233410957409,3.344969376770308,0.0025294591024001235,-2.268176158718338,0.6204547890419555,6.0,0.6408588257142802
1.0,0.3,157,0.0018201742407710263,0.0018837688974712372,1.2923724709661144,0.0016705600051013163,-0.0920081181997053,0.5513547114860864,6.214285714285714,0.551424502176018
1.0,0.3,158,0.03305222214442953,0.03294077209871452,8.495444474928368,0.0323524461919251,15.254049137703552,0.7344479169691749,7.892857142857143,0.7802264314390976
1.0,0.3,159,0.005593037837445009,0.0035909633953303682,5.270443201832961,0.00366409419111124,-3.9875566513080494,0.5673484559061513,6.285714285714286,0.5909610397249572
1.0,0.3,160,0.0014490632374932239,0.0018290766029918477,-0.08928834157012489,0.0012270360590886044,1.0589757984931225,0.5570067324918012,5.857142857142857,0.5719081515930633
1.0,0.3,161,0.003730430239714444,0.0031670210633387604,2.7959108833744892,0.0029553120784791206,0.7378312797157681,0.6102060671596365,6.428571428571429,0.6338110954846146
1.0,0.3,162,0.0035814309488995475,0.0005405050431276686,3.2470770416060666,0.0004279712879073028,-2.892613401776771,0.5605979674021723,5.428571428571429,0.5755366495193748
1.0,0.3,163,0.0012268644108199187,0.001209030444103534,2.293802585270394,0.0006834403760799366,-4.258657142576084,0.562600617161791,6.214285714285714,0.581894673247421
1.0,0.3,164,0.005026097914600378,0.006137317205758294,0.03834580236989874,0.004742626660930582,0.6906445632178873,0.6102255748752184,6.142857142857143,0.6368341664889636
1.0,0.3,165,0.017602915661358274,0.013968675231630576,10.821486259772797,0.01564514146007366,10.930338492058544,0.6647646898962785,6.0,0.679643807479429
1.0,0.3,166,0.004032441676013256,0.004950243140467957,3.3707048513917357,0.0037173775609479647,3.072847502634526,0.5583243572314576,6.571428571428571,0.5733166233987401
1.0,0.3,167,0.009784907609656229,0.008037760748367791,4.543164542247524,0.008379060324437526,0.6088186646317695,0.6869866030911628,6.107142857142857,0.6986831871406842
1.0,0.3,168,0.006850439258874901,0.005075861634547286,-2.0622289150033075,0.004748553788418634,-4.045745307138873,0.6844546877342143,6.321428571428571,0.6947147344186643
1.0,0.3,169,0.004285741127913068,0.004676809157366298,0.8010583039420851,0.0037502224207267235,-1.3539747182463486,0.6250849142121181,7.142857142857143,0.6427063781370663
1.0,0.3,170,0.03729484039631015,0.03716672590920162,16.758791705818684,0.03597901172347045,26.62589528772521,0.7392410472355708,7.714285714285714,0.7864853695794602
1.0,0.3,171,0.010271779010392581,0.006891805095924981,3.072694368175528,0.008656463179362847,0.4533388441747377,0.6167273786150229,6.464285714285714,0.6191501300094744
1.0,0.3,172,0.0023196666958926943,0.0034095101615370924,0.041048659563112246,0.0022084495304150274,0.32966529189509214,0.598526688307788,5.928571428571429,0.5987723254446463
1.0,0.3,173,0.009579837062924285,0.008946465725110568,3.58006892705878,0.008077491725644136,3.7942736096051988,0.6412480767419548,7.214285714285714,0.6551211253415031
1.0,0.3,174,0.0037629717630964,0.00553259480262257,2.547719615222339,0.003461933165634693,4.772761579918485,0.6575137901728237,6.571428571428571,0.6461558762543822
1.0,0.3,175,0.01628818216113334,0.012514282855754535,6.184962161190526,0.014142564032130558,5.771229974423922,0.7492271962733751,7.714285714285714,0.7665613409970451
1.0,0.3,176,0.027209260594632228,0.029389254219537423,5.821942525844785,0.025686912254696586,6.460592245133578,0.6962073775317373,6.071428571428571,0.7192064667694313
1.0,0.3,177,0.009673775867698204,0.008819537075590909,7.148491195884939,0.007974317748469703,1.2281433993915698,0.716752835581415,7.071428571428571,0.7330432948344769
1.0,0.3,178,0.0017109871912704513,0.0012681399821652495,2.0374303874991333,0.0014163340688154555,-2.585522363054139,0.5958785502308067,5.892857142857143,0.5979582162886297
1.0,0.3,179,0.012255310096223618,0.011584157972232343,2.701262654819421,0.011658972301786114,5.853040907446172,0.4924017285447661,5.75,0.48537001197269947
1.0,0.3,180,0.0062713055405105265,0.005522602564361766,6.465327500382027,0.005342587609361976,5.881405825521057,0.66540020551776,7.321428571428571,0.6739162762793252
1.0,0.3,181,0.0033629809521739393,0.00237437457518852,1.8105818674224945,0.002124156551421738,-0.35639772938129494,0.5884788900346358,6.857142857142857,0.6128013700948742
1.0,0.3,182,0.008980897633692165,0.006176564647696078,3.711494617995745,0.00645552095315914,-3.0098808040855354,0.6522471048376015,6.928571428571429,0.6551548311383082
1.0,0.3,183,0.011207850887890612,0.011570589904863546,6.323280675367594,0.010703274805726155,6.053166523647661,0.7350067074441444,7.0,0.7480604091766048
1.0,0.3,184,0.006862954886332143,0.0035949770533765637,6.429431625636046,0.0038116934860097083,-0.4447752340451056,0.6858881217152983,7.107142857142857,0.6911155869892425
1.0,0.3,185,0.007821198838616055,0.007328326158351123,5.8137614579981305,0.006528945848830916,-1.9678700272012766,0.6568638352495731,7.75,0.662332757677686
1.0,0.3,186,0.002191636441344028,0.0012426426261537415,-1.5706852769655104,0.0010668772184904245,-2.6808518024573025,0.6322524282124967,6.821428571428571,0.6308461320267125
1.0,0.3,187,0.004722932115589139,0.003221043578608431,2.191656650702081,0.0027089861764039193,-0.8296579167765875,0.5859210652176655,6.857142857142857,0.6170004424853954
1.0,0.3,188,0.0030020588891187887,0.0034277210019507355,2.007319427349747,0.0027476000506103547,0.8036718889216653,0.626984955030813,7.5,0.6518811543663081
1.0,0.3,189,0.029682697853790924,0.025785737039188097,3.2673061494672972,0.02690114372887169,8.96290112700469,0.709589188981786,6.75,0.765506161464416
1.0,0.3,190,0.009726599183287063,0.008601871197134825,2.514635981479254,0.009253924744333118,5.885402999682071,0.5903757553692135,7.071428571428571,0.6012104686060804
1.0,0.3,191,0.04005851406918782,0.04114863943074902,4.497334490497404,0.038272439743247046,7.9545816412919095,0.6868414888112929,7.571428571428571,0.7391984199253543
1.0,0.3,192,0.01249927849976155,0.013145913049209689,3.6682228148026375,0.012291016399365426,4.280415879142396,0.6450449471836427,6.964285714285714,0.6720300592540565
1.0,0.3,193,0.0058373640106067015,0.005899946015641792,6.8126509892730285,0.005644225307877034,2.747611656097064,0.5836904512755047,6.285714285714286,0.588772697656825
1.0,0.3,194,0.00528889431347125,0.004207497042667465,1.4533023199622335,0.004379245107270471,-0.13774878206747113,0.5447480136646975,5.928571428571429,0.5291866526191313
1.0,0.3,195,0.007899552044755162,0.0064181424224819626,5.783134298492864,0.005516864552576564,2.2331370496655154,0.6179897594502278,7.214285714285714,0.6192358881782479
1.0,0.3,196,0.00484348164368608,0.004987015100948209,5.59017829159643,0.004470364319065021,5.981935015746235,0.5815579510479331,6.535714285714286,0.5975992711782783
1.0,0.3,197,0.015858057924264302,0.013321017253070805,8.721978841558022,0.012955812342644214,4.085453145747313,0.7038515957720569,7.571428571428571,0.7178288844003371
1.0,0.3,198,0.020233398729824527,0.01857866811767123,8.533364205101483,0.01835697481435088,6.305605594510439,0.6370111478966746,6.357142857142857,0.6591665753403191
1.0,0.3,199,0.0011569590690145572,0.000894402538946453,1.4666881905608402,0.0011034865487809591,0.5092962551921403,0.552213348712437,6.321428571428571,0.5616396217545743
1.0,0.3,200,0.018034673927077683,0.01585992399084971,5.20059603762986,0.01664848632605649,4.713444200719398,0.7335331123296477,6.892857142857143,0.7592876380932454
1.0,0.3,201,0.007241236147809316,0.005082802363300361,4.36140544557863,0.005097113491542286,-2.002633748382143,0.6824469957833703,7.75,0.6755853116977255
1.0,0.3,202,0.04051727639862749,0.04534507602236246,0.7937324427956677,0.04005594445593045,14.009231959030268,0.6811829622962072,7.178571428571429,0.745136111948629
1.0,0.3,203,0.01624849895229625,0.015517059259939549,8.725887103830681,0.01448171029067626,8.598742044617438,0.7635172917063558,7.321428571428571,0.7921041490412599
1.0,0.3,204,0.010797939114815061,0.009603675729993918,2.6115885415788775,0.010672537354040307,6.770860833872699,0.6085605468013415,6.464285714285714,0.6241622453624995
1.0,0.3,205,0.005076742558498429,0.0053866521772819725,3.4150361432626823,0.004976476911255892,3.595923420981554,0.6562087144779473,6.607142857142857,0.6533792568360645
1.0,0.3,206,0.015338594425216723,0.014914190917037924,2.858961505665396,0.013252901063581238,3.2360963508796297,0.7182157181375487,7.035714285714286,0.7500534668385981
1.0,0.3,207,0.013233922639254653,0.010317690343983362,7.081517972010933,0.009902676830544735,-2.9195118487413745,0.6645607638332257,7.5,0.6779318628013538
1.0,0.3,208,0.004658213180441407,0.003687198069764241,-1.158281642241197,0.004452882649996459,-0.32255272261745443,0.5362874010555031,6.142857142857143,0.5359970642663379
1.0,0.3,209,0.004978374578920294,0.0049619211299103,2.343882610763226,0.004574914143164024,0.30352325150010034,0.5035456699270082,5.928571428571429,0.513598752585777
1.0,0.3,210,0.002668815744452164,0.0016104835319627176,6.1964961461578225,0.0021723329334506374,3.1797980926877756,0.5884570713366578,6.678571428571429,0.5993751170581151
1.0,0.3,211,0.0010720874854356593,0.00038805889727377204,1.1517267857909796,0.00017414852995117076,-0.4541194938055071,0.5354237043205081,7.25,0.5226830633013019
1.0,0.3,212,0.004751279011831262,0.003389884299221012,2.8873452137041986,0.0034723988383288384,-1.621264833463556,0.6156969341727284,6.821428571428571,0.6282117489083499
1.0,0.3,213,0.0007137104758064456,0.000306098398186599,2.419054116319302,0.00042031978815335985,1.9507433747386262,0.5633021064983766,6.607142857142857,0.5507276441311195
1.0,0.3,214,0.01701872295230665,0.018512579866298742,-0.5581508798706807,0.016798754653665336,6.572378242915268,0.6305006240219939,7.214285714285714,0.6508700810464485
1.0,0.3,215,0.01337587934603085,0.012132970494351813,7.103007549163057,0.011029486194456374,3.6212915128908207,0.6908126511545766,7.25,0.7082687596836585
1.0,0.3,216,0.019833169198872253,0.01877042062943336,4.8710995897961125,0.017453237633880035,5.0359563926165265,0.6955275064384759,5.964285714285714,0.7047057723078072
1.0,0.3,217,0.02933048570247715,0.03034161626299536,14.482137931617993,0.02762720685153098,16.099083074004557,0.7427218457480617,7.071428571428571,0.7569766938295726
1.0,0.3,218,0.029275784491748485,0.026716457931357823,10.181103046077103,0.02759853526145691,13.541118106466675,0.7041408613468488,6.178571428571429,0.7418413124749605
1.0,0.3,219,0.011214185772122456,0.013865751867737508,2.3581256605024996,0.011004332134150252,6.092216275718158,0.7035070075517418,6.035714285714286,0.7182919040793374
1.0,0.3,220,0.026920378388346454,0.022647464739568475,9.011870023062897,0.02506547047019036,6.9037555992326345,0.6796732005131815,7.5,0.6862391296730752
1.0,0.3,221,0.006134640328709086,0.0033847591667216176,3.0723388397570752,0.0029446133535350628,-0.8527961295933911,0.7486901610914641,7.821428571428571,0.7560839579312025
1.0,0.3,222,0.0012630729574293897,0.001332039151454429,-0.7881617728613719,0.001110505537399254,-0.9142628462622326,0.6136263228456625,7.392857142857143,0.6351472069494333
1.0,0.3,223,0.0041624971134494185,0.0018252571026256012,4.509862343238656,0.0015611792910061287,-3.1091257237535594,0.5904798833006596,7.428571428571429,0.6075648210074078
1.0,0.3,224,0.02754327569953925,0.025918772539558963,8.275957828961927,0.023821750617956043,3.2085572518091396,0.6768406231522152,6.285714285714286,0.6947942965949486
1.0,0.3,225,0.000649088700258136,0.0008860327605281151,0.7814363412982365,0.0006274459083210159,-0.8276993293187047,0.5950219577385898,5.535714285714286,0.6017619219960655
1.0,0.3,226,0.030705747360671245,0.03148351824178055,11.926571015117114,0.029511800517125316,13.531490252863534,0.6880835916940298,5.821428571428571,0.7243115220097973
1.0,0.3,227,0.020358775738346657,0.02220646799084078,5.193643087125925,0.020270671655215674,7.885559203992632,0.6289801157576245,6.5,0.6409711280781503
1.0,0.3,228,0.013163569191390365,0.014847746558530469,0.845276682496196,0.01287282027858886,5.714650126039023,0.6089935896906932,7.178571428571429,0.6257160312972254
1.0,0.3,229,0.0031550077871651486,0.002169134309491002,-0.5012312180602692,0.002983879071614545,0.11093963536847203,0.5571194727920242,5.785714285714286,0.562109360464391
1.0,0.3,230,0.04247344683027929,0.03864765948534934,7.202895157865896,0.04042932960665618,7.769729635182306,0.7158915021918553,7.071428571428571,0.7756749116835955
1.0,0.3,231,0.0022777305349598845,0.0009490940245607171,0.23528446806097728,0.0011653853428960105,1.2673363042339172,0.5447687412927643,5.821428571428571,0.5728001532260897
1.0,0.3,232,0.006459420927705098,0.006828824884797496,-0.9931822594519701,0.006148217552009159,1.0319143572297567,0.5932748431297062,6.857142857142857,0.5898921807283903
1.0,0.3,233,0.007075554200641063,0.006799752610396903,2.9593747775160844,0.005437610164788653,-1.013124953457473,0.6543952224194657,6.392857142857143,0.6730145481451022
1.0,0.3,234,0.009828529024646305,0.007937921803984031,1.333953186477051,0.007328532513849052,-4.063018931808055,0.6429307304617836,6.5,0.6423039303197076
1.0,0.3,235,0.018284625816397025,0.01753594224904114,7.551599416015013,0.016962117306873976,5.439599747336227,0.6877055498286146,7.25,0.7146852128278912
1.0,0.3,236,0.002280710193811162,0.002408011130360279,0.546583537174115,0.002180592499802997,1.0957009601530767,0.5841723602580873,6.107142857142857,0.5848421149213676
1.0,0.3,237,0.000968718246200715,0.0006455968580441175,0.6206077569103646,0.000579104904641774,-0.403341377194361,0.5613833836857768,6.035714285714286,0.5935677621625635
1.0,0.3,238,0.016588487506284503,0.015309543588376004,5.421441508819849,0.012863111568729328,1.2363749894875582,0.6587105224602788,6.892857142857143,0.6665003974764387
1.0,0.3,239,0.007013375941816304,0.0055709966954151455,3.8236779550146025,0.005492976870928301,-2.1017236384205376,0.5916844094452853,7.142857142857143,0.6140924499714218
1.0,0.3,240,0.04312831308793044,0.04621364727211796,13.377430503987199,0.041569145130167004,20.97023303110133,0.6953267950322582,6.142857142857143,0.7530463524964199
1.0,0.3,241,0.017671369498882008,0.013974630296717224,3.785628685194363,0.016601615378358688,5.752850058001343,0.6949809565173062,6.892857142857143,0.7092767953578498
1.0,0.3,242,0.00936224434280492,0.005106812213586257,6.859323905501024,0.005835270461200763,-4.428824188679575,0.6584692177502459,7.178571428571429,0.6592227214930395
1.0,0.3,243,0.01518419808109466,0.013301141063080602,14.922207642532348,0.014016682011513707,8.579025365281646,0.6457865784330422,7.571428571428571,0.663949720607259
1.0,0.3,244,0.0020929401423094296,0.0011348652251985153,1.7728554770503895,0.002065809715369799,0.8316704985347959,0.5503375866519314,5.571428571428571,0.5445990028847626
1.0,0.3,245,0.0058507023653732,0.004293789701912699,2.965027524544619,0.004113390714039116,-2.8988811918586443,0.6945891862996468,6.464285714285714,0.7129647386017137
1.0,0.3,246,0.006131029176765214,0.006902924729642419,3.268196096966373,0.005292055627083067,2.2648678957913355,0.6181579354702621,7.285714285714286,0.6204297835102621
1.0,0.3,247,0.02453989602296492,0.023714453523596076,11.89279266754871,0.022347408011521224,8.902097405742742,0.6862993099056098,7.571428571428571,0.7219851279986182
1.0,0.3,248,0.004392555338927709,0.004146605424172642,6.134746242769656,0.004000274495745903,4.729770369671987,0.683297111024509,7.035714285714286,0.6963167203469116
1.0,0.3,249,0.003321265769558349,0.002488305539211778,2.2451551311361393,0.0026838256939014046,0.41216965393809346,0.6070876128670368,5.964285714285714,0.6010109998933253
1.0,0.3,250,0.015646225983749956,0.013556307411423576,4.458069386990331,0.013234568044758442,5.356190701917986,0.681355502772046,7.142857142857143,0.7054931059248519
1.0,0.3,251,0.01727339348997526,0.014848620528676516,4.265625308047589,0.014659862302920088,-0.05447530447713689,0.5931932679439,5.928571428571429,0.582217548830066
1.0,0.3,252,0.006340001995297663,0.0055621503000309784,-2.2539428661762977,0.0060600504448093204,-0.05342008253565685,0.5629533232567168,6.75,0.5604485327243531
1.0,0.3,253,0.007227922409538372,0.006899035303735508,-3.571584844377592,0.007165034122349301,-3.389627301359724,0.5761327965232118,5.714285714285714,0.5810301914771396
1.0,0.3,254,0.004704315919280788,0.0031474978166835667,1.5819917548706333,0.002349863425438179,-1.5672327078695976,0.5831333036958408,6.321428571428571,0.6032734524690254
1.0,0.3,255,0.0024239642921376763,0.0022975870121850605,5.410658858613658,0.0018192783722609269,-0.18051726092495338,0.5473999229749935,6.178571428571429,0.5710925739063591
1.0,0.3,256,0.014466943925572191,0.01583961429648344,2.9307069179151974,0.013315958564126425,1.844596417240543,0.7131232022933293,7.892857142857143,0.7538389064383056
1.0,0.3,257,0.014481097144755546,0.016846049041313677,4.617638054901174,0.013931920574885235,6.127281684241325,0.6540684347003616,6.607142857142857,0.6721197200934241
1.0,0.3,258,0.0012967665723686327,0.0007001198531310964,0.010520380776929036,0.000649088311809586,-3.209111109632213,0.6053388618713355,6.535714285714286,0.6235991744865969
1.0,0.3,259,0.04406651470649628,0.04344462635250604,13.494211923730939,0.0421879517312157,21.65422097670076,0.711788377622954,7.785714285714286,0.7746045841563413
1.0,0.3,260,0.006204542699396617,0.0057787600597535484,3.2670867473729763,0.006168316954109768,1.7110519452854476,0.5205393877894186,5.785714285714286,0.5171919051912968
1.0,0.3,261,0.00036454290138343657,0.00045759413942968755,1.199092040164885,0.00031193033725867534,2.476223511329522,0.6278888027444282,6.678571428571429,0.6142372008284264
1.0,0.3,262,0.00508271257583332,0.0024929495458276664,5.848919288886539,0.0029101488158782625,-3.096856626107344,0.6445457429403575,6.964285714285714,0.6224110526930386
1.0,0.3,263,0.02083515276015102,0.01732010943582343,5.580745781828739,0.01725724477412,0.9070151087557671,0.6739041407937264,8.214285714285714,0.6739113375905066
1.0,0.3,264,0.0040500699933391235,0.0041554275618664906,1.0448280283180889,0.0037594027765306764,0.6745960469322275,0.5787477374903824,6.607142857142857,0.582988286038657
1.0,0.3,265,0.005600227325884587,0.006105606148615558,2.8184206272751737,0.00442967461659661,-2.212778435059723,0.6542156821721937,6.607142857142857,0.6689387820401775
1.0,0.3,266,0.001475483435325774,0.0015994138695148768,4.670751389813016,0.0011583233996799141,-1.2873274450500958,0.6095240355424932,6.571428571428571,0.618757257816872
1.0,0.3,267,0.016531363529422083,0.01494393287092089,4.085910336987894,0.013535690273115613,2.3146815536031986,0.6436854146125637,7.821428571428571,0.6440999534088523
1.0,0.3,268,0.0009151363498954751,0.0009659820366780698,2.2956600615469065,0.0007083024468638776,0.7120906187870162,0.585712431881699,5.964285714285714,0.5976278170008187
1.0,0.3,269,0.003753918362275239,0.0033204810022338534,2.3021785190768376,0.002506023051338222,0.6023470030910497,0.633450195303187,6.214285714285714,0.6303834342174519
1.0,0.3,270,0.002030418318353196,0.0012237382475634483,-0.615369873900022,0.0006652286201919233,-4.071048619563044,0.5801677427379369,5.964285714285714,0.5807845646320247
1.0,0.3,271,0.041245374489462035,0.04569381530655754,5.916008553730705,0.04091449394272642,12.680011422200655,0.6502769229135311,6.25,0.7039518427346866
1.0,0.3,272,0.0073969085100435905,0.006430150543115541,4.244436673601778,0.006382106972243759,-0.6544475238731403,0.6212263332092176,7.107142857142857,0.6238630774978697
1.0,0.3,273,0.03923860561860729,0.040319153693897006,14.042283404895926,0.036647517255058465,10.262994075963968,0.7318553404090352,7.214285714285714,0.7664779163838844
1.0,0.3,274,0.0016505715433532816,0.00027834992479273523,0.4257071960658531,0.0001509185608441547,-1.8978138455842195,0.5823320542138427,5.25,0.5916905675484361
1.0,0.3,275,0.002239239785964268,0.001977880252608543,2.3849010918134943,0.0015957315188332838,1.091853525953771,0.5749803531900861,6.25,0.5826954348676692
1.0,0.3,276,0.029887030966574874,0.025442531112605686,11.44909231459267,0.02466310469057877,7.213315104683782,0.690427535464108,7.428571428571429,0.7084661965936817
1.0,0.3,277,0.0036522853906802988,0.002057798568503534,3.7485887418932387,0.0015717289506939713,-4.189165055855189,0.6048074775100748,6.607142857142857,0.6182575047538275
1.0,0.3,278,0.0029311532775440183,0.0049502905065314075,3.097579591374938,0.0028159550047250834,3.1865607556397513,0.5575675147610787,6.642857142857143,0.5512351623016345
1.0,0.3,279,0.02434344010851028,0.023134303825720744,14.260782365151243,0.023424220886970916,19.993570975347698,0.7846350088894474,7.607142857142857,0.8205074436375533
1.0,0.3,280,0.016659696050995536,0.01718867227271893,3.4612765979525952,0.015555772739738759,6.313154409280155,0.634567807257406,7.285714285714286,0.6592047370213334
1.0,0.3,281,0.045466760647896676,0.04726422567305812,12.433609908889233,0.04414937695326799,14.717930596729436,0.7084079721841913,6.928571428571429,0.7443419888917623
1.0,0.3,282,0.018833697315312085,0.019537938745124026,10.803247364901381,0.01833992365695891,13.746651195744297,0.6999471576601254,7.0,0.717381646397012
1.0,0.3,283,0.024961029882914067,0.02365928765209772,9.58923976972857,0.02338989000994628,14.780278584819646,0.7062347198281448,6.75,0.7381857271983667
1.0,0.3,284,0.005143241018057168,0.0031346937121747723,3.559323249786189,0.003045974067860824,-2.3535107293978683,0.6499698350398581,6.857142857142857,0.6574374106311694
1.0,0.3,285,0.006516660222436585,0.00729889904750349,6.641192104649406,0.0060624650406371034,1.7788277350808908,0.6252190152166132,6.714285714285714,0.6310987193049489
1.0,0.3,286,0.010163305709645163,0.010052665483802539,8.307976601657534,0.009711927022123368,6.205290970519921,0.6874871429785239,7.107142857142857,0.7037374473127526
1.0,0.3,287,0.004439660192230771,0.004269163487615185,6.300754204562035,0.0038518585752336486,0.7566348401702404,0.6723347775129759,8.5,0.6675939599755281
1.0,0.3,288,0.03224622562883974,0.03202035216171828,6.797936716799749,0.03075049366382096,14.501532367933075,0.7024552620505372,6.785714285714286,0.7289660300235767
1.0,0.3,289,0.004977430215385292,0.004394858754371187,4.692343182307127,0.004682871298744535,7.610300163711808,0.5871883064594375,6.428571428571429,0.5998009507237496
1.0,0.3,290,0.0031935442426795535,0.0029127814140632335,0.9329079677770835,0.002673129143940125,1.4344626758000725,0.5797513037288633,7.107142857142857,0.5828594677337682
1.0,0.3,291,0.039916305845687124,0.03945020671440593,16.63708893310908,0.036772344269221,14.561123342454087,0.6988691621214773,7.178571428571429,0.7440757221495883
1.0,0.3,292,0.02435105920235567,0.023767291283358603,2.443609363687718,0.02390556020504935,10.512535187211407,0.7001821979647022,6.928571428571429,0.7293226114030271
1.0,0.3,293,0.019141862467185355,0.018964335848372246,2.6668312809566146,0.018544379852978316,3.516005635642538,0.6594957853759322,7.142857142857143,0.6770550594550994
1.0,0.3,294,0.005975699333896157,0.004297172724310073,3.6056294003021967,0.003780947949492424,-2.1776548031386747,0.623297566916204,8.071428571428571,0.6258759100319964
1.0,0.3,295,0.022444113757807947,0.02037062309838747,10.431004620525263,0.0205822622175437,3.914868489894824,0.7382813918707826,6.464285714285714,0.7604558844303767
1.0,0.3,296,0.022784421425846895,0.02285474562080829,4.666398517811444,0.02189088291704043,8.389214117962789,0.5611450082100642,6.0,0.5727713861181032
1.0,0.3,297,0.001001180328845035,0.0009889182830618295,-0.8887828905452579,0.0007821951103729221,-2.0972314549806774,0.5996823519474662,6.428571428571429,0.610519555042645
1.0,0.3,298,0.002162687989832051,0.001260649857803567,1.472057510842139,0.001985823137353658,-0.4445892702049529,0.5714415974713646,6.071428571428571,0.575855622431426
1.0,0.3,299,0.027990201038484076,0.02749949574211474,14.424817561913613,0.025709543357408857,11.049097428376868,0.7136806333968773,7.142857142857143,0.7569983596864267
0.5,0.0,0,0.0006079203656955756,0.00044487555825239886,0.3629864526273157,0.0002878040978157589,-2.9031617410394595,0.5819408496840613,5.821428571428571,0.5981327300381278
0.5,0.0,1,0.002759226298638184,0.0017999747272165187,1.2771371791196298,0.0015747687173330157,4.665567444220888,0.5832918883607396,6.714285714285714,0.5940326828847139
0.5,0.0,2,0.001090539316643789,0.0012353978354070205,3.356304676686373,0.0008654266403728333,2.470798569797116,0.5805297061864035,6.428571428571429,0.5837962897280489
0.5,0.0,3,0.004178090299228543,0.0029869096608472674,1.0292288595120453,0.004070364911712287,-2.4891437499445317,0.6131798097714142,5.821428571428571,0.6154794470304024
0.5,0.0,4,0.002421385115359794,0.0012527572464302035,0.6322334227262255,0.0007909998997857148,-1.5411666723808441,0.5752579310424141,5.607142857142857,0.5954569363660658
0.5,0.0,5,0.0066893593374305884,0.006381449245696083,8.414599474410144,0.006106317914198508,7.482122072381041,0.5485350891236845,5.178571428571429,0.5537191316672594
0.5,0.0,6,0.004903364261908817,0.004521591132422762,5.7265815695335505,0.004408564814548504,-0.23491681898965075,0.6107559363581567,6.678571428571429,0.6284613588914938
0.5,0.0,7,0.0017212369951758902,0.0017795335412886999,-4.552026972209433,0.0015851023437725843,0.40579287367102285,0.5927031598456093,6.25,0.5919323218982453
0.5,0.0,8,0.001597285940138679,0.0012556007420506175,2.1448874566309826,0.001205631120277032,3.746602735887649,0.5861439968914768,6.535714285714286,0.5964901684058186
0.5,0.0,9,0.0036406364055675978,0.002406165026474003,4.49588766228797,0.0016323091518561663,-4.840909605402345,0.5759912200025801,5.821428571428571,0.5836964899918804
0.5,0.0,10,0.0011890205589141151,0.0013949783380950691,-2.610501530450847,0.0010193517872795937,-1.2569520988851934,0.5887944742062736,6.928571428571429,0.603497926437184
0.5,0.0,11,0.0012958091175197983,0.0018383597703411194,-0.30229130837696516,0.0009727706512724245,-0.6540274399264755,0.5302733117748771,5.714285714285714,0.5597477720088606
0.5,0.0,12,0.004288076430700187,0.003972489770460448,1.108043982412795,0.003839759807226214,1.53789697117323,0.5846651793862429,6.285714285714286,0.5734028040215473
0.5,0.0,13,0.0017287301379713322,0.0014011739590696984,-1.579460167596854,0.0009665491978521487,0.06134179699895981,0.5463381302894512,5.964285714285714,0.5768595945001534
0.5,0.0,14,0.0034202036795292975,0.002502084795159701,3.7906423777262717,0.0026577618370531965,5.6045075411525245,0.6094180218583523,5.464285714285714,0.6284525979995162
0.5,0.0,15,0.0002926658700962,0.00037156953901923976,-2.2397086108889823,0.0002758552322419854,-2.2680833625824923,0.5792866632956742,5.642857142857143,0.5815490656144089
0.5,0.0,16,0.0038449014274859476,0.003014295651966754,8.201072800222997,0.002949670420388341,3.1064827022025177,0.5659018757202705,5.785714285714286,0.5588731815170668
0.5,0.0,17,0.002686452400429282,0.002523003463922734,-1.2565280076788194,0.001816439249569763,-0.5097960370495495,0.5591821619125,5.357142857142857,0.5696432246437393
0.5,0.0,18,0.001870693467562862,0.0016056500160102484,-0.0061120739320964885,0.0013780300726504778,0.1919961595020728,0.5765474876542881,5.964285714285714,0.5865647416514295
0.5,0.0,19,0.003276275226424336,0.0022906737192816325,8.488636303835998,0.0024321165407854696,2.4897395011594674,0.6060967874477537,5.714285714285714,0.6207220412339177
0.5,0.0,20,0.003357236832804241,0.0018544830607413595,0.9553033180028478,0.0033030222470958,-0.4312952929952208,0.607189179818805,6.214285714285714,0.6275809345106678
0.5,0.0,21,0.0025709695563667593,0.0021929568655911437,0.28783412517591955,0.001860239952928636,-2.0130381632980914,0.523336766253585,5.714285714285714,0.5134976050200735
0.5,0.0,22,0.0010567111391713159,0.0006572988317395575,2.156452440900921,0.0009727865690129245,-0.6484194282014452,0.571335351955337,6.071428571428571,0.5753046417876211
0.5,0.0,23,0.004636716467502589,0.0024243699103011977,2.0383264937279364,0.004197850958610442,3.3867534963407118,0.5789150195090474,6.214285714285714,0.5815831536315298
0.5,0.0,24,0.01168194252478382,0.011553170315220494,1.2480736322962684,0.010241012637866045,-0.8328206974487955,0.5648871830962633,5.535714285714286,0.5639790313733527
0.5,0.0,25,0.000794129219133637,0.0002606222309458604,0.9865541815448751,6.865923068203744e-05,-1.1547622898635648,0.5732568362645283,5.392857142857143,0.5876705553174866
0.5,0.0,26,0.0007561982479185078,0.00044250876821317665,3.4692565817911905,0.0004990367092518752,-1.4258405480423637,0.6000009485893847,5.464285714285714,0.6218153120385554
0.5,0.0,27,0.0021090224140166173,0.0019357849728802341,-0.14920428101368088,0.0017477243565335123,-2.1465878259500735,0.585605373138908,5.892857142857143,0.5973832563492163
0.5,0.0,28,0.0018284520904088039,0.0014640772873174958,2.2227651577284555,0.001655037056792464,-1.3738150554261495,0.6035073626600281,6.892857142857143,0.6218597602379233
0.5,0.0,29,0.0013728787778159164,0.0011182556280110206,1.9844211361746318,0.0010085193934306718,-1.0149188799771593,0.5893425007691919,5.964285714285714,0.5938248556171559
0.5,0.0,30,0.0027444488532577752,0.002816143122191971,0.826986680291327,0.002332271783610359,-1.0161991783131537,0.5809416450524395,5.642857142857143,0.5817258425105143
0.5,0.0,31,0.0007148263062223478,0.0004853003188604149,-0.48219395426752953,0.0003078017981780401,-0.06879049126416703,0.6248179943016728,6.642857142857143,0.6328579386010438
0.5,0.0,32,0.0030550731790229594,0.003190455153716692,4.036520342311159,0.0026845374668945667,-1.7831551961170173,0.5874368304643914,5.857142857142857,0.6077630122996336
0.5,0.0,33,0.003495206087726814,0.0037771042873497172,-1.1281301968990267,0.0034355237008324127,2.186159668123423,0.6082302840413131,5.678571428571429,0.6109393234753717
0.5,0.0,34,0.003759562725776221,0.0015503602204580366,0.47336157918222926,0.0014694969816517443,-2.2185940134301725,0.5749824768707775,6.107142857142857,0.5776483664725975
0.5,0.0,35,0.0027894806717591487,0.0025613994471912213,5.534654183447874,0.002608928003187253,6.130079772321096,0.6246038733150024,6.214285714285714,0.6259938350578821
0.5,0.0,36,0.0004568219626290611,0.0004648601316892757,-0.6714368783713098,0.00021945230012397954,-4.270872158983583,0.564194284462857,5.178571428571429,0.5652210965236001
0.5,0.0,37,0.002769425879517295,0.0020187111253982108,0.9218924218516614,0.0023562342819563207,-1.225706809566039,0.5878518421488311,5.678571428571429,0.5967102669572031
0.5,0.0,38,0.0009649739300938375,0.0005386811058215836,0.64840313575084,0.000541943060322347,-1.9334259479446605,0.5673793088098573,6.821428571428571,0.5836644237190618
0.5,0.0,39,0.0028783063796207677,0.0032087287365240736,2.928532854282679,0.002315770238689972,1.001970533132673,0.5917630105644839,6.035714285714286,0.6249655718822361
0.5,0.0,40,0.011400676869452116,0.01241773847137754,0.6443448344761104,0.011339601307168833,7.522894745603129,0.5403838979412361,5.928571428571429,0.5795329339154501
0.5,0.0,41,0.0035147456050728955,0.0033978246483529996,0.9427296415935871,0.00336931608005703,-2.239270202861055,0.5506439000864434,5.678571428571429,0.5693849241776232
0.5,0.0,42,0.0044479238204516965,0.0021927311053576435,4.629205219444619,0.0020089230598720025,-1.7476382179010461,0.5486863323506233,5.214285714285714,0.5477170858129017
0.5,0.0,43,0.0036992599747992802,0.0024975973182872623,4.5799557152451955,0.003298049418273391,-0.6165745359223251,0.5476669126935457,5.321428571428571,0.5437078059260856
0.5,0.0,44,0.002325135357653347,0.002277473620657166,1.3654385194893355,0.001788960055321872,-0.3644433775059592,0.6455992356001019,6.821428571428571,0.6453248287033134
0.5,0.0,45,0.0056070648876744575,0.005475265325731628,1.5386717286990954,0.004494957765244412,2.6957888061630797,0.5715637122255034,5.642857142857143,0.5818407600660198
0.5,0.0,46,0.006085046317633299,0.0033005041498786166,3.5968666900627113,0.004700865318553917,-1.0061893689183325,0.5933105845668993,6.642857142857143,0.5820492109561984
0.5,0.0,47,0.0026466903249798657,0.002320756743597982,4.680742400165069,0.001236351274891641,0.254534835688105,0.6388104527898434,7.392857142857143,0.6507742543898796
0.5,0.0,48,0.0008656574982540673,0.0009624218464391246,1.1235424310599456,0.0006385165770791227,-0.8212485925834111,0.6239990265506327,6.25,0.614737315994928
0.5,0.0,49,0.001995955994185326,0.0022607207719464945,-2.7154503481456516,0.001911232156860844,-0.6016057347316632,0.5634363541052254,5.464285714285714,0.5907443107474102
0.5,0.0,50,0.003800885533391894,0.002955042751611249,3.6151122857112434,0.003539532153987107,4.8537589832961885,0.5275100205404935,6.107142857142857,0.5136554016599657
0.5,0.0,51,0.0018643670680800895,0.0024556322752650617,-3.0043209999463727,0.0016647947673569465,-2.467899039027609,0.5555165288479876,5.535714285714286,0.5692156508698245
0.5,0.0,52,0.007611654903256049,0.00955601671948768,2.575036061837087,0.006604960944153996,2.394603865195743,0.5873588520769852,5.607142857142857,0.598492520056546
0.5,0.0,53,0.0008306777375420622,0.0008596952400107371,1.9728951245130304,0.0006800424369340205,-0.5574687270822002,0.5721572216964208,5.964285714285714,0.5755513851183959
0.5,0.0,54,0.004896294714649866,0.004261803148139986,3.3342508789553826,0.004212787500140941,0.12834745676114304,0.5484083913829912,6.357142857142857,0.5655604679304054
0.5,0.0,55,0.001581392219574798,0.000377016397136857,2.321181324212953,0.0004704925126554799,1.570776262163368,0.5647722463468633,5.714285714285714,0.567799353606101
0.5,0.0,56,0.0023200779169589188,0.002310526974266807,3.402316542774495,0.0022275329281530192,3.4175035347914124,0.5787461436936869,6.714285714285714,0.56364437736992
0.5,0.0,57,0.0005708477278975242,0.0005423890714427339,-0.9118798840236195,0.0003722067392657615,-0.041823818834776226,0.5982011768967325,5.821428571428571,0.5930052042665583
0.5,0.0,58,0.0008296396202931783,0.0009715146591871074,0.32123291538629434,0.000728437670037234,1.8025653429760098,0.5776764085348788,5.678571428571429,0.5969798630394971
0.5,0.0,59,0.0025241963257500873,0.0037733761050580835,2.9255150877547655,0.0021309035975407885,1.4799448309426946,0.5715642053327068,6.25,0.5664793456866973
0.5,0.0,60,0.005390812154942552,0.005617739216311591,1.9271657767616166,0.004502462637711122,-0.05980200369348646,0.5872121060609917,6.428571428571429,0.5986615720788984
0.5,0.0,61,0.005309307911386927,0.005083425110334128,-0.35935705594501616,0.004138085678914724,2.2989432937183474,0.5546345780448692,5.535714285714286,0.5760037730375562
0.5,0.0,62,0.0029020301427837535,0.00248605908721801,2.2960402664532373,0.002531476447402088,1.7424740870975768,0.5770326545290055,6.214285714285714,0.5934184146033388
0.5,0.0,63,0.0017173203608583031,0.001541697746504445,1.028337674957972,0.0013164955264180732,0.7520267869079476,0.6682867565896915,6.392857142857143,0.6725798831784845
0.5,0.0,64,0.005184879856273961,0.004618492766011589,1.783157494202707,0.004899180643260011,1.2108357324265835,0.6220714266028546,6.107142857142857,0.6324217548115918
0.5,0.0,65,0.0019233093984179104,0.0015368656078114243,2.957608962080068,0.0015252168293126535,-4.957147448202288,0.5676638633412735,6.178571428571429,0.5664245574219413
0.5,0.0,66,0.0052813528911070055,0.005370690872296426,3.50141605411495,0.005010286498450561,1.0258991552295147,0.6121013192266834,6.392857142857143,0.6247386738326003
0.5,0.0,67,0.004296628103819733,0.004318958580052116,2.783317987510088,0.00405716148454024,4.159975727090938,0.5945210625245748,6.142857142857143,0.6023582058057345
0.5,0.0,68,0.0013041880203181059,0.0017245030923248436,1.1495769420712254,0.0010631237127220836,1.2487832818867635,0.5989080054411641,5.357142857142857,0.6091884023835038
0.5,0.0,69,0.0022878666179712423,0.0006800410027694657,3.6530838878470795,0.0003606158983454199,-3.371870153474248,0.5446125365243515,5.928571428571429,0.5514949715321553
0.5,0.0,70,0.0031948963147786645,0.003307820221138643,3.906245327066936,0.0031650530150402435,3.3550069814441863,0.5809296744716829,5.642857142857143,0.5870116276097268
0.5,0.0,71,0.004483762565901265,0.003915953881319277,1.957040125069663,0.0034257364026300404,-1.2388673613668668,0.6187109474198387,6.0,0.6507227451730968
0.5,0.0,72,0.0036912080480007267,0.0025989652412687888,4.062701101459169,0.002634839371248619,3.976118812517219,0.641566730185881,6.214285714285714,0.663513727927965
0.5,0.0,73,0.004978423728362526,0.0058826612901046686,1.3446368615761248,0.004640210703412978,5.932312239291434,0.5940642021056546,6.0,0.5914191307735681
0.5,0.0,74,0.0009335934321224367,0.0008926335203311838,0.89500318443613,0.0007475452180409484,-1.413136728437043,0.5977749765681059,6.214285714285714,0.611822855910872
0.5,0.0,75,0.003219537672907259,0.0029496244825403654,-4.732578725702505,0.0028372490915014722,-2.153520012235352,0.4894266182970326,5.785714285714286,0.5078849008496109
0.5,0.0,76,0.006204645801838827,0.005416197498455384,5.147617846091246,0.003629276238117478,-2.2664198541665144,0.6001255761998375,5.928571428571429,0.6078792374509564
0.5,0.0,77,0.000391936852109731,0.000331097663588651,4.511526411467837,0.0003410096893399435,-2.14896265337606,0.5506322126454839,5.642857142857143,0.5552739837954981
0.5,0.0,78,0.008008649140390596,0.00664983546408701,0.29189885361878964,0.007888565986964113,4.4851587502060495,0.5741273715639297,5.928571428571429,0.5965928649696444
0.5,0.0,79,0.0011185140422866682,0.0005627829895728433,2.9259615842018434,0.00037834993698559756,0.6901138547633915,0.5663446603686342,5.392857142857143,0.5792821068623528
0.5,0.0,80,0.00245934536125765,0.0012263929649068903,0.10177999636024045,0.001230893221880599,-3.4761005080292953,0.5980892071092,5.821428571428571,0.6291600274536784
0.5,0.0,81,0.0032514028782033707,0.0036517754554582144,1.183518483858118,0.003169002971293079,-0.20008009302613536,0.522288341758719,5.857142857142857,0.5424673300076781
0.5,0.0,82,0.0019529824756622895,0.0029589616068358146,4.790665985215479,0.0016215114823615372,2.101698216528907,0.5951756439025012,5.892857142857143,0.583277616759367
0.5,0.0,83,0.0017722214489796944,0.0008820220684214692,-0.08175314227262713,0.0013726087986709213,1.3117569078797355,0.6047091665697236,6.285714285714286,0.6262049413734134
0.5,0.0,84,0.014092497589380009,0.014003936848069068,7.699773772481564,0.01365769791020794,7.297181665722898,0.5492485120704289,6.392857142857143,0.5388161603815758
0.5,0.0,85,0.0006763225941741804,0.0005972890420048956,4.152527253396812,0.00042193882381720777,-0.7267435384044063,0.5467702585427984,5.607142857142857,0.5470393991343746
0.5,0.0,86,0.003044152769345777,0.0013102870843205601,0.8490751347176607,0.0020068087036034417,4.008810167556665,0.582882689353308,5.75,0.5986552151515392
0.5,0.0,87,0.00157436400848778,0.0016216365548540326,0.9570360026965924,0.0015276696195723645,1.2491091228284101,0.5944732424564594,5.857142857142857,0.612776073145019
0.5,0.0,88,0.001010256500701264,0.0006609998546507926,4.42831228698365,0.0004887493668143963,1.422516031414195,0.5727985673065704,6.321428571428571,0.5746560642036789
0.5,0.0,89,0.006815888114815375,0.006998729297599801,3.445378630671712,0.006235703952595281,2.8754550105926264,0.48631174165235475,5.607142857142857,0.5078498874569882
0.5,0.0,90,0.0011464189077132953,0.0009652618678445619,3.0007492116887136,0.0010263475179071657,-0.30107612194458017,0.5734026986417591,6.0,0.5728148687082518
0.5,0.0,91,0.003966303570500585,0.0011070750637060293,5.102172432828155,0.0015453767401165173,-1.1081969907285156,0.567646169770286,6.071428571428571,0.5866188459429884
0.5,0.0,92,0.0016080591418991008,0.001593857719206652,0.724045740680007,0.0014014252206191221,0.7240228296775039,0.5858512529003378,5.964285714285714,0.6012106798330972
0.5,0.0,93,0.003161084152053495,0.0028953010108507954,-3.9905412789367936,0.0029642451161673504,1.0825373896545614,0.5799361755496732,5.857142857142857,0.5777469390803832
0.5,0.0,94,0.0010293563394800358,0.00017089597034361292,2.527648839651789,0.00022296753358172234,-0.2856216106618679,0.5771282423251132,6.642857142857143,0.592947770634879
0.5,0.0,95,0.00848505093095477,0.005261346144629073,1.3732792416523598,0.006140905770854109,0.23582264560183339,0.5507662910080737,6.357142857142857,0.5541154438427051
0.5,0.0,96,0.0038343503602096193,0.0023432675427672383,3.191837468539717,0.003103737535980904,0.42521230575481656,0.5877928113921088,6.392857142857143,0.5980227813467294
0.5,0.0,97,0.006738062741577422,0.006301037459759246,0.010796732474631199,0.006115997134330244,0.12668648480446146,0.6209293135799671,5.571428571428571,0.6308856515956911
0.5,0.0,98,0.0014914576039628464,0.0020599863547158715,1.5621866795773656,0.001267408691582588,-0.6807759050964629,0.5613797267756365,5.607142857142857,0.5680057022845424
0.5,0.0,99,0.003850023851936197,0.0017979957518817003,0.5081188548356863,0.0018309019093396659,0.3204799725219137,0.5468639651948083,5.714285714285714,0.5510652653712151
0.5,0.0,100,0.0025623194317440892,0.002841897276257019,-0.04033859781944216,0.0022704130160584816,1.313289587128338,0.5504919663741153,5.892857142857143,0.5605437458167307
0.5,0.0,101,0.0020760959165178425,0.0015520253555199944,2.8903821578497855,0.0013767141139912546,-1.4186372251054895,0.5683926428360858,6.142857142857143,0.5882478991046595
0.5,0.0,102,0.007342441700802379,0.007221805018028943,1.887591824287976,0.007055804235162756,-1.8461914270140767,0.5789396016549917,6.142857142857143,0.5910473712242046
0.5,0.0,103,0.006543508115765477,0.0060889960561797095,-3.268803060151962,0.006188355990059349,0.9581032195244651,0.5570205107193386,5.714285714285714,0.5642995331666676
0.5,0.0,104,0.002202460917034037,0.0017951838103480555,-0.24948160934506328,0.001892199348783268,-0.5744547828632278,0.5321444013748801,5.178571428571429,0.5526357281818297
0.5,0.0,105,0.004639319313887159,0.0036206359007907346,2.844717212766947,0.004592104245861066,1.299393433564859,0.5721549899344137,4.821428571428571,0.583347905063776
0.5,0.0,106,0.0015281717143735341,0.0010844771908364024,1.2805739364604278,0.0013726439693893826,0.2723895219437035,0.5236352942828367,6.571428571428571,0.5323518391719908
0.5,0.0,107,0.0027949457849586,0.0013179851177744172,5.402183200748387,0.001115909554973694,-2.6364586738039484,0.583707210649359,5.535714285714286,0.6014569705345503
0.5,0.0,108,0.002820495042833501,0.004228678491283903,1.1430278952594033,0.0026915962123019097,2.003618873971817,0.5991553929363105,6.607142857142857,0.6157858167304581
0.5,0.0,109,0.010145857527485423,0.00878701235322916,7.581741443673157,0.008021414954924153,3.2738035532534866,0.5475458834291371,5.714285714285714,0.5824417713374906
0.5,0.0,110,0.007447755214011154,0.007057286058194375,1.4968699806336,0.0060772969957784756,-1.0534238514995309,0.5246598205853927,5.892857142857143,0.5170334648119252
0.5,0.0,111,0.0025974698972017307,0.0009319341861481603,4.5506741212712045,0.0011575202374296079,-3.536067938794806,0.5702428435286987,6.107142857142857,0.5735593332993393
0.5,0.0,112,0.0010620221702867978,0.000774446697152695,-0.7286864218294605,0.0010075835821167643,-1.2958522101077676,0.5377313443634067,4.535714285714286,0.5380339867387958
0.5,0.0,113,0.004021714672341138,0.0023705435243973182,-2.522961542057677,0.002570918241686464,-1.5901291946673173,0.5627822162160612,5.678571428571429,0.577295245192849
0.5,0.0,114,0.002640186310092148,0.0022946726637811518,3.943622640792332,0.001665734175486436,-0.775961706515678,0.5790023626745026,5.321428571428571,0.5774195372045234
0.5,0.0,115,0.005335071108719743,0.006174505578938624,-1.4708448653012454,0.005292259937130813,1.6480328665169186,0.5866746280313035,5.928571428571429,0.6168023718943222
0.5,0.0,116,0.0037918713793530455,0.0037371076055490934,0.7860563676547466,0.0034725549493328446,1.5054216240435494,0.6084456857797355,5.928571428571429,0.6160275207881205
0.5,0.0,117,0.00513880310962775,0.005593023862114773,2.9040331034821634,0.005074848851416228,0.9523588127052657,0.6045327946815793,6.035714285714286,0.6005464613914908
0.5,0.0,118,0.009436540010372986,0.009239291218677356,8.787464513220774,0.009325776144556076,9.877016071180918,0.5488228361475168,5.75,0.5630982951812162
0.5,0.0,119,0.0035304316814067137,0.00393371460261379,3.1879985328478426,0.0032901114720252328,1.2149020743611818,0.5951629378062196,6.285714285714286,0.5969284946407254
0.5,0.0,120,0.0032287318493171148,0.00326387797615663,2.175163253526724,0.003122234212741664,3.522455772844855,0.5541216918621809,5.142857142857143,0.5709609995918241
0.5,0.0,121,0.005196211324642281,0.005871957457462332,4.711742275688313,0.004922771147714141,0.5869876829309154,0.5845261995843253,6.25,0.5828939681464932
0.5,0.0,122,0.001278944898271743,0.0023956991054125813,3.3663849555399374,0.001161204724560393,2.104616097062537,0.5429804068011992,5.642857142857143,0.5587456305742778
0.5,0.0,123,0.0012469071083662212,0.0010639706755002235,3.2006123090476137,0.0011638826447906293,3.253930078994093,0.5493726507358302,5.357142857142857,0.5501862391120709
0.5,0.0,124,0.0012642525801319696,0.0006965306046785327,1.2693885980522357,0.0004004860756929427,-3.1222577625819192,0.6203962190747772,5.678571428571429,0.6254657272824551
0.5,0.0,125,0.020753116348186575,0.017770322112543244,9.661558764609689,0.019743137751471206,9.699280177380047,0.5680718292765058,6.25,0.5742793659654968
0.5,0.0,126,0.0032936667710785515,0.002939759645407061,-2.3363103831812566,0.0031581606624166204,2.2917161289505827,0.5988113671221491,5.678571428571429,0.6256643209118554
0.5,0.0,127,0.004506939778179206,0.004959947068443338,1.399506806097662,0.004017556172461347,0.09893577186201696,0.5683041803779355,6.285714285714286,0.5937111148978863
0.5,0.0,128,0.002625720745234158,0.0015546097995704378,4.880428328663139,0.001398429506831166,-2.6131560796103392,0.6157674140497679,6.214285714285714,0.6176619853847904
0.5,0.0,129,0.006221040753629362,0.007283150806172567,-2.4875627521026615,0.005304503682622003,-1.654646583395163,0.5381712178300594,6.392857142857143,0.5534059322936642
0.5,0.0,130,0.003733833869130772,0.004134320838008877,0.6262569366030183,0.0023363484409078972,0.9946053469401287,0.5478150283535734,5.357142857142857,0.5510895665365629
0.5,0.0,131,0.0014822075100258372,0.001465940957144034,2.139366804149508,0.0012028594866301506,0.9656997778852295,0.5969498899704232,6.392857142857143,0.5993057138954903
0.5,0.0,132,0.0016210793814102188,0.0008923767198639765,2.837958004848929,0.0014458890133738714,2.868572306379207,0.5942460573258753,6.25,0.6065740355395792
0.5,0.0,133,0.0009429614758770718,0.0004009508805053854,3.8633034565199202,0.000244854530526376,1.3925451297312843,0.565156905191389,5.821428571428571,0.5735205479957044
0.5,0.0,134,0.012349622425715051,0.012355167136001152,1.9010533430004084,0.012096053503871903,1.4603756501320124,0.5793243738147588,6.0,0.586425573222723
0.5,0.0,135,0.0006060622351875824,0.00021113292757565712,2.0751971079427562,0.0004069256566389872,2.9794054771309866,0.561857759859585,5.25,0.5751405586293753
0.5,0.0,136,0.00430683730352947,0.005467898589222984,-2.4223502787682207,0.004044974430379139,0.9055195193254804,0.6026436795817772,5.357142857142857,0.616138264095439
0.5,0.0,137,0.001619906326481642,0.001167841680631799,4.4064439314134445,0.0011896941712497752,0.26948058568828515,0.5827207419464081,5.392857142857143,0.5943592197356482
0.5,0.0,138,0.0032829186418499366,0.004312846495932293,0.2897765183799568,0.0024954807788195965,2.08455866133094,0.5720971984419868,5.214285714285714,0.5919990595770881
0.5,0.0,139,0.0020267082792192726,0.001697178441136526,2.4461029871563276,0.0018851701707087005,3.8728127300513506,0.6398805484014826,6.071428571428571,0.6343912254567219
0.5,0.0,140,0.0007277483883907412,0.0010490571895542917,1.5318318870374223,0.0004468666894073631,1.1134090228133953,0.5773418472494342,6.214285714285714,0.5730055061200238
0.5,0.0,141,0.004536452514400254,0.00165758998916081,1.182649210908797,0.0015929287812215345,-3.402622511886534,0.5639086977387243,5.892857142857143,0.5974004160297146
0.5,0.0,142,0.004100889403558458,0.0039629350880432505,4.412608939836986,0.0037351072179618895,2.438242668215859,0.5642373771021694,5.928571428571429,0.5604420349789827
0.5,0.0,143,0.00497151307557873,0.002952145429495733,3.376364006748844,0.0038026501871211604,-2.466594935703398,0.49918752707917446,5.142857142857143,0.4970828618591254
0.5,0.0,144,0.0011770759928125456,0.0009001259996191177,0.0019818188320073205,0.0011208096726599834,0.6642315947217696,0.59063775506724,5.25,0.6030660476555005
0.5,0.0,145,0.0027635977350742524,0.00145236656876169,1.993468345591225,0.0012812078058871117,-0.7066761257255129,0.5961711477118364,6.607142857142857,0.6074921488552394
0.5,0.0,146,0.007112024271899228,0.006943545256788426,1.9694990733980073,0.006632229271239602,0.9579258537162142,0.5745473748851507,5.25,0.585313221577578
0.5,0.0,147,0.004032352912934514,0.0049279398839032615,2.090112625686847,0.003779347796826311,0.30525695851706774,0.5401673363988658,5.678571428571429,0.5719775245804
0.5,0.0,148,0.0017028831953172163,0.0019960208959770545,1.8121784667846346,0.001467135314613939,-1.2059066363158781,0.5935231328915351,5.5,0.5925904549900852
0.5,0.0,149,0.004278287066963748,0.003988671645242522,0.29506248915593386,0.0032559874256529665,0.10863660693936102,0.6065175280709528,6.035714285714286,0.6084942399976753
0.5,0.0,150,0.00071343110066727,0.001319689381117173,-1.9565873146098625,0.0006346864376722401,0.8342109892541316,0.5342999835460257,5.678571428571429,0.541800094037262
0.5,0.0,151,0.002428930833291275,0.001995659953666663,2.4063234151892154,0.001879369392659636,-1.087808936493199,0.5839909784554177,6.107142857142857,0.595219979887064
0.5,0.0,152,0.0012293446197755927,0.0007360831258781588,4.107521996883757,0.0006545909522384164,0.4235734754666585,0.6293280029722818,5.678571428571429,0.6333446157059126
0.5,0.0,153,0.000376011976750537,0.00016587683454449674,3.8608489049310983,0.00021450360797449941,-1.523859087691117,0.561795273628804,5.321428571428571,0.573684188583058
0.5,0.0,154,0.006408832524513585,0.005859422627457787,4.592037236877691,0.005767237764269401,3.2261792057904395,0.5921249356167912,6.642857142857143,0.6154680810052189
0.5,0.0,155,0.004642215517560558,0.004247350098829484,5.916293983993408,0.004297025499131957,0.456866994897221,0.581705586186655,5.928571428571429,0.5965218021661743
0.5,0.0,156,0.0011990901769114368,0.0003887727922879694,-2.761064175979404,0.0004225577869201577,-0.33337333476734443,0.5910625508140123,6.214285714285714,0.6055936806630029
0.5,0.0,157,0.0012607663828655426,0.0003586546706383903,1.8794598221608207,0.00034291074838182936,-0.8504750289010682,0.53466385078819,5.464285714285714,0.5554350695417929
0.5,0.0,158,0.011751921493473155,0.013942155324145188,7.436059778317836,0.011458823893723167,9.126988201471164,0.5958782583275669,6.107142857142857,0.6329119423083092
0.5,0.0,159,0.0016613161158246306,0.0016704769319860842,3.007729883192487,0.0014125311186356608,0.8585438276461635,0.606787228741099,5.392857142857143,0.620839845558651
0.5,0.0,160,0.0014855241519349531,0.0008869477232210288,2.6471849567216545,0.0009333451606681793,3.2233544948167796,0.5753422574316638,5.928571428571429,0.5815505743788136
0.5,0.0,161,0.007508646852711304,0.005105872266839945,-1.90137156771335,0.005905940320837944,-1.6527839751949216,0.5682165599295741,5.392857142857143,0.5862540065930288
0.5,0.0,162,0.005097704518648918,0.005135287085429521,-3.516267724889161,0.004353641239372835,-0.20865536756117345,0.6004030892821858,6.071428571428571,0.6312635870206852
0.5,0.0,163,0.005288034447842532,0.0056178988046990015,4.375098913485715,0.0048266397480963685,3.8141039468968168,0.5676630893649078,6.178571428571429,0.5836850837329794
0.5,0.0,164,0.0018653394299779078,0.0011636873589812061,1.0946991225517309,0.0012535977151572988,0.3666260562559671,0.5391049285177386,7.5,0.5474969168525117
0.5,0.0,165,0.003969933355258401,0.002328907675644973,6.865439321502673,0.0028983835291502024,0.5743867295990128,0.6154227583050496,6.607142857142857,0.6379527845356034
0.5,0.0,166,0.007925633968173355,0.007920749024152005,6.892187931599987,0.0075751516185611975,4.552485178158595,0.5465313684015409,6.607142857142857,0.5676235624360733
0.5,0.0,167,0.0058471237957996545,0.006336037541789287,0.22408290599037173,0.005496056651733973,-1.8303247978573058,0.6083609115495227,6.5,0.6124343882994597
0.5,0.0,168,0.002947373521036994,0.0030048263782945957,2.709822466099922,0.0028572910486701236,2.849849817581505,0.5900194753060198,5.892857142857143,0.5842598525622347
0.5,0.0,169,0.0007854293234636055,0.001709390834572272,0.28294720360880393,0.0007626947558102335,-0.18775361640453525,0.5835257665422781,5.464285714285714,0.5947128640537238
0.5,0.0,170,0.0013712150739487814,0.0012154191659608197,0.9086590582333542,0.0012504287303925937,0.9838187278391596,0.5527529315034642,5.535714285714286,0.5722751836806248
0.5,0.0,171,0.0018647446817529787,0.002181776543579895,3.700766695884236,0.0016546021803342367,0.4146085107233735,0.5555281269526634,6.75,0.5749234172562242
0.5,0.0,172,0.0010359765520616291,0.0006336854564419895,1.3177076698213834,0.00033305475408901926,-0.36601327487994695,0.5694446310345421,6.178571428571429,0.5858262215920974
0.5,0.0,173,0.0027866910707787,0.0023293213866827055,3.315159098040084,0.0024892074274400254,-3.4642962840534515,0.5988895027749771,6.535714285714286,0.6021080828426928
0.5,0.0,174,0.007038869598929131,0.00648810336104281,0.7487320271958708,0.006809475021784124,7.544779104780209,0.5623539329167445,6.535714285714286,0.5527981617576594
0.5,0.0,175,0.0016051153326810204,0.0011977768746935914,-0.09752962240847296,0.0013604772370034988,-0.15487957948801068,0.5827620497734951,5.785714285714286,0.580763270937057
0.5,0.0,176,0.004863938582385548,0.006122982808271739,7.153545689192906,0.0042817836012751615,2.0732775870436533,0.6210289405916424,6.535714285714286,0.637695932483316
0.5,0.0,177,0.0004417040469585751,0.0005210806740929033,3.5397992884217238,0.0004086482453396539,-0.0845988849922037,0.5776385146000386,5.392857142857143,0.5756715129403127
0.5,0.0,178,0.0033286156422696247,0.0027711402134059397,3.6527632710833964,0.002850954053430277,4.860643014713617,0.6202095303306373,6.75,0.6400692993596337
0.5,0.0,179,0.015926758175173285,0.01949478178592704,2.797625700071734,0.015756982661607383,8.190256736868529,0.5144404383944451,5.428571428571429,0.5470975066808214
0.5,0.0,180,0.0009527587098125654,0.0008382908257207344,1.7907812059069481,0.0007314942393071578,-0.08141954332288985,0.5746082869778738,5.607142857142857,0.5798874432584511
0.5,0.0,181,0.002373096153242186,0.0016359224885707018,-0.10246587926697732,0.0016555458705389717,-0.6146844987309237,0.5879844630680474,6.535714285714286,0.6079989428188399
0.5,0.0,182,0.004043862127923646,0.003826613853627805,2.506075380969141,0.0038405578792997572,3.6025350714254976,0.5660721165229516,5.642857142857143,0.5758191908002628
0.5,0.0,183,0.0026764935234075142,0.002180970607207796,5.6986475609134,0.002434478581951058,4.859601360278437,0.5543125017807895,5.428571428571429,0.5672237197519203
0.5,0.0,184,0.0038881992120729583,0.0011570297262684102,0.503620199614204,0.0011052630551495462,-2.020626145881247,0.5820325061139441,5.321428571428571,0.5977510327605509
0.5,0.0,185,0.008325268569365706,0.007288042313228074,-0.37825206170525877,0.007582618050786336,2.0131774219536944,0.5855273171711618,5.321428571428571,0.5809160987128423
0.5,0.0,186,0.0035933101052344728,0.0013927645951276528,-2.62536898532962,0.002763608087726073,-0.07230473391592795,0.5520049488257553,5.142857142857143,0.5801463472303292
0.5,0.0,187,0.002064649182852541,0.0009799695728066964,1.7699905578614807,0.0012528123277252632,-1.608133521415823,0.5944285635822785,6.392857142857143,0.6049713455212764
0.5,0.0,188,0.0026199046267695626,0.002900328058159616,-0.5780795871329948,0.0024890002524705383,0.7056056575913298,0.6132205778236518,5.964285714285714,0.629756552665652
0.5,0.0,189,0.0056231185432254575,0.0072429886429686945,0.8911826851671094,0.005401684896413951,4.422880891537744,0.5710589243370421,5.678571428571429,0.5842947553121345
0.5,0.0,190,0.004630036227335167,0.005437493287620418,1.6721564222936063,0.0045022923172541975,4.646472244848127,0.5814760507151563,5.785714285714286,0.5929749384525965
0.5,0.0,191,0.002678410637413771,0.0015457329121680832,0.11909987807566343,0.0020618838154702413,1.3890182618414808,0.5752564201849076,5.821428571428571,0.5858464289766936
0.5,0.0,192,0.0026191972933733787,0.0012068914718121608,2.162214129294341,0.0016203880313076739,4.641560449888298,0.5826192571697238,5.785714285714286,0.5938955764340275
0.5,0.0,193,0.0011354418264878537,0.0006961952451746792,0.8983704697953575,0.0006408052521394837,0.4045432886843609,0.578053587471084,5.357142857142857,0.5781116879044786
0.5,0.0,194,0.02308857988908293,0.025037977729119882,4.6327500749370545,0.022393443650408018,7.20890378470789,0.5563199399158478,5.857142857142857,0.5415262130640581
0.5,0.0,195,0.0003235415532045804,0.00024383993277161085,-0.06947882514216985,0.00016701009634200164,1.8379465551112257,0.5805366975489676,6.0,0.5809500459119523
0.5,0.0,196,0.004313340204923026,0.002581858487508226,-1.034583742156201,0.0026439069330409476,-1.5142687731074982,0.5530898578559199,5.571428571428571,0.5694700285484879
0.5,0.0,197,0.003769154526213111,0.002555266523856005,5.803528802085121,0.0017383539723319545,-1.1212959187572646,0.6151511347354702,6.535714285714286,0.600944161630189
0.5,0.0,198,0.0031846168237572568,0.003967764386564859,1.1967096758087241,0.0030766886366341336,3.2279692171139893,0.5703551178229918,5.428571428571429,0.5850287088445344
0.5,0.0,199,0.004128022045299565,0.004372063969533627,4.811308457318944,0.0037070437335301964,0.5037272810385787,0.5981350299508315,5.857142857142857,0.6113213426226886
0.5,0.0,200,0.001146885139170065,0.0007266411168135767,2.0920759092765784,0.0009010872013829011,1.3624734935830436,0.6158038695854252,5.928571428571429,0.6183331039089415
0.5,0.0,201,0.0011919748906387348,0.001274065453477256,0.47293530422982144,0.0008424875418712737,-2.998483295438755,0.5979954949041969,5.821428571428571,0.6170840582087143
0.5,0.0,202,0.007714270485641541,0.005995944881177172,2.7707643257075554,0.006654232437106015,-0.8597120520886582,0.5858941239178744,6.071428571428571,0.6115117989827319
0.5,0.0,203,0.00028056406970044736,0.0005368069059980705,0.5935291109901755,0.00017116279534287168,0.7747177886561284,0.5573484273242159,5.785714285714286,0.5699059407603471
0.5,0.0,204,0.0066001721761422905,0.006089111257165808,3.3832506406083858,0.006279260453803799,-2.233195046200185,0.5962968005177924,6.107142857142857,0.6018645582093152
0.5,0.0,205,0.002823538518896309,0.004348884585549491,2.466795479333598,0.002569666482464357,3.394851613132024,0.6168995514045623,5.821428571428571,0.6341735811621028
0.5,0.0,206,0.0019450641291870777,0.0023555980198348347,1.511313015658601,0.0016145700769985834,0.8138357860790583,0.5993201330331719,6.678571428571429,0.6302603391588723
0.5,0.0,207,0.02721949182977921,0.029110810289279025,5.466080119515804,0.02676047953567004,9.91859511594285,0.6054757987161076,6.464285714285714,0.6220598827485871
0.5,0.0,208,0.00413114961133417,0.0050224488244395744,4.089073818817506,0.003523036139792014,1.0730137213744324,0.6107046123133101,6.428571428571429,0.6171371164236192
0.5,0.0,209,0.01586500202116171,0.0170294976396414,4.839645263533687,0.015344003954716296,5.510069411022187,0.6050662415289864,5.464285714285714,0.6467501584366075
0.5,0.0,210,0.004068191847211151,0.005252869912013802,1.407100366522826,0.003832563057788581,-0.8065445590294663,0.5819009676109353,6.714285714285714,0.5840150102746101
0.5,0.0,211,0.0016640732351992237,0.0013235054295335877,-1.392867767927375,0.0014711620054127373,-0.4086695506012082,0.567301460143835,6.571428571428571,0.5661676148437895
0.5,0.0,212,0.00290875576812398,0.0023926602644573683,1.437287891857532,0.0012870306588173104,0.8978775815438572,0.5365886918050796,5.821428571428571,0.555343004737807
0.5,0.0,213,0.001877367199685713,0.0012122909067292412,0.29283915054620024,0.0009785865148383287,0.5864029594465592,0.5689385475962866,5.571428571428571,0.5766420105561104
0.5,0.0,214,0.0043116890834991465,0.002063281476713868,9.141885362167395,0.002248650017381559,2.3950661260031247,0.5544906865527616,5.285714285714286,0.5771881329785316
0.5,0.0,215,0.002260948029567925,0.0016010415574909595,2.5318741612677136,0.0012834460723445795,0.749581076436319,0.6127303754277499,6.178571428571429,0.6257163632253946
0.5,0.0,216,0.0013044718354196713,0.0009199362846301321,-0.43272257993744273,0.0008063902909252662,2.073007675272464,0.5762646113662179,6.071428571428571,0.5934298108038103
0.5,0.0,217,0.0012418070526962334,0.0014906802684525882,1.5336357995598273,0.0007401411309246145,-1.5033917138060815,0.5680871484574483,5.142857142857143,0.565867823356539
0.5,0.0,218,0.0014161334947333727,0.0011385777847855076,1.6285626392090364,0.0009953827274052957,0.9650148811691585,0.5904158764062755,6.714285714285714,0.608722536168993
0.5,0.0,219,0.0024063383516029894,0.00314152998529758,2.9797226452306895,0.0019430779251983544,-1.6004040314892904,0.5927971028670767,5.928571428571429,0.5920481145371056
0.5,0.0,220,0.0013209855913621422,0.0007398264597697896,0.9724269684811683,0.0004028858655680634,-2.295784077525686,0.5595948280746396,6.607142857142857,0.5669093234252305
0.5,0.0,221,0.001556112389773806,0.0021821760685280865,-2.514422430278747,0.001457115720236967,0.31494478656959285,0.5733901336931616,5.821428571428571,0.5908052044787913
0.5,0.0,222,0.003126569349213102,0.002619714629686512,0.07083650784654576,0.0027890527447738647,-1.6148782343857893,0.5873603973475029,5.535714285714286,0.5986658871450964
0.5,0.0,223,0.0011249864213431773,0.0013949182353633514,0.32830945408148676,0.0009243025953758327,1.3822181828156392,0.604496099774173,6.642857142857143,0.6121278677229633
0.5,0.0,224,0.008283956285625612,0.007291755808125826,-1.8758678234265176,0.007963594831692357,-1.2350918190952598,0.6189357161230868,6.321428571428571,0.6537126233605383
0.5,0.0,225,0.0007194359931004419,0.0005999785870002372,-0.6225234860122176,0.0004200933705632366,1.356509120694028,0.6292730347488805,7.571428571428571,0.6382685488086869
0.5,0.0,226,0.00375276152132057,0.00389936467128529,-1.2178724253405069,0.0034545228781839243,-1.481659878628875,0.5792198510459883,6.607142857142857,0.5909731903076312
0.5,0.0,227,0.0017650303667827462,0.00046335737510135413,-0.5711155522637247,0.00048305037337292004,-2.177421868582646,0.5607934904889466,5.75,0.5733664629162483
0.5,0.0,228,0.0024016220829569225,0.002778591890636649,3.605984025482049,0.0016644955341987178,2.5618434141369733,0.5525076078704748,6.035714285714286,0.5623736758712679
0.5,0.0,229,0.0038698223418624908,0.0010697392602440285,0.9844477228219451,0.0007796717586335075,-3.324502638848685,0.6088873278217454,5.857142857142857,0.612159280197873
0.5,0.0,230,0.0025677405859105638,0.001979597066326434,4.621088532970788,0.0017566033682996259,-3.4351491344260787,0.5658657024322662,6.071428571428571,0.5607046505112969
0.5,0.0,231,0.0007572304860945707,0.00021269914380943949,-0.052991215992174524,6.675083018377646e-05,-1.1511013454753918,0.5469048395211927,5.75,0.5558661939412739
0.5,0.0,232,0.0006752514738112141,0.0004154746849102574,0.9688652919866456,0.00036142372727227125,0.4531309952221629,0.5929230744641362,5.785714285714286,0.6218397037297678
0.5,0.0,233,0.0012594839141992604,0.0003921956385433044,-2.5645451993074744,0.0003850923132315422,-3.735793711271801,0.5300830598508806,6.321428571428571,0.5357187978179304
0.5,0.0,234,0.007510868707597733,0.007322984565247574,-0.3578435147948369,0.007173594814693291,-0.7221478572703101,0.5637769341988129,5.928571428571429,0.5736728024410158
0.5,0.0,235,0.0030065178158438007,0.0017005019892876979,2.0842358724831627,0.001580130858008958,0.861533980203736,0.5615840908784989,6.357142857142857,0.5906824614652393
0.5,0.0,236,0.002887648090472032,0.0014810493840400282,4.297782499749407,0.0008407520386867355,-3.453853794771599,0.5635859335536916,5.107142857142857,0.5674296158010401
0.5,0.0,237,0.004467448761087533,0.005318728385499554,3.9652012327178547,0.004319031081783389,4.116857806396013,0.6180421407363157,7.142857142857143,0.6195067013304955
0.5,0.0,238,0.005347366796110112,0.0065422496281873415,-1.8686451387893517,0.005183417222554471,1.9776424022437311,0.571542676862933,6.464285714285714,0.5769633371406333
0.5,0.0,239,0.0011519228845465472,0.000552973261481147,6.7566771771695455,0.0002871795588399263,1.33932644738303,0.5664945704916377,5.535714285714286,0.5694592962043545
0.5,0.0,240,0.005263342699956471,0.00623207763964316,2.68000952888112,0.004212114376501756,0.02527372194561887,0.6156657960717514,6.392857142857143,0.6349600095205046
0.5,0.0,241,0.011140761434854833,0.010097315290565522,3.113247587868623,0.010881376166993847,1.2541968532534706,0.5932232712307833,6.642857142857143,0.5965630618434332
0.5,0.0,242,0.002042248860296803,0.0023133678939809624,-6.748451046574132,0.001580841976349487,-0.8694916241879677,0.5889547908706281,5.75,0.5968790172266747
0.5,0.0,243,0.007169658754326142,0.008143668791855442,2.398315836147674,0.005883456541337643,-0.0958708033900848,0.5344549372063926,6.0,0.5593880021073012
0.5,0.0,244,0.0022726605560161118,0.0010665641619965656,3.601244135239123,0.0007388908726239591,-1.5174750364880367,0.5871271806720084,5.785714285714286,0.5985074869994423
0.5,0.0,245,0.0009499209512334419,0.0012855768613880538,-0.3264640378233234,0.0008532881765084167,0.18501663507504418,0.5765904979185272,5.5,0.5801446171804783
0.5,0.0,246,0.00096815175725334,0.0009225007106342049,1.9849068723239895,0.0008720268747194043,-1.7371112080720366,0.5465157152058903,5.714285714285714,0.5441856416715418
0.5,0.0,247,0.0008490251130448026,0.0004671817078115869,0.04944827120611232,0.0005705001856284149,-0.1486810376648672,0.5689106832952243,5.642857142857143,0.5861180367448608
0.5,0.0,248,0.0043845210033562395,0.00457664608526634,1.9443035829801925,0.0038158145744941105,1.7849399399448203,0.5854514985193461,5.642857142857143,0.6053367079095631
0.5,0.0,249,0.013258767555070888,0.014566019175640627,3.2165806610423715,0.013175264975290063,3.3112104392404453,0.5452297861312944,6.214285714285714,0.5634389138332627
0.5,0.0,250,0.0036815872154096815,0.0002509549737035036,-0.059384962016281406,0.00021614837976047246,-4.992271196293738,0.5779592065538612,5.571428571428571,0.5969651374989056
0.5,0.0,251,0.0015945036624718432,0.0005147357287241832,4.218765063238237,0.0011377281342330587,1.4049365087187293,0.5120720069279087,5.964285714285714,0.5141695382770035
0.5,0.0,252,0.0017061273282653457,0.0010307207667710572,-0.45007344558446033,0.0009880634410378262,0.4400203598677592,0.592462358962841,7.071428571428571,0.609291994147543
0.5,0.0,253,0.003655166188159083,0.002832363970484928,0.7513967243700771,0.0031606567567934417,0.591483166194223,0.580732715760756,5.75,0.583277033370464
0.5,0.0,254,0.011281930459356474,0.013225694598694833,2.451952927309217,0.009880629124981373,4.153735579269977,0.5772260352988015,5.642857142857143,0.6259969732878442
0.5,0.0,255,0.004727820848415904,0.0033983192334928413,1.6140253448895787,0.0038899347064341454,5.399052594472749,0.6003965847485618,5.642857142857143,0.628771339567692
0.5,0.0,256,0.0010060263881400177,0.0007624535302796927,2.45043023868692,0.0007266763481579754,1.1670253546824558,0.5187510469664741,6.857142857142857,0.5321287834423728
0.5,0.0,257,0.003000288153665075,0.0030622213094378074,0.27387431246828936,0.0021966090026704437,-1.2539192374123047,0.5666644729843942,5.428571428571429,0.5760924179755579
0.5,0.0,258,0.00028814562899639464,0.0003552519063858919,3.427193418941698,0.0002532030605148189,0.37314097702730464,0.5888538925802899,6.571428571428571,0.5847879301623736
0.5,0.0,259,0.0009162270074191711,0.0006976808065153057,2.2492557376498232,0.0007699717116644116,-0.011561060943847679,0.5168857610018163,4.892857142857143,0.5221529136647138
0.5,0.0,260,0.001596737456970801,0.0015749722122534076,0.600446432113292,0.0014420184312249138,0.927132174351641,0.595125698873061,6.678571428571429,0.5996791029104109
0.5,0.0,261,0.002162710287786735,0.0018193525728781394,-1.8163588914301652,0.0020072600323105547,4.2548158919266355,0.5577887757294321,5.428571428571429,0.562182485245881
0.5,0.0,262,0.0030192789963221604,0.0035522983596775644,5.12228722640928,0.0027180765782658643,4.393611944754525,0.5593317065340943,6.0,0.5690403927965533
0.5,0.0,263,0.0018841804191301957,0.0006952742261501541,1.5229997527704597,0.0014517819784205662,-1.2211184473098058,0.5811337353845111,6.571428571428571,0.5904055730216549
0.5,0.0,264,0.005791284832069164,0.004837963258853255,8.254853448622091,0.00541616110768009,0.03659388119117087,0.6050772924241375,5.964285714285714,0.6002503512893882
0.5,0.0,265,0.00026325327561410085,8.037201483555059e-05,1.959351618121057,0.00022494158334094333,-0.07911014796408722,0.5578499951007212,6.071428571428571,0.5688575204922518
0.5,0.0,266,0.0029415141477954266,0.0024519291393598672,-1.395003679401384,0.00224541135192383,-1.495406560714078,0.575692798554382,5.607142857142857,0.6000348092065064
0.5,0.0,267,0.00836972352034233,0.007097035377023179,2.869770046073768,0.00769823883846792,2.0817814742961693,0.5728511573716666,5.5,0.566722598742482
0.5,0.0,268,0.007979074869081235,0.006631556501397278,4.678710230025406,0.0064625363008002455,1.2414908295699927,0.6013094803913589,6.678571428571429,0.6098477726621556
0.5,0.0,269,0.0009190912153173047,0.001102869338999544,4.042356020395421,0.0008232723799089486,-0.5123123338307684,0.5892575816264315,5.964285714285714,0.5916212146779581
0.5,0.0,270,0.0018760090503202758,0.0009449116556445845,2.6042487998286012,0.0013199819450722414,2.1893988018166035,0.5971552964767968,6.285714285714286,0.6091819348134214
0.5,0.0,271,0.0016392295232248173,0.0012595260121183714,0.08430861468608934,0.001113135378487257,-1.6853798737727932,0.5440417122521426,5.928571428571429,0.5665732511832573
0.5,0.0,272,0.008261096111943398,0.009186795296730497,3.593237465736555,0.007743414430506459,2.814174711104035,0.521112441105365,5.214285714285714,0.5274542088620082
0.5,0.0,273,0.004292120324193941,0.003051231470770464,0.7878651646499009,0.0037809611197949624,0.01834205757729516,0.5741315969304306,6.178571428571429,0.5753049033067845
0.5,0.0,274,0.0012682660456109882,0.0011924015654796766,-0.04521351721046093,0.0009616330669974942,-1.2278771232200445,0.5856479957413717,6.071428571428571,0.6127553930142428
0.5,0.0,275,0.006065961938055384,0.006311535178297956,0.7995373918424301,0.00573781125088948,5.426962635129267,0.5467096692008012,5.75,0.5515298843404846
0.5,0.0,276,0.0024334834686564853,0.002023057493842223,3.712486715003289,0.0016162291160670412,-1.895787244111934,0.5668576227241366,5.75,0.5650668203339859
0.5,0.0,277,0.0046696521276187895,0.006170733534611428,0.020563134988795657,0.003576487318221764,-1.4119972378170378,0.5872696504652088,4.892857142857143,0.6136205285824327
0.5,0.0,278,0.0024624593774110705,0.0022337099955794695,0.7081752360347858,0.001772743611364026,-0.2153794403851066,0.5731917086484674,5.928571428571429,0.5824753363162846
0.5,0.0,279,0.007357413991383754,0.006282048661938657,3.6539102910325405,0.006759253101669706,6.361461011186672,0.5747660214927243,6.214285714285714,0.5932336714311753
0.5,0.0,280,0.0011434639129423694,0.000861515222814985,-2.1309473272182324,0.0007109427824931792,-0.8846289195889673,0.582936139682476,6.178571428571429,0.5906652514925943
0.5,0.0,281,0.0027040530792433013,0.0011224470570177004,7.214753843169045,0.0009351200458476601,0.20874215426792375,0.5766380421422215,6.0,0.5901029148820351
0.5,0.0,282,0.003597768459872266,0.00468977594606844,1.4115640102322402,0.0033862634829485583,0.5538638332569974,0.5238385190783471,5.892857142857143,0.5314485720980748
0.5,0.0,283,0.004528065071356566,0.004407371847010544,1.0990983835906338,0.004322050763928737,0.7430584082753929,0.5960707113225565,6.5,0.6130727264023074
0.5,0.0,284,0.0017759835024768766,0.0015038627179119717,5.402946768477288,0.0014048498071209,0.011533574463906385,0.5738455163347614,6.535714285714286,0.6044053074087108
0.5,0.0,285,0.0060348041182625356,0.006048093413032846,2.4770244546626543,0.005949277760387553,5.533284507102299,0.5716132590251026,7.107142857142857,0.5965709476520562
0.5,0.0,286,0.0031249417728056966,0.0002788698478884491,0.5761860426819586,0.0004527914907874458,-3.4046386610690056,0.5942825811936248,6.285714285714286,0.5878002989978772
0.5,0.0,287,0.0012969913065251546,0.0008849645273797107,1.7706103884502227,0.000824729222970819,-1.3001109622651843,0.6078855470681964,6.178571428571429,0.6172414223361435
0.5,0.0,288,0.0022136446037666377,0.001898315264047931,1.2059014298223378,0.0017553643035164682,2.3989661514698355,0.5742920725741476,5.535714285714286,0.5911916996271758
0.5,0.0,289,0.007300635863848324,0.006914433904535826,1.6057221719230388,0.0068363733230318545,0.8173747533374941,0.541612140766279,6.0,0.5273794143812436
0.5,0.0,290,0.0034553813510657533,0.004918195079930197,-0.4197299865516773,0.0029839905125691206,0.21416571981517527,0.5388755314768767,6.071428571428571,0.5644652558489001
0.5,0.0,291,0.002590840972423024,0.0026690916786013376,-0.040104514595194964,0.0023204394018098698,-1.7114685486782453,0.5769022845278348,5.75,0.599096508623109
0.5,0.0,292,0.0011690907477629056,0.002051086490072243,3.2197861262394363,0.0009679280201694354,2.5222639976272867,0.5577124282504938,4.964285714285714,0.5566646320643386
0.5,0.0,293,0.00393111347201097,0.004658921186165547,4.016480172807992,0.0037771330558330233,2.8039787646720904,0.576332168577396,5.571428571428571,0.603466232326252
0.5,0.0,294,0.0019738000272203323,0.0008097550186003165,-1.596753852552799,0.0006863447851373741,-0.5703525776350489,0.567352540396226,6.25,0.5995396930793997
0.5,0.0,295,0.003578748492305232,0.00537195189082544,0.1778393763682781,0.003394929562781025,3.7980908413540058,0.5869072252034133,6.678571428571429,0.593645272419257
0.5,0.0,296,0.001105257112117204,0.0003471732695163979,2.6495358053827736,0.0003153271439853041,-3.9746252126316697,0.5313510240556566,5.607142857142857,0.546850169902714
0.5,0.0,297,0.0017123490667778456,0.001884777746621835,1.5569818480170834,0.0014281388182217014,1.7806524994313218,0.5846560439192757,7.035714285714286,0.6046142310450697
0.5,0.0,298,0.000611877792657873,0.0006725916110310886,2.306098352391397,0.0001780363337142117,-0.1648743343151485,0.5610489816928496,5.035714285714286,0.5693735581524396
0.5,0.0,299,0.005723018774082258,0.0017922189706113833,8.398784784055104,0.002507518853332525,3.93392225550636,0.565279983193694,5.785714285714286,0.5681859292219206
0.5,0.1,0,0.0031266547154310356,0.00240769178601159,5.620057677707933,0.0025982047564453614,0.464648563489978,0.5765246434698127,5.392857142857143,0.5769899316278766
0.5,0.1,1,0.006182356069277347,0.007451707269709086,4.386242122771715,0.006011256944555355,5.12020516212048,0.5499187945059426,6.642857142857143,0.5397810755690754
0.5,0.1,2,0.0028829636481071045,0.0021705228566523027,1.9974568652150897,0.0027569386130213845,1.5221675763237574,0.6081230161736831,6.714285714285714,0.6319705739039552
0.5,0.1,3,0.0026395438178341904,0.002646706312234624,-0.9778665607629288,0.002226804750810162,-2.530799690450948,0.5800991697330539,5.285714285714286,0.5921764299205261
0.5,0.1,4,0.0017221276342426052,0.0011310300868722302,2.587741384903419,0.001281347567993518,-1.8900486673129724,0.6052543363007975,6.642857142857143,0.6102640005277458
0.5,0.1,5,0.003906884869828865,0.004660793757306332,-0.24441937176549308,0.003784596918834147,1.5582205230574573,0.5909556737994174,5.75,0.6031924217620537
0.5,0.1,6,0.0020628216039884593,0.002418117324750207,2.462356082605396,0.0017166989467193893,2.366767591022409,0.5887570311502792,5.642857142857143,0.5879815418366212
0.5,0.1,7,0.03833692150230262,0.035303456577167616,9.782753614884077,0.03418716541077399,9.200016141573201,0.7066502397313792,6.0,0.7357535285686879
0.5,0.1,8,0.020100036283122676,0.019860886073778162,7.370841875280784,0.0195077094904148,8.735375171164756,0.6757698164438762,6.785714285714286,0.700395996843685
0.5,0.1,9,0.004704493545793206,0.003878425065622609,3.190046736481501,0.003399953079808189,0.39849105376471056,0.6033696107504796,5.857142857142857,0.6035186468016778
0.5,0.1,10,0.005280369618346873,0.0039751379925094315,5.47234105465454,0.004124876340776114,3.882774161258728,0.6160473669187573,6.035714285714286,0.6166328873595068
0.5,0.1,11,0.0036303720855613364,0.003645076597078613,6.204020290846273,0.003541749506856689,7.950331086811531,0.6135785461223936,6.214285714285714,0.6128303283130186
0.5,0.1,12,0.005345841687198135,0.004815130692518251,0.8662065621239682,0.005149890227558552,1.6680220437491187,0.5392375418169988,5.607142857142857,0.5500101864228795
0.5,0.1,13,0.004744692382913777,0.0039651727892187644,4.821555682110528,0.003318761712482868,-1.103949428547698,0.5998232989318881,5.428571428571429,0.5976468173738909
0.5,0.1,14,0.01066170508554447,0.010115605590275937,0.9613895663001794,0.010108180832532536,-0.3063205108869245,0.5692619915798909,4.928571428571429,0.5810011024994137
0.5,0.1,15,0.007595018153644044,0.009735144898826206,5.412959032379035,0.007382164851280751,6.89246928814354,0.5743634456359592,6.392857142857143,0.6061921672687032
0.5,0.1,16,0.005754945104843753,0.004000989304240155,2.304598905041066,0.0050788568004330814,4.700726567465741,0.565802125644997,6.285714285714286,0.5970829921157856
0.5,0.1,17,0.00868346650305046,0.008214884872609459,-0.8685006224561391,0.008293389286265012,0.3490513081844047,0.6227097533001141,6.535714285714286,0.645827579178309
0.5,0.1,18,0.0019545246350539296,0.0022755875954678035,1.1944932981732184,0.0013594878562700195,0.8069241058559081,0.53788751325255,6.035714285714286,0.5482593457984464
0.5,0.1,19,0.007924659425533451,0.009986000163947928,1.6038956015180759,0.007544415604743256,2.3724068825634013,0.5885624349746527,6.392857142857143,0.614852474952738
0.5,0.1,20,0.0026959495415920564,0.0014595738150823192,5.136109208374061,0.0011719058076493708,-4.751117104415802,0.543815527614889,5.821428571428571,0.5385418066621916
0.5,0.1,21,0.003805730631701761,0.00275480887142745,0.6765268233804894,0.002997252292052354,1.3138690322030016,0.5620236017601605,6.428571428571429,0.5549887870892576
0.5,0.1,22,0.0008564265108544405,0.0007163277309404145,-0.6128975628659248,0.0004915043485394634,-3.978926918494049,0.5788239874308895,5.107142857142857,0.5944619364163327
0.5,0.1,23,0.004817257280256312,0.004192794017482086,0.5478630258509819,0.004635803852645353,-0.15456565399453362,0.5753141657342921,5.571428571428571,0.5922973020662161
0.5,0.1,24,0.0016183357930278648,0.0017693704305194158,3.8211971580660227,0.0015041400114978907,0.9068700768472789,0.5990777033539321,5.928571428571429,0.6074741945588213
0.5,0.1,25,0.0017491670527373874,0.0020623511906125817,0.5499729656202325,0.0014743074155737057,1.5549976940299928,0.603214172888262,6.285714285714286,0.6248494875489242
0.5,0.1,26,0.0026033997803521767,0.0015629930087597724,3.014162526274788,0.0007896194001766823,0.05439827930705595,0.5422876438346976,5.535714285714286,0.5258896805247197
0.5,0.1,27,0.0010554111408975018,0.0010510896263813798,-0.3055004277281152,0.0009544442450914501,-1.5976486375594259,0.5962010915663897,6.607142857142857,0.5952254516726391
0.5,0.1,28,0.001914047808659788,0.0018372233735443882,0.5634437090650218,0.0017788463684942214,0.4176440909758412,0.6197357016363977,6.857142857142857,0.6255736240542631
0.5,0.1,29,0.009505291907786264,0.009778410358464266,4.922030766950428,0.008544243718957036,6.904190468953554,0.581640816796516,6.785714285714286,0.6033555292526509
0.5,0.1,30,0.0266754504835678,0.028328269680971702,3.3582130035597593,0.025805890854592124,9.849092625225532,0.5627425741706292,5.285714285714286,0.6035534087335663
0.5,0.1,31,0.0010128257702896296,0.000512831551181416,-1.3801765090019178,0.0006334907847231842,-0.43541398942087994,0.5624584682787164,6.0,0.5814066986051638
0.5,0.1,32,0.0028784820740411885,0.0023795739761479718,1.8568742464124455,0.001792584861209324,1.9471413244471119,0.582137023440273,6.0,0.5846442656157405
0.5,0.1,33,0.011316895153116202,0.006036239764829639,8.997479334231818,0.007151170810962112,1.5117096500965204,0.6881726930614469,7.214285714285714,0.6880786353523687
0.5,0.1,34,0.0029449102688598504,0.0036157554069379447,-0.7487560026683203,0.0027670337375712986,1.346605448990175,0.6143957241945788,6.857142857142857,0.6236075531582586
0.5,0.1,35,0.003395960038404203,0.004737580097430418,0.04689189438224162,0.0032942600346781833,2.8540165355715224,0.5648360738751513,6.142857142857143,0.5767104883432334
0.5,0.1,36,0.007632816745897755,0.009975479721777002,2.9234965919743465,0.007511956806255448,8.543971759468926,0.5975781120548184,6.428571428571429,0.6138221397406427
0.5,0.1,37,0.005259066873467742,0.004932116686128581,1.9092489283642256,0.005021450307848386,1.9306818487142248,0.586565839104045,5.75,0.6073145371094965
0.5,0.1,38,0.014823670547968782,0.014185818493255753,6.288629697685309,0.01454278303672877,12.396996744449515,0.6205150895184125,6.857142857142857,0.6334951501598025
0.5,0.1,39,0.0037015257378111115,0.0027189475801282573,3.1609236253928543,0.0030115544368951815,-1.9435912948020377,0.5909540973050105,6.642857142857143,0.591087353480934
0.5,0.1,40,0.004335449796343178,0.002969016367670805,6.384269727598858,0.0025996169581485847,-1.6938960036518722,0.5985209913145983,6.392857142857143,0.6137337764386633
0.5,0.1,41,0.0032272216085341057,0.003367409999561295,-2.78403150546067,0.0024350491502405716,-0.18292825239565977,0.5574126426738192,5.785714285714286,0.5770607228537539
0.5,0.1,42,0.00231819669559174,0.003560446060633926,-1.0245140700688278,0.0021431541407803574,-0.9707564988751282,0.571935281049995,6.357142857142857,0.5880972439496172
0.5,0.1,43,0.017564936572884802,0.0156764777160993,5.163535261959235,0.017132535282843423,7.127880084005871,0.6329581900809436,5.428571428571429,0.6507891207484824
0.5,0.1,44,0.004103024881955418,0.004239770938047365,2.645276899199928,0.003325792596574903,-0.35550590307999147,0.560081916216695,6.071428571428571,0.5748302862587256
0.5,0.1,45,0.0011909226948283223,0.0011396141252495455,2.069906171254113,0.001060842382043085,0.3728867458444161,0.5864184721055479,5.571428571428571,0.6042780783356615
0.5,0.1,46,0.0019086661442194988,0.0017394045965554287,1.74134314252827,0.0016900588447694195,0.5750589411605441,0.5890189331452368,5.535714285714286,0.6083863834595848
0.5,0.1,47,0.0060332134511028685,0.005742872614399671,3.811116401317065,0.005799165617833401,3.8950250674226177,0.5768682593525372,5.714285714285714,0.6012950700554769
0.5,0.1,48,0.04636154243416476,0.0438862732715691,15.55226136173087,0.0455929956710935,22.793623624625113,0.6759173693167179,6.821428571428571,0.7268851723316487
0.5,0.1,49,0.0019088241703308646,0.0020910453471877657,-2.0152811054492,0.0013942433383690902,-0.21530001467187768,0.5712668863658538,5.785714285714286,0.5957554705496455
0.5,0.1,50,0.007070200135521005,0.006139188470517504,4.187193635749452,0.0069433672030503385,7.256216975934014,0.639515794455809,6.607142857142857,0.6494038336224939
0.5,0.1,51,0.0034239316167319635,0.0015612035130199119,-2.3929941781295745,0.001071650808425184,-3.643252478917759,0.575610529689932,5.285714285714286,0.5832488697682392
0.5,0.1,52,0.0039742092761113615,0.004851286143552314,1.894496080985192,0.0037596006404962126,2.2905843903165155,0.5883264210443474,5.571428571428571,0.6170587512004295
0.5,0.1,53,0.004489927641819001,0.001982984627307433,6.935845344718416,0.002466877141480017,-5.3724461761379985,0.6211063731818561,6.714285714285714,0.627371407368547
0.5,0.1,54,0.005507852576777618,0.0039691518757011485,5.918722764342836,0.0032921779522438934,-3.2861350957898217,0.6009990327658327,5.928571428571429,0.6387091482486306
0.5,0.1,55,0.0012238057967227682,0.000869400888975715,1.329482041726095,0.000727797598263017,-1.7595667903735546,0.5478593340051608,5.321428571428571,0.5676042502516909
0.5,0.1,56,0.02805770354727535,0.02758681155645281,3.1512347764538995,0.027546384831493125,9.105400387783371,0.5404025139979315,5.892857142857143,0.5725443070167388
0.5,0.1,57,0.005216723595711906,0.004788643762501614,8.658476653827629,0.004830653450108402,3.0224527800053616,0.5792513804259893,6.214285714285714,0.5881156810506448
0.5,0.1,58,0.0017025986087121862,0.001131830503751449,4.3981794882393785,0.0006924730459928867,-2.983902596062279,0.6412990992088005,6.142857142857143,0.6528754602844149
0.5,0.1,59,0.0019097588334103827,0.0033488616632121014,1.4548549185653978,0.0016449624133660727,3.231091457808162,0.6069971361848631,6.285714285714286,0.6153403288938426
0.5,0.1,60,0.0028384880878323487,0.003719609615664377,-2.0041676430788207,0.00278899149734986,0.8679473590983662,0.6011201048884408,5.392857142857143,0.621526273012297
0.5,0.1,61,0.0029538756608207804,0.0018396895026861846,4.529703014485269,0.0017975214656150078,-0.4242653033217607,0.6359836512669287,6.178571428571429,0.639127116222501
0.5,0.1,62,0.011241827129667814,0.00953000622403247,6.660272312096727,0.008877209386954103,-0.564147243998311,0.6093660192463827,5.714285714285714,0.6111616751149344
0.5,0.1,63,0.002569607455169615,0.0012525833669262553,-1.0353013401939108,0.0013228598944442867,-2.151672422440953,0.5993491242146172,6.785714285714286,0.6030939296217028
0.5,0.1,64,0.007864244998406789,0.006702997043634902,0.5756380378096443,0.007182764224229939,-0.5884937230572026,0.5906294890334566,6.714285714285714,0.6050357697613649
0.5,0.1,65,0.006585532598567433,0.005929621447946005,5.797037571490487,0.006110492842317761,7.673383214856973,0.5518150662310839,6.607142857142857,0.5548416322676346
0.5,0.1,66,0.007905496867454401,0.007927770342959738,4.485024316494351,0.006821823701503449,0.8305863137563089,0.5724731830748748,5.678571428571429,0.5901006517354279
0.5,0.1,67,0.004204100483636631,0.0018485340741251639,6.49620322693346,0.0019666401259018696,-1.5465231375385333,0.5629838839527427,7.25,0.5561118710785359
0.5,0.1,68,0.00501428960675116,0.0037973666115279697,4.831145056350967,0.003217369368339171,-1.368808291595722,0.5428191525806487,5.928571428571429,0.5281715961612428
0.5,0.1,69,0.005334837965132726,0.004963501937534305,-0.1904322500364041,0.004920040907623772,-0.28782969372394973,0.5859784650672611,6.785714285714286,0.595375905659094
0.5,0.1,70,0.00031141327566439,0.00022463929629482827,0.697479933813374,0.0001905365473062679,0.5736165289533423,0.6073876420936146,6.178571428571429,0.6021890129653708
0.5,0.1,71,0.0006886475495368739,0.0009555031475872764,0.2530358317824077,0.0003371366241785764,-1.8171138246173275,0.5590260995572841,5.928571428571429,0.5727456063636382
0.5,0.1,72,0.009916451497645402,0.010534062740756115,2.063858460220331,0.009220981118294946,3.7139553697194287,0.6210947823095507,5.642857142857143,0.654469168125294
0.5,0.1,73,0.0032905371128188515,0.0026947763897915353,4.731403831464206,0.0026131370405676623,-2.254783656545385,0.5650208289757871,6.535714285714286,0.578498947493495
0.5,0.1,74,0.004142621594064472,0.0033444139978203134,3.7747732152326514,0.0034297042085570553,-0.0450676984761742,0.5943826142011702,6.285714285714286,0.6045969305465604
0.5,0.1,75,0.002705344316990547,0.0022050255894772953,-0.7199757221558798,0.002451103052064841,-0.2539360739970296,0.62727004217925,6.535714285714286,0.6392572521816369
0.5,0.1,76,0.02137833471991012,0.024402844339941634,6.712255785815064,0.020541247686254933,3.150633172639971,0.5592505353819475,5.857142857142857,0.5958395590191443
0.5,0.1,77,0.000858623303402718,0.0009790133366626087,0.3983909313569143,0.000492739113756708,2.3732245429198904,0.5696246918926648,5.464285714285714,0.5670775305395164
0.5,0.1,78,0.0007437806341393469,0.0005664049098929541,0.7731376392660726,0.0005289879833987367,-1.6727247498190347,0.6368417437559899,6.785714285714286,0.6471796533705312
0.5,0.1,79,0.0007046476981939878,0.0005419329991320074,-1.4189236440532607,0.0006371332087971206,-1.3918523487169807,0.5204439393449817,5.214285714285714,0.5288182324683174
0.5,0.1,80,0.0021428342707265255,0.0007038400118155347,2.8811799284678252,0.0005620791710710305,-2.4305042637861902,0.5825827980337385,6.5,0.5939641648638734
0.5,0.1,81,0.0023897634873167152,0.001777984786978799,1.92728705677924,0.0018751265582254634,-0.5424168252830744,0.5870737590630309,6.0,0.5908413544739324
0.5,0.1,82,0.012876374017657833,0.012083182515200354,5.47554343446465,0.01135294750048941,-1.0143326458532063,0.5491859114855726,6.392857142857143,0.5571793218949914
0.5,0.1,83,0.0011382778510071283,0.0014544153675908292,-4.146087782261797,0.0009634567271888143,0.49884128579228104,0.6155107512775672,6.428571428571429,0.6140290617495578
0.5,0.1,84,0.001031326453531667,0.0009480684016006045,1.4149963828399639,0.00034030625989130674,0.23889458989037848,0.5831801327962289,6.321428571428571,0.6044846885332663
0.5,0.1,85,0.0012878202469929336,0.0006101634669092335,2.9346598895293803,0.00033967676124142923,-1.2666351152350426,0.5472305306585316,5.321428571428571,0.5522225279034787
0.5,0.1,86,0.008504095858102825,0.010966514855927935,7.590769306376416,0.008341517089514559,6.233994491886591,0.551412027484204,5.821428571428571,0.5342367284845833
0.5,0.1,87,0.003883862253511456,0.0032788636978153263,-3.722992107527953,0.002649020289944714,-3.722324904891167,0.6028886621457827,6.857142857142857,0.5984044383905887
0.5,0.1,88,0.0007623172143126315,0.0005057071187803229,-2.0666577669100548,0.0005095187071137091,-0.5348212083746091,0.5917603587801654,6.142857142857143,0.5986575587655815
0.5,0.1,89,0.007776914343733864,0.007089526575841547,5.214411503472225,0.007754025256524688,8.022585430468192,0.5720847770826303,5.464285714285714,0.5810292761600675
0.5,0.1,90,0.004001515184947846,0.0033903070818909523,3.9737287276492452,0.0035114008419036757,4.188494869384887,0.5802891589425807,6.035714285714286,0.6006738916331273
0.5,0.1,91,0.004113495564039521,0.0037303825951245165,-2.211096706139481,0.003923158961317407,4.258203652743617,0.5262163583087418,5.785714285714286,0.5431493418108324
0.5,0.1,92,0.0010193185489493532,0.0011063736807417138,-0.8358669097954419,0.0008317500006398494,-2.6340969434664507,0.5699202610924424,6.142857142857143,0.5718315968871597
0.5,0.1,93,0.026560298473834475,0.025755993700040652,13.457569640792562,0.02521742709666531,18.278303919564916,0.6800722439546677,6.25,0.7211687154622768
0.5,0.1,94,0.02587156519249115,0.028221278439635313,10.268677863258565,0.025079584854344306,16.36509157810907,0.7079583402069384,6.357142857142857,0.7354218820356355
0.5,0.1,95,0.009973130805647277,0.009729605782583436,1.4245096986342862,0.00987553111199388,0.8847249321869318,0.5909005209463066,6.464285714285714,0.5986119538468365
0.5,0.1,96,0.015850478079881287,0.01354867963862377,6.762230072083099,0.01355079356132244,3.590205171313471,0.5454771248071105,5.392857142857143,0.5539529800915871
0.5,0.1,97,0.0011648457137584415,0.0007377459069531716,3.764184521169701,0.0008326582767092047,0.15079351205100502,0.5246571855955244,5.892857142857143,0.5176120156106221
0.5,0.1,98,0.0019921389449146687,0.001778267087514982,3.1659573370977987,0.001478035868301173,1.1272717325110573,0.6197705741989015,5.5,0.6149797844932222
0.5,0.1,99,0.0037368475664379818,0.0031165599067134813,1.3803579676053914,0.003481294360135291,4.468151801635666,0.578937121683082,5.892857142857143,0.5757422438156136
0.5,0.1,100,0.0013503339411218291,0.0010675803848341063,-1.8554517817172307,0.0005234597412354579,-0.8836060269036162,0.5672411828026328,5.678571428571429,0.5757472327965791
0.5,0.1,101,0.018281970988395665,0.016873554179921584,7.384155047013621,0.01816730555443013,14.743098627559354,0.5958542053389523,5.964285714285714,0.6124743001471835
0.5,0.1,102,0.008721316954681597,0.005197525026343384,4.3989779071392165,0.00521070037174876,-8.10653312201102,0.6690919176980386,6.392857142857143,0.6814554211340909
0.5,0.1,103,0.005743599658303988,0.006148421284754576,2.932138178873752,0.004287600085217636,-1.2335621941995119,0.5563484789789288,6.214285714285714,0.5659951127801645
0.5,0.1,104,0.0013212050558196078,0.0019071542011279093,-1.7488485238280873,0.001129516684793749,-0.3694863275699352,0.5624538730811719,6.25,0.5778659805919286
0.5,0.1,105,0.036526540096472625,0.0375657392693624,5.685601178734335,0.03350797318571866,9.863053954016985,0.7244166823909458,6.785714285714286,0.7693641625735691
0.5,0.1,106,0.006343336431007076,0.006286723224939184,-4.22858127643272,0.006290971598812089,1.3357856401089994,0.5853427732589054,5.714285714285714,0.5960943390349824
0.5,0.1,107,0.002663094407566249,0.0011084538491751162,5.010746138365003,0.0006777939566912706,-5.153555636404444,0.5844181970028034,5.892857142857143,0.5936759506288232
0.5,0.1,108,0.0016746403937696218,0.0018741331417137888,-0.8912330541320159,0.0010575732200452201,-0.14417869515826473,0.6150941873377102,6.821428571428571,0.6325736572118756
0.5,0.1,109,0.002998591054458728,0.002048850411486225,2.543125494766192,0.0023803444636421767,-0.22809706141787464,0.5459085559512014,5.642857142857143,0.5475491703930675
0.5,0.1,110,0.00179121254279402,0.002174023302319036,-0.745849298278813,0.0017290171493397532,0.2752466774243582,0.5569984979187709,5.642857142857143,0.5649959385822446
0.5,0.1,111,0.00603320101376807,0.0036019477551802715,2.8074774815087267,0.0030967287581562877,-4.494763122167133,0.6181577714340517,6.321428571428571,0.6285456887632976
0.5,0.1,112,0.01087560742563026,0.009140817095712146,-2.8846719773893503,0.010101380697550837,-1.467301726036671,0.5684321229556797,6.035714285714286,0.5792983512257788
0.5,0.1,113,0.0036112793684406333,0.003970672879316253,0.19938038224750207,0.0035495457667174463,0.37923674263011736,0.5504350309972448,4.678571428571429,0.5639801579174415
0.5,0.1,114,0.003027542203392093,0.0032840549973029284,1.5424858139900834,0.0028381347610094572,0.8676548160186238,0.5682697107067025,6.392857142857143,0.5791626328383448
0.5,0.1,115,0.02821135535002255,0.026942187140862703,13.667862999502262,0.027945785215079063,19.63669075247576,0.6226313248541305,6.928571428571429,0.6507921181604334
0.5,0.1,116,0.0010073689484032366,0.0010095726449102628,-0.08499714835292593,0.000730581073831539,0.35487322099339735,0.6107343821688379,6.25,0.6138115280976617
0.5,0.1,117,0.006053152402399245,0.006177486412718075,0.1286510096544191,0.005876981303027325,3.3390501325286075,0.6117753689140796,6.607142857142857,0.636455174928886
0.5,0.1,118,0.012913615869829758,0.010798428998145563,1.9099530030250094,0.01268060089757767,4.817486542164886,0.5748098145278248,5.964285714285714,0.5824228816071415
0.5,0.1,119,0.01712906586053526,0.019490299531909037,7.758972863477273,0.017060486438003317,8.496112646967617,0.6133383348141811,6.285714285714286,0.6505795936063614
0.5,0.1,120,0.002545091713246334,0.0015387946289745712,3.6198846322860256,0.0014106934244127007,-2.962639849041144,0.5715376375824398,6.785714285714286,0.587533177289207
0.5,0.1,121,0.0013968811823872687,0.0016264474704728788,-0.7847960682387717,0.0012760501056986616,-0.3263922388134593,0.584332878249011,6.571428571428571,0.5769099369391297
0.5,0.1,122,0.0025042956102118,0.002419963639674903,1.6997250390880652,0.001942615690362046,0.7780982571908908,0.5683166918967764,6.071428571428571,0.5705820080317463
0.5,0.1,123,0.0013544595508708825,0.0008467212271417544,0.9583130681466324,0.0012096885578830605,-1.6592629094335223,0.5827835108477314,5.785714285714286,0.5895886877391332
0.5,0.1,124,0.005185084199036364,0.0067208369137738404,2.7855619713453925,0.004414814167570469,2.3215925078564794,0.5982504247979824,7.107142857142857,0.6180253964377802
0.5,0.1,125,0.007166270217804619,0.007892856200356102,5.712328419858636,0.006993571714422677,9.571345399969317,0.5952131350646956,5.964285714285714,0.6152788215982703
0.5,0.1,126,0.004190867925833634,0.0022490494504631736,6.940365619233158,0.0018496236848658057,-3.6086924836924084,0.6148472414331009,6.321428571428571,0.6286177574097043
0.5,0.1,127,0.008405366177904654,0.010384211290580302,0.6618403817520951,0.008145904215425458,1.6759109998719357,0.5681901809113395,6.392857142857143,0.5721730805641316
0.5,0.1,128,0.003383038041763864,0.0026373111587953075,1.6701811272111893,0.002567956639667109,-1.8574297270534241,0.6227079908121483,6.035714285714286,0.6466121869609955
0.5,0.1,129,0.0017263951711440095,0.0020840792917623014,-0.59543064007471,0.00159473635190328,-0.5515735802987933,0.562358627678208,6.214285714285714,0.5710565546708
0.5,0.1,130,0.0014972553495708678,0.0015191360100097616,3.0473127086603804,0.0012973572684877009,-0.4496499369811602,0.6102786831929521,5.642857142857143,0.6112784233045843
0.5,0.1,131,0.001624315634011286,0.00022026277732080837,2.1311175830583315,0.001019981157846859,3.892003266333641,0.5828409966112513,5.535714285714286,0.5850629175628077
0.5,0.1,132,0.0024744245668326275,0.0014577515691952105,-0.45689325828083344,0.0015065788149904488,-3.899594638492507,0.6020735457021126,6.857142857142857,0.6307472677244751
0.5,0.1,133,0.0012586217549510137,0.0008651837885010225,3.606474812111287,0.00038804354015178276,-4.554776190549394,0.5275434028957168,5.142857142857143,0.5345288856239452
0.5,0.1,134,0.00202232376697203,0.0023228418090019565,3.519725567964779,0.0016775539545920144,1.1175970959684964,0.5623382277044767,5.785714285714286,0.5516036729783127
0.5,0.1,135,0.002733826782095066,0.0015480186321795081,4.352736754313004,0.00125244365966781,-0.12331473916227272,0.5935858537045,6.892857142857143,0.5920313873690699
0.5,0.1,136,0.0016971532116207345,0.0006506961455637741,3.2990001471347625,0.00046611302031503426,1.1133182250135292,0.5232782868650424,6.107142857142857,0.5395386774797868
0.5,0.1,137,0.0027314410305398587,0.0009100488734719395,9.020468758627837,0.0007279865807680938,-2.7423907538214203,0.6232700217372272,6.107142857142857,0.6446073709950735
0.5,0.1,138,0.001885113882078919,0.0017101776199987772,1.9066944791738838,0.0014830923064626043,-1.0540689919394406,0.5532077078753537,5.392857142857143,0.5532767720021768
0.5,0.1,139,0.0014401548544862991,0.0008793983246314321,1.8229534315727658,0.0010688521242207586,0.6983816113421426,0.5405160606601128,5.892857142857143,0.5288081237468047
0.5,0.1,140,0.008306924959654077,0.005490150910253573,1.840988957943381,0.004941938299144216,-5.289319412285702,0.5765912727102636,5.535714285714286,0.6038247147488525
0.5,0.1,141,0.0038427447354384705,0.0038644448868574953,3.3966556218920423,0.003095219166959978,3.3125346941054943,0.5735576732168803,6.75,0.5650439876993254
0.5,0.1,142,0.0023095697618545747,0.0017436293831731983,0.48631137876692304,0.001835083561595845,-0.4960948469055495,0.5817750203230229,6.071428571428571,0.5854969186730874
0.5,0.1,143,0.0012596373010258215,0.0010269647393183062,-0.8018185509310835,0.0009555941307613317,-1.4256461279281893,0.5484921425952055,5.428571428571429,0.5439114287701687
0.5,0.1,144,0.0016485145587528647,0.0009997367900444337,2.540773034685069,0.0008409467765940795,-0.3210150664296331,0.5979273475611568,5.678571428571429,0.5878569681889245
0.5,0.1,145,0.007922486065653156,0.009190806809812522,2.0800681389295335,0.007819883968265221,1.5073025392424977,0.5624748811695354,6.571428571428571,0.5495130887851876
0.5,0.1,146,0.006714716579617607,0.007616015398390729,2.159361017600181,0.006275547103466932,3.283367977167463,0.6009886133041354,6.892857142857143,0.6103854661207683
0.5,0.1,147,0.006998886023286031,0.010605553999543374,3.1389332772677014,0.006573611877545801,5.261355399081329,0.5547776801401809,5.214285714285714,0.5652107866335
0.5,0.1,148,0.0016144336012666087,0.0010812445640659067,2.455260227257431,0.0010623136213583069,-3.9165212794105835,0.5774642279081891,5.928571428571429,0.5950029491566362
0.5,0.1,149,0.00138381279432799,0.001363721441338062,-0.25790921971623487,0.001304503112443321,0.9267989565782102,0.6062347444976076,6.178571428571429,0.6370384934231024
0.5,0.1,150,0.0020955655749904595,0.001980170182572459,-0.9235198928979003,0.0018078697750687487,1.8462419616679522,0.5288680608487112,5.75,0.5455206768844183
0.5,0.1,151,0.0029790510005688014,0.0021502356754227827,-0.904337248081049,0.0011260258438683531,-2.131470137977061,0.5333677984770601,5.857142857142857,0.5560930215819041
0.5,0.1,152,0.001448032082345914,0.0010220920403552413,-1.1341916929042668,0.0012873455345481432,-0.6714141250992327,0.5969456371566374,6.714285714285714,0.6057006118255919
0.5,0.1,153,0.02270301028968855,0.021339639058312494,4.361543323118677,0.02240570439324117,9.646255235076135,0.5936395061898947,6.928571428571429,0.6085409714605092
0.5,0.1,154,0.0029197247854030684,0.0026487498735056074,0.8159020647961105,0.002524746264025562,0.6740451912821944,0.5564523285291199,6.392857142857143,0.5570281638184806
0.5,0.1,155,0.007698434689583536,0.0044067364719779884,10.565676511073102,0.006060693219261806,7.730082834916355,0.5466033203617323,6.392857142857143,0.540167822178194
0.5,0.1,156,0.004880022405953552,0.004974412560600091,6.693876643604322,0.004249472736536475,2.7252026842984187,0.5328394856146971,5.464285714285714,0.5366877665524644
0.5,0.1,157,0.021042853934289295,0.024950404035668623,1.7042767632144187,0.020865576370348214,3.463273524326629,0.5848195932376701,6.964285714285714,0.601547456165126
0.5,0.1,158,0.0025148530397036874,0.0024607266613795578,-0.1351122920437433,0.0023260549396290887,-0.046407265130729534,0.6157610713196268,6.821428571428571,0.6389424635762019
0.5,0.1,159,0.0024001725891083176,0.0019753625001530883,0.16313111416495,0.0017220714355110755,-0.7911914058506019,0.5965295287527169,6.107142857142857,0.59975494346783
0.5,0.1,160,0.002207295369873685,0.002270815531625199,2.0606855853306265,0.0021099566930388677,2.0420796456735673,0.5608456449617737,5.964285714285714,0.5598999761620254
0.5,0.1,161,0.0013391542159454217,0.0003769694788235548,0.7878221265683673,0.0004586756297097422,-1.059052218142483,0.544243229989363,5.75,0.5594136209268963
0.5,0.1,162,0.000753018209090034,0.0002948820968771394,1.9409515746285422,0.0003898475883402466,-0.40439556154839806,0.5922695246229546,6.785714285714286,0.6077614230677938
0.5,0.1,163,0.000538086180396562,0.000537657620337011,0.25936259204910544,0.00039639095099129016,-1.9777244675948964,0.5969898003016638,5.928571428571429,0.6132390827655898
0.5,0.1,164,0.005195130125676717,0.005351535614395498,4.54914085579848,0.0046102818064933685,3.485011811365401,0.5910202610003994,5.714285714285714,0.5904436240599461
0.5,0.1,165,0.0029017013794506038,0.003566982108541515,-1.4786908584149216,0.0024266921543296955,0.4813432631926939,0.5048860560469248,6.0,0.5042183217097203
0.5,0.1,166,0.004284286081654672,0.0033131731265788307,5.793868606129725,0.0026403848282232204,1.4533514585243192,0.5704975674583742,5.607142857142857,0.5639113482021496
0.5,0.1,167,0.0030087850958827513,0.0025974347662598906,1.6595000163635991,0.002457744132372014,0.9515570809089221,0.60806454885898,5.857142857142857,0.5970202576918304
0.5,0.1,168,0.0210116926839661,0.020266460098731603,9.206519711536904,0.020551650081796873,14.303700180319177,0.5777208349115959,7.321428571428571,0.6138021536414926
0.5,0.1,169,0.026429395414655662,0.026110632737151394,5.761763882987357,0.026273586772313704,13.975549934379197,0.6405556017897105,7.464285714285714,0.6735106902320043
0.5,0.1,170,0.011059025661853246,0.009041892221439848,5.488667358093494,0.008840701633990491,1.6418551897563702,0.6532715455943926,6.071428571428571,0.666588237740091
0.5,0.1,171,0.005577864540192511,0.004463690667357932,4.39523640007521,0.004903799627564066,1.965374283346307,0.6081043902354526,5.964285714285714,0.6215308596560879
0.5,0.1,172,0.003361438263012915,0.004969260486084009,1.1649785987430807,0.0031309860439223615,4.632541124115448,0.5959264670872658,6.464285714285714,0.6202823571110463
0.5,0.1,173,0.0007232793986154772,0.00043655217015497934,4.5273167459815795,0.0006488627027270058,2.4544404476902364,0.5901042633434453,5.714285714285714,0.6002415300468344
0.5,0.1,174,0.013327245492818822,0.012309531045677273,4.435060752841944,0.01248063713311661,5.8809315887827625,0.6335199588619335,6.321428571428571,0.6444619261064428
0.5,0.1,175,0.0037902412226501437,0.0024877274795315945,2.0962376842821207,0.003640172457288671,4.571360478999196,0.5525925225603995,6.428571428571429,0.5655463358371463
0.5,0.1,176,0.0023314348205295266,0.0020920296517104447,5.154536485164546,0.0017151394270946124,-1.7712634869171875,0.6011602485767974,6.607142857142857,0.626610929757909
0.5,0.1,177,0.0030324383080568154,0.0033807777637335046,1.878215604436292,0.002852906639471384,-1.9644033729081325,0.5917596642093891,5.535714285714286,0.5887151835577108
0.5,0.1,178,0.0029946094802761935,0.002252919049732745,3.6181697826272057,0.0026670948809257252,2.3957199590330354,0.5885860974475499,5.928571428571429,0.5912892865088837
0.5,0.1,179,0.025554134405720012,0.0274494050316026,7.191157748341415,0.02385942586771779,10.501835901537484,0.7077028775427922,5.785714285714286,0.7382499905035853
0.5,0.1,180,0.006864407549869427,0.006352450096292133,4.37920983382304,0.005809955637879215,-1.5130113474698514,0.6429853945329445,7.321428571428571,0.641795295663533
0.5,0.1,181,0.001752848724628994,0.001095090273293014,3.0857850703629026,0.0013652726932975564,-2.9033467692599024,0.58927621591489,6.678571428571429,0.5890017482103451
0.5,0.1,182,0.005814200911889228,0.006761386783953829,0.947806060413645,0.005142599458452343,3.1025365950877224,0.5862520208288494,5.892857142857143,0.6184123743907741
0.5,0.1,183,0.003047888515160677,0.002870537908709209,2.1261633217551528,0.002910361548096804,4.182714403586374,0.616130840109907,6.035714285714286,0.6173612685220381
0.5,0.1,184,0.003662863741292704,0.00048425901401967774,0.21628179373639492,0.0008973723444074395,-4.042087362094956,0.5655761949852406,6.607142857142857,0.5793704198721854
0.5,0.1,185,0.00630564713097758,0.005849889883034849,0.8904868168158183,0.005390051179472399,0.1354454855913616,0.5762748583960146,5.964285714285714,0.6142733608819968
0.5,0.1,186,0.0006955015288872783,0.0007049816399572387,0.919908761037135,0.0004756108146904023,-0.390464209441357,0.6069275719850751,5.714285714285714,0.6085385373206027
0.5,0.1,187,0.00038208271840580376,0.00044739472641188246,2.054971210595871,0.00032485462940801205,-1.0381955119153286,0.5993669089077487,6.571428571428571,0.6018119325068727
0.5,0.1,188,0.0009653149265439723,0.000772610871664236,2.4101691368498828,0.0006081531719455962,-1.5944408938682006,0.6013683653369178,5.928571428571429,0.6073380235420658
0.5,0.1,189,0.007879362455073119,0.008721428989824306,-1.9090516828560358,0.0076101949376910245,2.576965076377481,0.5749385999685016,5.535714285714286,0.5767862987253642
0.5,0.1,190,0.0026620254245115025,0.0016714327285012587,-1.9218021125315374,0.0011696346997140793,-3.2411310713568846,0.5894784315669439,6.142857142857143,0.608936820948204
0.5,0.1,191,0.04504827048098989,0.0434037487847694,17.228657953059592,0.04163722687521356,11.364055862323852,0.6847359266189567,7.678571428571429,0.6908424000476648
0.5,0.1,192,0.002307421914164999,0.0019250069522303327,0.1781273598921871,0.0017835650195283908,0.6311580942310021,0.6040245317667595,5.857142857142857,0.6126320364364994
0.5,0.1,193,0.0029346202506037164,0.002976085958034955,-2.008838799398395,0.0027986869871881857,-0.00789268826275702,0.5818108745242256,6.357142857142857,0.6013280114116502
0.5,0.1,194,0.0096713982117007,0.008620836587872148,1.3257429277079116,0.009184856589362692,2.559633212014196,0.587337449451442,6.142857142857143,0.5931396854671804
0.5,0.1,195,0.0018495057127277856,0.0009655784322377115,1.0673224114656723,0.0016834250022789514,1.162946827973703,0.5448068975758901,6.535714285714286,0.549213458232807
0.5,0.1,196,0.012620786019399212,0.01321448167660404,-0.17167863883772347,0.011835130449939158,0.948180376129225,0.5738960829013126,5.964285714285714,0.5738215867281962
0.5,0.1,197,0.003020987977819698,0.0007420244291939696,1.7651338433925237,0.0013440923871413492,-2.772169363262653,0.5708545286726674,6.5,0.5876592999350261
0.5,0.1,198,0.006797019530604475,0.0047705058196967605,5.05399046746219,0.004752212583701884,0.031268039043614713,0.6035953461692881,6.714285714285714,0.611652556643278
0.5,0.1,199,0.004862075129022566,0.0040398267909684355,-1.1529225641956107,0.0040263197933007745,-1.970179255653439,0.565503271092853,5.357142857142857,0.5799952394459655
0.5,0.1,200,0.00275000545198976,0.0023976723900761793,4.980238040608346,0.00149092588087499,3.4822719188934173,0.6160725845938639,5.321428571428571,0.6352910726646537
0.5,0.1,201,0.007036663692636474,0.0057527102204326,6.511796061080351,0.005879542931581056,3.2146863467263436,0.5886747554210459,5.892857142857143,0.5819984360047595
0.5,0.1,202,0.006534779881112977,0.006353442910328648,0.6352434895555442,0.006386535870526522,2.551810948359607,0.5968599722461948,5.535714285714286,0.6098585653568653
0.5,0.1,203,0.0011266853599834824,0.0007318674119303921,5.6831924411093455,0.0006384009463961041,-0.6263059954710096,0.5460806497435181,5.357142857142857,0.5647464995923996
0.5,0.1,204,0.0019914097634772627,0.0017826028254586332,1.8928116381773539,0.001521928854893414,-1.076484815295392,0.5820078785740712,6.0,0.5937269770409963
0.5,0.1,205,0.0042599142119715,0.004690299913096508,1.9870779877405862,0.004142897579847139,2.5989667359879243,0.5764470491130419,5.642857142857143,0.583581461793652
0.5,0.1,206,0.006439980637539586,0.00572438787861779,-0.7377190542734885,0.005957187620368839,1.4044156902343918,0.568715209603124,5.928571428571429,0.5889148534390533
0.5,0.1,207,0.006905006006093163,0.002807636524487899,6.981308876903181,0.0016249216105858042,-4.9559678285628195,0.5523592221891622,5.392857142857143,0.5717942599973533
0.5,0.1,208,0.0031937858618831493,0.0030720839069080822,1.1175391406345436,0.0030967357553803414,3.9034184975661788,0.5524115974171463,6.25,0.570789573780141
0.5,0.1,209,0.0030953043026005172,0.0023668785678068777,0.6475965642591367,0.002547208835708209,-3.1659345336272793,0.5450825487386318,5.285714285714286,0.5581081072042087
0.5,0.1,210,0.003254418161087488,0.00329433348538642,-1.8026435750866863,0.002550773699452745,-0.17771862702262334,0.6161732929544216,5.5,0.6276824944719752
0.5,0.1,211,0.00026705746928371715,0.000585075946389444,1.0485546402831478,0.0002601690431117767,0.7861502022314824,0.5866013010008171,5.464285714285714,0.5984047099681815
0.5,0.1,212,0.0037783070406099076,0.0014217263612834046,2.8148688480232713,0.0018546106419965608,-1.7535691827045998,0.5602645310665898,5.535714285714286,0.556471550454231
0.5,0.1,213,0.00937644588130175,0.00868237043052758,7.469872980651739,0.007620972813950283,1.4992892782094411,0.6123937394176063,7.357142857142857,0.6169261308092402
0.5,0.1,214,0.005138912310831496,0.003270761819815409,2.326774868334231,0.003590190769561935,-0.6998077040353508,0.5792148668841663,6.107142857142857,0.5986312660312191
0.5,0.1,215,0.003533296518620925,0.004866004172261727,1.380516854947236,0.0030034014527224448,1.5847806134431437,0.563640984064325,6.321428571428571,0.5542102747147667
0.5,0.1,216,0.0011016215802730955,0.0010588609694261624,3.584809401988281,0.0009144900185663508,1.9688280299658913,0.5792176496466154,6.392857142857143,0.5883553231302873
0.5,0.1,217,0.0014188657673962937,0.0018056757563812953,4.531139174978089,0.0012590706036486735,0.4963353669290882,0.5827207783031734,6.214285714285714,0.6078777789786984
0.5,0.1,218,0.005030768946157609,0.0048099314293960785,4.697211767003883,0.004639349252641427,2.6475601022940793,0.5784864970602035,5.142857142857143,0.5749177845357794
0.5,0.1,219,0.0007387110496552982,0.0003844567411527665,3.554693701180478,0.000430193832807977,-3.7781948641765646,0.5836265427424056,6.0,0.5934961964376253
0.5,0.1,220,0.004308379754630624,0.0009531199344731402,1.9336257258575813,0.0011658968809855474,-3.8339178877204367,0.5894182509998973,6.607142857142857,0.5992782644417507
0.5,0.1,221,0.0013775434709212817,0.001600506585089873,0.19384026260704937,0.001259844566870474,0.04779182363481027,0.5549643705155288,5.5,0.5523622093120828
0.5,0.1,222,0.00513730267746811,0.006282045340445609,2.138418529763262,0.005091372945363796,-0.6312183787399211,0.5776563561607391,6.0,0.6037590130882344
0.5,0.1,223,0.010649052343076101,0.010354792395410047,12.479386011797914,0.009960382171113034,10.707354562130718,0.6173075585344092,6.714285714285714,0.6099708274870179
0.5,0.1,224,0.002830515372138858,0.0022919713795520125,-1.1524850742507151,0.0020477157879911934,-2.9972134584020487,0.6312211593022442,7.035714285714286,0.6497943722594834
0.5,0.1,225,0.0014305424511650909,0.0018875853663979814,-0.8165801160024747,0.001378312114696976,-1.7059502458097882,0.5969316413016067,5.714285714285714,0.6014610944905904
0.5,0.1,226,0.0015180596261579096,0.00100166620676288,2.1627970234088045,0.001024524814288392,1.7256932829196217,0.6051955203681206,6.5,0.6239968344915773
0.5,0.1,227,0.007085356249826441,0.0034938737705977763,4.7241025428351024,0.004867248941932519,3.127987930849874,0.653731019398421,5.892857142857143,0.6524487012432787
0.5,0.1,228,0.0028036202732523727,0.0011043736870372206,3.0971964554769706,0.0009173993975741737,1.0359081285053076,0.5688335829632721,6.071428571428571,0.5888606284463416
0.5,0.1,229,0.003200082277881826,0.0031012283103091674,0.27265327797785704,0.0028581041278170263,1.727033585280329,0.5916287617615442,6.535714285714286,0.6131481445056929
0.5,0.1,230,0.020285275336904576,0.020722505757546483,6.033211564372929,0.020221447022938193,12.070756755749935,0.6519611651866634,6.035714285714286,0.6787299287625319
0.5,0.1,231,0.007011517697992369,0.004555926444471862,5.684491761049657,0.005870523909944532,4.707996056949791,0.546936391570402,6.642857142857143,0.5989348696631993
0.5,0.1,232,0.0012457678021589535,0.0009747470719214384,-0.16139431239761848,0.0011306413974881628,1.038467415116467,0.5605484081709113,6.071428571428571,0.5716349344761976
0.5,0.1,233,0.007361095778853566,0.006726314474002647,6.097047787564141,0.006697691003794826,2.7497272426459554,0.6074180453430236,5.642857142857143,0.6194917243291695
0.5,0.1,234,0.008177979426959935,0.010513535589568909,1.826730234896246,0.008146154894905212,3.335376098637596,0.5726569400148683,5.464285714285714,0.5715926890728609
0.5,0.1,235,0.012354052008586896,0.00699917404184729,5.294506426438801,0.008021145568129441,-3.9319362151779935,0.6292573450446307,5.571428571428571,0.6493399827128792
0.5,0.1,236,0.004144117620513803,0.003777479368873714,0.8971681377899093,0.003762697181041662,-0.04233221757080704,0.6270479349916572,6.464285714285714,0.6498659480428512
0.5,0.1,237,0.0023834793341666843,0.002211340475370436,2.392762478505233,0.001952776219579031,-0.6810824186284208,0.5885605698509176,5.714285714285714,0.5877255246339711
0.5,0.1,238,0.01310433646681213,0.009223120087560016,7.123187610861862,0.01109478168244575,6.506703943201823,0.6493226985413486,6.357142857142857,0.6570319754602889
0.5,0.1,239,0.0011330050428517322,0.0012646655605216602,-1.2024699732620263,0.001005919840703616,-1.270070593352358,0.6040527717091291,6.571428571428571,0.6182271484140012
0.5,0.1,240,0.011698435927630103,0.00854882305738809,5.609026412479655,0.009100566663360916,-0.11838709669774516,0.6336585865735327,6.5,0.6417659149913552
0.5,0.1,241,0.0006034553856229939,0.000664942630605588,3.793111342768119,0.0004144040488755462,3.6715412582724603,0.622239379168671,6.928571428571429,0.6250674738301419
0.5,0.1,242,0.0006045632518656567,0.000511928023878756,1.6408365134296428,0.0005492324235417112,-2.088980681542987,0.5275385554043969,4.928571428571429,0.523469662653003
0.5,0.1,243,0.002073595431058143,0.0023987089024772442,-1.2143132629687254,0.0015358020988277092,-0.7334424572347397,0.5888494608078753,6.0,0.6010901899077229
0.5,0.1,244,0.0024796910999773944,0.0011688620577133036,0.1063698553094999,0.0009838042010097319,-0.22730429349813144,0.5775003982798257,5.892857142857143,0.6232837723169704
0.5,0.1,245,0.0012936273231072158,0.00018743779487670386,0.4187992991559497,0.0003221250260974333,0.008810940959932623,0.52293925925662,5.642857142857143,0.5423688278088976
0.5,0.1,246,0.007726160301286845,0.008454022748407683,4.589546019702216,0.007366635248030115,4.018940241872191,0.6001284214241115,5.785714285714286,0.6255239857053423
0.5,0.1,247,0.005421844084364897,0.003734433679018697,3.8157972309268473,0.004590194369276468,0.10866265087406646,0.5668978663616571,5.892857142857143,0.5651993401408817
0.5,0.1,248,0.002039103900371224,0.0011738516293890078,2.6299339359848184,0.0017488851754862563,3.093402819061159,0.5668730309143472,5.642857142857143,0.5783098691382749
0.5,0.1,249,0.003598772917216492,0.003629553182825391,4.420369331848207,0.002924536999336121,3.4715120116315177,0.6361478205333363,6.285714285714286,0.6406546194812937
0.5,0.1,250,0.003944795082719884,0.003880863310046664,-2.654250524321469,0.0036734505529460557,3.058801949823836,0.5734080115537877,5.928571428571429,0.5753241249653029
0.5,0.1,251,0.001353494671112129,0.0012348283626134717,-3.546423216496047,0.0008429721821253106,-3.990033826725636,0.5970769882708689,6.035714285714286,0.6080608222762989
0.5,0.1,252,0.003745624248731251,0.004231552832279704,3.018648221280652,0.003356821755478773,1.301712559441171,0.6108916259542871,6.178571428571429,0.6204924374667824
0.5,0.1,253,0.0030428152748688455,0.0028959624040209926,3.96315241519279,0.0025480373541273624,0.14771572480309678,0.5902912738684585,6.25,0.611939111237483
0.5,0.1,254,0.0036622211348531783,0.003753756906878574,1.117526078714273,0.003481508370256947,3.9173152596324408,0.6077624147084822,6.142857142857143,0.6279790169696818
0.5,0.1,255,0.004275409264646412,0.0031607894083000958,9.2891582626636,0.003674708159491285,4.865900897722763,0.5898379248961446,6.321428571428571,0.595937326952581
0.5,0.1,256,0.0009299803425354715,0.00015128568325564745,2.110690754914098,0.00019047583820948252,-1.9464157825030288,0.543010514375279,6.75,0.5478034072537199
0.5,0.1,257,0.0032798614759232273,0.003324231140881834,3.398288022391995,0.0029689507165527366,8.080084190546122,0.566149162613891,6.0,0.5960041048651411
0.5,0.1,258,0.004226584266634387,0.004279864141389908,-0.16177067820341526,0.004112683093001726,3.0424651917308267,0.5393333930432617,5.035714285714286,0.5573206227107235
0.5,0.1,259,0.0630905850611879,0.059241593875797895,16.694480419760016,0.06111796966869551,23.326212880124203,0.6830132695037027,7.178571428571429,0.7448781232938232
0.5,0.1,260,0.0022467260117318916,0.002629353094260619,-0.6371348025585917,0.002119549043042016,-3.2544353042599616,0.548212673136061,5.535714285714286,0.5537713650909566
0.5,0.1,261,0.004777407163376528,0.0040657246168159635,5.9061286109876505,0.003971396337334929,3.382614202316281,0.5386591930762822,5.785714285714286,0.5428942198083959
0.5,0.1,262,0.002126038039947285,0.0018950923980500054,-3.6288955746752833,0.00200964999893308,0.5062053070276988,0.6533575267972749,5.857142857142857,0.6691624915677044
0.5,0.1,263,0.0020156549040164055,0.0015282020784336853,3.4866328215348594,0.0016639570098722217,0.8700733877530334,0.588478489356684,5.535714285714286,0.602722019195899
0.5,0.1,264,0.0006307196079933267,0.00031418040272382163,-2.543970692613025,0.00038893672759281764,-0.814984089319637,0.5634107390054428,5.785714285714286,0.588008257025017
0.5,0.1,265,0.00540430506959823,0.004813696552378577,0.4941993444499057,0.004601417393747685,2.2784230711013245,0.589436302359352,7.428571428571429,0.6209815487115578
0.5,0.1,266,0.006221314933642802,0.005832631954579484,4.2960227666442945,0.005224739292044248,0.13469488688097422,0.5709658094577662,5.857142857142857,0.5756028541014612
0.5,0.1,267,0.0011772050645349084,0.0008779988352792834,0.7154019072761457,0.0008610807782814863,2.8028465978408783,0.5107654405392588,5.607142857142857,0.5244110511742158
0.5,0.1,268,0.0025779692932383033,0.002998762043338733,3.628585697214684,0.0022689620663621586,2.0261491924328063,0.611102602415243,5.5,0.6167762300364004
0.5,0.1,269,0.025687680071081635,0.02511680545006564,6.759942774489531,0.02451247479228255,10.014442869879312,0.6353379645007837,7.535714285714286,0.6576452881908744
0.5,0.1,270,0.0026767141323158026,0.0025795766431697693,-0.1290759832239985,0.002571115549679836,0.26483330203840677,0.5893071295236629,5.821428571428571,0.5923792380318307
0.5,0.1,271,0.002405432837450052,0.0019066579052242822,0.3710745101426672,0.0016902161019607287,-0.3712219413385185,0.6200001177006759,6.178571428571429,0.6397874018182251
0.5,0.1,272,0.008396322616916458,0.008057436169721394,-0.07097625217860089,0.007391199014094129,-0.7650716752472514,0.5887167365300611,6.071428571428571,0.5953381161399665
0.5,0.1,273,0.004309684394131119,0.00496567687022364,-2.9429812644779454,0.00381310845718242,-1.8620806507278758,0.5343479086046836,5.785714285714286,0.5488437807783224
0.5,0.1,274,0.0008334678303255202,0.000941931694361854,-0.3344609809349019,0.0007353539392562185,0.0011753851623552691,0.5669184898354543,5.75,0.5665141377938739
0.5,0.1,275,0.0009821641700534795,3.8233406428502044e-05,-0.19875058402629975,9.041049576566478e-05,-2.295633909891128,0.5546126023682526,5.428571428571429,0.5664090070901417
0.5,0.1,276,0.004849499169724436,0.0046689015183703055,-0.37858052595339586,0.004636174424741855,1.649138067513282,0.5638788614891506,6.071428571428571,0.5815022536841399
0.5,0.1,277,0.0013091162850376184,0.0005990524643457871,2.5676336944855414,0.0007876609442270242,-0.5971066140398307,0.5518472027033244,6.357142857142857,0.543828114799731
0.5,0.1,278,0.0044835999662873405,0.0032107842809971465,5.6323160609952465,0.002829254173589737,-0.0709283699609576,0.5751447306223048,6.857142857142857,0.5811884105710652
0.5,0.1,279,0.0014772766310169254,0.0005618373292748596,0.5708271312797043,0.0008999256888507649,-1.0195754373175892,0.5877890725131983,5.785714285714286,0.606642754729007
0.5,0.1,280,0.0017784070327400913,0.0018891872597475766,1.0048489296737462,0.0011561683975263991,-0.6477251866424751,0.5845954304970942,5.785714285714286,0.6042770222005781
0.5,0.1,281,0.010638158938254908,0.006400592921908768,4.64718431868089,0.006875577898085726,-0.0637243345540431,0.5650643642293846,5.607142857142857,0.5972179561210172
0.5,0.1,282,0.005815612547593182,0.006199489586134912,-3.2557191501088973,0.005092510404531029,0.9271471238726102,0.6266891118397988,6.857142857142857,0.6545550972873668
0.5,0.1,283,0.006715087537026941,0.004872686028554496,6.23498881756792,0.005333481901409429,-0.511491247634685,0.6301886656962209,6.857142857142857,0.6386162284781484
0.5,0.1,284,0.0013114874838106073,0.0005441325071296348,-0.2636074268864945,0.0002681590248066198,-0.6217733803838902,0.5840255547791965,6.035714285714286,0.5772563693633499
0.5,0.1,285,0.0011861344134363528,0.0005087151234676188,3.016514689060235,0.00031175361556183865,0.31474427597711,0.5836146816162338,5.464285714285714,0.5826499405916472
0.5,0.1,286,0.006986242276530258,0.006184728672311163,0.5032548458574126,0.006585685481082777,3.3114235701180235,0.5611704867896578,6.142857142857143,0.5609725064853107
0.5,0.1,287,0.004212326348463672,0.004119393046998258,2.812839557236591,0.004175112128631875,2.9530542130008066,0.5877305525666199,5.571428571428571,0.6003555926358437
0.5,0.1,288,0.012380450472096377,0.015367341206369976,2.9368494089803696,0.01223987596846688,4.355728972567316,0.5448826267022511,5.785714285714286,0.5696679382046914
0.5,0.1,289,0.0017488767519199641,0.0009060454951399183,4.107516115785397,0.0012628786614433797,0.4861666212009463,0.5178578203452748,5.785714285714286,0.5124601786152752
0.5,0.1,290,0.002863675360345477,0.003378973821838032,2.5867717657087232,0.0024987302133141257,1.243408135806078,0.6059601019310472,6.428571428571429,0.6113573115661011
0.5,0.1,291,0.018876302401937436,0.01694773966897215,8.698335594647782,0.0156954841897102,2.872574735418558,0.6640766176949099,7.178571428571429,0.6637273086171203
0.5,0.1,292,0.0007159807790758587,0.0007200551641034455,1.4302669465484807,0.00043762282087817113,-1.8680674096486694,0.5694038386297878,5.607142857142857,0.5764394840808281
0.5,0.1,293,0.002503409286405088,0.0019145525426141668,2.6613729302236684,0.002065137916718656,1.1780884692308575,0.5666223789711237,5.964285714285714,0.5577858451857547
0.5,0.1,294,0.0008360761143809353,0.00017830198894298006,2.37682574253256,0.0007090607132346959,1.8702303051396807,0.5300536150669479,5.892857142857143,0.521439358627068
0.5,0.1,295,0.0015144032405592855,0.00033295218499541815,3.3149470631473625,0.00022385972230595075,-0.5423140488135232,0.591514318473087,6.535714285714286,0.6039984238240015
0.5,0.1,296,0.003576487202396895,0.004532241896511329,-0.08003898742547715,0.003539187489356403,0.8094230866703261,0.510337100595262,6.0,0.4921883697791051
0.5,0.1,297,0.002447556387127808,0.001951991613686017,0.8751917225869098,0.0019223375291062847,-1.9498978007678904,0.5574095270281126,5.214285714285714,0.5602070901858542
0.5,0.1,298,0.00570608372733447,0.005096340202272325,8.042166223879093,0.004993983736041177,3.839723286544313,0.5941052369785181,5.964285714285714,0.602676856848046
0.5,0.1,299,0.005677499808733154,0.00471724770051486,-2.606138352089251,0.005121398235618132,2.1344447419274295,0.5667321271370576,6.0,0.5833169351597585
0.5,0.2,0,0.04685855910469733,0.04377748059984141,13.320961063157,0.045908805138975675,25.036893262616264,0.6883868246036873,6.142857142857143,0.7283113872067271
0.5,0.2,1,0.0035453185799112215,0.0021841367009018476,2.838910441953061,0.0026175509669392897,-1.1263091329410884,0.5802896698107877,6.285714285714286,0.5847992760706984
0.5,0.2,2,0.009250856639155187,0.01122995408093718,3.887994480501599,0.008741141288028186,2.3566585591646003,0.5161655444964727,6.178571428571429,0.5147856070172351
0.5,0.2,3,0.01804463699189569,0.017909932736066152,8.854044078037,0.01764006145265903,11.227596186794765,0.6139199843180323,6.642857142857143,0.6405587525910074
0.5,0.2,4,0.0022040232102339082,0.0018001360876781568,2.2547288401300514,0.0020407247594665568,-0.403356671619908,0.5867966117251989,6.785714285714286,0.5890821955284136
0.5,0.2,5,0.008785021074713595,0.007901947185892393,3.4695091500333795,0.006681935733910131,1.52111624497068,0.7012730825502403,7.321428571428571,0.7001274669549037
0.5,0.2,6,0.0057017599794802806,0.0038715975567454298,7.784846093724506,0.005410743658330229,8.27091535308648,0.5851818346380219,6.5,0.6048638108529256
0.5,0.2,7,0.0037005821205101977,0.00416619401066072,0.9691187108689784,0.003155248378929188,1.6492546167720736,0.5869318816611792,5.607142857142857,0.5897723043672075
0.5,0.2,8,0.00885546185134038,0.008351202965330314,4.245289899760489,0.0057385662382207605,-7.200226413907188,0.5824165953981277,6.5,0.6112191087466134
0.5,0.2,9,0.01364541246228604,0.009647898392207055,6.938310515124982,0.00911358566364177,0.11016016280677832,0.6508837686016512,7.321428571428571,0.6528086521965666
0.5,0.2,10,0.012985671049873585,0.010181720428858003,0.1581421969743436,0.011197277638214657,4.501125655970772,0.7059663372316047,6.535714285714286,0.722587205463602
0.5,0.2,11,0.0008868419094791506,0.0006421646286222469,-1.1102695018811535,0.0008546028034219298,-0.048964227577262896,0.5879929532327727,6.25,0.5987999257748264
0.5,0.2,12,0.06047769449890208,0.05892478090191216,8.673320739594411,0.059219916625881074,20.78487230581622,0.6476335181329584,5.892857142857143,0.7075688137009448
0.5,0.2,13,0.006337766448307919,0.007127765456729575,3.4172996173909382,0.005465721311327658,2.428522907820375,0.5930582709047568,6.285714285714286,0.6159350033548131
0.5,0.2,14,0.008583782066375834,0.009354400652483018,3.675953790493556,0.008010564545570417,2.1211649791857212,0.5844825971571183,5.535714285714286,0.5870556734719201
0.5,0.2,15,0.025087207056225466,0.020176677708278776,11.057891913930149,0.02329409874807999,16.48476448217109,0.7107013726367439,6.0,0.7305766259673614
0.5,0.2,16,0.006267338970076247,0.00353712243777256,7.260203164351992,0.0037386291141398307,-0.9837217248453195,0.5911070798358995,7.107142857142857,0.6214578153420328
0.5,0.2,17,0.003427952096401564,0.0022129363248851487,2.7810281028827055,0.0017283251298743443,0.8011276924359075,0.631005294833347,7.5,0.6505764553763993
0.5,0.2,18,0.001752905442403571,0.00042517225449745526,-0.24716261092608724,0.0003380404934280311,-1.509720958820272,0.618404881216712,6.75,0.6185605752890513
0.5,0.2,19,0.0042727232511260505,0.0038417121798947837,0.6751732854614735,0.0040887953446128835,2.1201624600968123,0.5467915746922107,5.821428571428571,0.5458546871483716
0.5,0.2,20,0.019603211858128793,0.014386724321224665,14.32017303748799,0.01612583053345557,2.0863215028582167,0.6339254202270296,6.571428571428571,0.6357404229381456
0.5,0.2,21,0.0030436559896508996,0.0016556123032111217,3.061912123941918,0.0013641372445712386,-1.4455866594823874,0.581777605534987,5.928571428571429,0.5874590164894924
0.5,0.2,22,0.0019445609481552899,0.0011822405722828216,2.8532022654523908,0.0006466228225548095,-1.262164644151009,0.6151406624480116,6.071428571428571,0.612977020446891
0.5,0.2,23,0.000984292700863288,0.00046171158898712585,2.0389890305069023,0.00024629067295899027,0.3048890701211728,0.5753487897607261,6.535714285714286,0.6087635745608059
0.5,0.2,24,0.003661456266663514,0.004020035241890982,3.474081817244022,0.0033211150885734003,0.3030605551999391,0.5725523060098853,5.464285714285714,0.5863732794484497
0.5,0.2,25,0.0024144109457804913,0.000872776066004252,2.9517717579462897,0.0006157073047999087,-3.133198877007809,0.588068605401048,6.071428571428571,0.5985892016796108
0.5,0.2,26,0.009375926863622638,0.009575864958401748,0.4545363951309203,0.009077792462175334,5.781576948682802,0.6331430342533942,6.178571428571429,0.6556002385074888
0.5,0.2,27,0.0018047922383628325,0.0021037256432276793,1.4599943491820018,0.0016887383209833106,-0.507090299645777,0.6419416531367567,6.321428571428571,0.6509578509010951
0.5,0.2,28,0.007687887926934997,0.007665336355573313,0.8309366053622872,0.007405214223272685,-1.038617143914659,0.5698138004916778,5.285714285714286,0.5871066194166583
0.5,0.2,29,0.03434342382753854,0.029460263365391204,14.935479013552358,0.033873941103250226,24.30187974301785,0.6822704979436922,6.785714285714286,0.7030395532496294
0.5,0.2,30,0.001629115827101041,0.0013102943843577596,0.16813618924079302,0.0012261287588517754,-1.4050339452446774,0.593725331170061,6.0,0.6013359475124199
0.5,0.2,31,0.017545972340151882,0.016285180001316357,1.4141664814417065,0.016763068542218373,5.95716902168444,0.6943228694710845,6.071428571428571,0.7218056856187307
0.5,0.2,32,0.0024503132668866495,0.0014518246152690067,1.2241779237969677,0.002036722543817668,-0.36061415373070344,0.5751052512935901,6.642857142857143,0.5907053343336174
0.5,0.2,33,0.026161936564629985,0.02737893353611452,10.04281738027934,0.02579613374513994,16.21392737782467,0.662490450174946,6.607142857142857,0.6933564541755233
0.5,0.2,34,0.0023465800115469765,0.0012183851983437644,1.709534160879097,0.0019131124182280327,0.879183930898885,0.6385208250219028,6.321428571428571,0.6480304355600159
0.5,0.2,35,0.040687351958988725,0.041868152440242785,10.46403810418507,0.039353724102349455,16.986617071524318,0.6859374059938675,7.357142857142857,0.7449509262055736
0.5,0.2,36,0.027376657269006167,0.030644690270780157,6.221321174892419,0.027186928260738864,11.686777855297814,0.5988684552062552,6.464285714285714,0.6050982326077271
0.5,0.2,37,0.0021575494685200135,0.0021683381607927,0.05915673912507676,0.0018277892109474147,0.7782447809921488,0.578372172858912,6.0,0.5993641131363887
0.5,0.2,38,0.0031889066405807486,0.0032478122168095734,3.3019752915162335,0.003050011336343085,4.613227652483933,0.6101747487446925,5.678571428571429,0.6107780063852015
0.5,0.2,39,0.04646826608998033,0.04297505156978071,16.016485639831625,0.04565800227789336,26.69248951671158,0.6798129809775677,5.928571428571429,0.7263136322582199
0.5,0.2,40,0.03103378163217041,0.032701296285693605,7.816117632169124,0.030762473234461993,18.36613433062725,0.665749880376395,6.571428571428571,0.6837099778427386
0.5,0.2,41,0.018257445234601564,0.016110209581447616,9.375959036377614,0.01750134290379423,12.747765492500955,0.5680605371777447,6.892857142857143,0.5946466292963494
0.5,0.2,42,0.03273236747892537,0.031854372973643304,9.956901594530601,0.030968791642598328,8.127366077466737,0.5903461263018901,6.178571428571429,0.6221327862446311
0.5,0.2,43,0.0072876434111275945,0.006842183541277204,1.210110468415574,0.00675772188890103,1.0114738733569386,0.639318868039266,6.607142857142857,0.6623733032064598
0.5,0.2,44,0.0019981611125152983,0.0013447156158983772,1.2017591613376244,0.001363459647133379,-0.6323937868336506,0.5673188960936218,5.964285714285714,0.5789661715959702
0.5,0.2,45,0.00204291473044081,0.0019048003501091948,2.6892595247747693,0.0013954349712886104,0.7897375990160166,0.5713553900323467,5.964285714285714,0.5848989048135674
0.5,0.2,46,0.008583160821374208,0.008924035892630428,2.4262761254338066,0.008519597568354485,6.849517851798964,0.5921208333746969,6.571428571428571,0.6091517695837532
0.5,0.2,47,0.055804491931396624,0.050774274068427,14.860685472863503,0.05412450182071031,23.84236118409734,0.7109231695732594,7.214285714285714,0.7811116838660193
0.5,0.2,48,0.00964202310754111,0.00864017976052371,-1.4743603914062646,0.008662596359689502,-2.88878606153393,0.5451652831461598,5.535714285714286,0.5709863367753967
0.5,0.2,49,0.003664533861164594,0.0035112482786575877,4.08677864719608,0.0032291574057813827,2.96529385713985,0.5386951009856047,6.321428571428571,0.5479251243074765
0.5,0.2,50,0.008147667034353252,0.007717735744751224,4.4394387967314985,0.007569922490167973,3.946684054404121,0.618524936772064,6.392857142857143,0.6151524776670052
0.5,0.2,51,0.0016944576659963524,0.0010305146451573153,1.2421379913853439,0.0012449750917970456,-0.2188188685942407,0.5920516700697053,5.821428571428571,0.5980257687002509
0.5,0.2,52,0.03061756099993326,0.02943521922114031,16.164879615927436,0.02935856446785331,18.593387823747225,0.7090779764911297,7.214285714285714,0.7276739845378102
0.5,0.2,53,0.005907981407435175,0.004836110680045208,3.2028709625505107,0.005238486138315656,1.1022376084209118,0.6120948657362443,5.75,0.6118777749352098
0.5,0.2,54,0.0029161553774227317,0.003244603211165641,3.1749403180031948,0.0025222047205787266,6.495339585001223,0.5776014019507347,5.892857142857143,0.5931485067097344
0.5,0.2,55,0.0027395147226085006,0.0005753416958850342,4.986741015021143,0.0008516692125950373,-4.122653393552753,0.55675780079718,6.821428571428571,0.5442202426685605
0.5,0.2,56,0.003337157946863422,0.0036922963590326637,2.9355782850385688,0.002838755168697109,-1.2829621083524974,0.572928986231316,6.714285714285714,0.5575614718018898
0.5,0.2,57,0.06038886898185045,0.05843492914466451,14.770932992672442,0.058276018956305554,22.029255656438366,0.6272800035484377,6.5,0.6989557303427826
0.5,0.2,58,0.012179834922373288,0.005465313954157027,5.725572952833365,0.006451238035325362,-5.526092543449096,0.5486318869938535,6.464285714285714,0.5772656834689427
0.5,0.2,59,0.0023098890431636643,0.001872110267673645,2.516559124633716,0.001588088430783146,0.8144722429815469,0.5913459315273898,7.178571428571429,0.6012808574947829
0.5,0.2,60,0.008133396828407668,0.00806905850795529,1.6081463273070824,0.006455100423952989,-0.6202306311961555,0.5919375918049911,6.964285714285714,0.6056082653855837
0.5,0.2,61,0.005433938883535788,0.004259113794459567,5.668393199538343,0.0035083344173126446,-3.4755533950580664,0.6551275363712618,6.892857142857143,0.653069598029606
0.5,0.2,62,0.0034658443414533977,0.0027613141059743733,3.7923352437268725,0.0027959371355931674,0.04828380482525555,0.5873309866746442,7.5,0.5879227402585482
0.5,0.2,63,0.04647835720612407,0.043332016343091286,13.43570652949235,0.04515257137641357,26.663495376064088,0.6833190679230696,7.142857142857143,0.7364135727621073
0.5,0.2,64,0.009168782847876051,0.005530753733725168,8.338056388138247,0.005346654266218509,-2.5817295769294994,0.6572413695171642,5.642857142857143,0.6509502266116358
0.5,0.2,65,0.01779978882659081,0.012414784615617371,9.273757059188503,0.013762134936912246,-1.2194830991468468,0.6587023411540379,6.5,0.672037220855765
0.5,0.2,66,0.0025647799642316985,0.002582390808924474,0.7986616865812076,0.002256482956345433,-0.9244461831355579,0.5603324836753218,5.214285714285714,0.562831002479247
0.5,0.2,67,0.0032678948557050085,0.0035499158758926785,1.482110281747102,0.00270753357930201,1.389480282446404,0.5585763019512874,5.714285714285714,0.5865170747546644
0.5,0.2,68,0.0016163887014813373,0.0017331059960080518,1.6595914345084566,0.0012753006801124818,-0.7268780010203008,0.5918968996895911,5.928571428571429,0.5992775301764071
0.5,0.2,69,0.001618977865758333,0.000774621481971587,0.46498874684849056,0.0007973478816572754,-2.7419566788005247,0.5220447264997323,6.5,0.5379697234335771
0.5,0.2,70,0.005505337784505169,0.005715905980505003,3.3742431635791945,0.0053170633451035025,4.94464451599589,0.624354028746027,7.107142857142857,0.6353088660262018
0.5,0.2,71,0.007008245222682319,0.006613920653020845,5.206197760302341,0.0058090959732915925,3.3627233691248932,0.6596042740626584,7.357142857142857,0.662764214005336
0.5,0.2,72,0.009993634748511969,0.009926176847820488,3.1447161687016014,0.008898054958072112,4.4703460405198525,0.6284282164315173,7.25,0.6604781542959142
0.5,0.2,73,0.043611415482713585,0.0474985741477969,6.448343499047752,0.04242291851417863,19.63985785971776,0.599543407919261,7.071428571428571,0.6583361111781534
0.5,0.2,74,0.006577358591921019,0.009776251308034594,-0.8259218777653246,0.006213557858675187,-0.1615084643138971,0.6189357651350995,6.107142857142857,0.6500315500239313
0.5,0.2,75,0.0010497254748308637,0.0004125058011165689,2.698440071887859,0.00034089961257958366,-0.2694837991209151,0.6075263924879104,6.214285714285714,0.6178746306400147
0.5,0.2,76,0.0012886283720720247,0.0009195450266025935,-1.6988989157803758,0.0008564780205796836,-0.8720230741701774,0.5707601944755819,6.678571428571429,0.5663826741220617
0.5,0.2,77,0.007010380751686337,0.006775397743191111,3.5303932265332114,0.004910309119185582,1.8453395026079515,0.5738110343577156,5.714285714285714,0.5962713372165342
0.5,0.2,78,0.007322746875795507,0.006377495249381486,6.631688143105758,0.007265352668767805,10.385466227779498,0.6221069222606813,6.285714285714286,0.6155179808733031
0.5,0.2,79,0.0030261949972549894,0.003167356554305457,3.6807290551691665,0.002166827675046437,0.3666677204947935,0.6334188782973508,5.857142857142857,0.6573385060952146
0.5,0.2,80,0.005889156824009185,0.003463082657028947,9.80307416387356,0.004403136445894956,-1.5370630351178913,0.5745646408897512,5.392857142857143,0.5752716400808715
0.5,0.2,81,0.03354428758634602,0.02908137782821386,13.729778697930621,0.03161657366189062,16.390650478522304,0.6685665177929269,6.785714285714286,0.7071232856306118
0.5,0.2,82,0.005908340861825091,0.0005144578204737752,7.928774064522457,0.0002705394167625368,-5.951592075863762,0.6209153774563401,6.464285714285714,0.6324898704952576
0.5,0.2,83,0.0022002676239815883,0.0014055780457841594,1.0419229354624993,0.0019649916378468115,0.7182226300939097,0.5521854364605924,6.714285714285714,0.5496180686124795
0.5,0.2,84,0.0013634604685754653,0.0008669871458896119,0.8752767677168833,0.0012627059693029368,1.6489192919024447,0.6026710019341646,6.035714285714286,0.6093205902622303
0.5,0.2,85,0.010317922815388545,0.009102825625938962,10.395907515353903,0.00848116203411544,3.6653074756784654,0.6160557078732308,6.464285714285714,0.626409177781688
0.5,0.2,86,0.01699791007282936,0.016370799293002145,4.3972227421599355,0.01534965083821332,0.07393129480368543,0.6414739723608733,6.5,0.6542980541249214
0.5,0.2,87,0.041128109344267284,0.03746478908038849,19.557224460900375,0.03632435017426278,14.127564970677858,0.6553233442308287,6.428571428571429,0.6905613775896111
0.5,0.2,88,0.04005298177398203,0.040915391387339774,7.057203874411367,0.03937502481104602,18.07122693001395,0.6786852749344876,6.892857142857143,0.7321005484252998
0.5,0.2,89,0.01069858666866322,0.009244405860866943,-1.579286493905234,0.009031924630049903,-0.9224784451908855,0.6254353141999165,6.5,0.6457636176259712
0.5,0.2,90,0.01323101936057406,0.011385735038626513,5.284044690308804,0.013113453603048775,9.984600014054308,0.5347680046265175,6.142857142857143,0.5563661682897645
0.5,0.2,91,0.011086842760069843,0.009513740280591595,-0.11956815575402402,0.008964226860147298,0.31154247746556507,0.7099389152825559,7.142857142857143,0.7308530818984829
0.5,0.2,92,0.012243808806291216,0.011338718878000495,8.737391721725373,0.011766005154878202,8.891934995765856,0.6200761349637712,7.107142857142857,0.6236928888729989
0.5,0.2,93,0.004320008857446101,0.0028149904381461264,4.702152906839719,0.0033092205587756892,-0.9908324675273358,0.6414554988020791,6.821428571428571,0.6471553622636126
0.5,0.2,94,0.01688455799213677,0.017114513343995923,1.9838965525738672,0.01630222750024862,8.22410153617657,0.5756892164238813,5.75,0.5841214686910188
0.5,0.2,95,0.008699877158912048,0.0072141669710947855,7.594536412397218,0.00833911331522659,7.748027364643765,0.5809034131485815,6.75,0.6006534931383734
0.5,0.2,96,0.008665510192755946,0.006476702152766175,-1.3243789667634378,0.007617885854720333,-2.412306114648724,0.6244276351308339,6.678571428571429,0.6327165573178767
0.5,0.2,97,0.004390385962253995,0.0035780699247297404,1.7071969518968046,0.003992803190741206,1.388798967723299,0.5875420291420419,6.928571428571429,0.5965190662733868
0.5,0.2,98,0.0008953367370183008,0.0005693046552205741,0.9381986950964271,0.0006579117824906841,-1.0452489556324072,0.5520939252741802,5.142857142857143,0.5598366080570203
0.5,0.2,99,0.019671550323656372,0.018240029052855388,7.296143188773783,0.018462822788425082,8.25643092350929,0.6088932027891291,6.821428571428571,0.6308302195914557
0.5,0.2,100,0.02460174359880499,0.022133491753709735,10.305828881246072,0.023373693483741232,12.573654409777438,0.6864919916825836,6.357142857142857,0.7036697842584082
0.5,0.2,101,0.011592045179975008,0.009136963871483392,2.2694732192681975,0.009996654459822911,4.938711942748057,0.6484395755787203,6.821428571428571,0.6778719045039037
0.5,0.2,102,0.05709620912798975,0.05724373215471541,14.844666951998468,0.05508791819636166,25.001385703667182,0.692424452633048,6.892857142857143,0.746381436029991
0.5,0.2,103,0.0012493901780903924,0.00033133848876628263,4.897137880799846,0.0008799795260984792,6.180963247753776,0.5866014603635888,5.964285714285714,0.5987333691477122
0.5,0.2,104,0.0033322634256817995,0.000680793612902303,4.443649861078701,0.0007108848920379616,-2.681092041571958,0.5895976322731096,5.892857142857143,0.613591922409316
0.5,0.2,105,0.0032938253611285123,0.0033506405697369926,3.007982412698292,0.0030653526413464732,1.0191206549351364,0.5773795074314209,5.428571428571429,0.5752575381629006
0.5,0.2,106,0.0071917955184864135,0.0066437657261258455,-2.8656555028734942,0.006787651225401266,-0.2574750114222013,0.6173212999028139,6.0,0.6348301350805322
0.5,0.2,107,0.0015126656420390405,0.0015879557825310682,3.886744116575528,0.0012046011885805132,-0.44573489447980325,0.5455073195961198,5.285714285714286,0.5525090120886781
0.5,0.2,108,0.009305899251641865,0.008847381881351644,3.5747009421905034,0.009272086950462156,3.5272183338543073,0.5813035010637465,6.714285714285714,0.5790347600258161
0.5,0.2,109,0.00439094088583431,0.004951797726214662,1.4712405285883203,0.003835572014113569,0.07508426778791015,0.5373865692146363,5.821428571428571,0.5619010705090819
0.5,0.2,110,0.0020670278768947586,0.0013393706435671894,1.1441830130654485,0.001161307844543328,-2.3739471706328366,0.5707850760311172,6.75,0.5678231417915514
0.5,0.2,111,0.0019082975673943882,0.0009378478715673173,2.236415164494948,0.0013799000817342208,-1.5208283802801266,0.5896436931392312,7.5,0.5861995703733006
0.5,0.2,112,0.02088675236578143,0.021981988868521648,5.025510776105354,0.019809744963327006,9.352825954229454,0.6850070868134145,6.035714285714286,0.7070547977850594
0.5,0.2,113,0.0413617547187927,0.034049978094686,11.811799434545074,0.036926899169905394,7.153577022108247,0.653342856330705,5.857142857142857,0.7023952404397382
0.5,0.2,114,0.030227208844562658,0.028105387806863488,7.864464505647514,0.02790475973810714,11.072628025444772,0.5836332446222844,6.321428571428571,0.5818406896570142
0.5,0.2,115,0.03137674413008516,0.030058053324494363,5.633219868556476,0.0307310510028779,13.998333538326222,0.6857628096195644,6.607142857142857,0.6998653040519112
0.5,0.2,116,0.0454598622743934,0.041128900318632824,20.594409301656572,0.040900867872371405,14.602907529648448,0.7205956758807266,7.357142857142857,0.7653235607377075
0.5,0.2,117,0.017520677058408082,0.013717007125939805,5.808874800056259,0.015214844176928468,1.8044548695670528,0.6087063585467051,6.214285714285714,0.6186847968917202
0.5,0.2,118,0.0013206085879620413,0.0008700599470145542,0.6942300367718985,0.0012067117936919078,-0.7906541598514801,0.5426165155287991,5.928571428571429,0.5717886675106258
0.5,0.2,119,0.0005257222425211924,0.0015717363008149955,-0.8576015124793249,0.0003943289252060005,4.779659320317127,0.5604321902232294,6.0,0.5645941646796533
0.5,0.2,120,0.035741193868503385,0.034086944595605274,6.122627801444669,0.03385818995292646,12.594991578893598,0.687656475653986,6.964285714285714,0.7297882865073799
0.5,0.2,121,0.004461702157821468,0.003950475760656622,4.7603198044167145,0.0037381511200755184,-0.2858445047729011,0.6337308898716335,6.857142857142857,0.6380364706679277
0.5,0.2,122,0.06979110176837028,0.06971202838434708,24.666535000703195,0.06854786841229774,44.15457245839258,0.7349157794847443,7.535714285714286,0.7972754490974298
0.5,0.2,123,0.038852129617505615,0.03774866183059937,21.053638897300004,0.03471019838551074,19.020352337276762,0.6826004624639186,7.071428571428571,0.7135461560527798
0.5,0.2,124,0.019379932868495337,0.015850327795208508,4.022971641438384,0.016668853682054563,6.674628829136452,0.6871214647303617,7.428571428571429,0.7043957513978916
0.5,0.2,125,0.03219434169032685,0.029989924844948286,10.487123829694715,0.031685548656288365,17.55165064483046,0.5498059963969588,6.75,0.56321561670134
0.5,0.2,126,0.013939078374727258,0.013441641219552493,8.866413828684264,0.011909661479902205,7.77499965565634,0.6813741005002029,6.571428571428571,0.7007383354871533
0.5,0.2,127,0.0023477241929986256,0.0007519808294378143,2.8250264042321285,0.0007776621768627737,1.0414661144642139,0.5772612651080301,6.642857142857143,0.5934300622645443
0.5,0.2,128,0.0035723728237027413,0.0010880584884174573,5.9224330951877375,0.001581939218391839,-8.620132355434228,0.5705078784185276,7.142857142857143,0.5886091677121943
0.5,0.2,129,0.016196626935341827,0.013126204362698022,7.1588767482148326,0.011980321196761139,0.24787056473990296,0.6668570065360548,6.321428571428571,0.6684169909583924
0.5,0.2,130,0.035265416981391746,0.031484889494190246,17.61500885032399,0.033521193576139134,21.65725326689783,0.6350303012530176,6.392857142857143,0.6493201977823164
0.5,0.2,131,0.002962817255193383,0.0029704530473664316,-1.3964397543949947,0.00244171752211434,-0.2426858907015325,0.5755114923777638,6.071428571428571,0.5895888989661499
0.5,0.2,132,0.02968159455583039,0.027092122799501312,14.135604769730046,0.028929322995674096,19.06591808164551,0.6728426011345735,6.5,0.709499307932282
0.5,0.2,133,0.021063753455197044,0.01961049238736198,9.252498814337125,0.018539625237996113,0.5281272734780771,0.6354843146338401,6.535714285714286,0.6540083311254661
0.5,0.2,134,0.01827874974718328,0.019836919514853217,7.253713355481788,0.017803791872285552,13.513653658580617,0.5682096498464152,6.714285714285714,0.5558790486140034
0.5,0.2,135,0.014241424367578673,0.013504718396271842,8.715562787574347,0.01332077644765725,8.356316666431601,0.7171578259522821,6.892857142857143,0.729346248712037
0.5,0.2,136,0.0017701625169324398,0.001967322215943457,0.6213902365117386,0.0013494014885700842,-1.867908520139385,0.5436815453628487,6.214285714285714,0.5819829158482479
0.5,0.2,137,0.00020614304882708457,0.000659219550217198,1.0151456314637433,0.00014220026359721246,0.1901806695660658,0.5897873553038699,6.964285714285714,0.5843247797237916
0.5,0.2,138,0.006130804055473904,0.006249717358060175,-1.756928649130894,0.005737523361458857,3.6966879872125276,0.5654787325778512,6.785714285714286,0.5749032903390632
0.5,0.2,139,0.003291295770165137,0.0038148418174318087,1.773660795489917,0.003125582528830189,3.2551166240672083,0.581000231937277,6.035714285714286,0.5987618948533939
0.5,0.2,140,0.02835656339822634,0.028040875247839023,3.9334931652296916,0.02769994002043659,8.22797715734014,0.7546749568149324,7.0,0.782446316741721
0.5,0.2,141,0.005706327801674644,0.004049461263107977,3.759696625128053,0.0037202738781750046,-3.3795119802732736,0.5857566762785805,5.821428571428571,0.6014443069719788
0.5,0.2,142,0.027102702396925124,0.02647611678909329,5.733636972124448,0.026466040737882963,11.332430647329383,0.6385785555873331,6.535714285714286,0.6772709032908621
0.5,0.2,143,0.007729718036207448,0.006019598521295445,4.207950807043289,0.005781717580519343,-2.249567544572841,0.5663914712891135,6.714285714285714,0.55624346550993
0.5,0.2,144,0.01209171702011421,0.01301663849949253,2.9889281135203873,0.011268327488921885,4.688846405279757,0.6184528449629265,7.642857142857143,0.6497304408824338
0.5,0.2,145,0.03570148108609691,0.03605490305129499,13.458092500956175,0.03402182813654371,21.955658077909117,0.6892794083992599,6.75,0.7281076838952087
0.5,0.2,146,0.010962377415385782,0.006045059597924631,5.018389318583995,0.005852476347044803,-3.322232351229663,0.5876015838481028,6.214285714285714,0.5894966933441528
0.5,0.2,147,0.03908492307118938,0.03681942856875538,17.518975602530844,0.037302280339625654,20.12372383660097,0.7074852638854995,7.107142857142857,0.7481819150033449
0.5,0.2,148,0.014739567958322482,0.01253155071169101,5.026814688847462,0.01205609640968944,-8.26170953452015,0.6720689613323837,7.0,0.6840026479619981
0.5,0.2,149,0.011149105440459437,0.006184273026499748,11.818447755192267,0.005779758299736345,-1.59798431190607,0.6530449383016871,6.964285714285714,0.6474913138044334
0.5,0.2,150,0.027239055449036723,0.025470741765138676,15.309454343586319,0.02482503384053966,15.728253992119704,0.7185873709207474,7.678571428571429,0.7374506571803071
0.5,0.2,151,0.0007856807825966886,0.0004951538849514926,-1.5718296306143411,0.00033219862133537315,-0.7614741841073567,0.5848109142961846,5.25,0.5974518246622036
0.5,0.2,152,0.06775142517388726,0.06718264281101505,13.887597482140478,0.06653864178537136,20.888735734845458,0.6502801880440083,5.428571428571429,0.7208470569495848
0.5,0.2,153,0.003708489331062736,0.004633738006937857,3.413943991590628,0.003293714667437361,0.7378476724354831,0.5853703168414052,6.107142857142857,0.6058671391821735
0.5,0.2,154,0.007943621251623527,0.006379450685464719,4.3999008851079395,0.007429125105989642,2.66841178071013,0.5757505470561899,6.071428571428571,0.5811054084119379
0.5,0.2,155,0.03949221004659217,0.03857980559522052,9.729488957539417,0.0383940391566621,17.690098519018573,0.7153132230650785,6.571428571428571,0.7429557059812666
0.5,0.2,156,0.031969368078754196,0.03669463618719465,6.817720387662329,0.03053805642309841,12.670271631074257,0.7371526226364253,7.321428571428571,0.7596628175085933
0.5,0.2,157,0.002852993681661918,0.003052186010410631,0.4530893438077423,0.0026985276980366966,1.3473281419275338,0.5927241907327389,6.428571428571429,0.6125895596892874
0.5,0.2,158,0.0018484042339688485,0.001594123359377391,3.8529940822283493,0.0014425929662332932,-0.7503813848332944,0.5962624758175571,6.285714285714286,0.6017779148987573
0.5,0.2,159,0.005558193433554351,0.005390859550006374,2.82023950951042,0.004980038059243622,3.3859316788264002,0.5330568448318017,6.178571428571429,0.5283190829110347
0.5,0.2,160,0.008747730979841302,0.007224973431841489,13.262632081632347,0.008287420392477736,5.905107948740645,0.5944120162054699,6.714285714285714,0.6322141085957622
0.5,0.2,161,0.013124547203012054,0.011001066706044683,8.167108417601904,0.010408392477118266,-0.140663192631204,0.6539488988294726,6.928571428571429,0.6637110139615475
0.5,0.2,162,0.038874015548723835,0.04258304314533409,13.372952375762688,0.03828988539014595,20.095164938792056,0.6675464732050391,7.0,0.6965687845868209
0.5,0.2,163,0.0046921674605769625,0.0046267931257966905,3.582925194362929,0.004079826272778727,1.4636721070609724,0.5892485951476035,5.142857142857143,0.5969024835423853
0.5,0.2,164,0.0033535769471625416,0.0024931382616397487,0.7277409691128014,0.0024716502594072614,1.4525932135487192,0.5930703312418462,6.821428571428571,0.5969174907189991
0.5,0.2,165,0.004456067208588523,0.0020078754291184375,2.4130792687681057,0.002199748669925614,5.064384620130643,0.5190787519954261,5.535714285714286,0.5709016850338533
0.5,0.2,166,0.0036115893791509503,0.002636740767175319,0.8686212042839543,0.002778925693915246,1.139722657291647,0.6038668474181103,7.25,0.607441363845371
0.5,0.2,167,0.019767541518155133,0.018592330245300607,13.760030339875263,0.01752674916559995,11.360151384859867,0.6912537707347182,5.821428571428571,0.7164251802901798
0.5,0.2,168,0.021965029870620222,0.019474271586464368,6.305303311248224,0.02174712205495451,14.708559695363817,0.7024992677593902,5.642857142857143,0.7254022379733762
0.5,0.2,169,0.03868293990982265,0.0362722263471421,10.760893334299501,0.036873529250949284,19.040117965474924,0.7308361537423285,7.464285714285714,0.7651481316711369
0.5,0.2,170,0.001215474874410743,0.0016328278438182135,4.200852490640538,0.000706904140880557,0.23793993311651698,0.5313373814439887,5.0,0.5160094261766128
0.5,0.2,171,0.0037351246801215726,0.003059010408025955,0.9734824105225167,0.002394489507992457,1.5368661776692345,0.5855288203824056,6.892857142857143,0.5824822866909765
0.5,0.2,172,0.006881711393485459,0.008637599499435034,-1.2707292242692365,0.006686812484514488,2.06308716981394,0.5859683482269237,5.678571428571429,0.5969417617090591
0.5,0.2,173,0.004071584998574614,0.004583470435082255,3.211379218139522,0.003952057535770866,2.0265923726045685,0.6338131828788781,6.357142857142857,0.6354177686409463
0.5,0.2,174,0.029895501854693883,0.030013263226449014,3.292752176797317,0.028822652767855908,8.275539369954013,0.6638936017751517,6.678571428571429,0.6839202593670619
0.5,0.2,175,0.003944509131334318,0.0022284459084821046,3.092310307956069,0.0028750368666576524,2.4298274706695793,0.6129334163634297,6.428571428571429,0.6296906397780173
0.5,0.2,176,0.0013791246889067242,0.0008606185161657062,-1.7103418425048555,0.0007468184930269955,-0.7901172223010443,0.5843955904025139,6.464285714285714,0.5874228061437752
0.5,0.2,177,0.009700415754765336,0.008751683009752808,-0.452077282818351,0.009447716435679855,1.2729207832619618,0.5784213337198834,5.607142857142857,0.5881987737356366
0.5,0.2,178,0.013133522834704939,0.012491336571243435,6.613698915327414,0.012320298723136416,11.125461626861048,0.5547703896492243,6.25,0.581013786178844
0.5,0.2,179,0.0021392979516082983,0.0021669188575125977,3.4768781208910773,0.0018419972037525226,-0.8387604745468119,0.5959536955124428,6.857142857142857,0.6034540012761431
0.5,0.2,180,0.002758462121860027,0.001827450417684262,1.9140639010118907,0.0015861085935442612,-2.0902494411570083,0.6045933398992963,6.392857142857143,0.6041665202955644
0.5,0.2,181,0.005581556990668799,0.005304703723154286,3.486605966549149,0.004892653874206624,-1.323378127870048,0.6049154839166574,6.535714285714286,0.6201518590484532
0.5,0.2,182,0.03783247334433031,0.04020754229938315,2.919361253547322,0.037442162123152684,15.792927255333543,0.7022935961235618,6.321428571428571,0.7307917053624922
0.5,0.2,183,0.005544822056666747,0.004951799909254329,1.6470535576562213,0.005136057302409232,-2.5578082817648826,0.5855388643618185,6.535714285714286,0.6086745474024882
0.5,0.2,184,0.002132084340169489,0.0021634229779787482,3.0741927575892873,0.0020235809226029585,-0.8427626955416846,0.5828004275386192,6.964285714285714,0.5836774091513733
0.5,0.2,185,0.004865628205594133,0.005258586730881868,3.1022300863160788,0.004383078623884542,1.7880210875264027,0.5707737232924261,5.142857142857143,0.5793569516352645
0.5,0.2,186,0.0017153485380626277,0.0012281740430715063,3.5330710069501947,0.001176307600000447,-1.0370744592412582,0.5940799451725008,6.607142857142857,0.6128362225526272
0.5,0.2,187,0.01150504325936614,0.008223223567198573,-0.8319307963900732,0.007933770028782492,-3.123148783395427,0.5441239017631258,5.857142857142857,0.5598118442039213
0.5,0.2,188,0.007664877507400387,0.00822424357916507,2.5621228324326353,0.006099892913520802,0.5464466205859063,0.5658424042451407,5.892857142857143,0.5574630701874033
0.5,0.2,189,0.004761734507194322,0.003454979484453154,3.8001688879527364,0.0031405745560143922,1.4199636700473661,0.626390995758792,6.5,0.6557358563106291
0.5,0.2,190,0.0014553130820963577,0.0013807159357915324,0.8407210105966764,0.0012973746739508912,1.3498158765306887,0.6284314184243672,6.785714285714286,0.6484049008268788
0.5,0.2,191,0.0010612672282206254,0.0008044267706646857,2.4378662092516854,0.0006674280803494175,-3.365411476458727,0.5809307364843335,5.821428571428571,0.5828183287576616
0.5,0.2,192,0.0037696316624542627,0.004250060477844484,1.8037497011257717,0.0030134653500340325,2.6566475459931858,0.5523334065668343,5.892857142857143,0.5423434805668959
0.5,0.2,193,0.048892067106262545,0.04773758726627856,16.650812158521195,0.047448762773677905,27.83883363647945,0.7170937648540029,6.821428571428571,0.7602753054479707
0.5,0.2,194,0.009308908029555373,0.008379359472760169,5.3765427030375195,0.00813214591799884,1.9971724444643826,0.6426536922017794,6.035714285714286,0.6595680374316
0.5,0.2,195,0.0029050987292542625,0.002868698744007083,2.9537700501744175,0.002358931521423732,0.04985341610285824,0.5860629472851745,5.785714285714286,0.5900760890509162
0.5,0.2,196,0.05957463231548496,0.06441685471991418,14.749794940997711,0.05825252061197169,22.323115852164506,0.6277629133815957,6.071428571428571,0.6833881583951769
0.5,0.2,197,0.001964022496814492,0.002007017932543286,1.0372531407739511,0.0017721005367044883,3.5760772433952184,0.5881881552369131,6.071428571428571,0.5900124393098889
0.5,0.2,198,0.0017560222406114553,0.0017554639712304791,2.4519274853474635,0.0015468085321858275,-2.1536285457384943,0.5914750665129433,6.357142857142857,0.5969366520269414
0.5,0.2,199,0.04710833678525056,0.0484913248436446,13.062021739806303,0.046837959380066095,27.30316744080731,0.6741095520182706,7.071428571428571,0.7257666649277319
0.5,0.2,200,0.0011795906304503867,0.0008389926471693688,1.4906959200397125,0.0006918362040046661,-1.9128583768711565,0.5790833880010194,5.357142857142857,0.5959375180627389
0.5,0.2,201,0.04313069852268881,0.04042575867102644,9.362007249696523,0.04084124532016193,15.523706461298426,0.6726310847402962,7.0,0.6952503055486807
0.5,0.2,202,0.003249587932044221,0.003075475196602618,4.205391142900055,0.0026792057253525493,-1.6343846265184727,0.5965851011713268,6.285714285714286,0.6098215503367987
0.5,0.2,203,0.009703989818199945,0.007179190328520295,5.033997383641055,0.007506557673636107,-3.4017379150628435,0.6219515178053554,6.607142857142857,0.6210046629822406
0.5,0.2,204,0.002436760070954652,0.0028974107581232686,0.8720062369495357,0.0022366891492833106,-0.26684497021025777,0.5749860368962584,5.785714285714286,0.5718981736311324
0.5,0.2,205,0.015309300495008818,0.010061287908862127,8.652874866694097,0.009434262385857825,-4.859270541709113,0.6080982865809837,6.25,0.5948185580295007
0.5,0.2,206,0.07327857156969832,0.07494647386111711,24.497677431198994,0.07091544350543276,27.39215328096392,0.6777036383574886,6.571428571428571,0.7267661408785326
0.5,0.2,207,0.013371893400012479,0.008232504056314654,7.665449522755931,0.008923532349975071,2.825785104822586,0.5958278778642915,6.142857142857143,0.6013061745614968
0.5,0.2,208,0.0209903852142825,0.014241172401630586,4.801823798919817,0.013717718123674675,-8.901600672569089,0.6019641964478736,5.892857142857143,0.6001127519756628
0.5,0.2,209,0.0001954899723034898,0.00023776806012056246,-0.8379256086580256,0.00011741507000434855,-1.1993844754099807,0.5515584873915245,5.214285714285714,0.5533071585172911
0.5,0.2,210,0.01845119451555773,0.017345753175709144,12.035014889261683,0.017650837589729608,13.138372410956427,0.655460540755894,5.535714285714286,0.6710019570132804
0.5,0.2,211,0.0012934348894794979,0.0005809558382701692,1.2183553143137829,0.0006230836335355364,-1.920523162301265,0.5711550335650963,6.321428571428571,0.5861834768863152
0.5,0.2,212,0.00781829840549742,0.007512938992183638,9.10505600313138,0.007396276594583754,7.522523350035802,0.6112941629780207,6.678571428571429,0.6025840276034282
0.5,0.2,213,0.01224012733118408,0.009488336676246581,10.21957726547951,0.009023259472872596,-1.5330864192533038,0.650341603028563,7.071428571428571,0.6371031691239251
0.5,0.2,214,0.0016516958015399845,0.001960197384424437,2.0668782357601856,0.0011485642013282207,0.05369328983145275,0.5034534387016875,4.821428571428571,0.5182894206531269
0.5,0.2,215,0.009599560106250671,0.008652871065539712,5.909777263346466,0.007754686704276914,-1.597750982881318,0.5993784012695971,6.857142857142857,0.6183904168394685
0.5,0.2,216,0.0019352406384629379,0.0030115651326350144,0.7501419113431211,0.0018571087263242218,0.6593009083052644,0.5597299050772762,6.142857142857143,0.5643231604172481
0.5,0.2,217,0.0038189619065066883,0.005104751014032762,5.653292286843794,0.0030870832529979416,0.6418837607849829,0.6069275929723454,5.714285714285714,0.6181062561514525
0.5,0.2,218,0.08301341297816402,0.07993192300537703,17.800769944512435,0.0827308767702514,31.603553602706274,0.6771309413322161,6.964285714285714,0.7386818894021275
0.5,0.2,219,0.005553201884666506,0.004516532328146466,2.1724474724169816,0.0046028586811221175,1.69983055055791,0.5844313544056448,6.178571428571429,0.585473512707953
0.5,0.2,220,0.02179764771729561,0.021686031834405154,9.459192690457845,0.021370350964608376,12.343588414201719,0.5972011021602613,6.535714285714286,0.6158468713967091
0.5,0.2,221,0.001768513236943895,0.0013952161670321506,0.39737472170941146,0.001360800838295939,-3.604648895478969,0.5743572320464934,5.75,0.5859496988709931
0.5,0.2,222,0.026972042681521445,0.02596789362439004,16.124879376054178,0.02579287364665003,21.716063545115862,0.6549420779941989,6.928571428571429,0.6909106565493417
0.5,0.2,223,0.00881342693286986,0.007784589465467139,9.873468860433803,0.008003095976057214,5.306720762159169,0.6421486792163452,6.928571428571429,0.6635312798872084
0.5,0.2,224,0.015840435110939844,0.01604565179850281,8.550495466191373,0.015202181415600967,7.696124652320805,0.6934769898628651,6.0,0.7117588234466072
0.5,0.2,225,0.0009835613073762735,0.001316447520200812,-3.097505131727047,0.0008640012859428592,-0.39859491336558034,0.5595746193768751,5.5,0.5627387968572497
0.5,0.2,226,0.0008378564523126046,0.0010882037770388626,-0.828481855193227,0.0006835721333371609,-0.7246128425868031,0.5849463885267578,6.0,0.5978649545315489
0.5,0.2,227,0.0032749135880809762,0.0026775427745805705,0.09416327582907986,0.003049159137163952,-0.28572527610055926,0.60000095341589,6.464285714285714,0.6035505621980556
0.5,0.2,228,0.014274097607500686,0.013653489451728033,4.650666135048634,0.01378474756425449,8.182421650673092,0.6638123449820289,6.535714285714286,0.6731765894421866
0.5,0.2,229,0.02515845303679361,0.028335042168637276,-3.6443551818747246,0.025039437708414235,0.09771950854227877,0.5112706089757634,6.285714285714286,0.5335786557433196
0.5,0.2,230,0.0019336468799355403,0.0017739688268193093,0.8126997490061569,0.001322988625685811,1.5848567316976034,0.5996217293935725,6.0,0.6183492678049325
0.5,0.2,231,0.005267281729652497,0.005280344913649771,1.8118601476976341,0.004599776313109288,1.1509220137732352,0.5932336994872286,6.75,0.6078895875747738
0.5,0.2,232,0.05282390137103796,0.04737955791016914,22.856068200374168,0.04544515402630195,8.872823485209357,0.7217592131719524,7.214285714285714,0.7686820401276916
0.5,0.2,233,0.006889161737861585,0.006222486788695031,4.238998221662219,0.006592068339335008,7.608014614294622,0.6635550727627031,7.178571428571429,0.6923060926305604
0.5,0.2,234,0.019382026233248126,0.01916729325224544,2.0555283943650884,0.01921490725791119,10.713524541259517,0.531338947576801,6.75,0.5381181255004415
0.5,0.2,235,0.008560478131664863,0.0090687157918169,-1.6481445922102864,0.008409494914022377,5.7364037099240095,0.6166685716888702,6.464285714285714,0.6233017668471059
0.5,0.2,236,0.0069017794306412686,0.002397353945872317,5.695015431285317,0.0026997770861968045,-4.753411485279486,0.6676636415581051,6.428571428571429,0.6684641146999716
0.5,0.2,237,0.011986691317912376,0.009943341382636322,7.059503267543893,0.010630073952909566,10.168390446910442,0.6288627056256452,6.857142857142857,0.6768479061023087
0.5,0.2,238,0.005539825002444021,0.006205916591627672,-1.3321261093060646,0.005395431072452435,-0.9188772062668988,0.5861447779358683,5.964285714285714,0.5813574525349885
0.5,0.2,239,0.00041702786591079407,0.00023282552212452694,2.3074865901144315,4.88084744212954e-05,0.041999508860404454,0.5273850446194394,6.178571428571429,0.5402399209998887
0.5,0.2,240,0.0008239606321844703,0.0006457859309782288,0.8540425790247733,0.000610069618249372,-1.303663882487702,0.5812634163154622,5.821428571428571,0.5920524396617328
0.5,0.2,241,0.03348001505908717,0.03353159574938481,13.41417974800755,0.03267921476640166,18.902023125635434,0.6502626718878546,6.75,0.6775063510054591
0.5,0.2,242,0.0038601926573871943,0.002121857582211433,8.24070037784684,0.002309703867316735,-2.7994490668511482,0.6308810978211493,6.107142857142857,0.6324139595288332
0.5,0.2,243,0.0013725312854390751,0.0007510753246959337,0.2817071674609319,0.0005829786562582574,-1.8182793521788199,0.615122981154382,6.357142857142857,0.6441461819502179
0.5,0.2,244,0.014562755958220567,0.013454216764911334,-0.8872646298130936,0.01370893524434826,4.800208008784381,0.6459759736177654,7.357142857142857,0.6471793516176501
0.5,0.2,245,0.0053052529868105385,0.005642003994198658,3.203406893558887,0.004805597572438088,2.465606038315921,0.5951605009892921,7.071428571428571,0.6203704588938623
0.5,0.2,246,0.06667086575394983,0.06662313010989576,8.901073629126111,0.06639555890451693,22.20624529958509,0.6421157838098043,5.642857142857143,0.6837159626082113
0.5,0.2,247,0.004667729320758939,0.002988642878469975,0.8641041606857129,0.0031743839570177687,-3.9484034622727697,0.6210417794939964,7.642857142857143,0.6355592806836952
0.5,0.2,248,0.023331033752865445,0.022506340571558796,7.13342465891257,0.022693343026830883,12.982335413484018,0.661776400689505,6.392857142857143,0.6783701890362608
0.5,0.2,249,0.03680995537832389,0.033448962988118044,8.072191918647055,0.03497558197018932,10.677702650181232,0.6723607944139971,6.571428571428571,0.7264448444692979
0.5,0.2,250,0.002015852534340428,0.0013837373630328537,2.41010626755579,0.001789375211486595,2.7931101832079435,0.5525529547205634,6.928571428571429,0.564533844278746
0.5,0.2,251,0.045689922674164045,0.04390881904524928,16.669899761046164,0.04439528865873619,27.081632343837203,0.6770516617404185,6.107142857142857,0.744065734129228
0.5,0.2,252,0.00409943604301692,0.00262069718706939,0.4092170627769273,0.002489957034506358,-2.0210442836405207,0.6572554924343185,7.25,0.6589998166398618
0.5,0.2,253,0.006584428539369604,0.0055795388868662915,2.7276382375213757,0.006350847621842187,1.6223680182744527,0.5754020956681999,6.964285714285714,0.5689014858870103
0.5,0.2,254,0.012244988552464241,0.013500240130964682,3.3987350622373924,0.011524943205029052,5.298034209962225,0.5529302731418904,5.392857142857143,0.5429817985528848
0.5,0.2,255,0.007867408402860612,0.0065745612544338495,-1.6537134621244813,0.006151972681756501,3.297567721201716,0.5677574044396183,5.678571428571429,0.6097144481809106
0.5,0.2,256,0.018836925759017204,0.0098166873427608,16.019744661832203,0.01018767601766342,-4.469044661124069,0.6241328363377159,6.607142857142857,0.6329063900552994
0.5,0.2,257,0.00947301285441554,0.0064680030764274745,6.445883760888923,0.007382162155790015,3.2725597247820892,0.6409747952221173,6.071428571428571,0.6653012114105781
0.5,0.2,258,0.003981676635379424,0.0030338868844151773,1.1504082157813873,0.0031199727351120155,-1.9583278617343467,0.494910913151671,5.357142857142857,0.4941459915944423
0.5,0.2,259,0.010363353425182732,0.008604530963971409,4.100527400682249,0.0065497985906487885,-2.585573549104197,0.5837904082915802,7.178571428571429,0.6114696943974061
0.5,0.2,260,0.0008840737828192996,0.00014507062714464117,3.4691792050485426,0.0005177623469049661,-1.7132888405078006,0.5578073535040069,6.428571428571429,0.5569486318174848
0.5,0.2,261,0.002459379239711453,0.0017219145364553213,-1.2243223115615365,0.0020506091797984766,1.8265396864336008,0.5539002598025493,7.142857142857143,0.5738392493301627
0.5,0.2,262,0.005399165543799749,0.009084911544636073,5.155306201004133,0.005198888152652201,6.328052375256145,0.5437954943305325,6.5,0.5452133717504315
0.5,0.2,263,0.026418125897345844,0.027378137719156367,-1.8996450379374228,0.023945975536070623,-0.8998360666402144,0.5798410504691851,6.535714285714286,0.6038643147852661
0.5,0.2,264,0.02598810826883973,0.028200499760261878,3.8721069507019763,0.024721118731843548,6.5852067232131715,0.6306112695485284,5.857142857142857,0.6623626815050495
0.5,0.2,265,0.03903153789515206,0.039188802370155686,11.939590806913108,0.03826677704333409,19.183811011305238,0.5903205052526984,6.178571428571429,0.642512210216587
0.5,0.2,266,0.0021696748680194327,0.0022897669862098377,0.8618049843480075,0.0016917913746647688,1.3247704666056375,0.6089441806733623,6.178571428571429,0.6077222857191311
0.5,0.2,267,0.0012122440078090112,0.0008919996634251676,-0.6863117903113789,0.0007565381903030635,-0.6445427255261981,0.5710202394700407,6.285714285714286,0.57668452753704
0.5,0.2,268,0.01363110572513123,0.013835355068044565,1.680973329521521,0.01328202583952822,5.1202313208921355,0.5714370432997592,6.142857142857143,0.5747125925767151
0.5,0.2,269,0.0026351390692451932,0.003243141569041516,2.9054125631027623,0.0019901883152619003,0.45323738657559903,0.598796019040367,6.642857142857143,0.6108543196888006
0.5,0.2,270,0.01015712231880078,0.004527844979476174,5.27301548140692,0.005223286237635266,-1.5781944856309547,0.5898098771412809,5.928571428571429,0.5898054871256857
0.5,0.2,271,0.01116034912381827,0.007046245602951489,6.167578686504622,0.007301827935000463,-5.7199079231317755,0.6585937027128359,6.678571428571429,0.6669412684939751
0.5,0.2,272,0.0015834438890111977,0.0014360027271974813,1.8903839108918323,0.0012192272868383868,0.9188561882310182,0.595536676760066,6.142857142857143,0.5994402051545418
0.5,0.2,273,0.01039530589323193,0.01015640461202082,5.2708653353924335,0.009767976390381591,8.465902255550683,0.6069460342756565,6.178571428571429,0.6323732631236187
0.5,0.2,274,0.0038975539904582412,0.0034597726523942344,5.207391251413355,0.0037112700586044768,2.5455838634490533,0.5915475250454243,5.857142857142857,0.5910037679329034
0.5,0.2,275,0.013386444185157317,0.009398935857849986,8.525900662946887,0.010709085121347633,2.657770661889989,0.5846284619175707,6.857142857142857,0.5925718468957581
0.5,0.2,276,0.005289141379185559,0.0062236739590481064,3.5116409177113894,0.005009276186847651,2.2694169673115803,0.6285246858966811,6.607142857142857,0.6330642068120502
0.5,0.2,277,0.0053732330890550895,0.0036155371441548754,1.1397314733372355,0.0030393134137636606,-1.7876813418206343,0.5873093582712438,5.642857142857143,0.5884778750336813
0.5,0.2,278,0.0014988052651484253,0.000645013881102267,2.666917176874241,0.0008828825394941997,0.1130110767978465,0.5877067638131722,6.178571428571429,0.5876538080325924
0.5,0.2,279,0.008445310390417793,0.010199138126833734,-0.23542980132915167,0.008148875414552963,5.0589239116897415,0.5763637977046152,6.642857142857143,0.6018523774513531
0.5,0.2,280,0.011929385529394543,0.012810514752914148,5.0844646268708305,0.011387984586609145,5.023815474100066,0.5805995074287859,6.178571428571429,0.6027513395175004
0.5,0.2,281,0.022508495835679383,0.020255500078638095,9.442708366330928,0.021692818698123426,11.006114553969903,0.6051494223227012,6.285714285714286,0.6173920473158978
0.5,0.2,282,0.04291175400997447,0.049956126707864805,10.945173738528988,0.0428218247394547,22.66266792057017,0.6959839598240637,6.25,0.7273808316139412
0.5,0.2,283,0.013672227532710258,0.009264899038145674,6.500629351391751,0.010794178045363005,-4.631022299376165,0.630429792431043,5.928571428571429,0.6430826136874975
0.5,0.2,284,0.010253355205054555,0.011757057474786625,1.8732768177690104,0.00848830421838872,-1.6638978207656503,0.6080170521336893,6.428571428571429,0.62732377064707
0.5,0.2,285,0.0262159836234305,0.02713420295849579,8.817915439424468,0.024088926653530403,9.70624719200138,0.6533681842805797,6.571428571428571,0.6915201370183388
0.5,0.2,286,0.0028304625498923558,0.0019665720196737208,4.087573518374967,0.0015506677492596245,1.57268526851513,0.5418857818131849,6.678571428571429,0.5613234450858867
0.5,0.2,287,0.051780997454314186,0.044720640384333925,13.593795679080642,0.04697583868774926,8.66450458321637,0.673560465276713,6.321428571428571,0.6996187518312942
0.5,0.2,288,0.0040054792960281995,0.0019871310159363395,3.2765097547493554,0.0018960211734890746,-2.6340872324862707,0.6206998275842689,6.607142857142857,0.6289318821588011
0.5,0.2,289,0.0017291091040657017,0.0018878275729794119,1.9167857906190118,0.0015615089511945087,2.6505204166583005,0.5744425621829513,5.464285714285714,0.5664308338818657
0.5,0.2,290,0.011178439227126895,0.01062515089831359,4.461333242584639,0.011155845481183185,5.735630527630964,0.5532159138950837,5.75,0.5603276706370925
0.5,0.2,291,0.0023424405307377488,0.0014215363611599103,1.6168974912013236,0.0016606741002100534,-0.9536704132193847,0.5725052119160864,5.642857142857143,0.5759556032193229
0.5,0.2,292,0.0010155306072378624,0.0005359305129110998,3.62090428678664,0.00034828375543916,0.8484390816309713,0.6033770897851121,6.857142857142857,0.6013166353280375
0.5,0.2,293,0.0016996441412335354,0.0015685890623852452,0.4788655811046283,0.0013776648322061855,0.7017434558212301,0.5396876681254981,5.678571428571429,0.5685940097597243
0.5,0.2,294,0.0014557182780163165,0.0014178524711158018,1.9848945506844302,0.0012720072476878506,-1.1518147711989855,0.6102967885531143,6.928571428571429,0.6050753999730665
0.5,0.2,295,0.0023032564869203435,0.0023407422137404752,2.1365646477032385,0.0019154859212541014,-1.8202220430597815,0.5975113774262027,6.214285714285714,0.607426960174519
0.5,0.2,296,0.01897062423616739,0.016939042177579144,4.570846169935796,0.01837492612486751,7.613239597336133,0.6150078244741541,6.285714285714286,0.6456514963138296
0.5,0.2,297,0.002616892806458732,0.0018109722746220012,-0.13942265193710077,0.002277768344764691,0.42582574996768585,0.6300711921448496,6.642857142857143,0.6408247276387298
0.5,0.2,298,0.005597538145551555,0.006424150264326231,1.379203192272352,0.005366542784356129,4.398438449689205,0.5374252678914093,6.214285714285714,0.5569703479664857
0.5,0.2,299,0.002881949875965178,0.0012397042222997148,2.58627278349068,0.002314155007852832,4.107086233404128,0.6013961697356923,5.821428571428571,0.6105459181860129
0.5,0.3,0,0.0029157789389124412,0.002411597142149056,0.06047716476569084,0.002714196664853574,4.5973674763650365,0.5423233875680878,5.928571428571429,0.5596396338347479
0.5,0.3,1,0.010748910247020217,0.009329919603851934,3.9114521904868127,0.00844158167870503,-0.8430420329935657,0.6392445399852011,6.678571428571429,0.6699329672571319
0.5,0.3,2,0.0033039607863334184,0.0009720468639148448,5.167093314480155,0.00044545913480763185,-4.643414848657462,0.6567388584137754,7.178571428571429,0.6476290338193111
0.5,0.3,3,0.0356775273769288,0.037063049651467284,14.451089868599942,0.0341581017887394,20.09679816047512,0.7099621670098999,8.071428571428571,0.7460456856577575
0.5,0.3,4,0.022485783213208304,0.01596791119305147,12.590712118378795,0.019101979148375293,1.7664431394866444,0.6500626978213354,7.0,0.664643319721043
0.5,0.3,5,0.04835173672655805,0.04382854055897439,16.304964436100235,0.04471267445462847,16.756981439069303,0.7343245984372102,6.25,0.7848584186295269
0.5,0.3,6,0.002764963412782502,0.002538646723605821,-0.26628527413912667,0.0018546667872496765,2.4675654672237024,0.5829045748447926,6.642857142857143,0.5952854401453773
0.5,0.3,7,0.03401903130078513,0.03471575374207037,6.721539111525696,0.033045616799245524,14.151091687657319,0.6907427809539327,5.464285714285714,0.7214178124655232
0.5,0.3,8,0.037701120533969366,0.032869927427513386,15.675206375770339,0.032077029866719745,8.986627092685419,0.6856759602610453,6.964285714285714,0.6990875661764813
0.5,0.3,9,0.0021777871807041765,0.002296420580531491,-2.899625545850578,0.0020183009230404685,1.0138521612361728,0.5666559045231802,6.071428571428571,0.5864595003049742
0.5,0.3,10,0.031658137620378106,0.03465973126585551,8.110514430873584,0.029971568229009267,9.764392269951182,0.6350223838097196,6.25,0.6657887837156604
0.5,0.3,11,0.0025905150476590996,0.0016759302413657815,4.66181996904039,0.0019462864860066464,-0.6199135968442514,0.5907525617448007,5.821428571428571,0.6169848116861609
0.5,0.3,12,0.04758530013268595,0.04578471798417891,17.845562477886137,0.044700733719115635,20.99475673478754,0.7003350697464297,6.428571428571429,0.7402166850222107
0.5,0.3,13,0.01385338426381644,0.013092222193000892,9.391766032609203,0.011995832198263256,8.102172052903635,0.6023470466895128,7.785714285714286,0.5819469670216941
0.5,0.3,14,0.0061875470196054785,0.006709893874471673,1.0763884790012146,0.005399433310188996,1.7325270880915677,0.5695985146847098,5.785714285714286,0.5881009655684826
0.5,0.3,15,0.0474931729980555,0.05007620681560313,15.274521630214792,0.046899687068229605,24.883302186864487,0.682378858583178,7.142857142857143,0.7303010250027357
0.5,0.3,16,0.023218374079033894,0.02518628584672548,4.394391268255494,0.02267075726415523,11.986127381548092,0.5977068682602968,5.75,0.6254839933901837
0.5,0.3,17,0.0025680696520333527,0.0020217065350569365,1.1136706916970904,0.0020301653997323713,-0.15259084734057637,0.5862582348298908,6.321428571428571,0.5994883246806282
0.5,0.3,18,0.004110828763988739,0.006012928594895852,4.1311180214713845,0.0038904300553163824,3.3621313394982244,0.5775283873344421,5.75,0.5707273121023662
0.5,0.3,19,0.022613646768204817,0.023126496403257066,8.105057565016267,0.02007677770389098,5.766259805776694,0.6568019642212668,5.428571428571429,0.6760626646385722
0.5,0.3,20,0.0438624808860345,0.04731524200766921,7.113239573398649,0.041861034881369115,14.320123475720498,0.6222247109058807,6.964285714285714,0.661806711880279
0.5,0.3,21,0.00390959881772401,0.0037584789354188574,4.390627565543308,0.0038378252943819646,2.9354492602926143,0.6233929620516404,5.928571428571429,0.6432138359570052
0.5,0.3,22,0.01350839912564494,0.00849751927885611,10.462008320008342,0.010381436216671069,-1.5085600298471509,0.6602613437808265,6.857142857142857,0.6872753993584966
0.5,0.3,23,0.005525399975597559,0.0037274559710139582,1.0718862189642284,0.004083724412371328,-4.204423346937631,0.61053019341024,7.571428571428571,0.6357371941823191
0.5,0.3,24,0.008236842213236211,0.008183471879938039,1.5648274264199529,0.0074849584364297915,3.565077623902956,0.6016239032277634,7.321428571428571,0.6247442964946157
0.5,0.3,25,0.020616544308323374,0.018896418595950416,8.732566546791011,0.019351447047901427,10.177385499515651,0.681673097612548,6.75,0.6975046208550237
0.5,0.3,26,0.0025204317574135525,0.001978992498751048,1.8484738862078132,0.0016467851486689329,-1.908778805867314,0.5710612393498362,6.035714285714286,0.5794908192716952
0.5,0.3,27,0.05128846151882749,0.05250657504614221,12.128884129432686,0.05075969178829248,22.82906832511006,0.6953317990290816,6.571428571428571,0.7632626790865001
0.5,0.3,28,0.027519747596016976,0.02517288327803564,2.841578257141407,0.026677809752979828,10.306205799918766,0.7065043721035015,6.0,0.7294450627221275
0.5,0.3,29,0.006175169004729089,0.004284350360549807,1.8268609039875041,0.0043935207628784285,-6.281333177456503,0.67092816452577,6.571428571428571,0.6809956704446345
0.5,0.3,30,0.036365375342015345,0.04032884945538983,9.401096909469507,0.035817194763788134,15.220902257949168,0.6784570159529474,6.107142857142857,0.705098845668997
0.5,0.3,31,0.00971166758139948,0.008475777407354787,3.611005438799983,0.007792667594641331,1.6955126967281255,0.68189408414489,6.178571428571429,0.6920769616096054
0.5,0.3,32,0.0007255009592571358,0.0007763961627012226,-0.6316373882907366,0.0005278689281065326,-0.6131631718061783,0.574151481995105,5.571428571428571,0.5684917255915024
0.5,0.3,33,0.024863064779834288,0.02246836555233666,15.822681549956835,0.019046119674684055,2.4476473819418723,0.7028845752431271,8.285714285714286,0.7141552844767489
0.5,0.3,34,0.006062165259800513,0.00536989247111804,4.629751879814904,0.00484530260916019,5.825261898315621,0.572147136804045,6.678571428571429,0.5989176697489835
0.5,0.3,35,0.0307930218562147,0.031201125535815232,8.127380307697203,0.029896596743713838,13.824388875124745,0.6333732050418451,6.357142857142857,0.672728345595925
0.5,0.3,36,0.007387678912956237,0.00523035941431422,7.25211534512682,0.00505710749723716,2.6177797673213283,0.5788397422496645,5.75,0.5861248563599708
0.5,0.3,37,0.019538369698820134,0.015967560413333852,8.606134493183825,0.016347601072090073,8.215104079918689,0.5577538420000792,6.357142857142857,0.6078470303601268
0.5,0.3,38,0.010029971488114223,0.00906735477452713,-2.6812427284449996,0.009408047977956482,4.817254442786823,0.6537237558359615,6.821428571428571,0.6472996806081545
0.5,0.3,39,0.011886426980053834,0.01081684196593609,2.4253887355171835,0.010441981086963778,-0.6678795588194077,0.5791954937411617,6.678571428571429,0.5786488080326175
0.5,0.3,40,0.0011094237753833782,0.0011311563266161902,-0.2849518206104449,0.000971282672437471,-1.66326656750212,0.5640043724012975,5.464285714285714,0.5740016225554163
0.5,0.3,41,0.03075132605329554,0.03309925082757757,11.726130649069054,0.029442379836550223,13.672952008496887,0.6777830171176981,6.107142857142857,0.698840229398374
0.5,0.3,42,0.036377201352458435,0.038094501918683535,0.1372385951102236,0.036273167217146116,6.308555036890833,0.5507122729535291,5.035714285714286,0.5821082338197175
0.5,0.3,43,0.005232580577203318,0.002269685111893745,4.8286529973792085,0.002708621601418414,1.882318520656914,0.5889722771536963,6.607142857142857,0.5885218303700102
0.5,0.3,44,0.001772520527197912,0.001539668742155137,0.6397290588248458,0.0007068370848303621,-2.701957230599637,0.5846428264810583,6.107142857142857,0.6070090827265129
0.5,0.3,45,0.02518141115227431,0.021848648876459452,9.27760440004345,0.02233542268989015,2.16144905014473,0.7166174230588895,7.0,0.7485151910019543
0.5,0.3,46,0.007749186546177158,0.005439416508193018,7.760146000902012,0.005624260636131051,0.06417845464146883,0.6105280445768722,6.5,0.6067440028790041
0.5,0.3,47,0.026323733203958137,0.02383799205301235,7.482220410765592,0.02515678748116386,9.852543447019059,0.6118868746470062,6.928571428571429,0.6313592527423842
0.5,0.3,48,0.029480783821461003,0.026122637205299348,15.790673955990087,0.0260901620540082,7.470848247784829,0.6590488919594641,7.607142857142857,0.6716993481549354
0.5,0.3,49,0.0017433910104386711,0.0012589305003878077,1.8784710268022498,0.0014333685094149824,1.1197702486162864,0.5830722690786726,5.5,0.5866913068681405
0.5,0.3,50,0.023689516123633236,0.022482997113352585,10.986798418239422,0.023261280742155672,16.198147173304875,0.6208444995108823,6.821428571428571,0.6435568686320995
0.5,0.3,51,0.022696937157533327,0.017397101681492676,13.642103731720121,0.017124218482050167,-0.49807669793560194,0.70704933871945,7.392857142857143,0.7207260037521663
0.5,0.3,52,0.02594377715265778,0.026920336937816217,5.498689272897811,0.025661536607145576,13.759266308462722,0.6089432634987578,6.285714285714286,0.647947694920052
0.5,0.3,53,0.047586779440758016,0.0477693506521281,18.10868837146512,0.04726372710199526,20.578068794295916,0.648080319941502,5.678571428571429,0.7022109599553257
0.5,0.3,54,0.02146101598285852,0.01992563542313274,3.870607201368898,0.01991761571215756,4.4584571085466775,0.5996201681314818,6.5,0.6248349430600612
0.5,0.3,55,0.05051166766438896,0.04912142941344235,21.502406166010058,0.04938197289504219,33.93631490662285,0.7180142946585368,7.071428571428571,0.7649024344170163
0.5,0.3,56,0.02594174490430236,0.02441595588754721,13.063392674001818,0.024709163130925763,13.60176793183023,0.7367711136932523,7.928571428571429,0.7596456678865244
0.5,0.3,57,0.0012244789150435895,0.0011620779130135494,3.8768231328738616,0.00047765158278319464,-0.6612450941327571,0.5458361610173261,5.535714285714286,0.5391332322504769
0.5,0.3,58,0.041997191319673735,0.0400054696522308,10.321304980570366,0.03965973005807419,12.478242164470686,0.6642368318235832,6.0,0.712437294682625
0.5,0.3,59,0.007982897956717012,0.005437786291445892,6.76334709966476,0.004657530103194709,-1.6826295754842893,0.5882902244617129,5.785714285714286,0.5843848687808235
0.5,0.3,60,0.02384983487791472,0.021847106791268816,5.01784539556247,0.0215906661889672,1.190993204786622,0.6066577423251142,6.714285714285714,0.628105692829116
0.5,0.3,61,0.05709953191132007,0.06048923351840104,12.447926367942827,0.05616352444745734,24.358356021190932,0.6898079177177642,7.571428571428571,0.7452952865933443
0.5,0.3,62,0.0044673493059761114,0.0011624402215984556,1.7722994375992869,0.0028016727041375263,-2.9562025880091767,0.5976744902046115,6.5,0.6009515847510611
0.5,0.3,63,0.0018429241735763314,0.0016000705853950318,3.2087110941739447,0.0016550964780597003,1.3547644898131448,0.6105917097512699,6.857142857142857,0.6205731965961611
0.5,0.3,64,0.010416452160097298,0.009145646198823274,2.924947501973558,0.009998700902226954,5.05521885949338,0.5949648591241047,5.892857142857143,0.6033362070098391
0.5,0.3,65,0.023915277967857446,0.02532873653404772,7.00999290700572,0.023618733909770092,14.665470504144727,0.6660674785773283,6.321428571428571,0.6980660622653692
0.5,0.3,66,0.020550556494724655,0.01980736375325446,9.378076688740805,0.01807811265498963,10.878779534761625,0.5444230761426149,6.142857142857143,0.5675041688795002
0.5,0.3,67,0.0014379139276342132,0.0016250402406288815,3.3709995502607817,0.0008913224736138194,-2.128147304073868,0.6413787542094599,5.714285714285714,0.651692870627008
0.5,0.3,68,0.0484529688443611,0.0475161037322992,15.909340979641632,0.04630388028580727,22.45159051936356,0.6902551696007418,7.714285714285714,0.7515286360894001
0.5,0.3,69,0.007316659508481887,0.004303294220595862,7.800351340373425,0.004273183442905725,-1.7882220701675446,0.6099395674623077,6.214285714285714,0.6148882729028513
0.5,0.3,70,0.019864723725943546,0.019566836839335258,4.593725795012792,0.018824849325050134,5.529624312604407,0.53938180701863,6.571428571428571,0.5626489549661535
0.5,0.3,71,0.05979698894421756,0.0590438966003225,12.494589782746468,0.05873807043274956,22.723413056749433,0.6777408221233011,5.928571428571429,0.735584054092302
0.5,0.3,72,0.02077815767795085,0.01930126941701474,13.820432186250295,0.018428849280401356,12.473515306615601,0.7354258779929806,7.0,0.7570482494960815
0.5,0.3,73,0.01414089456355412,0.014051209954889045,3.851036106274061,0.013422857775177625,8.08111717163599,0.6313739012914021,6.964285714285714,0.6705288889633436
0.5,0.3,74,0.05752447989982532,0.050242761704339986,17.243923328361163,0.0551422637099259,25.019959734065853,0.6870359945277684,8.035714285714286,0.7518577881319697
0.5,0.3,75,0.0018218845443780756,0.001592463572269902,2.353333208793496,0.0015224963718372658,4.484788848685544,0.5281387926765833,6.714285714285714,0.5405611771754061
0.5,0.3,76,0.005924402337914759,0.007458326062900547,5.5326754173959785,0.005288818105070716,4.303361704320679,0.6262182742358124,6.464285714285714,0.6368147436618579
0.5,0.3,77,0.007414614196445435,0.0047292685577819404,6.3371974197554835,0.00601406185122969,0.7110947640427412,0.6616018766360415,6.892857142857143,0.6563590866525695
0.5,0.3,78,0.052135664162442356,0.05310586090187318,14.21923025258217,0.05195770094218752,29.381862249737495,0.7363117500398857,6.321428571428571,0.7802876570986478
0.5,0.3,79,0.009554739499517191,0.004124184995184988,7.851422255193294,0.005659607944866262,-4.450266440207305,0.6284991309549356,6.285714285714286,0.6420787422030638
0.5,0.3,80,0.019771192810554485,0.01764146349587173,4.448607896127982,0.016593066597742644,6.017180800481175,0.7138936760064977,7.678571428571429,0.7423622988823964
0.5,0.3,81,0.061493041184297506,0.05595201244954876,11.899978287205181,0.055191167403048316,10.335161747102811,0.6474665778627948,6.964285714285714,0.714392904812089
0.5,0.3,82,0.0034518211111541136,0.0022478461463398876,3.3553256814898873,0.002210333822719861,2.8588131209519267,0.5919639574304095,6.321428571428571,0.5960273096616883
0.5,0.3,83,0.0010234585620003348,0.000950314085726037,2.4333035302569783,0.0007523729391758422,-1.0106321210515148,0.5966841160546,6.035714285714286,0.6064431351398114
0.5,0.3,84,0.05569479002858432,0.053474736706999614,13.60809342577729,0.05422221800744627,25.47927981265512,0.6506843023999634,6.571428571428571,0.6953462327895432
0.5,0.3,85,0.007458525207610273,0.006636085536114445,-1.6726129713282774,0.0071561253525024736,-1.8123217253811958,0.6009778359608936,7.107142857142857,0.6297564118476409
0.5,0.3,86,0.01988473152885985,0.019302853639720424,11.597178997177801,0.01916225806678727,11.967740464439885,0.7012153148842469,7.178571428571429,0.7315184872347542
0.5,0.3,87,0.0033919063285859797,0.0028813137725193514,-0.2948225364731532,0.0026627157394036815,-0.7263265648913944,0.5682586956955765,5.642857142857143,0.5798663909657882
0.5,0.3,88,0.0564749504497227,0.05668926078230481,18.298141862087206,0.05436030675178222,27.896427590541013,0.7547652180674145,7.857142857142857,0.8011691878061198
0.5,0.3,89,0.006207752244063726,0.005659810847283197,2.5397848367266156,0.005455761069086086,1.9301116345395049,0.5516831941666932,6.285714285714286,0.5549847335422231
0.5,0.3,90,0.0262481952115988,0.027217595098596007,9.450165298284665,0.02445770300429756,11.74447553271988,0.6457985277003248,7.714285714285714,0.672899198077134
0.5,0.3,91,0.05760467985845265,0.056319890627329915,22.759965779748104,0.05606803607746826,27.38116965062278,0.7186936779680072,8.071428571428571,0.7747792890159975
0.5,0.3,92,0.002972598426375905,0.0024074559320533474,-0.8194874314912397,0.0026375828011841558,-0.8672025559648565,0.5427314768325703,6.428571428571429,0.5642069453243543
0.5,0.3,93,0.010136265205943948,0.010259922434893078,2.0784913645781273,0.010013980780352712,7.5514960784218585,0.6096070840444453,6.678571428571429,0.6317409198446732
0.5,0.3,94,0.06960843412528535,0.07014216939210832,11.992170965601076,0.06782640975978507,31.82919392094629,0.6802350547719017,7.178571428571429,0.7893304365593209
0.5,0.3,95,0.035673384105019114,0.03658350378430207,15.488821631680253,0.03519992403116692,21.752238922642523,0.6817437037077146,6.678571428571429,0.6990091607195741
0.5,0.3,96,0.008670637102173839,0.006440531384717605,5.973684407853189,0.005959386023765415,-1.65719056145817,0.6208417347348993,6.214285714285714,0.617223538448731
0.5,0.3,97,0.005863636257517148,0.006516710756226161,2.4209250048158046,0.005817235842959658,1.7109199063734952,0.5617201102944344,6.071428571428571,0.5703375077307202
0.5,0.3,98,0.01362291541824199,0.011521779027125392,7.026924495651059,0.012781596723618881,-0.03185867697413869,0.631748780029021,6.321428571428571,0.6515540743601881
0.5,0.3,99,0.05332154413515909,0.052000082920988136,21.44398136782235,0.0508121135698283,23.292709442179262,0.6755593266019363,6.428571428571429,0.7339795334398544
0.5,0.3,100,0.01569965635232457,0.016664684415605913,5.407210582399055,0.014109361247556138,8.745063363524613,0.5758158380069512,6.607142857142857,0.5981696645907595
0.5,0.3,101,0.041178738889962034,0.04362685164812095,16.42943418366114,0.038549798760467255,18.657916418995313,0.6844219411085668,6.714285714285714,0.7185838902253999
0.5,0.3,102,0.0029871805067134107,0.0029340394368697125,-0.6161288582748625,0.002409002317938216,3.4733496243255977,0.5623543959547727,6.357142857142857,0.5969815327387719
0.5,0.3,103,0.01211868751294671,0.007509882913438208,7.604298227568165,0.00861079002947914,0.017324635449341486,0.6488121159153352,6.928571428571429,0.648092013264594
0.5,0.3,104,0.013399657511694899,0.0155125561468294,-0.3803636172009419,0.012751030820122017,0.9589207028058789,0.6116264245964881,7.428571428571429,0.6237961688257279
0.5,0.3,105,0.04074427386302995,0.03987874887704954,9.342850785150773,0.03920155959261842,17.67954584795889,0.6828337416495758,6.642857142857143,0.7362888884716876
0.5,0.3,106,0.014473921181912671,0.015648431387558975,11.404922436149008,0.01409019955565581,12.090791309379568,0.6508618913432719,7.035714285714286,0.6618123144254358
0.5,0.3,107,0.017125067326198118,0.011121169222763664,12.24612757043486,0.012624848218352148,-1.5808715131951014,0.7219898944061224,7.571428571428571,0.7338176027854929
0.5,0.3,108,0.004679098351441858,0.005958593205674679,3.293275474494711,0.00448265838923531,2.2999437210084275,0.576893388779489,6.571428571428571,0.5820913457168122
0.5,0.3,109,0.04883148617208612,0.05001379721350743,18.594089797860903,0.048577468080587424,35.73460307454461,0.7142000604600857,6.714285714285714,0.7628295329427166
0.5,0.3,110,0.026570894726371884,0.026324863284489006,11.446315298166818,0.024726540578812364,13.89543084006605,0.6354661142671031,6.464285714285714,0.6765446142816389
0.5,0.3,111,0.022970066531739542,0.0205949748097662,10.57334000801211,0.022050027929920335,13.621774207748794,0.5657915514181291,6.214285714285714,0.5963920786026424
0.5,0.3,112,0.018177866261340513,0.014380125283998393,9.721684287419938,0.01437855328653081,6.137371587486797,0.7190778983977235,7.428571428571429,0.7333958126084634
0.5,0.3,113,0.006722078201324614,0.0021422687463811844,6.783610368389058,0.0031163439954629856,1.3643294098645053,0.584020145534603,6.214285714285714,0.6072209937163935
0.5,0.3,114,0.002453789909256052,0.0013780816187926894,-0.28758335089797055,0.001492632869328538,0.4684296163272374,0.634439722574777,6.571428571428571,0.649398583122365
0.5,0.3,115,0.04023980801642944,0.042282971708475274,12.549907607405132,0.03905110304954049,20.385479618742252,0.7215540217055835,7.214285714285714,0.7622503283461108
0.5,0.3,116,0.04053909851690792,0.04084531130602929,8.413466943026728,0.03985205434953699,14.622609412974365,0.6847073773090846,6.285714285714286,0.722412450311799
0.5,0.3,117,0.028400903733766355,0.028378614432449923,16.536163516667177,0.027576330083451214,20.1250343277875,0.6977479339549179,6.392857142857143,0.7199118040702852
0.5,0.3,118,0.019022412032393684,0.017197956440749916,5.7667208286571565,0.015876468174560707,0.8281619090314223,0.6690948196277228,6.107142857142857,0.6807921984769919
0.5,0.3,119,0.005607740801263693,0.005615786172485659,4.6186290800102086,0.004929143507872107,2.897570926364741,0.643863245937857,6.642857142857143,0.6493703893448524
0.5,0.3,120,0.01235185197827084,0.009835470357963847,9.227356090665134,0.0111000422154389,6.89478777862836,0.6292756064291722,6.392857142857143,0.6434288248262716
0.5,0.3,121,0.004667460217826245,0.004802797778104535,1.6296005244754592,0.0045685295665265115,0.5512429995602682,0.6005192739190284,6.0,0.6004444990930088
0.5,0.3,122,0.017075573847949915,0.016202013781254906,6.380016620062709,0.014765987842379367,6.369893034264417,0.5725237766570667,7.071428571428571,0.6049303775384691
0.5,0.3,123,0.017022177751358593,0.017294777845540604,5.297767324117776,0.015649767222229872,3.7537530562167185,0.7034534252505897,6.178571428571429,0.7202258885856647
0.5,0.3,124,0.0028886973516844207,0.0016662952918801372,-0.7106063078843855,0.0015882825635966991,-4.360710606783101,0.5729275239819808,6.107142857142857,0.5891188283281641
0.5,0.3,125,0.005970628659176673,0.006015349232830128,-2.7769026290358263,0.0052039817382159475,0.18677263065852875,0.6199231104405263,6.428571428571429,0.6429190032754319
0.5,0.3,126,0.005638035276359157,0.005178268584729302,3.094582593488193,0.005201789000034253,4.922066105454178,0.5547314249309444,6.357142857142857,0.579727584640539
0.5,0.3,127,0.013564290936237448,0.00912852624334923,10.99050946424425,0.009415605210620162,0.0033750002053333597,0.697335509979168,7.107142857142857,0.7054650529653506
0.5,0.3,128,0.002802405961412298,0.002677061548565079,2.5693527107417062,0.002255158170102087,0.9936325438500262,0.5847217688383163,6.75,0.6108554059991722
0.5,0.3,129,0.042260266961591166,0.04294392175178334,10.486403514208623,0.041215248101277836,17.797956990874496,0.6456083024485041,5.535714285714286,0.6995801174040999
0.5,0.3,130,0.02297534441956655,0.022189796502037236,8.54852010420287,0.019215989100537154,3.7199905721267705,0.5700170048644029,8.25,0.6326899427137747
0.5,0.3,131,0.0036752335863859957,0.002352060968112351,-0.5474878123337987,0.003369569803905768,-0.6750224514605824,0.5909013239056392,6.035714285714286,0.5978006610510422
0.5,0.3,132,0.05964134255229569,0.05315211133714444,20.81272315505156,0.05459479474356315,24.775573254089185,0.7031949342874354,7.464285714285714,0.7747810592995659
0.5,0.3,133,0.03162105773767596,0.030069079605266832,10.955942991620853,0.029259562293104852,16.698511741162616,0.7517448215629738,7.785714285714286,0.7831374917740279
0.5,0.3,134,0.033254200070376515,0.030255771688722108,12.066533262526747,0.029900636606900084,12.544153405306067,0.7281506035297812,7.035714285714286,0.7662002433828096
0.5,0.3,135,0.006618250250242381,0.006965223104803944,7.053546886069701,0.005503429577780268,6.087202678042208,0.6282959090191091,6.071428571428571,0.6267717137513229
0.5,0.3,136,0.03284529569280152,0.03500377405119392,7.387903513232497,0.032421419346786245,13.298040044182548,0.6379174776371697,6.785714285714286,0.6737217160801007
0.5,0.3,137,0.02898527694833685,0.026012572699335004,12.21495072579692,0.026330257245594315,11.15157652173402,0.7245099338100607,7.285714285714286,0.7515839373340538
0.5,0.3,138,0.0611953356417803,0.06498633007740424,10.591459996199589,0.060143769817350014,18.474534081039934,0.6969523958306295,6.857142857142857,0.7369744207251201
0.5,0.3,139,0.020943207374628636,0.021359471358203954,16.238166273542465,0.01886209997395226,10.761210619177584,0.6474182825404406,6.464285714285714,0.6325406756219848
0.5,0.3,140,0.004560943847698163,0.005208315061973202,2.8363504323867423,0.0041983108481412484,6.383534476339416,0.5942150490297832,7.071428571428571,0.6026387253423199
0.5,0.3,141,0.004150636194480759,0.002902796204059469,6.228503646008657,0.0034072082856000927,3.956306646602864,0.5797730891887392,6.357142857142857,0.5794038138576801
0.5,0.3,142,0.015630271415260168,0.011951474241396955,7.658069684059825,0.010952027647756938,-0.8785642100824683,0.652475712217641,6.821428571428571,0.6465460125541972
0.5,0.3,143,0.013638722878601803,0.010747127756997526,5.708119730943849,0.009982305195739664,1.3268156722254882,0.6085566615157453,6.928571428571429,0.6374151614859964
0.5,0.3,144,0.022103399358982284,0.020710642631750216,10.7781609137427,0.020201168880683868,7.141333847338937,0.5997833590098506,6.892857142857143,0.6243196094899289
0.5,0.3,145,0.046941731722287036,0.04380948874985367,17.801337753146075,0.04626348406153516,31.610949131987585,0.7451157634778006,7.535714285714286,0.7871901436082697
0.5,0.3,146,0.0014620909896742515,0.001555559300125989,0.3145728075407324,0.0010870620233896877,1.0689720442612725,0.5392409758385698,6.5,0.5401809886622341
0.5,0.3,147,0.04324467948436091,0.03763370953016431,13.299275579590008,0.04015598708013856,12.026765723024985,0.7097320473006479,7.535714285714286,0.7459498087090417
0.5,0.3,148,0.026753599574596,0.02897257239229019,9.411030503074963,0.02644608944950624,14.858550422594504,0.5847823962690907,6.071428571428571,0.6338626549935442
0.5,0.3,149,0.013920586555483424,0.01411090760861568,7.901364187944627,0.013121809076768305,8.300165894561948,0.6296916569241421,6.785714285714286,0.6186604454342253
0.5,0.3,150,0.025469316151809404,0.025444410786771704,5.58911579042866,0.02136431441595264,-4.099175614601951,0.6240989701321829,5.714285714285714,0.6284770701581633
0.5,0.3,151,0.008328036644064781,0.007637313044945819,0.6587942077313661,0.006157328309711141,0.005715358739905696,0.516264829587622,5.785714285714286,0.5030661990348626
0.5,0.3,152,0.008409248471408382,0.0059582057257544065,4.7001319916084485,0.007047173895621773,-0.1467278494439294,0.5839175989225099,6.428571428571429,0.5881389964899149
0.5,0.3,153,0.009978211707809144,0.009157091017866468,4.723924181902238,0.009636338002528489,9.660061354440083,0.587915233965243,6.107142857142857,0.6011535781295869
0.5,0.3,154,0.0017415295071911644,0.0018209387364345481,-1.9737146924076494,0.0015493225052745675,-0.5274279336862643,0.6190723353539537,6.464285714285714,0.6384635616372327
0.5,0.3,155,0.06845478952089731,0.06535984900178574,17.39540601507827,0.06595400402611896,27.244992533698206,0.6572357812343353,7.071428571428571,0.7382672809436653
0.5,0.3,156,0.016163401565377492,0.013235406039149479,8.663160284809976,0.01288492591706142,-1.2372599894022187,0.6382323217938314,6.821428571428571,0.6459296018273673
0.5,0.3,157,0.023134615321928252,0.02008781781945882,7.544396203423399,0.020634583473098874,9.598442380314461,0.7693675920578948,6.892857142857143,0.7977562118458315
0.5,0.3,158,0.021377943913895824,0.017563555048731323,9.74344395046604,0.018496180400097473,7.464863716193558,0.6344134264697645,6.571428571428571,0.6617413019141126
0.5,0.3,159,0.01966767208414476,0.020506098912264653,8.828210047677507,0.01932197337066155,12.578571069223424,0.5733181493070177,6.178571428571429,0.580638465945485
0.5,0.3,160,0.029273006782879783,0.02978363291874976,4.009933146619308,0.028105651111844265,13.565532812734688,0.6368046614048497,7.071428571428571,0.6762963320111712
0.5,0.3,161,0.004196077838295371,0.003765880965923093,-0.05045083275851425,0.0033265273166061034,-2.935248393830894,0.6106491412466032,7.321428571428571,0.6153568046011441
0.5,0.3,162,0.028481922438302328,0.02793333710992141,14.070627043158472,0.027010312944022685,12.027880204147758,0.710869987278806,6.607142857142857,0.7380656999607434
0.5,0.3,163,0.0031174728137454122,0.0024513127054967866,-1.764853839517779,0.002867359467160963,0.16157804317671776,0.5781746411902446,6.0,0.5919491999427213
0.5,0.3,164,0.07240692988443219,0.07282828245754136,7.740093363805627,0.07043008490265819,16.30234126429811,0.6469924296189611,6.321428571428571,0.7321926635214326
0.5,0.3,165,0.017068771203424083,0.01532373220969487,4.730881004013601,0.016227897293605086,11.625793557871162,0.5933484042283258,7.178571428571429,0.6275553961585078
0.5,0.3,166,0.04408297489947192,0.04474529445948094,14.698645222916744,0.0426798807556167,22.967439930938777,0.7696352314520016,7.392857142857143,0.8171759107798405
0.5,0.3,167,0.02420517693903476,0.019927527597639105,9.273609600573735,0.02167904331568602,10.844438195692087,0.7300547994900121,6.892857142857143,0.7412481668952537
0.5,0.3,168,0.05191678204723306,0.05387262802664739,10.746226878697902,0.051171962582099245,22.947184510628983,0.5881350628416399,6.357142857142857,0.6494963611142308
0.5,0.3,169,0.039746538231427826,0.04345307460041474,13.005390636028295,0.0378309002177877,14.475605028348184,0.6268525008078238,6.714285714285714,0.6391128936033776
0.5,0.3,170,0.0074600339886277236,0.008640156360940772,2.10261525939625,0.006904231143745265,0.6495327037020312,0.5980062412210846,5.642857142857143,0.6127606334559423
0.5,0.3,171,0.017152249365667113,0.018581250934050633,7.688734462570153,0.017015409653873912,13.737445581182328,0.6701081337442227,6.607142857142857,0.692710320789917
0.5,0.3,172,0.00408915476754752,0.0030243307408376985,6.526447131780411,0.0036709560538095696,5.8768934662713646,0.5743740623066061,7.071428571428571,0.5688355327656581
0.5,0.3,173,0.0014433736656123688,0.0008204932284065347,0.6927537885293115,0.0006428250773982639,-2.0769332832485077,0.5974871659097519,7.178571428571429,0.6295615498955354
0.5,0.3,174,0.0011294603163049387,0.00024431551701809196,0.4629991530070849,0.00036806245434179525,-1.2594252446809644,0.6101972090358737,6.964285714285714,0.6182654307961678
0.5,0.3,175,0.0199983694353694,0.010936388019583066,12.310194877834618,0.012422419137925557,-3.7479191563048744,0.658128053735403,6.357142857142857,0.6761305389199332
0.5,0.3,176,0.007684879901071073,0.006601384437542582,6.7638415251262245,0.00640163543257507,5.958494503106702,0.6129438856317708,5.821428571428571,0.6376409229331138
0.5,0.3,177,0.0066227861521033615,0.007354029619256082,6.002959359079493,0.004774879986028853,-0.7842270677910884,0.5753828574640789,6.75,0.5737623224623725
0.5,0.3,178,0.002655533656449016,0.0016738426936280795,-0.7948778194046989,0.002546444505611014,0.34138655881111885,0.6006853015012199,6.214285714285714,0.6102902127946732
0.5,0.3,179,0.06334613266048991,0.06366676041327658,23.519892912214118,0.06279229493085375,39.83556017317361,0.685589629211478,6.821428571428571,0.7384227842616622
0.5,0.3,180,0.025657704795007286,0.02656830385768664,7.7768599850541875,0.024612988557213944,10.839225621174288,0.678592479806334,6.071428571428571,0.686286545109106
0.5,0.3,181,0.029327352305387546,0.031044402139901475,15.55002467757229,0.028668798591172738,14.401348477068126,0.677696117590075,5.678571428571429,0.7019502454661617
0.5,0.3,182,0.0020442085730837754,0.002876312314796678,1.2400103646338323,0.0016995581119072472,0.41735685358744945,0.568844723689673,7.464285714285714,0.5723686164310047
0.5,0.3,183,0.004425210856578087,0.0038470512617941746,3.3534413916160113,0.004027851719285388,3.0284516289251067,0.5942959972152185,6.178571428571429,0.6187351091554082
0.5,0.3,184,0.09735354429855475,0.09748264490292827,16.765625374902097,0.0966085480651288,32.76565713915425,0.7026988254758423,6.642857142857143,0.7742585641277252
0.5,0.3,185,0.050524381065929116,0.05223362580765362,12.37118079717296,0.04933928995214943,21.647066973085618,0.682739530407532,7.0,0.7336794904918699
0.5,0.3,186,0.021898837847756886,0.02086478495237904,5.014743790656695,0.021485372263416,19.25424887056236,0.7353120643856405,6.714285714285714,0.7602200746123227
0.5,0.3,187,0.017884476728929698,0.018383040389974303,5.53133894100759,0.017206515501229352,11.338404966216407,0.6778143931860364,6.178571428571429,0.6978173776577268
0.5,0.3,188,0.001355944517934094,0.001608748359894367,1.6516430749400495,0.0011461439916908463,1.7831566597949216,0.5988246417615626,6.071428571428571,0.6137707612834418
0.5,0.3,189,0.05030102863476718,0.05304707292632866,14.445462039590689,0.04911998469735628,21.352465056236444,0.6837852519589738,6.642857142857143,0.7473098391188924
0.5,0.3,190,0.0034361649599703487,0.003915009708851666,-0.33134788738344884,0.0031245293338852645,1.7210568557228498,0.5879416190672541,6.785714285714286,0.5959373671862984
0.5,0.3,191,0.01752865163165871,0.01675566219921119,1.7838576340980221,0.01687712421722334,8.201959938290761,0.6760439058512985,8.071428571428571,0.6975269606266454
0.5,0.3,192,0.042572958800806124,0.03783165142818735,27.381036058982897,0.040267824132913445,31.689900801029538,0.749313605975435,7.785714285714286,0.7889552370271143
0.5,0.3,193,0.0035648867248152145,0.0029589839854734738,1.74152736838757,0.002773383511614807,1.8101278105049516,0.5330663803429285,5.642857142857143,0.5568907656733426
0.5,0.3,194,0.03160121117824168,0.032523791805251945,10.557827204590495,0.030807192442231127,12.669274516457582,0.7268509019708144,7.0,0.7616773197419946
0.5,0.3,195,0.0065542501480079654,0.003019805424921736,7.028944762262019,0.003310535297448853,-5.822694999956515,0.651648681824031,6.892857142857143,0.6560518217523001
0.5,0.3,196,0.006276953273382051,0.007177806592164894,5.705565343910602,0.005775168728622297,5.891577489195764,0.5763948155771214,5.535714285714286,0.5916108444372821
0.5,0.3,197,0.0314673178562934,0.030663096056005406,4.879314996484889,0.030831565721954547,6.925859473366103,0.7033341619569627,6.464285714285714,0.7424409759168964
0.5,0.3,198,0.050874168809812416,0.05077636188319008,21.05160621398929,0.049015490654099575,22.67111901681061,0.6583346147915412,7.571428571428571,0.7150424379468209
0.5,0.3,199,0.02790488676747725,0.026558011959782725,9.263415171074238,0.024965199648385485,5.286379781867936,0.6961908953777461,7.035714285714286,0.7265693879417063
0.5,0.3,200,0.05439725375495185,0.05440193264193613,11.55033365504571,0.05287192226794883,13.480362440805834,0.7015438551151846,6.5,0.7439561274244278
0.5,0.3,201,0.0173287527807597,0.016659516924074476,9.333712286766428,0.01669690108410618,14.936313360555877,0.5916978049754168,6.428571428571429,0.621290543661678
0.5,0.3,202,0.04719811860707213,0.0438096179396431,18.391352026996827,0.045055759613319375,23.64020592320864,0.704643070646199,7.357142857142857,0.7614666258220673
0.5,0.3,203,0.01898680642544768,0.017614480536954226,12.118263650923515,0.017016452238774713,10.536408775118929,0.7056661445443962,6.392857142857143,0.7218658853184856
0.5,0.3,204,0.017899554485169004,0.01743246708566165,11.065724722262152,0.016493788933004624,8.389063801120196,0.6148724339320856,6.714285714285714,0.6372648483175525
0.5,0.3,205,0.0008042148925307721,0.0009721754815857301,-0.6097826824363987,0.000681170904720062,0.08774188791122128,0.6051172924592086,6.392857142857143,0.6117862231111215
0.5,0.3,206,0.02065636692882548,0.019406036307873516,10.129909976297483,0.019177837123408398,14.15483349587337,0.7128991152381282,7.392857142857143,0.7436482891936846
0.5,0.3,207,0.014930285167305157,0.010862110849747472,8.543719292772911,0.013428766544166585,5.000751514635245,0.6554392321516108,6.107142857142857,0.666782124024548
0.5,0.3,208,0.05620568165860252,0.04929850021826671,7.572897257177753,0.05499884694564378,26.792062432952054,0.6819104684219012,6.678571428571429,0.7420168924179715
0.5,0.3,209,0.0047119027132795895,0.0016861828900412061,0.4257150172185599,0.0018407731486380044,-5.031503238787262,0.5797327676235439,7.428571428571429,0.5866109299590776
0.5,0.3,210,0.008627827841615887,0.009854115510936767,1.8223533427547995,0.008177743373578178,3.88793304279424,0.5787928943661086,6.035714285714286,0.6148951729853962
0.5,0.3,211,0.05997448817038515,0.059858758582111316,9.264138613971719,0.05969882576095362,24.112487640404655,0.6668067315296107,7.785714285714286,0.7230310034840841
0.5,0.3,212,0.004272771561863684,0.0037462409607864635,4.245244220661353,0.003961553699325641,-1.3303150167677888,0.614299800838941,7.357142857142857,0.6072536735534033
0.5,0.3,213,0.025458667069765253,0.02151337066488578,16.680233866987248,0.020878989178041815,3.028936486896716,0.6932958971509798,6.464285714285714,0.7247008838105511
0.5,0.3,214,0.005387955534609731,0.0014105562469382206,0.2670442054896398,0.001747737743285192,-2.1662335774258565,0.5734864695641955,6.071428571428571,0.590800798886729
0.5,0.3,215,0.007718036101011352,0.005278827166595883,5.604001534546218,0.005001592292358421,-3.361979684864726,0.6381045828777145,6.107142857142857,0.6428229352165583
0.5,0.3,216,0.0076868135076732505,0.004904059209592024,5.871759997506568,0.004504116780176558,-2.453468990152942,0.6839609259832108,7.642857142857143,0.6854094701852589
0.5,0.3,217,0.01670762183533877,0.012533455927715818,9.084353720404758,0.012973371804898597,5.487256691973225,0.576282341942593,7.964285714285714,0.6316124334679531
0.5,0.3,218,0.006587340310071987,0.004425744553241657,5.299702478028081,0.004677669129736194,-0.16820547584405668,0.5447109049301545,7.0,0.5526624131949374
0.5,0.3,219,0.018386814544166116,0.0161163725047796,9.20225060910719,0.016122327844597974,6.015844080139137,0.608979887423882,6.357142857142857,0.6303110135260175
0.5,0.3,220,0.003453167652008553,0.0029683239962049685,1.941923327948615,0.0031318706028844096,0.277930181627255,0.558134110352288,6.071428571428571,0.5648237583883593
0.5,0.3,221,0.021044180896466765,0.020100238216923604,8.424454807408049,0.020137592083004127,10.539172996028242,0.6348834106288059,6.678571428571429,0.6638151589392021
0.5,0.3,222,0.05286955654462296,0.051425316936989554,28.15127524055613,0.04886680037694826,25.18073752473786,0.7671061593739147,7.857142857142857,0.8109904192907076
0.5,0.3,223,0.00393003448962324,0.002489596280550993,-0.7424744922727674,0.002826723347581329,-0.57793360687297,0.5938011869830311,7.535714285714286,0.5993600092972073
0.5,0.3,224,0.011962100425154828,0.009278318712948245,5.482433755091951,0.009694597919236322,0.06189957893733814,0.6931362859433566,7.428571428571429,0.698704319900782
0.5,0.3,225,0.015509577296998846,0.013703394671622614,12.182296654310269,0.01386668018370127,5.441972617695105,0.6526235642031326,7.321428571428571,0.6514446989992633
0.5,0.3,226,0.0038202677263488084,0.0034174627744693142,4.829217317451897,0.0032126596921244082,3.257778865750898,0.627189993763441,6.964285714285714,0.6201275880583932
0.5,0.3,227,0.003236313362330723,0.0011801130648276044,3.4069527651870524,0.0011109063699190891,-2.2242492544291963,0.6430132717580574,7.678571428571429,0.6597578601105932
0.5,0.3,228,0.05713578967561459,0.0596216221953671,10.183575958437288,0.0561463335488383,29.208830131884298,0.7249267208296398,7.75,0.7894403953091489
0.5,0.3,229,0.002356557925799417,0.0020544015241794095,0.9412601688329213,0.0022103699071873437,-2.3624529309887996,0.5479085288801978,5.857142857142857,0.5392796930404736
0.5,0.3,230,0.02369558044422969,0.02301871795164472,14.397747028625995,0.02304823532150682,22.154904205491693,0.7526637728143264,8.071428571428571,0.7781273378147291
0.5,0.3,231,0.008452470649983813,0.007550177622677786,2.368074529334033,0.008338780799237477,4.634435444554545,0.6361763023409176,6.392857142857143,0.6535775889463011
0.5,0.3,232,0.011864051615945352,0.011025388877406563,2.371826734830421,0.011707039696072249,8.747781337352583,0.5984912296231067,6.392857142857143,0.6121410040317152
0.5,0.3,233,0.008797909721003819,0.005869490439457037,4.490129043752461,0.006942187818979291,-3.7449518196612153,0.6325066825167162,6.928571428571429,0.637649090377759
0.5,0.3,234,0.009324111667702837,0.007392823458772718,10.84164614417736,0.006451489414920823,2.038397650435153,0.7173002034035393,7.285714285714286,0.7394827113729519
0.5,0.3,235,0.001428340895098082,0.0006625507034032861,1.8004874840443204,0.0006055440178964447,-2.686342234872768,0.605364989843371,5.535714285714286,0.6188879067559055
0.5,0.3,236,0.03933276733576589,0.03593996025932483,16.92395470684966,0.035612348995240455,17.217081475949552,0.6983201062978482,7.107142857142857,0.7429966236719271
0.5,0.3,237,0.002130639039627714,0.002052905281928349,0.37818017347456134,0.001888012302559043,-1.520078641647255,0.6328157358820363,6.5,0.6285023268743013
0.5,0.3,238,0.01951148224459842,0.018686583929875645,7.249243835098365,0.018817573913595967,16.237417012984007,0.5382870833719149,5.928571428571429,0.5582416127371823
0.5,0.3,239,0.0189998917463764,0.019186339017844698,16.7947167375559,0.01810642821346055,17.047631406694723,0.6998963527933034,6.25,0.7100269228446701
0.5,0.3,240,0.016187298176452827,0.008027750046968854,12.90445351034065,0.009642700813989484,-8.446710225203475,0.6530785255998879,7.178571428571429,0.665774148700933
0.5,0.3,241,0.0067404778089692995,0.0031190003301241665,6.9098509741084895,0.003480947968959523,-1.9710781307676182,0.6075564218359665,5.678571428571429,0.6032449267633437
0.5,0.3,242,0.001063512241818519,0.0005899312008434803,0.8302014867155473,0.0007224531762479787,1.7212923094378993,0.6018512624989414,6.0,0.6229714077930125
0.5,0.3,243,0.012080554658976847,0.01234205711810855,6.515685163035282,0.010636414322514139,6.932861928172116,0.5712857497912347,5.535714285714286,0.5851466640457081
0.5,0.3,244,0.046802386112379205,0.04437711157377215,18.289887943831207,0.045676015288883036,28.03890456677659,0.7361054777751095,7.178571428571429,0.7823117550736641
0.5,0.3,245,0.024617248622060533,0.021911249407741338,17.67177982393419,0.022454260662597123,14.15836027210699,0.6725627475287391,7.285714285714286,0.6994559561520072
0.5,0.3,246,0.04560592896484279,0.0428362528625462,7.143899575035533,0.04367441943582774,14.162854310906596,0.602246673345434,5.714285714285714,0.6544927350252984
0.5,0.3,247,0.0032730555406253405,0.0007514019321170843,2.351988175690489,0.0017277330810991126,2.480057563356951,0.566918670659727,5.535714285714286,0.584622971920773
0.5,0.3,248,0.026628181878149446,0.01766469920237231,16.74298509420076,0.017185218612640062,-3.6240754673975935,0.6690458466582304,6.571428571428571,0.6807760044057127
0.5,0.3,249,0.016917224359989838,0.01621027147948598,5.887690152619257,0.01653837026323006,12.252286119060974,0.679534913789353,6.857142857142857,0.7014980888908766
0.5,0.3,250,0.004887919649456208,0.0037614452558494818,3.0841165199741454,0.0038442871689661653,4.615029302923261,0.5719557152865355,6.5,0.5967995858099722
0.5,0.3,251,0.02139825801687004,0.024918486341557536,4.739575424034153,0.021310761202263155,10.499609144749058,0.5836018376449265,5.785714285714286,0.6020293655744753
0.5,0.3,252,0.02779755811925647,0.025072486298062167,14.260980831410924,0.026558986880542302,19.790671069157924,0.7005933790287571,6.678571428571429,0.7241769100495935
0.5,0.3,253,0.02371222570020478,0.024411909250675212,16.889313906699215,0.022755121274200155,23.56750426830331,0.7556809672724369,6.892857142857143,0.7940680070828039
0.5,0.3,254,0.0032911613876394534,0.004917628939648079,3.5931605335555523,0.002989718518073239,3.2090419183039955,0.5306585799513023,6.321428571428571,0.5279161422306371
0.5,0.3,255,0.003033674946546201,0.003554922545384555,2.802476837245299,0.002783749147734389,4.486847224821493,0.6195161961296323,6.857142857142857,0.6488383286066847
0.5,0.3,256,0.016425059173037215,0.019630354946361655,9.953279937141266,0.015869609463791453,12.722285435801743,0.6435083622739592,6.714285714285714,0.6583156422743938
0.5,0.3,257,0.006176055985370262,0.00452591742890666,6.631163967794454,0.0048464621289359315,-0.2773492143344735,0.6445896760259282,6.5,0.6553983356548272
0.5,0.3,258,0.048548916298459144,0.049424584452453325,6.718165264778643,0.04797465962877233,20.036482339195647,0.580972808366862,6.178571428571429,0.635929702461953
0.5,0.3,259,0.02568970535444612,0.028566740801273176,5.352144283942626,0.024667999028453853,6.971165510245072,0.5827092187841967,6.392857142857143,0.6062760042774678
0.5,0.3,260,0.015584409467633563,0.016504978724412405,5.636447664521815,0.015047331060677396,12.913937358658188,0.6650345722254093,8.0,0.6715393084852945
0.5,0.3,261,0.006530124031094763,0.007510542004212174,-0.05924043469505591,0.006340211666130976,3.441596203913406,0.6009263048208571,5.785714285714286,0.6124600473527719
0.5,0.3,262,0.01377556086554901,0.01136109898820601,9.53779540982176,0.01259629392323111,6.870744666577271,0.5564174258779856,6.142857142857143,0.5886418274323453
0.5,0.3,263,0.06333251169713129,0.058485961711021134,19.802000277650095,0.06093209241571588,29.630604175728024,0.6869064988885306,6.642857142857143,0.7607814053799451
0.5,0.3,264,0.01769828098994177,0.017123854632126886,8.102338710783888,0.01634828041875171,8.765774109125706,0.718269401354652,6.5,0.7527561165170671
0.5,0.3,265,0.016933808280833514,0.013931632218972097,9.032023770699018,0.013065929667466671,4.015351621884766,0.5357682196488004,6.892857142857143,0.5549167888518565
0.5,0.3,266,0.02236344187808651,0.020586356112225552,2.0162673914098264,0.02071079011346675,9.06236590490021,0.7151762851813676,7.392857142857143,0.7547860182058276
0.5,0.3,267,0.003305034822085718,0.0020739522827708644,5.249343439901243,0.0015448025207188054,-2.229252732808561,0.6143736870404738,5.785714285714286,0.6233781606181399
0.5,0.3,268,0.0013519744863494153,0.0015683600244574458,-0.965621636984982,0.001224132749855156,-1.6542922947213772,0.5997975712397273,5.678571428571429,0.6145764917677967
0.5,0.3,269,0.005448884081313273,0.004363655771431206,2.4948429695721948,0.003533345110512183,-2.4363836800882552,0.5542106110898547,5.535714285714286,0.5813010448631046
0.5,0.3,270,0.015912036275033865,0.017844065823390952,7.768654084426079,0.01562477072183169,10.215103161136975,0.6338367447497112,6.392857142857143,0.6565296474393268
0.5,0.3,271,0.04995004154754955,0.05177484802369181,11.171693519155307,0.04954259432538601,24.949896089325353,0.672686550525776,6.107142857142857,0.7182586911455713
0.5,0.3,272,0.01678985960924335,0.009950666095995334,10.531911852099455,0.011133421645286242,0.8026905571417444,0.7129964770511469,7.714285714285714,0.718044124730338
0.5,0.3,273,0.007078776520156857,0.004542696868735289,5.860544304276563,0.0051112987205443675,-2.1008827487535675,0.6238542801245753,5.785714285714286,0.6319898156793322
0.5,0.3,274,0.00799533149743445,0.004587824394103485,6.181268982189067,0.004396468480929543,-3.331974455860679,0.5891014887442827,5.821428571428571,0.5868748027950625
0.5,0.3,275,0.02549544366377154,0.024943357598095683,17.88038256749913,0.02405671182422343,14.775153859283384,0.6775428189753042,6.321428571428571,0.7057072398276224
0.5,0.3,276,0.03303947501113403,0.03169602795653822,9.100042837892516,0.031859006434405555,15.639973423101301,0.7094659835753895,7.321428571428571,0.7265741455787964
0.5,0.3,277,0.022590665976102636,0.023114801102686162,7.1248611702632445,0.022294954798035855,10.327144358946507,0.5897473261890438,6.678571428571429,0.6099646616698167
0.5,0.3,278,0.01082955814212266,0.011530879432407305,2.3884732675419493,0.01077358578780929,7.187628801583628,0.5926840194553803,5.5,0.6065129406396108
0.5,0.3,279,0.004240396773383534,0.005378140014788292,2.992937334886894,0.003646306417584341,1.640192826450838,0.5728667941648359,6.5,0.5794076662361274
0.5,0.3,280,0.024099556313202083,0.015286569176738714,12.81020140019343,0.016579279399444046,-8.328858071226364,0.6353482614488567,6.25,0.6424957747430033
0.5,0.3,281,0.016093272102727433,0.017723445316649603,0.9992344641483726,0.015521817703515751,7.645607208020162,0.6112026148353955,7.285714285714286,0.655678040458634
0.5,0.3,282,0.0072969447337743526,0.005729574767129397,0.013595749994758913,0.005888993558514037,-1.6070735426654228,0.6432880884083658,6.964285714285714,0.6535248928348532
0.5,0.3,283,0.009403034087702633,0.00968861370707134,3.1766821486170613,0.008501291691585828,5.334603440137973,0.6356969639975191,6.5,0.6638514598107835
0.5,0.3,284,0.03720983543406981,0.03737790186771875,10.552369013379888,0.03483305612810005,12.893513437819706,0.6545035361040628,7.642857142857143,0.6967068767635853
0.5,0.3,285,0.009458712156992488,0.009146372129898592,5.1130335636559225,0.009214571005283577,3.5764866254238066,0.5289330011260477,5.642857142857143,0.5263764984475996
0.5,0.3,286,0.02135554374590855,0.022020470297232666,6.0682370264062415,0.01966216153712344,8.614894715128818,0.6902375690267057,6.607142857142857,0.7103684769306478
0.5,0.3,287,0.03453459562590807,0.03195457185265131,15.257270260259977,0.029082682105267744,8.506766835699437,0.6601800347647501,7.25,0.6546273671023608
0.5,0.3,288,0.047861447552054716,0.05061112055076965,7.545345623879901,0.04684657390887542,8.98221470481505,0.6564041685368878,6.285714285714286,0.692984453223855
0.5,0.3,289,0.05724234943192993,0.05472745585976389,13.392675470793657,0.05622709202938451,22.051418911176146,0.6839273121332484,7.785714285714286,0.7462410102976138
0.5,0.3,290,0.0182940944078641,0.017488448472739847,6.823565803171078,0.015300065185231995,4.313500064032354,0.573129236906139,7.035714285714286,0.5922321737360718
0.5,0.3,291,0.0017470912603807206,0.0015549858449988305,-0.4410782896661658,0.0015144502207175218,0.15383774912897744,0.5373159460827717,6.142857142857143,0.5300858762044423
0.5,0.3,292,0.07378842359494618,0.074843888995508,12.366710189388897,0.0733377089836115,29.61522009763301,0.6565618137246391,6.642857142857143,0.7239346125445985
0.5,0.3,293,0.02051281756431831,0.01959472375736201,7.7370588721525735,0.01899348891848747,9.290890994303263,0.5754673530438967,6.25,0.6318848660273284
0.5,0.3,294,0.001326120275245631,0.0017367886764330803,2.135070526873193,0.0011093144530677345,3.1305993900950377,0.6183052502785014,6.357142857142857,0.6308035245199186
0.5,0.3,295,0.051495927884786206,0.04826863266781147,8.524091316068885,0.05122035713018177,23.720263145006907,0.683962403253487,5.821428571428571,0.7426583385754935
0.5,0.3,296,0.007353387152183751,0.001755483732074421,8.60792195344439,0.0018600059561531025,-6.552535290612345,0.6022236585786027,6.214285714285714,0.6183709738955041
0.5,0.3,297,0.04819971901500353,0.047232029353815104,19.214247397430114,0.04527442363653398,17.527753460567293,0.5621742843453964,6.428571428571429,0.5971086008769512
0.5,0.3,298,0.01710441936570907,0.014125715258794896,5.143250187480713,0.015050640972973166,8.009766465121032,0.632791598718083,6.964285714285714,0.6701725992783449
0.5,0.3,299,0.0033214891065189416,0.0020567544003522735,5.827290426216952,0.0028719509518744107,-2.2241376717993924,0.6264652971135319,6.0,0.6216268170722385
0.1,0.0,0,0.017110357681021718,0.0169249176512186,6.164582185135335,0.016223446157263018,9.561022472253711,0.5926540243169764,5.5,0.6274415045627978
0.1,0.0,1,0.005624491398051507,0.005015520018599716,2.5106935329463718,0.004027720688362184,-0.3054300574032993,0.549886360564876,5.142857142857143,0.5777913470460336
0.1,0.0,2,0.001206677532106204,0.001036363098710255,-0.07968737927312002,0.0010674217355109454,-0.847691925517637,0.572117079340785,5.178571428571429,0.5683782463913963
0.1,0.0,3,0.017946831924083067,0.016370241425701072,10.60669848451648,0.017693833761012825,18.661041222208677,0.624066017146925,6.142857142857143,0.6649269573707317
0.1,0.0,4,0.006402137777725964,0.002288158278325813,11.62813572481418,0.0017049404191037609,-2.6895020098088764,0.5763761964142046,5.25,0.5933069973812528
0.1,0.0,5,0.007355848766230727,0.005634212686339625,10.400437824647375,0.005709035633729616,5.086942086774371,0.5619350840258743,5.321428571428571,0.5672804090598265
0.1,0.0,6,0.010125476317676305,0.012091852793194146,3.0005689427426128,0.009079381720088655,0.08894218623526247,0.5752133119143582,5.357142857142857,0.605091412992617
0.1,0.0,7,0.003647564852953562,0.0019156656861101446,3.9398145229119925,0.0023835644398798135,-4.165109553292865,0.5828162412911045,6.035714285714286,0.5935675107018293
0.1,0.0,8,0.0016620258122484887,0.0007925212503841416,1.0061512742206464,0.0007943577435291947,0.993877550073942,0.5992604417546038,5.821428571428571,0.6216541055911082
0.1,0.0,9,0.00014845194011981394,9.452460561472187e-05,1.1165793017430399,3.1219639254955e-05,-0.6268846461170199,0.49774462135703773,5.071428571428571,0.5016569225548365
0.1,0.0,10,0.005411051489286865,0.005071657274835766,0.5241171806749302,0.00441149458419418,-0.4278542629417548,0.5788967848837105,5.428571428571429,0.602587568170565
0.1,0.0,11,0.007802535052586794,0.0056151049489221805,0.9767546086431764,0.006813931571156964,6.244940334724286,0.5648128619660607,5.892857142857143,0.6043532650951716
0.1,0.0,12,0.01919443444303894,0.014756564615569089,12.330307544517288,0.018740449466422424,15.735599203952688,0.5445998798967236,5.75,0.5409262679861
0.1,0.0,13,0.002977818386182328,0.0014446284909943716,8.73725906378393,0.0014159706024232898,3.015305934549616,0.6204266375092484,6.285714285714286,0.6131922004263155
0.1,0.0,14,0.006792055761537164,0.0036255192086978153,6.2295592055486395,0.0036118160910159087,-1.8248248635502289,0.5577079726463711,5.928571428571429,0.5667630537453917
0.1,0.0,15,0.010624520676461042,0.013923250372066976,6.972779854909817,0.009874384015459528,7.597729030020048,0.6389924065695399,6.25,0.6559854662937732
0.1,0.0,16,0.001650445385609562,0.0012156895792423182,2.2154014761560936,0.0015009103777403059,4.385677207844499,0.5761043056641587,4.964285714285714,0.5944773459301212
0.1,0.0,17,0.022186760037019533,0.01959244041042724,15.528350561058318,0.020749760145006187,17.346069564014687,0.5899503772664233,6.535714285714286,0.6058462176490925
0.1,0.0,18,0.010958935801278175,0.00866818185337565,7.67568946570059,0.009906751900503526,3.486171063803359,0.5684354376905194,6.178571428571429,0.5677267820382261
0.1,0.0,19,0.0026889316000371427,0.002705859268510517,1.4374197714798622,0.00229343659605243,-6.25082557751486,0.5510461756055643,5.535714285714286,0.5846143116130889
0.1,0.0,20,0.00796819635958063,0.005465788178300869,2.382300829482432,0.005669376552348061,-0.587294141074049,0.5935500064542909,5.178571428571429,0.6168946378668956
0.1,0.0,21,0.0008307077862611964,0.00012898546032616214,3.6012753482113546,0.00022767860964634899,1.4270242715609716,0.5186233479840647,5.214285714285714,0.5407101223974562
0.1,0.0,22,0.006414438651630567,0.0056023112844261974,8.830244765384512,0.005345674894054584,4.0010245773006545,0.4991468369403441,5.428571428571429,0.4979584179601384
0.1,0.0,23,0.0006790630768323399,0.0005143426947370626,-0.08973541568785019,0.0006530694009463787,1.4465386716736646,0.5991891374442864,6.607142857142857,0.6104611055095996
0.1,0.0,24,0.006885633575892169,0.006892241041448038,9.711307821223755,0.00551752971215725,4.4789219366845145,0.571197981875303,4.75,0.587837485011243
0.1,0.0,25,0.006223594228299614,0.00384588890762376,3.948930614445999,0.004178949963345353,-3.9661277210810226,0.5722365517273797,5.964285714285714,0.5772964119706554
0.1,0.0,26,0.003014492335532675,0.00205022680362654,5.522029726645665,0.002682880559854807,4.731115558338047,0.6226497433612069,6.321428571428571,0.6233152954346031
0.1,0.0,27,0.001072809747743563,0.0011799088210829758,0.4432504367543591,0.000895212346998017,1.2711163713425246,0.5734474147966274,4.821428571428571,0.5904086408426116
0.1,0.0,28,0.0026423622149321833,0.00011434092328523271,2.9023194033387845,0.00010390711531555475,-4.777979096201723,0.5213708704009338,4.964285714285714,0.5396278454561154
0.1,0.0,29,0.011823680743730464,0.010521799252111812,4.706763967603678,0.010948600104282752,3.317526667069283,0.6120275328107591,6.428571428571429,0.6272959289145852
0.1,0.0,30,0.014089176626890526,0.013129972583819888,4.8270593038875615,0.013464589467432668,6.243949002015427,0.5822012201318928,6.321428571428571,0.576612116904035
0.1,0.0,31,0.003727455071665563,0.0029244820904693117,5.2735541439575115,0.003360458910572973,4.231131629984475,0.5820120364274308,5.285714285714286,0.5854673368323222
0.1,0.0,32,0.003360049891269678,0.0024248644240033998,2.135711194154595,0.0018899648756941616,-2.362583363679287,0.572385778317439,5.321428571428571,0.5883692037628121
0.1,0.0,33,0.00469074220403308,0.005902795933468584,1.7538772275621948,0.004087247790669937,2.1803598060889158,0.5826731348468638,6.142857142857143,0.6029616813924001
0.1,0.0,34,0.004606096196398044,0.003850972686362684,5.67705604153025,0.0032781411642615744,0.5494862997630889,0.5789848258544155,5.214285714285714,0.5716194545534035
0.1,0.0,35,0.012292310872908578,0.010212143051226252,12.11421149523099,0.009807512658397913,4.82258123435228,0.5923608363374433,6.428571428571429,0.6169853648997761
0.1,0.0,36,0.003235647584513471,0.0022859400319455193,3.9904729238629577,0.001939725564665353,-0.2003511751751906,0.5621630489206629,5.571428571428571,0.5786340422583083
0.1,0.0,37,0.005969084239416926,0.003546021772470871,8.52164455976841,0.003553327571335386,-1.2480812392645457,0.5928712470153563,5.785714285714286,0.619637299977382
0.1,0.0,38,0.004717586677885219,0.001415612223854014,9.619539625327263,0.000769082512088404,-4.712320783443981,0.572491449792615,5.5,0.5801162524096666
0.1,0.0,39,0.0018884693950731745,0.0010539735858533022,-0.3206398985974677,0.001529787988886556,1.076432952627414,0.5608141240859286,5.678571428571429,0.5657827290441035
0.1,0.0,40,0.005612109050751755,0.004341977272396108,1.5203449303231575,0.005434481125137828,1.3197315549979673,0.5780030872669736,6.607142857142857,0.5647020011008851
0.1,0.0,41,0.009676466578322083,0.007207872431098567,1.812367076177452,0.008258588440833547,-0.011566998935412206,0.5858855840125868,5.357142857142857,0.5979694917879488
0.1,0.0,42,0.002005968395523769,0.0010419443186899446,2.176238146096362,0.00094014603279223,1.6362542870603534,0.5810596666516185,5.071428571428571,0.5868046754255236
0.1,0.0,43,0.0024925942352597165,0.0022242594811357746,1.903119727563516,0.0019566045902411375,1.7167474729087928,0.5853870313790676,6.071428571428571,0.5936072917899714
0.1,0.0,44,0.007594936791911127,0.007299976183165201,7.787905835808914,0.00703578928925429,3.2916431401274053,0.5997342564113607,5.678571428571429,0.6052839816228271
0.1,0.0,45,0.00293344887231643,0.002192902936763605,0.9189446472247388,0.002450608159043162,-0.25570751446204554,0.573660829482244,6.0,0.595253846618739
0.1,0.0,46,0.011507611820863803,0.011149148792616427,5.309349863817687,0.010991752282412073,4.234021934523089,0.5809944317455651,5.785714285714286,0.613853099586231
0.1,0.0,47,0.016309488220313206,0.018135792220491536,5.817837743413254,0.016197546378897996,3.3703617350564343,0.6019457676027493,5.392857142857143,0.6282535215655065
0.1,0.0,48,0.004134006204277847,0.004330912348862188,-1.0822565875955377,0.0029670164073128257,-0.06930807045847587,0.5417518053726803,5.464285714285714,0.5521040697808365
0.1,0.0,49,0.003092204872499568,0.0019108482010124367,2.935626753973878,0.0023214827664597925,2.500715445077134,0.5658693927079329,5.607142857142857,0.5568035590907403
0.1,0.0,50,0.0019165563074345394,0.0009587461083080203,2.000683794419672,0.0009334443528713911,1.8503728090745615,0.6106486656110116,5.928571428571429,0.6036834541668379
0.1,0.0,51,0.0033997706167410457,0.003253848873926093,3.403318738846508,0.0028031720414375583,0.8348242230294147,0.5669341980506407,5.535714285714286,0.5817826223442848
0.1,0.0,52,0.003115105722087508,0.002879268876265569,5.915132436320221,0.0025814534940563115,3.400700919812806,0.5549194249227941,5.75,0.5699939319004401
0.1,0.0,53,0.010747902644547235,0.009748119309110313,4.368931929859751,0.009928525774378298,4.704496793733701,0.6114780499710012,5.821428571428571,0.6434916397176617
0.1,0.0,54,0.023151303138952736,0.02272338890463782,8.447977795448358,0.02272530201068146,10.235435300947946,0.5673236394265079,6.285714285714286,0.5620407619761155
0.1,0.0,55,0.00643352636891142,0.003475157042859427,-3.4280945116749706,0.0036187548487207136,-6.844975156265065,0.5680121741058881,5.535714285714286,0.5948596567718897
0.1,0.0,56,0.0019788878909083696,0.0011340594458308874,2.1590908001821276,0.0010730742482333664,0.3486916517093353,0.5728766161883,4.785714285714286,0.5997479830347088
0.1,0.0,57,0.003548833839442545,0.003432609128605031,8.417014716462782,0.002648674362392451,2.6452492987775997,0.5584548653919128,5.75,0.5616267871987033
0.1,0.0,58,0.0073161596876846645,0.0054635317493169685,-2.958669039067454,0.006672443354365277,-0.5812179444249826,0.560348298267869,5.428571428571429,0.5861110159611634
0.1,0.0,59,0.008002361513358834,0.00723997377338818,5.317511733936347,0.0077843264233948325,6.045913373436956,0.5597420171341051,5.285714285714286,0.566387441817581
0.1,0.0,60,0.0027033746298518136,0.0006391829078093864,3.2861618891135436,0.001167340246810913,3.2192187578945854,0.5590447112280144,5.321428571428571,0.5914724806829247
0.1,0.0,61,0.00490180269076526,0.0056433688877003995,7.454174022338823,0.0036147872718435754,3.658771041819089,0.5863978798378621,6.714285714285714,0.5928517025760055
0.1,0.0,62,0.006432841463031597,0.005683129010776951,6.576260262012245,0.005569215011630189,2.417428770613886,0.5975826279338271,6.285714285714286,0.625508113503803
0.1,0.0,63,0.003607700765704831,0.0010377644126178867,-2.036070082395677,0.002579722598776281,0.19226545100555845,0.547161477879983,5.964285714285714,0.572912515940536
0.1,0.0,64,0.01024087784858163,0.009094548212006752,2.5420690636024026,0.00955446664211426,3.4432029585816886,0.5315162299793943,5.5,0.5346936125216704
0.1,0.0,65,0.0026511192137997847,0.003914245501124739,-0.5114331081435921,0.002530653615676924,-0.7561206117272358,0.6045879207966748,5.714285714285714,0.6255732720092353
0.1,0.0,66,0.006392584436204792,0.0061483326286911446,4.318814339962121,0.0060626221443282665,2.5016219681840064,0.5877533724946256,6.035714285714286,0.603263353805942
0.1,0.0,67,0.0014156430817214994,0.000739703109482356,2.009026334000301,0.0005461789221344622,1.5592359336464388,0.5664111217497876,5.5,0.5797934170607387
0.1,0.0,68,0.001102270574894272,0.001135498804791933,0.18024071921992876,0.0010613010938203703,-0.17075843647031283,0.5568740403270414,6.0,0.5683946818649803
0.1,0.0,69,0.01815755936663871,0.016411812550642727,13.2821567473324,0.017712474547468906,11.29952694527997,0.6199397021070585,5.5,0.6522594619531887
0.1,0.0,70,0.0008355271329679789,8.60412935072429e-05,2.883834855639473,0.00011648759218753487,-0.9183873397393066,0.5865526357614526,6.285714285714286,0.5867004600388634
0.1,0.0,71,0.01141911387562975,0.012976283407647993,7.076816522575096,0.010950524464974411,9.455235663849797,0.6050069745362887,5.678571428571429,0.639831658907435
0.1,0.0,72,0.00638017638699702,0.006849828888336092,2.1854677271011362,0.006314020150716438,6.22765349298254,0.5579719492859818,5.535714285714286,0.5754966169704986
0.1,0.0,73,0.0023335112849585064,0.001514923318032992,0.13019938821350743,0.001681899997698742,2.5239859706343757,0.5960046408003807,5.678571428571429,0.6234932692838033
0.1,0.0,74,0.0399488552411516,0.03686190664506886,17.819493951492046,0.03943890820732539,20.785014366286998,0.5435993441319277,5.107142857142857,0.5535740488820858
0.1,0.0,75,0.0007216029352865166,0.0003778710391249462,1.9954171929906674,0.0006537800152054649,1.4855806531058704,0.5108689483637843,5.607142857142857,0.5288963462307728
0.1,0.0,76,0.0064610103027441515,0.004335758131391237,5.226253539002026,0.0036058363632200338,-4.254954720056635,0.6031167303570811,6.178571428571429,0.6222746302155491
0.1,0.0,77,0.003127649801083033,0.0017126702075211388,9.334710890333781,0.001389050866872213,1.6782157136742721,0.5877505457489688,6.107142857142857,0.6073840408564147
0.1,0.0,78,0.0017109755904449082,0.0008388543610428135,2.4592352442896774,0.001495492068987746,4.9248143999466265,0.5950192817216478,6.75,0.5996643471945313
0.1,0.0,79,0.009401031667035042,0.009819344037760077,7.849780170140188,0.00664690584911601,1.9342388312253906,0.5536515465195514,5.535714285714286,0.5808289323639575
0.1,0.0,80,0.00392450071595036,0.0031284203157572387,2.0919131008277723,0.0033398941348654577,-1.0630460838217555,0.6208324793242123,6.571428571428571,0.6308533338621385
0.1,0.0,81,0.006885822832894362,0.005723548035398435,4.9035151847167056,0.006299967296378892,-3.960202151081243,0.5210533150989186,4.821428571428571,0.5358665360284567
0.1,0.0,82,0.005275585154037196,0.0036115137845895307,5.372820366480909,0.0038336742844216174,-4.134821205525593,0.6415563545565216,6.321428571428571,0.651312380360955
0.1,0.0,83,0.010052855840916568,0.010662319896892116,3.007890771474706,0.009788547746758015,4.788685655790762,0.5569040981851704,5.892857142857143,0.5695056454468725
0.1,0.0,84,0.008901668137251984,0.00633153304121063,6.468935463049708,0.007118428274932259,1.2336209655347925,0.5515481641599216,6.035714285714286,0.5439429921215189
0.1,0.0,85,0.005881535016376064,0.004621838508105705,6.774399824026034,0.005053127157709074,1.3823215667913378,0.574241224251991,5.892857142857143,0.5713767245359458
0.1,0.0,86,0.0063989953772730776,0.006249850709001581,1.9258082688863094,0.004256753279958712,0.9533869082102626,0.5573072381949159,5.964285714285714,0.5763348562985642
0.1,0.0,87,0.014041182045682115,0.01490195006870687,0.5826928351370574,0.013600099914462939,0.9180321727842985,0.5716762507873522,6.071428571428571,0.5791375471155062
0.1,0.0,88,0.0031279795827350155,0.004232003965188628,0.5318303222306326,0.0026062513404744663,-1.4439938006612465,0.5626485183633525,5.035714285714286,0.5727925289366302
0.1,0.0,89,0.001570774794090886,0.00032451815069256437,2.651912522263094,0.0005842291244276482,-0.40146775977104693,0.6042847701485851,5.678571428571429,0.6264262067026043
0.1,0.0,90,0.0137323362646625,0.01506421794940388,5.251864159203724,0.013699544628534784,8.513715010421322,0.6284817456059414,5.928571428571429,0.6277098131661331
0.1,0.0,91,0.012816652240571328,0.010976413227545487,10.614012436166377,0.012507834221794516,9.98764415899789,0.554432882848151,5.142857142857143,0.5625548885347238
0.1,0.0,92,0.005792075597036858,0.00541123332662049,6.221580565856925,0.0054104706677065685,5.07714939112149,0.5670202515615757,6.321428571428571,0.5715158627893642
0.1,0.0,93,0.006184407203268031,0.004592154645873598,0.5261227323445136,0.005651655544079202,4.117309458417377,0.5719666700272272,6.392857142857143,0.5577129014559934
0.1,0.0,94,0.014107406656754275,0.011516454203132244,5.512460681601671,0.012719229796760214,7.883929246789402,0.6020530824149288,5.714285714285714,0.6215537727581835
0.1,0.0,95,0.004877580710406408,0.0036433497337679806,7.374871952470737,0.004387974521474769,7.086656485073282,0.5871188759560345,6.035714285714286,0.5971750066276249
0.1,0.0,96,0.007758429775038895,0.007445437339662353,11.573414537747482,0.0066037961518404485,3.105895607858457,0.5274086525013352,5.964285714285714,0.5322591909791017
0.1,0.0,97,0.005182492320073946,0.00017181128422187576,7.550078297827071,0.0001446119968625995,-3.8986423658181195,0.5628429143477468,5.785714285714286,0.59551159387124
0.1,0.0,98,0.010688911317193508,0.012851785997733517,1.38221880825526,0.009908186705696913,-1.0637021501261945,0.6138640082933302,6.0,0.6241690247438922
0.1,0.0,99,0.0056842226084668655,0.002914210006709567,7.099566399689745,0.0028514239015706338,-1.3777250782892072,0.5894412891262252,5.642857142857143,0.6124150258229303
0.1,0.0,100,0.005418480651053198,0.006032056104999623,1.1710368252377161,0.005241413544990194,2.1682670902117613,0.6111012565837778,5.785714285714286,0.6117484034167056
0.1,0.0,101,0.002522543027277911,0.0020068685851530885,3.7676683534336157,0.0016358792899080184,1.1052041839613764,0.5667294869822334,6.071428571428571,0.571704357755681
0.1,0.0,102,0.006593372784657985,0.006481747761375522,4.334098547244612,0.006089120580236071,3.7570771176178446,0.5734480035124848,5.25,0.5748451827926164
0.1,0.0,103,0.024658935649565616,0.023625625292894917,4.728814390980261,0.023295716838804756,4.981663127507564,0.5617408386504761,6.357142857142857,0.5696049221447139
0.1,0.0,104,0.0017847100209699592,0.001937845465036986,3.9719272777999683,0.001570762549577116,0.9158190885764649,0.5825772831914008,5.964285714285714,0.6008645491617579
0.1,0.0,105,0.0033267069597867375,0.0020472272177299035,2.9526056406743826,0.002281999364228538,-4.102837126305464,0.6036914810350341,6.25,0.610620249979027
0.1,0.0,106,0.008509996913861053,0.007019466080570659,3.3717659872469503,0.007295286948354559,5.645009935932279,0.5838397992217026,5.607142857142857,0.6150637924952862
0.1,0.0,107,0.0024468693049743443,0.0006080311273326331,2.9604296995278028,0.0009187527653219264,-3.5215302566153546,0.5331144686154234,4.785714285714286,0.5430709967045015
0.1,0.0,108,0.006182141987231344,0.004342067936536494,-1.334381371176543,0.0045312738511279005,-0.4003762267710063,0.5780473122028386,4.75,0.5791866020755239
0.1,0.0,109,0.013643961847072578,0.012800127356132934,4.347095744447198,0.011950409934555123,1.058079877528608,0.5668990316529284,5.75,0.5752927426656812
0.1,0.0,110,0.009013234302228574,0.006665264573586979,6.418935110793815,0.007416340621591067,5.152562772784023,0.5269875663663036,5.321428571428571,0.5511529949921445
0.1,0.0,111,0.007611621532796519,0.005632187159051007,8.197740145460093,0.005391272811001172,2.9244893532113188,0.5842890607348876,5.821428571428571,0.6089485189015565
0.1,0.0,112,0.010416731710728603,0.0020293504573236083,12.181054070156668,0.004353797017706944,2.1545772548870823,0.5808089776708495,5.964285714285714,0.5992034800194154
0.1,0.0,113,0.00250453692311048,0.002086329976364153,2.397099828903625,0.0017548662622616513,-2.4646190443683147,0.546036215401794,5.25,0.5605534924347861
0.1,0.0,114,0.011501177788625671,0.011651458330314734,12.90048529524888,0.00849843781520939,6.541881363086787,0.5495920132705419,5.714285714285714,0.5539347642760056
0.1,0.0,115,0.003590342678956056,0.0022272438276579646,3.468705894902712,0.002243032496264908,-2.0671878147497202,0.6018559948071092,5.607142857142857,0.6097686631151928
0.1,0.0,116,0.005555418242841913,0.001771546345634045,6.1596452823381,0.001964811135325334,-4.543793586090383,0.5885258975367493,6.392857142857143,0.6061838187723293
0.1,0.0,117,0.010607240027637575,0.009192813615901503,5.98895277114021,0.010223244277764732,7.738105294880891,0.5599606606497108,5.5,0.5876461233925567
0.1,0.0,118,0.014076011503190695,0.013691394012299931,10.62249393355872,0.01205806311179547,7.508297073892739,0.6026242863278343,6.785714285714286,0.6329937877480596
0.1,0.0,119,0.01011458705425437,0.009719713664493436,5.449202890198753,0.010038627743452173,10.35060598842164,0.5451131847120195,5.535714285714286,0.5701014766272201
0.1,0.0,120,0.004796160700614123,0.00487152076826712,2.711890263386465,0.00467353427479067,1.972458925534113,0.5933303093694973,6.25,0.5924063454989718
0.1,0.0,121,0.006274430004646068,0.0028535316468043283,16.8688811854817,0.0032181987436000073,0.33452921941652863,0.5841448643880864,6.392857142857143,0.5966645513957352
0.1,0.0,122,0.003510965219696355,0.0016280695649655693,2.1079160219815853,0.002134243919430659,1.179592505304015,0.5362810811477619,6.464285714285714,0.5631731600709865
0.1,0.0,123,0.00581061782168848,0.005592250174246407,0.7897257340205309,0.005547225822873958,2.7111331485935373,0.6087220665212253,6.535714285714286,0.6090205372558164
0.1,0.0,124,0.00440329796422614,0.002880151052235569,5.763112033864313,0.0021885958664916143,-2.3771488400797787,0.5611808162425812,5.535714285714286,0.5658458255715157
0.1,0.0,125,0.025314481167493373,0.018142508270067758,10.957420025472251,0.022332632532851154,5.043368598269846,0.5404917416978255,5.571428571428571,0.593845425105209
0.1,0.0,126,0.015363091457669707,0.0015875786471381639,20.757633437614277,0.0018080954986402081,-6.848079148608406,0.5620694218246588,6.071428571428571,0.5756878377711735
0.1,0.0,127,0.0031059574305004906,0.0025527700271128152,5.330976192013007,0.002618847825251845,2.587448015563107,0.6421797453335473,6.25,0.6440830250722294
0.1,0.0,128,0.0024777263086951267,0.00196916208155916,3.0827580531489978,0.0020334466741483742,1.1949707874661708,0.5333452093017139,5.5,0.5430534950374047
0.1,0.0,129,0.0016217494556955714,0.0012092882725058115,1.2510920863949575,0.000919057668487508,-1.262804682113985,0.5662400050135764,5.178571428571429,0.5688745494131684
0.1,0.0,130,0.005125358366215549,0.0034059651145441185,4.778352038414833,0.004190165164530072,2.4250703545106376,0.5827599219304488,6.357142857142857,0.5908620647799967
0.1,0.0,131,0.015533832095287315,0.015470952054004032,4.84291101494038,0.015120017197255085,0.3235574021886028,0.5517459338905313,5.5,0.5597660079413009
0.1,0.0,132,0.010484686790572822,0.010060194902169745,6.674658037690581,0.010130060193631923,7.581655379128033,0.6076893991709786,5.357142857142857,0.6182714658537873
0.1,0.0,133,0.003511150789868409,0.0028951577882377843,0.5754603301910587,0.003370164324456169,4.105264081813952,0.5995453686934243,5.964285714285714,0.6107905995387677
0.1,0.0,134,0.0028978958850311032,0.0008925859666064866,1.3783371099130288,0.0016096365879686445,-3.6682674958713526,0.6082118890277813,6.035714285714286,0.6338394401385679
0.1,0.0,135,0.004451425538321818,0.004012696344481004,2.1643255317806998,0.004295074367671976,2.3033543462605244,0.5150131446888412,6.142857142857143,0.5296357916656067
0.1,0.0,136,0.0015855009480692478,0.0014650284015113025,2.4228641985910806,0.0010470189268215048,0.4487135213208167,0.5828215756048734,5.75,0.5888714613747688
0.1,0.0,137,0.00683798438872072,0.006865245203094752,8.471277633297936,0.006132355942346768,3.1562123800709116,0.58013757466523,6.142857142857143,0.6031981852420802
0.1,0.0,138,0.004504347344439922,0.0018642635283082464,4.912355972386706,0.0037723603684288493,-0.21507570697377787,0.5661784215187049,5.5,0.5526367440831956
0.1,0.0,139,0.003895581557976218,0.0034157531688737315,6.616053684358548,0.002975009667342634,4.437536859423052,0.5461520509639157,5.464285714285714,0.5780020811996784
0.1,0.0,140,0.0028963165456075022,0.002524157518722324,6.425989467160576,0.0016301145101349191,0.23511221995867496,0.5985263338156249,5.571428571428571,0.6245297501962412
0.1,0.0,141,0.010213071726338787,0.010114926875284492,6.906532585744088,0.009983320267209913,9.059408210531947,0.5545658436243659,6.321428571428571,0.5855816207067776
0.1,0.0,142,0.004803059338242544,0.005051582321217966,2.93708102156783,0.004550707018812765,5.687525257840936,0.6080618299852388,5.5,0.6130287207738316
0.1,0.0,143,0.005722129548083359,0.0016387331756247368,4.735389068771383,0.0013740599740888408,-4.665503085459136,0.575265930676838,6.035714285714286,0.5584234691401178
0.1,0.0,144,0.005753943850618757,0.002814284502842093,7.230082960710149,0.0043297784675748715,5.352739286600145,0.5669238579035644,6.035714285714286,0.5820852000164698
0.1,0.0,145,0.00421333464985773,0.0008585834794325318,10.027083371185228,0.00040265856964729767,-1.3592911830914527,0.5027922170941964,5.678571428571429,0.5013128639199467
0.1,0.0,146,0.005205948168574254,0.004907306475594442,2.672882469678626,0.0050067987409320325,6.462454050222249,0.5697076725102054,6.535714285714286,0.6080694121749773
0.1,0.0,147,0.0021304061030128626,0.001202642663268468,4.062368214368149,0.0019247511713663041,2.565063499468598,0.5801983035700358,6.214285714285714,0.5791917419329295
0.1,0.0,148,0.004171506948246409,0.00412723105409319,4.772054470872642,0.0033954578739100443,5.9549873283495645,0.5127862404477805,5.285714285714286,0.5015844716881139
0.1,0.0,149,0.019100517097489986,0.01590904448320154,6.115909717408139,0.017155577498158145,-1.5725001106682441,0.5468523418380317,5.321428571428571,0.5722657186985916
0.1,0.0,150,0.002241509498704607,0.0019205002982239068,2.208712172601262,0.002160939281257663,0.7939439188780094,0.587157233520598,6.357142857142857,0.5987738945596275
0.1,0.0,151,0.006589204471944243,0.0026742592528474405,1.4999226146576063,0.003565102257347026,-1.0482491029662053,0.5662622588905769,5.642857142857143,0.6207166700326363
0.1,0.0,152,0.005600267796016552,0.003644634213174652,5.905156874223223,0.0036047692952034106,-2.1716620429825753,0.5143884197938074,5.535714285714286,0.5095414839324561
0.1,0.0,153,0.01881965103424954,0.017564413545818194,9.166314370571891,0.017979237227750917,10.210579314569353,0.5681222225372503,5.357142857142857,0.5829477606267419
0.1,0.0,154,0.015578878647470077,0.014487762526481601,12.811250735472745,0.013931930257616623,8.661973519480133,0.5799973669461168,6.214285714285714,0.5937450319217081
0.1,0.0,155,0.002162374216642009,0.0011259353119525697,4.798008534508881,0.001624328568408069,1.0838304100867144,0.5387825561262286,5.571428571428571,0.5593540046160447
0.1,0.0,156,0.005355269392974629,0.004071851874700348,7.742533214250329,0.004348479579653204,7.936256686750407,0.5933106581790222,6.0,0.6267025721078616
0.1,0.0,157,0.0031345146863837586,0.0013643945079886543,-0.3751738377714749,0.0016781721569782912,-0.1579377088276317,0.5730127796583097,5.75,0.5830364256816023
0.1,0.0,158,0.007154424692834652,0.003751417705425178,7.756025359986022,0.003540107781103526,1.0600207079532329,0.5849040235517567,5.428571428571429,0.6017511494182146
0.1,0.0,159,0.0014343738396065157,0.0008816420605210244,-1.0468968398842453,0.0007813179540056619,0.8812543064219748,0.5461504855234454,5.857142857142857,0.5774654137008612
0.1,0.0,160,0.002752415383930614,0.0012258621993109524,0.15353297738667493,0.002043221565105207,-2.0249444679287003,0.5639159224456743,4.892857142857143,0.5612132549921833
0.1,0.0,161,0.0015290194982848955,0.001116645332376758,1.6400038624352646,0.0009795104472829596,-1.007837192265394,0.5331784306970306,5.392857142857143,0.5368517491264166
0.1,0.0,162,0.0026597367614828093,0.0024054802929008275,2.3563978315423433,0.002559424602224442,-0.0964457193755095,0.5518746797438171,5.535714285714286,0.5579557018824567
0.1,0.0,163,0.01716073216825399,0.01741666503690462,4.72439959258161,0.015912572842870856,5.142760902296582,0.5951153182591487,5.607142857142857,0.6174332265257216
0.1,0.0,164,0.0014429414198348985,0.0009983269351119563,3.4783627055952215,0.000836709413802318,2.105166551238284,0.5890836996185573,5.857142857142857,0.5879223982719498
0.1,0.0,165,0.003243012031890706,0.0031629097319490636,2.359113079781906,0.002534303703905871,-0.385460033177291,0.5832488743655694,5.785714285714286,0.5957923246348422
0.1,0.0,166,0.0008289512658366826,0.0006250288100844067,2.6004885856302358,0.000558891582049445,1.3628732961015733,0.5405140048771753,5.892857142857143,0.5456775883825262
0.1,0.0,167,0.0014997340639704788,0.0015071142129987492,3.656481436387518,0.0012164333016025583,0.4820774394694543,0.5781092320658316,6.535714285714286,0.5979935917847095
0.1,0.0,168,0.007657935283401347,0.007045378057472969,5.760878707425358,0.0058576444839139475,-1.1341648374593944,0.5606874745190614,6.285714285714286,0.5534616459339219
0.1,0.0,169,0.003278804299280148,0.0016669552425158448,8.134717651335876,0.002113240739479244,-0.9860223824702246,0.5573745864182059,5.535714285714286,0.5551500035951341
0.1,0.0,170,0.006956927020835025,0.004346096245985721,1.7428933999250187,0.006318409126852453,7.880640612326819,0.6022763262483185,5.607142857142857,0.6143209473113267
0.1,0.0,171,0.0018967394052315303,0.0018371914837883665,1.0362251250913346,0.0016977795767644207,-1.8432205042460434,0.5592586472986012,5.892857142857143,0.571212782195711
0.1,0.0,172,0.005834613830619134,0.0047864938633851275,2.8937058890363025,0.004099187673354168,-1.2930258396738263,0.5992402678067054,6.0,0.6004655111519541
0.1,0.0,173,0.004879868642081402,0.006179834701979258,5.108699441209249,0.004200201075670974,1.2418824659548022,0.5957816916347279,5.607142857142857,0.5994551016884326
0.1,0.0,174,0.0045129421893149654,0.005051733973900587,2.324184132883365,0.004157734596771874,1.650086370739179,0.5449445182804343,4.428571428571429,0.5721778784349392
0.1,0.0,175,0.006056720913633527,0.0031716256931451654,11.212670767242761,0.002685321646875083,-3.8559551275915376,0.5776682338137552,6.035714285714286,0.5922327671834046
0.1,0.0,176,0.005562513720731502,0.0038743044189061978,2.3348838467004307,0.004865130287954168,0.3816301291237778,0.5812879266732629,5.857142857142857,0.6046384517429827
0.1,0.0,177,0.0024951366560464153,0.00183490530533518,5.020401753354321,0.0021422924991375586,1.5871708545894496,0.6080284883556661,6.178571428571429,0.6221414566107446
0.1,0.0,178,0.0015693940246546757,0.001190421047956226,3.2676976839996805,0.0010892675215115372,-0.06738871861108464,0.5921894831779523,6.107142857142857,0.5918537454480389
0.1,0.0,179,0.003746478953364423,0.0037282506705527403,4.424340264167815,0.002794145577257289,0.23758230189054075,0.5844869860173062,6.5,0.5871977890204307
0.1,0.0,180,0.0028881350163941803,0.0014543878865643837,6.839457337475437,0.0013072787296892938,-0.03809215950170142,0.5756525988924144,5.785714285714286,0.5877324649502336
0.1,0.0,181,0.02076504458923501,0.0217964224962889,2.078536249063499,0.02038939785366979,9.422762103400336,0.5665293295862398,5.071428571428571,0.5712884215845426
0.1,0.0,182,0.0030168383594895262,0.0018258106953459039,5.186210745783844,0.002126828451327133,0.22661434974807548,0.5806203167483458,5.964285714285714,0.5787542203723721
0.1,0.0,183,0.004099278877021725,0.003831892909039837,3.9696548574987296,0.0035984251829972377,1.0591850452392844,0.5740250621130787,5.5,0.5783995098607837
0.1,0.0,184,0.00534166726345977,0.004875653118509259,7.847872907185756,0.004653925769751919,5.843693980807122,0.5703664057102437,6.678571428571429,0.5845118162178504
0.1,0.0,185,0.006704636410078045,0.0053938566927547735,4.585839350725962,0.005734436846345632,-0.7048311077732686,0.516554159748393,5.357142857142857,0.508279000170596
0.1,0.0,186,0.009041065313290488,0.008563132184772468,0.403746521912808,0.00788229387965542,4.576328991194553,0.5877460058033016,6.107142857142857,0.6371709428209924
0.1,0.0,187,0.007326969862414087,0.008905266972954878,6.605407915470029,0.006565531041057902,3.8169203277304766,0.5905115275425638,6.428571428571429,0.6044627812741075
0.1,0.0,188,0.004074169048445911,0.004423575062014732,0.32331800365108165,0.0034936415835823,-1.55719193443079,0.5600750743548145,5.642857142857143,0.5661051017052803
0.1,0.0,189,0.007296564196210344,0.0070883697484412315,7.182619295243531,0.006966276837966392,1.887639113606421,0.5948194081807763,6.142857142857143,0.6123743093008571
0.1,0.0,190,0.0030033606724931537,0.0008687760644856827,5.537057846178158,0.0015136428331193532,-2.0976523636127333,0.6226999854685111,6.607142857142857,0.6203721990021425
0.1,0.0,191,0.003645794881820331,0.0016360148784346571,9.77464881683496,0.002363608437316754,1.2217151009656864,0.5930898930721978,6.178571428571429,0.6011601865176803
0.1,0.0,192,0.0007733485891228615,0.0002958571799989722,4.613948577198784,0.00040044708743606805,-1.130874225673125,0.5375844889414393,5.428571428571429,0.5596771014841359
0.1,0.0,193,0.024166693756561185,0.02271211187834221,10.464750338289994,0.023137254152122106,7.4026798283505,0.5273434227884675,5.357142857142857,0.524299503192548
0.1,0.0,194,0.004136867885688741,0.00284439521274977,5.888596370071222,0.0032375166695037022,2.8106762595001555,0.5054870432862297,5.678571428571429,0.5021559111772491
0.1,0.0,195,0.013764520108865076,0.013702673329536699,-2.104164238350222,0.013592299823637617,4.879612187663639,0.5886344870987761,5.285714285714286,0.6008504371853576
0.1,0.0,196,0.005924681988805926,0.005776466850309701,2.054107094326781,0.004998746050988978,1.279313128746016,0.5778680686407389,5.785714285714286,0.5925196637642081
0.1,0.0,197,0.004813138373157385,0.004328022791272526,3.8070990450997138,0.003507071370427968,1.032655006445225,0.5985235297943997,5.642857142857143,0.6294443893102815
0.1,0.0,198,0.00816044345625988,0.006250021962383528,1.821179771588523,0.006174951628989543,2.7407471781738955,0.6168647070245525,5.25,0.6379289259411476
0.1,0.0,199,0.0032040826043747707,0.0005536994361816437,4.995946030141671,0.0010406865964850778,-5.674276917950588,0.5944399481355978,5.535714285714286,0.5892918735469751
0.1,0.0,200,0.006360764294926422,0.006650012968581909,3.077619828024325,0.006057586619519692,2.040651340043477,0.5904186194254143,5.178571428571429,0.6089443044196523
0.1,0.0,201,0.003267593411429307,0.00119733290014666,3.5355954351921546,0.0005602883582126513,1.9289344119294942,0.5662248156262585,6.678571428571429,0.5847590926453815
0.1,0.0,202,0.007229691588118104,0.005503606829938719,9.145227581840487,0.00644862087589552,12.8195798981617,0.5372536433607812,5.357142857142857,0.5739176950207874
0.1,0.0,203,0.009420351215764178,0.005675761760813825,6.569413416992906,0.006699586266811311,1.7258642544142901,0.623542167038765,6.25,0.6246632154954972
0.1,0.0,204,0.007038047370430702,0.0009811030158876225,11.123109902920058,0.0006074622250698246,-5.980454648291754,0.5624392337874151,5.357142857142857,0.5609162094561497
0.1,0.0,205,0.0017041128246926386,0.0010427281268599866,0.07177111558554354,0.00139618296321487,-1.577996073047861,0.5929915788385253,5.535714285714286,0.6073020143649359
0.1,0.0,206,0.009024554521512922,0.009825469437723909,5.394207042386445,0.008260760834700917,3.7581182023846034,0.6138211835904285,7.035714285714286,0.6244594820086911
0.1,0.0,207,0.006013415691642354,0.005422470826411352,2.155959277823873,0.005291132614615074,3.139653876527158,0.5753125554736576,6.178571428571429,0.596450457726682
0.1,0.0,208,0.002056003303907643,0.001780551202204744,1.7531504840954806,0.0019195998377601177,0.7070524646470725,0.5920586966682697,6.035714285714286,0.6038089632484656
0.1,0.0,209,0.0063186359021171435,0.0038326085308086444,3.5719910240414094,0.004285920519226386,0.8405847106277425,0.5953706940402287,5.5,0.6116142239689646
0.1,0.0,210,0.001617783280247519,0.0006486515170186858,7.576056638799685,0.0008481348411068102,4.3974594030682965,0.6114103595049425,6.428571428571429,0.6378018578029682
0.1,0.0,211,0.007079284341609731,0.006161277840633718,6.230592726125413,0.006787482053706526,8.01116745939269,0.590960755281961,5.678571428571429,0.6035504314384739
0.1,0.0,212,0.008293313658935892,0.007771539841359069,2.7254799544924424,0.008029047622796716,3.8245731133598895,0.5559090992440285,5.642857142857143,0.581489117375388
0.1,0.0,213,0.0029642662580870315,0.00032801386976855085,8.506228634540728,0.00024421615068820346,-0.836092142949847,0.570316731769798,4.964285714285714,0.5930671742498816
0.1,0.0,214,0.0019159514509279776,0.0007399265419243123,0.6573360389872391,0.0005762259442709286,-1.4764228159922557,0.5614325425343161,5.142857142857143,0.5656370326947385
0.1,0.0,215,0.002255089640442147,0.00231102606147523,3.2719235348890834,0.001739983996494786,3.7809997040170535,0.5858636513666736,5.178571428571429,0.603012204883105
0.1,0.0,216,0.001448755763364962,0.0006168566356188929,4.0484164112664685,0.0003469655616060119,-1.5474845024738595,0.5474739571233498,5.25,0.5337300954558527
0.1,0.0,217,0.0120480756038879,0.012136690302407924,4.486052357253935,0.011240682492937484,1.3961603808922785,0.5132009035771224,5.035714285714286,0.536251874457464
0.1,0.0,218,0.0015727647291766732,0.0015054646996477358,3.6461052860090604,0.001339879997814526,1.4578414336729015,0.5940469209210457,6.285714285714286,0.5965967978155263
0.1,0.0,219,0.007136075313794907,0.00771101171145094,-0.3911029875668722,0.006994050993167423,1.603058089805008,0.5873327997435437,5.714285714285714,0.5974094585577144
0.1,0.0,220,0.011629929010818389,0.011156776806696161,4.480644114682225,0.011530963967641106,7.611617887309251,0.5975415953058889,6.0,0.6144157077743828
0.1,0.0,221,0.014057680537277066,0.012658127234145314,13.189734199969498,0.012877863477509882,10.957575127076135,0.6336510908661668,6.321428571428571,0.6418253100167609
0.1,0.0,222,0.008944179825409822,0.008288131336200615,5.577847298047733,0.008803178310121004,3.578742571016543,0.6031696695364186,5.785714285714286,0.6138785474125267
0.1,0.0,223,0.0037538663237666947,0.0007641839830386365,1.1945882009112456,0.0009213865560247263,-3.021149580919437,0.5511545907267603,5.428571428571429,0.5738390883952929
0.1,0.0,224,0.0016476171468942152,0.0016788631622124202,4.930136629590881,0.0013891303619252198,5.077474223599505,0.6060773514043863,5.75,0.5990282521214321
0.1,0.0,225,0.00803811593665489,0.005954209682186316,4.083031920978556,0.005734686522073842,1.602544871970565,0.5995487392705342,5.678571428571429,0.6046099964463066
0.1,0.0,226,0.003664871601124371,0.0023837644562072114,6.2681113365049725,0.003275193269981112,4.529409361440297,0.5508136234540116,5.428571428571429,0.5637937651628623
0.1,0.0,227,0.006514948760004304,0.0050556827434812875,4.605208695809239,0.005784824305720077,-0.15195855163916386,0.587647606845701,7.035714285714286,0.6163466144013243
0.1,0.0,228,0.006788915808769247,0.00929386143278324,8.059788477719868,0.00655046856065921,7.3837315112794215,0.5778892732258113,5.75,0.5906888988600334
0.1,0.0,229,0.024370058895368293,0.02458196727949038,2.8636590404065507,0.023939793093121674,8.555864806884765,0.5648020764395831,6.857142857142857,0.5735325577603672
0.1,0.0,230,0.0038146547982169966,0.0022633084099153585,8.27657883275804,0.0017576714930780419,-5.9726620321376815,0.5592894831247206,5.071428571428571,0.5808874724228671
0.1,0.0,231,0.0035137422924576963,0.0028331477742963816,2.571789545986775,0.003322168448919764,4.674851233035298,0.5717039921375334,6.0,0.5853786315437445
0.1,0.0,232,0.01471360770818914,0.010864640616700153,8.782812764254004,0.010246518025090485,0.5367188153410515,0.5885474864966039,5.5,0.5913431292812793
0.1,0.0,233,0.0009613430359901429,0.00020553762511524846,3.6156995631042625,0.00028476935079448237,-1.124539666925017,0.5511208236034548,6.142857142857143,0.5698250005792398
0.1,0.0,234,0.005780188633569984,0.003757570050245816,5.450239692485373,0.003287485960921714,-1.0438547958450026,0.5858379935718503,5.571428571428571,0.6020515645280858
0.1,0.0,235,0.002848753799130257,0.001700758979191033,3.9021163505991012,0.0021114048246613014,-0.03682066551488106,0.5705881641203858,6.464285714285714,0.5687529027684173
0.1,0.0,236,0.004789008972307607,0.003579995808706597,5.239531856819326,0.004612677240924192,1.5470315281530702,0.5295928537164888,5.357142857142857,0.5583341502873485
0.1,0.0,237,0.010130343421558038,0.009377403455579261,-1.0974756637173755,0.009427295387066726,-1.5317692213646599,0.5514733419299063,5.035714285714286,0.5648210627292891
0.1,0.0,238,0.0034890730563900763,0.0029055765302731284,3.3880195747446087,0.003110824840248765,6.668057730946856,0.6216326071536761,5.464285714285714,0.6245747314923654
0.1,0.0,239,0.012957089804345265,0.011334561735556364,7.019662667522056,0.009882618121484346,5.079429239346903,0.5780975442752453,5.607142857142857,0.5917794237134544
0.1,0.0,240,0.01387019697721028,0.019248256451834176,5.766737170489733,0.013786315656595216,10.750144681457556,0.5437487143069485,5.785714285714286,0.5697259149915563
0.1,0.0,241,0.0036361765328931125,0.0027071117143428708,5.3837104350297595,0.0023611717021892963,-0.6783700025172928,0.6298124296983051,6.357142857142857,0.6517654120195947
0.1,0.0,242,0.0020685986480164136,0.0017131843233315215,5.481066386188701,0.0012379616681494987,0.8470637983515985,0.575029308817771,5.392857142857143,0.5678322245532688
0.1,0.0,243,0.009126448458069801,0.008759503182120248,3.5658087445673723,0.007710492951014905,9.54381686156598,0.5748831314282494,5.321428571428571,0.6017483632332803
0.1,0.0,244,0.007367553176343137,0.006019551119557895,3.122544493234898,0.006368974084324643,-0.4491884474747489,0.6054630396601016,6.25,0.6192497084601969
0.1,0.0,245,0.003917027076937012,0.003808371221148068,0.7112580196526039,0.003812617449267596,2.646261763976573,0.5864339446571439,5.357142857142857,0.5822674185228621
0.1,0.0,246,0.004165528983103523,0.0022301745855359597,11.011524364438221,0.0022883476737232487,-0.4713651462435375,0.6036302934009063,6.964285714285714,0.6207770910178372
0.1,0.0,247,0.0043747167520317145,0.0035301872873939755,-1.1996514006929335,0.0030334502381464176,-2.1623079754973467,0.5767559659143103,5.392857142857143,0.6023622593527689
0.1,0.0,248,0.001665440002600867,0.0008225753777909043,-1.0986497388834284,0.0010207192954918185,2.185398883888771,0.6018508741681831,5.5,0.6110330780954913
0.1,0.0,249,0.0028273616539760504,0.002918035774542651,4.2642929853748415,0.0027111463976623226,4.0326104384584385,0.5849219150437343,6.357142857142857,0.6077830989830773
0.1,0.0,250,0.01146586508474379,0.012117605024309664,3.0106450245723315,0.011021691725679876,4.01016617432785,0.5337120912083936,5.285714285714286,0.5459898120884729
0.1,0.0,251,0.004741986577568241,0.002774187517459979,2.022305455228159,0.004346052905672945,3.3385297984378894,0.6039619030671481,5.857142857142857,0.6022890842791322
0.1,0.0,252,0.01633287004134868,0.013481083562954207,14.598527862768549,0.014581321680859167,9.06287784730902,0.5774910008911001,5.75,0.5905112468805731
0.1,0.0,253,0.002432920081110793,0.0020387664947989093,-0.05504133935186436,0.0023275761132724023,2.0623334020684942,0.5386169651598373,5.535714285714286,0.5459757302873606
0.1,0.0,254,0.0028994010735425646,0.0016550086520797267,1.703434126895947,0.0014355717342538678,-0.030593748529270215,0.6131271577285202,5.928571428571429,0.6263211765831658
0.1,0.0,255,0.0023086657644241417,0.000793387116248129,7.32293485196999,0.0009851716195329054,-1.5338072503265323,0.5647109031507568,5.785714285714286,0.5825174811353278
0.1,0.0,256,0.004705112605519354,0.002004680071006335,2.589076602899354,0.0039975364704865094,2.657053027074369,0.5424106983859588,6.071428571428571,0.5423866815210221
0.1,0.0,257,0.0012807275161166463,0.0010979897505177252,6.251796149552585,0.0010064004142304533,0.5442996524652983,0.5367845901512831,5.107142857142857,0.5389568174578284
0.1,0.0,258,0.004244457527277318,0.004303670229659526,-1.700571292801963,0.004132353504409699,-0.06114693937119379,0.5898924462501774,6.5,0.6075874323566224
0.1,0.0,259,0.005769959404045117,0.0013823722690618362,10.55611209241953,0.0008948855484699574,-5.325747707765582,0.5932503352861901,5.892857142857143,0.5967221560207137
0.1,0.0,260,0.002709858456379116,0.0027041085979019708,5.534231422067592,0.002110818901612617,-2.1853852258866007,0.5948094027368729,5.928571428571429,0.6154953091735124
0.1,0.0,261,0.007416703425774081,0.006753350485822243,8.731926890223463,0.006793588863765158,8.164724287193346,0.5496633739688886,5.892857142857143,0.5685752004968099
0.1,0.0,262,0.0053313106831727585,0.0028585926146527094,2.633652481532039,0.0024846403352068933,-4.123099843734413,0.5499632007557482,6.142857142857143,0.553570287029503
0.1,0.0,263,0.004480550639445539,0.004325750740910114,3.115369142413518,0.004378538262661783,7.004001264571248,0.6151350787532364,6.571428571428571,0.6108750098780064
0.1,0.0,264,0.00914461154876312,0.00826560201604883,5.110575554295205,0.008505213271645532,6.076460207551605,0.6048105240687212,5.607142857142857,0.6025043447259916
0.1,0.0,265,0.002361503421331455,0.0015301560093072169,2.5874050662554375,0.001681468041458605,-2.0653356144407837,0.5570069852757302,5.714285714285714,0.5756279599411585
0.1,0.0,266,0.005910370150029125,0.00458903345927985,1.9606506127558039,0.00497547866384991,-0.1785690345992729,0.5377936657303386,5.25,0.5485011403819733
0.1,0.0,267,0.002782921499028162,0.0013878590399037808,6.8531385246245975,0.0019021251614438895,0.001836460926114114,0.5943865769625605,5.75,0.5911999676561146
0.1,0.0,268,0.008826912171217078,0.005314336431301795,5.049797804374454,0.007350755987655193,4.383805237986915,0.5840430423344232,5.821428571428571,0.5878153363497791
0.1,0.0,269,0.001751349846240213,0.0011416987298289113,6.957351635587249,0.0012897476957583677,2.5011725719528877,0.5724390926462366,6.035714285714286,0.5988620566930194
0.1,0.0,270,0.0044374353885926875,0.004757465124386297,8.729436598604963,0.0020379398998612696,1.3363624372471936,0.5243319932064875,5.678571428571429,0.5287235927064136
0.1,0.0,271,0.0013368018559479626,0.0021742573054982944,-2.0094408396099084,0.0012357597033605461,2.2426705394634325,0.61290837156177,5.821428571428571,0.6257259086748628
0.1,0.0,272,0.002050609745451914,0.0011465527626612416,3.5443581517081952,0.001621921600211165,-0.4687185128771129,0.5647202090031617,5.214285714285714,0.568654973900111
0.1,0.0,273,0.00983331705068318,0.01032489835024307,5.444455095188279,0.009333521471124259,2.9602911477638543,0.5348757304634721,6.0,0.5628148587001147
0.1,0.0,274,0.005755309875856074,0.0028780618551277333,5.518660865539573,0.0037215438090420295,3.211854562868998,0.5884595488526753,5.821428571428571,0.6159277814025284
0.1,0.0,275,0.021710114229604803,0.020572466323371993,7.868855084738793,0.020892521488801163,11.839367712641575,0.594031475046077,5.678571428571429,0.6029123548547897
0.1,0.0,276,0.006272179836043,0.006106616444380127,1.827454833013178,0.00615062705393764,4.487768879649063,0.5822027430934,5.214285714285714,0.596434434648702
0.1,0.0,277,0.0054939296352991985,0.003805199450569208,2.764754759736396,0.005304591004381324,1.3624634732698933,0.608012666311655,6.357142857142857,0.6224702465498568
0.1,0.0,278,0.004259875246214565,0.0023644265272537287,-0.37547825035529553,0.0015331028209932228,-0.23364209755183651,0.5316250460982863,5.535714285714286,0.5543518269912331
0.1,0.0,279,0.004505052213598513,0.002475167093443381,5.150435811412393,0.0021941319190567623,-2.1403335871084153,0.5861667017763459,6.071428571428571,0.591719867753179
0.1,0.0,280,0.005772638575042611,0.003775462477648074,0.9657115084944033,0.003895535444076559,-2.9760809579022216,0.5917110676070563,5.857142857142857,0.6126422055085884
0.1,0.0,281,0.002481661033596259,0.0019188796649620072,4.711038826826335,0.002081886372115913,5.020899924688147,0.6331142817759767,5.75,0.6476135740133759
0.1,0.0,282,0.0011976029210865695,0.000719123870953974,1.8379354936259251,0.0006382446765919458,3.766886550012932,0.5869801017603751,6.571428571428571,0.5811517777713148
0.1,0.0,283,0.0012799908709950855,0.0015987893709015599,-2.062315447579086,0.0011375595636797717,0.056950495393114885,0.5786795674479104,5.892857142857143,0.5936223894924497
0.1,0.0,284,0.0035619825457879613,0.0015739373202617527,5.983635706330138,0.003129352628966893,8.139391448217813,0.5795485518926518,6.392857142857143,0.5907028800768521
0.1,0.0,285,0.002432432290900663,0.0018309571086575617,0.19446775111958914,0.002223225919218348,-0.07626167839159355,0.6028816082549543,6.75,0.6199351099540475
0.1,0.0,286,0.0035938555071319063,0.003311834209808375,3.519519532933676,0.0034422276459147565,4.246714309535737,0.6286167299676569,6.142857142857143,0.6276475615467875
0.1,0.0,287,0.003605607223887898,0.0021017345540923858,-0.04017591459738886,0.003575333529667162,1.934746771608663,0.5748037758841248,5.607142857142857,0.5880744917823915
0.1,0.0,288,0.00449469047587936,0.0021497070401723458,5.684275819510494,0.003486616619649439,-2.27034384565844,0.5605398890324621,5.214285714285714,0.5708157759886392
0.1,0.0,289,0.004652727144533021,0.002960973103785282,8.439464724159743,0.0028153417286989647,5.939398163325014,0.603091831736008,5.964285714285714,0.6113069590686954
0.1,0.0,290,0.0028048231177417856,0.0023299381432588455,4.357846946940754,0.0018055804444027264,1.827508368590723,0.6067314633798783,6.321428571428571,0.6272681274158178
0.1,0.0,291,0.010456577305118382,0.009344381534522609,-0.3621421076303856,0.009574999014222148,0.5745087929714335,0.581344121229981,5.714285714285714,0.6102989736866509
0.1,0.0,292,0.0033609013016016186,0.003488057031683318,3.973210733122054,0.002900166061083092,1.991627950196109,0.5695662783912084,5.392857142857143,0.5846836041329906
0.1,0.0,293,0.009516143476388931,0.008661969839744203,4.5383845637398865,0.008744943273050487,7.749360176565593,0.5612481557424874,5.535714285714286,0.5786758551491823
0.1,0.0,294,0.0056023269163859345,0.003673538515766454,6.209731715691362,0.0042606412139342,3.548952760411377,0.5634938990513411,6.071428571428571,0.5839296142092937
0.1,0.0,295,0.011833114558604578,0.009190862126082135,10.835328903003491,0.01129215669893416,11.416140933671244,0.5972983894560091,6.25,0.5970067793964803
0.1,0.0,296,0.005229522826451656,0.003738002611233334,3.7589625175614096,0.004595953982114896,-4.579973807023227,0.5791360293164887,5.071428571428571,0.5874381553069875
0.1,0.0,297,0.008935165257474535,0.006907784294501772,13.710860465675163,0.0075329845910262335,7.845876331059685,0.5787723564830441,5.857142857142857,0.5799554482993939
0.1,0.0,298,0.005237286579907549,0.0022082588163674895,7.692610655762735,0.0029066391168664093,-2.8732516182614916,0.5969127189743408,5.5,0.6158449200614122
0.1,0.0,299,0.0013347340643223183,0.000816939708174322,0.5600049668688977,0.0012747732041295122,1.7175991757510662,0.5402243187969513,6.071428571428571,0.5520048735504302
0.1,0.1,0,0.0085718343437722,0.006640654321227261,5.880565386488295,0.007810728295746659,4.588627017489718,0.5718570833969757,5.892857142857143,0.5839266067389133
0.1,0.1,1,0.0025083611958805225,0.0027864936952546695,0.19420061876671943,0.002276966354548031,5.103028424633739,0.5940581253603423,5.892857142857143,0.5908262668298834
0.1,0.1,2,0.009295914807115545,0.007183957322902272,8.87793955217082,0.008975726698291022,10.889562329884123,0.5986553454575324,5.785714285714286,0.614054137413967
0.1,0.1,3,0.001524710155577512,0.0004066765496798008,3.0082151468433076,0.0006792132929932805,5.201411279608455,0.566364295912095,5.428571428571429,0.5801445970636196
0.1,0.1,4,0.004374022358139442,0.003478225615590408,4.172459165491754,0.003924725479132658,1.1454392425562883,0.5682908746353995,5.464285714285714,0.593950958146116
0.1,0.1,5,0.020273071225273775,0.02325791264189098,0.7240947904760257,0.019972199712922734,6.169466223243044,0.5574824034599866,6.0,0.5924087796388784
0.1,0.1,6,0.07094850997884562,0.05786111851105291,39.92284775587071,0.06391870142416373,33.753183563665125,0.6771397801800693,6.321428571428571,0.7304838570733196
0.1,0.1,7,0.009574373905103241,0.007610277063659409,1.8781731176536975,0.007825086575795281,-1.5431610261067021,0.5681637815026067,6.285714285714286,0.5721715114491505
0.1,0.1,8,0.008808613531017417,0.00789409796277655,6.954266278739463,0.007540275794198083,4.32057120939253,0.5766008465337852,6.321428571428571,0.5783074852905152
0.1,0.1,9,0.02278738476941866,0.026249219181330143,12.015232929257232,0.021785144826865954,9.591945162246049,0.5585645051530417,6.5,0.5816078068419055
0.1,0.1,10,0.002899101194858621,0.002141564534875668,5.118259759392998,0.0018414618996525434,6.788780438604239,0.5486609170419435,6.035714285714286,0.5401097146317473
0.1,0.1,11,0.004232290383256027,0.001252085884886488,-0.5375202288689233,0.0011434311284003035,-1.2866325556411577,0.5471398201498794,5.571428571428571,0.5843755446168013
0.1,0.1,12,0.0030627940254733628,0.0020700477925196985,3.3543787598955532,0.0023228347361396165,0.5787285145617128,0.5665459156639886,6.107142857142857,0.5750552832652112
0.1,0.1,13,0.010722155799666434,0.005700378351109439,12.766927519550592,0.005818958152233616,-2.291797369660069,0.5892006754803178,6.857142857142857,0.6023164733822954
0.1,0.1,14,0.002971290611428218,0.0018933830898708122,3.168144533829093,0.0022616015468689896,-0.9766940771753146,0.5951098187930705,6.392857142857143,0.6093538434297139
0.1,0.1,15,0.0012859745366237461,0.0007071008855805362,1.6180039105936241,0.0011517403212520723,0.19414972007431666,0.5687488071716936,5.964285714285714,0.5823387629623544
0.1,0.1,16,0.0019917103351015453,0.0012859323567470803,0.9934741425119853,0.0013122584744058188,1.1906394356488665,0.5890598763694027,5.821428571428571,0.6022370821993104
0.1,0.1,17,0.0035705763424428863,0.00305692888292149,4.574323313734236,0.0032690681540544606,5.6176166135796946,0.5858056362297029,6.821428571428571,0.587586255620971
0.1,0.1,18,0.004356743078680136,0.003604053313667946,1.7385420201606507,0.003541920103776651,-0.11165256400745231,0.5632556712172548,5.714285714285714,0.5773979316982454
0.1,0.1,19,0.003440232764103037,0.0013290746586695258,4.919100917311624,0.0011124229267699438,-3.8412584641819287,0.5751402353658818,5.071428571428571,0.5850738309586698
0.1,0.1,20,0.02415180086568336,0.01232416448634511,26.652552220636988,0.01336935304337841,2.1819144754427477,0.6578347073565204,5.642857142857143,0.6628452447123075
0.1,0.1,21,0.008427887028779354,0.004992648799500042,5.0134612991671945,0.007055845368887784,4.037782157841292,0.558435987467805,5.321428571428571,0.5893737692788721
0.1,0.1,22,0.002946307322426129,0.0021185392604610945,-0.40739522591135824,0.0023468687158971864,2.310735528974855,0.6219059661540525,6.035714285714286,0.6434647736528254
0.1,0.1,23,0.014486866674138262,0.013804639269592892,11.72893753444013,0.014285078163286107,12.160884420718446,0.5813073087639171,5.607142857142857,0.6117670014526031
0.1,0.1,24,0.00628007901340181,0.004326868970732485,1.7551951790006228,0.005132400545895039,1.6164150835152309,0.5911236120322857,6.178571428571429,0.5906523364692884
0.1,0.1,25,0.005150182325563874,0.0026916530730529986,1.2499987323481225,0.0048542527860075246,-0.9586026902018148,0.5757226799215822,6.285714285714286,0.5855764707909422
0.1,0.1,26,0.01513211107667459,0.014233409321217989,4.63787908061435,0.013206942895487449,2.3065968436607043,0.5672605298515833,5.642857142857143,0.5768439033503427
0.1,0.1,27,0.022890281967905872,0.01993899894194144,14.660260193642415,0.021278259079879725,11.772703731360698,0.5551752443587725,5.678571428571429,0.5772412314271542
0.1,0.1,28,0.003132114179846495,0.002132989685009063,4.822061093693084,0.0028734302084328462,5.245623930890342,0.5862960601264972,5.75,0.611059159602837
0.1,0.1,29,0.003332050160316429,0.0030530250019011012,2.847099061015655,0.003198832573029185,3.404409580648879,0.5923655186637503,5.928571428571429,0.5952649209494709
0.1,0.1,30,0.005961465072434535,0.003994713226837244,4.791518104387336,0.004388000998621114,5.342745477615665,0.5415844061144358,5.821428571428571,0.568520583225353
0.1,0.1,31,0.005367145389066758,0.0033378767992630373,2.386005639894146,0.005079178799496067,4.841062973755963,0.6192950422451028,6.0,0.6268914995866414
0.1,0.1,32,0.038179687766741986,0.034913531028014526,17.683587169047513,0.03664155215934077,14.49217452966831,0.5646395403697746,6.0,0.5833237346580096
0.1,0.1,33,0.058867137006360294,0.04671643005481604,14.720535940048402,0.055619171233667136,20.95599491362634,0.5937708746348633,6.464285714285714,0.6253014228387632
0.1,0.1,34,0.1166035287786587,0.10107832595640538,41.76937604148623,0.10911701850095697,48.752108692402665,0.6219791551337127,6.142857142857143,0.70038481187023
0.1,0.1,35,0.004927304714655243,0.0042765699653131645,3.1028916735210714,0.004206845145849182,2.4078467651524136,0.5663660459074804,6.642857142857143,0.5719841933190695
0.1,0.1,36,0.0058557904623596415,0.00446546082098932,6.995389238104821,0.0053075654831878155,4.9339128767068985,0.5526791035130337,5.785714285714286,0.5572464417941501
0.1,0.1,37,0.0023091254581508415,0.001392135334468825,0.9879970804303658,0.000665519008203668,-1.5001764719520263,0.5706711865570774,5.607142857142857,0.5754643595875222
0.1,0.1,38,0.004662546657697817,0.005401864552199671,5.750688965608219,0.00430674373244444,6.316177796266477,0.5153296819404704,5.5,0.5374687432421499
0.1,0.1,39,0.003503692988755329,0.0030954198096439247,0.31792760091268707,0.003164708358170599,0.09492199457870736,0.5706881272632736,6.071428571428571,0.5782040242860575
0.1,0.1,40,0.001318750578702497,0.0009168064754740459,1.3275392320441028,0.0010847141025071645,0.18725225740469872,0.5505443828502439,5.642857142857143,0.5555985994864236
0.1,0.1,41,0.0013644601193205112,0.0008463861013547893,1.3820296069495062,0.0008342877209015947,3.969765509662077,0.5652757357108411,5.75,0.5863700406341938
0.1,0.1,42,0.0499735779700661,0.0373150140724838,23.540414966374176,0.04725349589362168,28.392885793637106,0.58475925226119,5.285714285714286,0.6301430679308953
0.1,0.1,43,0.0031723152699386103,0.0032876059947560916,0.19977257338072718,0.0025309202086531155,-0.5683972594913579,0.5168768388161081,5.821428571428571,0.5518432547073788
0.1,0.1,44,0.006807158181851196,0.005007310692269112,5.0722864992890395,0.0057389425761509355,4.3253858235711204,0.5913451121587211,5.75,0.5988881884925121
0.1,0.1,45,0.007649529958373269,0.00815455734544031,5.442261548571129,0.0075212189730908844,5.575079450040353,0.6097279966636265,5.964285714285714,0.6114725107576284
0.1,0.1,46,0.010050238449647517,0.007022225383854203,8.015297944830573,0.009322045958285096,9.87523090409934,0.5712986613585614,5.821428571428571,0.5748595663466096
0.1,0.1,47,0.0020162892772831657,0.0014100019231079917,0.5003086887823068,0.0017746220516192074,2.1656766505004064,0.5922326934285207,5.928571428571429,0.6073894321745548
0.1,0.1,48,0.01222936119927555,0.011878277992535019,8.226567138391337,0.011163429514939373,8.65095368392692,0.5525089605061775,5.75,0.5623303642744182
0.1,0.1,49,0.008935201867809535,0.006427697316247807,6.27052075612869,0.0074618473355165735,4.78880987652434,0.60362594074838,5.785714285714286,0.6145771153904174
0.1,0.1,50,0.08722589041782867,0.08164172482739662,31.107724759265015,0.08565014456217128,41.60209492564206,0.651603169036142,6.214285714285714,0.7218129578631622
0.1,0.1,51,0.01059594004096039,0.006552053791001555,11.404953750554418,0.008495853149830571,-2.097708725228491,0.5951475081343233,5.428571428571429,0.6013955135311249
0.1,0.1,52,0.12478377669104597,0.12108360147911187,32.29634612573445,0.12301592091313612,49.54914432291355,0.6165909645965805,5.678571428571429,0.7252682496357931
0.1,0.1,53,0.0030439836086315632,0.002346026074696757,1.849128824815324,0.002762783020783799,2.2821917316752924,0.5499875201764126,5.785714285714286,0.5448171501008501
0.1,0.1,54,0.02887039852770954,0.024658417573259088,18.26714955628695,0.02866000511127518,26.481804809191175,0.499718409325761,6.357142857142857,0.5165450978909228
0.1,0.1,55,0.04516314763235627,0.03130196121471877,31.837047745925982,0.03662963409773017,26.582296958195958,0.7447147958390598,7.928571428571429,0.7945809266298884
0.1,0.1,56,0.008385024658291176,0.004396931384770389,4.836064925627824,0.007719546299541054,3.693548144183618,0.5533242524719563,6.0,0.5719908620577392
0.1,0.1,57,0.02625381277357765,0.024218780619014044,25.314979283245247,0.022585233817665303,18.9080887702964,0.6791645387286076,6.5,0.7226535408052701
0.1,0.1,58,0.005285784166201818,0.0037860941954752526,3.70021665949119,0.004246517776651496,1.0244537498233512,0.545364760458524,4.785714285714286,0.5644576919100168
0.1,0.1,59,0.004233566711221779,0.004005589372500439,2.5241571856642318,0.003380140233050357,1.0512975332662886,0.5139093400670273,5.964285714285714,0.530598775634668
0.1,0.1,60,0.004047511115880017,0.0047872594914688225,-0.42920671358470486,0.003467861868426522,2.2134163144540273,0.5251656706230026,6.107142857142857,0.5458492555965139
0.1,0.1,61,0.0028029340113452216,0.0015212590531093742,4.697609957639514,0.001957924015382423,1.3603163601511692,0.6296907909179829,6.464285714285714,0.6442010506824088
0.1,0.1,62,0.0043678770854623265,0.00080951278495621,6.7381407626630505,0.0007316594866561486,-4.207236680539627,0.5783165803207877,6.357142857142857,0.60439294559902
0.1,0.1,63,0.0022953262879898293,0.0017613855140941029,4.640073872329443,0.0018576080056134567,4.752107620788213,0.5961155072838151,6.178571428571429,0.6130341120919716
0.1,0.1,64,0.004584892700419673,0.0016446750599285447,5.303277055458106,0.0024948755631749035,2.425222978384587,0.5868409307495349,5.178571428571429,0.6174773226800618
0.1,0.1,65,0.011198639546818701,0.014221386612628137,9.40848933253389,0.009451730157078729,8.90009692434065,0.5519334599879192,5.785714285714286,0.6031676579089549
0.1,0.1,66,0.007574226704008103,0.002861807004361546,15.60972277053844,0.0033177974718558594,-0.372720398624665,0.5943306957924162,6.428571428571429,0.6043934082867708
0.1,0.1,67,0.00421525698892381,0.0035233823086155114,2.6902297277356317,0.0039260362823564324,4.351154086498269,0.5901510867063035,5.357142857142857,0.5964989997068018
0.1,0.1,68,0.04145927292069946,0.03414702612329741,16.000209145508137,0.040350435342150104,18.2987779453548,0.5816312964181923,5.571428571428571,0.6086093687801972
0.1,0.1,69,0.0019137671306400904,0.0013687821409190729,1.932226402572013,0.0016324579989344303,0.27002188088675894,0.6214090881956558,7.464285714285714,0.6225147249245129
0.1,0.1,70,0.002415901488272201,0.001730265941595118,3.0927387837911433,0.002382851472903048,0.6119135236635316,0.5823039859438474,5.642857142857143,0.5904071521950653
0.1,0.1,71,0.0016462157894203769,0.001155767622324983,3.244373469270092,0.0008163366327163445,0.062249998574505604,0.5634207649811078,5.785714285714286,0.5826294716878876
0.1,0.1,72,0.0057703195542604425,0.0013476308484731817,10.151258258909005,0.0010628744750630478,-5.0794353291450705,0.5878297702005779,5.821428571428571,0.5823749531912129
0.1,0.1,73,0.0009548914786555629,0.0008672971202613974,3.8259805321289377,0.0008445769690399038,-1.0433924048188128,0.605175987861285,5.928571428571429,0.6119513523460214
0.1,0.1,74,0.006232729660656284,0.0076587833506266325,5.470812305236734,0.005942360297897457,-0.8032361747093072,0.5634327190928159,5.25,0.5619582325631682
0.1,0.1,75,0.002517737014008362,0.0011918427565309926,3.3196909896984246,0.0011018848801009156,-3.3210600199539613,0.6244459390747055,6.321428571428571,0.6223487306646875
0.1,0.1,76,0.03287119165252697,0.01409003868751984,32.745615533263646,0.016154312992619876,-5.583442754424198,0.6534676888465818,7.5,0.6854659382077191
0.1,0.1,77,0.00525145284313259,0.0031447108564404075,2.38460922396078,0.003305591099548277,-2.776415031295405,0.5539871756726844,6.071428571428571,0.5697239737146889
0.1,0.1,78,0.0038630511450263617,0.0030514402827852847,5.685548460430984,0.0030728832068145752,1.0181985433399443,0.5340551393761598,6.464285714285714,0.5460901046876803
0.1,0.1,79,0.0034639532010474453,0.002423275672447765,-2.691204498516337,0.001967726825603317,-0.41503636186855414,0.5442095347630783,5.571428571428571,0.584312528556824
0.1,0.1,80,0.0030729762772817564,0.002152579247097573,2.2792264432270977,0.00286848840376667,1.8746395698078782,0.581747065476019,6.464285714285714,0.5905964719525902
0.1,0.1,81,0.006668383963559824,0.006115701710319063,9.15732913520524,0.00622469104717066,-2.1347254879893947,0.5366635744866416,5.035714285714286,0.5403774901383261
0.1,0.1,82,0.036003911690979024,0.02077991327233198,27.525593839647502,0.025811343735373936,6.4424273232405085,0.621286571347398,5.678571428571429,0.6389621177471827
0.1,0.1,83,0.06749465561272146,0.05469585222135759,37.04300621530417,0.059855336789876784,27.589329740822695,0.6937108053831234,6.714285714285714,0.7503648154611899
0.1,0.1,84,0.06622025923197106,0.06328835418741652,23.292599754666657,0.06122715681942932,26.767125708169022,0.6803647187039361,7.285714285714286,0.7293653194941148
0.1,0.1,85,0.010856586704292669,0.00691744139749545,6.149546250860179,0.007623650776963208,-0.762056909922336,0.6032735395611708,6.321428571428571,0.6030564921476029
0.1,0.1,86,0.013925908846371716,0.01720897932581836,6.082457303219087,0.013856158928512583,5.913038681577045,0.5855865448413462,5.964285714285714,0.5974292937804241
0.1,0.1,87,0.12952410968473704,0.11994199868019668,27.89850642018538,0.12872750687913853,46.86076653966483,0.6279518697238836,6.964285714285714,0.7151300267497391
0.1,0.1,88,0.06011144702958396,0.049234015124266915,28.531607096760542,0.05669864183949468,27.7288699092362,0.667993594711409,6.214285714285714,0.7086862146776314
0.1,0.1,89,0.011505559606349922,0.010122190673165507,5.301933736789171,0.010037867775449459,3.5373436602218646,0.5620964439384956,5.464285714285714,0.5532802220434493
0.1,0.1,90,0.013787488839846295,0.013154013025080763,9.13697646595773,0.012243652204849003,6.638131346386397,0.5573226942189073,5.928571428571429,0.5842835099881033
0.1,0.1,91,0.00643157297916596,0.002278070725152372,9.541767101892995,0.0022791717144533,-0.48634338601890664,0.5848257885949069,5.392857142857143,0.5846626825999095
0.1,0.1,92,0.007062563290203009,0.008397798488951488,1.563132158002863,0.006598098447582573,0.5967547170879092,0.6199899507274329,6.321428571428571,0.6319760959816771
0.1,0.1,93,0.005623893423833871,0.005591905653047601,2.674580553950951,0.004612441201305873,4.3809917393429885,0.5625358777565598,5.928571428571429,0.5966255548650834
0.1,0.1,94,0.008570859163328852,0.0049327979517378795,9.36394447630363,0.005436623649464748,1.3397981836395825,0.5740301871490667,6.035714285714286,0.5700042317321107
0.1,0.1,95,0.00381394059095572,0.00381164580084025,5.046405996852826,0.0035497509900407715,5.215082306213238,0.6237132330095851,7.071428571428571,0.6307128880129025
0.1,0.1,96,0.001963359368014197,0.0017372862375584883,1.5484286049803206,0.0017098939556550532,2.319026515598504,0.5742659401571208,5.785714285714286,0.5914520017207358
0.1,0.1,97,0.026206668811139387,0.0188288703411598,22.144077988091965,0.019878234148114377,9.988257111781147,0.5804972709032317,6.392857142857143,0.6053860344471735
0.1,0.1,98,0.009774323028595665,0.009504410785335843,5.212753776309635,0.008637465131736818,4.204945903242636,0.5718183322795085,6.571428571428571,0.6053821820687264
0.1,0.1,99,0.03036118155267349,0.019963187522002976,21.792775797452578,0.01966337140527383,-3.8919165628749113,0.6009477512528228,6.785714285714286,0.6025056523218091
0.1,0.1,100,0.0037263746543037264,0.0036946241254363172,4.715469122776493,0.0032608313600235436,-1.2034996780309466,0.5599107810641631,5.857142857142857,0.5601006921200218
0.1,0.1,101,0.007676509762389023,0.006916164328220548,2.0117564071307092,0.006215701695089392,2.5259266435253664,0.5578287602885486,6.428571428571429,0.5586796673944963
0.1,0.1,102,0.0030972382278700583,0.001915824658130353,4.743039123765802,0.0015853414132523432,-1.134490053218561,0.5724084869515245,5.821428571428571,0.5851436968090453
0.1,0.1,103,0.0033393800424608975,0.0023515098447559417,5.897639874183682,0.00239669213166984,-0.39317616580175735,0.5394589243585008,5.071428571428571,0.5504049998923497
0.1,0.1,104,0.006766966247179573,0.005971220719945807,6.186032439117525,0.0061665200064166,6.073094748938445,0.5470239255068204,5.892857142857143,0.576327674579997
0.1,0.1,105,0.003993298653787577,0.0029156000507754307,1.5116750249029376,0.003078167463064834,-2.53956738838005,0.5662556224870625,6.214285714285714,0.5857928175481733
0.1,0.1,106,0.0066246413300389,0.008844593147348645,5.99669172236014,0.005920818758393306,6.090227266815759,0.5814476744745795,6.035714285714286,0.5803411890655759
0.1,0.1,107,0.0012655512893701686,0.0005390585897517619,2.882865999078073,0.0009696972272097246,-0.3926591038143954,0.5760445124139604,6.035714285714286,0.5963807930448938
0.1,0.1,108,0.003839756611115796,0.0027830145220139693,1.1909520148634745,0.002650210901711924,-3.0161793190041237,0.5924658890776179,5.75,0.6080337651013048
0.1,0.1,109,0.0030776195994689053,0.0006067566899299856,0.7223607307755534,0.0024447009740888024,4.820665981395166,0.5430357006370164,5.464285714285714,0.572225324046258
0.1,0.1,110,0.0010687477452034472,0.0004173670874830947,3.986017120037559,0.0006759702075761688,-1.2936759878565642,0.5565277218204023,5.607142857142857,0.5559695040692911
0.1,0.1,111,0.08884401644164792,0.07727405538292903,37.24157080778557,0.0879683115684933,52.0766608568253,0.6379174790197303,6.357142857142857,0.7103508143286813
0.1,0.1,112,0.006909429065744574,0.005201154699232888,9.113980194008255,0.005799339890280684,6.164432491314699,0.5878421925566161,6.571428571428571,0.6045100458336978
0.1,0.1,113,0.01956935702704508,0.012584721560737479,12.556132462707874,0.013164830126900576,-3.1854334222216494,0.621460079865143,5.571428571428571,0.6149516208909975
0.1,0.1,114,0.02352075169715655,0.021980013343766435,5.541706833328277,0.023139367920551275,9.690937395144127,0.6013152125850965,5.642857142857143,0.6001494753012777
0.1,0.1,115,0.009603218387673054,0.0053452394513825085,13.957331054954134,0.005413254094602654,-2.0178406346315683,0.5921428442970645,5.857142857142857,0.5884675752020107
0.1,0.1,116,0.020048422236043955,0.01916117303729783,8.175615445342421,0.019420332180441917,12.324122000606186,0.542411306255874,6.214285714285714,0.5968791982784032
0.1,0.1,117,0.011702635405816859,0.009180966986196297,9.425156299146323,0.009067835865988213,3.8436300514652353,0.5763067165234805,6.035714285714286,0.5724980382416556
0.1,0.1,118,0.006006238184192717,0.006088478011882347,3.617784277033697,0.004954049121839335,-4.405484868723448,0.561720652515816,6.25,0.5712500889102291
0.1,0.1,119,0.02409504443722075,0.015608444115710307,16.143622761599147,0.020108039673201333,13.929974697121176,0.7041197347131872,5.892857142857143,0.7274073054000323
0.1,0.1,120,0.004213469062758417,0.00449305515324747,1.6826207902692925,0.003965095961565506,-1.2660067418048488,0.5795042700646365,6.25,0.6014863512067281
0.1,0.1,121,0.015676911623557385,0.0027246177556562333,15.933070221797294,0.00323675969032155,-6.868456792021637,0.6537859990497195,6.714285714285714,0.652386469740792
0.1,0.1,122,0.0063784654365970465,0.006551212868823068,4.664238189118673,0.004987349566539879,1.6397327278169673,0.595598878052737,6.714285714285714,0.6117284072591263
0.1,0.1,123,0.03210167403984465,0.020339347376523226,29.452668425143486,0.021898976354344516,1.6598292723705868,0.6624182525615951,6.642857142857143,0.688468811885901
0.1,0.1,124,0.00597033512035521,0.005901077688418926,6.176459490119981,0.005649177729374642,9.67329515971007,0.5556623121485268,5.607142857142857,0.5703549490472408
0.1,0.1,125,0.002048492199055683,0.0007575186605545167,2.3681511562473077,0.0007348632427886277,-0.9115676864635608,0.5857558808721889,5.428571428571429,0.5859639416069753
0.1,0.1,126,0.0012509745618312054,0.00021912299018185465,2.987397640851905,0.00043791290500602774,-1.2182510738801113,0.5857090089099927,5.392857142857143,0.5897458104642578
0.1,0.1,127,0.0030097904460498815,0.002658173596221058,1.2149291848557386,0.002820627845180734,4.121704058731751,0.5661450297522529,5.5,0.5857161521995464
0.1,0.1,128,0.0036139669660853954,0.0030186955233902748,4.626331746373779,0.003269874629401759,4.1998293886992615,0.5968187315986534,6.392857142857143,0.5861181172122957
0.1,0.1,129,0.0027611065680001145,0.0012428828389928145,-3.359097807125295,0.002116445736148251,-1.715449993305479,0.5821883109598095,6.071428571428571,0.6066756659098923
0.1,0.1,130,0.013596511237460106,0.014883507480033824,12.49836159916768,0.012118749437033418,7.3191721091252475,0.5650494936300567,5.285714285714286,0.5747482094750997
0.1,0.1,131,0.00753141089547482,0.007718837073301645,-1.1786909338578841,0.0073290780317118095,2.2302245062380543,0.5676033796377841,6.107142857142857,0.5847481792495196
0.1,0.1,132,0.002872742374410016,0.0015876674742792305,5.557012826874399,0.0015859517576049034,-2.0805825969343723,0.5630765442606603,6.0,0.5593730854565517
0.1,0.1,133,0.003726826545634884,0.003844579303798824,1.2986429313423382,0.003610519940958828,-2.1054760613965207,0.5777365461584582,5.607142857142857,0.5858432404545846
0.1,0.1,134,0.0007712994506341214,0.0009151833231153089,2.4555633488084823,0.000609893201763531,-1.6862365952884204,0.5811681998268765,6.392857142857143,0.5970480491321686
0.1,0.1,135,0.004690598406755497,0.00551244999279337,0.7476380673102673,0.0046233697181963795,4.258909137012306,0.594744606574346,5.857142857142857,0.5991804562745969
0.1,0.1,136,0.007908041172380071,0.0070026140735670525,9.278843456320354,0.006469966010155486,7.356149080790317,0.5672952631979815,6.142857142857143,0.555153986733163
0.1,0.1,137,0.0030908096568542185,0.0009757111837349335,4.74543103297889,0.0018472601003197632,3.329362644780872,0.5128640526427084,5.535714285714286,0.5050607453444019
0.1,0.1,138,0.0025371046023485166,0.0020719062179825683,6.495033592559802,0.0016386959031081496,1.3269914642937313,0.5861523870207186,6.142857142857143,0.6044659899130751
0.1,0.1,139,0.005540751535087833,0.0026107755718196126,1.9146153616160195,0.0024559041452938343,-2.6609704361626996,0.6025136791452227,6.321428571428571,0.6375668627176929
0.1,0.1,140,0.0051825745342878584,0.002872745725652869,3.9546927621818213,0.0034749419202333666,2.0232522470930405,0.5247054706065954,5.392857142857143,0.5334080446644154
0.1,0.1,141,0.003867552184215893,0.002128612798343077,3.7553141639431638,0.0019759488716256978,-2.584736542585574,0.5326140141079038,5.678571428571429,0.542167196533829
0.1,0.1,142,0.13720005345422515,0.12877442211414783,44.322777048945426,0.1369025589284874,68.44567866898755,0.592612603726147,5.928571428571429,0.7121909838643128
0.1,0.1,143,0.0018936892950466456,0.001302223109876417,5.042894642256196,0.0009729588426743679,-0.12072289433226047,0.5583070157326873,5.821428571428571,0.5650175541469519
0.1,0.1,144,0.001668521762880103,0.0012590398880809241,2.2920196380038838,0.0013052731742402802,-2.403491206396249,0.5854472741839514,5.535714285714286,0.59823579876384
0.1,0.1,145,0.024805501063976974,0.02013830752851692,9.917782812659672,0.024050455149576756,12.150971215264017,0.5401903139518422,5.607142857142857,0.5651137127316899
0.1,0.1,146,0.02968102300396571,0.028404795549212804,11.448311849122518,0.02842262948048306,18.275512928779545,0.5668459721278474,5.357142857142857,0.6059781540670849
0.1,0.1,147,0.004340577234853925,0.0006782384566539269,11.190919124005623,0.0004553484489592771,-2.567731171788599,0.5825339008473965,5.607142857142857,0.6036606215321774
0.1,0.1,148,0.013274451184698775,0.006454010480904004,9.896831183959781,0.009756981371609966,-0.09283315697969859,0.5756712899360729,5.571428571428571,0.5673431837174991
0.1,0.1,149,0.01437798539203513,0.011030737262050096,13.838442630754864,0.011885356071975016,4.069280578275179,0.6641221212480783,6.785714285714286,0.6853641971946829
0.1,0.1,150,0.03139256365313478,0.009315995909572366,30.241779527807257,0.010684988158055552,-9.859541633255398,0.6205766671945432,5.428571428571429,0.6311137164231333
0.1,0.1,151,0.00497975684497086,0.0030238701951125113,2.8132867547206977,0.0042321964155737695,1.2383224884012236,0.5638711791875017,5.75,0.5781479586007721
0.1,0.1,152,0.005539914093100676,0.0033949000107825183,9.333321832766984,0.004335043369138212,-1.4213923797521393,0.6012697485643554,5.607142857142857,0.6183596581624674
0.1,0.1,153,0.13337596277512068,0.11880579756856255,41.253862168183936,0.13275069243140997,66.61933215991694,0.6270817448520812,6.5,0.7254608987334381
0.1,0.1,154,0.0006938528587815118,0.0003609518934524782,-0.7162745111587677,0.000593537491849496,1.6737055782645787,0.5942243369959513,5.75,0.600357362919412
0.1,0.1,155,0.002748791410989458,0.0026692454604142156,0.5289949288770023,0.0022571679542703915,2.057083541983,0.560491228343127,5.714285714285714,0.5808235812795349
0.1,0.1,156,0.01497913780703209,0.011556655725653267,15.042913701909109,0.013561237745231254,7.9632759317916,0.5919688027784343,5.928571428571429,0.6006347140507471
0.1,0.1,157,0.05431723283557864,0.03692500648046774,35.130365339301896,0.041832160978681386,17.792356041333477,0.6370401327844488,5.678571428571429,0.6789895066491776
0.1,0.1,158,0.002999595948809221,0.0036451406386000607,5.1040830765658995,0.0027413155813123596,3.561823791448243,0.6151396967808748,5.607142857142857,0.6385035740692504
0.1,0.1,159,0.009166395056273327,0.007040122302004653,4.898959715182703,0.008502457067640277,8.49053734874021,0.5733573251890259,5.642857142857143,0.5930044297674972
0.1,0.1,160,0.0027234871212664723,0.0017124209375948627,4.027968904691799,0.001938822329680435,2.6090182750704494,0.5692283570212125,5.75,0.5805130473897218
0.1,0.1,161,0.1038832632878924,0.0937084147497278,33.88923868397808,0.10236389909484842,46.880441011180494,0.617853325826494,6.071428571428571,0.721970684094049
0.1,0.1,162,0.013411258705790722,0.011684471448585676,9.350474057930635,0.01174471158691421,13.0606499419915,0.6083210436220512,5.964285714285714,0.6493530989047723
0.1,0.1,163,0.005401400976503236,0.0012466026246755351,4.043727251681777,0.0020446431184346805,0.07227134166996052,0.5296036889064673,5.571428571428571,0.5279028449870153
0.1,0.1,164,0.005989131263721096,0.0053324384802624376,1.9025099571799349,0.005558447971342204,3.569695425601632,0.5550947319769126,5.428571428571429,0.5607387184115592
0.1,0.1,165,0.0273383556348685,0.019869490364736203,17.161367284186543,0.023163433202530566,18.410760854644327,0.5638952771409539,6.535714285714286,0.6166860059249883
0.1,0.1,166,0.010366417352218073,0.0067181649120292486,12.4283194880135,0.0071420628102746506,0.3982305530845167,0.5354782995939841,5.928571428571429,0.5440265776695494
0.1,0.1,167,0.006500784101107261,0.005817145556316836,1.0185916800248738,0.006179001116603888,0.9304703013651002,0.5020469537207846,5.0,0.5041435574042434
0.1,0.1,168,0.0066039445512283135,0.008161557084090706,4.457619671633637,0.00602514547143681,2.7776036229861725,0.5999523654059945,6.035714285714286,0.6249332239733953
0.1,0.1,169,0.013661676975570948,0.011450179219116362,10.30251626370898,0.011184755103977598,7.728934819952268,0.5914282401976684,5.357142857142857,0.5945307360731957
0.1,0.1,170,0.01872606107811909,0.014885365332856225,11.384938138352558,0.01843240464845899,17.78907185664812,0.5413806725904355,5.178571428571429,0.5431100234104411
0.1,0.1,171,0.1485919622091794,0.1304537842976756,44.31757242755521,0.14736923363969562,61.528765931257915,0.61847106268743,6.107142857142857,0.7362196060102153
0.1,0.1,172,0.011858698043979555,0.011670510174601724,11.478822629531598,0.010839398703141724,13.126898496605017,0.5562109353142544,5.964285714285714,0.5427312129020923
0.1,0.1,173,0.005741974840409556,0.005000410491508288,2.299964271918905,0.005282209875446006,6.22824784050303,0.6124062940981337,6.107142857142857,0.6435967704213941
0.1,0.1,174,0.001030615263492077,0.00034614523856713237,1.2324124128510714,0.0005828035354939108,-0.28466934458935117,0.5286071434044838,5.035714285714286,0.5502968617182369
0.1,0.1,175,0.011224824621590294,0.009781380801115236,1.3411333100120448,0.010705513273988899,4.120662036973736,0.5573258812464932,5.642857142857143,0.570377278760433
0.1,0.1,176,0.003687137075561534,0.001398681465557938,4.24325320385601,0.0009322767098334353,0.31518734128751663,0.5608142136790047,5.5,0.5810577314567436
0.1,0.1,177,0.008703032205553908,0.008244760192306065,-0.019991778329218352,0.008552829478081036,2.485114334963972,0.5865380955685093,6.0,0.5977820831320034
0.1,0.1,178,0.0064903266297235,0.0066644912092354135,6.221082241499829,0.006169141156021679,1.9222832043075282,0.6398265143957707,6.714285714285714,0.6519076583276873
0.1,0.1,179,0.013313654793642915,0.009960382509497977,5.41372643265682,0.012503325094253167,7.318934589126428,0.593826819059869,5.428571428571429,0.6089543527905887
0.1,0.1,180,0.005521461074334935,0.005206040195148292,-1.9376498906425468,0.005087112853580382,1.5565581375862128,0.575591713233935,6.0,0.6047041433451714
0.1,0.1,181,0.00171099147519361,0.00017537115879580722,0.46125123099188653,0.00018892581065868685,-0.6859138941755228,0.5454961481590163,6.107142857142857,0.5753962539622857
0.1,0.1,182,0.004861830593986798,0.005209190916645417,3.73930390042788,0.004220598113067676,2.8117414309913897,0.5531488637864576,5.642857142857143,0.5776291448140793
0.1,0.1,183,0.008511819771886668,0.0031585566935977832,12.10838463000485,0.003328959023463202,3.8866493717270316,0.5910291659811947,6.321428571428571,0.5914098870769806
0.1,0.1,184,0.0050069001994425336,0.0029545808643085822,7.382980503568301,0.0025453579839230306,-0.9803973937214417,0.567281252492085,5.857142857142857,0.5771237489721605
0.1,0.1,185,0.012174065095127735,0.01274832644667538,10.663716546074662,0.012002329965704507,15.583913111686977,0.561621416470455,6.535714285714286,0.5831571368924223
0.1,0.1,186,0.019680152189331588,0.022575872650070456,4.422107808634688,0.01903434724860571,7.123898601370409,0.520424507109801,5.178571428571429,0.5654374835145486
0.1,0.1,187,0.006266344226372367,0.005383018085646573,6.481135381334734,0.005502134714530095,2.64438454145134,0.5909373730567762,6.75,0.6109617638312872
0.1,0.1,188,0.0027965354056034204,0.0032844806632411254,2.1292117933947075,0.0027100091253267774,1.5593406986598193,0.5760832762973307,5.607142857142857,0.5734186963399452
0.1,0.1,189,0.0016436277605280138,0.0013209777660066748,0.4974646314520707,0.0013768071657322264,-0.56786840075344,0.5994490575543455,6.642857142857143,0.6329300575395973
0.1,0.1,190,0.005059927996641248,0.0050272452621607806,2.8397219128073345,0.004575298927950272,5.5578731940880175,0.5580194942274443,5.607142857142857,0.5850145264591284
0.1,0.1,191,0.009474515823851878,0.008773713318089396,8.677672137396561,0.008688946182775359,4.777577635132758,0.5924018061149751,5.642857142857143,0.6057954225807949
0.1,0.1,192,0.004092622353538445,0.0038531364455074955,1.0641969232785016,0.0034348040372482944,2.58342146573753,0.569281589110147,5.321428571428571,0.5873377218897691
0.1,0.1,193,0.03306039047300327,0.028040538453590585,18.50828302055059,0.030536612984174222,25.00199303340948,0.5766033644221966,6.607142857142857,0.612682771154221
0.1,0.1,194,0.00602574990944097,0.00337004054002796,6.879012123572352,0.004291844049374763,0.5129197251672982,0.5623894555407801,4.964285714285714,0.5550015512361228
0.1,0.1,195,0.009980316552677128,0.009750873910416933,4.606185042365174,0.009904562152153296,5.088968497723262,0.5936810183044644,5.928571428571429,0.6132189256731406
0.1,0.1,196,0.013923268716218195,0.014173126114561983,8.129296664257424,0.013688913769442777,8.779380062626066,0.5564209439540059,6.285714285714286,0.5825510762894098
0.1,0.1,197,0.0013642397183939315,0.0014198889065926154,-1.0539602530908116,0.0009994867007477705,-0.1365898942612489,0.5333596165072284,5.678571428571429,0.5460922672499939
0.1,0.1,198,0.027166449126192132,0.029636266005160446,2.980120879598085,0.026731521183741534,4.318224191576793,0.5920548210943706,5.642857142857143,0.6141473388204715
0.1,0.1,199,0.008347252647154992,0.006328898443066264,4.321290122552796,0.008063399956193136,10.560115833554013,0.5838194556647353,5.642857142857143,0.5995799368552927
0.1,0.1,200,0.001279613538593817,0.0014741183767102337,1.3793174494796858,0.0010402205842329462,-1.741211358076697,0.5389823027253577,5.142857142857143,0.5374204929564816
0.1,0.1,201,0.0025592869924448386,0.0018265946299452795,-0.36746912537163706,0.002446498857372508,1.234323667149918,0.5608405580791694,6.071428571428571,0.5739582204327025
0.1,0.1,202,0.014536348839155343,0.014103931319799519,6.393372633408461,0.01267750554878153,3.274323755193052,0.5997595807576916,6.0,0.6124590918019823
0.1,0.1,203,0.008717345143625065,0.007750180307700566,5.874514426668536,0.008573823629764504,12.02310784376805,0.5732764111049056,5.321428571428571,0.5618051935603663
0.1,0.1,204,0.01734323717034387,0.011138812345241967,17.127805559735776,0.01133965362456996,-4.951215701118609,0.6027840428887831,7.035714285714286,0.6132658180708446
0.1,0.1,205,0.005691959712021995,0.003163751804117558,7.630781180867094,0.00287960194043774,2.39843835884281,0.5298153801702892,5.892857142857143,0.5164191663552619
0.1,0.1,206,0.004136580986652319,0.0026240859965010245,1.1265033605336423,0.002602874117251024,-0.05289315101356351,0.5616808366839015,5.535714285714286,0.5832647319113494
0.1,0.1,207,0.10796307747190206,0.09949496530729746,34.809363558845966,0.10717086383748195,61.80795670650243,0.6361778481300996,5.857142857142857,0.7390547252034331
0.1,0.1,208,0.0017156165620049026,0.001702110161913463,5.518226487290225,0.0013850789699895337,-1.2358265791655754,0.6267507792513003,6.428571428571429,0.6411561227110478
0.1,0.1,209,0.0028565545523417057,0.0017965931615849585,1.818843599581773,0.001946836967757696,0.2265713902291111,0.5635441210416828,5.5,0.5722412264230856
0.1,0.1,210,0.017818776619578255,0.009944330114709908,12.647559843399819,0.013374126656308107,1.2999018286864061,0.5596350720455819,5.714285714285714,0.557418722572329
0.1,0.1,211,0.005002148520105433,0.004229600865582001,3.937761686964753,0.004819132367260718,2.971352660880721,0.5665336161029371,6.071428571428571,0.5693011978115816
0.1,0.1,212,0.0066270287653302975,0.005559005691919181,3.139715399489868,0.006414029809785204,7.313322991401331,0.5841730678631792,5.5,0.5962282368467012
0.1,0.1,213,0.00499865245987238,0.00756058499219505,0.42190451610992835,0.004887384702168482,1.0964045995672886,0.5786087799534606,5.392857142857143,0.5877769433248896
0.1,0.1,214,0.004186062539883968,0.005444613724338093,-0.2856589287569875,0.004134419615270674,0.9095591127520777,0.5726777394860744,5.25,0.5813967809938092
0.1,0.1,215,0.009725589671780034,0.007490373609932965,4.1446488428714945,0.009655528127956246,7.4108563960345935,0.5744734676142244,6.071428571428571,0.57229508931234
0.1,0.1,216,0.025922035981620115,0.021054572780702666,17.77684560120744,0.02387963980640724,20.320586830760636,0.6162728478016086,6.107142857142857,0.636513503760779
0.1,0.1,217,0.009384556455801708,0.00946110989839595,5.86143120946097,0.008738288693949504,5.368589332066222,0.58212840966003,6.25,0.6075565630368985
0.1,0.1,218,0.01680901270501578,0.014599761956628564,10.747282002014893,0.016371913581474388,15.75349330015491,0.6018500550756604,5.178571428571429,0.6212593323553557
0.1,0.1,219,0.004722337504841553,0.004020302172353555,0.6983673666808367,0.004556000745495225,3.8120155621780896,0.5582111485674405,5.357142857142857,0.573179527006483
0.1,0.1,220,0.024676513363167573,0.009656119188976648,24.38022939702741,0.00909146856874027,-4.586548042301568,0.6526560274278388,6.285714285714286,0.6694553729139805
0.1,0.1,221,0.0028902697606340705,0.0013592248772436918,1.8697303821899804,0.001323230585098947,1.4701793184399794,0.5657140554355761,6.964285714285714,0.557336746372997
0.1,0.1,222,0.01712789743328789,0.016317728089602423,4.449755109317029,0.01668356556799412,8.977801353947674,0.5835112833908439,5.928571428571429,0.5930087247168365
0.1,0.1,223,0.001002050398303202,0.0008835680573816492,3.869937031347954,0.000594921893647459,-0.8044613381015608,0.5078392204170965,7.0,0.5128206526068901
0.1,0.1,224,0.007186272895870121,0.005257291459783066,0.6722119998938941,0.0061239348566725325,2.622783990477766,0.6033255809784003,6.428571428571429,0.6213637086768855
0.1,0.1,225,0.0029329481491127134,0.0023051577667523413,4.803098297049,0.0027966287016777253,1.5093669524191,0.5988540327499053,6.142857142857143,0.598742461967859
0.1,0.1,226,0.006180493873209302,0.0065608629014087165,-2.1783730521871028,0.006028731514075006,4.362318009777918,0.5857643992133404,6.0,0.611196054826507
0.1,0.1,227,0.0034516533576390836,0.0011776056249926106,5.5552202161173625,0.0007554060358437773,-2.1834690136221773,0.5830344471051454,5.714285714285714,0.5909847273261137
0.1,0.1,228,0.020046732440096394,0.014625684334241659,14.961134174694033,0.013980559922874307,2.187977061587882,0.5981994932103618,6.035714285714286,0.6168559933812718
0.1,0.1,229,0.011555899608955408,0.00822963232863149,10.183071661344721,0.008582315290201495,6.782005471356655,0.6177625464446079,6.642857142857143,0.6378528640982826
0.1,0.1,230,0.15792812761872269,0.14186221391276538,43.040781016352476,0.15731554542723183,74.29814399942674,0.5915895938460006,6.285714285714286,0.7112317013972582
0.1,0.1,231,0.022649339468333574,0.01605137167267177,15.65931214074694,0.019761334772104424,12.81315418857607,0.6008129889119787,5.392857142857143,0.6269656704447855
0.1,0.1,232,0.00368327165286219,0.005774945280391624,5.763452854308412,0.0033683504153407175,5.433797712466505,0.6071816675711694,6.428571428571429,0.6011483276294578
0.1,0.1,233,0.005236685150992059,0.006653506078297964,2.3649642294079456,0.004708604248838594,2.435084183428188,0.5770730746496772,6.357142857142857,0.6001525431222343
0.1,0.1,234,0.027394239095252133,0.021244803754049017,26.09211036323281,0.020687441305536975,10.746897540751158,0.5891973629324354,6.285714285714286,0.6176393740355759
0.1,0.1,235,0.0031967619309298113,0.004976122638989856,0.3514059947037822,0.0030431031269003363,1.8959590472138075,0.5790283630821271,5.464285714285714,0.5859796629320739
0.1,0.1,236,0.03937499832329038,0.03260798462960879,23.287529456565778,0.03714504042113741,26.03589196706932,0.6190092499570564,5.857142857142857,0.6416981714695759
0.1,0.1,237,0.005758483761542174,0.005813902094647157,5.093417548039658,0.005458758363414336,5.244030958607927,0.5795534384146627,5.714285714285714,0.6038646567718645
0.1,0.1,238,0.06513251162787138,0.04741253591268108,35.51240261113164,0.053289684673177365,27.769846178896866,0.6752606570894534,6.571428571428571,0.7383899837235
0.1,0.1,239,0.03348590465872235,0.032351241132777854,13.710295887628794,0.03255626233436398,18.902933961223187,0.5644252154959007,6.321428571428571,0.5911045433367204
0.1,0.1,240,0.008956907810151127,0.006446280915564699,7.706058263454035,0.006799409666156888,1.2343128149156541,0.5636063460019894,5.464285714285714,0.5854311164281758
0.1,0.1,241,0.002485202394024581,0.0007823984066928834,4.235534997685723,0.0010248945563608117,-1.1542948287965373,0.5860577383680204,6.0,0.5774697287670592
0.1,0.1,242,0.009209819240338873,0.00855259715637288,3.106566203654495,0.008538831487654648,4.289187731184455,0.6354739378630515,6.428571428571429,0.6768408953770407
0.1,0.1,243,0.0011518540743642926,0.000767182378775884,0.722854470418118,0.0007140088753998695,-0.34440094096942175,0.6124024940848701,5.642857142857143,0.6189930475180673
0.1,0.1,244,0.011730730855241104,0.010017464348015589,8.094895487206466,0.007277016484834456,1.9779586037424697,0.5874815409571312,5.607142857142857,0.6173309725327881
0.1,0.1,245,0.003912959277050126,0.003636384559557836,6.018246699896518,0.003354010222872753,1.5362019556619753,0.593906447988766,5.964285714285714,0.6080746123829596
0.1,0.1,246,0.002042101355032631,0.0011938789868571385,1.6384149938737285,0.00137170972010732,0.5312147148097873,0.5157553624934125,4.928571428571429,0.5263046611450684
0.1,0.1,247,0.007566097453834762,0.004505603571192045,4.310569767831187,0.006943177922156777,11.500897996578658,0.6149952044998883,5.857142857142857,0.6321350895746638
0.1,0.1,248,0.0016512572560992876,0.0009968998938199524,6.921267835091129,0.0016074363757487328,5.689097205949054,0.5767602761046352,6.357142857142857,0.596863577537598
0.1,0.1,249,0.0040877193939781245,0.0010241056108574692,5.623090948037979,0.0010866366866339767,-3.3256083312930684,0.559874988266294,5.535714285714286,0.5612215129626928
0.1,0.1,250,0.0070055326077820244,0.004540651086383976,6.783403095870047,0.005692958423439596,2.7943003422137926,0.571582720660268,5.928571428571429,0.5756942550491091
0.1,0.1,251,0.011534126102567648,0.007826350501000029,12.540211061852167,0.0079560705586391,0.18404833694754075,0.6193234204074657,6.107142857142857,0.6227536327388116
0.1,0.1,252,0.005776580861065615,0.002666114479626203,7.34792329265277,0.003601137191773474,-5.0657378213382644,0.5973797814254702,4.821428571428571,0.6064761066712729
0.1,0.1,253,0.004040132784188347,0.004310588641628011,4.6519990015900605,0.0032948877282243296,0.4891945178955079,0.5560538623653339,5.535714285714286,0.5737030883718366
0.1,0.1,254,0.008680984084926575,0.008096049427671666,-0.22071491187157713,0.008363386991970742,4.748021919763374,0.5412800620366638,5.214285714285714,0.5534759087867629
0.1,0.1,255,0.0027745994990702972,0.0015242659731834415,1.6660524394159875,0.002287427848826029,-1.8799873206076256,0.612304988368255,5.821428571428571,0.6371137908253355
0.1,0.1,256,0.005854331992544323,0.005476621513054392,3.730044249928748,0.005595964504557543,1.8294042890056705,0.5684973167411924,6.142857142857143,0.584266129022159
0.1,0.1,257,0.009462642996947452,0.004908861693128846,17.33929834808374,0.005435726779678008,0.38132182538344256,0.601364950500474,5.321428571428571,0.5932244076177293
0.1,0.1,258,0.10177610177051374,0.08118301041990525,51.38275666476818,0.08965355944273289,48.890750482501424,0.7372873574838185,7.428571428571429,0.810272197141836
0.1,0.1,259,0.0031558497755612767,0.003019984205867808,2.1557413843376785,0.0026360726240022285,-0.371937696490041,0.524360179386676,5.5,0.5310777479826424
0.1,0.1,260,0.0058313665530590995,0.0031277805123940327,6.78260345788911,0.0039132167190721896,0.016164843991627247,0.5979235854756672,5.714285714285714,0.6230533437586272
0.1,0.1,261,0.009713411878787305,0.007843746519259476,4.995768423571491,0.008814832523176925,3.809063113531399,0.5718377915289923,5.5,0.5701110824272646
0.1,0.1,262,0.01192755408690125,0.01004851435257824,5.899738589551039,0.011182696254301265,0.9337769599131605,0.5436091546112547,5.392857142857143,0.536773414078515
0.1,0.1,263,0.005437292114253985,0.0006520262036698489,6.126260761156715,0.0009429177375329234,-5.9669085204749495,0.6030794201611969,5.535714285714286,0.6037635896735959
0.1,0.1,264,0.03611948817557196,0.029524366384527528,21.671822751318917,0.03394473188828732,21.336602717821336,0.6092790262874638,6.25,0.6624461061182101
0.1,0.1,265,0.012416532386243177,0.01001497458669479,6.9465878453126395,0.012268270734210213,9.30669728502257,0.5961339859037084,6.5,0.6276789438464091
0.1,0.1,266,0.0029572134732433115,0.003082055936783111,8.07356510027509,0.0028505956551975343,4.579363795726152,0.617647011188088,6.25,0.6257758186013763
0.1,0.1,267,0.00996782976297389,0.009068085963390453,9.019038508323396,0.008986036323864969,0.6903519872851689,0.583964912875259,6.0,0.6047530776040364
0.1,0.1,268,0.007683626105709609,0.003516505870192359,16.909451195486536,0.004556952473953147,8.458385397128012,0.5368472135252682,5.321428571428571,0.5384178968708332
0.1,0.1,269,0.0011754478917779074,0.0005182599657853914,3.0434733178492572,0.0003940899470090443,-0.06862657790479905,0.5678287956718043,6.214285714285714,0.5817689026466297
0.1,0.1,270,0.026229386852558385,0.024512454131182644,13.877031295458607,0.02475893746885566,21.864907877719578,0.5724012643772131,6.0,0.5817045387571176
0.1,0.1,271,0.004129108462382775,0.0020438807609783525,0.42767295415250334,0.0022108136694058795,0.4105499808529771,0.5914750187325418,6.464285714285714,0.586773102015744
0.1,0.1,272,0.11412255336928409,0.08654019829039719,56.43389901466285,0.09405858147666178,31.0849707537661,0.6465612701086266,6.5,0.7249854568941709
0.1,0.1,273,0.007670754472792116,0.007103528168279739,3.896931913503039,0.007234265295285772,1.5192340142969272,0.5367563525910529,5.321428571428571,0.5497781686326966
0.1,0.1,274,0.0014437639820060058,0.0011344774424349195,3.58452633179247,0.0007493238769557135,-0.8547231812140504,0.5753923785595599,5.607142857142857,0.5912558522896714
0.1,0.1,275,0.004380891490390059,0.00450323866982408,1.162882189145525,0.004176640489750445,-0.03261567832250497,0.5822217076438364,6.5,0.5973027185052836
0.1,0.1,276,0.08154058535588263,0.07298265808975621,26.734534859706617,0.08131189113489817,45.475473555938834,0.6093366067629569,5.214285714285714,0.6817596685055505
0.1,0.1,277,0.006103035653576055,0.0034646653218295205,3.999786898140352,0.005731522100400636,8.705405369694555,0.5956600077796793,5.821428571428571,0.6314523435061656
0.1,0.1,278,0.004246497953590275,0.0028548206350254633,7.616489162561483,0.00286321946921926,2.2865281071182246,0.5859628389778797,4.964285714285714,0.5849232864463505
0.1,0.1,279,0.002278078003291747,0.0009458364988753091,4.851202705767899,0.000516708644975134,-3.3229557436596147,0.5582965357949089,5.642857142857143,0.5704783559171309
0.1,0.1,280,0.002881612685750047,0.0015521172695760737,8.581391484879626,0.001999213078801853,1.1173601227570675,0.5865764495778124,4.857142857142857,0.611556669636133
0.1,0.1,281,0.0030152612897529373,0.002622249588190915,4.881839642863819,0.0029368719890448887,4.218936132426497,0.5600074536290808,5.785714285714286,0.5692909885057751
0.1,0.1,282,0.001405560338416552,0.0005769704765562164,2.3106586310878945,0.0008686929850986289,1.6880649893312334,0.6020690897995661,6.464285714285714,0.6108437784548252
0.1,0.1,283,0.003104330608187089,0.002095908072275371,1.0348566595127124,0.0023680558873261782,1.8054296345001337,0.569669201344607,5.714285714285714,0.601498884009718
0.1,0.1,284,0.005684833481983054,0.0053249132262676085,3.8316514637904504,0.004875144299148561,2.7976362022098917,0.5835564994182417,5.892857142857143,0.5722248211247898
0.1,0.1,285,0.00363974951769277,0.0019285258162608043,11.454600783682148,0.001372469064551632,-0.8104186934148364,0.5393590640285838,5.928571428571429,0.5693437751430872
0.1,0.1,286,0.001909414344510082,0.0011880117696167125,-0.9826114119862362,0.001549762702075342,-1.911767888153264,0.5750078779911691,5.214285714285714,0.5940053138984094
0.1,0.1,287,0.0020874009180872804,0.0012446684308090414,-0.9090085563658192,0.0016738261104759257,0.8537840279204735,0.5416983913572603,6.25,0.5401389846612021
0.1,0.1,288,0.0035806118226232382,0.003937768374952059,2.092219007820669,0.002894056946847146,1.182900347132384,0.5986324345788882,6.071428571428571,0.6131297275215238
0.1,0.1,289,0.021652157075151036,0.0053587055262865205,24.817973111268696,0.0058447730255316195,-12.880663772172937,0.6301077153135797,6.178571428571429,0.653620880426292
0.1,0.1,290,0.07620582003684176,0.06873404403818965,37.569140487405384,0.07514253034448877,52.87882961163721,0.6317948885895696,6.357142857142857,0.6922545834137777
0.1,0.1,291,0.1103697779108433,0.09693030191284543,32.07814851863062,0.10977227283062065,49.672461770638954,0.6301594277372626,6.535714285714286,0.7162661162881875
0.1,0.1,292,0.019483308615183024,0.019221462590738085,9.338489461647109,0.017110850291238867,8.882473469562976,0.592203681833546,5.642857142857143,0.5999386405633391
0.1,0.1,293,0.014432254703541663,0.009742034168282485,9.706504315554355,0.01413559279428194,10.830706797349308,0.5982294676684871,5.857142857142857,0.612968500957218
0.1,0.1,294,0.0034137521742408417,0.0005443283070347162,2.9837286150124576,0.0005495322747694535,0.25182070360276043,0.5826550779849263,5.571428571428571,0.5818731985007248
0.1,0.1,295,0.028545246135883526,0.029729044711499376,9.179326003223261,0.026311523969654294,13.484044047475672,0.5971831399203255,6.035714285714286,0.6098384283812748
0.1,0.1,296,0.044169576581879595,0.038701661973501666,26.49818623158231,0.04323501316961188,35.47010403275976,0.6046530720526792,6.428571428571429,0.6431675168897751
0.1,0.1,297,0.008586510277116793,0.009290447111836273,2.7244843917770254,0.008311299708363001,2.778079704150798,0.541495384711219,5.5,0.5553513130004631
0.1,0.1,298,0.018928247954849577,0.008299034768842688,18.59528585906268,0.008816780494456743,-6.497203499619388,0.6188833488677742,5.571428571428571,0.616162977656391
0.1,0.1,299,0.007481209006749295,0.002137097628674506,7.117870005097596,0.0035896175000190837,3.0631852799729606,0.5367451950188958,6.035714285714286,0.5246271967628594
0.1,0.2,0,0.005283012127914628,0.0038556224962363484,12.81930569231947,0.003578098955329424,3.907754250062576,0.5715565415430565,6.321428571428571,0.5493984428072751
0.1,0.2,1,0.0025231086880332055,0.001160247680118758,6.426561510602066,0.00219332461651224,-0.3718488242845221,0.5866281016181578,5.964285714285714,0.584170242015014
0.1,0.2,2,0.01453910807251067,0.005475803322062024,17.2314336437056,0.0060128597126896735,-4.036044195338405,0.5653495729340119,7.178571428571429,0.5655989313643006
0.1,0.2,3,0.008362627634093681,0.006281261977925322,7.503768307039252,0.006559425422757049,5.241575172751188,0.6227499364535315,7.0,0.6539088432006082
0.1,0.2,4,0.03746053823667589,0.03102598864778844,27.31468751023569,0.0357193905934858,28.01282834441513,0.5819105361196765,6.535714285714286,0.605313995976055
0.1,0.2,5,0.003718465412767874,0.002933473156827934,1.651000153705932,0.0025126076201820234,-1.7356326561635171,0.573860283710645,6.5,0.5792400928028916
0.1,0.2,6,0.030210775172458272,0.0297942971162922,15.385465831074375,0.029113398586414964,20.3768752922529,0.5500157566924907,6.071428571428571,0.5918122242516164
0.1,0.2,7,0.004288710879922191,0.003593215557214719,2.064353298027337,0.003098983324248863,-1.7660424746901906,0.5293257349443119,6.357142857142857,0.5340860733295408
0.1,0.2,8,0.02423188097995975,0.024950198042464126,7.826982006896088,0.023482213476199592,-0.5766934927452875,0.591038574163029,5.821428571428571,0.6108159568391991
0.1,0.2,9,0.006748342955522935,0.006262667598268295,4.76612723806582,0.0066333885013238935,-0.9712013277100388,0.5420766505803065,5.678571428571429,0.5591051892488205
0.1,0.2,10,0.10627134808429303,0.09339961222667065,35.315080901867454,0.10594485089867849,62.40162168019805,0.6636611707098938,6.285714285714286,0.7571549291979361
0.1,0.2,11,0.006208870946619773,0.0038109168449614365,0.9461080247658155,0.005381825399864265,0.45175438907621884,0.5820544671744177,5.464285714285714,0.613424479735662
0.1,0.2,12,0.008423141210088188,0.0097028308010266,6.3510500087697705,0.007930295964307539,13.099198974618503,0.536292466950241,4.642857142857143,0.565613928482485
0.1,0.2,13,0.11664100593509345,0.10185403820010819,53.47599278423332,0.11591894008068368,82.11879442873305,0.6687248477670086,7.392857142857143,0.7798596608706996
0.1,0.2,14,0.035382255088557656,0.03263710004588398,18.79080013805218,0.03440950837869561,24.228166272006575,0.619068169169376,7.25,0.6414934120229745
0.1,0.2,15,0.07612082767878631,0.06367308228183546,35.6960355785507,0.06963551496731404,33.11122707443793,0.6748124790433891,6.5,0.7212208885353977
0.1,0.2,16,0.11288436938860959,0.10230836342687946,46.85724370934884,0.1082082921133054,55.06640965245575,0.696955555991573,6.892857142857143,0.7755594509729044
0.1,0.2,17,0.005280029301270167,0.003738492399866379,9.33609075917814,0.0030527251054013253,2.2749596910353866,0.6228589256481362,7.142857142857143,0.6178729307654518
0.1,0.2,18,0.0009846397832910666,0.0010134329002603106,1.3548015778500826,0.0008047280535545837,2.130375940451671,0.5685334562056334,5.892857142857143,0.5788795383438416
0.1,0.2,19,0.09321478217364412,0.08475305927591859,44.87534632800526,0.08718839439252098,43.953273207989355,0.6858917022199275,7.321428571428571,0.7679271248284931
0.1,0.2,20,0.01333645769394365,0.009804713816867117,10.450979633350263,0.012356299174144629,6.181183211395232,0.612132495104009,6.178571428571429,0.6423100760200502
0.1,0.2,21,0.004298908183541847,0.004643443452956551,4.053692564431704,0.004162709827402592,5.234549640469074,0.5439001160227862,5.714285714285714,0.543186578116345
0.1,0.2,22,0.005021941495016706,0.004262167973202938,5.484144210695955,0.004552998100482182,4.27856361665287,0.5458220844184948,5.892857142857143,0.556154207007737
0.1,0.2,23,0.0053309843482766675,0.0024223014139572725,9.710221940984761,0.002726859106116573,-1.6322827659527757,0.6504600324327685,7.142857142857143,0.6493501618433974
0.1,0.2,24,0.08749004941269767,0.07715106841628035,41.63106871855674,0.08287659661101954,38.28757358277017,0.6620211074334508,6.892857142857143,0.7355448362762043
0.1,0.2,25,0.01012073755359839,0.013259121988866935,2.2628776112776734,0.00973295039399428,5.560967145030882,0.5818731071205259,6.285714285714286,0.5928109961123617
0.1,0.2,26,0.006925196460360071,0.009775628542127877,2.221694454584006,0.006675040726413747,4.784966937143442,0.5344507586732303,5.464285714285714,0.5741353694906947
0.1,0.2,27,0.10442702731601919,0.0908832082504255,34.06059358773941,0.10286882766167962,55.53142171162934,0.6245191209748933,6.142857142857143,0.7266221444037305
0.1,0.2,28,0.11915330462071055,0.1044763103926361,41.19820229014112,0.11614067155141355,55.820492477684674,0.5927567802663588,6.428571428571429,0.7113525634845188
0.1,0.2,29,0.03223557427677768,0.012509397525079671,28.202370286101058,0.01458991317567866,-9.051634936849572,0.5999745486730602,6.535714285714286,0.6005988658084871
0.1,0.2,30,0.06886157980321882,0.05461425483168511,34.38900650258529,0.0609402549450343,30.582514189968247,0.6697025403767719,6.321428571428571,0.7207810334192271
0.1,0.2,31,0.037324314040808375,0.031044477566099023,24.627954856849083,0.03409935377719556,27.463801485470032,0.7089241060435336,6.392857142857143,0.7491669872832938
0.1,0.2,32,0.03801477688669766,0.030183023373599824,28.667497637607607,0.03550645177198257,29.837487652273182,0.640182890749682,7.0,0.6496911425989013
0.1,0.2,33,0.008007233698192968,0.006428813674630803,3.2712470549375134,0.007794339727041098,0.3468815649224079,0.5438056028607132,6.285714285714286,0.5358479379925591
0.1,0.2,34,0.06471277313710112,0.05323696990467798,37.44263118386424,0.056912704555103,31.04555328066493,0.6677095783574041,6.107142857142857,0.7161953451791692
0.1,0.2,35,0.0022377888096411364,0.0005777855183884352,8.584181996995872,0.0006317360748005758,-4.227201677013227,0.5529987789551368,6.25,0.5558323171511697
0.1,0.2,36,0.037964047600054666,0.033532460699183836,24.126014869884852,0.03436959498679007,17.691036384124477,0.6012140479939347,6.642857142857143,0.626046340059172
0.1,0.2,37,0.0016576715342583237,0.0014253708152063649,1.967568408576085,0.0011538970880413427,-0.4626391896115554,0.5770469711723755,6.392857142857143,0.5871268569765424
0.1,0.2,38,0.0007508251173231722,0.00040043807923936597,3.159027096320822,0.00032967937754281904,2.3860495999736506,0.5885628837776791,5.357142857142857,0.6074975703486676
0.1,0.2,39,0.029260003244777736,0.028131657522525458,15.822789665166283,0.028892502506658063,26.555217936915835,0.5361711695998085,6.214285714285714,0.603883968956247
0.1,0.2,40,0.09213435112817449,0.07910089797587744,43.363835109509644,0.09018951066984017,54.38619717588893,0.6556828753216285,7.321428571428571,0.7428937963485196
0.1,0.2,41,0.006750079436546174,0.005368520901913122,4.384182031707591,0.005332409668123197,1.6220611651410575,0.554007299053027,6.0,0.5425470732356907
0.1,0.2,42,0.003164750431098299,0.0015806112864940255,6.56807835662364,0.0017659559330970263,-1.8817325333300896,0.5914952112359142,6.285714285714286,0.6082937553835543
0.1,0.2,43,0.07984987685767328,0.06730202899559595,21.43947749292546,0.07365403591817447,23.086291821786983,0.6426614800588997,5.642857142857143,0.6989076711672724
0.1,0.2,44,0.008281431983095729,0.002340734693794075,10.404585843046354,0.0022215425352790845,-2.416630180173788,0.6340741296813898,5.928571428571429,0.6408335891150012
0.1,0.2,45,0.03303409627302377,0.027854715962756477,19.82520484693684,0.02772077841308009,10.980596997820802,0.6286520436074177,6.321428571428571,0.6589026119784699
0.1,0.2,46,0.0005845327437612931,7.1000657364516e-05,3.1214132033942974,9.059227565387104e-05,-0.21926620490577875,0.5321842287392837,5.821428571428571,0.5568357561231405
0.1,0.2,47,0.08202366499402933,0.06612165808105361,40.35082636216651,0.07465874279699314,38.13311239200308,0.6729686418715206,6.785714285714286,0.736664440048922
0.1,0.2,48,0.027182779386611334,0.021903481510299107,21.364621353252687,0.022501486114970302,13.042037836420425,0.6177628442064824,6.642857142857143,0.6487230791230102
0.1,0.2,49,0.054939740267414446,0.04301495005829749,27.510609195420063,0.04334981127404894,17.709994759338162,0.6397649900849591,5.535714285714286,0.6931111290832892
0.1,0.2,50,0.012463435195635043,0.013333977249826214,3.6062493647434906,0.012293532795017622,11.295280633089419,0.61357684684537,6.607142857142857,0.6433318012166083
0.1,0.2,51,0.01651621785637789,0.015940947847282616,6.6063464724940575,0.016380558259164936,11.583465889394366,0.5567025737869846,6.035714285714286,0.5830973093545542
0.1,0.2,52,0.008649774486325507,0.003104333931193941,11.402083899389984,0.0035743471287141898,-3.9901533696863396,0.6196299897413304,6.214285714285714,0.6134004903816244
0.1,0.2,53,0.09910632436385192,0.0884636672867331,32.79991239391865,0.09812970999574401,53.00999189379021,0.6218026628072144,5.321428571428571,0.7129150600190756
0.1,0.2,54,0.002735717100657473,0.0020314713498618482,1.1004638943999983,0.002713604107352154,2.89732111590583,0.5533025521159677,5.035714285714286,0.5689956931364513
0.1,0.2,55,0.0036066771298926977,0.003693582342037727,4.013029497195703,0.0035381607987717443,6.9249196487950355,0.5786706805036748,5.392857142857143,0.5873163980195134
0.1,0.2,56,0.002103959240756044,0.0015750293402547687,1.5741257028976274,0.0018511948491567523,2.1612982000862075,0.5501734435083862,4.892857142857143,0.5620768315038216
0.1,0.2,57,0.005205337893753319,0.004124180392881067,4.155475781414168,0.00391907191390827,-0.07874796278620504,0.5455225836910477,5.357142857142857,0.5536356668203812
0.1,0.2,58,0.03254143255459973,0.006385239696050801,23.384225207392422,0.007072356485711148,-19.406606772912053,0.6327809145100716,5.928571428571429,0.6636055513296462
0.1,0.2,59,0.002924629735236752,0.002016695839175151,6.421648521740688,0.0010676344727397022,-2.236940187039058,0.5088533069633236,5.857142857142857,0.5373637432979994
0.1,0.2,60,0.12749013688869396,0.10222562868639631,48.77737943255172,0.10908867833869584,37.235672522168095,0.648573465303506,6.535714285714286,0.739629866194575
0.1,0.2,61,0.07617445853433034,0.05966553205130312,44.09453176394177,0.06590231901670872,35.90205184538909,0.6948272432652908,7.142857142857143,0.7738336960713097
0.1,0.2,62,0.03018853988260058,0.016155290021515042,24.163105370558792,0.018315031550566133,-3.0146888671297916,0.6461757117994061,7.5,0.6794311219904872
0.1,0.2,63,0.0022190616428523356,0.0011459918759532967,2.679004775667636,0.0011214293550355747,-0.7726433747042923,0.5333100097566965,5.642857142857143,0.5347651480713207
0.1,0.2,64,0.002766592483551338,0.00200662833274224,2.618766407361477,0.002517377786638126,0.4773227595617584,0.5635456032765281,5.5,0.5561236193240352
0.1,0.2,65,0.1077709471516869,0.08784091248058071,44.34318621898149,0.09876847436613276,42.37599975168845,0.6787108937593542,6.464285714285714,0.7602181031601669
0.1,0.2,66,0.03542400304328702,0.017858806330143216,25.10619306175646,0.02020317288214105,-2.2466281230551317,0.6025898135061125,5.928571428571429,0.6151566519151921
0.1,0.2,67,0.006455059422406675,0.001845496571434949,10.720919697658653,0.0018656697585091855,0.4406359383549159,0.5900682809179826,5.928571428571429,0.6014810202391642
0.1,0.2,68,0.001386481131436536,0.0005271469604007533,4.42192442836938,0.000916842753192692,-0.47366231930801445,0.5284445207072197,5.821428571428571,0.5468014770461538
0.1,0.2,69,0.03525049533504738,0.029505432131731554,23.336923227534566,0.0340256272038996,25.21091454443292,0.612924254844026,6.964285714285714,0.638479232670185
0.1,0.2,70,0.13212698259601863,0.12039009335014415,50.6988553158933,0.1295351107657884,62.64959410958928,0.6214274162299541,7.285714285714286,0.7468197723233274
0.1,0.2,71,0.007866570854626297,0.00766395843182276,7.199594614317334,0.0073357550621907415,1.3659718929331461,0.6004486923271742,5.928571428571429,0.6121717727671455
0.1,0.2,72,0.0836443918810357,0.07419814100985614,34.56363151278659,0.07923601967184835,42.742641281945396,0.6444514764062262,6.642857142857143,0.6921496538786328
0.1,0.2,73,0.0030257593955942794,0.002349291013817603,1.1416031184860553,0.002794414539745716,-0.4639149429958233,0.592189706163774,5.785714285714286,0.6082622020906335
0.1,0.2,74,0.03809373073109616,0.034313638473446165,26.376814643708446,0.031311237532719034,16.031682681559914,0.6867341506902791,6.071428571428571,0.7226572423072768
0.1,0.2,75,0.005019376409219992,0.001885442168322386,10.41377861629197,0.002647531320655377,2.826691705319263,0.5910569461218904,6.392857142857143,0.582741200721284
0.1,0.2,76,0.011394614848835267,0.0099361180098903,10.505598548972557,0.010618786016755172,9.770901627130238,0.5794606572531587,6.25,0.5900291061273483
0.1,0.2,77,0.003831153973822496,0.0029170610088226764,8.679550422945207,0.002826102479976835,4.575590360704514,0.5811016486628222,7.285714285714286,0.5789283016094076
0.1,0.2,78,0.09515715004970644,0.07743286790549536,46.31559892983688,0.08482329252123816,37.93166514862099,0.6813300953645653,7.321428571428571,0.7611269928960985
0.1,0.2,79,0.022766133342100717,0.017032235812243997,19.244752068499082,0.019183904732791305,13.086754167045077,0.5158710945816987,7.321428571428571,0.5197566236278712
0.1,0.2,80,0.0036522377124079126,0.001736052736724493,4.13043711621043,0.0015906990120393165,2.783508854723285,0.6056194577174042,6.5,0.6186494213956402
0.1,0.2,81,0.0968889066533595,0.08011651390031618,34.48677226632379,0.09430040752091536,51.458544981374025,0.6125136368851266,5.571428571428571,0.7230218704302197
0.1,0.2,82,0.007706075718166938,0.005179855451948402,6.152354753561506,0.005170150439987057,-4.152601566526594,0.617667741972399,6.214285714285714,0.627530028799647
0.1,0.2,83,0.018693497089347883,0.018041745471825726,8.881033924486275,0.013969971201057732,-4.604429704448866,0.6008426409306592,5.857142857142857,0.6038217978043363
0.1,0.2,84,0.016270141437124304,0.015334217488772135,11.687446761134046,0.014863816552742763,5.390476524797161,0.5971655701373845,6.035714285714286,0.633124899374844
0.1,0.2,85,0.021174460199008024,0.01998715104817601,13.182163449729606,0.01879882030255536,9.993630323354807,0.5550656934024669,6.285714285714286,0.5570306784258223
0.1,0.2,86,0.02454086010802981,0.010934966525703887,24.671009187386876,0.010528988414605605,-8.889296612877397,0.5983505610540851,6.464285714285714,0.6113269552262746
0.1,0.2,87,0.005105482178825923,0.0024160125933937785,3.777151727010003,0.002452344275703807,-0.6043073380360037,0.5614247688277436,5.357142857142857,0.5678995255041561
0.1,0.2,88,0.03334141849891219,0.02876208584655316,19.918446054592653,0.030529024787449652,19.822558191387515,0.5932132556301223,6.678571428571429,0.6262271503854533
0.1,0.2,89,0.07598915235743542,0.06727841269533692,40.29542216632474,0.0712844758283096,39.49023798297748,0.6433216026625546,6.928571428571429,0.7088931970371226
0.1,0.2,90,0.008197141367850392,0.006388395584228778,8.640902215657528,0.007365431766657017,6.40522850644651,0.5254992500335027,5.178571428571429,0.5206152614506907
0.1,0.2,91,0.0020694820771810394,0.0014022598371678265,2.514634459105906,0.0019230395657060869,1.039535439176556,0.600611011622436,6.607142857142857,0.6053490395439657
0.1,0.2,92,0.002754580520248266,0.003612393337816083,-0.6619790663578536,0.0015470727798391323,1.07214463239373,0.599175718929941,5.5,0.6068269145122671
0.1,0.2,93,0.011777328532057122,0.004734413454265048,15.947126703560096,0.006051251226274719,-1.8116035541294384,0.6052359023118553,6.535714285714286,0.6065103053311169
0.1,0.2,94,0.015301921541411759,0.008027271707493719,13.925776556886404,0.009934862476465467,7.084275928174463,0.5769818596917048,6.0,0.6127609955593996
0.1,0.2,95,0.003325461494847786,0.004024324673570907,2.93450194978206,0.003197972334402495,3.132322801389288,0.5817086830518331,6.035714285714286,0.5952126975842031
0.1,0.2,96,0.005646908354475866,0.0052956934347935455,2.088427920920509,0.005465762098494301,1.0085568124999515,0.5605486750512809,5.142857142857143,0.5692961384216103
0.1,0.2,97,0.03613470341830946,0.0264110820330436,30.410893259709052,0.03271131395906395,27.79123093634605,0.6244885482102822,7.107142857142857,0.656869179781002
0.1,0.2,98,0.003119525118175332,0.0017237267922488402,4.504804932455177,0.001840200276192328,-1.071094941791813,0.5827960575039413,5.642857142857143,0.5864638455464601
0.1,0.2,99,0.0978564053899646,0.08215283925491403,43.36321774263187,0.09334917271287975,51.239638682120074,0.6460948482460017,7.071428571428571,0.7339883546824084
0.1,0.2,100,0.01919502691332235,0.020583539363817984,6.1174169162322585,0.019043308118493942,10.23503117310569,0.5739790785609005,5.821428571428571,0.5985352080307746
0.1,0.2,101,0.009559199225203523,0.00887142757386173,6.281113044966418,0.009286360700079968,2.5765334856859283,0.6378154955482555,6.142857142857143,0.6481636695153965
0.1,0.2,102,0.008685543389114097,0.010038774304762835,5.520532111463609,0.008491425193222173,6.017479031015161,0.6223998482551448,5.857142857142857,0.6543032744497623
0.1,0.2,103,0.03865692772976999,0.030877130590966508,24.86368905587376,0.03251260593091194,20.56113739506544,0.6283585692784969,6.607142857142857,0.6662677057714881
0.1,0.2,104,0.004517884035841247,0.0032179800298626497,7.380400792842266,0.0037063223027067344,4.822415830595844,0.5982014043484885,5.5,0.6116528081040122
0.1,0.2,105,0.14264727849708703,0.12538396804946914,48.19144380918348,0.1382296691447273,56.72475828953037,0.6492940052100382,7.178571428571429,0.7578768930825319
0.1,0.2,106,0.0025491284610015437,0.0020577112010529736,3.7669064714447225,0.0022939283469707774,1.5788813663917647,0.6072084077553284,6.142857142857143,0.6123200541328575
0.1,0.2,107,0.04540804433588747,0.03900953730234153,19.190697261593005,0.04459390910164731,26.971750906562335,0.6049135037823381,5.785714285714286,0.6155653057834696
0.1,0.2,108,0.015504371879375409,0.014984892518284883,13.311735205473582,0.015068399405771777,13.689180887940703,0.6100147014957671,6.571428571428571,0.6383894209543768
0.1,0.2,109,0.09943874887964892,0.08658030936609526,27.998440186480206,0.09762589219884593,45.62139918872006,0.6355723663787821,5.892857142857143,0.7411965068020305
0.1,0.2,110,0.004177737532394417,0.0032769387783079295,3.8292052880228575,0.003000638464173152,0.4017351700057361,0.5722251645068263,5.928571428571429,0.5911046740963022
0.1,0.2,111,0.0025187398938467612,0.0014935288196723513,1.195232634613518,0.001527657925616383,0.11960161911153477,0.5786927893163305,6.285714285714286,0.5833532863234867
0.1,0.2,112,0.004584306069414833,0.0005151973102959399,7.295744125016246,0.0004084082021454964,-5.92971974019746,0.5780581505351388,5.214285714285714,0.5823321445158318
0.1,0.2,113,0.0794076106669021,0.0716875970634806,41.58639621226197,0.0767219677255972,47.272229845136145,0.6629170601749216,5.892857142857143,0.743831161497986
0.1,0.2,114,0.023515861754952398,0.021536909209202423,15.727995577806533,0.022866531328981636,25.970945765614562,0.6290278122461342,6.785714285714286,0.6695061378069902
0.1,0.2,115,0.03389708625857293,0.030364593396013738,9.482062860425552,0.0333916239144032,16.603007386491925,0.5362188144560905,6.25,0.5282319165621501
0.1,0.2,116,0.04400710864445064,0.03370039056281975,24.94487691748293,0.03429343415709686,9.472155554425768,0.6720467308134291,6.964285714285714,0.7097966149874793
0.1,0.2,117,0.011143026268853915,0.00940036993961315,2.2528544956961696,0.01000508899628251,6.997162676795237,0.5914196728783329,5.428571428571429,0.5907241234796728
0.1,0.2,118,0.03132034668130794,0.014286128607364298,26.138611453701987,0.017418308510262426,-2.98004242244456,0.5948264197465104,6.5,0.6140036541569796
0.1,0.2,119,0.0044718302139400545,0.003991732854014901,5.816290878903952,0.004262031470389392,4.685016520476836,0.5598748803265867,6.607142857142857,0.576816916584354
0.1,0.2,120,0.0036023652449942217,0.002326967366795712,8.973041533237335,0.0024686894326479618,2.089318403452097,0.5841643169692344,5.428571428571429,0.5822042415280151
0.1,0.2,121,0.05267688946970569,0.039624798649814184,28.162309619987482,0.03888739535361284,13.694085974054508,0.5808252759332398,5.678571428571429,0.5909469880991329
0.1,0.2,122,0.004631186327295869,0.004454495865810296,6.590338950115239,0.0042793726241260495,9.114660033879545,0.5312419587518672,6.5,0.5431888110876644
0.1,0.2,123,0.005322509418705554,0.006344769667857866,6.1039061996591215,0.0044032573504249215,5.702910788349935,0.5875186945047182,5.678571428571429,0.6042093893215217
0.1,0.2,124,0.005739618790939536,0.0045697126698806614,4.700049012167682,0.004391478115807949,3.9965734462832834,0.5841306356776306,6.392857142857143,0.5860132178524387
0.1,0.2,125,0.07616224266656263,0.06677283926158224,35.469158846017855,0.06749553257332987,30.093762963312845,0.6660294486561739,6.571428571428571,0.7217955567803593
0.1,0.2,126,0.005864443253261357,0.005594650117380856,7.073152487856372,0.005669644751725842,9.765932896654826,0.5553390781563159,6.642857142857143,0.5784914640220467
0.1,0.2,127,0.007293814084115544,0.005592605336100655,6.978393308705449,0.006512816175023248,9.285884537868393,0.5616625406869823,6.464285714285714,0.5747488934482967
0.1,0.2,128,0.006627863014607245,0.005421223175792631,6.999785380392827,0.004280849877483254,-2.483016731363648,0.5998745068164071,5.75,0.6045981274996548
0.1,0.2,129,0.007212157235587579,0.005523464440669367,7.48518695406861,0.0055300173606496325,-2.6499888989354665,0.5654761542226352,5.357142857142857,0.5812136672872029
0.1,0.2,130,0.014154877268422083,0.006344686504565424,13.270754608613723,0.0061944487369349,-5.4390810760670165,0.5832173383670033,6.678571428571429,0.6098407719953169
0.1,0.2,131,0.009894724803457624,0.005966679204387672,14.109527870509973,0.00708047399298135,3.285739936957517,0.633933910191667,6.75,0.6459046569225397
0.1,0.2,132,0.006877318792012613,0.005563218147779783,6.07906107807698,0.006748895868037879,5.9964022596972955,0.5864961148272202,4.964285714285714,0.5799924432026018
0.1,0.2,133,0.008809098985623116,0.004429223717973721,13.88900955004211,0.005129591755100402,2.7432862645838534,0.6517691749758894,6.285714285714286,0.6581239084938211
0.1,0.2,134,0.0046165146082387445,0.004227873123384798,1.5853411759586227,0.003644781267645961,3.0104980779451203,0.5318168257185963,5.964285714285714,0.5591406351539058
0.1,0.2,135,0.05417622984297878,0.05129072338883492,23.724267184759736,0.05157462742014661,25.690275481130566,0.7032360244257433,6.928571428571429,0.7457780006770429
0.1,0.2,136,0.0045739657408375685,0.0034027915829162063,5.895035971778062,0.004446472840946842,4.727654748992403,0.5553885976281089,5.178571428571429,0.570698474585374
0.1,0.2,137,0.0018383111302521329,0.0007262119635359925,3.8251602859787774,0.0009856692062437445,-0.308529944999331,0.5621961201627002,5.928571428571429,0.5499963460240722
0.1,0.2,138,0.0030032325409579267,0.002423620848783408,4.413595770718795,0.001954781875799768,-3.0631877206260847,0.605036592444152,7.357142857142857,0.6213378283381271
0.1,0.2,139,0.004391336298659926,0.0008257851833642156,7.054392739494422,0.0011758996993924279,-6.076565195563518,0.6147150697781197,6.035714285714286,0.625856688373478
0.1,0.2,140,0.005547243943657756,0.0038098337112137536,3.192823716149993,0.0040541356251784415,-3.8676618541519567,0.5698885962172731,5.785714285714286,0.5805813743004041
0.1,0.2,141,0.011177818086903777,0.010011442950575369,4.25986914815897,0.010956797594786145,8.304533629522505,0.5489135956196988,5.607142857142857,0.5674203821628823
0.1,0.2,142,0.0367771918117692,0.02920026743322194,25.817161836882367,0.03628082257324133,40.97233023610044,0.6283247894698405,6.678571428571429,0.6657500487041723
0.1,0.2,143,0.04597915154464439,0.038247781367088694,26.937391195958543,0.041037745679430734,20.433113211111635,0.6271414419449891,6.464285714285714,0.6577663615051517
0.1,0.2,144,0.004649924396873125,0.0010918211585832004,4.728555441419208,0.0012634251590838753,-0.7421329369868014,0.567699923097165,6.0,0.5754949975633706
0.1,0.2,145,0.0025954867612656587,0.0014933796793011173,9.29836185741192,0.0016523813149324211,2.5892781109168177,0.5658148747177207,5.928571428571429,0.5898262477238969
0.1,0.2,146,0.04768504139110537,0.03491862224880769,35.48307651921357,0.03868131016689118,27.65027550651044,0.7034495809190471,6.464285714285714,0.7589484477381687
0.1,0.2,147,0.0170591594092924,0.013297423998051453,14.067161144355708,0.013674258168433397,4.590830921091822,0.5631540051210777,6.25,0.5975256032416025
0.1,0.2,148,0.0022276261591089594,0.00036962814793430363,4.251469597225925,0.00017843448559060589,0.5324897348696046,0.5914727470006866,5.464285714285714,0.6030757842151268
0.1,0.2,149,0.0020144166769163756,0.0018715463463677146,1.6586653690711632,0.001440648719319403,1.166961396514021,0.5740667343591016,5.464285714285714,0.5618468253995117
0.1,0.2,150,0.028538906559092067,0.02204659238044828,27.765989523777023,0.026019878647815846,25.636382097172127,0.7089688800008217,7.214285714285714,0.7380581159050017
0.1,0.2,151,0.09732832533272595,0.08874555703636171,43.45529146564582,0.09455451328719484,62.637002841933736,0.6812831261120394,7.428571428571429,0.7746321844865213
0.1,0.2,152,0.09995021008895684,0.08856133041714652,34.88897853505265,0.09804751385239459,50.746198510735674,0.6639782917378348,6.785714285714286,0.7581616773931685
0.1,0.2,153,0.009051519843691458,0.006901206187766615,4.188428956413598,0.004765430591031431,-0.9463496170015541,0.5697420646450194,5.928571428571429,0.6047435824467151
0.1,0.2,154,0.004311380373529327,0.0035727507402011005,0.8889239013212015,0.0034973122735111554,1.4301304447986165,0.5313711089460881,5.357142857142857,0.5601739174858055
0.1,0.2,155,0.00357793583153762,0.0026268012174910558,1.7908458757950143,0.0031949944825471932,1.1326751411568712,0.5959581019196355,6.607142857142857,0.6089405928592163
0.1,0.2,156,0.05204648783486098,0.0463960298625036,28.085292586910253,0.049841212258691585,31.363385947165444,0.587734810168807,6.25,0.6375747887600329
0.1,0.2,157,0.023876150034427855,0.006297719519464452,17.84720066849319,0.007065035014346399,-11.944436314459645,0.6095944556113582,6.607142857142857,0.632926728199477
0.1,0.2,158,0.008649800717191078,0.010708405762152274,1.1362810469554365,0.008511314497278339,0.5789127537753794,0.5873033300528242,5.214285714285714,0.6014114561416697
0.1,0.2,159,0.005420143658641956,0.005525491551125193,5.985750151553977,0.0053126062157292965,7.639492361447414,0.59232428115371,6.285714285714286,0.5940855399310316
0.1,0.2,160,0.007244244288136543,0.00270733350668696,4.626086385797142,0.001999857896819403,-5.923109459534667,0.5779450416436641,5.642857142857143,0.5709896862323754
0.1,0.2,161,0.010159368719426465,0.01209310321463625,8.006233144723467,0.009722839714433013,5.173823409305366,0.5835579698169536,6.75,0.5775102240036863
0.1,0.2,162,0.0201484324697957,0.015263302425054498,18.439853671989823,0.014570434924819655,7.9497374056888646,0.5600318300086372,6.857142857142857,0.5587285211859265
0.1,0.2,163,0.04323849941069197,0.03470543094707071,25.928326556069322,0.042502346475164585,28.84809961981955,0.5948720611586867,6.214285714285714,0.6168739476776899
0.1,0.2,164,0.05226432790197578,0.04538074068460581,21.70853464938092,0.04843299238931806,24.609617406715056,0.5530488683827011,7.571428571428571,0.5994608551100298
0.1,0.2,165,0.0026860671371107176,0.0020849403742001097,3.7736929110853055,0.001968652100005228,0.8751893474490657,0.5987745644001821,6.142857142857143,0.6125933517171582
0.1,0.2,166,0.043063256345543775,0.03917041176318869,19.601479297665264,0.03972498392655919,20.88774869650562,0.5868000463371121,5.928571428571429,0.622407049438151
0.1,0.2,167,0.01404333836584252,0.008494929731213997,10.844997357984937,0.00805923297828819,-4.615427172966359,0.6577447767354216,7.678571428571429,0.6554588471658924
0.1,0.2,168,0.009110764246532125,0.008073596539835502,5.871529398370835,0.007701012601897868,0.07961108277158739,0.6030217404629792,5.571428571428571,0.6297963538706528
0.1,0.2,169,0.1336431530319506,0.1309493894931666,34.19554345771463,0.1334033057242017,56.439153498389544,0.6381609093480886,6.392857142857143,0.7466894653708922
0.1,0.2,170,0.031781026627240506,0.016704138563819946,29.298143889135797,0.017930297766543146,-0.5267450707476277,0.6643414044776457,7.321428571428571,0.6924980778718673
0.1,0.2,171,0.00811299796143321,0.008900736902537208,3.670253712451853,0.006679446495807755,1.9916872710913651,0.5923284455141226,7.214285714285714,0.6218559682100524
0.1,0.2,172,0.10909768314221792,0.09728060203717753,41.65803961022055,0.10264998398765655,45.674626738049675,0.6319841709519792,6.178571428571429,0.7144104768881911
0.1,0.2,173,0.04687777481492157,0.04562192274217488,16.76155597539551,0.04659124481737348,33.79031747622465,0.5816674829348862,6.785714285714286,0.6364193468034847
0.1,0.2,174,0.0030547244611782405,0.0021062584010977997,6.111382190935984,0.0026431870295429444,6.404341299997905,0.524543710003847,5.642857142857143,0.5526841997529439
0.1,0.2,175,0.026699166502240794,0.012768909499404584,29.533008765400183,0.012762667599481995,-7.706477910170065,0.6408165883521793,6.5,0.6442134527258171
0.1,0.2,176,0.00237036831439661,0.0021863855967598476,4.562016140961428,0.0021479319356788543,2.074961693386882,0.5951592234153712,6.642857142857143,0.6076072172871851
0.1,0.2,177,0.002953057017839383,0.0022002593070432784,-0.2596603178543357,0.0026088463696052992,-3.3159344872760528,0.5635533460614628,6.0,0.5802301440053765
0.1,0.2,178,0.011880553192632815,0.012141311792741787,4.632119434835876,0.011623861846688984,12.663292272413875,0.5776159033617362,6.571428571428571,0.6247625927776324
0.1,0.2,179,0.1075971428632169,0.08609054937133312,39.35932865699157,0.0951358253107273,31.650206971976743,0.6930454572385437,6.714285714285714,0.7707103928183296
0.1,0.2,180,0.03050594918270123,0.021051998438697477,18.43011282520435,0.02172191574331208,1.770058927063597,0.6564142298248578,6.607142857142857,0.6701840558293927
0.1,0.2,181,0.018905996470791855,0.016222775258252706,7.895071982658844,0.013637555489576212,4.381506910994744,0.5408633609137685,5.5,0.5689168652255108
0.1,0.2,182,0.007691545686930182,0.01039013794098178,7.268441286656345,0.007271920170501688,4.19984553720018,0.5959440379048203,6.321428571428571,0.5870290488093886
0.1,0.2,183,0.007314521208472083,0.005711211104138559,7.020272772602435,0.006167618281714967,2.5500014946212084,0.5897074950342321,7.107142857142857,0.6146862091153198
0.1,0.2,184,0.023970235845757606,0.010136815234923468,21.97266032003979,0.01120014259898294,-1.9855292156349265,0.6010574526820872,6.107142857142857,0.6172686907381545
0.1,0.2,185,0.0525369601429223,0.04472566887098576,30.533333864805645,0.05013905148363891,31.681355726585736,0.6995426000955216,7.0,0.7334996960669544
0.1,0.2,186,0.021990637843944307,0.006981409026899989,22.1305647083481,0.007470770892735522,-7.015074882649448,0.660535028166743,6.214285714285714,0.69363219595816
0.1,0.2,187,0.016432249742114463,0.013072825115877991,4.923289003170443,0.016280403510897178,12.233218700345835,0.5944457778314066,5.964285714285714,0.6129536144817564
0.1,0.2,188,0.029235394577665268,0.027377590106772754,19.542756965678336,0.026746086850853678,17.12536650150949,0.5852400609524261,6.5,0.5981471739426971
0.1,0.2,189,0.04762416064464553,0.04651285021716312,22.028225648108634,0.04671882416019023,31.062997577691153,0.5418587204106735,5.535714285714286,0.5946627931923403
0.1,0.2,190,0.04414081513717745,0.03866651969086835,26.74523582766194,0.038174892186741534,21.86880290992995,0.5775819189172108,6.285714285714286,0.6158036503257238
0.1,0.2,191,0.04965692951159581,0.044223239750683256,25.863582664429504,0.047522666214930356,31.601709331749305,0.6662656868901558,7.535714285714286,0.7173907794508763
0.1,0.2,192,0.005996748791661131,0.00406833553218025,6.273710971828895,0.00543844966101466,7.781740072618011,0.6179431853575666,5.821428571428571,0.6307858820348108
0.1,0.2,193,0.028797802592924804,0.013348530427821907,30.9429663265846,0.013571753121887301,0.3764927089930931,0.6643554046755135,6.607142857142857,0.6801741482261751
0.1,0.2,194,0.011684796568088988,0.007009012262946771,13.034195765940382,0.007084069573990615,-0.2571805043475119,0.6524119104490439,5.928571428571429,0.6760015697386037
0.1,0.2,195,0.011534571008454977,0.008732874332916528,6.823632794552803,0.01010917960905926,4.55314126895081,0.6017209657076589,6.25,0.6262546903650572
0.1,0.2,196,0.0024482099334427907,0.0017855461672611934,1.679816454793676,0.001786471965801289,-1.4386633960363326,0.5612856309274962,6.392857142857143,0.5713945883064995
0.1,0.2,197,0.003232321135334811,0.002110205844483103,3.481364370088528,0.002789774261358258,-2.4270659643164834,0.5738147414793412,5.857142857142857,0.5915326502073914
0.1,0.2,198,0.0012520613103810484,0.000638193050555676,2.8254339004380995,0.0005400472167438978,-0.881394208188785,0.5696658644281543,5.321428571428571,0.5867428663770702
0.1,0.2,199,0.07614396530342674,0.06713551792272697,30.08682869096665,0.07279877722766245,41.18356452250229,0.6966246369402055,6.321428571428571,0.7479410860290373
0.1,0.2,200,0.009913614429568226,0.0109986178792376,6.875318556866603,0.008743426472918306,11.373563741614163,0.5310094327578635,5.5,0.5778104480033995
0.1,0.2,201,0.10731248112372424,0.08855508833270995,43.87670975397709,0.10372506831306169,66.05930281657244,0.6839564829089204,7.214285714285714,0.7683533507728728
0.1,0.2,202,0.002716639139222337,0.003473264395784078,0.3266674474505938,0.002669084085678574,-3.2630849453891337,0.597474479055351,6.642857142857143,0.6180155693522897
0.1,0.2,203,0.008102687217508384,0.008535773705914705,5.424164772271685,0.007392745683026292,2.7167865017763027,0.6055315974277029,5.678571428571429,0.6248983916325013
0.1,0.2,204,0.0014311853765279665,4.300706861303387e-05,1.32525214465727,0.00018379643134674891,-1.3016962966069532,0.5284949960654876,5.357142857142857,0.5401633562355557
0.1,0.2,205,0.0072365467733001045,0.005393224115613934,8.354116628784547,0.004696216602894546,-0.7451608930587762,0.569236229247588,5.5,0.5735639098847007
0.1,0.2,206,0.0039313861278862505,0.0011656235345718381,8.563177615952412,0.0013370847336735723,-4.348987035986359,0.5806488770827192,6.214285714285714,0.585983092856488
0.1,0.2,207,0.0017554053603608794,0.0010161775754062977,3.518652556800305,0.00131228482500842,-0.14644600718769615,0.5942444282265554,6.321428571428571,0.6188367294672918
0.1,0.2,208,0.0008909734285000217,0.0006161122631470503,1.3759107166953488,0.0008686471898249206,-1.6186887205733267,0.5503556086231429,5.5,0.5617122939067429
0.1,0.2,209,0.012405017805008706,0.009575477990992379,4.693933488379893,0.009250418169868333,0.8912887437432175,0.5950946703787547,5.464285714285714,0.5900590299547118
0.1,0.2,210,0.0040779448538747895,0.0003950945105036837,7.422469159850853,0.00042231594551826913,-5.0697277809617844,0.5681667535310069,5.678571428571429,0.5640608466378148
0.1,0.2,211,0.0068732103926325725,0.006348927016540706,8.498081513824104,0.005643821891934207,6.0624234990620876,0.5807428470434585,5.642857142857143,0.5962095482849394
0.1,0.2,212,0.0011751902048109555,0.0009252298182112943,0.4017616055225896,0.0009805821621226376,1.2357350117222172,0.5951059654937412,5.5,0.5928401353822347
0.1,0.2,213,0.007562226739048748,0.004874692575958429,7.577998729215618,0.004409441255126437,-5.540857832106222,0.5817555463750106,5.107142857142857,0.5894164371362423
0.1,0.2,214,0.09399688810169395,0.07327050208747514,38.548800932192755,0.09001061353414379,48.96198509516623,0.6700897381394164,7.5,0.7426510462142031
0.1,0.2,215,0.0024647957351778475,0.0011744057174316808,2.7226840428251458,0.0011424747173411126,3.1922802406322526,0.5958085200557581,5.107142857142857,0.586006790516074
0.1,0.2,216,0.08011585896321227,0.07264824389418847,30.358987672323224,0.07805316127160845,46.71667081683139,0.6675769181947595,6.821428571428571,0.7407540364942248
0.1,0.2,217,0.05399448735159805,0.04195350547153054,33.5870354837435,0.0494138370031377,28.476443603986354,0.6426661813333163,5.785714285714286,0.6755380773134233
0.1,0.2,218,0.006631557905697174,0.0032528385073129465,2.6527308345177496,0.0030275287700035907,-4.785887849484662,0.6192825903531689,5.821428571428571,0.6471873279521374
0.1,0.2,219,0.0897338977523495,0.08321945825447459,33.80480090438014,0.08725397049437218,46.551836667890434,0.6549886714739729,6.607142857142857,0.7562986148723001
0.1,0.2,220,0.012971418288759027,0.012954549591156217,10.353712929153488,0.012093408116123593,9.281275702404201,0.5931153230174092,5.642857142857143,0.6288813989018137
0.1,0.2,221,0.0998289107906477,0.0954670256423928,44.65454465075129,0.09469317464773906,51.18196408202508,0.6414132069526846,6.071428571428571,0.7046250131784284
0.1,0.2,222,0.004987905065133065,0.00373216128146682,4.903487333034207,0.0018183164912087557,-2.2071861989650565,0.5576275452217618,6.142857142857143,0.5854325749004337
0.1,0.2,223,0.07021663734252344,0.055194543791151164,32.9164264077626,0.05641983202472061,7.381825792076616,0.6228501814230436,6.25,0.6493785769063561
0.1,0.2,224,0.04577543779716821,0.03979556028988444,23.25171922351502,0.04328768259982041,25.785545889700103,0.5906322762797033,6.607142857142857,0.630434923317376
0.1,0.2,225,0.003540620174645488,0.002516610599963818,4.549073340134754,0.002332310592600037,1.1640023214724995,0.5549791083550131,6.071428571428571,0.5745803946395592
0.1,0.2,226,0.07224741590142585,0.058036936017550354,52.691923355375714,0.06337444115822773,42.737273144164156,0.7139190647818212,7.214285714285714,0.7766824243194597
0.1,0.2,227,0.039307196977498376,0.03723737337158727,31.61015636205795,0.03844026219422454,37.11467034902353,0.6204224877158031,6.5,0.6206752494205074
0.1,0.2,228,0.0933775890397538,0.07619964975297842,38.03979540353523,0.08281899164480969,29.20200025428737,0.6279131869610612,6.107142857142857,0.6743742566852131
0.1,0.2,229,0.0033796869519210045,0.004335126914891243,3.6832595198378706,0.0023582348645919287,-0.17026643377011888,0.5972739190370834,6.607142857142857,0.6157421631470101
0.1,0.2,230,0.016638931961927683,0.008800453478734463,21.782715196031717,0.009264048380139576,6.908536850087946,0.6520739623901373,6.071428571428571,0.662910574211039
0.1,0.2,231,0.03838689008730044,0.03349806691224659,10.889374439838718,0.03664160683048386,15.030526109232236,0.5653392157078543,5.571428571428571,0.5793130063573648
0.1,0.2,232,0.004020509775587244,0.00391575144007563,4.264455804732942,0.0028527131110605447,-0.7496719911910171,0.595559903101172,6.428571428571429,0.5910764903772188
0.1,0.2,233,0.011481079511299803,0.010602502705382866,6.3671109346975925,0.008611390497714581,0.9167586969354033,0.555337763643713,5.178571428571429,0.5516793324840029
0.1,0.2,234,0.003529701052215486,0.0033761127618458496,2.2044820274081096,0.0033751256787119574,2.900166237010685,0.5235783413675784,5.321428571428571,0.5263535149364985
0.1,0.2,235,0.044610069936136164,0.039890212489703085,24.629412375829492,0.04181689628243796,24.369335683716844,0.6437043447306638,5.535714285714286,0.6659330618264847
0.1,0.2,236,0.01568684292520895,0.014528836030016716,14.56528775053969,0.013831111321145804,15.959302238603337,0.6889917779887135,6.928571428571429,0.709728489245384
0.1,0.2,237,0.006883431350485175,0.004975014910580413,7.533272004652114,0.005842582298906537,8.611729808514042,0.6095738309447205,6.178571428571429,0.6280212321977305
0.1,0.2,238,0.09277547187962015,0.08237557199834906,39.82109649846254,0.08895122824476076,46.511227659990624,0.6519946082193652,7.5,0.7477379761648517
0.1,0.2,239,0.010224527148147916,0.004723149225181489,17.389437210960278,0.004848603803156447,-0.21706440636929378,0.6517566489158149,6.535714285714286,0.6532044413336853
0.1,0.2,240,0.022349768773372705,0.0173385099707709,12.729298422851542,0.019846968148626007,14.485132780701946,0.5916713676659293,6.285714285714286,0.6391196327510527
0.1,0.2,241,0.012333879456752711,0.011331701560134348,10.729834386619851,0.011964791467584019,5.851208621504147,0.5250541949841045,5.714285714285714,0.557619287653885
0.1,0.2,242,0.013917301827288288,0.012640146432168604,4.716492840594451,0.0120667883760558,4.800929116330224,0.5336706599768889,6.107142857142857,0.5420100235165577
0.1,0.2,243,0.02679025532775215,0.01840886906727727,21.475256006741905,0.02096289325705809,8.08304827221636,0.6263853029681926,7.0,0.6428400446049096
0.1,0.2,244,0.039051214623261214,0.03211839342624009,20.299841847434482,0.03606483858880769,28.18123560289908,0.6301299821072808,6.392857142857143,0.6738461287929274
0.1,0.2,245,0.0556197554666034,0.03990236168910891,36.99687204417639,0.044011936380184136,14.151170542022868,0.6672569822671431,7.321428571428571,0.7057294790149504
0.1,0.2,246,0.04316136272808526,0.024323407434981396,32.386830942712294,0.030133596085166234,8.375998159935847,0.7060419813404522,6.75,0.7385389088286913
0.1,0.2,247,0.03519274810458239,0.036166212090494726,18.923713895717317,0.03114805207999164,8.00272682705699,0.6169581108837152,6.285714285714286,0.6382129860448698
0.1,0.2,248,0.00609673894875502,0.00483210922146699,4.115342350589714,0.004159801363962932,0.8040587824970847,0.602430771823399,5.464285714285714,0.6130289118839896
0.1,0.2,249,0.03405955437280337,0.029320712703815376,23.92410592695798,0.03187067431787455,29.159631671698225,0.6060298079528058,6.357142857142857,0.6389973725421102
0.1,0.2,250,0.010492970314032754,0.008277355786540878,8.15508211718417,0.008785325304395223,7.114157560292294,0.587916842878621,6.535714285714286,0.6079600770477702
0.1,0.2,251,0.0015264867596245873,0.0006112527901163687,3.7636870709330785,0.0010574972716621512,1.6879172248757186,0.5750228420432334,5.928571428571429,0.5884810836726491
0.1,0.2,252,0.014260984164921667,0.012701275306545584,9.403347903482265,0.012016341337504543,9.078782438110181,0.5888976121906194,6.5,0.6166014044755916
0.1,0.2,253,0.006504982120630426,0.004376639066200681,4.316167191652227,0.004709868371942142,1.0237930865705398,0.5597108035542605,6.464285714285714,0.5563813364012482
0.1,0.2,254,0.0019314715052616,0.0023357076715386756,-1.651662589791054,0.0018422565698289685,3.7935842005604834,0.6200316708601592,6.321428571428571,0.639311688401365
0.1,0.2,255,0.004822828424380768,0.006061799640361169,1.997957750229394,0.004627938526043167,3.690983820936301,0.5948380413601673,5.5,0.6008597311740917
0.1,0.2,256,0.006708608970876768,0.003607749250460924,8.589870508414075,0.004858890247245272,-0.27895514179739206,0.5260043313019457,5.75,0.5463765486391621
0.1,0.2,257,0.10949474055508465,0.09935444056749343,29.166690165358286,0.10871817996488523,50.85123022760365,0.5943987346773568,5.857142857142857,0.6897575783236944
0.1,0.2,258,0.004840510880364552,0.0026114034807532584,2.9120925983658688,0.0024215483616991306,-0.6827268517704681,0.5735860620619587,5.75,0.5746563257228424
0.1,0.2,259,0.03454867147625197,0.01143030725913456,29.596315697227833,0.011680745053255517,-11.85146984170037,0.5771435365307049,5.357142857142857,0.5776774856256118
0.1,0.2,260,0.01644054423249089,0.013784781155934293,14.3549610621776,0.012158958469897462,5.671873331519341,0.5976222673175483,6.25,0.5931775554537431
0.1,0.2,261,0.0283125289763245,0.024240852795928594,20.345615179806515,0.027444520938240454,22.293733770415304,0.5707866901877542,5.392857142857143,0.5819187531273229
0.1,0.2,262,0.12086873742098124,0.11366612366572379,25.677778312882268,0.1205249051102962,51.28544904521632,0.6512683597520669,6.392857142857143,0.7358593734209051
0.1,0.2,263,0.008471250384759226,0.0046188729120588265,4.993044208532647,0.005334619540505292,-0.705644960090666,0.5694235341722073,5.107142857142857,0.5709823435789383
0.1,0.2,264,0.010542888438618912,0.009046154438038306,12.32667695826595,0.00933892376480999,7.968293680264897,0.6099513497004113,6.678571428571429,0.6064296970781787
0.1,0.2,265,0.0031475034692120866,0.0006239337006462468,-0.1688531067086861,0.0007044922882789057,-4.1296390575187445,0.5352714760779514,5.571428571428571,0.5299693794755265
0.1,0.2,266,0.016165270764393957,0.009676457513045916,10.470479246362297,0.014610739555233702,5.979972332906328,0.5623228163478377,5.392857142857143,0.5616232667484253
0.1,0.2,267,0.04111866609819889,0.02458890978871811,37.45983053026755,0.02496064234151026,12.902594546952363,0.661306111420674,6.607142857142857,0.7035669669934301
0.1,0.2,268,0.005954545139792843,0.006309782894090155,-0.07342065021230344,0.005411423390484202,1.6197148572415567,0.6309330703733824,6.035714285714286,0.6499048439892091
0.1,0.2,269,0.002288580196440233,0.0016957364611171416,2.712942117072108,0.0009321060422340542,5.153570621877492,0.5356075356696656,5.892857142857143,0.5113836450371023
0.1,0.2,270,0.004468371196003537,0.0007726507741997473,4.129674044956668,0.0007405330735428236,-3.1600304657906406,0.5261319760369293,5.821428571428571,0.5125090324067054
0.1,0.2,271,0.015376550909919262,0.017924316958965958,3.210928872441135,0.014381370274134298,0.8231401265976217,0.5565145102836457,6.0,0.5629810641869567
0.1,0.2,272,0.002165461672935381,0.0012218102346612026,4.866617056225702,0.0010139442099282195,-0.4384907402034723,0.5671631629400846,5.821428571428571,0.5865777773758877
0.1,0.2,273,0.00466135329775507,0.003945551829798285,6.727798207854704,0.003343394560297584,-3.3722559213510785,0.5963426818456382,5.357142857142857,0.6056367910912653
0.1,0.2,274,0.09400286134969485,0.07738522402478877,34.77908001292506,0.09127640170372932,49.7755950315522,0.6199024242979471,5.25,0.6983360808016966
0.1,0.2,275,0.007395077999343494,0.006248224970934454,5.559791190549693,0.006235894644918967,0.5888164529381091,0.6111973703830772,5.821428571428571,0.6308814773475042
0.1,0.2,276,0.03641995229795308,0.028456067483026128,26.446539817384416,0.030990423933612597,25.86140136531544,0.6109165025762788,6.821428571428571,0.6692166562098397
0.1,0.2,277,0.03004143544638767,0.026338778342572006,15.885166522367902,0.02842267383415681,22.043658056578995,0.5712142884331165,6.25,0.611919788994671
0.1,0.2,278,0.027716075677344357,0.019101216610951786,26.557690523575985,0.017407724696348405,-1.059787367679263,0.6337039322943151,6.535714285714286,0.6558198240789757
0.1,0.2,279,0.06646980750939643,0.05873930322969429,37.248742494385404,0.06514071700419852,46.37831906338537,0.6733529752707307,6.464285714285714,0.7287637248337406
0.1,0.2,280,0.021710180615246443,0.020607359634942236,8.87242989934012,0.02161920390551241,14.68516584768681,0.5693130342196044,5.214285714285714,0.6182224611859166
0.1,0.2,281,0.018295269173610573,0.014619205070786121,10.01321376803052,0.015327366640981043,6.977281578362617,0.5967577651339295,6.785714285714286,0.6238769581303947
0.1,0.2,282,0.019889557881504996,0.009857508107803154,22.162870922105082,0.011157246288414706,-7.160323643662157,0.6056036787249431,6.178571428571429,0.6100530149133667
0.1,0.2,283,0.0027621364023816793,0.0017764837709905502,6.61884895694584,0.0021294577547511144,4.334878961770376,0.5258278831233686,5.642857142857143,0.5330425313996883
0.1,0.2,284,0.0038607716204996693,0.002868929175533993,3.676132626147639,0.0027564969294397654,-1.796158856860823,0.6345856831428389,5.964285714285714,0.6513193307356469
0.1,0.2,285,0.004426651072205157,0.003799570472835986,2.61356349447982,0.004313167706887665,7.239620134013838,0.5664827814498329,5.607142857142857,0.5975406607103633
0.1,0.2,286,0.008106585204767992,0.003340799407395783,12.932176871543561,0.0034039654189411896,-2.142494792946877,0.5782765565078153,5.428571428571429,0.5783422773976917
0.1,0.2,287,0.002073346941561819,0.0020579442412508864,-1.1422778119499621,0.0018946657766191785,2.0636702968290215,0.5650496394058248,5.928571428571429,0.5807095488658138
0.1,0.2,288,0.031457636126577884,0.02601084548989304,19.581416823606475,0.029687016765865562,24.38612278408205,0.6156677952936055,6.071428571428571,0.6590398793640263
0.1,0.2,289,0.024830897140823913,0.01318623509650945,30.752391426004767,0.013154982245320586,4.8876456656324665,0.604211011813266,6.214285714285714,0.6324148044368999
0.1,0.2,290,0.006537931335371979,0.003712603697301646,15.512275383439999,0.004250005220543301,7.422195199448386,0.573128229958103,5.857142857142857,0.5857040116753018
0.1,0.2,291,0.0016769240707913532,0.000632266346218668,1.643490302128659,0.0009117158428265607,-2.674605251081308,0.5538604570029314,6.321428571428571,0.5637722300655899
0.1,0.2,292,0.012463070032082156,0.010810101272551055,5.458931926557,0.011952712389089739,6.555830472500787,0.5523086855484343,6.214285714285714,0.548660496078417
0.1,0.2,293,0.0032651984989944868,0.0003272851116705793,6.591180076838602,0.00043635066351575965,-4.857929772703528,0.5085424022233715,5.464285714285714,0.5101842075105074
0.1,0.2,294,0.08581656740964716,0.0744772254660164,38.06990298236217,0.07500153751065577,27.698621407079433,0.6559282472594313,6.357142857142857,0.7304934829902228
0.1,0.2,295,0.0010882594776630231,0.0005884818092532201,1.446236865127086,0.0009083617878334199,1.5163978507471256,0.6006443143817666,5.785714285714286,0.6023282216277948
0.1,0.2,296,0.0029075270983552367,0.0016434751960356124,4.485705511444887,0.00189284972054339,2.3447434790463055,0.5464738153698662,5.178571428571429,0.5579916909427278
0.1,0.2,297,0.008267388010857349,0.009114271873188876,7.114136934425801,0.0078239103240682,11.159636498547732,0.6176190947477435,5.75,0.6455250115645534
0.1,0.2,298,0.006140515314132283,0.002359382964389253,6.72908674672171,0.0019360099810028513,-5.443504869251693,0.5584636688924264,5.821428571428571,0.5648639015799585
0.1,0.2,299,0.012912870724786689,0.007419700233531189,9.75670846105453,0.007393175993568703,-1.773739837976251,0.633075072005909,6.25,0.6390407444895361
0.1,0.3,0,0.022501994401551918,0.018443546110834208,8.000739202951706,0.020775925707757725,7.945591226540993,0.5264996631448711,5.071428571428571,0.5457374159203944
0.1,0.3,1,0.007985810976307387,0.005955587236776214,10.685812388702544,0.006561932827188976,4.41338794887335,0.5696014303715172,6.035714285714286,0.5884612987420863
0.1,0.3,2,0.00929351058017222,0.008168921243120608,9.982169813791018,0.007879914039453784,4.558814031644592,0.5841583319634377,6.285714285714286,0.5958902434447191
0.1,0.3,3,0.150690075488508,0.13386167540658814,47.760871034802115,0.14952532545315536,85.01373141298284,0.6327209354592734,6.714285714285714,0.7625237868652814
0.1,0.3,4,0.11528824984148087,0.11389855795424533,33.11595493860692,0.1142345996222564,48.26548207740245,0.6115598854400094,6.428571428571429,0.6984178256571534
0.1,0.3,5,0.07727843516259464,0.064982142263552,46.91808176749231,0.06972332671540094,46.10973218655818,0.6781461757340379,8.25,0.7182949517834352
0.1,0.3,6,0.04797786692443273,0.03691473131683925,37.43604449376743,0.04203591441708674,29.60280910449747,0.6169793954709208,7.785714285714286,0.6708235405931882
0.1,0.3,7,0.010188685714400136,0.005543231244120668,10.411402769288742,0.006284253884528071,1.5110768892902797,0.6171309049292963,6.964285714285714,0.6237494977134701
0.1,0.3,8,0.002161387865379479,0.0028504881875241303,4.999399383466084,0.0021278532292213327,-1.5668384563368534,0.6026134249579899,5.178571428571429,0.6232691071269549
0.1,0.3,9,0.02895340806913506,0.027173188238822553,22.829495898406275,0.028071974576527846,29.349120003681303,0.6638054357046118,7.142857142857143,0.682596590179369
0.1,0.3,10,0.01054146225982602,0.009044679581584633,11.324192786785526,0.010217764488467476,6.126500280026543,0.5909585691902549,6.285714285714286,0.6054224258446192
0.1,0.3,11,0.10060335746816804,0.08081727043740745,44.67137454443423,0.09147498169586939,39.48362929256938,0.6751478413286904,6.642857142857143,0.7520137742545759
0.1,0.3,12,0.12507058781327768,0.11125932185347738,44.27232390700533,0.12170084651963771,59.02274795976751,0.6142508359096291,7.0,0.7266059000403047
0.1,0.3,13,0.06488114612415065,0.048513695396729645,31.84105757832587,0.056950769374687404,26.365999520796212,0.5768681119731227,6.071428571428571,0.5970220078585402
0.1,0.3,14,0.004786692205123493,0.0009631800687431245,7.8303910596990915,0.0016540282285483663,-1.7493686921660678,0.5973948036824284,6.607142857142857,0.6123069982915406
0.1,0.3,15,0.12116795710716549,0.10299364133782711,52.61557146600137,0.11355608715867978,57.65865353363108,0.6532822088316036,6.5,0.7336242898315097
0.1,0.3,16,0.12383066526507672,0.10819406390995866,46.27309217461218,0.1234305633931496,80.83049050020584,0.6558498714049481,6.714285714285714,0.7734056696680736
0.1,0.3,17,0.05512645349289083,0.047444713861059404,19.602962663355395,0.053072568137479535,24.657601486021587,0.5428906948860818,6.142857142857143,0.5773840711825793
0.1,0.3,18,0.004610042360204323,0.0017579937314926863,2.975670820388397,0.0022041433264542525,2.5998788173282037,0.5992754594072763,6.75,0.6096468153018544
0.1,0.3,19,0.01905109345649449,0.017397095183296782,13.384756911546598,0.01793161020925573,15.391300240653814,0.5700035556905358,6.464285714285714,0.613133388789813
0.1,0.3,20,0.009210688391167893,0.008060343045708511,8.928872746782607,0.0058881866808721504,1.6109055314143557,0.597050593411994,6.142857142857143,0.6170048380190283
0.1,0.3,21,0.04102841935867241,0.036221972420508564,29.077069047559934,0.04003513747030148,38.57258853319769,0.6221493703274937,5.928571428571429,0.678746836982296
0.1,0.3,22,0.01590198004466842,0.015649701461642147,9.040358606824109,0.014688392424316672,3.8536381447630768,0.5260300325990843,5.392857142857143,0.5174214787831439
0.1,0.3,23,0.07921408202298633,0.06624667162117374,35.91627578607837,0.07552625852655004,48.45620168725382,0.6193986847103631,5.928571428571429,0.6923480061057281
0.1,0.3,24,0.06444793061968201,0.04474666710807523,54.97543596010147,0.054412536910750216,48.226044437593124,0.6854336711553218,6.964285714285714,0.7433284914904255
0.1,0.3,25,0.14371888208868777,0.12201009639692924,57.31634346890642,0.14001875456338064,78.89052627720154,0.6422065205217816,7.5,0.7762138825627376
0.1,0.3,26,0.08235142299103432,0.07168666998324362,39.523578321933066,0.07691788024162312,43.96747365156269,0.6633320245751599,6.821428571428571,0.753067384672224
0.1,0.3,27,0.027808123328349137,0.016155422105281293,22.720637907319787,0.016606567515919872,-3.600462305174441,0.6240783076321738,6.357142857142857,0.6216209127742007
0.1,0.3,28,0.009450536843502605,0.0038386099100166118,11.637360674040773,0.004866816012883789,-3.331630006508533,0.5656179382323024,6.678571428571429,0.5744506509591685
0.1,0.3,29,0.0118548153371669,0.012769791077344644,-0.7726949805699329,0.01090725198981888,-1.7091113308431716,0.5813859032447557,5.821428571428571,0.6036306977048138
0.1,0.3,30,0.0745928993274539,0.0572854665130063,56.83856740504723,0.06547188915022485,47.8440681241454,0.7062573883709512,7.107142857142857,0.7716229237056917
0.1,0.3,31,0.0170707383682055,0.011533953507803852,14.885775574432708,0.011802918384880859,6.409185882819988,0.617429824408844,6.071428571428571,0.6247739688612451
0.1,0.3,32,0.0011559387660522893,0.0009231590364410092,3.339639628221903,0.0009507142044688969,0.15517825617528538,0.5487354398808935,5.321428571428571,0.5552952473151777
0.1,0.3,33,0.04920579985571314,0.04400882545281905,25.324042338579147,0.04626448440355077,24.44253843466002,0.6448767195061837,7.178571428571429,0.6867915989644264
0.1,0.3,34,0.01583553573964896,0.013233847964855645,8.285601517640572,0.013743434003638203,8.27853822888587,0.6027931559270729,6.642857142857143,0.6198430753253497
0.1,0.3,35,0.037271373413562604,0.020110591236436437,29.396495860822437,0.02207096275806696,-2.108529698682711,0.619415989711765,6.464285714285714,0.6367612127007729
0.1,0.3,36,0.03470429842843516,0.030201072262343323,18.645179712334834,0.03350335209050027,23.838105521266197,0.6556375814886513,6.964285714285714,0.6722834612650717
0.1,0.3,37,0.006401682890969085,0.0024598517226182034,10.042704919326658,0.004052149980603127,1.1595851222801155,0.6168145783839892,6.142857142857143,0.6230813866596993
0.1,0.3,38,0.03808663108375957,0.02920734363195015,24.886958521618812,0.03344651497894208,21.97940999405738,0.5866262019556531,6.714285714285714,0.595727719343025
0.1,0.3,39,0.013715833734950523,0.01409386652278145,2.889414358051804,0.012454833207668145,0.11316391716160486,0.6307465208257502,6.75,0.651057630520405
0.1,0.3,40,0.004305374445646692,0.0030255567791673864,3.566652441800443,0.0029046004074138,-0.4284236628568389,0.6199145773501551,6.214285714285714,0.6555876352954932
0.1,0.3,41,0.04211382879869324,0.02971530293419273,32.652381012574715,0.036468306995448625,22.14417055844874,0.7016936204222975,6.428571428571429,0.7376522180463703
0.1,0.3,42,0.059905553742936754,0.0511120547937281,44.28163810761291,0.05248268585729556,32.497006321017864,0.6689022528531171,6.107142857142857,0.7281458254593643
0.1,0.3,43,0.022634340662515177,0.021158419155181483,11.004625504621677,0.022541348197388896,14.15246624820177,0.5385484196543316,6.0,0.5514787573440176
0.1,0.3,44,0.0022650800347994685,0.0008895395809471107,6.569779545439559,0.0017813996472142888,4.395606798516013,0.5846418248131254,6.107142857142857,0.5797275444068215
0.1,0.3,45,0.0011294043820803898,0.000465901459186877,2.8077886384232422,0.00033159512851514326,-0.7428482753642337,0.5617203072959355,5.607142857142857,0.5535387236781528
0.1,0.3,46,0.011010024446309831,0.009811558201127765,10.969636749371327,0.00956671342369531,4.9929382886788956,0.604269285489463,6.821428571428571,0.6130023173967463
0.1,0.3,47,0.10294858433327074,0.09094998159530315,40.602783657115225,0.1017875921758811,62.85049284242198,0.6500335871821125,6.678571428571429,0.7510627799333187
0.1,0.3,48,0.07870297510774013,0.0736493649010508,41.708217666150134,0.07679398092987837,56.49201247227605,0.6956913577322901,6.892857142857143,0.7880209698738926
0.1,0.3,49,0.007307820524630343,0.006367093979300327,6.411913010711686,0.006399585408941732,10.667050214306386,0.5834240479490707,6.357142857142857,0.6015883235636396
0.1,0.3,50,0.007132648721103247,0.007536260145261583,-0.8685899263225565,0.0068831337509545325,0.8808723171016482,0.5994921814677967,6.357142857142857,0.6050847140786594
0.1,0.3,51,0.04864804546272469,0.04275502634247155,30.397990004831485,0.04530314467804746,27.489511611912075,0.5425846440973133,6.107142857142857,0.5667336428979258
0.1,0.3,52,0.034178486804139055,0.03046506693512021,21.405690275910064,0.03152625711459384,20.66165905983534,0.6208418937744616,6.821428571428571,0.6556312788205121
0.1,0.3,53,0.042399437766905905,0.03775595072089993,25.69572144740717,0.042077731954981025,34.003125614482485,0.602755042522762,6.428571428571429,0.6523584670734373
0.1,0.3,54,0.003041550049551118,0.003778344961307315,0.9066360305294173,0.0029261759315988727,-0.2623860659696599,0.5361709461242691,5.571428571428571,0.549318548702822
0.1,0.3,55,0.09024763114395461,0.0801168377229686,39.642545400409844,0.08860503198354686,52.068262408786076,0.6023573031649107,6.714285714285714,0.661343370331539
0.1,0.3,56,0.003429468945653824,0.001970562120882617,1.8443651550016114,0.002464771356124483,-0.9682244599753839,0.4810963340931197,5.821428571428571,0.5235024933664532
0.1,0.3,57,0.11696991606410657,0.10494383935207169,48.47763348153253,0.11190767346970448,56.405490795806166,0.6866710863343142,7.785714285714286,0.7984155016570482
0.1,0.3,58,0.05602732384184894,0.05346284808270468,18.54647942725136,0.055073169404490654,29.049626731074444,0.6811510814786852,6.285714285714286,0.7466462845336244
0.1,0.3,59,0.0025867457428178486,0.004271389938244462,3.1724693598996034,0.0024109222287112936,-0.8263321819054946,0.5627209664820958,6.071428571428571,0.5707782479886749
0.1,0.3,60,0.06400649614482684,0.059458207926498446,22.83403391057435,0.05859262318437737,17.743123400167956,0.5835887170536901,5.535714285714286,0.6176526511623388
0.1,0.3,61,0.0886279337273513,0.07724788709834483,44.07316848764601,0.08762663821558805,63.24924229071953,0.6461457330274599,7.0,0.717021333340267
0.1,0.3,62,0.008186235396048359,0.005835451372746719,2.0165512304291724,0.007061655415999687,2.3571168745965756,0.5741544251047476,6.321428571428571,0.5751909714773571
0.1,0.3,63,0.061217518696911624,0.0531287152777287,27.631647238474724,0.06067174641868181,41.85648855946119,0.6408722789286212,6.5,0.7001070181680029
0.1,0.3,64,0.027642022584323907,0.020595322812921122,17.895875826390647,0.0271621656346128,24.776938271675192,0.49488380780186153,6.571428571428571,0.5000817523992787
0.1,0.3,65,0.006862086525192904,0.007645069334571023,6.484566789021727,0.006647741779350024,7.827987888284487,0.593169803138631,6.142857142857143,0.6021092496204992
0.1,0.3,66,0.024301078836381173,0.013335912620876071,18.028019591143693,0.015421759550105411,-8.21060387125427,0.6268335075859689,6.321428571428571,0.6459769669712512
0.1,0.3,67,0.0072214370176014765,0.005287383262466161,10.944642311059644,0.0049936772026890714,7.509962431115383,0.5573166381365025,6.785714285714286,0.5701744203569816
0.1,0.3,68,0.11468885586175023,0.10274022822181679,42.75024061730361,0.11425569667792732,71.52291850412733,0.6195652562860616,5.928571428571429,0.7101381187813101
0.1,0.3,69,0.16176189944349734,0.14515043492032761,48.45934680416741,0.15991328857827208,66.70139363995871,0.5899530632239378,6.642857142857143,0.7258989433323229
0.1,0.3,70,0.022010410185562927,0.01791765337552132,9.567539871687481,0.02123210106855634,3.818869105450451,0.5754003740764967,5.964285714285714,0.5861221104087538
0.1,0.3,71,0.0482631683369478,0.04059659295308697,22.899236202220745,0.04303851958306646,18.12970615488199,0.6249304026956181,6.714285714285714,0.6830184608238333
0.1,0.3,72,0.04542220490583724,0.027910634047949846,27.605498251933785,0.030321216995160268,-0.1866767848405194,0.5842855011787511,5.785714285714286,0.6021995743162049
0.1,0.3,73,0.057961273725094874,0.05202154671543688,35.76015050370787,0.05410764302151268,35.52041238825972,0.6031874719294751,7.5,0.6140847150392394
0.1,0.3,74,0.11975826003347172,0.11288266510891935,28.442353807322466,0.11872105814426323,42.54276398034563,0.6365825290008056,6.0,0.7204761523667176
0.1,0.3,75,0.10626803869756754,0.08020034732843637,51.1555817812409,0.09701204552170234,56.198085332741805,0.6731224767534746,6.642857142857143,0.7442471580197008
0.1,0.3,76,0.04821230466344258,0.039854294505768224,35.093829353881716,0.04290457836257849,29.401829641251897,0.5852144465391024,6.464285714285714,0.6245273462316228
0.1,0.3,77,0.0714521843434367,0.06128490134202607,41.58574626127252,0.06660005000235295,42.099406766084535,0.6652796647739524,6.821428571428571,0.7239839089069208
0.1,0.3,78,0.13171498075586807,0.11236376485758151,52.70448204160724,0.1240515553717927,57.35211849308744,0.6276822355418039,6.285714285714286,0.743323120289144
0.1,0.3,79,0.021795385251031654,0.006243284007695643,27.029252726213333,0.006006805268338162,-10.547318039494883,0.6173407884269155,6.214285714285714,0.6095226138160443
0.1,0.3,80,0.07097733865076937,0.05995389517367839,41.618464778707384,0.062058283308530617,30.24979496311902,0.6998221355007622,7.071428571428571,0.75640156289686
0.1,0.3,81,0.1099945632766511,0.10127798217554135,33.9680631229862,0.10757953265829422,53.52831436221757,0.6190771784799823,6.75,0.7279361977329497
0.1,0.3,82,0.038153840751887304,0.024927003752636144,33.88176736903704,0.025811182685132116,-0.27437259445902856,0.6649984806629406,7.142857142857143,0.673180441820634
0.1,0.3,83,0.0700863156722066,0.05441188154944587,53.45876307699674,0.05807043445280697,34.86459058277628,0.7236751006216477,7.357142857142857,0.7677507502695622
0.1,0.3,84,0.005267373818207282,0.0006206256153873966,7.47627641055404,0.002377370520743069,0.3499423803223465,0.5730748359484971,6.392857142857143,0.5938227332885595
0.1,0.3,85,0.1599377521051191,0.14490551784657332,51.465037164665695,0.15876800806995275,83.78278197016971,0.6421487730927253,6.928571428571429,0.7773824809448965
0.1,0.3,86,0.0271724202545783,0.017903543597311805,23.03109098985618,0.02053667889391669,7.970146816356305,0.6068435003271141,6.071428571428571,0.6293547988799195
0.1,0.3,87,0.009126358790425322,0.01003711482154462,9.456517914769506,0.008387253631504247,8.387654435428715,0.6589844042446122,7.535714285714286,0.690628447196623
0.1,0.3,88,0.02199717997019825,0.009835107200487735,17.032503997251155,0.012266425328753676,-5.301973064622142,0.5425315554956104,6.178571428571429,0.5626154603963651
0.1,0.3,89,0.052199737479400786,0.04071564210611132,33.2205825617364,0.044213902040002556,23.496035191045422,0.669162084785141,5.892857142857143,0.7082844206581813
0.1,0.3,90,0.0343061845281439,0.032510717296992626,14.804449975525992,0.03384462143728614,23.51527169759447,0.5675478240614815,6.357142857142857,0.603062647906375
0.1,0.3,91,0.003772184480344138,0.004460218908933782,1.147462035768399,0.003544577517465654,-2.8524875378457275,0.5778506780765269,5.857142857142857,0.5951255412937477
0.1,0.3,92,0.009485932465316373,0.009273962162483492,7.350492266770639,0.007867397621637306,-1.9582387726797112,0.5665047927031248,6.321428571428571,0.5752434261865003
0.1,0.3,93,0.121309112366425,0.1049715774172576,45.28566276009119,0.11703346135313543,55.16593392384692,0.6940085940324725,7.321428571428571,0.768998900769576
0.1,0.3,94,0.005087898326696175,0.002017908955870858,9.310307754745603,0.0024739716816429124,-5.101413693450591,0.5578131646978294,5.642857142857143,0.5820220029047638
0.1,0.3,95,0.018648554928701284,0.015701187455100796,13.27680094713194,0.01696600131929186,12.874909265710926,0.5986351184532955,6.392857142857143,0.6213391359339446
0.1,0.3,96,0.010351544179724642,0.010620777021176047,4.8194587565745906,0.00989846415331993,5.5355745182262694,0.5789754863078473,6.892857142857143,0.5616240613643453
0.1,0.3,97,0.09457739791623608,0.08178233174246766,48.20544345357191,0.09156796884335125,58.43749769156259,0.6752676711455263,7.464285714285714,0.76177494685742
0.1,0.3,98,0.10242498334383136,0.08809606621109446,44.96060549063666,0.09352875572168957,41.83013541915373,0.6677001207470058,6.392857142857143,0.7413247115427282
0.1,0.3,99,0.061834713381632794,0.05545246592911609,24.223777197527085,0.06140694646573105,40.81389932615445,0.6154092678128921,5.392857142857143,0.6376350085766467
0.1,0.3,100,0.10023400728286617,0.08534443001062879,29.64729233028542,0.0986343365556138,46.25395861585998,0.6204329112975733,6.285714285714286,0.7152391908836471
0.1,0.3,101,0.0471059941300899,0.04207498398538794,20.39394039582776,0.04531931992252966,26.856135556465905,0.5752750767324024,6.035714285714286,0.5783594974287662
0.1,0.3,102,0.026388502470659714,0.018231655155285246,21.779747759501003,0.018835419409014578,9.02790564645727,0.5900269968959088,7.0,0.5929143062403788
0.1,0.3,103,0.10004862893634121,0.07639504891675347,45.87403685554175,0.09508847239148539,49.39508458929485,0.6717414015203017,6.821428571428571,0.7744495737013835
0.1,0.3,104,0.017470731113804736,0.006084846548055427,19.186892735940916,0.007072395244749788,-4.159748257773998,0.6740976761856233,6.321428571428571,0.6778859762465865
0.1,0.3,105,0.13723546016370744,0.12433888924652796,46.90247973510537,0.1313586819446712,53.21997672936654,0.6569300581349969,6.25,0.7461892194448088
0.1,0.3,106,0.003574510086427164,0.0016323215529773516,3.6218426308064693,0.0014405859571723172,-1.5859219503899642,0.5683941907098394,5.642857142857143,0.5794604428150102
0.1,0.3,107,0.09164306047640448,0.08283126150235062,38.011434021854335,0.08929372378749866,50.83050063271187,0.6503892933179349,6.178571428571429,0.7287561910701456
0.1,0.3,108,0.006024049225134402,0.005900912713361117,0.6614253589455359,0.005771873037208268,2.743688660461809,0.5889354825809093,5.678571428571429,0.6055624592982513
0.1,0.3,109,0.09931678555556953,0.09790550400842103,30.83189419979375,0.09881011711353113,49.91016310459592,0.6673562138125432,6.75,0.750192011644684
0.1,0.3,110,0.005680171805750403,0.005167179040437577,5.832955969258005,0.0051713586962819245,4.283563029591903,0.5809573637258857,6.0,0.6070619095975427
0.1,0.3,111,0.11741666188198059,0.10372251740161254,46.83792512712461,0.11284343032208248,54.913525167173326,0.6296499665311572,6.321428571428571,0.7567132736229091
0.1,0.3,112,0.02576066365012586,0.01978080711044178,25.886892132426567,0.02158572330160675,13.947861512737964,0.5836612936812806,5.892857142857143,0.6064597617235533
0.1,0.3,113,0.011050511807370846,0.007198200783656003,3.7166929822132126,0.009960524696353067,7.01238359195754,0.5905376834715687,6.321428571428571,0.590823450469661
0.1,0.3,114,0.002508237972721226,0.0012091194398031733,0.3057966215264211,0.0005606347710918152,0.5241308687624932,0.571310859170546,5.821428571428571,0.5799673775966219
0.1,0.3,115,0.00972730442412361,0.006461266210760094,3.961831131309225,0.009044320114687789,7.519790932655373,0.5985387447528813,6.035714285714286,0.6082032999282669
0.1,0.3,116,0.14489834869902501,0.13821287524555043,47.69865155803152,0.14425241036469683,77.82520968196839,0.65404646277825,7.285714285714286,0.771166019551746
0.1,0.3,117,0.023292773956036322,0.015324835839620158,17.641702148244644,0.01805625599302961,9.946378401274444,0.6178254452704763,6.285714285714286,0.6374056160365282
0.1,0.3,118,0.1466912592844326,0.13696113199021112,50.20616348980432,0.14481190473236533,75.99677952608765,0.6201594903536582,7.214285714285714,0.7565111494848015
0.1,0.3,119,0.019402547003393094,0.016680545686268776,8.356778456138224,0.017835161471732492,1.570513270864609,0.5650589028684206,6.035714285714286,0.5680429285316255
0.1,0.3,120,0.006705185974150593,0.0014809106750690553,10.677047259952976,0.0011164739073254546,-7.899725102403475,0.6057076646650849,5.821428571428571,0.6106958591925703
0.1,0.3,121,0.14848514125306994,0.13536124500467545,42.41132689467682,0.14763622879139846,64.30527718027766,0.6088623595281175,7.178571428571429,0.7238743223189794
0.1,0.3,122,0.028593041113898376,0.02511558095870057,17.145958757058725,0.02753695354727045,20.543997385389343,0.5888331161240604,6.142857142857143,0.6126520728277962
0.1,0.3,123,0.007909411668147006,0.006801293540668138,1.831034342509194,0.00744207857418773,0.18405471863233439,0.5461299456774082,5.5,0.5633823854602265
0.1,0.3,124,0.03317242547026298,0.02546349438496606,18.170747683003082,0.027083928866267815,11.259345582459977,0.5779779415453234,6.821428571428571,0.6066940929524907
0.1,0.3,125,0.10995701580055267,0.0980910113297449,34.01887979099279,0.10827396660545784,52.67914727633652,0.6684551478600562,7.035714285714286,0.7690547753447035
0.1,0.3,126,0.11000954261358582,0.09925551164849011,48.06572946845281,0.10320660611539954,46.57008670734482,0.6427659152764066,6.678571428571429,0.7089698724441789
0.1,0.3,127,0.012455548783928584,0.012719965021039194,5.194831457109871,0.012077308591731053,8.767509790780423,0.5781281051342153,6.0,0.6109311459722975
0.1,0.3,128,0.11247486551401936,0.10230638894500618,39.47606721049673,0.11011535875041861,46.166301154812096,0.6384612155075563,6.785714285714286,0.7458121188694521
0.1,0.3,129,0.10712930027481088,0.08780293486123646,40.50179674091517,0.09435872456266327,35.025753594133775,0.6654577252921525,6.928571428571429,0.7488369702157986
0.1,0.3,130,0.017435152632290177,0.00809859321938573,14.108718036555842,0.008845255360862303,-4.893585252013556,0.5891089435418274,5.928571428571429,0.6158035497414303
0.1,0.3,131,0.03568899091115729,0.03414982315151941,21.448794515173564,0.03448947466054768,24.7079252031742,0.5998572529624615,6.25,0.6542513025452288
0.1,0.3,132,0.05077913740385933,0.04413916115618164,28.898672786145767,0.04984706567468325,39.49530943098495,0.6158080907298568,7.357142857142857,0.6467461250064317
0.1,0.3,133,0.00839029707850992,0.0077675035868194665,12.367743674482208,0.008349041351726722,10.728773895702906,0.6032267002409696,6.178571428571429,0.6156283620771644
0.1,0.3,134,0.013565794676010375,0.007734364154681447,7.179354829114355,0.009596208793336109,0.8745046118947831,0.6297863139441032,6.285714285714286,0.6660475368110981
0.1,0.3,135,0.02543809379880022,0.014573706733240153,23.802932058153413,0.017537130672227497,-3.65635519459056,0.6130668722669002,5.392857142857143,0.6332558903004761
0.1,0.3,136,0.005130103146233711,0.0030015856079587387,7.033196453569796,0.004197429960841744,-3.082940723259687,0.579419175965328,6.0,0.5854498251067963
0.1,0.3,137,0.08392490738523405,0.07143303679806656,44.874513461317186,0.08340848751499808,63.11443151210464,0.6318270155358234,6.928571428571429,0.7070975662267232
0.1,0.3,138,0.05805389799039936,0.04968463578744658,30.46478154717613,0.05497386773732535,35.67789022088983,0.6990085940061629,7.178571428571429,0.7397071752826812
0.1,0.3,139,0.011099593331913961,0.010017740846656787,8.13735510580895,0.010132874444755746,6.19641585876001,0.5823049344544332,6.607142857142857,0.587176626085045
0.1,0.3,140,0.008286997320845306,0.0028431122452447825,9.370567680417034,0.002892030017601869,-6.469166979086178,0.5763641950607825,6.785714285714286,0.5993643545386934
0.1,0.3,141,0.043012442978063566,0.029221817694683336,34.49372378790281,0.030343108963482187,12.154498474020395,0.6714724551379091,6.964285714285714,0.692198678663362
0.1,0.3,142,0.009352006371841068,0.008532158960040325,5.705466584398077,0.0091469337728482,7.546788459826303,0.5715516267907554,6.035714285714286,0.5740980225424591
0.1,0.3,143,0.12268992870240578,0.10496775836893908,38.97266961518814,0.12169822878765922,67.34598362064385,0.6208912011900917,6.071428571428571,0.7394114172256065
0.1,0.3,144,0.09594373709079618,0.08010170791987582,53.46845063984628,0.08404126280260799,50.1233991954094,0.7050826822042787,7.035714285714286,0.7740846639424181
0.1,0.3,145,0.06067850337449628,0.05501008906031171,36.880723827468735,0.05729367354571801,40.989129627567586,0.6683230678274249,6.142857142857143,0.7173146471990058
0.1,0.3,146,0.06714427335598533,0.05498571388461601,45.80424753201434,0.06034618031542521,36.25852835949678,0.6506448535615234,6.428571428571429,0.6880176309782646
0.1,0.3,147,0.0574747930512019,0.04588581290432106,35.38837086988679,0.052267458291684304,38.01871993256993,0.6946731861441603,6.678571428571429,0.7510634337312275
0.1,0.3,148,0.003125351399438959,0.003041251515497176,4.663783137564319,0.0022484121697143103,2.868721417573132,0.6379140277628058,6.75,0.6716485027944907
0.1,0.3,149,0.06641619604143649,0.050934795806108255,42.36324533576261,0.06113946706340398,40.506024368007616,0.7049225743514125,6.785714285714286,0.7663653122671332
0.1,0.3,150,0.12739221114133914,0.10683752559889205,59.650155268022736,0.1225093942556528,79.4228267147218,0.6895236078501288,7.571428571428571,0.8053130293609929
0.1,0.3,151,0.07573379614563229,0.0649041429522416,36.367579501430264,0.07430637569226295,57.203808505136216,0.6606449468556882,7.0,0.7516104614122917
0.1,0.3,152,0.021395695609687904,0.01612064103151497,19.348731110151437,0.01920296047900907,15.19960470121641,0.6173236388333703,6.285714285714286,0.6501344477563444
0.1,0.3,153,0.049138849787298246,0.037749001665225816,28.217870751549054,0.04775988841027915,43.45812904067291,0.6269665180914028,6.0,0.6987073776633093
0.1,0.3,154,0.08496272769889893,0.07187858217047229,44.934113585771684,0.07641699177288469,44.14893632058037,0.7024342391718751,7.0,0.759179590444997
0.1,0.3,155,0.16077648476857134,0.14586630668988035,37.547923169813856,0.15989650940195155,58.84629013204608,0.6180772227490667,6.964285714285714,0.7226307383458976
0.1,0.3,156,0.03650933952109641,0.027268193909337712,24.02796423645695,0.03081896365093145,19.437623304065948,0.6727512017854849,6.892857142857143,0.7071067495727342
0.1,0.3,157,0.05906612769494088,0.056452827986833015,15.56450907115133,0.059045865794881115,29.46998698522171,0.5844793964059719,6.357142857142857,0.6297170230382441
0.1,0.3,158,0.015890919503272417,0.01274747765055373,3.3104458769855114,0.014193505564202182,-1.2097233997108863,0.5484315720461096,5.857142857142857,0.5565303218570158
0.1,0.3,159,0.013994540416932167,0.007900750437637416,10.815751543671078,0.010030392476767735,4.437396548304861,0.6364213012997643,6.464285714285714,0.6364159168790711
0.1,0.3,160,0.0106456397956411,0.006697265970445495,2.9091316234465316,0.007771344074074113,0.9410335510608453,0.581115481287272,6.464285714285714,0.606131826750937
0.1,0.3,161,0.048863226034406154,0.030111690647873616,45.91072504528543,0.03494458213518625,27.15870048070666,0.6466811641700866,6.821428571428571,0.684821605280969
0.1,0.3,162,0.0023589099334128416,0.002096979381597657,4.33711419858605,0.002051504466376532,2.1975822759994323,0.5582470580530629,6.892857142857143,0.5486108879047844
0.1,0.3,163,0.002431265834295952,0.0016926476942201781,2.836691918193869,0.0014931622048751432,-0.16422628177406295,0.6230243389635733,6.071428571428571,0.6238593860542925
0.1,0.3,164,0.10413175368618859,0.09003371216952598,47.53449734627009,0.09595261775494607,42.1756850529526,0.6147033627537393,7.464285714285714,0.6695523059977796
0.1,0.3,165,0.04235772807302781,0.028319361313078655,32.017009689463016,0.036159714815238504,18.25999496378475,0.5701798210489796,6.178571428571429,0.6186324025331531
0.1,0.3,166,0.012001031707040442,0.006063932015832375,20.02098201774328,0.007455767621555783,1.3153711599735705,0.6193837665464453,6.571428571428571,0.6223350411423205
0.1,0.3,167,0.10040058110417645,0.08323849183951104,50.897249732976924,0.08950193374398491,44.10751481673244,0.6825794324154136,6.178571428571429,0.749066684625657
0.1,0.3,168,0.006297925840083989,0.004376679559123382,6.655359637556984,0.004576995319362222,5.602238764512919,0.5324797430565829,6.107142857142857,0.5593237086267946
0.1,0.3,169,0.07649787187957409,0.06278701823270241,49.33579200861533,0.06927294944199873,47.532110805255456,0.7207373883752849,6.535714285714286,0.7808040166285753
0.1,0.3,170,0.009503701844582255,0.0075546142546537775,8.558101965212254,0.008109832182449013,4.610040422265598,0.6032686343156951,6.964285714285714,0.6327435742591536
0.1,0.3,171,0.08170007771844806,0.06790960200093549,45.650844259207275,0.0764940022477886,53.58575592229473,0.6636908471290761,6.857142857142857,0.7214034993205356
0.1,0.3,172,0.036540707719973156,0.0298635719071568,33.67725141485877,0.032621956037558374,29.3117567841048,0.6768539026814192,6.535714285714286,0.7051291517166764
0.1,0.3,173,0.12862456287701163,0.1014652153651664,59.56198518850891,0.11535633062392997,52.361402028690954,0.7022061691675124,7.678571428571429,0.8004360389480691
0.1,0.3,174,0.0342503952169466,0.017458783151621252,31.60336371410101,0.01720677397567649,-0.8524079372738242,0.629040538333298,6.142857142857143,0.6393519020019698
0.1,0.3,175,0.002855400498686984,0.0018480625760412277,4.977221832622831,0.002544057938895629,4.668816331920671,0.6273479435751896,6.285714285714286,0.6406052929436834
0.1,0.3,176,0.08103643501971189,0.06624962132488124,49.40292371068491,0.07126375409402841,42.016863963315146,0.6904265882175797,6.964285714285714,0.744422637378418
0.1,0.3,177,0.011502219573064661,0.008418042395179131,12.860827058373351,0.010229147924599545,9.244400072781351,0.574998492525897,6.321428571428571,0.5835888949729534
0.1,0.3,178,0.031426763352746655,0.02836278623894993,20.393304766931056,0.029648707258817866,21.314110681010504,0.6238154120112945,6.928571428571429,0.649382228116216
0.1,0.3,179,0.006154552561114177,0.0032938751451920376,7.96394391391533,0.0028920465636207995,-3.7538061617089604,0.5993296863544234,5.928571428571429,0.6136721987340854
0.1,0.3,180,0.09699567977922359,0.08640780389601038,37.06385548438683,0.09262267433279626,46.36197881315138,0.6632616351482131,7.357142857142857,0.7462144862193759
0.1,0.3,181,0.01707379109646388,0.01509191289860018,15.265531776997818,0.013962505395135844,7.779570543688503,0.554453751405957,6.357142857142857,0.5733736949269623
0.1,0.3,182,0.02487835029291689,0.02215703912730734,23.83425116992484,0.022788457221822725,25.208682506495524,0.6197327649040366,6.678571428571429,0.6280588306067002
0.1,0.3,183,0.020245921830884913,0.021573568279209258,11.77829367546814,0.020198111523603464,12.794891291301733,0.59867467995235,6.928571428571429,0.6188019775938327
0.1,0.3,184,0.055934647822236915,0.048879073190674124,30.518688532379645,0.053385923585872984,36.5059718292415,0.6654776364157814,6.642857142857143,0.7160021428679089
0.1,0.3,185,0.01918042829722983,0.0024054496987134036,20.759728427577624,0.0035264816218231374,-15.111816732598195,0.6580879408290112,6.535714285714286,0.6852883968709815
0.1,0.3,186,0.01689789404843684,0.012657604485504943,11.218105941847048,0.014979092836638154,6.762372386810076,0.6421639125925939,6.571428571428571,0.6700294980037563
0.1,0.3,187,0.05810973302297241,0.05126098683107551,31.65086650200564,0.05723676635520265,39.154217951055024,0.6146216640049379,6.0,0.6735647744067047
0.1,0.3,188,0.06112993068675149,0.0426783376278726,45.571671850825616,0.04727092048156186,17.233891506619184,0.6397656094545522,7.035714285714286,0.6834948481554608
0.1,0.3,189,0.08353525255640143,0.0750037768024146,29.56918251929079,0.0827989575555372,46.89101696037614,0.6581277286214925,5.892857142857143,0.7366816299047083
0.1,0.3,190,0.0077759981710616944,0.008354940583849987,7.921735224278659,0.006487817068474918,1.4128395327064425,0.6208989004600178,7.428571428571429,0.6420605565627704
0.1,0.3,191,0.0074061494920529035,0.004495274738366212,7.297546138062292,0.004127115024175227,1.6870115591078825,0.6192074380545344,5.678571428571429,0.6352367068539311
0.1,0.3,192,0.004092115475397293,0.00286403308900335,4.9145025728893,0.0031285745322986495,1.0531323808738478,0.5690383291456979,6.607142857142857,0.5694602115214269
0.1,0.3,193,0.10445614866749028,0.08730244363992912,39.71970612823043,0.08837526277910969,22.025834929917153,0.6915180251894156,7.071428571428571,0.7689985688414069
0.1,0.3,194,0.02968808437238619,0.010368074447110978,26.045603921511276,0.009403476910489556,-14.273511584157367,0.6513596785091599,6.357142857142857,0.660130072289278
0.1,0.3,195,0.011706179841437514,0.010169397991331305,9.490096665560069,0.011411456623285545,13.393765313154773,0.6113022816191639,5.464285714285714,0.6453882471004654
0.1,0.3,196,0.000857052820199419,8.514003770913864e-05,3.5906006982142458,0.00010125841184593652,-2.1732843411076885,0.5600971620262672,4.571428571428571,0.5758747736809386
0.1,0.3,197,0.04188618391517215,0.031041170290448557,26.542349149592656,0.03518805088776873,23.744280240349543,0.6787417514472712,6.571428571428571,0.7065329262358394
0.1,0.3,198,0.05349340097346831,0.03830683914306448,40.719605292865616,0.04503296397689349,26.49951441321318,0.650712759953107,5.785714285714286,0.6969865513921041
0.1,0.3,199,0.005297508970461774,0.0029995821814414974,3.8102998071603906,0.00461967299662304,5.743516638478326,0.5867138247380865,5.535714285714286,0.6103808291848305
0.1,0.3,200,0.02023920488675336,0.014354509559188123,16.603036080765474,0.018357654960386435,14.15023347471444,0.5852719598081612,6.142857142857143,0.6053127487308136
0.1,0.3,201,0.09844108451857107,0.08286019239034013,47.21237416877212,0.08862137088677417,32.242119646382726,0.6797120353817204,7.642857142857143,0.7464778661923219
0.1,0.3,202,0.007158055356799393,0.008438309865403733,5.5035993976147966,0.005182243200753573,-1.2081642815867706,0.5506278077164091,5.964285714285714,0.5897969676360127
0.1,0.3,203,0.004594439195295566,0.004243304795020851,4.1201665872999245,0.0018820331908983407,0.16557391249496808,0.5627744784694824,6.142857142857143,0.5690542533122195
0.1,0.3,204,0.0028471857338948107,0.0024695500075256876,2.650442347514049,0.002460595686068684,-2.557821181655754,0.6079122612221936,5.571428571428571,0.6134551478867987
0.1,0.3,205,0.007391430774827442,0.0017406265979996588,14.63781683050047,0.0012901369002630216,-7.204161287609907,0.6112203684623455,6.357142857142857,0.6116386056017475
0.1,0.3,206,0.002247624749372974,0.0014267432823817465,4.179852845066108,0.000738636950479892,-0.5589398585418621,0.6002728625261005,6.035714285714286,0.6148799244064775
0.1,0.3,207,0.017707914337738002,0.007083117021115777,11.521816707869343,0.007447220253947197,-7.066538289176066,0.6218302617929315,5.785714285714286,0.6225350429518319
0.1,0.3,208,0.08964602779131778,0.07624143349992166,45.25574146556837,0.08544971987536389,49.488728526511316,0.6479473055313407,5.642857142857143,0.7268730619826922
0.1,0.3,209,0.0016168088367002071,0.0010600085563097499,3.0160366539372867,0.0010193756235561096,2.938870428261841,0.5861605833685292,5.785714285714286,0.5845066461851564
0.1,0.3,210,0.09392548544300892,0.0863736338149722,28.52488033997985,0.09219260297158163,42.88504941932249,0.6514711301852204,7.214285714285714,0.7342999949994518
0.1,0.3,211,0.015504179279012686,0.012410809351922607,14.552529762572371,0.010728279155369162,4.882288791636967,0.5691305461668538,6.285714285714286,0.5756422529692873
0.1,0.3,212,0.005643759800380941,0.005025509578081053,5.325462317725974,0.0047104490245902,-2.080777637818007,0.6183299092475686,6.321428571428571,0.6308639756804075
0.1,0.3,213,0.01996590687759196,0.020473310626693615,18.761500086722197,0.01753301634816694,13.005229471541194,0.6196772100550442,7.0,0.6338009565878138
0.1,0.3,214,0.005087002295611987,0.002021595142051373,2.29278085277312,0.002249680597445193,1.3739634869805382,0.5787536867607745,5.714285714285714,0.5815281742566158
0.1,0.3,215,0.04170839203657588,0.03041651273906734,28.52795886807657,0.03376330324955992,22.23251782154938,0.6332064988561966,6.214285714285714,0.6412459143099971
0.1,0.3,216,0.0029262968593846087,0.0020392988082711637,1.8919380932154393,0.002078761320073538,-0.5920264495644005,0.5649175784621023,5.75,0.5761273207254577
0.1,0.3,217,0.1318070258537017,0.12414080331341733,45.01918271842144,0.12996594236493442,66.1828789044609,0.6400982211924331,6.178571428571429,0.7306128664883667
0.1,0.3,218,0.04855290907365288,0.02344361155808047,38.972910922076785,0.027635418140922303,9.79890889753708,0.631630191719755,7.178571428571429,0.6503263223549283
0.1,0.3,219,0.03416712565259052,0.028266926003829407,19.638876162786044,0.03311786458016237,25.95566594856008,0.6187011060769654,6.392857142857143,0.6534816717638681
0.1,0.3,220,0.0057045391013782094,0.008383672813471748,4.030487519006518,0.005258541962179295,5.739770961267055,0.5379516354481405,5.357142857142857,0.5484119221134978
0.1,0.3,221,0.025730366235818536,0.008112557093698805,20.19847361763334,0.008611223663746458,-10.757734427964104,0.6033026142664956,6.071428571428571,0.6130200001155712
0.1,0.3,222,0.008565952878918435,0.00695258817084931,5.6297757861659745,0.008283630940333289,4.9428794422037186,0.583025668034683,5.607142857142857,0.5928628271988842
0.1,0.3,223,0.018499083802643673,0.006781967142464903,15.31639870423038,0.006827108207085343,-5.677853135673786,0.5897264318333721,6.5,0.586383679864414
0.1,0.3,224,0.028845376396812384,0.02553862430685016,20.387616398299645,0.028558478972080848,24.522551582729523,0.5841551787181875,5.928571428571429,0.6078728101145916
0.1,0.3,225,0.06296093261682074,0.05474972908530018,36.37916390189131,0.05613675088313128,29.557374165293528,0.6104381769892581,6.607142857142857,0.666658445577065
0.1,0.3,226,0.008909536633682191,0.007574532164028045,6.652705698557914,0.008240223443375378,10.870169969080516,0.5910014004627716,5.928571428571429,0.618940944853952
0.1,0.3,227,0.07897881968625617,0.0783864648058678,20.30350382942132,0.07867299302150736,38.567852049450686,0.6857957646578731,6.535714285714286,0.7491465083211049
0.1,0.3,228,0.12511622299749428,0.11022005521508974,39.01821409802671,0.12448177033150894,59.97431486179395,0.6281392305390959,6.285714285714286,0.7307305098782301
0.1,0.3,229,0.079464681240064,0.06910212563882492,29.207888850561222,0.0741901503016499,31.218865826880805,0.6770062238649123,7.0,0.7251473372563857
0.1,0.3,230,0.01365327505111395,0.011131258981713701,13.374094460404905,0.010868324742341076,6.365868856026149,0.639411452459513,6.464285714285714,0.6433763902339873
0.1,0.3,231,0.026579568910336384,0.026762621264113492,8.935629706066303,0.02626101542445637,19.778742252802658,0.5870291730841258,6.142857142857143,0.613897879713768
0.1,0.3,232,0.08531517250246391,0.06673391386136636,50.833843649013886,0.07731509744555806,45.091218430465354,0.6939264212922991,7.321428571428571,0.7627325395083413
0.1,0.3,233,0.05480604248006144,0.05553958565022197,24.44935556974794,0.05418792769930082,35.01139813288989,0.5689307784425431,6.142857142857143,0.6178402609868714
0.1,0.3,234,0.04132518707415201,0.028014383360461435,23.041491320109355,0.030384822321712097,0.27227474318729605,0.6187321116240747,6.392857142857143,0.6550935954203287
0.1,0.3,235,0.04729006389562949,0.036698488145142684,24.753328787589368,0.03794158134168117,9.177524866199889,0.6599286502182599,6.642857142857143,0.68690971510047
0.1,0.3,236,0.0024753736735759987,0.0010777573472334728,2.6185074835210664,0.0014006603913774437,-0.5329018228318981,0.5428356648123867,6.0,0.5681465705878117
0.1,0.3,237,0.029946305178050067,0.01976837144224063,25.63757615218651,0.01928738813056887,6.566309888365794,0.6426581546002075,6.571428571428571,0.6635183246301852
0.1,0.3,238,0.06225333054037804,0.0537143170674853,28.851216049394832,0.06199741015612334,45.030092143665975,0.5921864410834506,5.892857142857143,0.6508890914779499
0.1,0.3,239,0.07056899736951507,0.04626560677703836,43.76329118639901,0.052553549594911445,18.558821177203725,0.6109846193017772,6.25,0.6392921348146778
0.1,0.3,240,0.025627594563562194,0.020106457329504175,23.57452706155189,0.021358295147308,18.695066267113322,0.6342245574980574,6.178571428571429,0.6607757429871336
0.1,0.3,241,0.11726722181308646,0.10657864760970095,42.156020804769916,0.11629540140867006,64.51968280543933,0.644949727159955,7.107142857142857,0.7514463782540459
0.1,0.3,242,0.011602692282385769,0.006820325732566222,16.157006324028647,0.0077083437233241,2.8925221616123054,0.6523518359389949,7.107142857142857,0.6617011687809427
0.1,0.3,243,0.0037800555261604967,0.0023802238723125537,4.619328713269425,0.0034486499609339342,4.553617359266032,0.584890720323377,6.107142857142857,0.5924194415740063
0.1,0.3,244,0.025448309174920723,0.020443922665087457,13.629816084988846,0.021231466041768995,3.8747823816168725,0.578787634894156,6.928571428571429,0.595775195129632
0.1,0.3,245,0.015896107079448957,0.017293083871230762,11.471932987628795,0.015186244490938158,12.49223923592165,0.5666358709288466,5.928571428571429,0.5978482977725191
0.1,0.3,246,0.024521239608611127,0.02458412765443265,9.736029498833071,0.02330946909937238,19.128232839261226,0.5557226193629318,7.428571428571429,0.6119752813494828
0.1,0.3,247,0.012120853168707875,0.005680823011627857,17.854735411140563,0.00494762042808213,-7.90763851899995,0.6256199775126896,6.571428571428571,0.6156050768131824
0.1,0.3,248,0.007448052443167264,0.006122787320326592,6.2926550809923185,0.0061431736737017515,3.6039315300733676,0.5108492986392863,5.642857142857143,0.4936770877342629
0.1,0.3,249,0.0822847110544136,0.07006508760367111,44.1200003357753,0.07162993621010706,31.132158407409023,0.629590660558018,5.785714285714286,0.6968324763710771
0.1,0.3,250,0.005329949964727737,0.0040360389713260105,7.788986622443351,0.004587975395950335,3.2430081628495486,0.6197709099049548,6.5,0.6175858128992024
0.1,0.3,251,0.06319113650694501,0.05062645335808658,32.289928393962654,0.05350600288588899,26.907130440633413,0.6122694448990231,7.428571428571429,0.637003600731632
0.1,0.3,252,0.12636237549015225,0.11642521355421354,50.923640474839054,0.12089889247550671,55.418575130559894,0.6608259193881848,6.464285714285714,0.7480265525033593
0.1,0.3,253,0.0483028536342846,0.028639691213604664,48.07480496139571,0.03494365499448089,28.222008215820495,0.6720994840131994,6.678571428571429,0.6939445001315416
0.1,0.3,254,0.04598986917354893,0.03379883103594282,27.002264701228768,0.04371655140370636,30.111428448790264,0.6229763371060398,6.428571428571429,0.6643210577025891
0.1,0.3,255,0.017404452548691572,0.007728617132437363,20.01683331643009,0.008923949783186573,-2.939180016399812,0.6400918918536077,6.214285714285714,0.6604416824310335
0.1,0.3,256,0.06305952728532005,0.0496542333039626,33.39689847519953,0.05368789147521225,16.197487329037504,0.632909634868622,6.285714285714286,0.6866726178034571
0.1,0.3,257,0.06374542010157523,0.049942201201085994,35.037528444236955,0.05379498916707587,22.05401932018246,0.6580676119758843,6.107142857142857,0.69089339628455
0.1,0.3,258,0.0017609676017690183,0.0013294578597216704,4.875528267259521,0.001055080173699096,1.5110154005441718,0.603445950269819,5.535714285714286,0.6024909770733643
0.1,0.3,259,0.013888086518590746,0.005096545067819063,25.327017116109733,0.004390601172144171,-8.671574466573182,0.6491389798547332,6.928571428571429,0.6629163779247831
0.1,0.3,260,0.07791776566867566,0.06842122709095418,39.61932082683913,0.07509044640258865,50.7647300288508,0.6562549194422015,6.892857142857143,0.7320526904183768
0.1,0.3,261,0.05907860621115255,0.052970181493451715,20.179521936063367,0.058988220490986634,36.80343520189616,0.5918210471027111,6.392857142857143,0.6429967247591422
0.1,0.3,262,0.001500810174839234,0.0013792939705513665,-0.10058605672579309,0.0010858435764805282,-0.42601673523601374,0.5606785746085186,5.785714285714286,0.5926028067413465
0.1,0.3,263,0.017312735316257717,0.01395636015832361,12.972497795260258,0.01542502074130026,9.54532213702933,0.5942193530261858,5.214285714285714,0.6122505503859392
0.1,0.3,264,0.010872349210069196,0.004765161279143601,17.004237316902294,0.004558669710537929,-3.336877061118448,0.5798219893763662,6.5,0.5803207503371045
0.1,0.3,265,0.0093378426422155,0.00904671100327187,11.477169356476168,0.007892648625507991,6.930329246440645,0.5459724919567938,7.178571428571429,0.5436795115642794
0.1,0.3,266,0.010800683581313062,0.0030873655933627213,16.08280891199766,0.0035962440654232217,-5.451768532943153,0.5791299199955368,7.071428571428571,0.5792121504861131
0.1,0.3,267,0.001958170340906123,0.003894888151933578,2.733993422848348,0.0016785691297534764,2.2211418994514815,0.5832935713574994,5.928571428571429,0.5989265010499669
0.1,0.3,268,0.09245860949058306,0.07176364083935023,62.50068788521397,0.0787546830218371,45.220740669574155,0.695660825390694,7.642857142857143,0.7727885850264758
0.1,0.3,269,0.024200689921244974,0.017902113025219837,17.445735070817857,0.021572198437972662,11.23665262783778,0.6071123520744817,6.214285714285714,0.6188596727446755
0.1,0.3,270,0.043600065265990466,0.03512278978895671,24.900456327342237,0.03693980932030027,16.020229072311775,0.6783337751451343,6.142857142857143,0.7243655257170628
0.1,0.3,271,0.01706625563572549,0.003911971159931365,16.59368778895227,0.004049015218568199,-11.305328086042769,0.6568439346657619,6.857142857142857,0.6730281974337518
0.1,0.3,272,0.03224847140446482,0.014813809865778065,33.615376526609175,0.017999245263547733,4.575224252453135,0.6268802086079196,5.928571428571429,0.6213459756659134
0.1,0.3,273,0.04626141062210392,0.03994739160853974,20.306499052575834,0.04560817531110432,29.685471287816455,0.6145699648280353,6.071428571428571,0.6705658033991164
0.1,0.3,274,0.06838013446019398,0.04797672958100583,45.46560182855497,0.054659905204386044,26.880466720270874,0.6646952540823154,6.642857142857143,0.7233733723028404
0.1,0.3,275,0.11770010419037763,0.104630092275894,39.67198211605021,0.11724730287954731,60.38808971899977,0.6498615524947008,7.142857142857143,0.7476969780067564
0.1,0.3,276,0.02904123350685626,0.007047945589428742,28.777081198946377,0.006612322569858519,-8.430199887156837,0.6292788034326262,7.857142857142857,0.6695061277485608
0.1,0.3,277,0.0035162234672769794,0.0026981365682470517,3.802592540129448,0.002954008778466183,3.2422974901639727,0.5974164891112628,6.714285714285714,0.6033453400637034
0.1,0.3,278,0.12266103437094139,0.11545786428030307,34.762772841242466,0.12082075008242496,55.84210997789355,0.6373353691226662,6.464285714285714,0.7433432874400226
0.1,0.3,279,0.01713675354227206,0.010599435652875645,20.37968899983586,0.011938341845310476,5.936520678206904,0.5856888468006741,6.285714285714286,0.5864901885729694
0.1,0.3,280,0.030157841302888445,0.012585255306796909,34.017320307609616,0.015973654836484236,4.04753783406602,0.6734291489520255,6.857142857142857,0.6902662129798689
0.1,0.3,281,0.0828899224148079,0.07357363262778494,42.093436743364244,0.08118359343727015,63.136457845492686,0.7111094977806708,7.107142857142857,0.7960997494641384
0.1,0.3,282,0.004871589555958678,0.0028209969192610437,8.971249028013782,0.0030841601235740554,2.421937563126922,0.5370525070668588,6.178571428571429,0.5511525323043935
0.1,0.3,283,0.007727075880491717,0.00492255808281173,6.698715215683099,0.006071503686046444,-0.11893484250284321,0.6027755794224586,6.25,0.6061726237404451
0.1,0.3,284,0.03661578076383515,0.023127881162228827,19.1696399789105,0.027079210343720576,15.262505573497009,0.6319962935942428,5.892857142857143,0.6540938177166469
0.1,0.3,285,0.08685090133492497,0.07108150955830257,57.40640549837702,0.07863578951790769,50.27437643270634,0.6978695774538578,7.071428571428571,0.7606657636175254
0.1,0.3,286,0.0925367401004645,0.07958370792721074,45.68701762208809,0.08877230263789734,50.56314510374352,0.6603771035721625,6.964285714285714,0.7436689894413196
0.1,0.3,287,0.015523349389218634,0.004303342705524238,20.23778603123778,0.0045378717417961295,-6.982086600243737,0.6196791786271555,6.607142857142857,0.6109740451735428
0.1,0.3,288,0.036341896565446286,0.034547298804904134,19.185849376238412,0.03505556256567344,27.895228151188565,0.587437251380176,6.214285714285714,0.6119131906650072
0.1,0.3,289,0.008425365851704817,0.00646019268975676,1.376449450390216,0.006101990183753452,-3.85215734790404,0.6273251925339077,6.321428571428571,0.6520621859780356
0.1,0.3,290,0.12069356990244595,0.09888281207606962,60.838815532209274,0.11117335932860863,55.24736750407135,0.6405721624333162,6.464285714285714,0.737339813288695
0.1,0.3,291,0.0029593696903824126,0.001923061263767212,-0.4253648155940368,0.001195781392184973,-2.650305929734903,0.5724265534059425,6.821428571428571,0.5700084663308738
0.1,0.3,292,0.04381530587079626,0.033410324770168816,20.031188493153667,0.03746871585999271,15.001552719645124,0.6105421438564944,6.678571428571429,0.6440720110920738
0.1,0.3,293,0.02345545522678961,0.015725105756306815,22.063824094766375,0.018096591985933032,9.52881230014008,0.615415256458838,6.678571428571429,0.630697669609272
0.1,0.3,294,0.01639191635235911,0.011633111533586671,20.86139863491361,0.012500268531663479,3.584795895238642,0.6055644792676488,5.857142857142857,0.6210738750347071
0.1,0.3,295,0.04962592841404323,0.02885276601520713,32.86349282211932,0.031050828736616562,2.09738381392422,0.6373910774018015,5.714285714285714,0.6548768664427818
0.1,0.3,296,0.08953002981086196,0.07847103276773756,38.373272967660164,0.08177237559781957,33.308739112837785,0.6937050617647157,6.285714285714286,0.7534784626219788
0.1,0.3,297,0.01999057995396415,0.013513222741864235,17.165529577786447,0.01625364139501523,13.597947441079205,0.6677368611153494,6.357142857142857,0.7100502483423696
0.1,0.3,298,0.01217175069836364,0.011674385988327943,7.727502501383033,0.011283773938971967,6.5588263216560465,0.6105434819343593,5.321428571428571,0.6161008567966273
0.1,0.3,299,0.017631920983271297,0.013471917724041585,15.397242646789266,0.012548800672169083,4.274253106805664,0.5850335190620604,5.571428571428571,0.6077159388502011
0.03,0.0,0,0.010380989817955322,0.004845459777991084,12.247892618551523,0.006700446115383068,0.5638048335591842,0.6262466109704015,5.75,0.6639304486565939
0.03,0.0,1,0.004024169164061607,0.0022392706023238694,6.76778244034232,0.0032212583960649485,3.097432007216497,0.5651406863249236,5.892857142857143,0.5723231523302708
0.03,0.0,2,0.02082657262502156,0.01988971421045068,11.493050386877153,0.017629646872515486,2.1341248032942133,0.5605394398020596,5.607142857142857,0.5984708340828331
0.03,0.0,3,0.003956326867629744,0.003474329394110533,3.6132637011233064,0.003211399180940634,0.1537731975247804,0.5782221043282202,5.607142857142857,0.6118213471464671
0.03,0.0,4,0.0038804733381771097,0.002281287741627489,7.277379734642949,0.0018722860221645798,1.9932181122131947,0.528129109174695,5.535714285714286,0.558602468949113
0.03,0.0,5,0.005234071046438408,0.004480998101856627,6.623546445647302,0.004973842468265963,8.6686406094722,0.5881620167011709,6.178571428571429,0.6000433085793209
0.03,0.0,6,0.007376839582633523,0.005446472684171483,6.7396605426476315,0.007144115030027019,7.371490954114894,0.5640007510727872,5.857142857142857,0.57418208083667
0.03,0.0,7,0.003471091627964494,0.0015862246313935622,3.941156222179321,0.0021236734138869043,2.34841846360888,0.5745029438086361,6.107142857142857,0.5854955306098348
0.03,0.0,8,0.0033180593140487028,0.0009410698312517453,2.512364498327088,0.0007880182994760175,-3.0429485417036894,0.6176131050613037,5.642857142857143,0.6410616036502965
0.03,0.0,9,0.0034011561371608753,0.005108300286714514,4.231989160652063,0.002892190640099333,0.7762119417933301,0.5516459081362565,5.392857142857143,0.5661934549488306
0.03,0.0,10,0.004852420856023045,0.004066166228446222,6.199457565712237,0.004512752090361146,4.711072202666003,0.5644222819089364,5.428571428571429,0.5809843149808018
0.03,0.0,11,0.00882219106522709,0.00826268471128928,6.002004282420008,0.008005495124820032,2.979805621172005,0.6190007113996651,5.571428571428571,0.6403233954022749
0.03,0.0,12,0.007613842833885161,0.007194716854824841,9.34748720080996,0.005987657921045566,7.959621337101065,0.5887400761503266,5.464285714285714,0.6154682117648007
0.03,0.0,13,0.01731600096446131,0.008528838755532765,16.068728566210194,0.01106935810546586,5.942940424102839,0.5673628096237833,5.964285714285714,0.6144822141093502
0.03,0.0,14,0.019861505063518383,0.018245466075618565,11.978741278412874,0.01832307664498921,9.295643734398851,0.5964351144060419,5.785714285714286,0.6103784252202121
0.03,0.0,15,0.006566923851761217,0.005064431318150345,4.826114455571769,0.0063156541562276874,2.8014259981382374,0.568571537255529,5.821428571428571,0.5748069104688792
0.03,0.0,16,0.008378366234506327,0.005369951739268812,9.147106398994945,0.007039862571503971,2.725394135540862,0.5891556907441604,5.714285714285714,0.6000379977286155
0.03,0.0,17,0.003916545295018529,0.0016954700215670328,3.4183383206805806,0.00260673669291575,0.38636987601501005,0.5665878638107479,5.714285714285714,0.5729098605151833
0.03,0.0,18,0.004443043945721934,0.0018404363531065106,2.2984611598437823,0.002349442827552354,-0.10486712792540705,0.5849273602622356,5.964285714285714,0.6099692281967488
0.03,0.0,19,0.002909776422664599,0.00216646561786708,4.092515261063056,0.0016038693960186926,-2.1467745766781356,0.5965774884435231,5.714285714285714,0.6129818987851333
0.03,0.0,20,0.007553595582803793,0.004566823430026431,10.369504351655905,0.005681794550736913,6.7719788882479195,0.5648993792610414,5.785714285714286,0.5609957515155752
0.03,0.0,21,0.011460271300282533,0.010608023846989282,11.288423066718545,0.011302998780655393,11.663344200312764,0.6147268959417003,6.035714285714286,0.6232184931103857
0.03,0.0,22,0.002358722923206669,0.0010470198196955056,3.8296285144070055,0.0017801919039391804,0.13621713600352336,0.5229139530014689,5.392857142857143,0.5203742413662252
0.03,0.0,23,0.00548727550248394,0.002980569603649861,3.2057956098760485,0.004948275178781736,0.3723503071652677,0.5751772093820405,5.214285714285714,0.596405727891292
0.03,0.0,24,0.004073314953443401,0.001685672810266041,-1.2231670621208839,0.0017360305551807529,-3.877045897927824,0.6034355085978372,5.678571428571429,0.5998928948265831
0.03,0.0,25,0.0033959369469079123,0.0015348515510013893,2.51620883743927,0.0019225208451721305,-0.03566178194660097,0.5191823930349071,4.857142857142857,0.5160703903169995
0.03,0.0,26,0.0016159027734719555,0.0016253107855529276,1.0257237872070846,0.0013915691274300008,3.0765011848425368,0.5610804481537058,5.857142857142857,0.5591139601992275
0.03,0.0,27,0.013007113780692138,0.012140827063868527,9.97688307822393,0.012872649856324834,12.834710559495838,0.5738825520806047,6.214285714285714,0.5905304987143793
0.03,0.0,28,0.0031360026329690727,0.0015476693040405397,2.8067189442729634,0.0030140804292787967,7.0262918865800446,0.5860222030240116,5.321428571428571,0.5890283426975885
0.03,0.0,29,0.0025773001487265973,0.001083753568091651,1.8225240973013683,0.001830735944380814,0.9213849687130562,0.5578256038008138,5.392857142857143,0.5821851808043668
0.03,0.0,30,0.00620267016461259,0.0036923290509658963,9.162160818428427,0.003651138703739039,3.3203121941763434,0.543769781191334,5.821428571428571,0.5671252678452869
0.03,0.0,31,0.0062976114202406884,0.005479236523577067,12.839370024480141,0.004005838719589472,4.153575666142113,0.6085739024631264,5.785714285714286,0.6348366831180494
0.03,0.0,32,0.003243090912756734,0.00253750210251615,1.4043567960052883,0.0030611481911048607,2.377384265949994,0.5954362237326698,6.25,0.5975263475653754
0.03,0.0,33,0.01523455576426122,0.01698138227310285,15.365042261412972,0.013995270261721333,16.171427824082382,0.5735655118290135,5.571428571428571,0.5816659948557873
0.03,0.0,34,0.015960149554087064,0.009064073310300999,18.497422463706812,0.013006106662360198,12.09301555645006,0.5601054224197456,6.071428571428571,0.5755269632518955
0.03,0.0,35,0.012929626940624819,0.012613032246927376,15.73552024106318,0.012073480513689491,12.19276119711544,0.6285339282002126,6.571428571428571,0.6615957866164761
0.03,0.0,36,0.008808684489857336,0.007630658485104203,9.118519398822068,0.007735799646452118,8.142927529816461,0.5591730005479778,5.785714285714286,0.5604623731231606
0.03,0.0,37,0.025777452725523207,0.022305649515558575,12.840004743293596,0.01929202155275936,8.534841275821094,0.5534011065683178,6.142857142857143,0.5858278912913721
0.03,0.0,38,0.007769965218530164,0.003068332167728538,6.794742293149113,0.0033061043967978357,-2.5726611043437138,0.5704259770812211,6.0,0.6037158322509667
0.03,0.0,39,0.002524430981304641,0.0014709723601111454,7.461211814568439,0.0018642548084884234,2.037030272151886,0.6231585112280978,6.321428571428571,0.6289886318172835
0.03,0.0,40,0.007018089740917485,0.0035335818775939355,13.53551457532611,0.003843704629603744,3.6128336285320777,0.571139551944998,5.214285714285714,0.5917268483031588
0.03,0.0,41,0.03265085339868501,0.03317808953759213,17.481941912724505,0.031229289624938813,15.545351104596136,0.5638396820284955,5.535714285714286,0.5834268134421514
0.03,0.0,42,0.0011797941918338158,0.0004412180694411672,3.5145287454940046,0.0007535104080003315,-0.09910005176666914,0.5486932219854153,5.642857142857143,0.5586787017852772
0.03,0.0,43,0.01337015503835004,0.007318489688314882,17.520983365802845,0.011536711619829146,13.790758298898737,0.5672963914213933,5.214285714285714,0.5825643534161729
0.03,0.0,44,0.004948364119180737,0.004834601155005909,0.6133377765378233,0.004575387773534537,5.325103079625667,0.5134194093631935,5.178571428571429,0.503309472207506
0.03,0.0,45,0.012747400943024116,0.01568908620084611,5.093552924366672,0.011890547733482396,5.286037848267341,0.6059758258150945,5.714285714285714,0.6272766971976376
0.03,0.0,46,0.00612167891778724,0.009315981640342277,1.5521686164513255,0.005710721409780732,4.359739093247318,0.5523339532842976,5.214285714285714,0.5817708539819266
0.03,0.0,47,0.016391659507575977,0.015793278563687372,5.540701162602137,0.01507700527572275,-0.132596969370771,0.5297856915948458,5.321428571428571,0.5556726898771329
0.03,0.0,48,0.005330933764737502,0.004915140241867262,11.160662306174268,0.004066341272570242,3.4965403546878044,0.5485051590784079,5.178571428571429,0.5686869496470652
0.03,0.0,49,0.006493581265976922,0.004110681826457078,10.533248235933891,0.004325052082439664,-0.511516695545358,0.572042684939979,5.678571428571429,0.5586540988670481
0.03,0.0,50,0.0035627592398222623,0.0026555506388528808,5.445603165930123,0.003009577041955403,-1.4239875128312842,0.5988399491281153,6.107142857142857,0.6059747040258124
0.03,0.0,51,0.005178470356014091,0.004284175368191937,4.02595630849468,0.00465510076984761,2.4220197400288535,0.5930316110897536,5.464285714285714,0.5884040763374238
0.03,0.0,52,0.00824681632221832,0.004315797487971256,15.51939382390242,0.00628223064496708,13.002658724596225,0.6165475467357343,6.178571428571429,0.6483824504125342
0.03,0.0,53,0.005601071662173926,0.004357288300210427,2.8411467534698622,0.002424548954577263,-2.9637136652205904,0.5812217456849126,5.142857142857143,0.6183957779823204
0.03,0.0,54,0.008282738581439766,0.005811592759379956,13.345714852370085,0.006556201100892156,6.712233004996165,0.5989680857615579,5.964285714285714,0.6217460698108005
0.03,0.0,55,0.01645550464409207,0.0033548384070239755,14.142903110357016,0.003558466395886668,-7.380746792206357,0.5392890213219969,5.535714285714286,0.581238048919986
0.03,0.0,56,0.003944958495209828,0.004224303661682622,0.8833594384386553,0.003606519932784726,0.6371544468267132,0.581535419481769,6.071428571428571,0.6040202103820081
0.03,0.0,57,0.010642339764881088,0.006238912255697521,8.011818253265659,0.005288026714007777,6.064908471903673,0.6100513121691072,5.607142857142857,0.6379643014372275
0.03,0.0,58,0.015479481277086553,0.013867766849046986,9.306973535506557,0.015275392665118811,8.196938073968548,0.5722041666347811,5.678571428571429,0.5997063511955633
0.03,0.0,59,0.003895903462829681,0.0029054977649359093,3.4548581107659118,0.003711677234176986,7.02976431248113,0.5597375719448187,5.892857142857143,0.5660571229972051
0.03,0.0,60,0.0006327971940513777,0.0010522579446680604,6.104002698435115,0.0004015646526549564,0.9877254816038791,0.5356485772321398,5.714285714285714,0.558648737724196
0.03,0.0,61,0.0015625047982462897,0.0014438574463678517,1.8671027678356988,0.0013057581746750756,1.5752852054291584,0.5823050896981679,5.928571428571429,0.5922359557055136
0.03,0.0,62,0.008544966318200982,0.005517336444812761,1.937434134848246,0.004938673742768365,-6.614596756782153,0.5356026076793413,5.25,0.5482089530673234
0.03,0.0,63,0.0034249362262247372,0.0017802851534751425,8.18562333419724,0.0020385650981038857,1.9500058487224692,0.5251186572380864,5.785714285714286,0.546054829775894
0.03,0.0,64,0.008222783471071747,0.00942095399720193,10.158007292473286,0.007911324550768581,11.749606267730883,0.6050187325494879,6.0,0.6071069914779605
0.03,0.0,65,0.002483866068417544,0.002146620228020986,4.988329622516129,0.0018457550605177088,0.5167075950558436,0.5659471306825108,5.285714285714286,0.5841374515352813
0.03,0.0,66,0.002923542232057105,0.0016441846161769523,2.1917743236590277,0.002492810585494277,4.792448813185852,0.5681560167246896,6.0,0.5923507525598665
0.03,0.0,67,0.02595539394826615,0.024672880427903256,15.953024124448282,0.025716656826199072,20.66714589243629,0.5932628299480056,5.571428571428571,0.6298691668408325
0.03,0.0,68,0.002180697439301567,0.0005052475941882616,6.71349630223267,0.0011137968479659494,4.300580657718011,0.538545503860684,5.5,0.5429326731838616
0.03,0.0,69,0.004590130268335177,0.0028263369956944293,2.3936004913293516,0.002922434713402142,1.8922917330352977,0.5543274060743116,5.035714285714286,0.5778581350170232
0.03,0.0,70,0.006124117114298135,0.005479612997042372,5.227385284521612,0.00513158397635878,-2.006858113045032,0.5657322581015274,6.285714285714286,0.5938055333743439
0.03,0.0,71,0.0019838830187087495,0.0013233801091756614,7.420527295882029,0.0013984001883173352,2.69522755812352,0.6070766571111886,6.392857142857143,0.6094547495931126
0.03,0.0,72,0.008630550718241996,0.008131495408386697,6.688832088150501,0.008279944104523282,7.552101116288611,0.5894029859318184,5.928571428571429,0.5995741834336954
0.03,0.0,73,0.01480342844716932,0.012132013469214348,13.35887710501882,0.012718955944709462,8.387343869753304,0.5745397034362296,6.285714285714286,0.602535666675037
0.03,0.0,74,0.014184992958302023,0.010163005992888528,12.330868309233617,0.011306115440335069,3.357386614758686,0.5576958595056414,5.285714285714286,0.5768213020595574
0.03,0.0,75,0.011898011018096587,0.011732812284516623,5.492548041832379,0.011356922078970343,-1.5327172780320855,0.5722285874939219,5.892857142857143,0.5837219177013173
0.03,0.0,76,0.0016357720705532585,0.0010395780908271618,3.590803736235453,0.0009467241021198227,3.458073057988088,0.5815868293041723,5.571428571428571,0.582524723204471
0.03,0.0,77,0.000684392082656984,0.0008205267181973336,0.7087244355573148,0.00030567634906258705,2.585973810219599,0.554593858615808,5.5,0.5664916270289531
0.03,0.0,78,0.003022520471220472,0.0015855948135514244,2.7731973625457065,0.001318707858759841,-2.1233171129867685,0.5760763704715428,5.0,0.5842952481751733
0.03,0.0,79,0.0015121058141486132,0.0005453270628797791,3.325585949982307,0.0004799484079331754,-3.7108645604589676,0.5609309540806142,5.535714285714286,0.5688175985860986
0.03,0.0,80,0.0034244079914247296,0.002996993467187622,3.941991785916391,0.0030285146355910047,1.5220811483948087,0.5757948929562986,5.392857142857143,0.5788426440249276
0.03,0.0,81,0.006147860456443536,0.00277318170337686,4.025972835022505,0.003093788871283765,-1.698617438086501,0.5825081330340465,5.642857142857143,0.6076757956586019
0.03,0.0,82,0.009630386724860017,0.0034139068529623713,13.212735741099882,0.0037715418366339308,-1.706858550623868,0.5671232594642783,6.107142857142857,0.5745864799893257
0.03,0.0,83,0.004410730654747802,0.005984460954510981,0.05876968556408239,0.004176529029913459,1.349660394927118,0.5710822921038173,5.214285714285714,0.591562242106586
0.03,0.0,84,0.013631866169012368,0.0017058806411363457,12.244836169459196,0.0011778687915337434,-9.096921022180965,0.5623337937459634,5.285714285714286,0.5513428176711376
0.03,0.0,85,0.00479236117063192,0.003611918161864583,12.493936340229794,0.002561576107981185,-0.22064952466418694,0.5738124186275398,6.214285714285714,0.5843675883991729
0.03,0.0,86,0.018364499347827964,0.017685790435163908,10.92953945513266,0.01653128629220866,14.968473450977902,0.5844787906280791,5.678571428571429,0.6379561440510115
0.03,0.0,87,0.0370322513792689,0.03055926440663711,18.745660255905715,0.033484214770630585,17.279994103830074,0.5531767959123909,5.964285714285714,0.5751067623067059
0.03,0.0,88,0.010268302510220657,0.004322270939129414,13.360675122139014,0.005221794034197547,5.036410526743036,0.565070874486258,5.392857142857143,0.5707036546764974
0.03,0.0,89,0.005278354319038962,0.005060321402130864,-1.0331837713426733,0.005098341815363651,3.9095490240435518,0.5805795252502989,5.357142857142857,0.5917963319332185
0.03,0.0,90,0.007653503186454518,0.005808298274267972,4.895339193984332,0.006718973901347758,7.133270220057294,0.53286070913333,5.821428571428571,0.5700999477459566
0.03,0.0,91,0.004894256594694709,0.0029393561824039307,4.709497631747676,0.002641891386803988,0.2502120972696768,0.5908942203592263,6.464285714285714,0.6015275907671283
0.03,0.0,92,0.004700490458046531,0.0021717259568128423,3.1055192000202303,0.0024523173923137885,2.9354580323920536,0.5823736494408808,6.035714285714286,0.6159886248417626
0.03,0.0,93,0.027265601407604007,0.02513507737099283,10.188221188269571,0.02435352820274067,4.913722384367351,0.5786163666747944,6.178571428571429,0.5851270903421621
0.03,0.0,94,0.008297271026162756,0.004754707219826125,10.731497157483972,0.006111939529958051,7.6234421288274445,0.5680980137087145,6.821428571428571,0.5906209441112374
0.03,0.0,95,0.009139033388376617,0.005915590683398717,10.44667966563936,0.006332859304438692,2.2213012538783516,0.6165766530712548,5.5,0.6556323047803072
0.03,0.0,96,0.003922555000652114,0.0024110686929881098,6.409530147183243,0.0021370881593207455,1.058966046066672,0.591957124868688,5.857142857142857,0.6107984652305318
0.03,0.0,97,0.0031786696631328614,0.00021445361194844719,8.144948696079743,0.0008831369076732741,-3.7698271698913763,0.5740469772090308,5.107142857142857,0.5826105718991093
0.03,0.0,98,0.012445277176797193,0.01075287853475665,6.067296678797201,0.010335902414808258,4.234880579807007,0.5889488296766234,5.571428571428571,0.6344887922215711
0.03,0.0,99,0.0012476310815150088,0.0007243840105664342,2.9731287154953634,0.0002581867745600857,3.1433380262606647,0.5302073074944221,5.178571428571429,0.5270049591728101
0.03,0.0,100,0.006274485006816689,0.002201196882041034,12.19203262186816,0.0031623911353731294,-2.105327169430647,0.5781911709205818,6.392857142857143,0.5892779325638738
0.03,0.0,101,0.0222368699360678,0.012915192404463836,20.427441223108048,0.01493490808866978,-0.09233858000565458,0.5618782624371913,5.321428571428571,0.5772506762923288
0.03,0.0,102,0.006045012364969817,0.0031994482424610162,6.661394433822522,0.0033743301602664377,-1.9132561457143709,0.5676616644779228,5.464285714285714,0.568919922988038
0.03,0.0,103,0.003988313833296271,0.0031525273445910046,3.225570658314022,0.0031171287527634733,1.564566206055171,0.5426739201352394,5.75,0.5606681585295574
0.03,0.0,104,0.0018713069073081677,0.0013051499213918524,2.802279334673623,0.0013429931084305716,2.1198638832385654,0.6043953738305683,6.392857142857143,0.6173139637287304
0.03,0.0,105,0.010541046748446654,0.010528321481847545,5.5262501990087,0.010003995950606397,9.692016532702345,0.5870789914350116,6.25,0.5940342620581243
0.03,0.0,106,0.010577846427186656,0.0070521370910560785,8.456948063090758,0.009713568815891417,5.749282321715687,0.583801472845752,6.5,0.5792227319538061
0.03,0.0,107,0.013747509511555237,0.010688917646783445,10.298516816148103,0.010775631129860441,5.940740400583063,0.5977064824275227,5.321428571428571,0.6285010796290598
0.03,0.0,108,0.005929595460404471,0.0037935148456285416,1.7562163091074676,0.004132558707858313,-1.3681862700684537,0.5215125241572737,5.607142857142857,0.5234111326525228
0.03,0.0,109,0.02241524572886471,0.022757686566469242,4.824674533965957,0.020318917616875817,5.339269611555655,0.5845269055540043,5.142857142857143,0.595992336502783
0.03,0.0,110,0.011359134125941828,0.007136338770069415,2.970473962303837,0.008080195609448008,-3.0017799499548423,0.6227505849281318,6.035714285714286,0.626204106523776
0.03,0.0,111,0.005638673637700963,0.002034962569866011,10.58918767933246,0.002223265560802924,-1.1207649741590444,0.5542498536912857,6.107142857142857,0.5697220525546799
0.03,0.0,112,0.010938650612300586,0.00292192793353384,14.583098633531998,0.003728277427109082,0.5242013965424329,0.5517852416241819,5.607142857142857,0.5593981007703847
0.03,0.0,113,0.00473163291290898,0.0008346283202217148,4.982678353574481,0.0007087711315535777,-3.965159298387969,0.575117578888815,5.321428571428571,0.5900936611270187
0.03,0.0,114,0.008967833761532588,0.004885349366917885,14.221078094876304,0.006003093309002455,8.997530098500372,0.5442526504729301,5.607142857142857,0.5868315716656478
0.03,0.0,115,0.019827348565721693,0.019060036279127897,12.611784023444253,0.019595375738806684,11.37354819981409,0.5950095693148539,6.107142857142857,0.6305814243410903
0.03,0.0,116,0.010397575517804288,0.004116087975509187,11.80913511734991,0.00527525025215042,-0.8507304974860309,0.6262394081287422,5.678571428571429,0.6223826275716506
0.03,0.0,117,0.023087879162591075,0.018321160276430694,19.84081764527242,0.021351074003194324,22.661853758805666,0.5450998533978286,5.5,0.5980484705753297
0.03,0.0,118,0.003165942758703558,0.004413017442905255,2.135575359273323,0.0028034441422840222,0.7952679758676974,0.5877728755470297,5.785714285714286,0.587446383102209
0.03,0.0,119,0.01801603902004866,0.006149303581882648,24.94037300243326,0.00826437119089676,5.489227917538254,0.603541664886036,6.071428571428571,0.6114145440291929
0.03,0.0,120,0.005757114154579759,0.003463952626894657,7.417285949314514,0.0037250120258582346,-0.7094371089989598,0.5798482070211877,5.785714285714286,0.596675273681439
0.03,0.0,121,0.004967941235484263,0.001994901442471547,3.232416151486575,0.0019056535241432039,-0.7522931789755868,0.5924431622741135,5.607142857142857,0.5974368174855897
0.03,0.0,122,0.004912372981732161,0.00476348077662234,1.9418710521066582,0.0033989567423090526,2.381201828459941,0.599824373648281,5.392857142857143,0.6089682032478256
0.03,0.0,123,0.00168816128332752,0.0012407290010968055,4.841107326426386,0.001339875947361236,-0.6087631582792786,0.5492835990994733,5.714285714285714,0.5535637591088445
0.03,0.0,124,0.001999956775286471,0.0007145203297307737,6.483486108917134,0.0010098460059355973,0.8810394680158803,0.5372234892005704,5.178571428571429,0.5498307541014213
0.03,0.0,125,0.017016635878213966,0.013837069141648183,9.747496823100684,0.014444966467873745,4.804472008501468,0.5423268788171948,5.464285714285714,0.5626759819658598
0.03,0.0,126,0.01593434197561378,0.017183152592336774,4.650553093652026,0.014279815384687635,3.0371523475194047,0.5863246443519234,6.285714285714286,0.6226045869324677
0.03,0.0,127,0.006018638975411963,0.0029791918850877665,7.641601059194433,0.0022020337326761463,-5.742246931890786,0.5451607816399665,5.035714285714286,0.550989967968982
0.03,0.0,128,0.009607621198475453,0.003953002510300788,12.468948081618786,0.006579891811939927,10.578045303965117,0.5818162160720847,6.035714285714286,0.6059039932673702
0.03,0.0,129,0.0008735105377679022,0.0007344557629787126,5.501523727592077,0.00044217428692750003,0.14375455861828831,0.5833263470960446,5.785714285714286,0.5872150694020812
0.03,0.0,130,0.004873295092156224,0.0031940569290169387,2.663095212974497,0.003310717054873252,0.8902819404489056,0.5472734978518605,5.5,0.587043382071235
0.03,0.0,131,0.005480671120909124,0.0031747623239307765,9.728425759475158,0.002770671178478745,-1.607283065791459,0.5978836873057658,5.535714285714286,0.5987584649289801
0.03,0.0,132,0.0041529148730043135,0.0030149182718592696,3.9564450366292667,0.0033064129728216595,3.0581373753960293,0.5462768789469815,5.714285714285714,0.5625287265599431
0.03,0.0,133,0.021857187167476835,0.016758616797445773,7.308873481985131,0.018657989071318014,12.179578456695197,0.6258877590267014,5.892857142857143,0.6552512411837804
0.03,0.0,134,0.01146671161120629,0.008247268304433071,7.115087884223091,0.010640352474565297,8.677926677831778,0.5510845722593258,5.285714285714286,0.549697198276301
0.03,0.0,135,0.010638858249571056,0.0012827865945096095,8.416650145215954,0.002328244094662833,-9.209425608009534,0.5743281138606796,6.321428571428571,0.5725512775082893
0.03,0.0,136,0.015414458267365923,0.004055031383994954,19.210273587594514,0.004963756616396126,-4.604844288306822,0.5467888916834578,6.071428571428571,0.556483429459312
0.03,0.0,137,0.0130927907711497,0.008774054832122229,10.91208291653036,0.011645465730153483,7.917924111420139,0.596601861742144,6.178571428571429,0.6095534429020508
0.03,0.0,138,0.012340108002150352,0.009942168533076499,9.04270871647399,0.011668541505478214,7.0973816817821485,0.5636659447024484,5.964285714285714,0.5793109946714917
0.03,0.0,139,0.005515862133314059,0.0024858083962388173,6.1342193614583875,0.003431070476553062,0.6044512956984723,0.566278793999203,5.892857142857143,0.5837297733346521
0.03,0.0,140,0.012475898157898893,0.011982985155499956,2.8191811301480243,0.011713492270834298,6.469206818203115,0.6004286856303128,5.535714285714286,0.6019628894147961
0.03,0.0,141,0.007252006334501009,0.006283860159207061,5.265446886306639,0.005149005570144883,8.120859594169625,0.5757112384214829,6.178571428571429,0.6112471516476857
0.03,0.0,142,0.016025725853991542,0.005263410113854156,18.435356900161974,0.005393360649735248,-7.089370521708645,0.5508149535419341,5.607142857142857,0.5973807316834455
0.03,0.0,143,0.003523513895161049,0.002348317163922978,8.54818318111912,0.0015928917908345343,0.5413900185674928,0.58439088487423,5.857142857142857,0.5876278673432576
0.03,0.0,144,0.01998502676907508,0.012695134534259684,14.035323854853667,0.015923662503534393,-0.1817961759813329,0.5618085076752329,5.785714285714286,0.6079291373190405
0.03,0.0,145,0.005291294235907762,0.00508942365946696,3.8940654887981054,0.00426638997352676,0.8874902576593134,0.572845511402254,5.607142857142857,0.5764034246115515
0.03,0.0,146,0.002980895384177474,0.001236595076405971,6.691400943295956,0.0019194122121858777,4.588485622368656,0.5611898860491781,5.535714285714286,0.5730288215592939
0.03,0.0,147,0.0025334802501012213,0.0018567560733415195,2.882763519936153,0.002068809811759868,4.374169378093929,0.6406195351460667,6.642857142857143,0.6391541935143539
0.03,0.0,148,0.003243589695359515,0.00027237237042443277,7.434301800836967,0.0008206615957860603,-3.65992822561185,0.5511042229610029,4.964285714285714,0.5726257601777437
0.03,0.0,149,0.006917754855344105,0.006724602191007873,5.037491062927036,0.00481138792129336,0.48723342924898816,0.5774406501533946,5.535714285714286,0.5934428968204153
0.03,0.0,150,0.008264101514434904,0.003367184181070654,11.740478995410712,0.003687555148083838,-6.823078180872709,0.5110023868475424,5.75,0.5220904608767809
0.03,0.0,151,0.007912160739678773,0.0077517283504800905,8.446325462950492,0.006700539702884773,6.50241439744003,0.5617236779248305,5.107142857142857,0.5639357097180737
0.03,0.0,152,0.008736761064578609,0.012139801926809406,4.918643740322826,0.008661559810993407,7.942202731276002,0.569816974887298,5.321428571428571,0.5711130830438362
0.03,0.0,153,0.013690145212112804,0.013778486069874245,7.834259647616325,0.01155116180391461,6.549274249627767,0.5630689423184869,5.785714285714286,0.5795644469746536
0.03,0.0,154,0.010464083512351808,0.006230131361018319,11.339580258692118,0.0072850161913666275,4.872322622745211,0.5743512224564403,5.285714285714286,0.592484006632106
0.03,0.0,155,0.015540306257314267,0.01566345759474294,15.37432296660173,0.014673680787592848,15.27363187016305,0.5884972896041046,6.214285714285714,0.5947382314125845
0.03,0.0,156,0.004283086328164063,0.0024564317634543998,7.902395930573344,0.0020574801844212786,-0.9845375271037445,0.5776280070233152,5.607142857142857,0.5962642158485432
0.03,0.0,157,0.003061829150234793,0.0017826048481245367,6.561914473316989,0.0019159216780633176,0.7397872010977361,0.5760047922085626,5.357142857142857,0.5982520833609835
0.03,0.0,158,0.002328132063759259,0.0028031304136061563,6.606399544745585,0.001220653987499847,3.10688254993885,0.5688590207041064,6.25,0.5665438705110796
0.03,0.0,159,0.005168251411144176,0.00238666472624705,7.653044317321171,0.002124867641750231,1.8499573998156222,0.5457692190355317,5.5,0.5273592371719357
0.03,0.0,160,0.018667344517824893,0.012039277383897663,3.4800018465139906,0.013055386509502295,-0.29008314171450894,0.5166218009329339,5.464285714285714,0.5494110661361293
0.03,0.0,161,0.0036088865647884954,0.003077583496101352,4.518742601779688,0.002637837131377539,1.7353394411423153,0.6118077205497586,5.535714285714286,0.625484828239821
0.03,0.0,162,0.014107539023486057,0.01142806435521415,5.128728967743474,0.013202047723656279,2.5356977396801788,0.55221995033672,5.071428571428571,0.5534952008542866
0.03,0.0,163,0.003768240939954239,0.0013801819502291125,3.7738883186859105,0.0021023520446731333,3.481216804362854,0.6018764826840809,6.357142857142857,0.6175255327320126
0.03,0.0,164,0.003493379721830439,0.0009466685153822906,4.38747564851668,0.0009045339838392704,-5.442307663585193,0.5588453872430424,5.357142857142857,0.5713389148999592
0.03,0.0,165,0.012166609925018263,0.011133970671688637,5.731992573991827,0.008801168675693206,-2.1127922596064272,0.488420388864467,5.392857142857143,0.52200799181441
0.03,0.0,166,0.004177061554236009,0.0043774657515532394,3.3298803278442413,0.004066700334181675,6.058674946552401,0.5541177554502069,5.785714285714286,0.5719615115608494
0.03,0.0,167,0.009495940530442573,0.009853716927684917,3.0789911430248367,0.00838142191508048,0.3389131136143912,0.5719797464897225,5.857142857142857,0.6015013986170594
0.03,0.0,168,0.002183598994722594,0.0011803335910819288,3.7084743449299347,0.0013022982135927079,0.9287035829031254,0.5570686602217457,5.714285714285714,0.5805902357766756
0.03,0.0,169,0.0023196868476455597,0.0014418265321052839,2.628968030223651,0.0018625707815185957,0.8402672255300369,0.5689779798521802,5.857142857142857,0.5768490029740312
0.03,0.0,170,0.013856092356777275,0.01432705528026206,12.613404265045403,0.01300817367847411,12.044880038015938,0.5611221547540719,5.25,0.5765875139858061
0.03,0.0,171,0.003475107548319012,0.002807221463107641,5.963915996982668,0.0024524868111205447,1.4269702765489,0.6004375180155054,6.5,0.6149665978923236
0.03,0.0,172,0.00685879555381063,0.0047368956830318954,8.158193075896548,0.006303887780531848,10.077313730875744,0.619820256130188,6.25,0.635715940721069
0.03,0.0,173,0.012303671769186229,0.008298840824380545,14.18873899448196,0.008391073765063166,3.360377295234978,0.5511216378718277,6.142857142857143,0.5545793184882013
0.03,0.0,174,0.004804268929005243,0.0036183136935900233,10.066785204247546,0.0031333273050490936,4.062981912996425,0.6087105002615117,5.821428571428571,0.619936306907142
0.03,0.0,175,0.00462466033941037,0.0026513428330712007,0.673862608115968,0.0021707226579633083,-0.9362152734539487,0.5110876018068053,5.785714285714286,0.5555031449917414
0.03,0.0,176,0.0021384713851276835,0.0025816745487526787,0.31232224203493314,0.002050024884736796,4.181554640844108,0.6032546685339853,6.0,0.6293180856127338
0.03,0.0,177,0.0062784387549979104,0.0054409478114984386,2.3865410799625884,0.006152077212381999,1.39341068709183,0.5867723722388493,4.821428571428571,0.5945136468017028
0.03,0.0,178,0.013274176283810073,0.011265513987330679,10.017522320978278,0.011098294797957438,4.260853227551365,0.5767053900543581,6.0,0.5926614172092615
0.03,0.0,179,0.0026421294742600336,0.0010950246592740067,4.019147532507181,0.001820576456956323,-0.996521410835309,0.5930498514591508,6.0,0.615208030372393
0.03,0.0,180,0.018160027436406007,0.013969905757597234,4.4746019532671255,0.01408204276879695,0.1646511062271543,0.5852592644953994,6.107142857142857,0.6071328114661428
0.03,0.0,181,0.024302142494986783,0.022768882857176733,6.334183294054573,0.022166342031470318,7.28809557989275,0.5553119891914907,5.5,0.595413755528798
0.03,0.0,182,0.002632381768404148,0.0016802813112502747,3.879190303839105,0.00131759342415693,0.5414801498786991,0.5897596647686664,5.5,0.5938378209326084
0.03,0.0,183,0.004136959593797301,0.0032704911612494027,4.530872494611553,0.003950038390617948,4.713702989505985,0.5900190374781975,5.464285714285714,0.5892815133647282
0.03,0.0,184,0.01583874679839802,0.012358519381657237,11.723840623672507,0.014330337384737121,6.746571634101666,0.6145264976626272,6.821428571428571,0.6105762745258392
0.03,0.0,185,0.008145650997594945,0.004282819274823269,12.680354374704754,0.0035191476434120778,-2.604936164951132,0.570133829138047,6.535714285714286,0.5689247208588455
0.03,0.0,186,0.015671511943679925,0.009938213008256428,11.56034157416021,0.01458356806303507,16.77774990990118,0.5242773488333884,4.892857142857143,0.5448486531016241
0.03,0.0,187,0.013437073788718713,0.009278562775702869,2.6756788168330465,0.012663454246402368,2.161036537603176,0.545471080541946,5.785714285714286,0.5696861238449848
0.03,0.0,188,0.008398415133336265,0.005219460902353344,3.271465387153256,0.007020224026737313,5.6837086916702715,0.5821825318386538,5.5,0.6043414665575253
0.03,0.0,189,0.0034817449177370003,0.0021794285561996733,7.338244720570079,0.0023773844098360563,7.951045661224337,0.6050123932803608,6.071428571428571,0.6156959949562206
0.03,0.0,190,0.006175890424893028,0.0011043038347363073,6.300820093194981,0.0042408725457770855,1.9485399969743942,0.5378638414134616,5.5,0.5596946836186675
0.03,0.0,191,0.007765703309773022,0.005874445188212457,9.085628826817981,0.006821682470665407,6.425342703997264,0.6072277679979556,5.642857142857143,0.6180640006896865
0.03,0.0,192,0.012402337280160089,0.00545304217439073,16.83037177110059,0.005824609366632763,-0.44540984088137253,0.5480799068562598,5.464285714285714,0.563256494158283
0.03,0.0,193,0.003932752450602639,0.003955847761560659,4.494450875983205,0.003692937540033479,5.443429236228553,0.6235030665236396,5.928571428571429,0.6471392084260509
0.03,0.0,194,0.005819610346730006,0.0017351219555298055,8.625662935853958,0.0032864120913040687,0.6255968378083404,0.5687974383893788,6.392857142857143,0.5767163121738362
0.03,0.0,195,0.018214917391363335,0.01570760586080598,11.681037260381922,0.014866002139601297,6.138122916621455,0.5512925675516386,6.035714285714286,0.5689784630469474
0.03,0.0,196,0.013191104731328882,0.011721078504344798,6.997196532269896,0.009997818060614606,7.475569455740309,0.5812599160249865,5.964285714285714,0.6413112337502993
0.03,0.0,197,0.0059184726818314985,0.002149388154488477,4.302331379877937,0.0012849860074727586,-5.376391971858624,0.5670557683535404,5.357142857142857,0.5758788473448319
0.03,0.0,198,0.0009768530603742414,0.000489401000990101,1.8928415063912876,0.0002941405818160893,0.017193255280346875,0.606069945629521,6.321428571428571,0.6242954994347389
0.03,0.0,199,0.0024449596396382165,0.001108035407540433,9.67866555747915,0.0008946085982734382,-2.42253349598739,0.5799632004749856,5.714285714285714,0.578103198590094
0.03,0.0,200,0.004672158736760606,0.0034851432933594288,7.803768772760027,0.0030338163193390096,-3.4839388028519145,0.5628753802418188,5.75,0.5582810317218674
0.03,0.0,201,0.011467268673957025,0.01118402999603722,7.001282296921478,0.011014008956499257,9.215211528082401,0.5319459749562987,5.464285714285714,0.5616007962172218
0.03,0.0,202,0.005307426543189999,0.002570742119801882,2.249500878149339,0.001646079248603858,-4.628980924254175,0.5678414814375905,5.071428571428571,0.5776509011967976
0.03,0.0,203,0.017738638019398505,0.014789612398980835,3.728716648695297,0.016614255894087458,6.01547832393365,0.5729689834237107,6.392857142857143,0.6147812813896862
0.03,0.0,204,0.007120738514846965,0.005360417634232039,5.885517485041532,0.0068750960037445245,0.028724353469366786,0.5914500688169938,5.964285714285714,0.5944720551962748
0.03,0.0,205,0.00462505990557837,0.0014564758867896869,8.430464968373343,0.0017144173459194584,0.623440544426046,0.6222178122793288,6.035714285714286,0.6399224965830383
0.03,0.0,206,0.004350912909704659,0.002321054371125766,1.774701023813255,0.0021774450542528592,2.6347303422230843,0.599204603708525,5.5,0.6081267351639336
0.03,0.0,207,0.0012924817283733651,0.0004181511493163713,-0.44676913900039494,0.0005954460154343255,2.620462723398532,0.5815436249645659,5.428571428571429,0.6005131780487192
0.03,0.0,208,0.018953159385499827,0.013159480384511915,16.032835943089328,0.014728960772210909,6.261012315628136,0.5663070138633526,5.428571428571429,0.5784142555182341
0.03,0.0,209,0.009748609048319458,0.010265843859133528,4.613006558467333,0.007978572243318804,3.3716132244301966,0.6172420958443592,6.214285714285714,0.651085371668596
0.03,0.0,210,0.009566508372957938,0.009802369650101062,7.441086421519382,0.00938879647841369,8.456275863902638,0.5709390550245186,5.464285714285714,0.5710945855922323
0.03,0.0,211,0.007778861662844023,0.0036556203550318386,11.36830306272509,0.0028265089278752477,-3.892153330737017,0.5346019086263032,5.75,0.5321205858224396
0.03,0.0,212,0.005110229628126019,0.003674635569123539,6.454249551048529,0.004148613747765504,8.41068620431551,0.5378069906010158,5.821428571428571,0.573260899700053
0.03,0.0,213,0.006240730705689612,0.006123928844407423,10.478115638544713,0.005296565277731129,5.337084778703911,0.5658754436220693,5.964285714285714,0.5619582124463094
0.03,0.0,214,0.0070507646517739405,0.0014633890554298853,16.661143947382794,0.00174990849161732,-4.666006398485091,0.5774834136133448,5.964285714285714,0.598073988810631
0.03,0.0,215,0.002054550823529337,0.0032996797938650737,3.007959490560476,0.001885497050745645,4.489409156605585,0.5997120241365318,5.714285714285714,0.616402579502316
0.03,0.0,216,0.008653205258047579,0.0063922944693960175,9.217106873409668,0.006710498054652848,6.253291361233171,0.5576462189197838,5.357142857142857,0.5722036783062627
0.03,0.0,217,0.011782041544294282,0.008080753814484814,13.094402833112744,0.009260046483771243,3.8535267891739977,0.568720013653892,5.357142857142857,0.5691846206152309
0.03,0.0,218,0.024881378604451082,0.01452843039819185,18.01075603677046,0.01292620577459707,-5.452265271274352,0.5390050477864625,5.642857142857143,0.5706576474205779
0.03,0.0,219,0.01023538513243445,0.00816562034632345,4.228726270246104,0.009191766049943303,2.44116908222774,0.5213563826380468,6.071428571428571,0.5178968803886934
0.03,0.0,220,0.0014096023979281213,0.0011332028113924017,3.3576737310815474,0.0012911773099032928,6.821130651736477,0.5409247708546341,5.571428571428571,0.5632071173285259
0.03,0.0,221,0.01153296300660893,0.008964605346025622,10.4568978035414,0.008801914290110575,-2.123370557464502,0.537022962318828,5.571428571428571,0.5328138630664838
0.03,0.0,222,0.0021709650404562386,0.0009004363538111051,4.500330943514332,0.0012175386454119027,-1.6192027986201083,0.5717191802234344,5.857142857142857,0.5704340787110621
0.03,0.0,223,0.0046753379256824785,0.004232416196496771,5.155694080948564,0.004268434550744758,4.333138107090282,0.6150152795241332,6.142857142857143,0.6320409527342283
0.03,0.0,224,0.011117056814341691,0.009345203053314223,7.514498606955243,0.009682775418703826,4.680844630580036,0.5705111932274798,5.857142857142857,0.5706965836006533
0.03,0.0,225,0.0049991352895009614,0.0031168456578936567,7.7646617885042515,0.004107123955252937,8.641762437996638,0.5939803705074658,5.142857142857143,0.5955014750912979
0.03,0.0,226,0.003998125799242142,0.003507159169639151,6.461745329751902,0.0038329704136493303,7.959298575191288,0.5898170603774248,6.035714285714286,0.5950658243986023
0.03,0.0,227,0.014035730859350662,0.014458271703701179,9.75636676653906,0.013250057600024914,4.225179129957468,0.5617501130691698,5.857142857142857,0.5845075916775169
0.03,0.0,228,0.002636812647831581,0.0026692908006214757,4.505732425250727,0.0025742261464255785,7.417577044654668,0.57964495263501,6.142857142857143,0.5862597398977674
0.03,0.0,229,0.002859082151826056,0.0014306120772131943,4.697617807999431,0.0016808218661844092,0.12140888183299126,0.5084942018633034,5.285714285714286,0.5219457200782058
0.03,0.0,230,0.007976920140535915,0.0019331669753407164,4.13239527106425,0.0022447819384790483,-5.349741264700536,0.5377143726551467,5.25,0.5379035188514907
0.03,0.0,231,0.009919426279811861,0.005909229542110832,7.349922292859674,0.00590051136742017,3.7521571869700288,0.5629680366200733,5.928571428571429,0.5771594061042626
0.03,0.0,232,0.0060294552753538105,0.005617203151637695,3.490658483587415,0.004975393888271187,1.911808503397604,0.5847491722437489,5.75,0.5972844021054082
0.03,0.0,233,0.017439023991566584,0.014232809093685713,13.652452920219815,0.01612681597589503,10.824665552944557,0.5724926781760059,5.75,0.5830940805987277
0.03,0.0,234,0.006009462689318921,0.002270180217830727,4.899319083613307,0.00217860584026616,-0.5734182737413391,0.582275469131502,5.928571428571429,0.6235652474043456
0.03,0.0,235,0.011230368951970824,0.010001243402482424,9.234491998527394,0.010767538060720734,6.945275405929,0.5956213187831708,5.678571428571429,0.6012189378036065
0.03,0.0,236,0.009276326270283087,0.006622548352903664,2.9340451330770727,0.00913245626503059,5.883664452772706,0.5979054320390238,5.464285714285714,0.6042250201207564
0.03,0.0,237,0.0022927307503193294,0.0013401454872005577,3.4649219959335937,0.0015133516002127424,-1.0921434516474922,0.566974908747782,4.714285714285714,0.5743001366221373
0.03,0.0,238,0.002401700453460649,0.0023676372389690595,-0.24528648651468643,0.002121072896646577,1.6204440868472243,0.6058254540504977,5.285714285714286,0.6265911247104876
0.03,0.0,239,0.009710176813955817,0.007226884525945707,3.2804103112294456,0.008366131869116725,7.060046141501895,0.5510968974188424,5.321428571428571,0.57779394212081
0.03,0.0,240,0.022789035299118236,0.01735512840883279,17.24856033999397,0.021917952484438494,13.989879959904036,0.5736039142711371,5.535714285714286,0.6102267943975213
0.03,0.0,241,0.0032562999150067785,0.0013564744372138481,6.81817190299832,0.00150047181476499,-2.4488436899514263,0.4861819851794297,5.321428571428571,0.5114526056288349
0.03,0.0,242,0.007290747906289072,0.004291140341340013,12.789365839999638,0.005134629717375401,8.858359463647986,0.5827083010364497,5.571428571428571,0.6211639281528201
0.03,0.0,243,0.047836950720598154,0.047000683946353546,8.33156473987278,0.04511117039283246,12.02338381166813,0.5390487484205416,5.071428571428571,0.5646558731438132
0.03,0.0,244,0.007236547370080595,0.004853160220252734,7.834509820882602,0.006903247928471001,8.11340494452467,0.5854561842697504,5.75,0.6326281940158974
0.03,0.0,245,0.005328300805540446,0.0026848961504229384,6.08369454224848,0.0038252693207420606,-0.9149446161704683,0.5693635636638893,5.785714285714286,0.5606858814821001
0.03,0.0,246,0.0033313116543406303,0.0012772709799593355,4.489763674429118,0.0008184375223921341,-5.083576433256288,0.5131232016927453,5.392857142857143,0.5092623021669764
0.03,0.0,247,0.007037235283331151,0.0030518194593122977,8.233711260109297,0.004736149633799323,5.287084999976078,0.5650926564697885,5.964285714285714,0.5816425687737943
0.03,0.0,248,0.013925907334464003,0.010100352203988496,13.864215646665551,0.00808423434276824,0.8335624965780918,0.5304826638023918,5.107142857142857,0.5155110209431033
0.03,0.0,249,0.005737954719694416,0.0025965394465017177,12.163991165276485,0.005346167689772302,12.31115285651587,0.5469381560330706,5.214285714285714,0.5668227102899608
0.03,0.0,250,0.010053789950113542,0.012781485602192003,2.8376074205273767,0.008806762852571764,2.489088634353133,0.5913618279906278,6.0,0.6142358127651738
0.03,0.0,251,0.0012896690601486127,0.0005271444242680025,5.594779258487885,0.0007730709940782654,2.6382925464887705,0.5445063152225225,5.642857142857143,0.5550166992307479
0.03,0.0,252,0.010747636644819548,0.006652000210326941,8.48271307254735,0.007531413097564189,-0.3696570556286929,0.5929907209634668,5.321428571428571,0.6374107558939341
0.03,0.0,253,0.0036149450643350426,0.0006909080441689393,7.805645284724562,0.0008296576519711674,-3.8992318567730897,0.5652759577002372,5.928571428571429,0.5912433697788283
0.03,0.0,254,0.005044218881671137,0.0035592732831664737,8.562257729917027,0.004453523255585358,13.438876626392974,0.5777359284530493,5.678571428571429,0.5995370477124765
0.03,0.0,255,0.011036113733129954,0.009630599501576074,6.158937221116702,0.010945187598052826,5.213896514022186,0.618961010939227,5.392857142857143,0.6299535067710655
0.03,0.0,256,0.0026805527108987315,0.0020397639299903954,3.557257019033775,0.0017166911740988334,-2.1627299299429885,0.5936180909237253,5.678571428571429,0.592722129888914
0.03,0.0,257,0.012642295301036303,0.003564013780063077,9.101989588752616,0.003183200357110349,-3.087596507379127,0.5658454443730146,5.892857142857143,0.6174450451802267
0.03,0.0,258,0.005636083497951243,0.005535559641667369,5.750479070647515,0.005443752572566856,7.010363289779709,0.5634220493443877,5.642857142857143,0.5819763577523014
0.03,0.0,259,0.0018632749553507853,0.000869647931210117,5.754208272760991,0.000996606560209329,-1.5024474622766963,0.5928145917743679,5.75,0.6068217847132906
0.03,0.0,260,0.01441956020981179,0.011985519775778617,3.49585060795035,0.013760107741182224,5.156732593001418,0.5239302198296184,5.857142857142857,0.5453033946932562
0.03,0.0,261,0.005926223623447413,0.0030430325534076008,6.856009859297406,0.0024792703887167407,-1.5368123544989392,0.5762010232818895,5.5,0.5794903968176618
0.03,0.0,262,0.0020698740083827014,0.0029062876279006,2.7312579780620467,0.0018396393748263138,-0.15415469203280927,0.5732752933322404,5.214285714285714,0.5784496511311727
0.03,0.0,263,0.0020348283862121983,0.001160672418927098,4.494090377652024,0.0010260545335802757,-1.9893116296114026,0.610124324663415,5.642857142857143,0.6205714766047394
0.03,0.0,264,0.004773413446248523,0.0023183180198801273,6.841062416512614,0.0023977145665972166,-2.459239879535545,0.5774245222336502,5.678571428571429,0.6070299439090178
0.03,0.0,265,0.0014915349624385241,0.0008573766488942973,6.282327675961663,0.0007187146791656594,0.46142848160233524,0.5754081407106143,6.964285714285714,0.5889614139085879
0.03,0.0,266,0.008566884284066316,0.009303085010413067,-0.020104532908552148,0.007098849658816494,-1.422649805459874,0.5522115740750321,5.25,0.5605176542509556
0.03,0.0,267,0.004942721507439862,0.0028384904406540496,8.759777495491855,0.002933226608193932,2.770735912325364,0.5397221701150847,5.25,0.5560719994645296
0.03,0.0,268,0.004669676926937524,0.0026793606894086122,4.895136230630328,0.002679527766942222,-0.5537614239655776,0.5977576752636843,6.035714285714286,0.6099350295369047
0.03,0.0,269,0.00793084866293424,0.007347879447102611,6.556702990653889,0.0069714460712998185,5.388729944902802,0.6035195257017392,5.535714285714286,0.6232194587196049
0.03,0.0,270,0.00550873508516587,0.003704209389127168,3.990730175896848,0.005348415294265097,2.8538034896322606,0.5724089998370745,5.5,0.5678633755090149
0.03,0.0,271,0.0053968880396993305,0.004786428128219598,1.7269678143991314,0.005195226018422315,4.908439197808065,0.5891855954031718,5.464285714285714,0.5947302953118148
0.03,0.0,272,0.004173935923193093,0.0026866641429153437,7.295532873482888,0.003262281515683024,2.913846262726802,0.5656194786401851,5.321428571428571,0.5626129156137356
0.03,0.0,273,0.00985529694729797,0.009584143876050994,4.399428433604139,0.009213666275072266,3.0879923601551695,0.5676731174904046,5.0,0.6083455965285062
0.03,0.0,274,0.00749891932933383,0.005881423836223392,11.981668472106378,0.006586582269254089,8.492835647627894,0.5736654034228611,6.107142857142857,0.5768134665430814
0.03,0.0,275,0.012386530826322578,0.01322184765740193,7.449457773681047,0.011547735888251235,2.165978413281143,0.584738257570816,6.178571428571429,0.5968339655215449
0.03,0.0,276,0.0007706608234550284,0.0007399931646472919,3.8995353563977253,0.0006335609115456822,4.884170560689559,0.5584614994171927,5.75,0.5648627850942989
0.03,0.0,277,0.006973234077778037,0.007722134052037666,5.711063097354857,0.006189161718387432,3.9743414930600807,0.5494914988310696,6.25,0.5697822120207173
0.03,0.0,278,0.014738709926491298,0.010676043185680393,13.622239012830903,0.01152839236456436,9.369056504223693,0.6091600194849323,6.321428571428571,0.653038618067159
0.03,0.0,279,0.010168255365200067,0.0034904168803746396,12.596094578416123,0.00449408728833098,-1.942687167543615,0.5560478157416683,5.571428571428571,0.586166810068856
0.03,0.0,280,0.0057802778261027655,0.004221664276088548,5.698712040978601,0.005622678905902867,6.150855515042726,0.608120136532796,6.035714285714286,0.6127652200997333
0.03,0.0,281,0.009039689334139102,0.006952296842958796,9.192762141206336,0.00843935676152531,10.520788574655692,0.5486286295155031,5.428571428571429,0.5683419958119618
0.03,0.0,282,0.018343179012589843,0.021209175250353623,6.511998709703202,0.016382237065966906,3.768013000906876,0.5859921570179607,5.642857142857143,0.6215296325277053
0.03,0.0,283,0.008062515574140668,0.0018001854365242134,11.078517056764099,0.003309594525851465,-0.7434682670064205,0.5602460938025656,5.607142857142857,0.5827066600748414
0.03,0.0,284,0.0025334330152144814,0.0012670492052968716,4.469097508936112,0.0017265744518380538,5.681264593153789,0.5838105374154418,5.714285714285714,0.5808281880401844
0.03,0.0,285,0.0068602253741516924,0.00682085435592826,8.149453167009918,0.006295994755264182,6.102244008703356,0.5889856069525441,6.0,0.6154055879835687
0.03,0.0,286,0.002299541718676605,0.0011034667706210425,5.057377947233657,0.001474703835442087,4.230310732693653,0.6104492644351023,6.464285714285714,0.6336974955833563
0.03,0.0,287,0.014916062885015258,0.012956001244133125,10.211967596526875,0.014110534459736245,11.008542625063066,0.5808896809487241,6.464285714285714,0.5927620115613499
0.03,0.0,288,0.005788318226878531,0.004418313738921733,5.1273097406817,0.00525343483653197,13.281028699860135,0.6052438991418132,5.964285714285714,0.6251371988625063
0.03,0.0,289,0.0049778382083495495,0.004084082165617576,3.7956129999665316,0.003608769705650282,3.162606279301059,0.5594095297700786,5.642857142857143,0.5829390600853405
0.03,0.0,290,0.0009193796063918917,0.0004516252799986741,3.311591121204657,0.0003600905740982696,-1.7030252185439092,0.5416928567154405,5.75,0.5659036514819403
0.03,0.0,291,0.0033833153658951983,0.002228592421258453,5.673272196630478,0.002853473355374505,4.629501041124532,0.5490372188971844,6.035714285714286,0.5639873396360089
0.03,0.0,292,0.00669943046555957,0.0026119166226419373,10.251172462623694,0.0028804131862147533,2.090415227764993,0.575169623897825,5.678571428571429,0.5922049656846373
0.03,0.0,293,0.0016113185455076955,0.0011943869796944165,2.3280627627771273,0.0007354263556915234,0.06284752667669598,0.5497250279668954,5.464285714285714,0.5671955561496957
0.03,0.0,294,0.0028696622305378226,0.0021290137637689807,7.577797090045645,0.0018206430194100118,0.8863809021683929,0.5898476891581609,5.714285714285714,0.6000608203048468
0.03,0.0,295,0.004023989270269689,0.0009653223969999,5.759315307868917,0.0011414671216864994,-3.729066569066949,0.6016884927396405,5.214285714285714,0.6140966141611792
0.03,0.0,296,0.009403067164993726,0.008830492156032318,3.614733131411223,0.008232233206498801,3.056368142857091,0.5984043292094613,5.25,0.6014638303833779
0.03,0.0,297,0.007521721438717868,0.006965319642456853,6.888666944451529,0.006197076856574622,-1.2823971615572702,0.607489034882556,5.857142857142857,0.6208547119172537
0.03,0.0,298,0.004961238520595825,0.0018308995118068005,7.238253076655819,0.0019427698963125762,-3.011207584171018,0.549302342420647,5.321428571428571,0.5596234598803276
0.03,0.0,299,0.004070159601826168,0.004094265638333092,6.713980329750285,0.0032400081683166926,1.4817958832417066,0.5863616690266976,5.642857142857143,0.5719531731229051
0.03,0.1,0,0.007989950743608608,0.008801140944332058,0.2024187459832376,0.007875109380170617,0.5429774887971348,0.5222669277858938,4.678571428571429,0.5357095943550605
0.03,0.1,1,0.005331266157394738,0.0025695978514038154,4.071560439798769,0.003485928478088174,2.6839880089175856,0.6057498941470351,6.0,0.6281461377735961
0.03,0.1,2,0.025611400704359705,0.01075497432265613,24.63038634907673,0.011019456940927127,-3.8789709267687726,0.5682339799397841,5.392857142857143,0.5884884565013742
0.03,0.1,3,0.0012463725967952002,0.0005777206806314674,2.181840486772908,0.0010977954722449872,3.309993558076627,0.53145745316743,5.214285714285714,0.5419079103416351
0.03,0.1,4,0.003478905009836461,0.0018436153239454738,10.119635009819063,0.001961875321975384,8.471695776157949,0.5933300721542858,6.25,0.6174166804094148
0.03,0.1,5,0.009255709956698976,0.004662849338635403,16.964999549523004,0.004808922665510401,0.8760683328427206,0.5408445012312247,6.107142857142857,0.5667093417325779
0.03,0.1,6,0.0020902891370413465,0.0012547921832121252,4.23228285074715,0.0016985001749565288,1.0131063393629536,0.5674947130090462,5.75,0.5818953169869003
0.03,0.1,7,0.008630861842715743,0.005762311939836694,5.57955520705725,0.0075029304127732024,-0.1315013563219054,0.540865661447225,5.25,0.5709648821455592
0.03,0.1,8,0.06868951141323551,0.058805459430852684,30.599643430685035,0.06644423716906533,43.47498322743749,0.585953704179367,5.75,0.6483689017081782
0.03,0.1,9,0.0032191889514368833,0.002693872934218603,7.201188867260034,0.0014580700367422563,-1.031231118820737,0.572538816280691,6.0,0.5920773845665601
0.03,0.1,10,0.0041081020298560905,0.0011467229698172389,10.3948292243455,0.0014001387867478127,-1.8278168364623848,0.5590795123756166,4.678571428571429,0.5627430012807249
0.03,0.1,11,0.03124239384976542,0.022927667383458528,11.450862792656855,0.029406478768408982,5.739561903220552,0.5220533297791313,4.571428571428571,0.5588603469611959
0.03,0.1,12,0.02838669611682378,0.017931250969987027,17.442053174958954,0.024238655431446418,5.471800000816141,0.569904192128457,5.285714285714286,0.5988831291025409
0.03,0.1,13,0.014686198880939166,0.010010990419924922,7.288902123116837,0.013829312006102112,10.439571681464306,0.5409506459696757,5.392857142857143,0.5813643827928217
0.03,0.1,14,0.022425185714465855,0.01966130062227759,10.179310546850465,0.0198718031382231,10.024851115295624,0.552605909649074,5.642857142857143,0.575375674415803
0.03,0.1,15,0.004041904322309428,0.0018365181903959125,8.951933903922233,0.002065569252300705,-3.902725051528885,0.6293894181932835,5.428571428571429,0.6385089553289611
0.03,0.1,16,0.006826958297734683,0.0063064263805059926,6.471134224079113,0.0047456783998058825,-2.80100611320349,0.5536930029738574,6.321428571428571,0.5601819944045864
0.03,0.1,17,0.0016813575140521067,0.001651778306075077,4.479218109977694,0.0013875876332873891,2.267792388022798,0.524802686920311,6.5,0.5153047829073851
0.03,0.1,18,0.007076601607835827,0.005987069024828933,6.920355580644089,0.006779789985821444,8.782647014939196,0.578204602795236,6.392857142857143,0.6150479504690349
0.03,0.1,19,0.06639366704311257,0.05766750976961961,40.89515872015834,0.06521597025263781,50.15668590566127,0.6501258434327886,6.107142857142857,0.7070550190705056
0.03,0.1,20,0.015849878128594782,0.015196283043246998,6.654165106234586,0.014765707579417026,9.599358548450587,0.5998829620873617,5.571428571428571,0.6301974739753353
0.03,0.1,21,0.014279590236068526,0.009767124740818011,16.13013509938931,0.012467525601336647,14.239244104182442,0.6150831818585994,6.25,0.6261772605757985
0.03,0.1,22,0.015891893099068126,0.017623546879954346,3.2412786524321575,0.015747330629929366,11.677144139010124,0.5908681373405363,6.285714285714286,0.6158635482725978
0.03,0.1,23,0.009178300248102685,0.004482239563187576,11.297732922655749,0.006089485480089903,2.254583321275921,0.6362660830751292,6.571428571428571,0.6343981657729845
0.03,0.1,24,0.016073146766911878,0.01839456935643439,9.96274663056092,0.015381086630239895,10.565204645945252,0.5578743656600192,5.285714285714286,0.5548869354334985
0.03,0.1,25,0.0025367371925056363,0.001989186650136629,1.5239766904122785,0.0020918212959053877,7.176907849070791,0.5992035650461104,5.714285714285714,0.6113117468810734
0.03,0.1,26,0.018837154585585908,0.015890376257025718,13.771843535798505,0.01843098748467438,12.100563661539724,0.5037679609082283,4.857142857142857,0.500409828189906
0.03,0.1,27,0.006009519762849159,0.005747249856748338,2.8954070142018415,0.004870310276755812,1.4154558773856916,0.5912273466747182,5.535714285714286,0.61808075803301
0.03,0.1,28,0.028453542156586274,0.011418332958987915,22.372150171905606,0.011406556133962365,-5.73938481933097,0.5717982374971993,5.392857142857143,0.6075969878645201
0.03,0.1,29,0.0037401400189940853,0.0037740724362131653,5.551668239917622,0.002989232142791984,0.05175225152053523,0.6031685107518939,5.678571428571429,0.5996063100570901
0.03,0.1,30,0.012843312866691266,0.0052649678076132685,11.722326212754647,0.007053466252472186,4.069788269036546,0.5647060733801009,5.571428571428571,0.5813401520364792
0.03,0.1,31,0.08961152371051397,0.07941670086808306,35.413147934830256,0.08875089517855642,48.934614663182664,0.5259382920385628,5.607142857142857,0.5764207955190663
0.03,0.1,32,0.004314740936127934,0.001493568984265936,7.137040383643144,0.001231413109465465,0.3428406763701635,0.5790074770059476,5.107142857142857,0.5677241769050203
0.03,0.1,33,0.013028543947402901,0.010137301648012126,3.8715395939984014,0.008038065296356634,1.9569231941396577,0.5458726503646801,5.035714285714286,0.5928404773688332
0.03,0.1,34,0.003481437596320036,0.0027049671255236687,2.2619734046986557,0.003012440371081128,3.433036929349214,0.6075389636100615,5.964285714285714,0.633673848215917
0.03,0.1,35,0.17830719436718895,0.15087302118479914,85.47636191679881,0.17047727961909628,101.06100738799482,0.6434820338319112,6.785714285714286,0.7836926667828784
0.03,0.1,36,0.02627283762550971,0.0067783842215759435,32.5608469722522,0.006402489061410138,-11.186722673913541,0.5863952443843001,5.642857142857143,0.6222428556371822
0.03,0.1,37,0.003506425214053493,0.002012058267667278,5.637864707969318,0.0022677214258089813,-0.8562352739204565,0.5834170133470035,5.607142857142857,0.589341904174641
0.03,0.1,38,0.22134617137389065,0.20073843503562486,59.977623747546836,0.22123954503248264,96.38364266324618,0.5587817727174944,5.428571428571429,0.7149356677191019
0.03,0.1,39,0.02121915371087965,0.019505517309111427,8.55437549117203,0.02039814717517287,6.197940335627237,0.5706683039179075,5.571428571428571,0.5819169627268959
0.03,0.1,40,0.002334456838363121,0.0005358677293378733,3.6870865003831645,0.000368426848092958,-1.8790470618645447,0.5641229330178456,5.535714285714286,0.5523188373646571
0.03,0.1,41,0.005380074156151234,0.004791107075122601,3.212343160415552,0.0043230282842852685,2.015429094231166,0.5908635557228871,5.928571428571429,0.6158224394717793
0.03,0.1,42,0.05123102382395982,0.03531900616466114,29.660221466123186,0.04573283238600129,28.188117838048868,0.5731426981727826,5.392857142857143,0.5955756660663007
0.03,0.1,43,0.04598634234431184,0.012085368312301609,43.31689942048292,0.014444310552620307,-16.478813231509744,0.6064992606129932,5.5,0.6423443149136117
0.03,0.1,44,0.0029516511165826828,0.0021158582544186784,1.5762847862653377,0.0022418386726319505,3.3721814580201035,0.5673067686154338,6.0,0.5997029715632963
0.03,0.1,45,0.004746218895038752,0.004584751970416797,6.256737833659675,0.004152190875765961,-0.8247289307117569,0.5539636609835755,5.571428571428571,0.5747529872290484
0.03,0.1,46,0.005183917609065973,0.0025309103308446576,4.583342543802748,0.004512549224285415,4.387512490366087,0.5680087782545645,5.607142857142857,0.5833690780575912
0.03,0.1,47,0.0066737157161723066,0.00375698525097438,9.37680113632384,0.003509382426187966,-8.452634243958718,0.5998006726308199,6.214285714285714,0.6102794703921104
0.03,0.1,48,0.011973881824989683,0.012447802464709116,4.614294451494838,0.011070451740026487,4.641224127284829,0.6024273296114409,5.5,0.6233807858682043
0.03,0.1,49,0.007310808787693321,0.005465657843839461,0.3907868062373628,0.006466317896749076,-2.4469667231642425,0.5551309832263172,5.785714285714286,0.5774724143676999
0.03,0.1,50,0.014053578315207328,0.0013306388592659436,18.90535803745654,0.001966056767506016,-10.66938578994413,0.5820515836556891,6.535714285714286,0.6130524787839938
0.03,0.1,51,0.017691942244790152,0.01409018555797781,12.767806985983148,0.015761780929948146,8.203760670568045,0.6171687505983204,5.821428571428571,0.6211110711065024
0.03,0.1,52,0.042169805380081464,0.00855893243512507,28.18319360479356,0.007631920874512595,-20.060093305935286,0.5697968387931105,5.035714285714286,0.5864291741404359
0.03,0.1,53,0.005552113471533411,0.006262664042880716,6.981589170430226,0.005027664913492818,5.047261583204365,0.532333021752141,5.285714285714286,0.5180375978155224
0.03,0.1,54,0.0072988085564398624,0.005665830585029878,1.418160356298093,0.00605964036929754,-1.729031261701645,0.5406817423421528,5.357142857142857,0.5606436159619046
0.03,0.1,55,0.009659860401100374,0.008999434802634935,10.41196761449578,0.008334697797983757,8.59163165434608,0.6029292638433315,6.0,0.6208613504806353
0.03,0.1,56,0.009506726238086068,0.0003232843019685748,13.146818400678578,0.0005889548864014194,-7.2251461074657,0.5670166668459409,5.357142857142857,0.5455504800106293
0.03,0.1,57,0.014942403605942673,0.015517550949635084,11.05868666344974,0.01460684815353147,14.83443768398116,0.5969844211671715,5.964285714285714,0.6017396526334495
0.03,0.1,58,0.006770751198498072,0.008623005757059996,-0.9880276139848453,0.005426060679656538,-0.10249642752688715,0.5412186427518546,5.714285714285714,0.5720694686832336
0.03,0.1,59,0.020366271917542908,0.009703556921111573,13.334992176512344,0.013980830704966307,4.602380333733142,0.5233851953284009,5.857142857142857,0.5539547805504436
0.03,0.1,60,0.012659205267682268,0.010731544380056869,8.241054128212218,0.010970746058089613,10.31895553642037,0.5823639955185972,6.535714285714286,0.621343571701295
0.03,0.1,61,0.2257053386348363,0.2014936273830588,60.02085318974358,0.2251668232975953,86.67628660464294,0.5599761244292322,6.071428571428571,0.7169886535032572
0.03,0.1,62,0.015122540478184579,0.011599266560645628,19.065583444016056,0.012537104152955017,10.57972826106078,0.5700838899827874,5.321428571428571,0.563856489528388
0.03,0.1,63,0.003263182442636297,0.0027003647683068394,-1.2779375816641714,0.0027191985018018877,-0.665079366452602,0.548316690302405,5.142857142857143,0.5483358904459208
0.03,0.1,64,0.016334773873712006,0.018483668909301604,2.340643735419538,0.01603427037043437,4.104341759593798,0.550341680870879,5.607142857142857,0.56828729807307
0.03,0.1,65,0.0017581034616189828,0.0005742630263303532,7.862842298934453,0.0003061728454032784,4.055144271135295,0.5997770561589768,5.857142857142857,0.6133315499067505
0.03,0.1,66,0.07233291408916155,0.06562677568100896,33.809087014640845,0.06995050505187034,50.064275790237936,0.5727598415332028,5.857142857142857,0.6331333182802232
0.03,0.1,67,0.005605813468311404,0.0042241625851332475,5.323154329322686,0.003617786313557377,-3.064989118198431,0.6147961057146949,5.821428571428571,0.6178637273025821
0.03,0.1,68,0.006499502136533002,0.003147374348585558,4.980209952634065,0.004162818463648597,1.5147672580324638,0.5610193513071334,6.035714285714286,0.5669226810194283
0.03,0.1,69,0.00460357652021316,0.00269970802204667,5.522105716608498,0.0029932026339936223,2.965118829594843,0.5466489007855994,5.607142857142857,0.5455644813443066
0.03,0.1,70,0.03890878734459565,0.023533206741680482,36.428005716174,0.028475164113065582,16.45755111405394,0.6123710289131318,6.214285714285714,0.6541602134088911
0.03,0.1,71,0.010072124234179037,0.00871715549267355,11.762327472672382,0.006955415828759851,2.8465298295656773,0.5915454748173081,5.892857142857143,0.6158745521943241
0.03,0.1,72,0.04946661926068674,0.034266485907996164,39.62412528785352,0.04050378724625595,21.049355739507785,0.5495893417236015,6.178571428571429,0.5884554045024779
0.03,0.1,73,0.0034852903739182955,0.0017086445314606975,8.27321284230454,0.0016355642357959701,-2.7746490858558936,0.638256368497707,6.035714285714286,0.6576586457850722
0.03,0.1,74,0.010157509058844862,0.004919265695430997,12.598313079689254,0.006306329093584931,9.557013226744383,0.5875552803921079,5.357142857142857,0.6310212794572609
0.03,0.1,75,0.0032425943476852223,0.001420433538115839,6.422008797089451,0.0014594135939676298,1.4239205853536323,0.5690940444154035,5.785714285714286,0.5874721226229561
0.03,0.1,76,0.0024218326695847293,0.0015393982356630134,3.5266470246418655,0.0022276977753609823,1.1139454850964985,0.5508612019353706,5.892857142857143,0.5664494419761925
0.03,0.1,77,0.03609133009754601,0.034667573540203986,12.434769142147909,0.035555397910631725,13.61520523109896,0.5305521236677391,5.357142857142857,0.5672512396146654
0.03,0.1,78,0.05520777332674227,0.018366358054176305,53.87125484917167,0.023390204259846295,4.788280503767884,0.6246170328081524,6.178571428571429,0.6653202319005089
0.03,0.1,79,0.0074959381753820714,0.0029913297642091587,18.861136833589075,0.0049964709915748425,4.555363824508173,0.5739263083263992,6.464285714285714,0.5669316933721402
0.03,0.1,80,0.009310603142957662,0.004640095587920993,2.3774745244116198,0.006909686585266277,3.20869693739048,0.5787634543103704,5.392857142857143,0.5973667907003444
0.03,0.1,81,0.011153939256390511,0.009128841683244187,10.137623144431643,0.009458848888615598,7.827604605075957,0.5841505800515722,5.821428571428571,0.60854984299521
0.03,0.1,82,0.008474613782137987,0.0017587023509945327,14.641789579784444,0.0025077862357623325,-2.9343477461575183,0.5927961990175087,5.857142857142857,0.618431968211179
0.03,0.1,83,0.007127039987072378,0.004554869493882678,9.319226312607347,0.00397747403120331,-2.98582720715414,0.5836595403429152,5.928571428571429,0.5797063010040007
0.03,0.1,84,0.0023522519448531836,0.0013319651432518204,5.281884680636239,0.0020546899732995436,7.242040228358633,0.5649007086663758,5.142857142857143,0.5686920895044711
0.03,0.1,85,0.010881603694347448,0.0061573521802998615,12.736003549857012,0.007550745480812242,4.429114094531788,0.5847068750427445,5.678571428571429,0.6096347954787622
0.03,0.1,86,0.001890309047808564,0.0010913456512435657,3.4950525019435283,0.0005982787932995087,-0.15651315701314653,0.5652714243773733,5.75,0.5717213263260212
0.03,0.1,87,0.003939110303656011,0.0037624552026638215,6.181560119916791,0.0034155221847170488,6.134203345410413,0.5563126557235504,5.25,0.5497873519787078
0.03,0.1,88,0.01927838479090298,0.020042341398455215,11.658118399543554,0.019217872329830254,18.333505510244418,0.550699255128834,4.892857142857143,0.5681795320608439
0.03,0.1,89,0.004314932924520223,0.0014282838057070389,5.55453000806843,0.0013300345411046462,-5.945632349877438,0.6404129723933677,5.785714285714286,0.6339224925898419
0.03,0.1,90,0.004477370531695551,0.0027081025992558784,7.540058122743375,0.004015906871476586,4.8589902918166485,0.5702214705354911,5.571428571428571,0.5754459526617826
0.03,0.1,91,0.00599462302535736,0.005390552757874533,1.6018410251453474,0.005206359591506451,2.201919884591424,0.5511913688969947,5.142857142857143,0.5733401400065977
0.03,0.1,92,0.002897816267767629,0.0016276679178253695,5.695784740956204,0.00115605257028145,1.2941902680548385,0.5660867864010166,5.964285714285714,0.5950963215564398
0.03,0.1,93,0.008160198113450938,0.0022547995825870177,11.919521082580113,0.003996386114261737,4.6072204544188935,0.584751529563092,5.464285714285714,0.6188528631879947
0.03,0.1,94,0.0011697222008154992,0.000784739374937115,3.307431985994697,0.0007402177073438671,0.6935293689124459,0.5776699992154805,6.25,0.5818728062219793
0.03,0.1,95,0.0015690120332902088,0.0006001660735220953,3.3388527467241906,0.0011669187175412901,4.2146325601825465,0.5718469271295189,5.392857142857143,0.5768739076451411
0.03,0.1,96,0.0027088617162536596,0.0024725553513008057,5.235129483097201,0.0022976007743476636,2.812224516357446,0.5759088511970012,5.107142857142857,0.5892855367364744
0.03,0.1,97,0.0011910143604896512,0.0008428882773663808,2.487030918517197,0.0010830692004629196,3.499934147419765,0.6097966011799787,5.607142857142857,0.6158369739022131
0.03,0.1,98,0.01037387273492742,0.007423645825392314,9.413307037810881,0.008019083323834443,4.047925974480525,0.6008832546507618,6.107142857142857,0.6014733657744167
0.03,0.1,99,0.11798785936687868,0.08708261326712446,57.8071694456468,0.09803899794008317,38.711117527852615,0.6199883624069643,5.964285714285714,0.7042321912779728
0.03,0.1,100,0.0026997997894155335,0.0010176196712202645,5.0824058943940145,0.0006050808880593963,-0.9556873373613163,0.5687495919626274,5.035714285714286,0.567620695783704
0.03,0.1,101,0.0342018293237847,0.031867779184909344,11.876743074111204,0.03399936398646649,18.959783745740065,0.5542546356774327,5.857142857142857,0.5784626667387722
0.03,0.1,102,0.000686638292035031,0.0009846918861876016,5.8322474380977765,0.0004839847786479597,2.880003489016796,0.5417522738517148,6.142857142857143,0.5483861524174622
0.03,0.1,103,0.16021234550661415,0.14055967012630907,57.2864495565647,0.1587171636071102,81.03263759658947,0.5923048312577589,5.964285714285714,0.7213202255838153
0.03,0.1,104,0.008573587276405305,0.00647188527509465,10.226808613479298,0.007161848567983033,6.606841764350615,0.5583007227048643,5.392857142857143,0.5737093849486197
0.03,0.1,105,0.1381390635119481,0.09553044006808137,69.62796117622504,0.10737953212855814,41.84351900355575,0.6284847589491631,6.142857142857143,0.7379092612088157
0.03,0.1,106,0.0073194533717148395,0.00290801791771606,7.80522023224619,0.002385951592811323,-8.73665179067217,0.5680064579488213,5.178571428571429,0.5606005860010774
0.03,0.1,107,0.006129487153117971,0.0034880180552908035,14.919473048260377,0.0045887147047482995,9.33934350646056,0.5867175829537803,5.285714285714286,0.5913418920944673
0.03,0.1,108,0.0023789596507802196,0.0013712270853830397,1.9323830085397635,0.0013289831719362972,3.752273114084128,0.5537263092438065,5.178571428571429,0.5692884135478574
0.03,0.1,109,0.009828644949116167,0.007104396021064348,16.271270086690862,0.009020356031760263,9.511262482911093,0.6015035954239494,6.5,0.6117947124255062
0.03,0.1,110,0.005349313407614437,0.004915318824835196,10.664781066341305,0.004421347367743681,4.474456344091247,0.5962129606401821,6.107142857142857,0.6219958910209613
0.03,0.1,111,0.10815378455281777,0.08396775727772023,54.78408159742755,0.09677750631123612,43.66266323149906,0.5943686893626923,4.928571428571429,0.6730953273913397
0.03,0.1,112,0.010002836503533903,0.006409047222799031,6.860618058946481,0.006360920765563008,-2.07536725699047,0.6027851675012945,5.714285714285714,0.6080175408547375
0.03,0.1,113,0.003060992434593968,0.0023245468415732367,2.8769552346341527,0.00262596055897379,1.4238765904591066,0.5244585799626904,5.392857142857143,0.5184969059340866
0.03,0.1,114,0.0100238005143969,0.006492461562289462,11.967337628720506,0.0070498854242200025,5.351131677980874,0.5976471713913905,6.107142857142857,0.6052873210213765
0.03,0.1,115,0.029605235906912733,0.00675812939459683,22.79815712584472,0.00670653274991698,-15.776894889236871,0.5845371414356882,5.464285714285714,0.595655801573059
0.03,0.1,116,0.0016479555428152,0.0007949256586807527,2.7894203971296654,0.0005538399459151864,-0.486071122079134,0.5774906595455706,5.071428571428571,0.5991389652534624
0.03,0.1,117,0.01092643888376706,0.004400961736080804,9.92509683763698,0.0024242699304645263,-5.291939922686424,0.5323162957580869,5.642857142857143,0.5582783360627972
0.03,0.1,118,0.009894372564316033,0.009664305372855292,1.4360273381409172,0.00955849535646698,1.9867841433027706,0.5986273404871093,5.107142857142857,0.6203206998437891
0.03,0.1,119,0.006062705907322958,0.004317646825909929,6.123357047524479,0.0041387417515777606,4.426848018546015,0.5303926321002554,5.535714285714286,0.565800472113505
0.03,0.1,120,0.0042181873977356265,0.004197515405941462,7.3081066756650825,0.0038742475835897854,6.215644204862457,0.5479937587015461,5.571428571428571,0.5419139956914014
0.03,0.1,121,0.015960264050702652,0.010907780885928507,7.260361950414041,0.013899999585552105,1.4203863168795579,0.5994027852832462,5.678571428571429,0.6190241381232371
0.03,0.1,122,0.034619696872761015,0.00829035858689174,31.154792096643178,0.01049116220052199,-14.675328337231093,0.5985155363903889,5.857142857142857,0.6203661840613817
0.03,0.1,123,0.0014223158382962288,0.001459366277229172,4.305811485151783,0.001169657786175961,5.121309434974194,0.5465497039160436,5.321428571428571,0.5778977652287248
0.03,0.1,124,0.005958698341018342,0.005402557053236897,9.42404996824819,0.004707666570961435,8.551390209463051,0.5701832940216274,5.357142857142857,0.5783316255209934
0.03,0.1,125,0.006759114279691562,0.003594097941408388,9.594320565917608,0.003378701017911142,3.853788035276068,0.6283583525328684,6.035714285714286,0.6325173501242852
0.03,0.1,126,0.010715194675622052,0.009527371035159481,6.427621058742034,0.008609966371452444,-2.3125468406441314,0.5525196654685359,5.5,0.5591686478796898
0.03,0.1,127,0.003953271566682622,0.0025327306386813304,6.059788659772219,0.002894527042943434,5.336811832032434,0.5812156352112616,6.142857142857143,0.5932210380438917
0.03,0.1,128,0.04799326850271155,0.03921810319303256,30.089797531380167,0.047326980714037126,38.049258164682634,0.5734221362264339,5.5,0.6083079176521015
0.03,0.1,129,0.014395354615221291,0.006923072330688561,19.366988587980046,0.006521296201206354,-3.9134652849884994,0.6046064421162086,6.607142857142857,0.6426278218037187
0.03,0.1,130,0.006551534607497069,0.0037658203979764743,5.77696087776269,0.005325842230942048,3.0371484823796684,0.5362511602306271,4.964285714285714,0.5310326761606539
0.03,0.1,131,0.002720736523718444,0.0013093397488105705,3.480787454517715,0.0011496117681793283,-2.5270216933722054,0.5941040689274649,5.785714285714286,0.6110587874409505
0.03,0.1,132,0.006647036486496441,0.0049546541132266305,2.9418441773045365,0.005094597235661255,0.4699025758883882,0.5503623396417108,5.071428571428571,0.5688300006295068
0.03,0.1,133,0.004701843312603851,0.0038291649983176025,3.3679111211870443,0.004182913251878422,1.795202099664749,0.550821829962706,5.75,0.5714788678861564
0.03,0.1,134,0.008206868776342774,0.005889001370624913,3.230790346583253,0.0028628732252490886,-5.895940404248904,0.5244510175045375,5.678571428571429,0.5549172917733247
0.03,0.1,135,0.0022113138933008863,0.0005347583886755665,-0.5646332049203409,0.0007215558190781652,-4.113231680539201,0.5520905518328089,5.607142857142857,0.561811510254008
0.03,0.1,136,0.01525887582261891,0.01710771228666649,8.523593094033393,0.012843253842133865,3.447404245235314,0.579764381390346,6.107142857142857,0.5905636110638519
0.03,0.1,137,0.0006836126968963142,0.00017148495666722353,0.5174111142941437,0.0003239979138137479,-1.1951866171671004,0.578438882842549,5.142857142857143,0.5761994296055817
0.03,0.1,138,0.013449484452299659,0.01160250434166663,13.201023530618718,0.013060912009071963,10.130374534845023,0.598845763669785,5.714285714285714,0.6280459960508293
0.03,0.1,139,0.00611076013265315,0.005332952140057417,-0.01169216127206596,0.005021213656653393,-1.0451015884829076,0.5533913016773616,5.25,0.5810785322886722
0.03,0.1,140,0.00396482120818928,0.0030242857575368052,4.956557004084071,0.00242136714733234,3.0394537549899496,0.5800764152160841,5.857142857142857,0.5947640916344843
0.03,0.1,141,0.00548015116811748,0.0012717291826903595,11.04715041393312,0.0015628047135063056,-7.9605828899944795,0.5442510965104451,5.964285714285714,0.5605247253267998
0.03,0.1,142,0.010243771232682709,0.008281379907209466,9.55655633643253,0.006655965632818953,0.6245252321983893,0.5855649518061112,6.107142857142857,0.5938027270725509
0.03,0.1,143,0.0015364030728241258,0.0006904436308452773,3.8015824983481252,0.0010186146564605514,2.020254872990781,0.5315540467429355,5.25,0.5378592014117047
0.03,0.1,144,0.005144936393255109,0.006147144185429817,6.579531353286541,0.004436511324772887,6.283932161607699,0.5969262939354331,6.178571428571429,0.5959978082883581
0.03,0.1,145,0.013031624478155384,0.011672025890252131,5.027076662270086,0.012243656513066473,7.887839142250281,0.6106719896488783,7.392857142857143,0.6384045588905725
0.03,0.1,146,0.10496632025805817,0.06627026701148231,63.56958165750964,0.07709577656152777,27.963229909296405,0.5856419469927553,6.321428571428571,0.6602871849559733
0.03,0.1,147,0.003504633763141459,0.0019215761113374424,6.309606701696377,0.0019467771919448177,-0.1390811308678129,0.5195434516885175,5.607142857142857,0.5406919568740214
0.03,0.1,148,0.020553471428750247,0.014642468501888363,14.254132184816692,0.017968200990098947,9.95889070310877,0.5267570696661017,5.25,0.5525418930942751
0.03,0.1,149,0.005868557903478959,0.005847503952103893,8.494227808397625,0.004367252865197577,-0.5889525445702285,0.627335945402783,5.285714285714286,0.6345052679288725
0.03,0.1,150,0.008141212259719024,0.004106745820928483,12.450191217286951,0.003817601686114451,-0.25510142857287593,0.5838699682551016,5.214285714285714,0.5954698815646597
0.03,0.1,151,0.012638330516867,0.013024288861895689,7.848231258566784,0.012419281540346994,7.862492506435274,0.5757791416810594,4.5,0.5946101574314686
0.03,0.1,152,0.012617769280779222,0.012622082618041356,10.288281422953995,0.011994501478125773,9.200737638452503,0.5868475876112516,5.642857142857143,0.602414653711336
0.03,0.1,153,0.005866849190346227,0.001670580396622205,10.141990397999848,0.0023479188327946102,-6.138438292669595,0.5626524354788219,5.607142857142857,0.5807078288743922
0.03,0.1,154,0.001248113675595445,0.0018832314775784923,0.8262858557500768,0.0010446843845086273,-3.26097264010545,0.583738476370301,5.714285714285714,0.6091142315253596
0.03,0.1,155,0.005955685324767962,0.005636574170373609,6.1977340954399835,0.005499907181543489,3.183443646170654,0.5972196787512205,6.642857142857143,0.6081859189623225
0.03,0.1,156,0.010884564557442264,0.011139233276638374,3.582503080256894,0.01040835601842297,4.617063275217248,0.5834942311148188,6.0,0.6098077602301382
0.03,0.1,157,0.005018121633207656,0.0026613899315548147,3.9328861495700855,0.0020712878787711555,-4.1143123359887666,0.5463442501941873,5.714285714285714,0.5417936063503209
0.03,0.1,158,0.013004944195871308,0.008076487453112591,19.801081805739937,0.00901291212342531,6.6363352543302865,0.6132347418283111,6.0,0.612193891253321
0.03,0.1,159,0.007268787830360116,0.004756460161148756,7.41591026331389,0.005845415863619555,4.611825774037499,0.6028581041978225,6.142857142857143,0.6333485083180772
0.03,0.1,160,0.006611966662853422,0.004454608526845992,10.608615665605603,0.004701874421237066,1.7283029827502219,0.5816168227603017,5.857142857142857,0.584967613944566
0.03,0.1,161,0.005978227037054898,0.00513423243611564,4.502725074942826,0.0050141694298515335,7.968119309418938,0.6294785454894365,5.928571428571429,0.661730760680137
0.03,0.1,162,0.007001478092408648,0.007562754546184191,3.067589852396253,0.006462775324628417,5.445200609363809,0.5900498445140014,5.5,0.6120358431526949
0.03,0.1,163,0.029328814138364707,0.02784614695318131,17.38998727767113,0.027439457354939394,12.928133806579192,0.5744365596167477,5.821428571428571,0.6212340856976473
0.03,0.1,164,0.007671691890175838,0.0020757262490172807,13.04775570578702,0.0017171605901093912,-3.2224437553659206,0.5376119853922823,5.214285714285714,0.5446467502489625
0.03,0.1,165,0.005996230999433684,0.0006166384108701949,7.103734680119923,0.0006570985434856391,-3.378377137233381,0.5943170684614782,5.714285714285714,0.6061205914853354
0.03,0.1,166,0.006721757963846953,0.0027804118906438737,3.509915923820728,0.004016087734811759,-0.4401433814660057,0.5493417641819397,5.214285714285714,0.5600133145441202
0.03,0.1,167,0.019016741424163174,0.01085891866539466,3.8355698313068842,0.014374660699533607,1.9304001074518833,0.5555361794448556,5.5,0.5969406452233996
0.03,0.1,168,0.0011714490983227486,0.0013960217434445309,2.6837850043779574,0.0008468419997111191,2.1221234158988884,0.5401077562604713,5.142857142857143,0.5400021699049671
0.03,0.1,169,0.0013546192877716106,0.0013637369265555913,-1.7140236803664475,0.0010685472723375217,-2.022663006925143,0.5156495604573278,5.357142857142857,0.5351518946804391
0.03,0.1,170,0.008126365048226034,0.008685053989454307,3.036104929204773,0.007723847603389996,1.278575059615927,0.5862493472261023,5.821428571428571,0.6015971347477641
0.03,0.1,171,0.010255387467787673,0.009853478752023222,10.767641049423597,0.01014527001639926,11.684853654424558,0.5669157254107183,5.928571428571429,0.5878394564633986
0.03,0.1,172,0.0020243594341762088,0.0013487948996914246,5.093340509977139,0.0011550561040789909,3.1406663211445127,0.5929863895145671,5.857142857142857,0.6166980860986566
0.03,0.1,173,0.018707782431392282,0.009588378133463905,15.905345891917989,0.01530227077511657,9.24574824141835,0.5566849357728144,5.857142857142857,0.5656609013476239
0.03,0.1,174,0.021314722522431967,0.01901881388782926,18.06633095255405,0.019381651577806216,17.648563899560873,0.5672882603616877,5.892857142857143,0.5657817332595964
0.03,0.1,175,0.002513607083349324,0.0015024785832351893,1.4044425461753274,0.0015731761450434407,-4.360090389912794,0.5553599854254377,6.0,0.5453609590845171
0.03,0.1,176,0.0037170284478722777,0.0029216126951828476,3.8897536661035113,0.0026915931102951024,-0.8004983287903258,0.6104891151304777,5.428571428571429,0.6323373142970652
0.03,0.1,177,0.035294777939143665,0.02248825476297458,30.606801611344462,0.027449331797783978,13.546741776959436,0.5611362073258939,6.142857142857143,0.584371360310185
0.03,0.1,178,0.002061551848651702,0.0016105088840885488,4.074349885742426,0.001490470558543186,1.4276923122505802,0.6132042171051967,5.928571428571429,0.6230117622116286
0.03,0.1,179,0.06569011581488379,0.05748500898912837,30.527561557950577,0.06515791818645306,41.42078321564812,0.6234114508135468,6.178571428571429,0.6621094907210512
0.03,0.1,180,0.02728561912218371,0.019843126285456685,30.788172394494364,0.026493834217628,35.583806261769745,0.5697076769888291,6.071428571428571,0.5997005675986778
0.03,0.1,181,0.006110758871011135,0.005252685999278394,4.364719056506876,0.005513149113141754,5.502823199139452,0.566517100805452,6.035714285714286,0.5913474544059066
0.03,0.1,182,0.005013314386806719,0.003730476554382562,8.296415511384888,0.004281585894460545,6.0022113328025455,0.5765991292213319,6.107142857142857,0.6090402517773735
0.03,0.1,183,0.046345091182046404,0.045456383079660614,23.158328885237427,0.04501177919742689,27.678391372685525,0.5462867705343861,5.285714285714286,0.5602916514015333
0.03,0.1,184,0.006942405866107145,0.006358817693470345,7.773523693805544,0.006222841592725166,9.561006782695785,0.5553712747610559,5.607142857142857,0.5698347572557247
0.03,0.1,185,0.0010227548711258725,0.000954563595654871,7.419952060855981,0.0005805663972057693,0.9007481015578284,0.5743404533347263,5.392857142857143,0.5977193688249072
0.03,0.1,186,0.021157910213669508,0.015255741365872114,9.325751994664378,0.018108836808441053,8.3505894714732,0.6183097666812897,5.607142857142857,0.6340970365146283
0.03,0.1,187,0.0028795108281854265,0.0019486761770211598,6.073264299222084,0.0016513168221589933,1.7479454211905836,0.5665134198142014,5.464285714285714,0.5481189301244986
0.03,0.1,188,0.00839503049943452,0.01019848473138053,0.5894582350347927,0.007776751145894956,0.6231279888742733,0.6517875222560292,6.214285714285714,0.6741081408194797
0.03,0.1,189,0.1342035477433325,0.08925572280458237,65.67304789276481,0.1117524578441792,52.507210675858175,0.6246392646861866,6.5,0.7078985491324175
0.03,0.1,190,0.0036253865653183255,0.002675875753881756,5.528600786088646,0.0021008417197857254,3.9209061986704987,0.6270140247746996,5.892857142857143,0.6608062099696828
0.03,0.1,191,0.012273777170315173,0.010339238412760974,8.435932004471567,0.009562083987907193,5.063562877012866,0.5932711944668453,5.857142857142857,0.6005378413175242
0.03,0.1,192,0.008831956148892718,0.005778817462371157,10.924370804759263,0.008049120186163088,8.649106226775132,0.5845330287728558,5.392857142857143,0.5846327990062633
0.03,0.1,193,0.076260211259443,0.05129052797634534,48.81806483823044,0.05642227695227945,18.10694758170516,0.6374743248107873,6.214285714285714,0.6898877645749772
0.03,0.1,194,0.004469029368317394,0.002571794609776641,11.76336673532208,0.0029276659643587264,1.2248264698872617,0.6414447288956472,6.214285714285714,0.6472389578700724
0.03,0.1,195,0.0008050804729228378,0.0008225220979490353,5.603770282082697,0.0005020012765350165,2.0611145685486556,0.564965657701223,4.964285714285714,0.5645483686507504
0.03,0.1,196,0.011522612771044194,0.007794854426718391,10.176521116461222,0.008729124228639336,1.4979584493421783,0.5985243328062272,5.142857142857143,0.6197367577269521
0.03,0.1,197,0.008280871810496082,0.0012155122874162247,13.6675546417828,0.001388114435405424,-4.678951107748219,0.5792466748515236,5.607142857142857,0.5930902382284176
0.03,0.1,198,0.003378503595731389,0.0017584962454036187,9.15624436165561,0.0012928490519899288,-0.1308970267641314,0.5985631478735399,5.464285714285714,0.6045802838459597
0.03,0.1,199,0.005901926353377403,0.004353282323816789,8.644011150468023,0.004506263308146996,8.60458284573132,0.53420715006987,5.25,0.5213503817608971
0.03,0.1,200,0.02885471902035745,0.005821716039931522,31.214984699393625,0.007659087377470983,-2.096695573660554,0.6351368726462058,5.857142857142857,0.6604892085097873
0.03,0.1,201,0.006902636514817269,0.005513241548041693,9.895565341203394,0.006875881697646959,8.401465092540699,0.5564398615266862,5.178571428571429,0.5537135894726788
0.03,0.1,202,0.0029574363724891996,0.0007735160019744256,4.5098446598264745,0.0011074050496073708,-2.1631169032154483,0.58229648875456,5.928571428571429,0.5774714085247634
0.03,0.1,203,0.04824377993623178,0.020865974093991678,40.4158200850863,0.025616302880523835,-0.6957352761042538,0.6229724527527291,6.464285714285714,0.6509332178075782
0.03,0.1,204,0.014989125259465198,0.009236696045734143,16.246905404414964,0.010082224946241105,8.912667613106171,0.5778295943145105,5.571428571428571,0.6045869827599175
0.03,0.1,205,0.22054708570731202,0.19002938688115248,69.64692073154576,0.21520303163750215,88.73355482685203,0.534532990740493,5.857142857142857,0.7084375904205651
0.03,0.1,206,0.009508441326880472,0.00023819936380582984,10.368120817689743,0.0004579484860925206,-8.006489283086665,0.5527756527517512,4.964285714285714,0.5465759368844822
0.03,0.1,207,0.003915078526534841,0.003333844743562295,5.263860697404605,0.0028642545148950533,-1.0350114432564606,0.5229494059070028,5.535714285714286,0.5419683514436947
0.03,0.1,208,0.00391384397362103,0.0034583735562136396,5.276498023749563,0.003518500925082173,0.7359532466141635,0.5836689105195657,5.714285714285714,0.5887723456117973
0.03,0.1,209,0.006057893987599161,0.003926662697014403,7.735876274064036,0.004568839243691692,3.085921184939963,0.5064114842532602,5.214285714285714,0.5210673174416821
0.03,0.1,210,0.011104892047197924,0.0028765660901915874,18.611516679028853,0.004248342513852839,-5.704417953876288,0.575084737090754,6.214285714285714,0.5861085415875393
0.03,0.1,211,0.0025383718562984542,0.0023240675285585177,-2.2112703776882086,0.002362845187814433,-0.25986856325856894,0.5852956393772191,5.714285714285714,0.5815495785943064
0.03,0.1,212,0.026440250794140627,0.025531212936833414,14.09403969246828,0.02492792781728704,16.590359406163078,0.5665812016136033,5.321428571428571,0.6204369350535415
0.03,0.1,213,0.18192893183374967,0.15976122263176032,60.02939425333118,0.18109521794908384,91.82193925948286,0.5793078336694529,6.678571428571429,0.7366053467763973
0.03,0.1,214,0.09463606155978826,0.05818866302091956,58.84832310994606,0.06813572627555264,30.157487932830435,0.6384021277328694,6.535714285714286,0.7188993829208905
0.03,0.1,215,0.03344183295037528,0.029404087892948644,12.925113483882276,0.03291159768748989,11.31252703478584,0.5445187260510436,5.964285714285714,0.5742101740298887
0.03,0.1,216,0.002464026716780983,0.0033647614142221435,7.3025437727492415,0.002221783712658133,4.788714721413659,0.5767312083279494,5.428571428571429,0.5868468906535722
0.03,0.1,217,0.009630841583825184,0.007923149575609603,8.032488999367663,0.008775339838041194,11.06973367470954,0.538521738913378,4.678571428571429,0.5494215973116755
0.03,0.1,218,0.018004598232545237,0.016262772082487276,13.498759795590624,0.01759622697539508,13.66642839782505,0.5641184164860467,5.571428571428571,0.5712409960900824
0.03,0.1,219,0.0034441255597916737,0.00030791331847644714,4.840784831170519,0.0003543622609629156,3.807497721342012,0.5774232425975401,6.071428571428571,0.6005494789203006
0.03,0.1,220,0.01732649410385884,0.013249106248644884,17.66793481098806,0.016723007452924953,17.66636035877961,0.5752743044297225,5.75,0.5972997915023381
0.03,0.1,221,0.010461309123747774,0.003193472943480873,21.91180173063152,0.0020227394137811443,-3.749231321334046,0.5835080007491443,5.714285714285714,0.5832725473109666
0.03,0.1,222,0.008143527024583756,0.0076197825307411145,3.8276376868094055,0.007707248327206756,2.4610696644000236,0.5875914067315843,6.428571428571429,0.5805029789019264
0.03,0.1,223,0.0035129210241783295,0.0023532121308213238,2.325517163086431,0.002828921746042974,-1.4125399889434125,0.5313666566588915,5.928571428571429,0.5397234608856674
0.03,0.1,224,0.01976394114683035,0.01128085899068879,19.337280477884377,0.016114893617356494,11.85989320515163,0.6013614762573597,5.321428571428571,0.6166047438741412
0.03,0.1,225,0.004325500284396581,0.003056460972152354,4.126086561667743,0.0032468342089173184,-0.9037669344596301,0.5876832789396133,6.214285714285714,0.5967583663664306
0.03,0.1,226,0.0023393330972243365,0.001998623325296746,3.8569398216875377,0.0018207483781249225,9.678101393330232,0.5966987968120979,6.178571428571429,0.6220918283202532
0.03,0.1,227,0.0019599268608596738,0.00020703346696332643,2.74348641565418,0.0008274321573117545,0.6304633962625511,0.5452130788562933,5.607142857142857,0.5486501057208821
0.03,0.1,228,0.02039675573338274,0.012532963048822917,7.1827254780242145,0.015321065376045792,-2.205132383244063,0.5143965774976856,5.75,0.5425125225308189
0.03,0.1,229,0.004078693451944482,0.002104389673262603,9.940758217946495,0.0014380054086147787,-3.929319449955718,0.5755555002186717,5.964285714285714,0.5760261832181837
0.03,0.1,230,0.012158979805843576,0.010549337388558646,5.897324364762018,0.011988496969389858,14.86228220192234,0.5946841228457901,5.571428571428571,0.6170681155981692
0.03,0.1,231,0.015286703757876314,0.011235954333794691,14.17703010316786,0.01305200607373244,4.476575306477495,0.5762649663038324,5.928571428571429,0.5941591575755605
0.03,0.1,232,0.007106043122519064,0.0035710914378820602,11.424128008994634,0.003852410484356157,-4.663479727769773,0.5539176522806561,5.607142857142857,0.5589703258278826
0.03,0.1,233,0.02710355352749478,0.025453878604300165,12.832402075282166,0.021438319085412515,4.664065419561571,0.5416171197626959,5.428571428571429,0.5698928044515954
0.03,0.1,234,0.1775893388819504,0.13694735930278445,65.47964466818686,0.14758645081560895,41.57741471343065,0.6010192261734366,6.857142857142857,0.7101848401857146
0.03,0.1,235,0.030697735184570085,0.01957592597899676,19.28643595690474,0.021192277464235194,4.823303306670529,0.552143115280515,5.607142857142857,0.5940084722452302
0.03,0.1,236,0.14498810697372408,0.10351281832283755,71.9552074977358,0.1177299805558983,46.65785466591253,0.6342120336390904,6.428571428571429,0.744498809864006
0.03,0.1,237,0.0018519027043913396,0.0014505328975389375,4.698677611348454,0.0014314054475016275,1.2119906018365991,0.5941842715630402,6.642857142857143,0.6044278483489196
0.03,0.1,238,0.13808318951994691,0.1141992350806456,51.67355405024966,0.13372889889497247,61.22883768699498,0.5688839399732469,5.285714285714286,0.6786775042286768
0.03,0.1,239,0.009569599217342,0.00696929504669029,3.4150035266981056,0.00937303968922581,5.7876006067529415,0.5478854153398219,5.642857142857143,0.5635287758412177
0.03,0.1,240,0.0398987787707947,0.0405728272519223,12.325828899729922,0.037670698186697806,11.073429607287466,0.560773803635219,5.607142857142857,0.572752053816862
0.03,0.1,241,0.01322324057495024,0.010808090942208717,9.097951454585152,0.01108576283156036,2.0281319644841935,0.5835099019194875,4.964285714285714,0.5970708012993942
0.03,0.1,242,0.01321080933175905,0.009549495934718155,14.400139971323824,0.01210904911365407,13.92025685757226,0.501714693405164,5.25,0.5338378111759319
0.03,0.1,243,0.005254206970436012,0.0014028806274373631,4.933017290002719,0.0004951854626095764,-3.4624481104374922,0.5523193446650971,5.535714285714286,0.57456356688723
0.03,0.1,244,0.031111843462932304,0.012006589020426893,36.55292527352266,0.01648208047225949,-0.9595046252161316,0.62219165747382,6.035714285714286,0.6533472911475396
0.03,0.1,245,0.04691055090181097,0.035820452745632274,21.329456723177515,0.045965830065111596,33.84068839250046,0.5633114176926052,6.428571428571429,0.5776278372182617
0.03,0.1,246,0.054784309967081675,0.04140062538711227,39.5061915147223,0.047833967901148015,24.17005590812165,0.5699441756363708,6.035714285714286,0.6118540269834769
0.03,0.1,247,0.007313351817285632,0.001921156884709283,13.768769411382086,0.0028663061299959236,-4.840930749469474,0.5635075928155749,5.357142857142857,0.5647978478743126
0.03,0.1,248,0.0036422978358218922,0.002753194520179186,9.261572120508882,0.003233192853683255,4.712786803646945,0.575779397746971,6.0,0.6062735097869851
0.03,0.1,249,0.011439215200878995,0.007519250635203539,10.88989665773523,0.008835316286665281,5.199191955227017,0.6072208831652802,5.571428571428571,0.6196976807288656
0.03,0.1,250,0.02101062466306194,0.012592191014506048,13.808657671987978,0.01259470564983508,1.6046992990050246,0.5541242779428414,5.785714285714286,0.5776213092976032
0.03,0.1,251,0.015108787737575891,0.003835463251405863,17.62460073635712,0.004383676373039858,-4.167133226492392,0.6159308623998394,6.25,0.6339687915402131
0.03,0.1,252,0.01552487810168314,0.014440444766630445,11.482333150722525,0.015481748236455428,14.604925783260635,0.5736945588619261,5.142857142857143,0.5808947245504399
0.03,0.1,253,0.008872789473653183,0.01001543580393686,5.375010406672629,0.008253933093398969,1.8120823827728998,0.5668924520596106,5.25,0.560525338890991
0.03,0.1,254,0.014439362689339397,0.011830982029580743,11.344566476148154,0.010274277506993945,-5.379776690933123,0.4938488339644933,5.642857142857143,0.5188341550122957
0.03,0.1,255,0.005583761102716387,0.004456520814688768,9.289328297007748,0.005419517202903057,5.809602615839689,0.6317649294178002,5.607142857142857,0.6443889924351106
0.03,0.1,256,0.007667695307229142,0.0030445543251359287,9.20214557847485,0.002680744081934968,-4.579503453340256,0.5733119819895267,5.642857142857143,0.5769846308356009
0.03,0.1,257,0.01825376594667881,0.021573299746541336,9.406740658599583,0.01814912578010903,10.372824770320657,0.5576366921391703,5.607142857142857,0.5619832679938601
0.03,0.1,258,0.015824827589150145,0.014455426898900406,12.011684602973778,0.012922933322071103,8.995105837415935,0.5674127931412037,5.857142857142857,0.5622873242551616
0.03,0.1,259,0.004801329786002822,0.004518932287386788,5.908344600018334,0.0041888304429055015,3.55051097609937,0.5793273928515986,6.178571428571429,0.5955670057586167
0.03,0.1,260,0.05149599533799214,0.03631641266911957,38.17668492031873,0.044618647196075584,32.78453866697216,0.6066611267510134,6.464285714285714,0.6406582002821479
0.03,0.1,261,0.0037760189341707897,0.004332307547690562,1.5930582789409489,0.0037066980993963683,1.947860605670608,0.618234939445528,5.464285714285714,0.6258624920872222
0.03,0.1,262,0.0028038929691712555,0.0002762366864416994,8.851927644305846,0.00020716199479831168,-2.6736475012246785,0.5873347302109438,5.571428571428571,0.5956717643004625
0.03,0.1,263,0.0022903256787390183,0.002307829388625339,-1.0241205929810444,0.0009305503282944121,2.4656962868870758,0.5709702398439042,5.357142857142857,0.6004262229268509
0.03,0.1,264,0.007752729269994926,0.008500742577352014,8.262384668465975,0.007109579377093156,8.407749824938918,0.5567246806622425,5.857142857142857,0.5580300336754707
0.03,0.1,265,0.0034534285225842464,0.002955201734725563,4.3776556541276745,0.002779243466664013,2.0771624693874173,0.5499064980169189,5.25,0.5548362208326358
0.03,0.1,266,0.006556842324807654,0.0036240526479181757,3.287093706196496,0.005259752410140895,-1.330123342370636,0.5915592094737089,6.0,0.6068068680625409
0.03,0.1,267,0.16905322054121397,0.16273466657639246,51.71175908728012,0.16849145976278956,72.2200746368316,0.5817975003510182,5.607142857142857,0.7083657531180338
0.03,0.1,268,0.004908390293853073,0.002015392872487965,3.4629084702233492,0.00034502651121450396,0.18788556281002874,0.5487687538769007,5.464285714285714,0.5639639940214507
0.03,0.1,269,0.005445620266469644,0.003522131091558141,6.187200964121729,0.00537430209355773,11.328681689135228,0.5994749120283037,5.785714285714286,0.6255590091563945
0.03,0.1,270,0.01204764829326707,0.00760937682001449,12.632645504895285,0.010741964887790332,12.740601679513807,0.5597903519402271,5.821428571428571,0.5612940040631327
0.03,0.1,271,0.004630585584738077,0.003780476647986606,7.220523914161144,0.003335388544934891,0.5574826991344631,0.5615884372921216,5.071428571428571,0.5755963060639439
0.03,0.1,272,0.13117949267389084,0.09180627109288166,76.48707643773254,0.1050374520218394,33.05342358430393,0.6278326079887705,6.928571428571429,0.715445529503659
0.03,0.1,273,0.004151281346393747,0.0008884058082030725,9.173073158916642,0.001555996853512396,0.29373435272001797,0.5349703127761699,5.178571428571429,0.521610814614039
0.03,0.1,274,0.07214337816272076,0.05822488630804996,47.738325980310606,0.06687345802477518,45.137441107203735,0.6244253613473145,7.285714285714286,0.6777777073128921
0.03,0.1,275,0.008754001301190927,0.007086998785717039,8.814599460784043,0.008416186171993805,7.159117098676812,0.5466367300721748,5.5,0.5622012945087951
0.03,0.1,276,0.012883682001405265,0.004651453755790089,17.308322779803746,0.0031194855224290535,-5.137982214463922,0.5584768032595803,5.428571428571429,0.592987541664592
0.03,0.1,277,0.008899358591156235,0.0029799083957397876,10.144832027961732,0.0021969540895963977,-7.334252084480217,0.5779821957122914,5.785714285714286,0.5778692495814726
0.03,0.1,278,0.02097542331632563,0.024608278752554634,15.625176384931422,0.019039010663206495,7.909258817241285,0.5736665665227557,5.642857142857143,0.6027820981945013
0.03,0.1,279,0.002143693198908318,0.001862803471829157,2.1056414721871684,0.0020030384927465904,1.102887599212399,0.5348162442319471,5.214285714285714,0.542999672381868
0.03,0.1,280,0.0019523659445811797,0.0007814882952696467,4.1174038775924755,0.0005699099235027585,3.033542603949987,0.6154031402638643,5.357142857142857,0.6130129692734446
0.03,0.1,281,0.14104730897229897,0.10876828361973301,57.63417365900383,0.1351259314374998,79.49658707388565,0.6006167833839513,6.285714285714286,0.7381211017896908
0.03,0.1,282,0.0017946728713182586,0.0006403108149720123,6.500271058745606,0.0006763950234246645,-4.0428430479597255,0.5320980117900052,5.071428571428571,0.5460424478493446
0.03,0.1,283,0.02035235671897635,0.019357332854494865,13.396674025437713,0.019106882598684122,14.180498213538518,0.596074946976601,5.392857142857143,0.6168345890435812
0.03,0.1,284,0.0018872289352612876,0.0017948649611024,3.6862002776067584,0.0010246291375453607,0.42241673594376533,0.585938827367192,5.714285714285714,0.5899320020502499
0.03,0.1,285,0.013800421018292458,0.0023536004953927173,20.076070469744298,0.0021077421593319297,-13.080809452367333,0.5791439115841737,6.321428571428571,0.6111195001206031
0.03,0.1,286,0.022666362486948918,0.012209315079764192,18.994186521152567,0.016794005798541903,4.371177252147949,0.5509530415127816,5.964285714285714,0.5563860940383383
0.03,0.1,287,0.008867365288816719,0.012059806753312608,5.506872400001849,0.00855847303820345,5.263121252914051,0.5876926821839514,6.071428571428571,0.6288217322988152
0.03,0.1,288,0.005940518372834144,0.0035432788321966033,2.06350462745606,0.00434085017321047,0.7707576431580302,0.6099250012312984,5.535714285714286,0.6204079969522557
0.03,0.1,289,0.008466598797002314,0.0009503297880514168,18.502009558596047,0.0007050767950581413,-4.596789581652398,0.5318421704578705,6.107142857142857,0.551069660904848
0.03,0.1,290,0.010470924879428072,0.005513039293214397,10.157704158824004,0.006837133092314787,0.9983896999486698,0.5901026685973597,5.142857142857143,0.6045502292590145
0.03,0.1,291,0.0006852086508806991,0.0005616592506638874,0.9780685076403396,0.0004356902666756201,1.650850365561458,0.593239676334236,5.678571428571429,0.5968818235284679
0.03,0.1,292,0.018873773955530585,0.01661704425004378,5.3710529955797695,0.016728656900033056,5.461113526612773,0.566798824245529,5.5,0.6052648706070318
0.03,0.1,293,0.02238044764335677,0.020631449340337744,9.056368294108248,0.020182042709165515,6.885796045552117,0.5676135501483847,5.928571428571429,0.5954466063591071
0.03,0.1,294,0.004386736210555326,0.0037252091802247307,11.450131499833637,0.0032440852483751233,4.111371738104178,0.5374071849717764,5.392857142857143,0.5478681634219774
0.03,0.1,295,0.006526801637630517,0.0017760270783232438,12.34298200787805,0.002416152889637544,-0.8703483195548642,0.5560193280209402,5.214285714285714,0.577783300302541
0.03,0.1,296,0.010558725356355107,0.005529032071283948,11.71280695185888,0.007408706769127587,6.45619213393266,0.5641945889046491,5.678571428571429,0.5709808348145333
0.03,0.1,297,0.005919168671769482,0.003080839987407154,6.1074662643869715,0.0042684770712984425,2.1301104797253365,0.55216138311191,5.678571428571429,0.5822808364676364
0.03,0.1,298,0.011257489702309059,0.009786148593231393,12.919030468837368,0.010245545590752317,9.839243936913467,0.6062226099071005,6.25,0.6231255532230449
0.03,0.1,299,0.02858023764420718,0.01877312610839119,12.581403752049113,0.020697005743572514,4.939054208447146,0.5815081214783069,6.107142857142857,0.598961393741437
0.03,0.2,0,0.1362276285328729,0.10462717907399495,67.53237366089405,0.11689111643196902,47.94613319206786,0.6459516688253197,6.785714285714286,0.7354189952664076
0.03,0.2,1,0.004570100701769546,0.003921616576987326,7.480864122458409,0.004341926780251294,8.912440170623237,0.5748924180250006,5.857142857142857,0.5838903461010493
0.03,0.2,2,0.06209785068635198,0.04598975862176793,43.559372146755095,0.05051979414322933,27.209229706903752,0.6170917322977981,6.142857142857143,0.6781664052573078
0.03,0.2,3,0.17458355627852465,0.14498577306322313,64.6326295299966,0.17228199491653212,93.57883542130499,0.6042528224067203,6.428571428571429,0.7624900006010414
0.03,0.2,4,0.1743896285535817,0.13486395909587465,81.77450467391681,0.1537173468688865,68.99181211613019,0.6370258345844263,5.892857142857143,0.7406772202691574
0.03,0.2,5,0.011206689553984859,0.002729191050413895,15.175501955621096,0.002564544574841859,-4.779280357520794,0.6180027525459193,6.178571428571429,0.6210743779561756
0.03,0.2,6,0.02737744204987548,0.025953273465841854,11.058805453094626,0.025834825012985275,9.36608646651329,0.5465763331484117,6.285714285714286,0.5692397911003028
0.03,0.2,7,0.0035024412128115802,0.002616409164896659,5.0474124401875144,0.0033656497486889065,7.241304006728758,0.5586166390702584,5.714285714285714,0.5746866820626687
0.03,0.2,8,0.0027626301667980644,0.001275745665795117,7.316800654929665,0.0013088890636726528,2.5931463086994975,0.579695209529577,5.714285714285714,0.5957097449297482
0.03,0.2,9,0.04020537493446177,0.02890193809604311,24.762723959909106,0.0340028393008263,18.71782658593629,0.6275084423601566,6.285714285714286,0.6452840920643816
0.03,0.2,10,0.013686460395098413,0.01225630413423027,8.13425157321914,0.012718565260123963,6.252893169326389,0.5294217856839843,6.071428571428571,0.575113913849985
0.03,0.2,11,0.005197430931101555,0.002626182368352933,6.014457490698722,0.0035960646967765023,5.259338301948664,0.5778193046580222,6.035714285714286,0.5999410143526696
0.03,0.2,12,0.06385114367618447,0.05316565853200053,36.758057578464665,0.05972343363883457,38.85905722155005,0.6044227445457736,5.392857142857143,0.6624015573345485
0.03,0.2,13,0.004283327421279106,0.0028244913070401764,6.086019905085503,0.0035894096402038236,0.7092402297310514,0.537739198067715,5.428571428571429,0.5416833961397589
0.03,0.2,14,0.04273582087649156,0.0091808530970101,35.572209315938004,0.010961940523122046,-22.72401117726507,0.5929004282318643,5.857142857142857,0.6343900285036274
0.03,0.2,15,0.033808166784692714,0.029582175345277576,13.034014984316363,0.03260128839613932,16.083062446235022,0.5745423179514012,5.5,0.5990788761964306
0.03,0.2,16,0.003997717660889256,0.00267691266242687,3.5259263951516195,0.00314094935168812,1.9424267410754605,0.546143128747495,5.142857142857143,0.5782424474862353
0.03,0.2,17,0.06488105299349692,0.04695728811873591,45.08165429156759,0.052288975682172056,30.100506555762788,0.5787326209763605,6.357142857142857,0.6247631158159592
0.03,0.2,18,0.033977584115710655,0.013042961871924445,40.89579109225811,0.015837067061738437,-1.537093925379916,0.6576881141293521,6.142857142857143,0.6945676701229055
0.03,0.2,19,0.10209822759731396,0.07208044639859137,66.36072950409807,0.07976081431362503,33.822426891632354,0.6285098842598028,5.75,0.7093848329476689
0.03,0.2,20,0.007245175085932596,0.00725515168501377,12.622958748931467,0.006837076775297472,9.105313024560104,0.5843826249622815,6.357142857142857,0.6070586607248574
0.03,0.2,21,0.15109532354175778,0.12609345116309564,61.46614307577776,0.15038568589097973,92.97286711478718,0.613593805542564,6.214285714285714,0.7620300688598566
0.03,0.2,22,0.011109786968887373,0.005584509268320238,7.04374458464531,0.006426454395045018,-0.6439006839081571,0.4835518450036394,5.285714285714286,0.5115622726842113
0.03,0.2,23,0.01131220170543384,0.009114383576261733,7.165424524902979,0.009662474345304631,4.7159778741976295,0.5927056165457859,5.321428571428571,0.6099293968164597
0.03,0.2,24,0.008027926748091899,0.0010832696719110936,14.195634807705346,0.0029862651109370856,2.8756747916730396,0.6103935961284622,6.5,0.6090014463568798
0.03,0.2,25,0.006962143277361559,0.003473348245091127,7.96460865872633,0.003168353885857766,-4.3885501330144905,0.566774221371334,5.75,0.6044904218380049
0.03,0.2,26,0.015573949558660536,0.005431967507859813,25.173872237260298,0.004825674856862045,-3.1919158103602663,0.5963016958677626,5.714285714285714,0.5991266537359188
0.03,0.2,27,0.05993859193602162,0.035088140853922284,48.25332195566415,0.034147261549174183,11.012767780546445,0.5529253629036422,6.428571428571429,0.6007075370793563
0.03,0.2,28,0.005567486821781495,0.0038849411691773655,5.029229618596323,0.005224594810951673,6.394362347763689,0.5385123029282988,5.928571428571429,0.5443276365189
0.03,0.2,29,0.05086873067935758,0.03302852434231708,37.59234116073498,0.03570825058119517,18.820847207833925,0.635382970005956,6.714285714285714,0.6915623019542407
0.03,0.2,30,0.07559842531192151,0.039118673233870006,78.08677373467769,0.045381004190529525,23.583689164934388,0.6795502502945611,7.107142857142857,0.7663965839240318
0.03,0.2,31,0.012188508902953596,0.012861759270507834,5.424476444761855,0.011489739416050193,3.9756280928432184,0.5839072341993459,6.178571428571429,0.5916942690504426
0.03,0.2,32,0.03962860901586118,0.03312071226535429,36.46888876083428,0.03417596466643537,29.42487505704116,0.6235337466085052,6.464285714285714,0.6723392050806172
0.03,0.2,33,0.009097273536805922,0.008736054222644462,5.58152673734016,0.008390002571877171,12.097599929543426,0.6106608365558579,6.107142857142857,0.6327055031040036
0.03,0.2,34,0.01832525781993478,0.014088933719648401,9.598364662083043,0.017405573226661857,10.16193334340314,0.5518419783216965,5.035714285714286,0.5617245651905692
0.03,0.2,35,0.07056302581369522,0.05562619425104344,47.18681954882231,0.06416710686681666,38.327463344215914,0.6304913258929107,6.071428571428571,0.6863694668007985
0.03,0.2,36,0.01116346712775279,0.009637017307695915,10.963189883420492,0.007484376866045852,2.412961905004721,0.6255430401285105,5.964285714285714,0.6601875863883921
0.03,0.2,37,0.028883005195959734,0.02099415895034395,27.51469406867933,0.022931512877070348,17.13312179420124,0.5672652686656419,7.214285714285714,0.5963635428385312
0.03,0.2,38,0.010093655473524596,0.0029552460719650692,10.014912127002324,0.0026665897706776554,-3.403521872087301,0.5399088475978264,5.392857142857143,0.5524806272010074
0.03,0.2,39,0.009956133876163861,0.009799219357415071,9.873669908827273,0.008893079610917775,9.692279585853205,0.6021056091818615,5.821428571428571,0.6458111135294369
0.03,0.2,40,0.03409779501819035,0.02322564074683477,27.24512956645977,0.024615334350427287,1.7462501728593527,0.5595797138496963,5.785714285714286,0.61172358927146
0.03,0.2,41,0.13548837230698357,0.09746387997781521,78.17810816208593,0.11371164979999168,53.44013822394741,0.6431895783528591,7.214285714285714,0.7559243205987365
0.03,0.2,42,0.005667596656574044,0.005685875643963524,1.0273447890754805,0.005445552720391615,4.7972284249414185,0.6101855073970902,5.75,0.6314148456814896
0.03,0.2,43,0.06307716444289052,0.05202419756593706,36.554447299109704,0.056104457810079555,28.980058174848704,0.6113921148572394,6.321428571428571,0.6631218213445815
0.03,0.2,44,0.16050317434833025,0.14782131579302152,53.0375347023957,0.15943365468880455,75.58239219291147,0.6162687545313515,5.964285714285714,0.7399059097300926
0.03,0.2,45,0.0033897254174882563,0.002164961449493638,5.2892968646254515,0.0023210504363413804,1.94784813502478,0.5850521648292671,5.5,0.5901377472229292
0.03,0.2,46,0.01935898103837245,0.013105594550960959,18.549114736090747,0.013306897730214448,7.887689796534119,0.5754150662173797,5.321428571428571,0.5908783393187107
0.03,0.2,47,0.011477139835335421,0.010713452091746201,3.8026007243988715,0.011309742233234783,4.208828118932644,0.6029648816963415,5.392857142857143,0.6234476341897701
0.03,0.2,48,0.0425215986611937,0.007665826744145622,40.96861664366126,0.008845580563405389,-22.334769860271994,0.5868576715488436,6.392857142857143,0.6220902089131253
0.03,0.2,49,0.0038210689148668758,0.0007478882996710077,7.901291906121618,0.00030338563573342563,-4.811257119392262,0.5500656705636503,5.464285714285714,0.5849575555152
0.03,0.2,50,0.014614424024289837,0.0038154621301905067,25.569866907951575,0.004640839441300809,-5.09128405350117,0.5797928163406925,6.0,0.5917191737215527
0.03,0.2,51,0.000657133866687527,0.00046637724989485597,-0.0660984499060362,0.0005459627260402305,3.638535327916505,0.5508958024142501,5.464285714285714,0.5687396558169424
0.03,0.2,52,0.011307304566175581,0.004122417014454169,17.47157506009488,0.006518064040974977,5.3449575623356225,0.5651356848515007,5.821428571428571,0.5627411304128627
0.03,0.2,53,0.010234185726387852,0.005837358167947774,9.57085184153135,0.005753839119149212,2.6651396532822296,0.5812171098619185,6.357142857142857,0.6028621029416777
0.03,0.2,54,0.0013852869866155745,0.0012942326230672072,0.2063436768617445,0.0009804822843414115,-0.3358517484104387,0.5751876523576275,5.571428571428571,0.5841628188941419
0.03,0.2,55,0.003827338331014416,0.0024794346288261352,3.400180060270287,0.003337926344805012,-2.756587703575112,0.5559811782381112,6.928571428571429,0.5878606093403551
0.03,0.2,56,0.015237479352448477,0.012571819625643754,9.27508749747212,0.012977084397017738,5.470069665885471,0.5855279408144086,5.464285714285714,0.620343592829026
0.03,0.2,57,0.009470591055385315,0.0054337398621154345,14.338313122529087,0.005717163617594556,8.878222684417873,0.5630084293229621,5.535714285714286,0.5756837339319922
0.03,0.2,58,0.021580008024929057,0.013108119001834355,6.954212063946898,0.02126853149855903,14.467861501511152,0.5649305374252009,5.285714285714286,0.5856763509945455
0.03,0.2,59,0.009442146153184425,0.0041987581047426255,11.041196525491102,0.004934624641797285,-2.843468977176817,0.555557282274297,6.607142857142857,0.5756275777208426
0.03,0.2,60,0.04548045243265207,0.0063245649232908175,44.52458198840731,0.006680885995989738,-26.296491940394798,0.5829050123429004,6.142857142857143,0.6111597640133548
0.03,0.2,61,0.045062779047305004,0.005069786055261749,34.2366812328427,0.005422910856577004,-19.45755587297847,0.5463793909962339,5.321428571428571,0.5756682238339101
0.03,0.2,62,0.003293554103830706,0.001069335962997123,4.864955329455427,0.00029540679580363513,1.0868290684723168,0.5709729194350904,5.5,0.5951512506392068
0.03,0.2,63,0.18909506978380797,0.1591196523198161,58.36336707531149,0.1851442359522513,83.24511128528991,0.559214078435978,6.642857142857143,0.727957622187499
0.03,0.2,64,0.08963015151611473,0.06943673675825564,49.474973234793346,0.07882302415158589,34.91419152875945,0.5962941879146438,6.392857142857143,0.6759813925292958
0.03,0.2,65,0.008750491445876852,0.007923370717239408,3.352864551969011,0.007606591598256754,1.3894062620311445,0.5821106499912695,5.678571428571429,0.5780995876139514
0.03,0.2,66,0.08028156235406211,0.04967328850958416,53.050717251257616,0.05473659934565914,16.619278148277374,0.5969735025704617,6.0,0.6453653038230818
0.03,0.2,67,0.006720035860903438,0.003290196153495389,11.146199004913845,0.002604396533955905,-3.454310303998985,0.5753762533888009,5.607142857142857,0.6011785029175556
0.03,0.2,68,0.00965917244665286,0.001463410968322294,12.82543139556635,0.0019807950999111952,-1.1412857143779813,0.5269686860188123,4.642857142857143,0.5327560270976299
0.03,0.2,69,0.02179173659877265,0.0011779176650313322,28.954476225819757,0.0010671708170201706,-14.223559996968532,0.6467534963678184,6.678571428571429,0.6692086999922113
0.03,0.2,70,0.005660647317068616,0.002828220822057422,5.019217421920682,0.003769323519051902,4.115068913490309,0.564125724388488,6.107142857142857,0.5874834081807047
0.03,0.2,71,0.009336476023174311,0.007667314028941247,12.101051945889537,0.008326915535943995,15.456180804025783,0.6206275889509868,6.857142857142857,0.6212993548458026
0.03,0.2,72,0.011631938473640939,0.010084400111512447,0.8838090841599637,0.011390652233407302,3.8021646077295563,0.6014190046652018,6.107142857142857,0.6176315586359584
0.03,0.2,73,0.0030883440450926855,0.0014354004252000992,3.3771210213000793,0.0017164361712407549,1.9946990340038913,0.5927329040278678,5.928571428571429,0.6100639786013755
0.03,0.2,74,0.1387336542000399,0.10717473002031132,78.94822523831918,0.1107314497760287,29.847722741754072,0.6450913074232202,6.285714285714286,0.7360768869559426
0.03,0.2,75,0.005805998377913759,0.001304279203285454,7.143515464159312,0.0013362914127157555,2.8962922472070907,0.5444574850331507,5.571428571428571,0.5710524407731892
0.03,0.2,76,0.003894180917710254,0.0019022493147211582,1.5582470287331678,0.0023878532247440265,-1.4749652642800963,0.554492842285798,5.571428571428571,0.5754147212386014
0.03,0.2,77,0.019013212160288662,0.010924221817753588,25.02851404945032,0.012172920827982582,2.3677555362020066,0.5591689667658079,6.035714285714286,0.5675358730488615
0.03,0.2,78,0.012036150878925997,0.011831526881096876,6.633731218065748,0.011608278858108941,8.28673409989356,0.6041383315106739,5.678571428571429,0.6116559061002569
0.03,0.2,79,0.00705903335789242,0.0053792414705028865,8.325495596935221,0.005844973884771976,1.280042449859053,0.5537412377095839,6.178571428571429,0.574155888686601
0.03,0.2,80,0.002907829089749529,0.002070531511922223,8.929121427464395,0.0020857589101125886,3.1293845031563023,0.5558249665825808,5.928571428571429,0.5687155558201817
0.03,0.2,81,0.041554263083745636,0.025012847580511553,36.45671427932712,0.031701895088295504,17.63399086425822,0.6048237074308007,6.785714285714286,0.649444711079437
0.03,0.2,82,0.00748888426463195,0.00440078319458976,4.50454778089436,0.0045580675248936536,1.1766439818227166,0.48119362843594,5.142857142857143,0.5165115530289877
0.03,0.2,83,0.1458796499647809,0.12129800668524206,54.323448118336366,0.1440640416006653,70.72238019677017,0.6010590598804865,5.785714285714286,0.7041252802322426
0.03,0.2,84,0.1222380782562624,0.08337904272528417,64.2951091976442,0.10227103081472862,46.468183825990515,0.6343874626610698,6.142857142857143,0.7248363909709684
0.03,0.2,85,0.05077074628267377,0.04255211615068281,30.7071956772006,0.05039933199376128,45.05018952234108,0.6037792443876685,5.928571428571429,0.6354494728103077
0.03,0.2,86,0.003224752817222491,0.0016971672571045857,6.292729314461259,0.0024957817252479787,4.627492623524186,0.5479399229093277,6.321428571428571,0.5762497318108406
0.03,0.2,87,0.010026902864645734,0.004517311373836178,8.94452875126539,0.0046858832248932135,0.6247275112799665,0.5685515792950269,6.0,0.6259666471233061
0.03,0.2,88,0.0031936229420499443,0.003046347527332959,5.494582602488246,0.002561341588339181,-2.6198086739194744,0.6550682023257519,6.642857142857143,0.6632901893937373
0.03,0.2,89,0.05559533450042575,0.026457189589302255,43.803244959129245,0.029414801057693243,-1.5632327657906728,0.6026727890940837,6.071428571428571,0.6268042829456097
0.03,0.2,90,0.02236612464794554,0.013307924135306263,23.79785554462428,0.01503048495322198,8.567047924270051,0.6493976720404915,6.392857142857143,0.6734864997093793
0.03,0.2,91,0.011429826609758212,0.013444078626851787,4.423967922854739,0.01082012851117577,3.8619561251985792,0.5658768377109527,5.321428571428571,0.5678892860230615
0.03,0.2,92,0.11022551051882973,0.080244877241685,60.2694579737903,0.09460499498251394,43.38659095829727,0.6212947159732456,6.142857142857143,0.6990079738249091
0.03,0.2,93,0.07574870686136928,0.03295782503803237,65.61633353247586,0.03805049611697833,3.2788593650839553,0.5857777715730564,6.857142857142857,0.6168064153829274
0.03,0.2,94,0.14412895079394075,0.11760181351538068,67.37509068276262,0.13743638243682865,70.30121147413003,0.6292176789457161,6.285714285714286,0.7579383400275281
0.03,0.2,95,0.11144748450282799,0.09382721182237959,71.33968798951318,0.10368948480977076,76.16938375481017,0.650806696523768,6.464285714285714,0.7577059802507466
0.03,0.2,96,0.0037902022257512843,0.0011909209274368478,10.637553956696811,0.0011469199525654715,-1.21672442285895,0.6085987145165072,6.25,0.6119928433671555
0.03,0.2,97,0.0017693216886608507,0.0006639954452529565,7.2446699179725345,0.0015426020820986548,2.499920875249984,0.5736882286540478,5.5,0.5707248980793183
0.03,0.2,98,0.004203105310851591,0.0016423348140828778,13.263381609802138,0.0018499305466942388,-0.10904220153905915,0.5727737427638748,6.071428571428571,0.5898826956294984
0.03,0.2,99,0.005720642993298888,0.004867735272564175,5.539282153468055,0.004543833027365868,5.7856230049644735,0.5783512504015035,5.25,0.5992776810528476
0.03,0.2,100,0.1270891584775249,0.09691288404308887,63.72179944033375,0.11054045913846094,47.17849993247398,0.6332489596690625,6.071428571428571,0.7249143940907009
0.03,0.2,101,0.002149750968792581,0.0007957630143448856,7.8578850361674215,0.0014433847376663783,2.6865651136478825,0.6050247288676697,6.035714285714286,0.6014503319711688
0.03,0.2,102,0.0879398176695746,0.07187126905153833,60.15023155633321,0.07970798276975236,55.3492260042619,0.6302438707065773,6.357142857142857,0.7022106481440153
0.03,0.2,103,0.006517485772111262,0.006941791796093459,0.8928607353051253,0.006078003337176751,6.7915234000603375,0.5665844912953432,5.107142857142857,0.5867259682157355
0.03,0.2,104,0.17437247033572517,0.12169542419334092,102.73301008688388,0.14288512901307182,59.854819659046875,0.637934692534709,7.178571428571429,0.7750037227504387
0.03,0.2,105,0.03512373598849774,0.0274465639017633,27.46077410754856,0.031797928674168974,26.970463388409712,0.6045294345288863,5.964285714285714,0.6625143726783165
0.03,0.2,106,0.031308568138290645,0.027277589748034944,19.30173752920307,0.030366807230651424,27.377150938220932,0.6117432752013071,5.571428571428571,0.6307590159699745
0.03,0.2,107,0.09659518886223215,0.055277867576390895,62.60258598373198,0.06489318990699658,27.47950610016825,0.6449979641976793,6.214285714285714,0.7238103205329242
0.03,0.2,108,0.013724584912408659,0.006848823124788975,11.992242972827162,0.009047240200012442,3.2449725304345995,0.6188264309834457,6.0,0.6250941286679615
0.03,0.2,109,0.14754917704130896,0.11184112440120032,75.05378461283003,0.12384966196959833,53.7637103296852,0.6536836664903463,7.214285714285714,0.7556248912149431
0.03,0.2,110,0.005390820299038016,0.005277616318807801,2.263024877767928,0.005193515855831176,4.346451333402276,0.5906432852402945,5.464285714285714,0.5970620001736989
0.03,0.2,111,0.0014695744438596812,0.0009181427270679386,1.8027507638909412,0.0006089207351534431,-1.3640722207754834,0.530910718153293,5.25,0.543057618993445
0.03,0.2,112,0.010945036001354923,0.008335051732868014,7.294029246425718,0.010010996562736442,6.3896030148335115,0.6393327231139737,5.607142857142857,0.6567063136927094
0.03,0.2,113,0.05614673281288245,0.040315828463633636,41.68045781979962,0.04463703885223185,21.605204604051085,0.6026068095969522,6.5,0.640534109439061
0.03,0.2,114,0.1520918862174407,0.1320038109351579,59.23844254632693,0.15183922389455554,89.03471793750396,0.5749951774173,6.071428571428571,0.6793302158270884
0.03,0.2,115,0.031311472036042724,0.025309906040461034,19.46646471215675,0.0204535906268748,-5.108675763975062,0.5766782153083525,6.535714285714286,0.6043051355106557
0.03,0.2,116,0.008639770532633194,0.0051773134842886545,14.361596719868544,0.005818753772431785,5.546354805819486,0.592019820236767,5.857142857142857,0.6100295586560854
0.03,0.2,117,0.07224775496443929,0.03726902039045175,55.946452906223385,0.04299638114074337,19.57798794865054,0.6178626040219706,6.178571428571429,0.6565940213872685
0.03,0.2,118,0.009832635277019827,0.002507050444733837,14.529770090695024,0.002088447026779449,-8.791979013333977,0.6117309005614651,7.071428571428571,0.6046309179793877
0.03,0.2,119,0.010877087088214306,0.009181008864221152,9.715695026513126,0.010486351889981043,15.47293778464452,0.572481604963647,5.214285714285714,0.5827141837800072
0.03,0.2,120,0.13275206392688188,0.1086660627493931,65.12401173217444,0.12166368355097562,62.01627603248784,0.6502477846362075,6.857142857142857,0.7400079022038627
0.03,0.2,121,0.05746194261034915,0.048884742600792404,41.8567769078692,0.05526475860239995,47.99851083423622,0.6177329234120957,6.535714285714286,0.6675179081910925
0.03,0.2,122,0.009870033338858449,0.004800830708984824,20.502342986067436,0.005981822145876614,4.891250829683789,0.5295938385592103,5.392857142857143,0.5513531979702431
0.03,0.2,123,0.17789269982338926,0.12302604509202622,99.63684933851381,0.1416307773289678,44.7729109276107,0.6457290085715524,7.714285714285714,0.7915331420645875
0.03,0.2,124,0.00272819374715475,0.0008729284655200332,2.194981553323155,0.0008458718778266462,-2.9868930718841775,0.6293015792779036,5.964285714285714,0.6669930895220681
0.03,0.2,125,0.019150640731671616,0.004898326477714875,15.536439830415446,0.005107905682474504,-6.092093952066723,0.5616200431991597,5.428571428571429,0.5865942329663303
0.03,0.2,126,0.07581444457754898,0.038571664687975446,61.37230953742289,0.04280819893631936,0.03367413700131294,0.6554541637977545,6.642857142857143,0.7059484912559635
0.03,0.2,127,0.007495180732568932,0.003388352168517063,16.77585226252209,0.0043266586280495374,1.4957080176731192,0.6127669842696225,6.357142857142857,0.6366071678550342
0.03,0.2,128,0.06338517465681985,0.033664808430038835,50.254435251749534,0.0372349925302274,14.21771230901958,0.5475335358948014,5.75,0.5835993657979234
0.03,0.2,129,0.18221849238260593,0.1508229916620392,60.31351907520283,0.18069192630551148,92.80473352413111,0.5856916848885794,6.464285714285714,0.7504525048484019
0.03,0.2,130,0.18759658279979463,0.1572649269451824,76.0312508579162,0.16916406057830227,60.93346483437053,0.6001080573476586,7.107142857142857,0.7496437367183784
0.03,0.2,131,0.07454512777039829,0.05594731434792181,47.13588654121014,0.062261293940700214,33.586160715302135,0.6177205042330947,5.464285714285714,0.6795338889633185
0.03,0.2,132,0.10490760436452214,0.07729034152068151,56.55129809712977,0.09470360502903687,52.590970520409165,0.6564354945776846,5.678571428571429,0.7340190932425505
0.03,0.2,133,0.18648668291129977,0.15057679454568942,90.90964354331898,0.17745482350297181,108.37391490922015,0.6197357709773795,5.964285714285714,0.7554637451180721
0.03,0.2,134,0.025605500602159926,0.009482118704490153,18.538141370077984,0.011014396659213903,-5.756373989662023,0.5554097922280584,5.178571428571429,0.5968578241160007
0.03,0.2,135,0.14773838929621547,0.12062120246332508,64.19064544999647,0.1465060027989131,87.63398874541907,0.6496060871195442,6.821428571428571,0.7644925433619267
0.03,0.2,136,0.11882964881278438,0.08321237459255913,71.6470275407447,0.09750575186468774,46.899914401052165,0.6489886218644523,6.428571428571429,0.7479822250051438
0.03,0.2,137,0.060327396163201416,0.04792737166843877,37.653279523947205,0.050806621630710355,31.705093004308825,0.6009943733981559,7.25,0.6484896430942864
0.03,0.2,138,0.002105626350464956,0.0028875019052232776,2.6583242008569905,0.0017739618841160424,1.6589183262620868,0.5464831582026887,5.714285714285714,0.5555574705687465
0.03,0.2,139,0.005206136250537935,0.0019477841552392107,10.660711873070255,0.0025043318411757946,2.7854032467245324,0.534783012440174,5.285714285714286,0.5419755935128382
0.03,0.2,140,0.009215625648720168,0.005436539578707047,12.741252048564784,0.007635408027247555,6.840990529492653,0.5634553387662592,5.428571428571429,0.5679751146008408
0.03,0.2,141,0.002601285138528179,0.0007292400891435575,5.866651702172892,0.0013927773998941293,-0.5087910312987182,0.5637162937603271,5.75,0.5802774186233963
0.03,0.2,142,0.054217204904789706,0.04361135215005711,39.58600657316119,0.04758105390185325,30.156753828709984,0.6277724698176381,6.535714285714286,0.6950170505716857
0.03,0.2,143,0.05573452375950784,0.04986641408251199,27.133078312092493,0.05361128757675326,31.062418002249995,0.5960852880275936,5.928571428571429,0.6144048647875264
0.03,0.2,144,0.06728940138484692,0.05218391574976031,37.18855629148217,0.05671624874272222,21.55547893082949,0.5862829333017148,5.642857142857143,0.6134468798578598
0.03,0.2,145,0.0424476883151176,0.028180486679660652,32.1313619425188,0.02731649033225252,0.5759579155241946,0.5674202707320622,6.0,0.6015853764438353
0.03,0.2,146,0.04152786143740684,0.03066065022278844,32.272112616172734,0.03719966458497659,30.955930314615006,0.5762970461176854,6.107142857142857,0.641172869995942
0.03,0.2,147,0.007445534455693434,0.006356276662928262,15.564409517826997,0.005849286320670043,13.064328664710445,0.6209038767499615,6.428571428571429,0.6655638370013215
0.03,0.2,148,0.006253158179292964,0.005367816827705076,3.1494226300529724,0.006157521789975557,-1.2446163053342996,0.597174440551477,6.178571428571429,0.6008003964992623
0.03,0.2,149,0.15069478672181752,0.11945723446706172,62.89962140307316,0.13956698551592694,64.91568789771378,0.5816030018510873,5.75,0.6989323947866537
0.03,0.2,150,0.03759570478590841,0.03023909667242319,26.077037618008564,0.03598994558966401,23.57010711091173,0.6139563203497798,6.107142857142857,0.6440345032089683
0.03,0.2,151,0.004018381522843645,0.004269446438739623,1.8871792180727027,0.0035210077799297814,2.87020146271387,0.5919089364623629,5.071428571428571,0.6175682207062414
0.03,0.2,152,0.21332313342951462,0.1628308532113471,97.68410324942927,0.18900474744244294,82.23443298603495,0.6095468577106795,5.928571428571429,0.7399381570546396
0.03,0.2,153,0.03023174508559186,0.012110442260798314,30.05599745129332,0.01395949472633677,-8.134330909486323,0.5802233590382585,6.285714285714286,0.5887490905231032
0.03,0.2,154,0.07171359406657771,0.022407299204812596,51.94563916536945,0.025052611542699915,-11.573600715184488,0.559130368178778,5.857142857142857,0.5954877051014961
0.03,0.2,155,0.00734282676552853,0.007150471125072223,13.236470182661378,0.006282898813099161,5.907124254346475,0.5829252672905635,6.214285714285714,0.5879317626696895
0.03,0.2,156,0.08213518210121193,0.03956578295674057,68.12683792774627,0.04396269917844591,6.369424316417441,0.5851383464852898,6.964285714285714,0.6396275934924598
0.03,0.2,157,0.05462280461920102,0.050926085605210746,21.934465591462878,0.05428403301627765,37.53138028122108,0.5116750627366029,5.285714285714286,0.5729653428115657
0.03,0.2,158,0.0702432626898162,0.04722790187738569,59.84287221368089,0.054926868875996876,23.670364641520248,0.6361963379371112,6.821428571428571,0.6936575633170208
0.03,0.2,159,0.008557279329027782,0.005744097031867583,12.547558792135902,0.006209273062945078,15.162164622844614,0.6100304245724194,6.214285714285714,0.6146523926757916
0.03,0.2,160,0.07815975763505627,0.048642091559760695,54.54654839384682,0.05168508666067183,16.26854059175838,0.5919111556381758,5.75,0.642013402645903
0.03,0.2,161,0.018769848682901123,0.017417807785454233,9.640383150626462,0.017804553608574025,13.053177027361565,0.5683240234699102,5.321428571428571,0.5948190207172515
0.03,0.2,162,0.005490279952388123,0.001706430591900939,11.510950510762674,0.002083955836796119,-1.022969762999755,0.5843179947278488,5.571428571428571,0.5785411325462555
0.03,0.2,163,0.0028318816159981987,0.0017389673741122875,7.757322242754422,0.0016550958500642803,-0.6678829264707152,0.537994125892622,6.178571428571429,0.5297922807096811
0.03,0.2,164,0.055027079010964666,0.0453673724975191,33.183821421079024,0.05254628331668395,38.9233638641198,0.5359766630008577,5.678571428571429,0.5839456071119855
0.03,0.2,165,0.0015072349525869174,0.002098846708382496,4.65073759647954,0.0014556596822676794,0.19496613102250157,0.5600329465883682,5.785714285714286,0.5876762182132196
0.03,0.2,166,0.007368493270111509,0.0053456575795257965,3.824137815752863,0.006485283411555033,1.817180970128722,0.6067349312572263,5.821428571428571,0.6233222055755775
0.03,0.2,167,0.004585206422300291,0.0034216500514725563,5.793563110749839,0.003782306731412203,3.0689923455472674,0.5373996652137368,6.142857142857143,0.5607191547664425
0.03,0.2,168,0.011368619938606205,0.010814101912601012,6.802428258693311,0.010427174250777872,7.602564587766939,0.5433758798771118,4.821428571428571,0.5669508345632236
0.03,0.2,169,0.12376676310839799,0.10584645661714483,60.10925547826335,0.11883082198918404,63.864795360537244,0.6187355642667381,6.357142857142857,0.7254871110003656
0.03,0.2,170,0.019737440213514236,0.006206340467377021,22.571527667098422,0.007311083012636417,-3.5094631034115005,0.593031890009971,6.035714285714286,0.5886283692538539
0.03,0.2,171,0.01466547593704238,0.012836924569951582,9.48382744239881,0.014574233632042927,20.292475763775684,0.5768083437909671,4.892857142857143,0.5940810639299638
0.03,0.2,172,0.11108922559254106,0.07748252371230069,55.509936263004384,0.09303289887719342,40.800601195621745,0.6493946920795298,5.892857142857143,0.7208693766043478
0.03,0.2,173,0.01496377463210448,0.012461644191220969,17.77962014002257,0.014136659363661706,15.152776243333514,0.5886641268557876,5.607142857142857,0.6132027718355791
0.03,0.2,174,0.15578815798883394,0.12585106989976427,55.21599736515687,0.15545143415890972,87.51774374326335,0.5877641691093919,5.607142857142857,0.7262813044662378
0.03,0.2,175,0.003475922635019601,0.0006840918698605573,5.407404666703296,0.0006176266514091669,0.6895861878385858,0.5557389125524558,5.571428571428571,0.5855271040196144
0.03,0.2,176,0.07348529177250405,0.0636922392813119,36.1182761300574,0.06697745463769773,32.42878751897572,0.5965029172539079,6.607142857142857,0.6589989415565071
0.03,0.2,177,0.12813457404988482,0.08566027498329767,78.56200013630563,0.09191619959727773,42.32429408284733,0.5929061158999172,5.821428571428571,0.7095172823455589
0.03,0.2,178,0.0065928838815322655,0.007331723002718315,9.080598731087273,0.006462628129284126,8.65124379823994,0.5727662842249863,5.785714285714286,0.5804332941032796
0.03,0.2,179,0.16204671213330385,0.13923285203306107,59.21608945430751,0.16103109083633907,85.50879632368871,0.5907448824368059,6.5,0.7148018101411007
0.03,0.2,180,0.1492910548906699,0.10582497210915445,66.2893525829153,0.1308267712815874,55.1224671101369,0.6254414651354868,5.928571428571429,0.7230587144569871
0.03,0.2,181,0.005371186770440883,0.002666963922122142,5.646622921542473,0.0037534692574221805,2.709423013403542,0.5976432454776966,5.464285714285714,0.5918377022532002
0.03,0.2,182,0.0031085592926559393,0.0017288213137145857,11.597655608431921,0.0013864226380825078,0.7567958641743265,0.5885906522985217,5.928571428571429,0.595318612845426
0.03,0.2,183,0.09745773651019897,0.06552243721537623,69.91701167636334,0.0675054124096529,14.663166022867344,0.6293192879325388,6.857142857142857,0.7098951272446887
0.03,0.2,184,0.08199001384632633,0.07308528055827059,39.40278426907847,0.0812708090315757,53.80360461732298,0.5554482369324634,5.964285714285714,0.6137797132855775
0.03,0.2,185,0.039407453990352045,0.031774799085891814,29.160952574743646,0.033493236281318936,18.968408794058586,0.6000878720896743,6.178571428571429,0.6281089718770891
0.03,0.2,186,0.03789370823758909,0.03030070511941434,28.62441448398975,0.033271355651559184,21.79740316253942,0.633530089983653,5.607142857142857,0.6409002060926914
0.03,0.2,187,0.1301622358356418,0.1056702690698027,48.76146008390105,0.12863495710725675,69.16213811377277,0.59171132888736,5.714285714285714,0.6989813391039481
0.03,0.2,188,0.09436686202700513,0.0707900436075393,52.53912300984934,0.07659813578519718,30.856549291124665,0.5398752013446958,5.178571428571429,0.592317529567671
0.03,0.2,189,0.007003278979703464,0.0030164439009612064,6.087765848245927,0.00234554337559319,-6.305968224902178,0.5655423436532997,5.178571428571429,0.5624241390113964
0.03,0.2,190,0.058639860423270566,0.021102750999831076,44.410259530016994,0.023679042311469205,-9.030097208540184,0.6030712667634667,5.714285714285714,0.6477950984881421
0.03,0.2,191,0.06979596572290908,0.03690248978624645,66.45383457143141,0.049715686112929036,40.28671774150779,0.6633344565229314,6.678571428571429,0.7289020885880978
0.03,0.2,192,0.027705650482386324,0.010602553308496217,33.70002461243799,0.011224594508204053,-1.7908357788672902,0.5635682749234477,6.142857142857143,0.5894526977741062
0.03,0.2,193,0.03721440161542326,0.02078274345379646,21.170042772539016,0.0255497643422713,-1.1336427519420624,0.5704765782212072,6.142857142857143,0.5839992688326525
0.03,0.2,194,0.12953280630566913,0.08976040044021949,74.62400763823739,0.10684773277076498,58.494534643838215,0.5837484755168828,6.107142857142857,0.6881941664720653
0.03,0.2,195,0.0549859945666293,0.03411772396716571,51.74271705337329,0.03750874119612993,18.02737397856394,0.6631565783296421,5.821428571428571,0.7138582691160035
0.03,0.2,196,0.01234461879026794,0.008566645418494433,20.804045293116662,0.009801775453646763,13.53609425256723,0.6068084640000576,6.571428571428571,0.6256470002964873
0.03,0.2,197,0.16794830928847024,0.14435899255756923,80.67614521925378,0.16655152518685362,117.20848760597865,0.6389293721574312,7.214285714285714,0.7969720164587488
0.03,0.2,198,0.0413543392924584,0.03244976821450357,32.42115349836775,0.03678898970771506,27.162383652590716,0.6142267809273577,6.392857142857143,0.6495904878962369
0.03,0.2,199,0.006620662358475487,0.002023568096185609,5.167047131474457,0.003257202308579413,1.4824465006354046,0.5777279748266061,5.678571428571429,0.603053937306544
0.03,0.2,200,0.004503160582445788,0.005841501409740591,0.2362625412874877,0.004075091705380121,1.3028090934402599,0.5915989213300855,5.285714285714286,0.591973983912679
0.03,0.2,201,0.12749692814502042,0.08519509245044976,65.85752117775998,0.103527809369085,47.592387126674815,0.638569525102087,5.785714285714286,0.7352342923279617
0.03,0.2,202,0.019136295281699574,0.01327136383319921,16.338202289392928,0.011422920458138319,-3.260261316082932,0.5910896210722799,5.214285714285714,0.5933359254241091
0.03,0.2,203,0.004240457339687833,0.003545314017602354,6.626906407961798,0.0034459248234771514,1.6057394806302057,0.6226367249151304,6.321428571428571,0.6452807526658321
0.03,0.2,204,0.13786085345219937,0.08824329966883548,64.00238991586515,0.1042644336739143,37.26102998434123,0.6141874370851481,6.75,0.717793116625512
0.03,0.2,205,0.010348145705587413,0.009054532762023903,3.713442678861005,0.00826331422571664,1.1573788069151096,0.5843764974563646,5.821428571428571,0.5981915819083476
0.03,0.2,206,0.07628767686247839,0.06365735724501943,30.921112538350116,0.07609537754598028,48.850492231195545,0.5500514365518605,5.892857142857143,0.6048284554737046
0.03,0.2,207,0.16127488525597863,0.1431084446310929,61.01597157054962,0.15906372949386569,72.33385926640399,0.5534132994417826,6.75,0.6428602419310763
0.03,0.2,208,0.002757809459744028,0.0025212121075963837,8.188480456679306,0.0018886005040532126,-1.0287719921088108,0.581301704568781,5.5,0.5932331081591308
0.03,0.2,209,0.05038612207576919,0.01248385756891093,40.62447348596562,0.012638260673741264,-12.231405350010368,0.5913529923335457,6.107142857142857,0.6288590390133333
0.03,0.2,210,0.0027252054725394443,0.0009171155149744345,6.837792182468614,0.0013419656794471915,3.969190237772968,0.5897482291959164,5.75,0.6096930036095026
0.03,0.2,211,0.009832644147073024,0.004553407793761617,10.916389572338366,0.006090778870603375,3.5166836241842625,0.6012697898060931,5.821428571428571,0.6260367543759864
0.03,0.2,212,0.09128233724512534,0.08260161405286026,42.98331776379856,0.09012752418543882,60.182038718734326,0.6076325430021019,5.464285714285714,0.6841100116370495
0.03,0.2,213,0.005959849974774977,0.001209304065513251,12.322448221393879,0.0015687584391608591,-2.898210174006389,0.5769599940362472,5.678571428571429,0.6000175791170027
0.03,0.2,214,0.05797191725016526,0.020195708085191857,45.27441873440549,0.02194569189985923,-10.701401238661026,0.6171909960540727,6.035714285714286,0.6628872587717689
0.03,0.2,215,0.12869221408563217,0.10992798598469851,56.71507286811385,0.1275050238814151,88.20561257756215,0.6234957856405235,6.357142857142857,0.7287868692797115
0.03,0.2,216,0.01465133497673621,0.018474220990006552,8.427298095500882,0.014556079544883237,11.58223563023457,0.5577397356091561,5.892857142857143,0.568710315378482
0.03,0.2,217,0.006304141699741094,0.003824863917683568,7.8682607790385175,0.004513989507389701,-1.5892743025077891,0.577958614023767,4.785714285714286,0.5851139540334103
0.03,0.2,218,0.09887939584885565,0.05187061972222259,70.75622862330702,0.06079828698414035,21.05061903151869,0.6162224145730707,6.178571428571429,0.6712108705912101
0.03,0.2,219,0.0034417949888449683,0.004181213224641604,-1.7316230009747926,0.003309055114183415,1.050761706201276,0.5628553920339269,6.214285714285714,0.5615087414716653
0.03,0.2,220,0.030081159824390778,0.022093472277793028,19.63920544702386,0.02769483471654566,25.479114846493086,0.594037348621349,6.285714285714286,0.6089069373545579
0.03,0.2,221,0.21400114919372906,0.18581194120092104,64.48255956358462,0.21371915438456515,95.48594556036323,0.5670401591473395,5.964285714285714,0.7293996589719698
0.03,0.2,222,0.01913884507507389,0.008056249878188086,28.356382681813415,0.007180239855857648,-8.872381044214686,0.5827956284036705,5.75,0.6115036818302334
0.03,0.2,223,0.0032351596381066956,0.0026843706633307473,6.8269898710403725,0.0026776844679313,0.06713627740875457,0.5293281183570617,6.607142857142857,0.5312746920296266
0.03,0.2,224,0.004987008108554863,0.001584804213231826,9.05833648652746,0.0022198202767103625,1.8020967055729027,0.6227668597137589,6.357142857142857,0.6486005976286217
0.03,0.2,225,0.002190202219290501,0.00120887572860912,4.283091898407434,0.001499098225620903,-2.1997735649241954,0.5792989448689257,5.142857142857143,0.5936273885318445
0.03,0.2,226,0.11506885160299353,0.09332661986644757,49.62275565495619,0.11462048402974875,77.13251012418301,0.6509313595587621,6.714285714285714,0.7432108481005619
0.03,0.2,227,0.014425751481877178,0.013423760775411063,7.108390507865901,0.011108940886260764,-0.19134927508486044,0.5422771298774708,5.535714285714286,0.5449522951578102
0.03,0.2,228,0.11946488519532952,0.0946996326004921,67.86237131752401,0.11195773288837464,67.87486703513204,0.6297162024276532,6.714285714285714,0.7499601648478
0.03,0.2,229,0.10230081233732653,0.08032254472314322,53.59611145595439,0.09326944721095491,48.298154946544365,0.6415225934879182,5.535714285714286,0.7185793136400385
0.03,0.2,230,0.004471399100919948,0.0026079048576824245,7.4382629753207725,0.0027754934189120973,-2.294015309536576,0.5662369362666844,6.035714285714286,0.5759286566870518
0.03,0.2,231,0.019072578143396576,0.0015812666255568448,18.01791063123098,0.0019983234172241686,-8.091326729129008,0.5638160860285872,5.607142857142857,0.5534627221858641
0.03,0.2,232,0.004267350097887074,0.0011058692447033693,6.1397452384537035,0.0013619845292889604,-1.478937583225445,0.5715335590611318,6.25,0.6128686509289027
0.03,0.2,233,0.020010197969952223,0.010358865597527986,17.597003348118317,0.01336717310933953,3.1003122392168336,0.601964882462979,6.035714285714286,0.6317190930529492
0.03,0.2,234,0.006955561726990552,0.003942624281800442,10.420748544133886,0.004148300042660939,5.994949155914658,0.6225866838811113,6.678571428571429,0.6300926852582014
0.03,0.2,235,0.11964695120695856,0.10794236087309854,52.30727941385387,0.11883285875958098,77.3589659970354,0.5818850726330324,5.892857142857143,0.6635968004960979
0.03,0.2,236,0.1446052186909615,0.09431154831978568,73.24474946255363,0.11444234401440219,46.38330184286381,0.6332952367769746,6.678571428571429,0.7440094371000672
0.03,0.2,237,0.18309525154943163,0.1625629620070558,59.3890971075029,0.1804632325360016,79.69986137513833,0.5855627703036596,6.5,0.7298301899241183
0.03,0.2,238,0.12516036115467236,0.09641641605986678,68.87912292039954,0.10923757112427344,53.4975292441295,0.634327443772488,6.464285714285714,0.726835946378332
0.03,0.2,239,0.004234151034145456,0.004301668667211767,2.583283494726184,0.0040871880829451025,-0.4725179290510558,0.5643008503220261,5.607142857142857,0.5867208182999002
0.03,0.2,240,0.008032410028772342,0.005730494995488822,1.9596730074531383,0.006539823901656447,2.081369991015066,0.58472288544369,5.821428571428571,0.6097495923331151
0.03,0.2,241,0.0033130925645068207,0.0011138528034422472,7.454463795955964,0.0017848007202417883,-0.4144892808057061,0.590400214744525,5.857142857142857,0.5817828436297308
0.03,0.2,242,0.005868625420677187,0.004121554546122995,-0.29829471986205175,0.0050632264185727855,9.751007045785903,0.5905763191593688,5.678571428571429,0.6348547983493373
0.03,0.2,243,0.0373502635680889,0.03575582751274509,21.785218549411002,0.03702051331820689,24.508210238923557,0.5231443566345967,5.321428571428571,0.5390817431505528
0.03,0.2,244,0.03831553850572346,0.02626340970559925,22.049034640935975,0.030052777206165587,13.376617963483474,0.5493808828399152,6.357142857142857,0.5551315765525358
0.03,0.2,245,0.00896163889975461,0.006636728113023487,8.154258625905072,0.007523764866205504,5.065912355842916,0.5844979273607294,5.714285714285714,0.5893771891448566
0.03,0.2,246,0.17225697552836605,0.1467820163240306,59.063904690137484,0.16589070084015803,74.4830460624202,0.5888081257855552,6.107142857142857,0.738201820685352
0.03,0.2,247,0.005843144450923628,0.0010689421486689149,7.783060010643823,0.0014964950590025227,-4.043119847453302,0.5881309600372626,6.25,0.6025292493971015
0.03,0.2,248,0.13821161667592946,0.09638292188993754,90.03639068353606,0.11121780286309536,72.74756926921835,0.6283624585077064,5.678571428571429,0.7577894551560542
0.03,0.2,249,0.005824010640708456,0.004739689256918737,3.83480969331409,0.004215938204275715,-0.22420684020962275,0.59161374394447,6.142857142857143,0.5830697291412328
0.03,0.2,250,0.005736590567290762,0.0059983811012104815,2.069034921843013,0.004860425668185027,3.896092790699337,0.5672655873214513,5.607142857142857,0.6049413110511899
0.03,0.2,251,0.05178185789208798,0.010571934526259008,39.6093456287675,0.010813435896213502,-14.085545254474539,0.6025326346643063,6.392857142857143,0.6040781569935849
0.03,0.2,252,0.008809590859243157,0.009654484041217116,7.0230559569227,0.007247899329925439,2.0678323263650498,0.6060185074265083,5.714285714285714,0.6127939167987142
0.03,0.2,253,0.06661976802036954,0.05750708306404502,33.10000278701451,0.06485036720894384,48.04097248286174,0.5811754027808369,6.392857142857143,0.6296356101109566
0.03,0.2,254,0.0944118809426217,0.06830204520109158,62.36649203818484,0.08765782569569093,63.60844502320071,0.669546251139885,6.392857142857143,0.7467848393981396
0.03,0.2,255,0.004533908007603014,0.0024653599283456008,10.685129874931866,0.0024764923093846167,3.0103780478491444,0.5713170019018953,6.75,0.5837242311400715
0.03,0.2,256,0.006525734282171796,0.0026875607003158056,16.81122550743993,0.0031420445491037213,5.864182738910927,0.6055319929156584,5.75,0.6121117842944073
0.03,0.2,257,0.021446122389466575,0.005505339772275826,27.1715671726396,0.006461872615767976,-1.622159752777473,0.5723679204952876,6.464285714285714,0.5800046541358519
0.03,0.2,258,0.0036773521183310685,0.0026317422879673703,12.383732666042931,0.0026971000813230954,5.743813719713056,0.5808897538803116,6.178571428571429,0.5727474571146417
0.03,0.2,259,0.01068813586820752,0.00284407649568298,18.2641089622886,0.0028519356161951204,-7.385740914948258,0.5684334696414154,5.607142857142857,0.6094807808083116
0.03,0.2,260,0.006058625589376363,0.005329614540254127,11.17277459542124,0.005048873864858759,8.495524852935688,0.6102422754827287,5.714285714285714,0.6410049344592492
0.03,0.2,261,0.005138066918360058,0.004307904478609141,4.088987163717168,0.004504510160012584,4.4015000560817255,0.5815681913727274,5.964285714285714,0.5996459905609386
0.03,0.2,262,0.11572056189908624,0.09627626226698666,42.35134444886756,0.1150400007166122,57.94135009333445,0.596322939000199,5.714285714285714,0.6946747219866468
0.03,0.2,263,0.013026281081436991,0.01155773205668395,10.435523103652296,0.012543071548024531,10.560796653508325,0.5857557542256023,5.571428571428571,0.5991791889124968
0.03,0.2,264,0.02675103386267734,0.025123377519655998,12.15624836753878,0.02600756418972779,11.866613988868485,0.5396324081966163,4.928571428571429,0.5554801011300641
0.03,0.2,265,0.009494551291942868,0.008955498801554976,5.086602192440883,0.008125727631003889,0.2992422587098152,0.5544242310080421,5.642857142857143,0.5782767567888023
0.03,0.2,266,0.005537414161257083,0.0025955379269514828,11.14173594020923,0.00128888506623928,-5.056699338141375,0.5964195993317701,6.107142857142857,0.6075011209742337
0.03,0.2,267,0.017791766686033442,0.009047472907145282,20.367366625695507,0.010313546542166202,0.6770198118503762,0.6062683355192791,6.285714285714286,0.6011715424844344
0.03,0.2,268,0.12926620956344534,0.11144107581360016,58.901364939415835,0.1266408055666027,69.92185570399899,0.631844705271113,7.035714285714286,0.7125090515177213
0.03,0.2,269,0.1493659955407172,0.12651088850487346,51.40412356745416,0.14924223457477817,76.77459035796939,0.621176235418181,6.571428571428571,0.7453019653904432
0.03,0.2,270,0.11878211459641695,0.07430651565689317,72.15415512128105,0.09136067600784797,38.68716978877308,0.6155185332106738,5.464285714285714,0.7176080113498915
0.03,0.2,271,0.1168316434327636,0.09711133510453691,47.096322947076175,0.1137245413066022,61.55572385845659,0.6343826895766898,6.0,0.7251858811577158
0.03,0.2,272,0.02683526211496345,0.02167496248993647,21.785486084098142,0.023785428850354565,20.239241846625465,0.5517694084372031,5.428571428571429,0.5652207947707191
0.03,0.2,273,0.10044808943096174,0.07155057933711208,60.008122090690584,0.09260513827045766,60.08888663770254,0.6222898803221312,6.571428571428571,0.7171593450495963
0.03,0.2,274,0.052659090625634584,0.043684604594413826,30.610315891153977,0.05191066038492242,40.39935778468719,0.5917124630151545,5.964285714285714,0.6367275370792558
0.03,0.2,275,0.005793543786500603,0.002527418053989715,4.052311443515568,0.0055824427699204555,4.162261915361427,0.5180736664505382,4.607142857142857,0.5242299893872003
0.03,0.2,276,0.006688933298647238,0.006568559542343439,5.543970064502209,0.006478978013918469,9.445298156948013,0.6081028627198053,6.0,0.6227749566090672
0.03,0.2,277,0.15115588309625674,0.13187843721460288,51.924014986551605,0.15039034648512217,73.78714489091227,0.6247829310825896,7.071428571428571,0.745150928015085
0.03,0.2,278,0.1732271190693446,0.14034854080726228,58.83799692158425,0.17274293381068356,89.86979602305637,0.5869471326425676,6.428571428571429,0.7214973344080899
0.03,0.2,279,0.0660823602229666,0.05292329247073385,41.51455689108255,0.06188132814299115,40.65211073300601,0.5417354974687171,6.035714285714286,0.5708111692279896
0.03,0.2,280,0.19125713282846482,0.16337574106941738,70.60823792499255,0.1879562282373235,92.14801670888524,0.5870487749555605,6.714285714285714,0.7420652734632216
0.03,0.2,281,0.0034724579972350888,0.002121048655226104,5.467862930078866,0.0025158593255867894,2.685760913661729,0.5312691515605825,5.5,0.5446158507539505
0.03,0.2,282,0.01171427336454501,0.0023378472646422206,14.299759297108656,0.002274684535283115,-4.918593326651205,0.5649967289365786,5.107142857142857,0.5945968098957002
0.03,0.2,283,0.021612320511137918,0.014779492972583536,11.769425631057004,0.013106538238730116,-0.38217537142250535,0.5211648604590028,5.785714285714286,0.5526057741791781
0.03,0.2,284,0.0056487945412657115,0.004575597643159089,5.0169003800194885,0.0050901035118300075,6.447023586225384,0.5095217098998795,4.892857142857143,0.5232940525347038
0.03,0.2,285,0.1556055904044816,0.1302868287335135,49.817210944309835,0.15233937252002697,75.71635155421517,0.6001079702118098,6.035714285714286,0.7275244156931393
0.03,0.2,286,0.01880404471278601,0.006253058626241387,22.735435395525126,0.005961378037695311,-9.39525646024751,0.561870652118244,5.678571428571429,0.57427788737638
0.03,0.2,287,0.005940921272425464,0.0009611985810615759,6.009378247882542,0.0010345763743301944,-3.5528652722995084,0.5344340791351526,5.75,0.5541773534754522
0.03,0.2,288,0.04740595424345034,0.03681916713263234,31.036205880641557,0.04552461387915494,42.33710858291824,0.5799282294998488,6.25,0.6244495342220482
0.03,0.2,289,0.02792125776188559,0.023919074153027926,10.671942812897697,0.026844999901477703,12.018863079188264,0.5820013618163805,6.214285714285714,0.6248286263664193
0.03,0.2,290,0.0803342695897665,0.0660764417826499,36.885645066725836,0.07537173580853197,52.79960750989752,0.5526364464801486,5.392857142857143,0.5999203342218933
0.03,0.2,291,0.05946145468976342,0.03012149822595356,50.03215940080863,0.036628976056640776,21.873336203186287,0.6484079008733764,7.75,0.687966453689651
0.03,0.2,292,0.007915696131847833,0.009751574440094573,8.571175920773129,0.007553119430910217,9.073729491093445,0.5962578206448264,6.571428571428571,0.6241185012531874
0.03,0.2,293,0.013674823447784866,0.008003151044791707,15.945513224162047,0.009549981926335943,6.680566287343822,0.5734982234046272,5.75,0.6016654415415879
0.03,0.2,294,0.09806272240796217,0.0648353616348479,64.43884101473026,0.07837699408968068,43.84292060526361,0.6242732095559662,5.964285714285714,0.7109739139110397
0.03,0.2,295,0.005044611928708437,0.002089035730568445,7.357036057671593,0.002785805478989328,6.219304718755258,0.536993286929443,5.071428571428571,0.5175449862373278
0.03,0.2,296,0.0022894019554032265,0.0016927156574661996,8.92714448042715,0.0016441121345508987,1.9930226361657237,0.5392912903051921,6.25,0.5487965564524495
0.03,0.2,297,0.060925465491288376,0.048645173514863534,35.67966795960643,0.059138642330893554,45.07581040273695,0.5520835390551557,5.571428571428571,0.5862172128584084
0.03,0.2,298,0.18731090459760602,0.1604683345768274,61.60470102100438,0.18669510086912877,92.01222293036716,0.5936141290440811,6.607142857142857,0.7410070261096358
0.03,0.2,299,0.0048568389180374694,0.0020256762066825974,9.866153056173033,0.002261588786976883,-3.2929362060463916,0.5885061503895651,5.392857142857143,0.6006139433941067
0.03,0.3,0,0.006817398138409582,0.004002624197583173,4.647570004931282,0.0053460770843814275,-1.257939390290744,0.5542308055590704,5.678571428571429,0.5685315569717915
0.03,0.3,1,0.1199705054142903,0.0771133448818146,61.34874925957988,0.08913773806669016,33.085474331954266,0.6380283971017103,6.25,0.7303966303738586
0.03,0.3,2,0.05386427657229405,0.041216649355669044,39.54688350159409,0.04866384002304159,43.13329715947416,0.6324921695619427,6.25,0.6980297010432116
0.03,0.3,3,0.07725144012219698,0.04111379445082338,70.25650735344794,0.04532394374625459,23.034395818495852,0.636348466200543,7.607142857142857,0.6905801365603786
0.03,0.3,4,0.11765249402457369,0.08203776084664119,67.13179892717969,0.08832260863303368,31.911007947040588,0.6070513016077944,6.071428571428571,0.6846755367697176
0.03,0.3,5,0.006939623047278231,0.005734891890356444,8.844236571140641,0.006315230722205595,2.7352715842454907,0.5903309714845086,6.071428571428571,0.6088579930372635
0.03,0.3,6,0.04238404660140324,0.007467328219212061,40.26962388120239,0.00931198698876832,-20.258749601082915,0.5947822211009907,6.321428571428571,0.6139278840085665
0.03,0.3,7,0.20087579944619374,0.16497226517066962,77.94728525441882,0.1896075496493127,77.08956635180341,0.6177956108325489,7.107142857142857,0.7649402742282908
0.03,0.3,8,0.01743014035557324,0.01359895585616799,18.669131849920092,0.01618779017367324,19.788214112270538,0.596491298728729,6.714285714285714,0.6282906572867253
0.03,0.3,9,0.15022263604571898,0.1290251682849036,58.71353267451341,0.14628610289665686,76.46382376176784,0.602409920465336,6.107142857142857,0.7136110630974779
0.03,0.3,10,0.0038691965158409503,0.001190641577530819,9.038889453940063,0.0013750088984828088,1.5487560535670752,0.5489829482174658,5.678571428571429,0.5717200187302036
0.03,0.3,11,0.18206966423705367,0.127874506664886,81.70237259672336,0.13702139626608778,43.867148420128814,0.6130446557697378,6.357142857142857,0.7538531692911464
0.03,0.3,12,0.04794493357215961,0.03329608619184975,31.66774351134588,0.041655403843587596,24.417965618619906,0.5165644103555949,5.821428571428571,0.538239591093464
0.03,0.3,13,0.024762106362620776,0.016858349896572547,24.843004783626544,0.021435311389231958,22.240123102164546,0.5466799515380114,5.642857142857143,0.587997122343709
0.03,0.3,14,0.0790841162582209,0.06622620001044663,41.20359937487598,0.07763499381312478,56.309709982439905,0.5873527562332657,6.357142857142857,0.6639307403510455
0.03,0.3,15,0.04031287246672268,0.0067194265977724476,42.28246069392997,0.007854131852056176,-16.934463224638662,0.6117477890471456,7.071428571428571,0.6291463178144525
0.03,0.3,16,0.1025900931693128,0.0662782909718835,67.67304076692224,0.08215230774502358,45.74886099817795,0.6164219005545931,6.214285714285714,0.7206064190854352
0.03,0.3,17,0.01480785054127128,0.005319014130004727,12.660725508991845,0.005570579295504605,-1.4496972978803815,0.5427668119490483,5.285714285714286,0.5778775477856993
0.03,0.3,18,0.0712328507742748,0.05845191043992861,37.04212109978531,0.07037610732333872,48.391344706468026,0.5542500050865327,5.464285714285714,0.5888898381252203
0.03,0.3,19,0.025196285970239783,0.016295386869476458,32.28913516745939,0.019311109526688693,14.859566255093199,0.60935081702733,6.892857142857143,0.619595074690904
0.03,0.3,20,0.18723561166993724,0.1597866315216553,68.91197185434214,0.17823409642535543,74.29378730418814,0.587809398221496,5.642857142857143,0.7170881213112565
0.03,0.3,21,0.002839342367174937,0.0031380648384633884,4.8952952544192385,0.002594683652753459,2.348114332137707,0.5781914553200221,5.285714285714286,0.5776696400507063
0.03,0.3,22,0.024194814002541608,0.012417669828797336,24.5299803558397,0.01601394588767598,9.571938341081855,0.5836875157481491,6.535714285714286,0.6062573358325647
0.03,0.3,23,0.008726326432074966,0.001769395788396569,15.543346608560805,0.0035820001253354665,-2.4658687679876627,0.5750466231256132,5.75,0.5857780920075817
0.03,0.3,24,0.06818937688362069,0.051125108394917775,44.064589479006635,0.06395379306887834,42.69198225015182,0.604612422428084,6.535714285714286,0.6615831431707633
0.03,0.3,25,0.19827193166147042,0.15989433542916376,76.22965562695549,0.17945436241401386,67.16340213155426,0.5760597418013829,5.964285714285714,0.7046088191071493
0.03,0.3,26,0.16641779641113827,0.12833546912090635,69.19656520884138,0.14618535690538134,48.05623366370494,0.6053274605359685,5.964285714285714,0.7142334988234982
0.03,0.3,27,0.047387443722950236,0.019558762835785122,52.99262235230469,0.024196344801492263,5.128805265373297,0.6590447608109936,7.0,0.6936788469535591
0.03,0.3,28,0.048744847158631366,0.035662779848604206,33.01744171390888,0.043684171347508474,35.30353285975605,0.5725095370713051,5.5,0.6234495352329203
0.03,0.3,29,0.05241167070372826,0.04059780736154266,44.37205872536381,0.04770450947950249,39.85932239332319,0.5779221591830668,7.0,0.6218464328190136
0.03,0.3,30,0.09475142753585925,0.06254077310355692,64.52772049584257,0.07599934953459857,37.93248513651229,0.6477097159970601,6.535714285714286,0.7131923809751226
0.03,0.3,31,0.0035682790608583255,0.003132696359997493,2.5909187232698137,0.003401630536892895,3.130388382137094,0.5122480017099865,4.75,0.5241866677319214
0.03,0.3,32,0.01994631918346217,0.016485404970259875,10.38638411719925,0.01934035791857749,15.916358229175577,0.5266877389577617,5.928571428571429,0.5524953326247405
0.03,0.3,33,0.07140784883981874,0.028704295305364683,58.073189472476635,0.03139647518149151,-0.161479295024904,0.6006683821577751,5.821428571428571,0.6293100791029587
0.03,0.3,34,0.08725477976557337,0.056039436158319286,59.22293156541437,0.06832349818962972,39.26742456823791,0.6474111100436765,6.25,0.7108162983228761
0.03,0.3,35,0.009429451965818611,0.007634005152708912,8.209531309062063,0.0067877971838360175,1.5783691473643937,0.5653915257829284,6.392857142857143,0.5831560304651922
0.03,0.3,36,0.008781483615267479,0.005287327358304121,6.7387605183882995,0.005012346272908153,-1.2162966746135548,0.5546434724358507,5.392857142857143,0.5636058234101604
0.03,0.3,37,0.13453244301174416,0.0839225481970637,85.95634794622332,0.10196825225346609,34.48535166379047,0.6249131073571738,7.0,0.7227043559904266
0.03,0.3,38,0.1254719565909217,0.11507288008009933,56.215306763323376,0.12393444841243062,67.15991947645985,0.6340815451570398,6.857142857142857,0.7365995531210826
0.03,0.3,39,0.06337117767985825,0.05197108773227305,43.77983076371104,0.05471199076584862,26.131760849209844,0.6002577153748193,6.571428571428571,0.6472083601279415
0.03,0.3,40,0.07959477544307304,0.04375656128315251,65.01135271277302,0.05086111132758323,7.274621215934729,0.6253377801167577,7.035714285714286,0.6545471913618852
0.03,0.3,41,0.12188734066107901,0.09601079832414063,66.66236578643947,0.10962663725947334,59.51106545925253,0.6714438270299892,7.392857142857143,0.7498346356493137
0.03,0.3,42,0.057269906491382146,0.04119287488478379,48.562968093752865,0.04575716273441737,29.85431230532923,0.6419643647866335,6.678571428571429,0.6638346320584544
0.03,0.3,43,0.014379104584247869,0.004633518597049799,18.164371239462554,0.0047221806763515445,-8.384883730465845,0.5801211641883862,5.714285714285714,0.5948245729702614
0.03,0.3,44,0.049061647468840994,0.03426742716591172,34.191615131398606,0.044317827240906105,31.242998544828293,0.5138996635608754,5.5,0.5299820530965275
0.03,0.3,45,0.06964011658283127,0.05785290045801344,40.81064773818343,0.06275868274549389,32.22489636911958,0.580048178264953,7.071428571428571,0.6322700435214659
0.03,0.3,46,0.10060447542776858,0.07218686549892131,77.2772125848893,0.07875620015577918,38.59801987343447,0.6460919532286657,6.642857142857143,0.7261118802819987
0.03,0.3,47,0.07921070397002168,0.05196639664766475,50.28174942819167,0.06346653979973545,33.06951170569294,0.5739677529645321,6.214285714285714,0.612473958160585
0.03,0.3,48,0.1658941377413801,0.11843238710577532,92.02718744854207,0.13950247712122113,67.25162309014006,0.61056821968624,6.285714285714286,0.7354126986896246
0.03,0.3,49,0.05115814558507198,0.03901227667853609,32.377320088060664,0.04351634547916943,21.613002931228284,0.5868097413946861,6.071428571428571,0.6133640989841785
0.03,0.3,50,0.1171524264666941,0.09449495744550093,54.694371892597836,0.11535847241109765,81.15320186562941,0.6404622654487405,6.25,0.7499758559976109
0.03,0.3,51,0.04599188149218643,0.034250571001393226,28.807706392763947,0.04484189076961842,35.62761452614031,0.5569722938456726,5.357142857142857,0.5956239364688277
0.03,0.3,52,0.04392192906967364,0.04018719544262181,27.162119084711566,0.039595296115225664,24.169429057168873,0.6118261716925588,5.892857142857143,0.6513024023990239
0.03,0.3,53,0.009128763281754574,0.008551290337436252,7.859843942704988,0.00831648422975186,1.6017035947321194,0.5704640542548867,5.678571428571429,0.595109578566344
0.03,0.3,54,0.007065518446238613,0.006793689768766095,7.040654259218361,0.006930510257083269,7.0319123924935525,0.553911612608122,5.821428571428571,0.5630672850434812
0.03,0.3,55,0.05719988794020776,0.04707828591103611,34.85944015081922,0.056365922605763626,46.74651530409502,0.6066506971491643,6.0,0.6594092349487712
0.03,0.3,56,0.1378351007619788,0.09881231702565087,78.12777934075741,0.11092309990391196,34.418854506542125,0.6414336920746087,6.964285714285714,0.7352188727557438
0.03,0.3,57,0.0013988150832575793,0.000444450967585096,0.7085501746579533,0.00028148227229622707,-1.4272371397117354,0.5515022762789629,5.75,0.566536024936174
0.03,0.3,58,0.008116808725185224,0.0052225408268650984,9.695356499125447,0.005150993999632156,-3.8667316903162523,0.5173206106046034,5.071428571428571,0.5388393048275468
0.03,0.3,59,0.04902022223591888,0.009798352575905426,40.86473456551855,0.011156040080832331,-17.939113981509426,0.6087926018557722,6.642857142857143,0.6354768920887591
0.03,0.3,60,0.1863775245186427,0.14302393449025488,79.46768252887692,0.16286868107199068,63.923633920723184,0.6085662165977413,7.0,0.7410357127501872
0.03,0.3,61,0.07593041108941638,0.04832957815466829,54.6036825048976,0.056147720015415056,24.898741825782896,0.6597667707620324,7.035714285714286,0.7165936388651998
0.03,0.3,62,0.037715054542016915,0.028579148555844484,19.295472443061442,0.03026241995113395,3.3070438310239467,0.5554924719281312,5.678571428571429,0.5607368274268384
0.03,0.3,63,0.01442823592502599,0.004685283404275793,26.80973431140606,0.004306260416091767,1.2241596668672134,0.6450210376942257,7.071428571428571,0.6410692681734733
0.03,0.3,64,0.0027414229272999233,0.0005724158368298655,7.514844407607957,0.0002311616345591989,-3.2251287694180917,0.5715432170615349,5.464285714285714,0.5887502874761978
0.03,0.3,65,0.08638578353634797,0.06377911033583908,47.30764321360284,0.07799923105157,45.765180905306465,0.6038976719912325,5.857142857142857,0.7093097266555938
0.03,0.3,66,0.030529024531320254,0.004237294809030599,34.79836418256327,0.004053004166828049,-16.91919170933545,0.6077881013450491,5.785714285714286,0.6394430716057424
0.03,0.3,67,0.012934412179875026,0.004636932680345461,17.90439736272798,0.005731300455779606,-2.6491578976594403,0.6182079887431887,6.678571428571429,0.6324254864888865
0.03,0.3,68,0.04472530127161097,0.03668485129165131,32.54328769598957,0.04164189926847619,28.618745518144465,0.5999010840371859,6.571428571428571,0.6278613232876715
0.03,0.3,69,0.08878355515999269,0.07402601809396403,40.15673892720201,0.08698117719967667,54.80937809203616,0.5629407776807646,5.214285714285714,0.6099909342873204
0.03,0.3,70,0.0029181584468758585,0.001848467472166414,7.943358465119398,0.002801942433015623,6.799762352537603,0.585554018073237,6.214285714285714,0.5773490376730979
0.03,0.3,71,0.007796173440054612,0.0055342055715021255,12.188866900378192,0.0061604742091138425,14.947295932538745,0.5808897154840266,5.428571428571429,0.5667012145216501
0.03,0.3,72,0.048610808680127855,0.0441513829389175,23.522909647596084,0.046646853103891904,19.483479155044716,0.5410887313848922,5.857142857142857,0.5414532291005791
0.03,0.3,73,0.16694630609226546,0.12088312381008316,79.68525013228513,0.13945686452420644,52.345144850007024,0.5670184050945831,6.821428571428571,0.6740330345274046
0.03,0.3,74,0.07694871742996504,0.043838771907659,60.697673240087376,0.052302218177424524,22.90601847511127,0.5935137086215013,6.214285714285714,0.679692218699967
0.03,0.3,75,0.046323730014819355,0.031538606627902976,35.48122645732377,0.0414292799024572,33.00511824757437,0.5664886457062792,6.464285714285714,0.6012474936845763
0.03,0.3,76,0.027236493270372836,0.013508768553416062,32.51870597583187,0.015790810669153284,2.3914460361363106,0.6435683394538515,5.75,0.6495663376073293
0.03,0.3,77,0.05995900974493247,0.0454755137089439,34.5966757389738,0.050887404423937514,24.119343246860108,0.5902734202847494,6.035714285714286,0.6383242423320858
0.03,0.3,78,0.05607908504118626,0.047372885422080645,29.623996430924404,0.05510713812076168,41.39318251629974,0.5112892606163021,5.928571428571429,0.5440219407336119
0.03,0.3,79,0.02456242861724691,0.022238608589825678,18.573921307126103,0.024403553255315312,16.67628010775856,0.5697830926253525,5.607142857142857,0.6091295203379958
0.03,0.3,80,0.007880430380758275,0.00600355527185681,15.960217675497754,0.0063228643210912795,11.949509909901755,0.5917411634912535,6.107142857142857,0.6225031376138833
0.03,0.3,81,0.09622088678989464,0.0699041877445587,62.56444244165789,0.07977878918469332,37.760007576984286,0.6374246440110277,6.178571428571429,0.7206202091920959
0.03,0.3,82,0.06603444432293167,0.06190553006234079,28.183479771821226,0.06585432372308346,42.79309899211089,0.5515259939878309,6.428571428571429,0.5996595090900063
0.03,0.3,83,0.00790951590282522,0.00955992776303322,9.156342404938366,0.007086608400319627,14.556226143933136,0.5575861560733208,5.857142857142857,0.5702318640470903
0.03,0.3,84,0.19528694305779856,0.1686602934966655,77.55417267335868,0.1810990795177981,63.55685617159501,0.6037320594634743,6.535714285714286,0.7299532045152632
0.03,0.3,85,0.10909468116129735,0.07112531293775157,72.48384587628419,0.08398896065921395,29.476537939973884,0.6318123762022486,6.964285714285714,0.692949922635842
0.03,0.3,86,0.007986274756899182,0.004017807052143013,7.221359166355721,0.004651614306427675,1.2587750158152649,0.5682459033980822,5.392857142857143,0.5696498028565447
0.03,0.3,87,0.2094219274688645,0.16617301046094807,104.44038320270057,0.1931015311965196,102.06540809675467,0.6250055027647955,7.464285714285714,0.782733364198965
0.03,0.3,88,0.1171261183128087,0.09071967095132276,63.4804804106848,0.1052609360633292,54.14100149732209,0.6424219346859151,6.892857142857143,0.7183478490634705
0.03,0.3,89,0.2152270934720813,0.16777458210420199,106.94797135798906,0.19183198634389678,102.32050781580233,0.6184494839519651,6.714285714285714,0.7870696235076076
0.03,0.3,90,0.13198616418853149,0.0952535739516377,86.3536231284897,0.11077203058026504,67.36072962924227,0.6748909832683706,6.5,0.7907088940117699
0.03,0.3,91,0.062469381134717276,0.015057541575766626,47.28415728931145,0.01668218717077672,-17.114327389617838,0.582377203407003,6.5,0.6399354920737792
0.03,0.3,92,0.14980091642466323,0.11706521528423443,72.98039519750738,0.13050942672811183,56.27496280587072,0.6097244182474981,7.392857142857143,0.6975370894650168
0.03,0.3,93,0.05699435757842424,0.02321813880243434,47.06735583348442,0.028255618145862166,13.623478271370837,0.5879129838644837,6.357142857142857,0.6016650794381306
0.03,0.3,94,0.005446592443740644,0.002718594718489075,11.33015970738999,0.003313589896469487,-0.39235031454825275,0.5704448298139266,5.821428571428571,0.5869111338419319
0.03,0.3,95,0.02363064183697853,0.009747431702026235,30.50913811604529,0.009958411770463797,3.080919508740711,0.5522196063352499,6.571428571428571,0.5766186649415521
0.03,0.3,96,0.009138372121463826,0.00222245861583732,16.433355310368473,0.0029751414732099002,5.367231325445412,0.5792849483462887,5.821428571428571,0.5852972789670331
0.03,0.3,97,0.045750355244188766,0.03758225203255851,36.10551363602581,0.03984006674549509,30.13422669842079,0.6090489215215892,5.642857142857143,0.6650578074783526
0.03,0.3,98,0.20034281296281,0.16936157406268557,66.51713688759015,0.1991643301261542,94.38540629078022,0.5934549328626219,7.464285714285714,0.7389426642418677
0.03,0.3,99,0.016494091873700188,0.012786016301657275,19.527000380302553,0.015334587772159824,19.572428012964043,0.6349306970238356,6.678571428571429,0.662913239694821
0.03,0.3,100,0.08893900909215331,0.07483780809898113,43.893921994385984,0.08663221459476254,58.472165615123664,0.5752850407495913,6.357142857142857,0.6451270498066917
0.03,0.3,101,0.12437358995876865,0.08036354344964802,91.52882095082269,0.09437597245376086,37.753605622682564,0.6807216407685089,6.964285714285714,0.7767191577035039
0.03,0.3,102,0.01085975849359157,0.002717846597753713,16.985478097029187,0.0028990769584483636,-5.58604593287338,0.6156340241390988,6.321428571428571,0.6116219488427175
0.03,0.3,103,0.002987856824247359,0.0007544372509957832,4.3914253698113725,0.0009776659260723223,-0.409555195845589,0.5677116501603433,5.5,0.5829012705662127
0.03,0.3,104,0.013325130789592538,0.015348023924853434,8.251502574583242,0.012269550046996569,8.31965099191143,0.6137081639330556,5.214285714285714,0.6326957866612362
0.03,0.3,105,0.10143470654181107,0.06892237106331311,63.82619191970858,0.0834225914190604,41.93078345574647,0.6364510718855524,6.392857142857143,0.7440644868839867
0.03,0.3,106,0.07529707173843947,0.06198254045787352,40.598390418170496,0.07415108989194816,52.874361143257396,0.6185081761692681,6.357142857142857,0.6827689111912656
0.03,0.3,107,0.0058254866876847255,0.004859851587671273,9.069144230541383,0.002020919710011167,-1.5294531049771838,0.5360975769617107,5.785714285714286,0.5591273278518548
0.03,0.3,108,0.013569994243181055,0.012263694340438506,9.668087221498695,0.013242952279716537,8.496901004512694,0.5769764131713709,5.571428571428571,0.588880513961198
0.03,0.3,109,0.0714251435053618,0.06410765124333605,28.431687806415606,0.07017414422858881,42.065271107366634,0.5880105667471447,6.0,0.6378402810031459
0.03,0.3,110,0.0189499349836374,0.005970464508780362,24.051330086377373,0.007455674111837645,0.8889805084684497,0.5764056588448527,6.107142857142857,0.5876795676701984
0.03,0.3,111,0.09137953271458893,0.0799423166749521,43.90108670904448,0.08477589319960542,42.89732642189093,0.6132872215150701,6.428571428571429,0.6899542507930858
0.03,0.3,112,0.00451920693778711,0.002852205938586941,10.719469548567,0.002894754284609228,1.9540085370755662,0.5447779272673624,6.178571428571429,0.5419271923507294
0.03,0.3,113,0.006709142733956802,0.002935298292534674,8.790892783026825,0.002894099754253654,-3.1891523413405594,0.5338551818508024,5.75,0.5236529171776201
0.03,0.3,114,0.11947264383694697,0.09124060832643976,65.00863181170472,0.11138115853322983,74.90626557701849,0.61444687187612,6.0,0.7203380199562357
0.03,0.3,115,0.010591135878645193,0.007981660921954929,10.272519040612934,0.010072815233893468,13.505130344824645,0.6182511192379238,6.035714285714286,0.6445467890750027
0.03,0.3,116,0.12227454719970035,0.0851970790400042,75.84734114965856,0.09091422530475333,35.030003310031624,0.5939775644269243,6.428571428571429,0.7021234013276956
0.03,0.3,117,0.07204145125114665,0.04406383486324632,56.56830439530879,0.056390313350237156,36.438527328983945,0.620030481533098,6.464285714285714,0.6780809689582739
0.03,0.3,118,0.0010829451782240606,0.0007851779515297263,2.4324622178099276,0.0008805990901604703,-0.07837641673092814,0.6070044925717529,5.642857142857143,0.6053901584032135
0.03,0.3,119,0.010417935645567424,0.007334548300731158,11.115075039966095,0.00859675349197576,9.608837190962694,0.5843977643377956,6.25,0.5834885219063111
0.03,0.3,120,0.01136622481873969,0.007594327758191186,12.920877636691651,0.008457126644650923,9.978778637916824,0.5776504994803698,5.928571428571429,0.5946016580586544
0.03,0.3,121,0.09328917343745186,0.05996301371719485,58.396275955222684,0.07294685416916948,37.31243865648338,0.634814223931807,6.464285714285714,0.7148591733637742
0.03,0.3,122,0.07646478308184002,0.05111678397119388,58.0693368709571,0.06019634483581281,35.322124211832865,0.6654550407257279,6.75,0.7197847359321059
0.03,0.3,123,0.01337033320762621,0.011764609683748043,8.717207410397046,0.012976975991984874,9.803492754755316,0.5476186760248593,5.75,0.5361549916658117
0.03,0.3,124,0.02289653003865629,0.005578343182901085,25.308355195795144,0.005827465251941276,-13.150622169519684,0.5638504544872648,6.464285714285714,0.5934512754920771
0.03,0.3,125,0.0067275301368617795,0.005318251642799342,9.2581825306904,0.0034340792821662717,-4.565499277975467,0.5616226504610959,5.428571428571429,0.5577235332158332
0.03,0.3,126,0.009866866709445535,0.0068497558035303515,11.261706271083142,0.008189297540748187,15.148571409608158,0.559215971621823,5.678571428571429,0.6046890154674049
0.03,0.3,127,0.13859873444830362,0.09963234407792879,66.89900027843032,0.11839206236879887,48.71496701613628,0.6193807432636523,5.821428571428571,0.722692517219063
0.03,0.3,128,0.03311045450977933,0.02606065391417126,27.38032114082235,0.029843691392535954,23.875359453902586,0.5659343992761207,7.142857142857143,0.6108574579187628
0.03,0.3,129,0.0010069158912911016,0.0013662253668842604,4.754528131532055,0.0007554812564346168,5.566770089499632,0.5771215920519801,5.142857142857143,0.5772939476554608
0.03,0.3,130,0.004566043339914465,0.003875587864016921,3.1619936977384007,0.003615903175947607,-0.18626986221711186,0.6018378860390197,6.214285714285714,0.6169066275146997
0.03,0.3,131,0.06614152695390103,0.05734635794557442,39.68677191268923,0.06495188374025541,55.00153155205584,0.6731163330606375,6.857142857142857,0.731636553078651
0.03,0.3,132,0.02001907831598001,0.01414870478987169,18.216514684170374,0.01523609441681444,12.190597986470854,0.5913338260991129,6.5,0.6164488885111168
0.03,0.3,133,0.22138178903028588,0.17954279023788478,82.26432705473896,0.21008675555852743,87.38037419621384,0.5611799652930741,5.928571428571429,0.7191766234095027
0.03,0.3,134,0.1596519170891004,0.13721767187914763,59.90478793974348,0.15907255872105558,90.47179662046271,0.5965920655560811,5.642857142857143,0.7417970352688918
0.03,0.3,135,0.1628217658634418,0.13951416375254724,71.97595981017189,0.16015836074862164,90.5326201205973,0.5661208311508166,6.107142857142857,0.6871520226638945
0.03,0.3,136,0.0040448119333501295,0.0010039840053501356,8.814796992991583,0.0008211452952138322,-2.8603322192026894,0.5529258064137631,5.321428571428571,0.5817935558570055
0.03,0.3,137,0.06151637028623239,0.03087198294818016,49.50033580752472,0.03613988107228556,17.23045550958929,0.6462187398275306,6.428571428571429,0.7004815437854419
0.03,0.3,138,0.010757759026983171,0.006399533080864222,15.112219473993596,0.0068255372533705064,-3.1032981647631175,0.5766896648633167,5.785714285714286,0.5976267105735884
0.03,0.3,139,0.07721450105545419,0.06518129421021698,49.27281772362338,0.0676119678499447,39.10017394228073,0.5938747267857566,6.0,0.6672980208667247
0.03,0.3,140,0.005928143357835938,0.0018425360229725161,12.96036566369034,0.0010429369334630167,-5.1339130687442776,0.5114882184252717,4.821428571428571,0.5363200404332767
0.03,0.3,141,0.08178100231174398,0.07048901315799665,42.54588445342507,0.07978971607772449,60.62397255613653,0.5945487689665925,6.392857142857143,0.6598671348872243
0.03,0.3,142,0.01958503615297473,0.0072876903579640944,20.94509475632761,0.008224843362158835,-14.358391359805381,0.6106243510099637,5.75,0.6141162079815841
0.03,0.3,143,0.014396549228506948,0.0026354388952494474,19.70610418089305,0.0026055393406807133,-9.90515804916051,0.6334781655290737,6.25,0.6337401030901502
0.03,0.3,144,0.011664406544659903,0.014311114645009107,3.251469956156086,0.009579187376345213,1.9845903854262115,0.5820636442434346,5.642857142857143,0.5982074842851752
0.03,0.3,145,0.08863646811932799,0.059313907049303595,61.04467539257386,0.0704726734273823,43.52688734522127,0.6147831216082394,6.571428571428571,0.6719839111801258
0.03,0.3,146,0.025695844214870808,0.014341321988020326,25.65075885928557,0.013821416921515445,0.5662149138496867,0.5668361511298602,5.678571428571429,0.5944880581573959
0.03,0.3,147,0.11179058885123264,0.0948266818716218,40.956256014870995,0.10889281447600117,54.72652289158405,0.5938213410163284,5.25,0.6621019167237387
0.03,0.3,148,0.0011524473288731512,0.0010058025294341823,0.6721470341382675,0.0010961122647858334,0.7117654579006588,0.5712313992074766,5.607142857142857,0.578082256940154
0.03,0.3,149,0.12818924957311148,0.09956568886960135,66.17515629140694,0.11304474257323655,52.54279159812837,0.6189286407897236,6.464285714285714,0.7030295954045571
0.03,0.3,150,0.0157874103042038,0.005820017011303327,27.795899127056657,0.006743407363104563,5.6964842907769935,0.6221442236434301,7.321428571428571,0.6307177361758569
0.03,0.3,151,0.06747354761435007,0.04040813146544132,47.003633635221775,0.04810918744793813,19.30571471663261,0.582259823788598,6.285714285714286,0.6165466564445532
0.03,0.3,152,0.10997373757023131,0.09396825853472035,47.80409776025366,0.10867399959860206,69.67462005319366,0.6091315185806321,5.892857142857143,0.7052911527800435
0.03,0.3,153,0.03931110096542084,0.04215200235157222,7.378903445071406,0.03847140689158868,7.67498969928305,0.564353745872399,5.535714285714286,0.5907220715600822
0.03,0.3,154,0.0831307704474572,0.039227772969777884,75.36319619074067,0.0483946327404733,18.210189975769655,0.6671218483614361,7.535714285714286,0.7471338367218481
0.03,0.3,155,0.015173628978709544,0.011303807101222784,20.57602040113822,0.012939184565113445,20.766223681622183,0.64076211992152,5.928571428571429,0.6640409807368957
0.03,0.3,156,0.14075476427903003,0.09815517058030782,81.18614259648702,0.10716056838175428,45.64789971558759,0.6300828193598899,6.571428571428571,0.76680379943691
0.03,0.3,157,0.03556284403495539,0.0032999719130181343,30.87745109137495,0.0039449454152249526,-18.749496582264623,0.5658468348551586,5.285714285714286,0.601259553741386
0.03,0.3,158,0.12251133804246624,0.07745162008202826,78.2531455153894,0.08915236598806299,37.773142482941815,0.6029286602261363,6.285714285714286,0.6913914394146022
0.03,0.3,159,0.0984551213191283,0.07976839936910851,62.59819414435367,0.08798940422086948,59.53573101748477,0.6415107828591744,6.714285714285714,0.7393815336319604
0.03,0.3,160,0.008373397816575574,0.0069819184539939025,5.818576180989226,0.00820955828511446,3.174679708671164,0.572040780155109,5.428571428571429,0.5705919457599599
0.03,0.3,161,0.01125844446332936,0.00862492456603256,18.28167474617096,0.010667121253373555,14.318679713983556,0.5786644230003014,6.464285714285714,0.5856100760034537
0.03,0.3,162,0.0821620436888017,0.040113893123262044,66.45903671956803,0.04782897852162729,20.830913888419275,0.6184402061886989,6.964285714285714,0.6842435875790287
0.03,0.3,163,0.10988364653005855,0.07465434914633803,65.00041444392465,0.0895697357010804,50.4339655284037,0.5821314253298187,6.5,0.6396664492051003
0.03,0.3,164,0.0027005143888358925,0.000895496558088034,5.082777329341458,0.0014682627446694354,0.7338529055776822,0.551379512769705,5.892857142857143,0.5878436508284441
0.03,0.3,165,0.16272376505964842,0.13330444670101274,87.12102343011286,0.15133396773140603,85.91147467845552,0.6179175681595206,6.214285714285714,0.745519680094068
0.03,0.3,166,0.010031020670107626,0.008274482275739294,5.099197531526528,0.009433843479216402,4.995884250212593,0.6025657660723621,6.178571428571429,0.6216117998371953
0.03,0.3,167,0.17677208260828145,0.13985764276996993,94.57502225850153,0.15904030170094613,84.96534861183399,0.6487227414824395,7.607142857142857,0.7858462167438338
0.03,0.3,168,0.15114895265165204,0.1163461614401227,96.42148494572966,0.1405303198055294,95.11875391759465,0.6283106730205904,6.857142857142857,0.7719984249907793
0.03,0.3,169,0.006697694924001598,0.005747538587405374,6.187214440830246,0.006518091518458177,6.577893881567462,0.5363783399030213,5.892857142857143,0.5400004499135456
0.03,0.3,170,0.1395331661324304,0.10165020680290804,65.88294840432677,0.11648187414742335,44.35409549049012,0.617656698035966,5.892857142857143,0.7163290518807299
0.03,0.3,171,0.03883670084062902,0.009680195301913384,36.91244015881182,0.009631578505593947,-14.307317992748617,0.6498016113185822,6.642857142857143,0.696674951308778
0.03,0.3,172,0.011841091666539101,0.00567916796254803,11.742172148484087,0.007266943879148227,6.325331151957765,0.5645564324493563,5.0,0.5682614177343115
0.03,0.3,173,0.16988980259541236,0.1330785144035616,90.74217931165806,0.1615761806523502,103.73517501390522,0.6368643321003804,6.928571428571429,0.7768166641177768
0.03,0.3,174,0.07040685169452582,0.04953386088165745,52.67607890178189,0.05699845742902586,34.045940972191,0.5917457711518033,6.178571428571429,0.6407522264798604
0.03,0.3,175,0.04906632572778557,0.026879980454679955,35.24871543328721,0.03309489837023007,5.6391432348690484,0.5885947544385651,6.642857142857143,0.6451674444590253
0.03,0.3,176,0.02954107128497604,0.022181236539425365,20.03962822069501,0.02797304484433072,22.562213287980626,0.57357853838941,5.357142857142857,0.5876103757345903
0.03,0.3,177,0.07288794080182655,0.05086214307068644,50.147780765855174,0.057955179110617316,34.16349391198371,0.6230756037819948,6.607142857142857,0.6888497849565638
0.03,0.3,178,0.10197567679138674,0.07389742771928817,60.98909087842099,0.08141590783334976,31.986442896701472,0.6134681957772067,6.5,0.6846309276354798
0.03,0.3,179,0.008972319150548266,0.0061281426137457466,12.49349997068065,0.007639156551880268,13.233550498446087,0.5659625635588718,5.071428571428571,0.5816690626767438
0.03,0.3,180,0.01152602602152781,0.006291851158653943,10.688139817144654,0.007017515330984019,-0.715127664383914,0.6420113112069125,6.678571428571429,0.636140054395282
0.03,0.3,181,0.09835269856109684,0.07616467853111632,48.61671873241496,0.08726129992581201,38.735800317745365,0.5530692278159943,5.857142857142857,0.6613169568960242
0.03,0.3,182,0.1320357470251518,0.11313312993048817,51.013183616684906,0.13134764793636006,76.75241180507726,0.6336834834496338,6.928571428571429,0.7424684454874946
0.03,0.3,183,0.07355628099724254,0.04521775629349863,57.21962265258653,0.05080961591373293,14.835337963113721,0.6057424143241269,6.678571428571429,0.6472706016888576
0.03,0.3,184,0.21851627559731712,0.16152076981150354,101.19077032422815,0.17910298801453148,71.41178509289739,0.5936211477753336,6.964285714285714,0.751445090775087
0.03,0.3,185,0.05601578903378103,0.04164399110314962,49.59839941831717,0.04700059712499454,34.35497863297625,0.5825962975906794,7.392857142857143,0.594332434138247
0.03,0.3,186,0.13681348763675005,0.10942405435595494,58.59338405051657,0.13566972572854416,83.2151882463154,0.574470511425916,5.892857142857143,0.6989674685298526
0.03,0.3,187,0.17415549462142704,0.1419924814254918,92.92132024378873,0.164531503809611,105.23307405647738,0.6508714896223192,6.964285714285714,0.7992399207031651
0.03,0.3,188,0.13708116987030955,0.1068102842355316,68.98935513843442,0.12046533019775486,60.22837661490081,0.6246848606552237,6.464285714285714,0.7256049555588164
0.03,0.3,189,0.11424512366857013,0.09179166426579176,56.95898887925392,0.11001789832189446,69.32001775848936,0.5901981977467222,6.535714285714286,0.6845592210925304
0.03,0.3,190,0.17400295216545392,0.10862176749319567,94.33891048377797,0.12412649375814014,32.462999983319804,0.5775704420069229,6.0,0.7095390487867067
0.03,0.3,191,0.010593212427414813,0.008032782044255607,10.87593591613045,0.008420436009033222,3.5041056899811167,0.5883337935750788,5.607142857142857,0.619327429943907
0.03,0.3,192,0.0835109673730561,0.05995893947089575,62.78741312825764,0.06888452461613483,39.83009660675936,0.6636312848213869,6.357142857142857,0.7494078665497481
0.03,0.3,193,0.022116925713873987,0.01842970474842381,16.962135305015494,0.017980580025312252,5.8682406866582255,0.5602833638825336,6.357142857142857,0.5733891949666152
0.03,0.3,194,0.004161472905266714,0.0013188052419472662,1.8437444018813285,0.0014167961816841314,-3.514067982792208,0.6126775195795745,5.321428571428571,0.6469130345833294
0.03,0.3,195,0.11160699690181114,0.07533035224576848,72.91514576795157,0.0912100084817645,44.978951971171,0.6190570078920693,5.785714285714286,0.7130179577514886
0.03,0.3,196,0.15159812277108559,0.11951311043743523,87.76152500769354,0.12877700516925575,61.494725439985245,0.6440245102482933,6.428571428571429,0.7592237268330546
0.03,0.3,197,0.10356411537908722,0.06979285358618267,48.18501382950715,0.07746064345997558,25.32114494689796,0.616532582871543,5.607142857142857,0.6977938006992932
0.03,0.3,198,0.026801470146701444,0.021960218134815183,11.633992569931829,0.02524464272662596,12.036658096953184,0.5803935852148194,5.892857142857143,0.6131857026809451
0.03,0.3,199,0.011444973563319444,0.009149444918402838,9.036633420060943,0.010256702066293692,10.932554156471866,0.5643052367613219,5.964285714285714,0.5860012583799228
0.03,0.3,200,0.00075109124396043,0.0008303732286676014,0.4246801657866494,0.000648118699756059,4.648812646536034,0.5328033261946926,5.535714285714286,0.5409205145645026
0.03,0.3,201,0.19352153077996312,0.1516899774997118,84.9195819461807,0.16462176958531652,48.764169720382306,0.5986133292060004,5.928571428571429,0.7180517188445092
0.03,0.3,202,0.007359757917757341,0.003613433106372006,5.639743271667403,0.0035274950143694126,-3.570285268872302,0.6335793642193523,5.607142857142857,0.6358661935389368
0.03,0.3,203,0.04616696609284575,0.035487478596286516,38.611677718293464,0.03792292488383398,25.225088161438787,0.6026032478440878,6.178571428571429,0.6162713270575206
0.03,0.3,204,0.12081984034306524,0.08896014428957791,63.32124766249831,0.09813688626696358,44.60330634901476,0.6345565555391561,6.214285714285714,0.7033873033280964
0.03,0.3,205,0.0042453351260929185,0.002728555833030736,10.253475385404158,0.0026963559419740536,-1.8301456174329662,0.6093697472803485,7.0,0.5978812391286924
0.03,0.3,206,0.18907365776797044,0.17163618898644104,53.082316864179454,0.18811506093984356,83.48428384317428,0.5970213747910976,6.535714285714286,0.7344390226101472
0.03,0.3,207,0.19701575420632209,0.17360421938053577,67.6298991582946,0.1931189446440049,90.58910782271484,0.5977540731782085,6.428571428571429,0.7422907532743168
0.03,0.3,208,0.07596515467313773,0.06639321975021883,34.60918720678171,0.07462292192698472,51.6666808221896,0.5790782667063038,5.714285714285714,0.6344215113875427
0.03,0.3,209,0.013432756651267818,0.01197946344138234,12.635244098630428,0.009584977670062104,1.971489193535329,0.5523495023235068,5.25,0.5657389346426445
0.03,0.3,210,0.029130389742668857,0.010595735455742194,33.62254188132437,0.012815717994194453,11.467872442320166,0.6051049726389388,6.571428571428571,0.6379549470979171
0.03,0.3,211,0.003986048825997067,0.0013270484971210786,10.66901840881683,0.001694216339041647,0.7563943098181672,0.5680739774852509,5.75,0.5743928652824615
0.03,0.3,212,0.0706253020798693,0.013208062337041982,61.5180578009547,0.01451556448587647,-19.187906145113,0.5954254951909201,6.285714285714286,0.6356981775348088
0.03,0.3,213,0.018529855795803712,0.010362546740076854,21.234347484533515,0.01481147826433962,14.862462810547745,0.5154307886588839,5.928571428571429,0.5325828410608082
0.03,0.3,214,0.08385478429607233,0.06956214754621151,38.87456873755384,0.08315957276348342,51.69193979940687,0.601426732260505,6.75,0.6967795187404657
0.03,0.3,215,0.06497701412698624,0.059707075292411704,31.59784727470918,0.06006833178681872,31.9577024678262,0.5914219316672558,6.285714285714286,0.6533016057613599
0.03,0.3,216,0.03245182932638851,0.012497485074405614,29.238739260070503,0.014970289524181613,-3.497808893141164,0.6115810024553477,6.392857142857143,0.6213051686179759
0.03,0.3,217,0.13166953420098967,0.08639942115867548,78.96193434984434,0.09668278912086224,31.978062850434913,0.6333022726808439,6.607142857142857,0.7295666892500199
0.03,0.3,218,0.01735088578106732,0.008972746630295242,21.175216200254756,0.012204615807332137,9.75399543920409,0.6109670228188203,5.535714285714286,0.6235937127594511
0.03,0.3,219,0.035884607297797515,0.029539092869081584,27.943153315109413,0.031779328770479454,18.630990165963436,0.5955837442442939,6.107142857142857,0.6063644078131647
0.03,0.3,220,0.09002805545330346,0.0766027313654774,40.71892796035345,0.08891193936908029,59.59080685694661,0.534394262263891,5.714285714285714,0.582873951872055
0.03,0.3,221,0.02253780567100362,0.01910048412204313,15.188804734435706,0.020093640751740506,15.164521096907455,0.5877586873823885,6.714285714285714,0.6203465097735419
0.03,0.3,222,0.11799424328803133,0.097200066772793,63.460105291968794,0.0995253443007856,39.996762425920856,0.5951708496712846,5.714285714285714,0.6832976526477426
0.03,0.3,223,0.007836051524858497,0.0016743214039721132,6.9480207116430295,0.00241004740712733,2.1341302131825635,0.5616411082134467,6.142857142857143,0.5654911955273625
0.03,0.3,224,0.07257235114567363,0.06452309190227022,34.2814886399913,0.0723643751777511,47.98641192945357,0.559627068023579,5.75,0.5948185479710713
0.03,0.3,225,0.011194010460673448,0.008863184234947388,11.929636723580472,0.011051951375426654,11.045481655817488,0.6044079898098528,5.857142857142857,0.6307697684309665
0.03,0.3,226,0.0929251225793588,0.07252355973081032,59.989897506097286,0.07628495699540766,39.536712127675976,0.6285032680029882,5.75,0.7088631625670361
0.03,0.3,227,0.17085360076529305,0.14136025513564981,91.17117990183094,0.16155258395516517,97.308768787252,0.6290962615565409,6.714285714285714,0.786576408423651
0.03,0.3,228,0.008769965859386275,0.005533925774870028,5.529779226071004,0.007675717395224744,5.724476035721314,0.5966795981394396,5.928571428571429,0.5994876507658606
0.03,0.3,229,0.04544406448138271,0.03513222666443209,24.769912352270307,0.04091176628307743,23.71915964220621,0.5130846294277698,5.714285714285714,0.5148355974111835
0.03,0.3,230,0.053677346130009455,0.03865186166408849,37.614995450896096,0.04564428378881743,23.780170436295666,0.5826850337436845,6.392857142857143,0.6366450479000261
0.03,0.3,231,0.17681809521144964,0.14139832538505853,73.58123722044469,0.1592496626953817,66.70865466770044,0.6141935145677381,5.857142857142857,0.741788737064665
0.03,0.3,232,0.17219734113098004,0.13872224711405667,77.37840489876463,0.15342857777779575,56.08529896478268,0.6330498713662364,6.678571428571429,0.7532642281349146
0.03,0.3,233,0.08959081138656078,0.07786676182967577,35.5068596421491,0.08754886535348888,48.58141229868107,0.6038847937912577,6.321428571428571,0.6835817026930353
0.03,0.3,234,0.007877308895317528,0.002943840292435878,16.802576379510935,0.0044029757592305065,-1.8095472030077058,0.6047940896191604,5.75,0.6194761538805111
0.03,0.3,235,0.005853112698675297,0.005662661702121395,13.455734189336463,0.005326869700851362,4.079067312664383,0.5663733140927262,5.75,0.5713486011674387
0.03,0.3,236,0.03932286516361704,0.03375644620983231,28.641104590928318,0.03770310540001369,35.15841611503773,0.6080897032672006,5.571428571428571,0.6447593236875041
0.03,0.3,237,0.02246268547784765,0.018739714369493878,7.4272682641005,0.02027164742175997,9.796766171751946,0.5300433895100404,5.107142857142857,0.5582774207457248
0.03,0.3,238,0.005685920342246167,0.004831082872356964,1.9857672401000173,0.004224908903812514,-0.08675337019043165,0.6118743142648456,6.75,0.5982436946308924
0.03,0.3,239,0.028530489617845996,0.005978619694247377,35.218975991286044,0.006283310947016353,-12.841186314918653,0.6293191173492673,7.0,0.6209240044371553
0.03,0.3,240,0.008726792412963045,0.007642009741469291,8.107435943161875,0.007556523079057527,8.18598122024691,0.5831707779142058,6.285714285714286,0.6054992923618334
0.03,0.3,241,0.09987031407710906,0.08072648791119401,59.429366335992626,0.09309057934116324,56.61748577046473,0.5729727860274657,6.035714285714286,0.6621993728458648
0.03,0.3,242,0.026497671306275256,0.008632781251778887,28.66220512453877,0.012238501926463318,12.514827999323748,0.5633186010305257,5.964285714285714,0.5654575400227042
0.03,0.3,243,0.016026574725392338,0.011146383252323084,8.47843851540378,0.009829674734746208,1.9123162640822688,0.5114327688798349,4.964285714285714,0.5639335773310482
0.03,0.3,244,0.1891725325948037,0.15492281109714917,77.70667081298024,0.16968214423356667,62.42466978202773,0.5594288921444172,6.714285714285714,0.6856811785377197
0.03,0.3,245,0.07036864812154195,0.04746452911950738,50.478751400154756,0.053982845188731324,27.827904206213304,0.581180410854362,5.892857142857143,0.6390585076757962
0.03,0.3,246,0.15965523639156295,0.10927929981046144,82.35067173719136,0.13428674926318054,62.084481347029445,0.6015687688002451,7.071428571428571,0.7300262890630357
0.03,0.3,247,0.05038402401915464,0.012315464484833373,58.07229006086778,0.014980927003765918,-16.322926535592416,0.6556737841902596,6.571428571428571,0.7095818272868
0.03,0.3,248,0.002106444594650669,0.002127493623771994,4.803912269318251,0.0019925063719091855,7.575881739454066,0.579706602227606,5.392857142857143,0.5992385135288968
0.03,0.3,249,0.04607264549849314,0.01880197431529807,36.76810187832928,0.020322256925350488,-15.745270693480796,0.6350264643163787,5.928571428571429,0.665120411142726
0.03,0.3,250,0.015580908550726465,0.006536982475228331,19.348935599710284,0.006849562928636509,-6.222742508393803,0.5971001654565898,6.035714285714286,0.625071819071628
0.03,0.3,251,0.09649997990191962,0.08233547610691126,47.34558457192827,0.09512037659119235,56.0518809281042,0.5804365001944632,6.535714285714286,0.6516750169148835
0.03,0.3,252,0.044046064404009655,0.03248921523931308,39.0906455795107,0.03714938473254458,21.411075836434804,0.5853813251574508,6.892857142857143,0.6360822988938629
0.03,0.3,253,0.006613555674110929,0.0007658948480718437,11.68347406526155,0.0010359439770047702,-7.250669818545002,0.5589912919685869,5.928571428571429,0.5564703836764244
0.03,0.3,254,0.0013907506074688908,0.0006899342504914043,1.2381083716317676,0.0006821274551369498,-0.6924918775241053,0.5318455483465081,5.464285714285714,0.5500024313738384
0.03,0.3,255,0.03945608514099572,0.011254856639336525,35.66659303294247,0.012598427051532189,-10.457562468734276,0.650417328643562,7.178571428571429,0.6692998695959838
0.03,0.3,256,0.03601660910607252,0.024589628395383523,33.95317520416276,0.030952103595465106,28.318274949166703,0.531558633696191,5.821428571428571,0.5686580417210676
0.03,0.3,257,0.01323834408316863,0.009254277240154643,19.740120744972728,0.010896669184722858,7.242920047427229,0.5670340612380343,6.107142857142857,0.5767699236023563
0.03,0.3,258,0.06124410840017544,0.04638179324308407,45.09512098680434,0.05057642498590442,28.406649553068785,0.5991162864865548,6.357142857142857,0.6446504210727595
0.03,0.3,259,0.13708141695781692,0.1245510942493858,50.49131068500291,0.12982789529377808,55.13782090198678,0.5939536096252737,6.714285714285714,0.6975350677207143
0.03,0.3,260,0.17331997387501508,0.14650061782939036,88.14126475073044,0.16735732151503063,110.4087700963458,0.6309646881704281,6.964285714285714,0.767044779287658
0.03,0.3,261,0.01137029283632466,0.010033710634763271,4.811040468330144,0.010421991424115686,5.987474657043549,0.5628416227447979,5.428571428571429,0.6131181100356063
0.03,0.3,262,0.13983114319946902,0.11534583547690946,60.92493274654478,0.13481108478171397,71.7324657474252,0.6093678070673612,7.107142857142857,0.7453096500304788
0.03,0.3,263,0.18709752147248124,0.14362692579796493,103.7193355935264,0.1700699514286896,100.48981819233457,0.6604779310043654,7.964285714285714,0.8072178645390178
0.03,0.3,264,0.003963112926706762,0.0014966036809163702,3.6361921658721976,0.0016874678039168814,0.45316913255985014,0.5731633795786762,5.607142857142857,0.5611580140981058
0.03,0.3,265,0.1289372160709634,0.09902021469394318,67.55730297152576,0.1133973909584468,57.26910227667933,0.6034817930953983,6.0,0.7093535411739116
0.03,0.3,266,0.10773738406739047,0.0737377777665506,73.17095605207659,0.09388923134610666,54.895587880272764,0.6413099465887375,6.678571428571429,0.7327229338591733
0.03,0.3,267,0.18573946636553668,0.15839109996174275,78.3343564652817,0.18036935293090073,93.1712560319289,0.6192199085972149,7.142857142857143,0.7728284968741997
0.03,0.3,268,0.03201129314338756,0.003993042988571904,31.873742565893924,0.004563930761186057,-12.91370119531256,0.5971449841904768,6.071428571428571,0.6178691588544396
0.03,0.3,269,0.1415622968489875,0.10854253674805055,70.40505104796637,0.12502481434816878,58.34405114234344,0.5862791433968546,6.642857142857143,0.6898749601943943
0.03,0.3,270,0.011993811310624337,0.007379965706317421,18.786196100039508,0.008362352602743027,7.426834605783863,0.5641199745330467,5.535714285714286,0.5993980905107867
0.03,0.3,271,0.03762909743133354,0.004282066067321295,33.659207068084605,0.00419886218309509,-18.267671998399994,0.57922484143174,5.035714285714286,0.6053653643748265
0.03,0.3,272,0.1900063428616998,0.1432580807071722,100.35672496690972,0.1655528500391868,83.86072220550055,0.6563951307537438,6.535714285714286,0.7852751494165853
0.03,0.3,273,0.002551775787609795,0.0020392780089802396,3.6124100470836424,0.001719099542866784,2.003291755786696,0.6023430207075597,6.392857142857143,0.6189359759898452
0.03,0.3,274,0.06484841226411318,0.052056207620790156,34.80118852269975,0.057634984306294844,34.83284315305336,0.5716792612876339,6.642857142857143,0.6486406502943567
0.03,0.3,275,0.02418870044477621,0.007361734208951388,25.780481513953095,0.00763095909146636,-7.736608640079273,0.6306874505663868,5.607142857142857,0.6608787413038404
0.03,0.3,276,0.2676315497010779,0.23772303430154884,68.47298214613649,0.26686010994957665,104.77523573675478,0.5165459755203812,5.821428571428571,0.7047857871134129
0.03,0.3,277,0.13136544228713584,0.08228728784826433,89.79153220371614,0.09496009707252097,30.27139276836368,0.6516217239182953,6.607142857142857,0.7847587295360814
0.03,0.3,278,0.03295584258669887,0.012728619547726552,29.619369773986506,0.014229823541324307,-6.28870201004591,0.6047694288775639,5.714285714285714,0.6252692861569393
0.03,0.3,279,0.01995991421701988,0.003735290679090261,28.785160953331552,0.004107783266560639,-14.24795699180107,0.6074075007218545,6.321428571428571,0.6268218650801411
0.03,0.3,280,0.1460376362188096,0.11651980991760298,82.60205787236816,0.13368300924879697,73.27857603331873,0.6535986125541695,7.321428571428571,0.7765832984980587
0.03,0.3,281,0.06264664833800898,0.036438946335590645,45.462789716687176,0.05126365807458785,39.25786048535089,0.6595895480803604,6.428571428571429,0.7107932343443402
0.03,0.3,282,0.1266948696484642,0.09547346320178036,74.68815968618502,0.11020024140085763,53.825661369472726,0.6819750001635004,6.714285714285714,0.7869631349159109
0.03,0.3,283,0.030158923577727727,0.009123778468843843,33.658043915730836,0.012872453537342746,-2.903020917280353,0.6421619061480597,6.428571428571429,0.6699919096532161
0.03,0.3,284,0.039071940558857744,0.007658594326502555,44.820354183552105,0.009198582971761906,-25.690578930204023,0.6224054095525035,6.607142857142857,0.6553019658430727
0.03,0.3,285,0.1284774375295265,0.10783729688624867,50.67027307813779,0.1258605004808766,63.11463724376868,0.6281710839661164,6.464285714285714,0.7296199285166536
0.03,0.3,286,0.007693458343087216,0.005568034703407134,11.851796498271588,0.006530703123719455,9.022249455200333,0.5632447459791833,5.464285714285714,0.5787929352670013
0.03,0.3,287,0.13534030327756064,0.1066061690441953,56.260869440171234,0.12964173699699755,69.79577101389361,0.5760212867647089,5.535714285714286,0.7027656018674198
0.03,0.3,288,0.012563822701450521,0.0028191005550861404,18.220905561637096,0.0033554905224798936,-7.494476855929577,0.5965774728396704,6.178571428571429,0.6105879020701862
0.03,0.3,289,0.05329824571527146,0.04161665911355115,30.08482890126542,0.05262925333424042,43.86280151631337,0.5754644287388445,6.035714285714286,0.6090177711877408
0.03,0.3,290,0.009845075628668138,0.00596869811657548,18.724430201383324,0.007563171045421748,10.76958847615316,0.6116727417516307,6.071428571428571,0.6264278864603084
0.03,0.3,291,0.05868010184679687,0.0388616075945382,40.12438870872669,0.04509986114021384,21.542940262143674,0.5716417353582619,6.0,0.6198132118485623
0.03,0.3,292,0.10999763548100783,0.07034404084417174,70.58605437207098,0.07888063430674835,27.799781640798912,0.6127791351165585,6.642857142857143,0.680932895786962
0.03,0.3,293,0.003802068876108963,0.003066098185511626,3.2864456340562733,0.002411692276413235,1.652160980070742,0.5466419587619191,4.714285714285714,0.5749724319825242
0.03,0.3,294,0.01137009790479887,0.011374604344675191,15.239725972271904,0.009739110441262253,9.389750614791922,0.6073264378674085,6.571428571428571,0.6309185828934349
0.03,0.3,295,0.008872450570823183,0.003123419023111917,8.403013369585333,0.002478275157118549,-4.802596986091373,0.5985787112598795,5.678571428571429,0.5906835678924696
0.03,0.3,296,0.020044229375521277,0.007024204727605079,24.96491662335014,0.00900907905373141,-1.4411595397290853,0.5365289271547363,6.035714285714286,0.5779510749043641
0.03,0.3,297,0.007122404037705319,0.00486343946678914,8.067323556133337,0.005446312568867254,8.386210775216673,0.6003389251183939,5.821428571428571,0.6148312516667761
0.03,0.3,298,0.037575041536697884,0.012756755551821113,36.01792921982737,0.01613839775651471,2.1026897018100024,0.5970618904149008,5.821428571428571,0.6256482676585875
0.03,0.3,299,0.0031392996512886644,0.0031516601918466325,2.7404276197409936,0.002830470832030736,1.3015608471307967,0.5698429242063134,5.464285714285714,0.5865844058808398
