leak,strength,rep,phase_fst,spatial_fst,be_phase,parkin_fst,be_parkin,hs,rich,ht
1.0,0.0,0,0.0036341948590133816,0.004242350062434915,-0.0191540386381277,0.0039048223759252684,-0.10814192432186094,0.6186966518505823,6.714285714285714,0.6446623604284167
1.0,0.0,1,0.006484219975090016,0.0060079172126086666,5.644418252267847,0.0066706595697516614,7.327672602598,0.5718229607787562,6.5,0.5883262542694199
1.0,0.0,2,0.003355337633291064,0.003475072792791792,1.10911543374187,0.002800194535081314,0.07205655211036326,0.599674449015604,6.142857142857143,0.6015827612522003
1.0,0.0,3,0.0043677650734506215,0.003440470075373339,0.44645412600451095,0.002955603091417941,-0.3008752899132503,0.5269239007694972,5.535714285714286,0.5399802928210964
1.0,0.0,4,0.0017060671276947017,0.0017190395154705262,-0.42892464437315425,0.0012995198434486224,-1.1767180992743154,0.597918453082417,6.214285714285714,0.599894182305542
1.0,0.0,5,0.001203979375851685,0.000723337858134961,0.8024023602582844,0.0003992586267912415,1.696981464550106,0.5698392361148069,6.285714285714286,0.5629255718321451
1.0,0.0,6,0.0008599084450995338,0.0006686936219586195,0.23488549420917337,0.0009601677448566784,-0.2209447360580062,0.5696517758864449,7.071428571428571,0.5902540226663989
1.0,0.0,7,0.0017406152258949703,0.0014720285572600907,0.7669439026349423,0.001124592748017886,0.6858667779525547,0.5717302466264739,5.642857142857143,0.5891483297014943
1.0,0.0,8,0.00964702399244284,0.009214937257744938,3.4080472939223725,0.009043682606325936,3.138101855832673,0.5755015984637996,5.071428571428571,0.6011036179109264
1.0,0.0,9,0.006582844289836932,0.00466152285602971,1.9078093284213864,0.0035353120776382345,-2.656994034034701,0.5951475346441976,5.642857142857143,0.6051553443696667
1.0,0.0,10,0.0023765862831740207,0.002196955158605994,1.0427985425105248,0.0011033405723283153,-0.004561400503755901,0.58986977531864,5.857142857142857,0.5844571084205294
1.0,0.0,11,0.0011145534811281784,0.0008174950941087164,0.5384990843102386,0.0006964342040866749,-1.0376659118850853,0.5807941415369954,5.285714285714286,0.5780279414215783
1.0,0.0,12,0.0047886544013035805,0.005394565619931078,1.7856552697838595,0.005820851627723272,2.0250820452229257,0.6074107662942559,5.607142857142857,0.6118337693067339
1.0,0.0,13,0.007130218289431618,0.005910672735084097,3.168401865233875,0.0045845775736237755,-0.2517759147782215,0.5951182835957727,6.5,0.6151112582234637
1.0,0.0,14,0.005786999750894119,0.0046784272971168534,4.699375777901807,0.004325859190309437,2.9325143797645885,0.5591449180114512,6.071428571428571,0.5981248744047931
1.0,0.0,15,0.008444168909527561,0.006959972864136213,11.267259645031025,0.005594845163479533,3.6999211670736636,0.594198507892168,6.607142857142857,0.6059317243571318
1.0,0.0,16,0.0015025701640442011,0.0024301538472335724,-0.14457179740220027,0.001776001225364681,-0.06545432285956092,0.5757164436243725,5.357142857142857,0.5666513548872835
1.0,0.0,17,0.006743787278726129,0.0029933719765622255,5.405976905910414,0.0018992008688846942,2.750274291103068,0.5694320733622785,5.535714285714286,0.6106371783156498
1.0,0.0,18,0.0021862096188794552,0.002244035715406921,2.369615779277723,0.0022304878867600263,0.5937549192826074,0.5975369011590661,5.035714285714286,0.5928034522903373
1.0,0.0,19,0.0024388282724186576,0.002370701708028476,3.0516900078383244,0.0035144748748074223,4.762330550714552,0.5774212290908239,6.142857142857143,0.5824979577239286
1.0,0.0,20,0.002204260150085257,0.0015255998618011397,0.19815477350447708,0.0013291835443657004,-3.1494556388907142,0.6105113378303978,5.642857142857143,0.6118615305717838
1.0,0.0,21,0.0015841010069955895,0.0007432509774438628,1.658638657950462,0.0010728285666748204,1.0187880216836902,0.6117260535730494,7.071428571428571,0.6101984396851388
1.0,0.0,22,0.0007927728180191759,0.0005693092957741669,-0.36090064314393544,0.000383964299516719,-0.44089899995334275,0.5869569586833562,5.785714285714286,0.5979486306054438
1.0,0.0,23,0.0022817729550905805,0.000992596976175103,1.9606645910680882,0.0006990421953907539,1.2923384241764115,0.57864572026491,6.357142857142857,0.5713024631519373
1.0,0.0,24,0.001688064464558397,0.0008035780916073784,0.7039038978849632,0.0008162012624425698,1.7397295576860377,0.5087139790452733,5.0,0.4941782188021304
1.0,0.0,25,0.0011229174411750038,0.0009048205861917108,-1.5106755688802522,0.0008104714507156084,0.029021938530036095,0.5662956930834725,5.714285714285714,0.5817038044917737
1.0,0.0,26,0.0026638937559446494,0.0011275665279752074,3.8139310386058654,0.0013108940615087765,-0.45163853615746535,0.5952176589953427,6.285714285714286,0.5939821795108677
1.0,0.0,27,0.0016284518242789126,0.0011822515418206992,1.6478516294171968,0.0010256217719444914,0.22135129605880857,0.6158258153068609,6.178571428571429,0.6197950262082688
1.0,0.0,28,0.0012308793970825021,0.0012779072096899453,0.12404725370161174,0.0017400004811003724,-3.545516768786181,0.6081498860107557,6.035714285714286,0.619755919034894
1.0,0.0,29,0.001178651267601543,0.001012004869127499,-0.87106789675952,0.001347443314767391,-1.6854587318946226,0.5983824363125084,6.607142857142857,0.5902832122284187
1.0,0.0,30,0.0010679458279285333,0.0005329850017989213,1.9039958756161326,0.00020538100598700145,2.602782593037413,0.5648320580272751,5.392857142857143,0.5772429313017171
1.0,0.0,31,0.004019354792687825,0.0035252074908391955,3.8019380583795623,0.0025040457049309846,1.0567469199214656,0.6056937907635668,6.678571428571429,0.6110862268362607
1.0,0.0,32,0.0010470377915979055,0.000875033332636904,1.9028134336703815,0.0009156972738332735,1.1987205594004895,0.5744178402320227,5.035714285714286,0.5917525878239062
1.0,0.0,33,0.0027820292106863565,0.002639227861570742,0.7173051559484733,0.0024251410033872345,-1.9201549144451537,0.6153173617609775,6.178571428571429,0.6374571252533108
1.0,0.0,34,0.0005020361882512624,0.00045245196239280367,-0.9338940535291869,0.0006650675482664381,0.49996373366694985,0.5853564935077792,6.535714285714286,0.5853316989123232
1.0,0.0,35,0.0029118291612523044,0.002910799820290755,2.103003937045777,0.0026296826321170605,1.8700186553695726,0.638168378674246,6.428571428571429,0.6513297009763229
1.0,0.0,36,0.00522866802667637,0.004889148607365238,-1.1945511287125186,0.00416746343243872,-4.078575532527755,0.6067111838811243,6.535714285714286,0.6165714102392226
1.0,0.0,37,0.0027378635763527282,0.002544291219903712,0.7848405931079867,0.0031749002227890485,0.42253501470297766,0.5583396096085708,5.75,0.5732435086756795
1.0,0.0,38,0.00180271653421517,0.0017950416731295328,-0.358345307361148,0.0014136724864785663,0.36900618569787486,0.5941165696252498,6.035714285714286,0.6141164493838888
1.0,0.0,39,0.010813066134118606,0.013396162718158945,3.81879525530551,0.011799802340794752,2.230713389230914,0.5643468292187305,6.25,0.5608626885534937
1.0,0.0,40,0.0032441528799770883,0.0037353663932199023,0.6325671966700952,0.004074802623144798,-1.264534659795629,0.5655832760826714,5.785714285714286,0.5764522784029815
1.0,0.0,41,0.003184552703944037,0.003406772428928272,0.09268268081999054,0.002202052201636972,1.735212052839472,0.6181216419655764,5.75,0.6388499863766118
1.0,0.0,42,0.0011714153952739768,0.0008982931089505895,3.8613621752030554,0.0007649216695654837,-2.1797424011822764,0.5637908789776805,6.071428571428571,0.5765859649876837
1.0,0.0,43,0.001422599908629768,0.0006875398172142065,3.024336671086303,0.0006422640188353871,0.05003454693177408,0.59519489315624,5.857142857142857,0.588722827964029
1.0,0.0,44,0.0022988034967577732,0.0021257949775134633,1.3301742100004006,0.0014363935367167954,-1.1120728226323138,0.6109407806427484,5.5,0.6221426837391272
1.0,0.0,45,0.004712471803958697,0.004398017066723905,4.9132944158528815,0.0030520535590950666,0.07789099965398805,0.586934094989621,5.5,0.5842708967176785
1.0,0.0,46,0.001971560609867627,0.0019381765838687752,2.817230554827084,0.0015040376944477406,-2.163023090329441,0.5944198756619231,6.75,0.599650486678865
1.0,0.0,47,0.0016895199824462968,0.00041846381773399146,0.18484564139009763,0.000512167867529105,-1.9933049231985933,0.5996659870108957,6.464285714285714,0.599900368239602
1.0,0.0,48,0.0012890798110274653,0.0023489414633632894,-1.7631678142096305,0.002363532562875594,-3.6487932304313895,0.5615425574320821,5.607142857142857,0.5860412305782228
1.0,0.0,49,0.002174264761440331,0.0027488144779310116,0.40160778574635003,0.0021365155901450672,-0.45640168639675,0.6166565208568213,5.75,0.6398967470038617
1.0,0.0,50,0.0035722249818460447,0.004210807619006455,1.5954676869318476,0.002558685135566659,0.21917758936921436,0.5473642342370864,6.071428571428571,0.5542175871929158
1.0,0.0,51,0.000899515010007672,0.00039507082576709275,0.19636922776626875,0.0003558180464564291,-1.3630912692055308,0.6372521309628459,6.571428571428571,0.6354727681327192
1.0,0.0,52,0.0012028019234339978,0.0005578639850912791,0.4052578317908626,0.000532282741890881,-1.5880012668797672,0.6376824716468633,6.428571428571429,0.638864038002436
1.0,0.0,53,0.002070321167353774,0.0022211162850747867,1.6037053815339277,0.0018930241597120267,-0.15704914770908354,0.5998392949284644,6.607142857142857,0.6060327512216829
1.0,0.0,54,0.0015635987548118895,0.00039204791086120934,1.4214234444753728,0.00027837449810036696,-0.010608435224005083,0.5691929085738198,6.285714285714286,0.5554763895696281
1.0,0.0,55,0.0013880087723025787,0.001644032117347108,0.691159590537687,0.001182863467142561,0.676417628756127,0.624798374053385,7.428571428571429,0.637950984076747
1.0,0.0,56,0.0011125184209880676,0.0004372481329864533,1.2207200062145702,0.00025281055583167963,2.825796974969004,0.5448967678127667,5.928571428571429,0.545989922731196
1.0,0.0,57,0.0007763066732926558,0.0004818962365952515,-0.4652129024047582,0.00038490152286891754,-2.5031568489607046,0.5800891524237163,6.285714285714286,0.5890583067586695
1.0,0.0,58,0.0009539952100812498,0.0007635492240274412,1.1753734376810954,0.000723634914289726,0.11024458480956885,0.5477756100175771,5.714285714285714,0.5574769910536457
1.0,0.0,59,0.003281602490326076,0.0027927145967465337,2.373551479565407,0.0016073921288913477,3.3739724429915348,0.5870390024531602,5.75,0.613556265277214
1.0,0.0,60,0.002471867912997238,0.0019253393349539514,1.6029167686146693,0.0018766148879127433,-1.129898755974106,0.5266348190747875,5.892857142857143,0.562619363066959
1.0,0.0,61,0.0054526440313619395,0.007076678707597826,-0.25747021043599005,0.00785016626195865,0.044995142500492115,0.5271746202993918,5.285714285714286,0.5355474927073998
1.0,0.0,62,0.0004914255343441191,0.0011418692995138655,-1.396039184245332,0.001390925446359034,-3.05112438362616,0.5603167205168189,5.678571428571429,0.5669837658609675
1.0,0.0,63,0.0011695974155198578,0.0007591118803071341,4.520248843153539,0.0010992652993976248,4.298646767231882,0.5819216841787483,5.5,0.5753019260116923
1.0,0.0,64,0.002027907014962434,0.002083223734089628,1.3314129655054572,0.0018221907341835304,-0.032488334490778925,0.5737977575789636,6.964285714285714,0.5844951292835323
1.0,0.0,65,0.005437887015456083,0.0044139184750455075,3.729052670626018,0.002979267832470018,-0.5924966957657981,0.5963167198193597,6.714285714285714,0.604121730109598
1.0,0.0,66,0.0016198031369922521,0.0012197688185551054,-0.9224176815288914,0.0009504659843856401,-3.0860820966641334,0.6138336418527611,5.857142857142857,0.6150222914157224
1.0,0.0,67,0.0010478354149253757,0.0008884932345670567,2.003724509899783,0.0006398735558753401,0.8811830140113557,0.537110805775142,5.428571428571429,0.5353426226180753
1.0,0.0,68,0.0025886491225536636,0.003461215495181121,0.9010769067958364,0.003926826251255944,-1.0146749096237027,0.5439047542623182,5.642857142857143,0.5572773614060207
1.0,0.0,69,0.0016667617361789532,0.002039981896046988,-0.25788913398976376,0.0023449396832232825,-1.7188678219845788,0.5734815644340391,5.678571428571429,0.5735164542149525
1.0,0.0,70,0.005055928633803613,0.0056292687995442335,3.2564242898349747,0.0049513579811838035,0.1629434854508247,0.5551155040086148,5.678571428571429,0.5890877880151411
1.0,0.0,71,0.00310124294490903,0.00367356333538423,1.4098568624065706,0.003026712417576113,-2.262181748728011,0.5991229792151244,6.214285714285714,0.6017532516299522
1.0,0.0,72,0.0007960938813240067,0.00010005418589532266,0.7237067779898254,0.00016135090660598334,-0.31110872056943134,0.5776632887327823,5.607142857142857,0.5759026355302821
1.0,0.0,73,0.0019461235104056918,0.0012651053846339658,1.3895931460181359,0.0014186833870676986,0.6633983536418194,0.5580853345090119,5.214285714285714,0.5614957660977832
1.0,0.0,74,0.0010642276295654966,0.000503075803275332,-0.23277778689379858,0.0002371402285865,-0.31284233969224334,0.5516389423527059,5.785714285714286,0.5432994437522596
1.0,0.0,75,0.001874177880101211,0.002026326624873522,0.0294598514671236,0.0017718337260402772,1.5525154130162093,0.5662349138283026,5.892857142857143,0.6020661492506664
1.0,0.0,76,0.0011432920494246445,0.0003763759553423539,2.2013595324685156,0.0002055078661630153,-1.802550080575107,0.5845216925071003,6.285714285714286,0.58415317286038
1.0,0.0,77,0.0010633358584548002,0.00075844356377479,0.8296871052620958,0.0007916771316839528,-4.244287382633549,0.6556851437751261,6.285714285714286,0.6613844891907869
1.0,0.0,78,0.0048912783327699815,0.0035842875456343387,4.135844654966256,0.004821115398708723,0.4324396268948287,0.6123494539027635,6.428571428571429,0.6124827693447095
1.0,0.0,79,0.0030632489165513836,0.0025399565523983817,0.680310777282159,0.002731472557690194,-1.6963820270972196,0.5538785863221812,5.642857142857143,0.5643940622858481
1.0,0.0,80,0.0025281543755925145,0.00153838660064564,0.7299284498070691,0.001632610532755935,-1.4820412520261925,0.5635845993438098,5.571428571428571,0.5809844960325304
1.0,0.0,81,0.006379948802245856,0.005719718799256215,4.026814866822868,0.0060969755377976555,4.7952433715292,0.5444676383151251,5.678571428571429,0.5810277070450863
1.0,0.0,82,0.003300539349379784,0.0025367778369968647,5.170748832579918,0.0018537042431960137,1.1790507036846047,0.5879430426597206,5.535714285714286,0.6104218374013552
1.0,0.0,83,0.0009177058439722859,0.0004491145431513402,-0.20666482733911096,0.0003652341956665149,0.528899240008163,0.5820926431619627,5.464285714285714,0.5957978768878522
1.0,0.0,84,0.005370584569023051,0.005342924084400851,2.421571670745216,0.005342465393388064,-1.1355722838860156,0.5563341102152002,5.642857142857143,0.5635993256647902
1.0,0.0,85,0.0023799997496964185,0.0024809471213111125,0.9707851406108645,0.0023237906460769177,-3.594454160808444,0.6019086406515708,6.107142857142857,0.6035676112358309
1.0,0.0,86,0.0039401012737311294,0.002031559099513706,1.2763737105920612,0.0011773380336572374,1.0061273552684515,0.5742080158724602,6.464285714285714,0.5852122550636034
1.0,0.0,87,0.010227881928927294,0.009113537478941143,10.05264191967862,0.005910979721728657,4.849179287776479,0.5949317698016088,6.464285714285714,0.5688412057198203
1.0,0.0,88,0.0016675357024286443,0.0013144071337769056,1.4986904467074922,0.0009760599591700816,0.8431316856751797,0.543057034093312,5.142857142857143,0.5539087230023771
1.0,0.0,89,0.002072464054079426,0.0007724646177932023,1.5537797311663937,0.0006412075492655587,-2.7556384035783217,0.5583432112351626,6.535714285714286,0.5762046901641401
1.0,0.0,90,0.0037623153288661275,0.0025998051976054747,4.203074955764876,0.002455770575355901,3.5879381353997153,0.5494286289044085,5.178571428571429,0.5703529474197968
1.0,0.0,91,0.0025192273888034818,0.0022950349454535623,2.159255103073761,0.001533687704166479,1.8117401887013311,0.588656454240567,6.035714285714286,0.6119388798936075
1.0,0.0,92,0.0033556347588891175,0.004345093377466107,-2.8285738997962113,0.0043893625758266875,-5.028105037837264,0.5638857359417773,6.392857142857143,0.5810179302517426
1.0,0.0,93,0.0011631970271322681,0.0006046522702985029,-0.7540258304121608,0.00035035333545202914,-1.9530316649458257,0.5878585051866738,6.357142857142857,0.6017956479097293
1.0,0.0,94,0.001021438897237943,0.0006193392008662699,-0.2300966277301555,0.0010116644068861099,1.284407391220346,0.5733888629365539,5.678571428571429,0.5702020307455911
1.0,0.0,95,0.00426391495832406,0.006433672060807735,-2.119680155238271,0.0064532968112838525,1.397686727326904,0.5637773708363271,5.035714285714286,0.5809369397784886
1.0,0.0,96,0.0041789354636712975,0.004931087784166792,2.565307474761326,0.00592170668227378,4.95746534049124,0.5908710086873213,6.071428571428571,0.6008990998666297
1.0,0.0,97,0.004170238709198657,0.0018305216511955386,0.15032476426166852,0.0013331695540979027,-4.876525830423115,0.5665237969035678,5.75,0.5689183236977687
1.0,0.0,98,0.001534323583619149,0.00031388996970869136,0.6046287628033227,0.000700557809920827,-0.35274359217648527,0.6076323620278996,6.321428571428571,0.6028993191303316
1.0,0.0,99,0.0022617986586660845,0.0023044028620699828,-0.13155958724993866,0.002041621902026294,-2.1351460888547726,0.573276838233386,6.642857142857143,0.5537168182285053
1.0,0.0,100,0.005609257157721644,0.005880104808968072,1.2122037752372776,0.007252068761870829,3.9680787597992833,0.585067412993663,6.785714285714286,0.6044159089932624
1.0,0.0,101,0.001112135766498413,0.0009165747625162601,1.5064257418283376,0.0006719641267891303,-0.6813639792067363,0.585316251621997,6.285714285714286,0.5901100463084556
1.0,0.0,102,0.0010497912799903592,0.0006583101160733477,1.3235034368901921,0.0009127437207215914,-0.16991830648183281,0.6018769202781348,6.5,0.6001381897435292
1.0,0.0,103,0.004587665442437497,0.002382152149545306,1.5520500943835884,0.0017500325708660802,1.1204865177085992,0.5511177319794387,5.821428571428571,0.5568915401724037
1.0,0.0,104,0.0016211129448039556,0.002839736052589242,-0.04527729580364337,0.002311345792907733,2.6211977577647,0.5876235381665238,6.107142857142857,0.5963561398345181
1.0,0.0,105,0.0016905673864180994,0.001597743826011718,-2.637100958541474,0.0019591427787121413,-3.5116038299084855,0.6025852974809182,5.928571428571429,0.6117990677254217
1.0,0.0,106,0.002925609369397575,0.00052096731862677,2.06296573997561,0.00030187511946531086,3.3478321363728867,0.5699633141726471,6.5,0.6089252034622864
1.0,0.0,107,0.0018051884146657417,0.0015762018639419613,-0.9055858215185566,0.0006732964394874555,0.3436283119319607,0.5884395870970544,6.178571428571429,0.593938727096007
1.0,0.0,108,0.002552375372063255,0.0015580334667811076,1.860843920181189,0.0015110479412860371,6.5267198410836045,0.5858997004696299,6.535714285714286,0.5996461716126671
1.0,0.0,109,0.004457794239488636,0.00406093221834038,2.405181613384187,0.002661380879435642,-1.2847068765775493,0.587238962041784,6.428571428571429,0.5964920996242569
1.0,0.0,110,0.001560282067128333,0.0012774168389242425,1.62337774708908,0.0011702941308494082,1.0794767997604613,0.5757925319233171,5.857142857142857,0.571306798334994
1.0,0.0,111,0.0031571645390433846,0.0036838206314147542,0.6726936825532803,0.0028705241340532656,0.4912281850585221,0.5996382266710066,5.892857142857143,0.616067201291969
1.0,0.0,112,0.0027155426810789177,0.0041159017587802426,0.37777002825708905,0.0034272023421084274,1.3458392028608632,0.5974273813271241,6.428571428571429,0.5950684194733787
1.0,0.0,113,0.009450337299318342,0.009924050558636847,-0.20018206304067832,0.010272650285104473,0.438757261196874,0.5651431080997447,5.714285714285714,0.5758796218438931
1.0,0.0,114,0.0005439204221885456,0.0005744215343283734,-0.03247927937390216,0.0005021117436259663,-1.3504896289748842,0.5705826260551459,5.178571428571429,0.5713141510468605
1.0,0.0,115,0.0024052758981023114,0.0013335378754365144,-0.1469706580996757,0.0014950485040840316,-1.1030010074953225,0.5764676152837641,5.535714285714286,0.5764456297811706
1.0,0.0,116,0.001748332600525672,0.0004776187767332381,-1.9788765406244622,0.00040036353632757994,-1.3372838695504374,0.5499117666500334,5.928571428571429,0.5743599943352937
1.0,0.0,117,0.00047907026268495626,0.0003953992214575925,-0.15060906606472457,0.0007485735809943691,0.25500459842675127,0.5911647911969605,5.285714285714286,0.5993445293744133
1.0,0.0,118,0.00796928098778387,0.006567192094073304,9.630791277631914,0.007076015215966067,5.915090588205828,0.5944430733734858,6.0,0.6093848233921609
1.0,0.0,119,0.0016675087572906053,0.0024841926344438413,-0.5980128674294107,0.0015516138905564303,-3.1730696611876303,0.5755030806267867,5.428571428571429,0.5840939991204206
1.0,0.0,120,0.0006851170675804617,3.21706805628622e-05,-0.6176162534139635,6.858440539499854e-05,-1.797617923914127,0.5308797289363715,5.357142857142857,0.5473904684945323
1.0,0.0,121,0.0015988151471294251,0.001152321013522531,0.7181577975084963,0.0008152770312358428,1.2922681538910297,0.5742572562419903,5.178571428571429,0.5864987181210717
1.0,0.0,122,0.0030660882145697923,0.0019066775585362798,-1.6975112098240217,0.0009389262264344755,-2.917938628273447,0.5645171711811614,5.642857142857143,0.5866770440152997
1.0,0.0,123,0.0016678887582840648,0.0010134626954751754,0.2055483820661408,0.0007100071944779378,0.1297328439772419,0.5659325928677772,6.0,0.5565877856639831
1.0,0.0,124,0.003253475394941469,0.0023086575290710357,5.4134596756646545,0.001714120752280679,1.331332032032454,0.5524600868426702,5.571428571428571,0.5422148131384472
1.0,0.0,125,0.005254136916406888,0.005901549375517855,-0.051620741923805724,0.005536021216806051,-0.5413201514386685,0.5641993130359134,5.535714285714286,0.5806587437390867
1.0,0.0,126,0.003594804906506343,0.002692717315325631,0.5087346860427644,0.0012610825727641436,0.7635594582763096,0.48972374096486176,5.285714285714286,0.5129174649895369
1.0,0.0,127,0.004197674289373168,0.0038577427863446256,2.598215951130129,0.002681149628742279,2.563099998558092,0.559695220689951,6.428571428571429,0.5696151113336617
1.0,0.0,128,0.00133294955008417,0.0009120992609229607,1.2674675945196299,0.0011046857920519158,-0.49898721760211134,0.5750152958123278,5.964285714285714,0.5847112346384586
1.0,0.0,129,0.0022220307561340268,0.001299480064400571,0.8913709305812603,0.0012005292804720216,-0.23983766157961858,0.5990835904654984,6.214285714285714,0.5995446418266477
1.0,0.0,130,0.0027266989001252695,0.0023631720297453925,1.3059851312744684,0.001954383111070715,-0.5604502951658029,0.597088453082226,5.321428571428571,0.5946590514566161
1.0,0.0,131,0.0022196726226577247,0.001386165202005272,2.9432382515901736,0.0008183661978381502,1.9771873710493726,0.5863862258412603,6.571428571428571,0.5849643952471688
1.0,0.0,132,0.002193557093250956,0.0018214606849737847,1.3287040724766328,0.0023121922329131343,0.731526109809541,0.6001672755923944,5.928571428571429,0.616319335940884
1.0,0.0,133,7.770325434580921e-05,0.0004361242417095721,-3.824961752196643,0.0004451026049036463,-2.204468308609402,0.5428675324226376,5.678571428571429,0.5576963151059691
1.0,0.0,134,0.004931605317249757,0.0053094826066924965,4.06992402740574,0.005439622376467935,0.5374970372237536,0.562890613934232,5.892857142857143,0.5778326067232926
1.0,0.0,135,0.0017456512840905106,0.0022679908294376103,0.17009347876918923,0.0017924506710963865,-1.2048040142427492,0.5610933140846377,6.642857142857143,0.5741949556262582
1.0,0.0,136,0.0018974263099828528,0.00044198579708241764,1.4118603911322722,0.0005872092215876424,-2.204630563153946,0.5595350177877221,6.5,0.553613065529596
1.0,0.0,137,0.0014555270956264307,0.0012488938215451022,2.0348473479665046,0.0021041542746229446,-1.9116246744090024,0.5795478808630717,6.535714285714286,0.5757077232860299
1.0,0.0,138,0.0034047077591527015,0.0016076255627068255,3.9592828633877275,0.0019752019666699067,2.017739098125304,0.5471263846971348,5.714285714285714,0.540845669791591
1.0,0.0,139,0.002088689716182421,0.0008618525738803735,-1.7288808213918614,0.0013205739902525356,-2.646871613705173,0.6120500831720991,6.214285714285714,0.5932480046930216
1.0,0.0,140,0.008374114385983396,0.00930940292431927,-0.06442057767602449,0.00882415101529497,0.6173334623595395,0.5987521136253207,5.642857142857143,0.6033887924785639
1.0,0.0,141,0.003838950492299565,0.005357811009664342,2.2406871148342944,0.0048658081585619805,1.2195193729084128,0.5509114597511445,5.0,0.5583896929343068
1.0,0.0,142,0.0021631789437565672,0.0007388171969516484,1.951737036021612,0.0010938687603956915,-3.98184351842365,0.6193063001623683,5.892857142857143,0.6342635739296394
1.0,0.0,143,0.002260129297845488,0.003189794730106784,1.5674539231546092,0.0028511133176604454,0.5227340719043335,0.5641755410002919,6.535714285714286,0.5642183214079672
1.0,0.0,144,0.0015932902991212458,0.0003926081277363319,-0.6079033177106083,0.00030798357260976457,-2.2319286837138654,0.5190027526273869,5.642857142857143,0.527478198216046
1.0,0.0,145,0.0010576065274487912,0.0007421905487992973,-0.7494241800978827,0.001495719737055223,2.4024075938888623,0.5192528119650105,5.321428571428571,0.5363856415096011
1.0,0.0,146,0.0016200440641406394,0.0023556155172962316,-1.6956420908333811,0.002362307188057697,1.7515268560963762,0.6026601759247076,6.285714285714286,0.6232432770803433
1.0,0.0,147,0.0016558413518713518,0.0017116559542924067,-0.2846616581961854,0.001428589072810251,-3.39230879064822,0.5183891478673649,5.571428571428571,0.5327914428274274
1.0,0.0,148,0.0012549909973893494,0.0008913687838274691,0.3886113870737873,0.001528535286108238,-0.7812716660925029,0.5827191286237422,6.392857142857143,0.5807639951439714
1.0,0.0,149,0.004107268261446705,0.0041114409763439745,1.2933136761950266,0.004587347914967665,4.326047398054205,0.5716527014612606,6.107142857142857,0.5865125082277324
1.0,0.0,150,0.0015906636678677366,0.0013536738372067017,1.4666659330298373,0.0015337934490270314,2.4065211362965613,0.5621580347482447,5.392857142857143,0.586003772987264
1.0,0.0,151,0.0010325909410525858,0.0005565035766498676,0.9698935797484864,0.0002545958867284729,-1.7845896092112998,0.5805157441813656,5.821428571428571,0.6001313500115604
1.0,0.0,152,0.0014636468316468452,0.0005301461882036016,0.3233856746568762,0.0002837525225289514,-0.645399505207583,0.5560352912490346,5.928571428571429,0.5482913919544061
1.0,0.0,153,0.010159476271780436,0.011679245147620145,4.330286601911617,0.009515163151809405,3.524600574827815,0.6084700083056004,6.035714285714286,0.6274972886120611
1.0,0.0,154,0.0018782456698305788,0.0017654566143810119,-1.7482891928387403,0.0029221622731885515,2.7126766273458904,0.5953928783661702,6.5,0.5936789178654861
1.0,0.0,155,0.0010356134529613385,0.0019462098093523212,-1.2250557021803061,0.003130030288206296,-0.6209716368754338,0.5832303397911718,5.464285714285714,0.6117191233288215
1.0,0.0,156,0.007460204161902052,0.009606086451437602,3.0215942963005276,0.008046355601511212,4.551284068032885,0.5359852784439726,5.571428571428571,0.55615574594743
1.0,0.0,157,0.0010323678763406985,0.0007476594238643268,1.6371279309251818,0.000570704046838458,1.2566741379129194,0.5857980537165447,6.428571428571429,0.5937004026706115
1.0,0.0,158,0.006415064095504813,0.006622991978883077,5.721654424831215,0.006761970352666523,6.434342919965246,0.5809212725552161,6.607142857142857,0.5880250043099113
1.0,0.0,159,0.0065558931036002015,0.0047328614614892146,1.76728004780783,0.004171346288857448,-1.4538327026318332,0.5468944091050798,5.464285714285714,0.5404890079447058
1.0,0.0,160,0.005199611296866278,0.005228736067899992,-2.8920718471842903,0.004206041817534453,-1.4019146235553894,0.5475991893993598,6.357142857142857,0.5605177548352492
1.0,0.0,161,0.0005783698286046855,0.0004373234239472707,-0.24722515689036584,0.00023386338024221107,0.4976686309135611,0.5939202549867441,6.642857142857143,0.5982707719227454
1.0,0.0,162,0.003129768519891999,0.002927546821418508,-0.3665282444793405,0.002801091159550672,-0.8046617091119211,0.6234976336846737,6.392857142857143,0.6332591089978732
1.0,0.0,163,0.002595615856600412,0.003492756907365419,0.05149215673344543,0.003396046342822659,-0.9137682881963277,0.5922031933678291,6.285714285714286,0.6075559997648541
1.0,0.0,164,0.01065588101409849,0.011381948640707145,3.2415227568104186,0.008094274046337613,3.8140230260433725,0.5615814574866109,6.107142857142857,0.5837584096830568
1.0,0.0,165,0.0005480949312368175,0.00024329171446065633,-0.20172534203290837,0.00017464406911527468,1.487078096234228,0.5497659801780251,6.035714285714286,0.5595792027911176
1.0,0.0,166,0.0017565455472495547,0.0024893160749313585,1.258506065249314,0.0032638921518771445,-0.6795552154352436,0.5445940961649834,5.857142857142857,0.5442658777625935
1.0,0.0,167,0.005869343456446776,0.002196427592353416,6.051326018380351,0.0017631400660656426,1.7110430459797972,0.6008927561337394,6.214285714285714,0.6430288513825371
1.0,0.0,168,0.004449308959328904,0.003868236143475139,0.7803495218815968,0.003279123937421693,-1.8573372918939033,0.5725152159310899,6.321428571428571,0.5818038456302469
1.0,0.0,169,0.006968719971258042,0.006877405707710124,3.9136269300124766,0.006521468012401963,4.016173073715682,0.5774063131932615,5.678571428571429,0.5561896126791048
1.0,0.0,170,0.002239160628536587,0.0022700172950838645,-1.1384465404974549,0.0017784326922357745,-1.1018996669668013,0.567050347231965,5.75,0.5701450799185213
1.0,0.0,171,0.00352382374146491,0.001308380801492783,2.4787720568939733,0.0009753187938731162,-2.0830295993784014,0.5608372312757938,5.392857142857143,0.5525095451854344
1.0,0.0,172,0.00260339834399986,0.002921483761729465,1.246305895710364,0.0030902049473267115,-0.9867176561349803,0.5894287121814352,5.821428571428571,0.5981807791552087
1.0,0.0,173,0.003848940416493281,0.0012193131899773716,3.71161060220426,0.001227620221859815,-1.1144526356254119,0.6033581779590653,6.321428571428571,0.6188800209472827
1.0,0.0,174,0.0023700458257772685,0.0009531405636936823,-1.2148746300830737,0.00036883647990268285,-0.9720094011918263,0.5540427538292202,5.25,0.5558427678592808
1.0,0.0,175,0.0005678215107115243,0.0006656087823471562,-0.3135290348935129,0.00047085224254592807,-0.424079074967248,0.5811907143689682,6.107142857142857,0.5910524507310344
1.0,0.0,176,0.0021829755215738017,0.0008544123030376721,-1.6897805269731805,0.000978563764399249,-1.954605030439249,0.589299120047649,5.464285714285714,0.6091669175783783
1.0,0.0,177,0.0005305370467232635,0.0006734328254557287,-1.0962160866946462,0.0009481541231790862,1.0087196788374513,0.6040064675066208,6.357142857142857,0.6095243740411833
1.0,0.0,178,0.002047641338577762,0.0023458049745802355,0.34829254402217913,0.0016968035560386459,0.5172082854978441,0.5455423952150988,6.107142857142857,0.574844951448741
1.0,0.0,179,0.004791778036442426,0.0044662595437261025,4.115146443282477,0.0029750285086386466,0.17189663225449672,0.5555259115385189,5.25,0.5548045669554212
1.0,0.0,180,0.0010365332589397352,0.0014677515730108443,-0.15011812170867245,0.0010784865161508818,-2.0541950052714433,0.5841845634476664,5.821428571428571,0.5946197632315129
1.0,0.0,181,0.002977484981318137,0.0033102493384517388,1.965932402891319,0.0020341379241922385,2.85943644236419,0.5825961651732439,5.642857142857143,0.6107244754241163
1.0,0.0,182,0.0015160572068148076,0.003138369869799036,-3.658046091771446,0.004182891266349544,-1.7764070889512311,0.5786681436929182,6.178571428571429,0.5858748641565109
1.0,0.0,183,0.0018109193425532358,0.0018755027226471724,2.200705262487247,0.0010607749487408034,1.2137590048206068,0.6134002211179393,6.464285714285714,0.6184924294300973
1.0,0.0,184,0.0040920557222908415,0.002905406523659423,1.8094615444637867,0.0027229638475775686,1.2244004593644036,0.5956291393607758,5.214285714285714,0.5916840396277776
1.0,0.0,185,0.005581705757045093,0.003890612422368947,0.7299541702630137,0.0019350154676565,-0.6523766587017784,0.5654921216774708,6.071428571428571,0.5664066333008113
1.0,0.0,186,0.002718824978313205,0.0004708298385139296,2.3171066297166902,0.000413844111325413,-2.7593508589148428,0.5619698921896402,6.357142857142857,0.5793522141150331
1.0,0.0,187,0.010472582869258142,0.008716575260701789,5.631704253054551,0.006649631946209047,0.3795239159575014,0.5280996497698397,5.428571428571429,0.514543389979675
1.0,0.0,188,0.004005744727331702,0.003255272630629333,2.7076892705615876,0.0027911052880516297,-1.0909152031772653,0.5852627354962617,7.035714285714286,0.5936459362755953
1.0,0.0,189,0.0045927685002672336,0.003939467321396221,4.457107147878119,0.003895169679204916,2.4072129021859325,0.5677623158332423,6.071428571428571,0.5675168123252132
1.0,0.0,190,0.001840567481024999,0.0011865387125638486,2.531753149020375,0.0011043870718672993,-1.7955087104571323,0.5622531112025827,5.321428571428571,0.5823016473579945
1.0,0.0,191,0.0012680961897626934,0.0005298278834344758,0.305167461203105,0.0004948303068908713,-3.271213034062697,0.5716367561226312,5.892857142857143,0.5724784846549682
1.0,0.0,192,0.001918466892946072,0.00022491780909185877,3.8641641946012655,0.0003949617529449566,1.5883547614356341,0.618129352519639,6.892857142857143,0.6177209981898799
1.0,0.0,193,0.0018402553186231503,0.0017356622069241569,0.8206829777859141,0.0015131235130737219,0.9598161609593395,0.5770317017052029,5.857142857142857,0.5695681988190993
1.0,0.0,194,0.002425626873808778,0.00176779377199135,3.0394050918432285,0.0011817403796425471,0.7271281157582526,0.5903950864981573,5.857142857142857,0.5919036855498406
1.0,0.0,195,0.005859590524258941,0.006982907453149069,0.5519094218612253,0.005607995357088157,-0.1686457842075697,0.6111878664789325,6.678571428571429,0.6339340497251833
1.0,0.0,196,0.0013553521112742834,0.0015976190318802333,-0.9715098829612856,0.001032795051785981,-3.657538354545532,0.5224793011294262,6.25,0.519451641991068
1.0,0.0,197,0.011170611081564912,0.018880196940364916,-0.5391267004857383,0.016931819893918898,6.136212663246217,0.542017959180553,5.571428571428571,0.5443660697775072
1.0,0.0,198,0.0017942328762264495,0.0026382464616199683,-3.2604544580376285,0.0012699446857721871,-0.11128271371162175,0.6151195506121058,6.285714285714286,0.620899441752644
1.0,0.0,199,0.0016832686474489494,0.0015086590140072267,-1.397889884167249,0.001996393512647778,-2.758801085251283,0.5840307939529972,5.75,0.5908750703291668
1.0,0.0,200,0.004207309507096038,0.0020161163041489813,4.88326223018219,0.0014236452298896903,-0.38144034337280647,0.5286640381696585,6.607142857142857,0.5128062187607503
1.0,0.0,201,0.0027390227310325325,0.001870180892808827,4.148372849172276,0.0020182586485822974,1.6190475219162863,0.6001123449326041,5.642857142857143,0.5895608359482192
1.0,0.0,202,0.0022642075358627616,0.0031805338692570836,0.3014785436574883,0.004076598104006477,2.0346298260193123,0.5749740895697458,6.642857142857143,0.5873036640479361
1.0,0.0,203,0.0015775542570244968,0.0008437482354572285,1.7458482149582792,0.0006680173866719948,-2.424214647892702,0.5861843509034275,6.178571428571429,0.6018433952739293
1.0,0.0,204,0.019336379165479405,0.023612422343747275,5.578720614452031,0.022800887400826662,8.335774494226419,0.5842464784776361,6.142857142857143,0.6101398996262293
1.0,0.0,205,0.002334742331005671,0.0025834045492836672,-1.9317618755152566,0.002355598583497259,-3.8700162513211183,0.5562318437981261,5.321428571428571,0.5775935983247003
1.0,0.0,206,0.0031872212912334966,0.00016356960725742958,6.960081852571079,0.0002407945043869308,-0.2896120993460632,0.5882443499733766,6.178571428571429,0.5979635975483403
1.0,0.0,207,0.002942227139231362,0.003410401280800913,-0.8836608395617347,0.004943073515948189,1.1377710474139444,0.5315490767396691,5.678571428571429,0.5358858280959804
1.0,0.0,208,0.0014642471289800496,0.0011483413172953458,0.05241433941944251,0.0010309336561400183,0.4162024962821628,0.5841846969554482,6.178571428571429,0.5842236120412294
1.0,0.0,209,0.0065673547508482075,0.0053685854603810895,7.768334236907599,0.004803293266402377,3.4018447078887655,0.5725871182806775,6.964285714285714,0.6034032766168509
1.0,0.0,210,0.011367515414092123,0.014388829689215137,-1.142187201304452,0.013785607143970261,3.186513279083073,0.5634453473968956,5.357142857142857,0.580952097831543
1.0,0.0,211,0.001266834024816049,0.0008130665613929627,0.032093797368858645,0.0008563700996814534,-3.0362296891623544,0.5742527831281476,6.178571428571429,0.582560511096155
1.0,0.0,212,0.00320735000134662,0.004761814160032799,0.14390550637418187,0.005929632890932913,3.3722844293827356,0.6080234908584495,6.571428571428571,0.636860318405315
1.0,0.0,213,0.0007839855487514831,0.0009401286353770262,0.8170219851879494,0.000982901858155223,-0.41552639257274865,0.5244892121871904,5.571428571428571,0.5289013452701677
1.0,0.0,214,0.0033422425816164417,0.002185205577153239,-1.570922559108773,0.001850522775080098,-2.67146205738509,0.5418453311503503,6.464285714285714,0.5549529086717094
1.0,0.0,215,0.005764266501252855,0.004992625695343806,2.062144718127442,0.004057954029218997,-0.24076647278031751,0.6037996268043017,5.892857142857143,0.5991228013574715
1.0,0.0,216,0.0009998829417082581,0.0005951935626900899,1.0368573621872201,0.0007799227424407094,-1.6059732325242635,0.5762167990029895,5.678571428571429,0.5708220222732754
1.0,0.0,217,0.0012719394653739407,0.0004639948558881099,-1.691310015306236,0.00011866277155690734,-2.794381093357354,0.563844911554435,5.642857142857143,0.5686125675619043
1.0,0.0,218,0.002801053398909309,0.0020222195698662224,0.6889141192859469,0.0016526359017775202,3.33074439118108,0.5468339128917451,6.107142857142857,0.5721943440838112
1.0,0.0,219,0.013304731763522445,0.017365023379092136,2.725078658881202,0.015224943750395289,3.3439782364117434,0.5340118558720884,5.5,0.5497328352915445
1.0,0.0,220,0.0024566775798162653,0.003084066555661791,2.382915696965931,0.002643001228680947,-0.4013632428542451,0.5902691600861942,5.964285714285714,0.5934451499085933
1.0,0.0,221,0.00034951677624956877,0.0003481305307068977,-1.0861863652393922,0.00021619180270701676,-1.8323211492006994,0.5688095017495811,5.714285714285714,0.5846722582246657
1.0,0.0,222,0.0011192571074650332,0.00039432977906539505,0.3425184403303305,0.0002092042856016893,-2.252733559986846,0.6000190139914862,5.678571428571429,0.5989200234214551
1.0,0.0,223,0.0005374930269453703,0.0006267066222350135,0.7880258512796843,0.0006133362709361312,1.3330310675224837,0.5783119164907198,5.892857142857143,0.5800815608867835
1.0,0.0,224,0.003554455152642152,0.0023139885517357993,4.754024822292735,0.002222085858071383,1.9735002915746804,0.6069995162616832,6.0,0.5965711588790727
1.0,0.0,225,0.0011642116613761937,0.00014960190229650769,1.551221559467237,0.00022221082552443,-2.000404205489256,0.5848329357181282,5.178571428571429,0.593184344893565
1.0,0.0,226,0.007276131202329671,0.0055024096758709805,8.836595103593758,0.0051523690093645,2.518754215443446,0.5766977206187374,7.25,0.5946585887688653
1.0,0.0,227,0.0027365270155689653,0.0031914212416670955,1.1632852686874386,0.0034531917908347675,4.169758090170329,0.6210973709459058,6.321428571428571,0.6291134468672848
1.0,0.0,228,0.0017500753752316706,0.0017620154280324138,2.0064963010749537,0.0013538975848820447,0.459763208006611,0.5997447133427781,5.428571428571429,0.5994205610419903
1.0,0.0,229,0.0026418960071569876,0.001515171018872812,1.1729527602965604,0.0018686906445644187,1.5097512718504806,0.5767143854517764,6.071428571428571,0.5807913440134173
1.0,0.0,230,0.0019808492643542254,0.0022638559459354137,0.6944904774536838,0.0020813432641961934,-1.4771199475290853,0.5719991866089014,6.285714285714286,0.5884492889774234
1.0,0.0,231,0.003129055600852695,0.0037708778261700427,-0.06071982420544941,0.003725568197716895,1.0120299908138672,0.5745799096910371,5.892857142857143,0.5882867749341586
1.0,0.0,232,0.0016229605266098563,0.0007027345467357499,0.2928467489985138,0.0007950953415511478,3.7830320311484136,0.5985259057350257,5.785714285714286,0.5903991456852902
1.0,0.0,233,0.020175365347978053,0.0247402392130271,5.017682192357064,0.017738906594688363,3.6553521367296278,0.5479507956935171,6.107142857142857,0.581569112064135
1.0,0.0,234,0.0027029296973548845,0.0005515791318106056,5.304242735167129,0.0005200283820855416,0.23032111294962002,0.5919948433733022,6.178571428571429,0.6068869633355816
1.0,0.0,235,0.0005381361912601256,0.0001074660458815419,-0.6481748130528828,6.337715279486265e-05,-3.731418763194739,0.5889521454917397,5.571428571428571,0.6028702502694642
1.0,0.0,236,0.003184231394286475,0.0017875125085835867,4.280502771454998,0.0012916883774032309,-0.7210521421598438,0.6210184718427814,6.571428571428571,0.6170111848879583
1.0,0.0,237,0.0044673347438329075,0.0036579632212711956,2.1926700174854474,0.003753479477896238,3.524884568459536,0.5803468860108584,6.357142857142857,0.59643684867175
1.0,0.0,238,0.0037146762677684156,0.003783244762052528,3.1368054747788605,0.0029253895279515627,2.8570339895488623,0.5977600360117179,6.178571428571429,0.6199790049398003
1.0,0.0,239,0.000644664372804104,0.0005543865017660673,2.328718473398048,0.00038503155359755997,2.0004455497756815,0.5611332901553108,5.857142857142857,0.5587261976887429
1.0,0.0,240,0.001660834262182409,0.002926442298220571,-0.031541640745103905,0.003189057281106598,-4.0729384846391286,0.6031630967849723,6.464285714285714,0.5998162093610976
1.0,0.0,241,0.0024815114641382283,0.0008835506379134413,1.2146052375331848,0.00022414496992937037,1.1172350847355024,0.5866156712651326,6.107142857142857,0.586758235657141
1.0,0.0,242,0.0018301541120693005,0.0008602847723010553,4.855905104467844,0.0006042610615280027,-1.801621445576141,0.5302994295581337,4.857142857142857,0.5521085759571924
1.0,0.0,243,0.015218984375882002,0.018275068775610012,7.475342056651691,0.011829824465133225,6.321364943467387,0.5405097770397672,5.357142857142857,0.5397202421882705
1.0,0.0,244,0.0008512743352167982,0.0007027646489613406,2.763298613897696,0.0007444043400529753,-0.44449868136275467,0.5823595480728987,5.857142857142857,0.589910285901249
1.0,0.0,245,0.001746784736345003,0.0006803180653510421,1.9057448949168432,0.00038579163863309646,0.49561247474161024,0.5655952121112064,6.178571428571429,0.5613538114841423
1.0,0.0,246,0.004122134374171495,0.005300722636370811,0.11076159748909475,0.004414393885939551,-0.804883497605554,0.5553148928021283,5.928571428571429,0.5577815703532744
1.0,0.0,247,0.00503619620397728,0.005774496473430727,1.4645614569175152,0.004762295479996345,-0.3481752086703409,0.5578388893808269,6.964285714285714,0.5994898133281743
1.0,0.0,248,0.004710239777485872,0.003813801347865309,0.3826489340493424,0.0032559993820159144,-0.1559770091525555,0.5622550394903919,6.392857142857143,0.570193259795184
1.0,0.0,249,0.0005668354310213462,0.0006106838358023636,0.7003054439640977,0.00046814327522456847,-2.3030403275473454,0.592326135487155,6.142857142857143,0.5987316390978612
1.0,0.0,250,0.001811105447184315,0.0009410194356719084,0.8814228275227762,0.0008144531968351509,-1.4356400699708918,0.6349914395465538,6.464285714285714,0.6314733656235403
1.0,0.0,251,0.0046897424003176,0.0020760288352893092,3.953431625172861,0.000979663558101735,-3.4418005985571276,0.54602561672403,5.714285714285714,0.547688177886904
1.0,0.0,252,0.0029222013522827773,0.003547028322888734,-1.2780988100289576,0.003580211396215741,-0.5979825492628189,0.6235912833502126,7.392857142857143,0.624183780459772
1.0,0.0,253,0.0013080078717260049,0.00041260467989074327,-1.4961894054303286,0.00039450677334254065,-1.1388548712414586,0.5722644157821115,5.857142857142857,0.5926317750179202
1.0,0.0,254,0.00558341805053247,0.00644511785801569,2.8912005748124088,0.004923779229741786,1.0464774202297917,0.5954608231960197,6.357142857142857,0.5943371515416196
1.0,0.0,255,0.0013736822395712112,0.0012357463265477168,0.5128559853402948,0.0025624343038825057,1.5720979883643338,0.5461305223793543,6.214285714285714,0.5576527922821028
1.0,0.0,256,0.001972757507319119,0.0017810458511559343,0.7637087672310869,0.0016423874833882924,-1.2382230968702288,0.5690488819343378,5.785714285714286,0.5900354127625607
1.0,0.0,257,0.006333799659491689,0.007475848070685823,1.1220289653517455,0.007423693190175261,2.5406598501034807,0.5537377114546043,6.214285714285714,0.5493248653964639
1.0,0.0,258,0.0007878194118479042,0.0003107346294713769,1.3035634439672705,0.000427984512959827,0.442987205614268,0.5239114017374507,5.285714285714286,0.5353932366346443
1.0,0.0,259,0.0011520881064147964,0.0004622609186651489,-0.7232783868374568,0.0003728844123653498,-3.3186133661578197,0.5621989601195623,5.285714285714286,0.5824619183715105
1.0,0.0,260,0.005244248574350456,0.005208644115884314,4.169563763787785,0.003458508186193056,0.7252546484507624,0.5368672481354989,5.857142857142857,0.5346201960457286
1.0,0.0,261,0.011635009988088016,0.01320588849640183,5.337877013791513,0.010439941447421152,1.2299913083023928,0.6245313390388075,6.035714285714286,0.643363736729845
1.0,0.0,262,0.010961623329334659,0.013014852763749321,5.472306241680883,0.014219759020798521,9.711392085775003,0.5878911549697214,6.178571428571429,0.6094203397062519
1.0,0.0,263,0.001232890237177508,0.0019366366845856003,0.5018669526536215,0.0025619667655070563,1.4381576893360564,0.6310965891244736,5.75,0.648732694981484
1.0,0.0,264,0.004342153610597181,0.004862213954103972,2.8803314543965257,0.005525202658117015,4.457908446559912,0.5975091676798645,6.464285714285714,0.6045617461606384
1.0,0.0,265,0.001964382273367593,0.00045803617866252774,2.3614497873519085,0.0006464284117205908,-0.4574497421837407,0.524359242143544,6.071428571428571,0.526208462326613
1.0,0.0,266,0.004820858974844854,0.005541739387185975,1.3177384946016275,0.005262465471131156,2.692948253599212,0.607161650221464,6.321428571428571,0.616711785679453
1.0,0.0,267,0.0013072158512131941,0.0010917968873668498,0.3182596006829854,0.0013505811538231923,-0.8079201007447144,0.5462356980821925,6.178571428571429,0.5521046129360223
1.0,0.0,268,0.0009400275181348438,0.00043707836953114416,0.34400808112630443,0.00032405310113508044,-2.533818296158273,0.6175753972992695,6.678571428571429,0.6288300405614714
1.0,0.0,269,0.001547706073092287,0.000407005445640742,3.3510265751764194,0.00033517717933004905,1.4912606100327348,0.6021209911143431,6.357142857142857,0.6264240139650027
1.0,0.0,270,0.0007080800350000821,0.0005307066930576071,-3.228947611819528,0.0003151307068453032,-5.46975415911848,0.5504918251385074,6.107142857142857,0.5561160453267228
1.0,0.0,271,0.005130731943917977,0.006424487989225757,3.019027856286776,0.0053655942666964865,4.993819798288162,0.5732826196938874,6.178571428571429,0.6114065073441295
1.0,0.0,272,0.00151298292327882,0.001399032063506139,0.943805602270892,0.0010057835247129657,0.6554056170748671,0.5945774114112482,5.464285714285714,0.5907434155471966
1.0,0.0,273,0.004960368668771214,0.0034750626359184504,2.605922180063395,0.0020734742904167133,-0.13020393671232947,0.6192903511229398,6.071428571428571,0.6239783772736911
1.0,0.0,274,0.0033564120264971014,0.002369023995516918,4.961880397496458,0.0019648115243441028,2.5352341991213145,0.58437791963399,5.392857142857143,0.5921932677312847
1.0,0.0,275,0.007663614359949075,0.00604355919004417,2.9413502326083645,0.005707655228967175,0.6153896565490697,0.5719537494483447,5.75,0.5771539142018287
1.0,0.0,276,0.0023305303708971155,0.0014448518248251115,0.2115556176186928,0.0010495989395168733,-0.01746406026716348,0.6043152872238797,6.464285714285714,0.6139398736563706
1.0,0.0,277,0.0029499010441738647,0.0013230382958026336,6.065987950656115,0.0008918742447609991,-0.8638151665324472,0.5741364355493576,5.428571428571429,0.591201436186802
1.0,0.0,278,0.001431304356357955,0.001575830952361503,-0.2634406681805146,0.00144804261032635,-1.798656234914792,0.5493763954514821,5.25,0.5635282025107439
1.0,0.0,279,0.004047924718648856,0.005668445494329445,-0.7261357306021097,0.004792900093639161,-0.16494232981790447,0.5813307863235186,5.857142857142857,0.5884974587956568
1.0,0.0,280,0.0011521530262200942,0.0013567064560656892,-0.9646083973531887,0.0011058783550533763,-1.3279670028402772,0.5663892341095171,6.071428571428571,0.5719090065595593
1.0,0.0,281,0.0012538624209864025,0.0014673197971500778,0.7096126370380915,0.0020135381590470156,0.37855416169247746,0.5482531136637576,5.178571428571429,0.5663721630633743
1.0,0.0,282,0.004708072270313029,0.00107506911986656,6.997540789711785,0.0007121137226888745,-0.7648743543924562,0.5665915548006706,5.857142857142857,0.580717414557578
1.0,0.0,283,0.004477516059800373,0.002282487774373005,2.8413714686943052,0.001644292693090673,-1.1205969283107133,0.5802236728821141,5.678571428571429,0.607647018492186
1.0,0.0,284,0.00292283349364461,0.0020597051436687503,0.32405115607625845,0.001194611870273465,-0.7749943811623344,0.605660808955065,5.821428571428571,0.623428110778371
1.0,0.0,285,0.0014594389015173035,0.0002935010603273737,0.003429838222409387,0.00033252795701007876,-0.6337609099901537,0.5995526107488995,6.535714285714286,0.6018478511581384
1.0,0.0,286,0.003156226863263562,0.002473999224699391,4.254754189116163,0.0020943224724587328,0.1870214945323596,0.5680448652071717,5.607142857142857,0.5820778573630326
1.0,0.0,287,0.002079760116789414,0.00230708147848718,2.5358189398992153,0.001292519826719813,2.737461823625201,0.57401827533942,6.071428571428571,0.5795404073284691
1.0,0.0,288,0.004332902827535455,0.005230834047766033,2.874364975763214,0.0038273286879123305,3.0496905401294043,0.5771341339245195,6.178571428571429,0.5846074316474027
1.0,0.0,289,0.002170060759818174,0.0016528836823234542,-0.7146392343042436,0.001284238178453627,-4.6213319835065745,0.6143124204126315,6.035714285714286,0.626006890899199
1.0,0.0,290,0.0015223230734253226,0.0005490389336986646,-0.10750294996257992,0.0006043633218957896,-1.078481060272755,0.5423597130201043,5.75,0.5690712017657009
1.0,0.0,291,0.004215705712178987,0.003060755859854234,1.1575865358235333,0.0024205257568534456,-0.8277687745340359,0.5671404766546927,7.142857142857143,0.5980698950298791
1.0,0.0,292,0.0017375965125394285,0.0026433919853565218,-0.18203884342515408,0.0026247557574702314,-3.491745038498872,0.5806788279180729,5.25,0.5821754543031699
1.0,0.0,293,0.0071808651422263945,0.006256133740409666,0.6104418507355547,0.0054158390069605645,2.3277111081743365,0.5932861251095524,6.035714285714286,0.5962065005808415
1.0,0.0,294,0.007298092584531205,0.0067411633591408305,0.8568949977013816,0.006175198670326192,0.34075687711174396,0.6025667896440231,6.535714285714286,0.6272711650614864
1.0,0.0,295,0.002486767253064259,0.0025410024653980054,2.939285843596494,0.0021939155838986805,-0.34495812292608247,0.5636948654546629,5.071428571428571,0.5803109433684728
1.0,0.0,296,0.01253345865994307,0.01068006857483789,6.222394755799684,0.009924181497470274,2.991919917712456,0.598909297487121,5.642857142857143,0.6302691000508498
1.0,0.0,297,0.0028423083940147744,0.002987027668905884,2.0778666438433504,0.0031411554476120885,5.647201119421557,0.5832198941333848,5.75,0.5905897428633444
1.0,0.0,298,0.0035100689984167,0.004163393142287679,1.8674045202755494,0.004749747233929934,0.634035070665656,0.5609881558453964,5.821428571428571,0.5778832609735793
1.0,0.0,299,0.012229918302280762,0.010131237765074694,9.328499659813993,0.009064850974306768,5.968826079209151,0.506477598864603,5.857142857142857,0.5126125638201686
1.0,0.1,0,0.0034179357785075813,0.004059398042461924,1.799652660759179,0.0037061594567618043,-1.5655642259983626,0.5999872943784921,6.392857142857143,0.6130748789061917
1.0,0.1,1,0.0071399768802960445,0.009636720960066077,0.8335275357660592,0.008786031835228627,1.1961223603418414,0.5774883805944347,6.392857142857143,0.5935972534774643
1.0,0.1,2,0.0015451336017489562,0.0015617222172173869,2.688456688455908,0.0012816104618997976,-0.4401496082817289,0.5682662753451865,6.107142857142857,0.5783531505598363
1.0,0.1,3,0.0023712153271635626,0.003756587977213148,-2.7136920625212184,0.0034273038127485703,0.4828855125272469,0.563708904556825,5.535714285714286,0.5746103285253521
1.0,0.1,4,0.008590728709521376,0.008595834511149323,1.953168906552385,0.00921340983056709,0.6498142148284671,0.5511022197685626,6.428571428571429,0.5667185250785889
1.0,0.1,5,0.0024438558245835486,0.0028448580094574205,1.3096230546811043,0.002304727958207489,-2.5944114183672773,0.5394400799172078,5.392857142857143,0.5673827435201952
1.0,0.1,6,0.002008695620825689,0.0014131818005486566,1.4854195562786074,0.0012765779327598753,-0.5886186877003752,0.6049174658793783,6.678571428571429,0.6082448814752655
1.0,0.1,7,0.007746813857994071,0.007506359821554083,1.2758554869947076,0.005591972444124123,3.359690929474889,0.5725544545332654,6.0,0.5884872897235678
1.0,0.1,8,0.005464420843973266,0.0056266418441604975,5.156427999307155,0.0049153684461129875,3.2361761842844126,0.5792408519319568,6.714285714285714,0.5993579674360463
1.0,0.1,9,0.003492998307664641,0.0023178851886333355,5.54833303368801,0.001500831117804922,0.9497758656364207,0.582380487243759,6.0,0.5848930005155297
1.0,0.1,10,0.0014557595164410347,0.0017491171067217828,3.7539178673436524,0.0014337936838352233,4.064412668244434,0.5693245580608687,5.892857142857143,0.5732890934775657
1.0,0.1,11,0.000317188597115031,0.0002584805384165573,-1.6647076075367124,0.00020981666861528072,-1.5683442334041804,0.5845814274046418,5.428571428571429,0.5936912696167473
1.0,0.1,12,0.0015378007210037296,0.0016206086148311052,2.6677362686589277,0.0008196080469475804,-0.7749224696335754,0.552696287938319,6.75,0.5530577698195931
1.0,0.1,13,0.026646894717525803,0.02751610370365363,11.153579359427852,0.025148891567751096,11.234850145330398,0.6752227910372509,6.642857142857143,0.7136261205662386
1.0,0.1,14,0.002718759859987549,0.002455673168031096,0.4159116930047375,0.0025763712389448366,-1.6753947482698759,0.5762253852122708,5.75,0.5830479224663676
1.0,0.1,15,0.0022916904161509235,0.0017636757298709778,4.1294020619117475,0.0015387477665038648,0.8216650015597035,0.6676980899298723,6.678571428571429,0.6597057172127603
1.0,0.1,16,0.003436680155432766,0.0016178309553656375,4.215847838938579,0.0013122218844841497,1.3250278633396704,0.5830637522518478,6.071428571428571,0.584858620803957
1.0,0.1,17,0.0034725716730560864,0.0005191673783548477,3.3544061699306837,0.0005835481249540192,2.1357938580165885,0.5770164750099097,6.0,0.6099971705135272
1.0,0.1,18,0.004545564573333857,0.0052723391750562,2.1179692412046407,0.0036946889584219466,-0.7552872926092391,0.5474362945155646,5.678571428571429,0.5600559824014903
1.0,0.1,19,0.0012935363129671618,0.0009534337682539865,-0.7359127343865168,0.0012022662797294354,0.4968053106268731,0.6359139571127841,6.25,0.6273445614205693
1.0,0.1,20,0.0016451880548236804,0.0009635661807618112,0.9561908695683528,0.000773086419507746,-2.0186752876906646,0.5608239204731854,5.785714285714286,0.5592064675741057
1.0,0.1,21,0.001492376542251048,0.00218522010532732,-1.6628828747914426,0.002571835657553059,0.32408676499058703,0.5805536193496129,6.75,0.6051656743766254
1.0,0.1,22,0.0023857745228838506,0.0024416711843725314,0.45400941712060927,0.0020611510697599016,1.0415821042920375,0.5592224727390562,5.357142857142857,0.5657983598433382
1.0,0.1,23,0.010952213131903584,0.012197684872841123,-0.32699433953174406,0.010663669625345585,1.3318055599271001,0.5966719162468234,6.5,0.6035206987212683
1.0,0.1,24,0.0010599973694481767,0.00040502964907581263,1.0945584267522577,0.00033920805101890055,-1.9361403634539915,0.5466512824854216,5.821428571428571,0.5484870183471435
1.0,0.1,25,0.002858505318449426,0.0028149097357968045,1.1664900330183556,0.003216612323737074,-0.3713383181572662,0.598594142297118,5.428571428571429,0.611129447907246
1.0,0.1,26,0.0029958124394658787,0.0025977261859686128,-0.4489716693916108,0.002434390747992337,1.2905805373360408,0.5310718964351037,4.892857142857143,0.546768414988828
1.0,0.1,27,0.0012926903433796697,0.0004039646748469089,2.5261821033636664,0.0005262008857140471,-1.072459706944026,0.55544737574953,6.785714285714286,0.559694311456781
1.0,0.1,28,0.004563218596263176,0.0030401079569970634,-0.3500048685110997,0.002225935108214877,-0.6238562974725236,0.584207674769906,6.214285714285714,0.6206851167397154
1.0,0.1,29,0.00712454863289678,0.005533334681337561,10.850309546514431,0.0037360227796757652,2.3041755002610196,0.5973836627177542,7.214285714285714,0.6093869758960453
1.0,0.1,30,0.009814620085267253,0.01404959046710965,0.09663991054031129,0.014303959149176912,6.205869704874459,0.565477353481478,5.607142857142857,0.5914712837298302
1.0,0.1,31,0.0002880327760125013,0.0004358104881227523,-2.2257974682621864,0.0005238109669115653,-2.405255088058643,0.5932828252046921,5.392857142857143,0.6105317961511831
1.0,0.1,32,0.018711007416123956,0.01908785630201097,9.194141694088202,0.018163124278013306,5.867115476464581,0.7074122824329387,6.535714285714286,0.7201830597934247
1.0,0.1,33,0.006353836367193836,0.0033316901601214105,8.274243630383054,0.0027446669221618467,1.9497752403890445,0.6274942093113296,5.892857142857143,0.6560250864470454
1.0,0.1,34,0.0019880419904986274,0.0020936522629464442,2.7323504226125976,0.00314828287420249,5.401710069721702,0.5529284602215523,5.928571428571429,0.5427013393668756
1.0,0.1,35,0.010496192579776544,0.012374432960720796,7.311229945596132,0.012593021974821376,6.761080744393145,0.5713252778015654,6.178571428571429,0.5788750321674857
1.0,0.1,36,0.00458392342211128,0.0057812219047079574,0.370641945709842,0.003984175505425085,2.972806134829009,0.5966434569007457,6.321428571428571,0.6105688715218259
1.0,0.1,37,0.004771061297671139,0.006661135832474301,-2.408786348838639,0.008810575357739785,0.44583817221599514,0.5775754804874216,5.892857142857143,0.5799423622827888
1.0,0.1,38,0.011142730798654282,0.012033094301343944,6.297292018738368,0.009068250223649805,8.176158714905634,0.6809427174140217,6.071428571428571,0.6908583828919272
1.0,0.1,39,0.002317005594110943,0.002768730311578749,3.550109636446699,0.001993349792150016,2.4585423391601275,0.5763993275864283,5.892857142857143,0.5789360264831604
1.0,0.1,40,0.011185133244463179,0.012352806379825982,4.52286526042986,0.011392727262564031,8.394963538949574,0.6580881541003422,6.75,0.6761053626712303
1.0,0.1,41,0.0036912545081964456,0.003387551783765951,0.7294873652711829,0.0016060913399891608,-0.2865750705109444,0.5664524084592879,6.357142857142857,0.5753491101038478
1.0,0.1,42,0.002169804103688949,0.0015794537795147208,3.6271777216417505,0.0020590443957335097,0.6313202315263217,0.5630808299705155,5.714285714285714,0.5720053260791673
1.0,0.1,43,0.004072723092348767,0.004288154879515533,1.1818736737882958,0.003986695680258193,1.9109753561521075,0.5577780216289401,5.571428571428571,0.5778476038414772
1.0,0.1,44,0.0058596496977963404,0.005465679014705338,1.012914133645971,0.004031195748643339,-0.030869540882169606,0.5728800484437594,6.178571428571429,0.5720061810456634
1.0,0.1,45,0.001001529685189649,0.0009111911218920551,0.2990465310802861,0.0007466770235928418,0.09440238924084572,0.5620103030800855,5.785714285714286,0.57417351105485
1.0,0.1,46,0.0035922477856761767,0.004877248815684305,0.30044170746076304,0.004791546413781419,5.578531053790272,0.5608934232637723,6.357142857142857,0.5845472721813652
1.0,0.1,47,0.0024142702226214847,0.001679207399806695,4.9969708879756,0.0017571095500201624,2.82543857199236,0.630472276074734,6.535714285714286,0.6298183013635292
1.0,0.1,48,0.0006603697493748542,0.00014807977985971027,-1.8029110762271685,0.0003672627906452069,-2.413759664533084,0.591245983941178,6.178571428571429,0.6225049581895986
1.0,0.1,49,0.002714030390748619,0.0028508385252593417,0.17785571172990444,0.0024761024962694366,1.8497167117694744,0.6057592547438481,6.5,0.6076506797604753
1.0,0.1,50,0.0021144463957991117,0.0022842413700765894,-0.06096848254033915,0.0018777649885837798,2.200811094251492,0.5667404078934204,5.464285714285714,0.5772861121389848
1.0,0.1,51,0.0087505339506229,0.007748318780312,7.05709994979388,0.005723650322796049,3.8200866642835556,0.6269150000847455,7.071428571428571,0.6288992827892262
1.0,0.1,52,0.006679369476042664,0.007526007955526552,-0.09195737156216666,0.007178569746159065,-1.2316341229441434,0.6063742465031552,6.285714285714286,0.6146854949668349
1.0,0.1,53,0.0016674117126449068,0.0008882261615562891,2.5354963867159768,0.0007439455724599868,-0.5917083402636649,0.5991119681164453,6.535714285714286,0.5967734942441971
1.0,0.1,54,0.0069314314273328315,0.0073364454457805215,5.196047224076729,0.0075915442075554776,5.188132003187055,0.5704632570520143,5.642857142857143,0.5645692097163966
1.0,0.1,55,0.0034082780836536793,0.0019788332158068057,3.663924197657728,0.0019014824741323242,-1.7455931529112452,0.5832520420013244,5.392857142857143,0.5945750635714111
1.0,0.1,56,0.0012313391511122958,0.0007757914216211892,0.366314120742409,0.0009658897622201689,-0.7956072098115404,0.5774853363745097,6.857142857142857,0.5962017530021808
1.0,0.1,57,0.0024898713103100514,0.001098679912862867,3.8569959998877863,0.001144850068041117,1.3407002931543464,0.585648257215363,5.964285714285714,0.5917232071517282
1.0,0.1,58,0.005396204562434466,0.004010858282867001,5.251448578885267,0.003611336981896321,3.5481010964081556,0.6745252925545714,7.678571428571429,0.6897875222679167
1.0,0.1,59,0.0010097829247331473,0.0013020290891593749,-2.8458169819504846,0.0013276916810917073,-3.858360484846173,0.5880405971198882,6.107142857142857,0.5857949700520575
1.0,0.1,60,0.004662166253146969,0.006003339667373528,-2.1630208927039476,0.005467095967353224,-3.7622469717754257,0.5234500633829542,5.464285714285714,0.5339250982259691
1.0,0.1,61,0.001938188739529628,0.0018282711479454272,2.8018025081584597,0.0015446420924658346,0.2274739257756361,0.6039828918202562,6.5,0.6160488748336644
1.0,0.1,62,0.006446917009650352,0.008704845103447678,1.5390926582887445,0.006503909108617,2.1274350827624366,0.6222100572075436,6.428571428571429,0.6291769759071599
1.0,0.1,63,0.00873597281292478,0.009390982110417546,2.968920530721043,0.008262123828491104,3.910664243830998,0.7312957929235386,6.785714285714286,0.748829939373672
1.0,0.1,64,0.0006381771057354396,0.0005245281470911529,-0.5451740350566965,0.0004228825023575971,-3.681043437561044,0.6470676576453417,6.428571428571429,0.652870682530466
1.0,0.1,65,0.03440490050763077,0.03842022345201388,13.142002660684561,0.036756147479613414,17.938950725104178,0.6766986950975281,6.464285714285714,0.7201448277034048
1.0,0.1,66,0.009920548800522124,0.010496565995247557,7.004189860266401,0.007863935060021608,3.9732365751944676,0.6170320988550204,6.75,0.6408430842723225
1.0,0.1,67,0.010676737591138397,0.012525342028336505,7.5478505583397535,0.012026972070991047,10.409465688545898,0.6804168544025508,7.142857142857143,0.7111527930188828
1.0,0.1,68,0.0018845332521755195,0.0012469972356305963,-1.2798211587515596,0.0016067247856299698,0.033056781901071496,0.5984227267760005,6.0,0.6100462455904034
1.0,0.1,69,0.006110213444895037,0.007144260816945674,2.3362819122825655,0.0060059628015618665,2.245358638799123,0.6706032113572157,5.892857142857143,0.6843198103567634
1.0,0.1,70,0.011630368919738532,0.012379164484469381,8.148507116064565,0.011326845021515312,9.30134310881246,0.6495087423810515,6.535714285714286,0.6515360194794761
1.0,0.1,71,0.00835468441823486,0.005401771320195727,0.04577910502516147,0.0038748234503849727,-3.201103716892296,0.6031701012525803,6.857142857142857,0.6426336255174628
1.0,0.1,72,0.003495754894977729,0.003180145269645728,2.405633618426023,0.0029413688720310504,1.6878004513174858,0.5722161337471731,6.607142857142857,0.6079516279671029
1.0,0.1,73,0.0031419958386193084,0.002876377504546074,-0.151323693519835,0.0028612690133526194,0.09512395676841834,0.6153121297821506,6.071428571428571,0.6186110384291799
1.0,0.1,74,0.00449552239725974,0.004098636077787145,2.9373667259473777,0.003436077485384038,0.5622872949996823,0.5925494073418577,5.714285714285714,0.5901623400827288
1.0,0.1,75,0.004762989700018415,0.004601182312287118,2.8281596976376306,0.004385907517636844,1.4274602168756683,0.6341724011492059,6.5,0.6295489668003986
1.0,0.1,76,0.003423783913341082,0.0027087158696322217,4.029193350064304,0.0022602024078472458,2.739495586989676,0.5910664683057484,6.571428571428571,0.6060586617357295
1.0,0.1,77,0.010353141451560594,0.009888248734181608,2.6599192182407876,0.009356466663674838,2.105191602154965,0.5630919948974628,6.357142857142857,0.5680857472654363
1.0,0.1,78,0.0011131407316074251,0.0014480574707530717,2.406809730801662,0.0011707724897512765,-0.25829198442818324,0.601242123844919,5.857142857142857,0.5992019611965812
1.0,0.1,79,0.004992084801894142,0.004838438816446843,3.357988124369477,0.0046158138461955866,2.7336747079618817,0.6131990059965141,6.392857142857143,0.629359264822558
1.0,0.1,80,0.0008367632299862243,0.0005048480722626216,0.8848902154523302,0.0004244696858105987,-0.07396281834385832,0.5775140975572415,5.892857142857143,0.6074979324521248
1.0,0.1,81,0.002901511679254317,0.002867643500674012,0.6105757324363879,0.0024275506843030787,0.934793655184213,0.6013810954969881,5.928571428571429,0.6097512720908191
1.0,0.1,82,0.002104830742687509,0.001434972737762224,1.8682884514935623,0.0011784796718292375,0.17620205958111987,0.6310997892277496,6.535714285714286,0.6521206757447982
1.0,0.1,83,0.002391572245688558,0.0014767573518704024,3.030985888480437,0.0010759143273855853,1.0645669377459324,0.6002661312521812,6.142857142857143,0.600957167179359
1.0,0.1,84,0.002001560873770942,0.0011387907225787542,-0.09170309111793529,0.0008127054530287537,-0.2578308486067347,0.6014218787159712,6.25,0.6088551666186117
1.0,0.1,85,0.03433609398903532,0.04312645938771787,9.909233472018208,0.037611960304114005,4.327611728839396,0.6734195143794023,7.0,0.7170179034158531
1.0,0.1,86,0.0005738046643480163,0.0009445739439048364,-1.4694300930768307,0.0013766309204058273,-0.6347771181588939,0.5569346804261394,5.607142857142857,0.5643609901700932
1.0,0.1,87,0.004173624197510762,0.0027968770670771304,-0.4325002352255751,0.001767466486345876,-1.197967975841389,0.6129017593362892,5.928571428571429,0.6209533750509039
1.0,0.1,88,0.0011513740387053197,0.0007187566413687454,-0.3412956249959933,0.0009917345493753304,-1.6063463342941304,0.6130633297504249,5.75,0.6078493940910279
1.0,0.1,89,0.0005046706973953518,0.0004172399569381704,-0.9302668214327596,0.0007565119151575261,-0.34524592455599645,0.5374809590856456,5.785714285714286,0.5409109087644582
1.0,0.1,90,0.005831421801842722,0.0071890671797721906,1.2799716669116847,0.005634971185051729,-0.42939036906450195,0.5398069052241656,5.392857142857143,0.5678825066416688
1.0,0.1,91,0.002036770814021945,0.002677850158000235,0.36309350031486076,0.00177240998778489,-3.3141163385220125,0.5826184327238246,6.035714285714286,0.6023256366114478
1.0,0.1,92,0.001084908807699496,0.0011931322384078687,2.071529286157066,0.0012006822935116941,-0.06009250345356539,0.6046109565155612,5.785714285714286,0.6172654116901812
1.0,0.1,93,0.005498948172415898,0.0028447395593557325,6.889979051663538,0.002263440414529912,3.059806808852651,0.5361668910152002,6.285714285714286,0.5487913763613261
1.0,0.1,94,0.0018321703879021984,0.00043871092034798145,4.672435120212924,0.0007736406820838029,1.889201222953422,0.5693147260893457,6.0,0.5724676517265412
1.0,0.1,95,0.017725074906743032,0.021713060735996673,9.602403527161613,0.02154709291657903,11.8513474603407,0.6762871120488466,6.071428571428571,0.7165827455861965
1.0,0.1,96,0.00413865793602699,0.004228531419499068,2.7132025372834363,0.002663955338251406,3.918641314283169,0.5654035257640951,6.214285714285714,0.5824922244191899
1.0,0.1,97,0.0017043191052279372,0.000876977222836057,3.2196465466746744,0.0008632855015043353,0.12486983077957348,0.5857546727795864,6.0,0.5783218990197965
1.0,0.1,98,0.0015010496442905224,0.0016929002753338558,-0.339025790582518,0.0008748806505077229,0.47008468408053733,0.5820697711277748,6.178571428571429,0.5787558397795
1.0,0.1,99,0.009224753273808367,0.007468372685066464,-1.0829916369617862,0.008519176224168413,0.8494419859482983,0.5591581029595959,5.714285714285714,0.570259896889733
1.0,0.1,100,0.005277914286017929,0.005714694067239044,3.6791846477652967,0.0054963022924173904,1.9955145080059633,0.6499883002125236,6.285714285714286,0.6522254644619321
1.0,0.1,101,0.008265115635351285,0.009590148349917985,0.6937375057419359,0.008549662002146822,2.3727985180362907,0.5667765496198447,6.5,0.5981920345376692
1.0,0.1,102,0.007404210105613068,0.008756706623706919,1.7619604937011957,0.008397687833854939,3.1826546861082363,0.6143111651810449,6.321428571428571,0.6201186058809696
1.0,0.1,103,0.0020042776199242127,0.0012038288102993642,0.36391784676131067,0.001202919192908739,-0.6914993441616843,0.6112788805146145,7.214285714285714,0.630388906003027
1.0,0.1,104,0.0018405320166660795,0.0022184258199084202,-0.3576144876336613,0.0020795774262722675,-0.6072555876538862,0.5821429121487256,5.5,0.595299562180207
1.0,0.1,105,0.0018329038924020482,0.002730718684583321,-1.6986008812394644,0.0018486533220723877,1.28283200323303,0.575579885165087,6.107142857142857,0.598367031091777
1.0,0.1,106,0.004585577712550352,0.0007323439761455419,4.219244941181799,0.0003331847716777012,-3.9076334985776007,0.5791760629023349,5.857142857142857,0.5856128521299586
1.0,0.1,107,0.0008623901698420511,0.001047472249916767,-0.07132036153991805,0.0013205142798294012,0.7342768925405968,0.5526464313932619,5.178571428571429,0.5647666868601371
1.0,0.1,108,0.0015360610567047848,0.0009398946460882104,2.816908345409331,0.0008460804642574775,-1.8864931037860895,0.5943656710739201,6.571428571428571,0.6055654567102022
1.0,0.1,109,0.008757823500870222,0.011143538057540951,-0.20598784646899304,0.010418334369558952,1.939358623319663,0.6137759618524085,6.25,0.6306519741646627
1.0,0.1,110,0.002900538438632395,0.0024521440898922823,3.0150181112670325,0.0016101938300902476,0.8164168012379207,0.5889662494095554,5.0,0.595628261593455
1.0,0.1,111,0.0034255304322300495,0.0029446314630662326,1.678082158971165,0.0020806538351598345,-0.42158155657744106,0.5707725174603475,6.357142857142857,0.5834442748755306
1.0,0.1,112,0.003710322377631046,0.003143121640109206,2.2495914505588814,0.0030572369112974113,4.2655191415795555,0.6003513582997941,5.857142857142857,0.63609725577833
1.0,0.1,113,0.0007302261045820202,0.0002268400914178047,1.4587028626646656,0.00030568771941161976,0.592535691367857,0.563494492830792,6.178571428571429,0.560384370003428
1.0,0.1,114,0.0011334131229059532,0.0003445801314355375,1.3996514894507328,0.00028893911045529166,-2.6979441356383425,0.6275651371260605,5.5,0.6223923037807007
1.0,0.1,115,0.0038859686067131706,0.003574345751206605,0.22747299806840005,0.0020550539835190993,-1.1064509165110128,0.6136398801361507,6.642857142857143,0.6212768139055935
1.0,0.1,116,0.0027914886770841196,0.0029377073332654572,1.9710721876467545,0.0036353870635251243,4.105081672407351,0.6048965536736592,6.785714285714286,0.6266635956940689
1.0,0.1,117,0.007077525306796842,0.003997580409245502,7.05898654207153,0.0042670030107336485,4.84268840980198,0.5353798684286328,5.178571428571429,0.5221478542747426
1.0,0.1,118,0.004114425917170692,0.003396401254175005,3.61815170700838,0.002458139750446833,-0.04539220791321933,0.5790438516507183,5.857142857142857,0.5789230008171318
1.0,0.1,119,0.016985516415564346,0.021076410478617826,7.7574921119820175,0.019488547492360224,7.1729295812492735,0.7294153600140129,6.857142857142857,0.759753333314457
1.0,0.1,120,0.007668809688596034,0.007546136125195471,0.2764651825707105,0.006437206927763006,-0.07101290867042091,0.6200412587175437,6.214285714285714,0.6310877556169401
1.0,0.1,121,0.002527460593899329,0.002319176218025347,2.954589581627502,0.002412352143203029,3.3561882649113954,0.5890333778915189,5.821428571428571,0.6106343720138567
1.0,0.1,122,0.0016238628120497152,0.0016939901909156093,-0.7592857437130647,0.0014782879961250117,-3.897552599486602,0.5819822663552389,6.928571428571429,0.5973505161616304
1.0,0.1,123,0.00969002916862165,0.007367150463459219,7.303408083652208,0.0059695061762270706,0.6463254535595505,0.5625526193746583,7.107142857142857,0.5607720118127604
1.0,0.1,124,0.00039249433780630264,0.0002470872208908744,-1.5029086253916475,0.0003206443582224781,-3.065833472312742,0.5930085849278568,5.857142857142857,0.5904709226372452
1.0,0.1,125,0.009814478545523767,0.01216892982391747,0.890100546559836,0.013270545359014303,3.001701994835552,0.7203035941516219,7.75,0.741220244695334
1.0,0.1,126,0.01553643152558462,0.016447567803346996,10.200731346169754,0.01591584887266938,5.280358642681155,0.5578826485069561,6.214285714285714,0.593339274881088
1.0,0.1,127,0.0035221429675122077,0.002067114980807552,6.266406156289037,0.0019242594066858276,2.9868803308703398,0.5504877227751815,5.928571428571429,0.5665503380811618
1.0,0.1,128,0.0018064210547105851,0.0008754989790858488,1.6367799601540085,0.00027632320363382554,-3.225765911887701,0.5876338271950948,6.0,0.5938088425976054
1.0,0.1,129,0.004943550391208999,0.003211164474073323,5.103083560582284,0.0019389794152168253,0.28701260133978695,0.5716455078121542,6.857142857142857,0.5676662906440195
1.0,0.1,130,0.0016281928516017443,0.0010696583108950521,-1.4465603434370067,0.0014478821273225325,-1.034534216544434,0.5956560362556823,5.928571428571429,0.6044365388318917
1.0,0.1,131,0.004219000883536683,0.003955554388649252,-0.3910316104752667,0.004129011418911224,-1.0848679728467705,0.626050480906087,7.25,0.6315716364784452
1.0,0.1,132,0.0020642214225460977,0.0007020716252573365,4.484873080764125,0.0007315849990118453,1.060268820093114,0.5490618423339667,5.142857142857143,0.5678428462546793
1.0,0.1,133,0.0023549130911715024,0.0014373685142098967,3.25816461474205,0.001119932337660348,-0.5668135239223394,0.5885339270850968,6.321428571428571,0.6125631965459193
1.0,0.1,134,0.0011184674836276093,0.0009667919973294055,0.20921486872816786,0.001050235528387536,-0.16615973532120165,0.5968575631965418,6.25,0.5948625435411177
1.0,0.1,135,0.001497611054450467,0.0023277893701479434,0.787562955106111,0.0017044983514803746,2.0309130002468314,0.5662523694500131,5.392857142857143,0.5591082872450652
1.0,0.1,136,0.0032160261888694256,0.0029666088643847044,2.837814683262721,0.002878557489191234,-1.852710409681028,0.5751532500402369,6.071428571428571,0.5754509014090305
1.0,0.1,137,0.0013266256146446291,0.0008188489635308778,1.1675107526349322,0.0010887860648567055,2.3998011726175625,0.5885104841051036,5.714285714285714,0.6045690385219287
1.0,0.1,138,0.004594392385294587,0.004746627853894825,2.0820242747830235,0.0035978328004362685,0.4426107125032672,0.6009640647789628,7.392857142857143,0.5959468120514729
1.0,0.1,139,0.004913174167529216,0.0049721907088234344,2.9735320283015696,0.0038155427227649394,0.15011115176189568,0.5985915088918803,6.392857142857143,0.6104258104809548
1.0,0.1,140,0.0012733604378353425,0.001300919403780884,0.026064588547107803,0.0005832766733612021,-1.0376059326983693,0.5993396397550512,6.071428571428571,0.5982587420412238
1.0,0.1,141,0.0035437231950125503,0.002482593514824225,0.4390067653791476,0.0014499638056117425,-1.3365908212956772,0.5588929888587068,6.071428571428571,0.5624444670971449
1.0,0.1,142,0.014004250462487744,0.013238168206615764,7.531357977777979,0.009373071905998115,7.02718881449087,0.5867559434615097,6.392857142857143,0.5746878991326219
1.0,0.1,143,0.0009760253111678267,0.0009512127186011481,0.15764650299581717,0.0005546330753037836,0.017729828519094326,0.5757359962832457,5.75,0.5745598452683647
1.0,0.1,144,0.0023541499903903373,0.002194722228336082,0.7385240936976558,0.0020378127933561715,0.7982968773008849,0.6105536466994615,6.321428571428571,0.6171000008192591
1.0,0.1,145,0.00706708057113108,0.0059087198449448,7.166822740224568,0.004417210317146323,-0.10627398046674823,0.5521612351857855,6.535714285714286,0.5504560363629523
1.0,0.1,146,0.0014391856610164217,0.0010701762799365164,0.7643635583543258,0.000610877752589844,-0.580872215109622,0.5509536960535797,5.607142857142857,0.5474828350513994
1.0,0.1,147,0.021636977615295292,0.02599019480440889,11.355352835104874,0.022805305431751008,13.252302223164188,0.7251366430990301,7.5,0.75558211271485
1.0,0.1,148,0.001870945498956402,0.0015771847251067248,-0.28764860105216883,0.0014938354227927015,-2.246523462732777,0.6182519064444906,7.142857142857143,0.6429034630020617
1.0,0.1,149,0.0018533328240520253,0.0012870638981891727,2.1071075630151697,0.0014730359612424174,0.397434692129868,0.6058717665798125,6.0,0.6140139841639383
1.0,0.1,150,0.005218520304499215,0.004830241740797203,3.0062457507140294,0.004428898222674498,3.3808962016835458,0.6097020498011796,6.035714285714286,0.6272064591853755
1.0,0.1,151,0.0005035342693914924,0.0003500020109716707,0.5229531830401726,0.00024538465198330173,-1.596244527972156,0.5755434276276165,6.392857142857143,0.5912914893049148
1.0,0.1,152,0.0016927396916179734,0.0015720944345056793,0.07263700599207823,0.0015001901833243346,0.80695209124868,0.5833773913035886,5.535714285714286,0.5952358621470327
1.0,0.1,153,0.0015847469584351513,0.0030804589998896423,-1.955907678766053,0.002869506313392103,-2.603582369194432,0.5216062581937881,5.357142857142857,0.5200745001711216
1.0,0.1,154,0.0010989179214731875,0.0010802691843486746,-1.9856659316610532,0.0008910897137541227,-3.176904213730334,0.5757740251573754,5.964285714285714,0.6062668410483154
1.0,0.1,155,0.0010951773824200766,0.0014372006514802443,0.6260267559722621,0.0014658267675738933,0.9177645870373018,0.5648491527583579,5.678571428571429,0.5713655496209202
1.0,0.1,156,0.005307288591514678,0.00403886187961782,0.07873987339736743,0.003043646847912193,-6.357220589040821,0.5627931138511247,5.142857142857143,0.570253107449911
1.0,0.1,157,0.004256600210170691,0.004258017196955875,2.3640220946485826,0.003856378373636882,0.11715309382986068,0.6145388203018457,6.178571428571429,0.635205203853157
1.0,0.1,158,0.006787755329435936,0.006898517312725649,-0.5206444608629397,0.005132844107491199,0.9326666993669619,0.5620374745269506,6.535714285714286,0.5662512909176844
1.0,0.1,159,0.002668830422161223,0.003452758782787507,3.1113313042939836,0.0030563936389215035,-0.11767805019382156,0.5814216948649581,5.892857142857143,0.5996753108825402
1.0,0.1,160,0.00206519440090064,0.0032598320208522416,-0.925081209343098,0.0025550418253519292,-1.4090606906521732,0.6088653612676557,6.75,0.6142445032481461
1.0,0.1,161,0.002983982266613455,0.002828610426638457,2.379317279329534,0.002758119649357113,2.869123613678217,0.5685121489084626,5.607142857142857,0.5611693298311424
1.0,0.1,162,0.008560323243265876,0.005616997851107291,4.362646311434716,0.0039908102631940265,0.6474005401065218,0.5490812729749114,6.964285714285714,0.5541499040217126
1.0,0.1,163,0.003166885219742524,0.0012495419136429066,3.7902801773829324,0.0006328155280516547,-1.218385459177237,0.5618244414616415,6.25,0.5797630808377712
1.0,0.1,164,0.014336682188719356,0.014516392234693415,9.013443112541509,0.014612854062245032,4.740045774761143,0.5840752225985959,6.75,0.5911765415741213
1.0,0.1,165,0.002710599622012879,0.0029589462736431195,-1.0197261880895567,0.002575195258930835,-3.088099938052958,0.5606556917152524,5.821428571428571,0.5725838467025761
1.0,0.1,166,0.003890668765119217,0.004407947912128713,-0.1608617614473431,0.003879787537966095,0.046274539631241396,0.5784801353014263,6.214285714285714,0.5926315637909035
1.0,0.1,167,0.0016749994296053647,0.0011886644963903755,-0.2064299033451178,0.0008717461830869801,-4.325853311925878,0.561089286813949,6.535714285714286,0.6034919416717113
1.0,0.1,168,0.002252296934224453,0.001807371990996189,1.4625980711770055,0.0017479989890459952,3.215855489698517,0.602447897349525,5.928571428571429,0.614639397185051
1.0,0.1,169,0.00824669588363168,0.009023929074274207,6.729424140709121,0.008276927540901705,5.789792850371394,0.5836640368778204,6.178571428571429,0.6180095544115289
1.0,0.1,170,0.00469221032316172,0.004690386526422102,0.88740845656082,0.005357666032394061,0.22514189100179274,0.5786359978149871,6.107142857142857,0.6020654049268932
1.0,0.1,171,0.0023491784830811033,0.0022558722396907715,0.19760709048965452,0.0027215803908882275,-2.5568625921829473,0.6321419633409029,5.714285714285714,0.633938002687924
1.0,0.1,172,0.0016443091650643685,0.0015914040358338852,3.2729522285350825,0.0012570431507428327,0.5767489900935819,0.6079623589245785,6.714285714285714,0.6125570609040061
1.0,0.1,173,0.002767048087905102,0.0020889278600552228,0.40934155050526044,0.0017129105492732608,-0.22875750018503518,0.557417979464676,5.25,0.5757126619748485
1.0,0.1,174,0.0041075562003815725,0.0033903721870203784,3.2427491022877533,0.0025342072383324208,-0.8270398391137519,0.5876430780409242,6.25,0.6005231157769326
1.0,0.1,175,0.001007622320931068,0.0009186031193845759,0.9089943836322618,0.0009428287869275566,0.32020142930233914,0.6317910230509156,6.642857142857143,0.6371623328054552
1.0,0.1,176,0.0018242926030072463,0.001318106898460852,2.2680911674476647,0.0024431355528260106,1.1724395869987727,0.5499019817859916,6.214285714285714,0.5641137942099969
1.0,0.1,177,0.0025906364181941216,0.0026962355202015723,-0.4570130282846492,0.0023523838055362445,-0.08170804258255278,0.5379764933340397,5.821428571428571,0.5530446133939827
1.0,0.1,178,0.000607113321894036,0.00032757997051989664,-1.4843776650757974,0.0004201370532837563,-0.7199842471659016,0.567799575686273,5.892857142857143,0.5844099947373795
1.0,0.1,179,0.0006105655409781114,0.0005591923267650562,0.4526169231033137,0.0005312160567487196,-2.7274436693678865,0.5544180402281614,5.071428571428571,0.5615983922526034
1.0,0.1,180,0.0025304035199552257,0.001708981615038516,5.604437020919164,0.0010516713398991005,1.8511491213539273,0.5161853573310744,5.785714285714286,0.523535092736028
1.0,0.1,181,0.005320432305084931,0.006590545450781304,1.1023192533393384,0.004471058883137528,1.5896333916101355,0.5339578427003558,5.607142857142857,0.553949841861625
1.0,0.1,182,0.008943366754614627,0.009304944866957696,5.995278496710604,0.007876271824019593,6.7043718889005675,0.5803905684878462,5.892857142857143,0.5786351285686797
1.0,0.1,183,0.003437649831846029,0.003238681339931836,2.5809495092954435,0.001804756132873239,2.1213864554410313,0.6293544609961,5.964285714285714,0.6411537992138643
1.0,0.1,184,0.0015123641798079437,0.0015123821127284583,2.955375262777139,0.0011426446593224657,-0.6574937730268479,0.5819719555716146,5.714285714285714,0.5898406312778901
1.0,0.1,185,0.0006391969622305394,0.0006847794133854827,-0.25899265463253585,0.000481454824101666,0.7666169424102804,0.5903809592277609,6.071428571428571,0.60198487714139
1.0,0.1,186,0.004241273731952442,0.004500176718341118,3.293183144911289,0.003723597884926013,2.6461127540884775,0.582308861797552,5.392857142857143,0.5777293267705635
1.0,0.1,187,0.004669048267052341,0.0030849460356365535,4.688552024258058,0.0015786760801473638,-0.24845565449704546,0.6277610594830644,6.821428571428571,0.6336211722213279
1.0,0.1,188,0.0037453245965657724,0.00240812158772884,2.4645994371483937,0.0018820728681576968,-0.2643128512079329,0.5476777101773008,5.75,0.5816646067925348
1.0,0.1,189,0.0005549946758373021,0.0009597912027628542,-1.8959245011253643,0.0014878874976674322,-1.3098531853123916,0.582295800892423,4.892857142857143,0.5906669714840158
1.0,0.1,190,0.0076752173915717575,0.00856245984651378,2.125827685656269,0.006294049152955232,6.380891705221539,0.6748010952155399,6.785714285714286,0.6920266091121998
1.0,0.1,191,0.0013236722435290623,0.000999155209109323,0.30782518344139476,0.0007564026591376302,-1.2046194321777932,0.5922119383413698,6.535714285714286,0.5986965150625156
1.0,0.1,192,0.0029006268954051783,0.002953901455456428,2.369060983394803,0.0020464688414052307,0.8174094062344182,0.5507466789775818,6.214285714285714,0.5478655079966248
1.0,0.1,193,0.005902176409635014,0.006243086357571943,5.413864155895126,0.005989839122885437,8.624538741542162,0.6922168186465477,7.178571428571429,0.6923143707179285
1.0,0.1,194,0.0011915232542708918,0.0008051255719579038,3.2902597935991764,0.0010237624488896272,0.33370225954384597,0.6053848924904337,7.321428571428571,0.6011459035479807
1.0,0.1,195,0.001245481077574593,0.00042961284497143923,2.2198924260077106,0.00041093449844239766,-3.534515577080479,0.5828111168920793,6.214285714285714,0.5778545441577396
1.0,0.1,196,0.0016338131572419324,0.0016357298782761144,2.089284663020912,0.0015878667510239443,0.8491813885243479,0.5970982304390156,7.535714285714286,0.6114992259460243
1.0,0.1,197,0.00825048773196294,0.008922932555226555,4.906992328324812,0.008662523013950943,0.9262381938186005,0.5687130594048663,6.714285714285714,0.5796699699571312
1.0,0.1,198,0.0036984914554030047,0.0029193572948118178,3.5792656239091585,0.003452079864455495,4.356356531782789,0.600693822556327,6.571428571428571,0.5972558462244386
1.0,0.1,199,0.00039688647306800474,0.0003057887626173862,0.11004121167341907,0.00022395308076376573,-1.376297241893866,0.5629206830672414,5.428571428571429,0.5574996426365778
1.0,0.1,200,0.0038287025150331526,0.004147576804084909,3.8917577397038556,0.0038531807713532984,1.2415845703340267,0.5891832871092456,6.428571428571429,0.5964735116467885
1.0,0.1,201,0.0055353004260174,0.003722752997648429,4.145176257316642,0.0024367541679496257,0.7682503706148603,0.6025288102747418,6.5,0.6102924256491337
1.0,0.1,202,0.005077731224478235,0.0008698747368020715,3.118487953788076,0.0008346068455927607,-0.2667288787273397,0.534239356704098,5.607142857142857,0.5180880307803629
1.0,0.1,203,0.03162255487032736,0.03189864384242236,10.379589177579213,0.028657963165602873,7.274427462342487,0.6983343832495711,6.464285714285714,0.723216561389026
1.0,0.1,204,0.00392236618091603,0.005289317238531245,-0.9485542149185022,0.0058908172036275675,2.7458233831077714,0.6116369530099753,6.142857142857143,0.6228318873192782
1.0,0.1,205,0.0009165250643369235,0.001588117359083858,-1.2007713592518456,0.0016303680533554536,-2.1678849010151,0.589761233231309,6.0,0.5838917241058724
1.0,0.1,206,0.004408028254082761,0.0033587588811421674,0.27920540070395816,0.0025251749721844287,-2.126226773456551,0.6158552819488964,6.642857142857143,0.6266224064258155
1.0,0.1,207,0.005379372650604415,0.007346115021134376,0.5639527852808328,0.007943957562788933,-0.6869122037017993,0.5608593471073887,5.714285714285714,0.5847682156408165
1.0,0.1,208,0.0032365792155630534,0.0049131310133991215,-0.935080696553463,0.0026633246104210786,0.009821843768615205,0.5449739403129936,6.321428571428571,0.5505390184052208
1.0,0.1,209,0.0022908573955586226,0.0019403511626357802,3.154422734288815,0.0017287618050918505,-0.9312507646080709,0.5728537824271921,7.714285714285714,0.5812692702847377
1.0,0.1,210,0.005322580052800965,0.005512187022686881,-0.6269335447986606,0.003866145120418638,-1.1092306570534542,0.6353397239991503,6.535714285714286,0.6493353357185121
1.0,0.1,211,0.0007111073982155025,8.94452587853163e-05,0.26393900478530696,0.00012707768848716148,0.036885556184320954,0.5789915999894634,6.107142857142857,0.5972797048188945
1.0,0.1,212,0.01128470545005914,0.008881623854539411,7.411568937066271,0.004589672575732504,5.518558879970972,0.5555856574972119,5.178571428571429,0.5664272430225818
1.0,0.1,213,0.005581299454256482,0.00859724609719679,-0.5159843699479154,0.008752678098724504,-0.7384068393991564,0.5615153454787652,6.321428571428571,0.5829698388792002
1.0,0.1,214,0.0007293046630614879,0.0005260324100677305,0.5785089254436286,0.0002905335426625358,-1.111594234072849,0.5658353304790043,6.428571428571429,0.571766378031151
1.0,0.1,215,0.0017034498386807103,0.002051568985518011,-0.8460688856123184,0.002410994107784334,-1.8961399862827573,0.5822161784449982,6.678571428571429,0.6132046024697235
1.0,0.1,216,0.0035393517432658313,0.004229489650551658,0.732725922878835,0.004858848537636102,1.1100605016281595,0.5195538051675632,5.857142857142857,0.5287600042207181
1.0,0.1,217,0.0016600538641670594,0.0013921668915439552,1.3091927903345564,0.0005767782460919928,1.4237491372263473,0.5562817600006237,6.321428571428571,0.5487285011193599
1.0,0.1,218,0.004683392436711996,0.0018814613311463012,6.868664658717279,0.002522660770920132,2.7928974148807413,0.5338773437214963,5.071428571428571,0.5694702900676515
1.0,0.1,219,0.0034754273989441534,0.004812357008534315,-0.8182513919483654,0.0028208552262303315,-2.343444325977449,0.5223881071960033,5.607142857142857,0.5659041946371262
1.0,0.1,220,0.0027155364523235104,0.0031967364859555106,-0.3646537527657614,0.0025696850580313635,-0.9648881052424846,0.5644702010052582,5.892857142857143,0.5731462235468525
1.0,0.1,221,0.0025350452966473058,0.002454718757986768,1.2213873778262183,0.0028070158475851457,3.4033229811673587,0.6938073971419836,7.678571428571429,0.6948853454975688
1.0,0.1,222,0.004792575363089465,0.005650286778585206,-1.4568905879167957,0.0072259499309919656,2.9663199408591177,0.6416451643382323,7.071428571428571,0.6328741930228992
1.0,0.1,223,0.001653958628558949,0.0009579225228429274,1.0663052619958577,0.0007963900791548762,-2.5468383904037353,0.5753104749697868,5.428571428571429,0.587162252589481
1.0,0.1,224,0.02622493133928641,0.03038183981188573,11.04161190674192,0.02816439397724228,15.017282486698727,0.6912419703515393,7.321428571428571,0.73047925031267
1.0,0.1,225,0.002198508884487366,0.0027806675944225625,-0.27412159058042107,0.0033934018336935763,-0.7845150689744097,0.5552264295962706,6.25,0.5595086529675453
1.0,0.1,226,0.005519770262699311,0.004648286552576975,2.682406213554728,0.00312528391748183,1.7134465641591987,0.5846556006030263,6.535714285714286,0.5999117242063561
1.0,0.1,227,0.015006366199574012,0.0158053565728074,7.672394667828797,0.012997022739991664,3.8631388100799122,0.683602490151529,6.464285714285714,0.7066050351159634
1.0,0.1,228,0.0021035444083738904,0.0015321097303582396,1.1726327033238775,0.0019513479794174978,0.10347477476263596,0.6226558346915121,7.035714285714286,0.6288751123834599
1.0,0.1,229,0.002597102039627121,0.003085845466499279,1.455586151718208,0.0031735847529053545,-4.390200748337918,0.7074816441343443,7.5,0.7158692710159855
1.0,0.1,230,0.007681993600826096,0.008682973700871476,5.063987478221669,0.009201148882523187,3.9357489396310257,0.5955350365986539,6.678571428571429,0.5950869672171295
1.0,0.1,231,0.0008751337375155024,0.0010101642953958942,0.8378670925117362,0.0007953715122846956,-0.4641213041046986,0.5205282812403823,5.357142857142857,0.5420209268539902
1.0,0.1,232,0.004117714451272379,0.001655440953119272,5.713336891654315,0.0012346426031603058,-3.2967381832308527,0.5501705730472979,5.642857142857143,0.569120437777447
1.0,0.1,233,0.0021633920352966806,0.0014264774845069263,1.2014583143855972,0.001545530725760563,-0.9336792350843552,0.5612521000281189,6.214285714285714,0.5532021786899992
1.0,0.1,234,0.001196883547454513,0.0011968188504786355,-1.4080423705382543,0.0008338320892041596,-2.434264342674112,0.5157437926169883,5.892857142857143,0.5222867913595737
1.0,0.1,235,0.0033100895214234474,0.0043065859486182325,0.7553480727354795,0.0035262388597667306,-2.8267422520438195,0.5720201322622527,5.964285714285714,0.6005550613485987
1.0,0.1,236,0.0024271426053453144,0.001598910100613947,2.0559257806174784,0.0008056095364361312,0.4309697059754001,0.5587030498839903,5.285714285714286,0.570195462591215
1.0,0.1,237,0.0020188486094051936,0.0010735502108401669,1.8882108898113117,0.0010056043019510683,-0.5614006984801941,0.6135092122169211,5.928571428571429,0.6121559005656061
1.0,0.1,238,0.009062732078894924,0.0090039728445831,1.867378703350525,0.012076303061739856,9.103699511641906,0.5713975764417294,5.821428571428571,0.57123881341091
1.0,0.1,239,0.0015731498851077358,0.0016329287538421771,0.6243787325952255,0.0008374400358950529,1.299618872507428,0.5759722800401149,6.178571428571429,0.5898890424984281
1.0,0.1,240,0.008355620844918499,0.013203974284600834,4.431242438695499,0.010734470655568996,2.7879849252630513,0.5562852261895965,6.285714285714286,0.5581783452164708
1.0,0.1,241,0.00228385312718715,0.002898874834563952,-3.549193958315584,0.0038592170969127914,-6.114641505971956,0.569917907103636,6.142857142857143,0.5738809616367431
1.0,0.1,242,0.024448073381544592,0.029420656551376222,11.159587111636842,0.023487403733185957,15.023690250114422,0.690778109016248,6.821428571428571,0.7412914583752446
1.0,0.1,243,0.00166113430392934,0.0018295317589738596,-0.4479238730666495,0.0018692528629642633,-2.687706134583143,0.561317330827336,5.857142857142857,0.5711993743093662
1.0,0.1,244,0.006427097945608586,0.005480863965374224,-0.2205004890779989,0.004921928897405393,-1.10136677200551,0.5340787751096477,6.035714285714286,0.5354747199709377
1.0,0.1,245,0.005915656768420531,0.004496203367560901,3.122728210756911,0.0031662393301250223,3.474078763216397,0.5844896257106188,6.035714285714286,0.5826518617516561
1.0,0.1,246,0.0004103662382102554,6.591732883168532e-05,0.4397228274756131,1.2673538366115689e-05,0.5856890953239619,0.5390737931176169,5.571428571428571,0.5389216733056239
1.0,0.1,247,0.0011229191436003833,0.0013538964212854408,-2.3014143723685336,0.0010806263717976993,-3.0470586994127777,0.5458856659840283,5.928571428571429,0.5479302943401705
1.0,0.1,248,0.0016630129717234948,0.0009621828659972326,0.05479376624639798,0.0006921495994330272,-2.186033105280387,0.5609403220840569,5.5,0.5707756830891866
1.0,0.1,249,0.006412345941655136,0.00671163730174911,5.349013737160696,0.005082430321610453,2.538651082760689,0.5697712760522494,5.928571428571429,0.5843864479542339
1.0,0.1,250,0.0026876383582027713,0.0012879293367411698,0.13548231244165976,0.000831731901684114,-2.3070022731974027,0.6091140256951535,5.714285714285714,0.6078872841944492
1.0,0.1,251,0.009134660222222134,0.009302401868958787,4.533029481398657,0.00756425135855873,2.376653728554345,0.6625874857939476,7.571428571428571,0.6737846416142137
1.0,0.1,252,0.0018826934113848753,0.002165130731533841,0.001399521792073699,0.0016657867701483301,-0.18879841131489647,0.5520440825928163,5.714285714285714,0.5717732680552667
1.0,0.1,253,0.002770724976028939,0.003172851709937512,1.3706043309451559,0.0025640442202407143,-2.641782911641523,0.5936316192012641,5.535714285714286,0.5962727755719335
1.0,0.1,254,0.0021547941147601925,0.0009071627580266819,2.793147665524856,0.0009282660793070339,0.5748796689868337,0.5540452122101185,5.428571428571429,0.5544562837801978
1.0,0.1,255,0.0009656305226738063,0.0008288690524253095,0.9085107282205414,0.0015922226875673025,-0.41066532635814684,0.5917038480842711,6.357142857142857,0.5845542326144865
1.0,0.1,256,0.005014337024286291,0.005575750763114782,2.311628547445366,0.005308988629783754,0.7933257116870607,0.6806991552530304,7.071428571428571,0.6850338079653013
1.0,0.1,257,0.0025008171985669587,0.0021694169439919076,3.959361817940753,0.0016171773473505205,1.8670171859162774,0.5648129366515343,6.5,0.5523967700753841
1.0,0.1,258,0.0013343009869195611,0.0017450254001485522,-1.1800690292525076,0.0017139843827637849,-0.8605405542655641,0.5938597900419588,5.892857142857143,0.5924032575611565
1.0,0.1,259,0.009881023070337381,0.010121273007404312,5.648940946028418,0.006871410416485959,6.069227894965555,0.6209571000945783,6.428571428571429,0.6311190675075562
1.0,0.1,260,0.001375170436724356,0.0007788043258482453,2.413821462422419,0.0009191582906827129,-0.7068314616658048,0.605587539684108,6.464285714285714,0.6118625062394323
1.0,0.1,261,0.0023198149003075545,0.0017503030645683853,-0.47393941216280666,0.0013872244596788558,-3.0069204294541976,0.591570038713015,5.857142857142857,0.5987972904663325
1.0,0.1,262,0.0019126483197854519,0.002135927561950146,2.63501962205482,0.0027130243110829767,2.6680828424432548,0.5483857401382654,6.071428571428571,0.5480003714175627
1.0,0.1,263,0.02437110873244973,0.02685982254514756,12.807106297514316,0.024188765185009876,14.743467377694609,0.7476322029979116,7.071428571428571,0.7753210963722208
1.0,0.1,264,0.002447198257813409,0.002946557208136457,-0.7316878422277071,0.0035301187292248876,-2.1564791422006238,0.55972344630117,6.107142857142857,0.5532372624916275
1.0,0.1,265,0.010485814262608917,0.010926057959363755,6.580848880985734,0.00968146365274317,2.7176236922696355,0.6290536349310516,6.607142857142857,0.6602350018244231
1.0,0.1,266,0.0034888872451454027,0.003449693319625924,2.175270303388352,0.001956058734798865,0.14922371209228422,0.5763231047984584,6.357142857142857,0.6113563258400232
1.0,0.1,267,0.003470284034912269,0.0027571103384024763,3.5131571513376656,0.0026103378600491932,4.601930979649524,0.5779857273397168,6.285714285714286,0.592228683461082
1.0,0.1,268,0.00768488513308236,0.007516982538595089,2.885670819577875,0.006153113567512845,2.7506881696843286,0.6076198949171954,7.178571428571429,0.614060484282897
1.0,0.1,269,0.0015004015520049888,0.0011731599485700632,2.910793085537861,0.0007046964764628545,-0.8087751607714418,0.6176131281468917,6.142857142857143,0.6319208047954528
1.0,0.1,270,0.011789489904250664,0.011308533363861435,6.252705295586416,0.010467750014303777,2.4552186583187563,0.7098255042853976,6.642857142857143,0.7235271355125568
1.0,0.1,271,0.01168519744895969,0.015101943441553337,-2.0786710159647157,0.013953952983125274,-2.433239047969844,0.5723369373054755,5.642857142857143,0.5847061249563407
1.0,0.1,272,0.005708657850789588,0.0062830682519296206,2.1465071833738563,0.005041740042793617,-0.44152224748521957,0.5786180107830218,5.785714285714286,0.5834768239529586
1.0,0.1,273,0.0011857403179200293,0.00014620178235873728,0.005235573075381694,0.0002468568974607647,0.519490921970629,0.5558067230123981,5.821428571428571,0.5779420122595054
1.0,0.1,274,0.005886685915080991,0.005754133996311723,3.44383151582943,0.004517351875184407,0.26953390916215386,0.5278283412144467,6.75,0.5501843481273501
1.0,0.1,275,0.0037871271523672837,0.002100810388379096,4.285379547452493,0.0015268278670959637,0.6526815103841462,0.6175992542861056,6.821428571428571,0.6298684426339182
1.0,0.1,276,0.0033807062970188343,0.0029412025049632717,2.883127050065781,0.001712046359637294,-0.11715011282027869,0.540562507860688,5.714285714285714,0.5675819406553573
1.0,0.1,277,0.006656188717625919,0.004815388965101216,1.8417307225728692,0.002920771261418691,0.6228986886122811,0.5475741508669445,6.0,0.5704366536689798
1.0,0.1,278,0.0014887879031675163,0.0006290039842187578,2.5639674897497997,0.0005455950962249149,2.291846758235124,0.585916743529492,6.5,0.5803173405295495
1.0,0.1,279,0.006132165910965619,0.005096728651738765,8.081210996721929,0.00425672384127226,-0.3028140337450604,0.6629856726583679,6.678571428571429,0.6898406106581099
1.0,0.1,280,0.0008588652429907096,0.0007964269757058217,-1.177403287536265,0.0008038286900140206,-1.9126238369811404,0.5823366603074257,6.178571428571429,0.601945649266863
1.0,0.1,281,0.0031973799134831756,0.004441954354323403,-2.5478545971086533,0.004913610859783235,-5.716673623147339,0.5707972626037419,5.857142857142857,0.5624536605015854
1.0,0.1,282,0.008473729849685006,0.008091130569719903,5.505866984459445,0.00782602318813524,1.7740500592287844,0.6713892023047181,6.75,0.6986449449922352
1.0,0.1,283,0.001128107424428984,0.0017861112880551118,0.6168610166154238,0.0017188821546798606,7.141178751351286,0.6470096702619569,6.642857142857143,0.6507756726284202
1.0,0.1,284,0.008678651314156625,0.011391772965095626,2.6494889839115956,0.010233800582755486,8.44854941197022,0.5720815476533564,6.0,0.5638405368594136
1.0,0.1,285,0.001366289587375923,0.0009256977351755469,1.1684036001029199,0.0007934156661331659,-1.4343286862770412,0.5353407066258437,5.928571428571429,0.5358112046085148
1.0,0.1,286,0.0004973838815006133,0.0002580449380064976,0.7239123221678199,0.00023608499882194736,-0.1506801375261849,0.5400028535531425,5.785714285714286,0.5485750597793833
1.0,0.1,287,0.0025754485909906966,0.0018308805653714211,0.5930007705669311,0.0019851590983394154,-0.38820909434406303,0.5577412758845377,5.75,0.5732734526199017
1.0,0.1,288,0.0012887253728728228,0.0006866445955097365,0.8966339248964701,0.00044227965515202254,0.8564897207262732,0.570857173202447,5.928571428571429,0.5696393722652924
1.0,0.1,289,0.005750278479291818,0.004786306980428071,1.9808515451208493,0.003279465359183791,0.8207166814718789,0.5886571047413279,6.107142857142857,0.6246414188790614
1.0,0.1,290,0.0036088237060218106,0.0032802452353872403,-0.5728575557962898,0.002302923668841306,0.3679002245039366,0.5715065481898771,5.714285714285714,0.5643097324140445
1.0,0.1,291,0.002107432299636092,0.0012301318672630257,4.040491843334735,0.0012679568877720464,1.1853753944387695,0.6287437313155787,5.535714285714286,0.645045848106421
1.0,0.1,292,0.0004197455365748835,0.0007329314435593451,-2.5175050991002195,0.0014747896771505036,-3.088016886901594,0.5621542123235403,5.571428571428571,0.5734977958284787
1.0,0.1,293,0.0047693016051438,0.004756886849494243,3.1660763589524734,0.004886743924981573,0.07200476025636249,0.6142990319767122,7.142857142857143,0.627364456993855
1.0,0.1,294,0.0012941510369811526,0.0011172766361789777,0.796526387680295,0.0016570111875934784,1.4375981373493876,0.5971381138723816,5.535714285714286,0.6118313452252568
1.0,0.1,295,0.020373790984404852,0.022350979414307533,8.181392268865949,0.020204081195442,6.175240956281745,0.6923383880966874,5.857142857142857,0.7088951584308489
1.0,0.1,296,0.0013161435079114304,0.0009680898485905062,-0.5360898717565874,0.0003961983077969637,0.19006176453698723,0.5870042992489458,6.571428571428571,0.5889658195006502
1.0,0.1,297,0.001892258230497267,0.0025518608704167833,0.21387210068521512,0.002516391777754044,2.329143109720784,0.5604280723413125,6.25,0.5629980830494439
1.0,0.1,298,0.007075572627813094,0.00637486298521641,3.730143675686371,0.0052106430617732844,1.9737445470276498,0.5920666226323741,6.178571428571429,0.5960638619940039
1.0,0.1,299,0.0025384671867288047,0.002720177001819497,4.350092777938599,0.0024465668962384583,1.445956977794329,0.5679154837212091,6.892857142857143,0.5580342582158042
1.0,0.2,0,0.0038966756486944086,0.004943556991953963,1.9681070593574006,0.003479530515801311,1.982025422479893,0.5591815520915021,6.178571428571429,0.5794125747496579
1.0,0.2,1,0.03170341538536294,0.03723453811248193,11.291800613874202,0.03142813865380992,15.186024708964291,0.6662046442789721,7.214285714285714,0.7123518483251616
1.0,0.2,2,0.0007976340729843907,0.0005002171513030101,-1.9584764475167233,0.0004962980505640284,-4.6819494116415115,0.5936897317815489,5.821428571428571,0.6026753480836411
1.0,0.2,3,0.002409699183911933,0.002088624928943262,1.650473765794949,0.001970822806742055,0.3867869480696413,0.6098854577511197,7.5,0.609062259620826
1.0,0.2,4,0.014768104584756893,0.017716327313062562,5.323111996904835,0.016462045512709706,6.5173131154268065,0.5897187319325052,6.357142857142857,0.613641892686406
1.0,0.2,5,0.01708084238356291,0.020924124032528142,3.3353719070663317,0.0189866742651141,8.027622142070621,0.6473464586186494,5.607142857142857,0.6738933531188003
1.0,0.2,6,0.001606190135479326,0.0010763709341067335,0.19467054017800933,0.0008473520578566416,0.36785909869918026,0.5560085759589122,5.535714285714286,0.55067100511536
1.0,0.2,7,0.008763585710737758,0.009469977795254941,7.0949198532343445,0.009143361773114,6.884691831627066,0.6530474617534878,7.214285714285714,0.6642138147286899
1.0,0.2,8,0.007451420660112682,0.0099687219010311,6.649743097451584,0.008135244841801373,7.230056567745502,0.6477896646203894,7.0,0.6561622633067374
1.0,0.2,9,0.001529398410653464,0.001331596048249858,-0.21182218954503185,0.0007983951489481685,1.1477062938577849,0.5337662169765861,5.392857142857143,0.5276975222683694
1.0,0.2,10,0.006575466605855702,0.007040746442710601,6.082300011188082,0.00593306341939538,5.178855168143419,0.6048238384061095,6.357142857142857,0.6118523774010609
1.0,0.2,11,0.0041343866479201016,0.005012223498629532,0.734004228469523,0.005408713689329965,0.3536481236405393,0.6251469757663549,6.357142857142857,0.6226093244526991
1.0,0.2,12,0.010350503184006042,0.011476693471313875,2.1270270397924307,0.011335197185685169,1.2340460539501805,0.6483408518364232,5.857142857142857,0.6792859285625905
1.0,0.2,13,0.0032729982832110254,0.0035736477097600356,1.7999687634812318,0.0028275663685871652,0.8891341211363889,0.5571252953596771,6.678571428571429,0.57426884484838
1.0,0.2,14,0.004123800446891925,0.004604976781778507,0.10969456722353499,0.0032624851628911913,3.314341883732775,0.6030739558642129,6.071428571428571,0.6350152805898701
1.0,0.2,15,0.002758200149949646,0.0030670908425403736,0.6778151790465401,0.003188821255989648,-0.43135377417322235,0.6442484913868035,6.5,0.6511125596031719
1.0,0.2,16,0.013993190085893233,0.013515129037073428,3.231310724234852,0.012101657111581956,3.541500423321897,0.5849316628083098,5.964285714285714,0.6039345326806694
1.0,0.2,17,0.016999523140600235,0.017010835470394548,6.560257427796174,0.014246924114397848,-0.17364410965685315,0.7151438997067148,7.071428571428571,0.7375538365487424
1.0,0.2,18,0.0022748483249691413,0.0027482569410565167,0.29985739065129025,0.0018941999471887804,0.048202192156120795,0.6122213884944087,7.142857142857143,0.6115835256425399
1.0,0.2,19,0.0006080531069027282,0.0006215447931344491,0.4729847448422788,0.000636569644860654,-3.6203633164091777,0.578321027255899,6.607142857142857,0.5722686356431076
1.0,0.2,20,0.00574518907169388,0.005958438761837681,5.426218822158674,0.004268134261598424,1.9875002180958934,0.6673925163070543,7.392857142857143,0.6685169717462893
1.0,0.2,21,0.0020017358321442872,0.001653481647942153,-0.13525257476181451,0.001211487091840479,-0.4235141684587423,0.5871876613792645,6.285714285714286,0.6081135887967524
1.0,0.2,22,0.02634555821425187,0.032200473527497095,8.292806830139813,0.02986437747338623,12.518583358864655,0.7614820705057302,7.678571428571429,0.7949181254159506
1.0,0.2,23,0.0022424721737507726,0.0028187697886688404,0.5399484873991227,0.0026370458472314787,1.8253168441020289,0.6641099789155349,7.607142857142857,0.6972476380431545
1.0,0.2,24,0.00402918237958693,0.005706458033344645,0.4485165203173196,0.004701329425879207,-0.23483765288038208,0.5756569791788625,6.107142857142857,0.5867077423417244
1.0,0.2,25,0.0018644683276846498,0.0016087614365143858,-2.511252359309438,0.0014655980591242557,-3.0170832337020763,0.6525067918573267,7.035714285714286,0.6623484588859261
1.0,0.2,26,0.0037499762045174723,0.0021831742973234133,0.7059199172603741,0.0016440464142626133,-2.574968857128558,0.5944952301872447,6.035714285714286,0.5975727471000405
1.0,0.2,27,0.0027179768300425447,0.0022452902274083418,1.4210692599235344,0.0016852768550121285,-1.070825628962088,0.5807140092861083,6.214285714285714,0.5865547133973517
1.0,0.2,28,0.011409407300132906,0.011098925963052585,4.360094163564035,0.009363238625072587,4.967216245051408,0.6158643088546222,6.428571428571429,0.652454042269272
1.0,0.2,29,0.011035024361018407,0.01060192904628565,2.2751327187921433,0.010518337129586079,3.6016777144917,0.5371268941423636,6.25,0.5689211299995618
1.0,0.2,30,0.004562219465942848,0.003628695606922518,-2.8237803110124915,0.0038323662782000817,-2.0110699766137636,0.5696636629943292,5.928571428571429,0.5882619406720543
1.0,0.2,31,0.004274895627873372,0.004631052402071839,2.385458003383995,0.004222490472988209,1.3675620889884783,0.5517939923825025,5.571428571428571,0.5665429149602899
1.0,0.2,32,0.0038025647745238158,0.005008050123095983,1.6575581760767761,0.0039649855813810725,-0.5096701266964866,0.5860936681200707,6.178571428571429,0.6046338550407625
1.0,0.2,33,0.0037219735964404183,0.0018732158466566232,2.279433841412441,0.0024683857178780383,0.7082275770280452,0.5939604885863865,5.821428571428571,0.6152929738083881
1.0,0.2,34,0.0040295174914076375,0.002621731560386194,4.444631419641794,0.0018727091754104563,-0.07681781315841363,0.6217745926455258,7.464285714285714,0.6383883648192936
1.0,0.2,35,0.007403371293670838,0.007081274676478871,6.608517699150667,0.006377690762256433,4.200706282178412,0.6615627893547816,7.0,0.6865164908628398
1.0,0.2,36,0.005968432077848931,0.006399045658952488,2.4547301915330806,0.006573902070961203,2.369088255548983,0.5827545846708881,5.964285714285714,0.5853846565429346
1.0,0.2,37,0.026565118010088578,0.031077089601770868,8.51503747510138,0.02434780333064481,11.741046586149869,0.6910248936603809,6.678571428571429,0.7241066820957609
1.0,0.2,38,0.002981823449487716,0.004335076153791047,-2.2201986451353193,0.005512346420233517,1.6359823842339647,0.5518645762352611,5.25,0.568600326453366
1.0,0.2,39,0.016215889581217665,0.01580916519635947,11.797259507001677,0.01194296569117602,7.3617888661657105,0.6250392267691023,6.107142857142857,0.6405004539344028
1.0,0.2,40,0.015232313253294175,0.015983597289332685,7.418241669127255,0.014036000459605603,4.979530206845955,0.7399593799630617,6.464285714285714,0.764719149717111
1.0,0.2,41,0.012938997317620141,0.013401300562345494,4.310869133739892,0.010216455598181108,4.081797600131655,0.7093285196108567,5.607142857142857,0.7326391974347022
1.0,0.2,42,0.003140271791672518,0.0028043869916118663,2.258786708333396,0.0024765938905501527,-0.20481585459996646,0.5704586952677775,6.142857142857143,0.5893106626930305
1.0,0.2,43,0.021439200502301768,0.024677469439337858,6.309562935673171,0.02315216585536311,8.04561767077908,0.7041506174801961,6.75,0.7294616993642987
1.0,0.2,44,0.010965770101405639,0.013364331221927234,0.29586642490235704,0.009511116906527417,-0.7209815636193374,0.5572926980851836,6.035714285714286,0.5510285420456003
1.0,0.2,45,0.0029263983442953264,0.0034495287108036853,0.12209548811739523,0.0032760744881769797,2.5909392656795283,0.5817316072539935,6.464285714285714,0.6063080504334275
1.0,0.2,46,0.007826374110966015,0.008344362027433503,5.710088190278853,0.009488266625908093,3.155979432401267,0.6750329024638339,7.142857142857143,0.7027671508655422
1.0,0.2,47,0.003579632902196954,0.00461983999108987,-0.8827575032327886,0.005101588875460029,-1.1290621287708689,0.5912509672394923,6.428571428571429,0.6070816744112465
1.0,0.2,48,0.003449721293226482,0.003330310941630545,1.7556729080206495,0.0024341749871091283,2.1916598510821927,0.5672195302681431,6.214285714285714,0.5858912493379479
1.0,0.2,49,0.007099468998746608,0.007206032878005232,4.584417025066408,0.0045188393430283065,3.2132261164550187,0.5657134000736201,5.964285714285714,0.5586343340533442
1.0,0.2,50,0.021778012214798956,0.024487948447956716,12.359631133033815,0.021671924475081338,9.16010521260865,0.7054140134562614,6.071428571428571,0.7493551804967296
1.0,0.2,51,0.0042160460680388725,0.005857586443219088,0.8856451490370247,0.007311486696849303,0.8397451141817859,0.6014631925364993,5.607142857142857,0.6132877957390089
1.0,0.2,52,0.006462392172680906,0.005750041878641914,6.695963516940374,0.0046048549630746585,4.0961290323911514,0.6521574367545403,5.642857142857143,0.6431310752001824
1.0,0.2,53,0.006312233168149184,0.006690019046594097,3.0969498317384634,0.005592128019824657,-0.7084322356128988,0.5783261056102844,6.107142857142857,0.5832140273689159
1.0,0.2,54,0.005043219087867036,0.005630651469040131,1.2072251631761475,0.0048462389247264865,4.782285833932529,0.6647445562356911,6.214285714285714,0.6542559897733132
1.0,0.2,55,0.002670266348399716,0.0018819784649855384,1.8540866419289657,0.0014300704467288135,1.0631854416100452,0.6251018162274836,6.107142857142857,0.6406081897713408
1.0,0.2,56,0.0054010867628599725,0.004557641201463884,5.35582255767558,0.0031050758910844633,0.8333865526337642,0.5834078127306556,6.464285714285714,0.5940514418554814
1.0,0.2,57,0.0017431175244180734,0.0014039892091756473,2.5633563359117204,0.0003571180390263558,1.8335819755864027,0.5346436467211113,6.428571428571429,0.5387616738697008
1.0,0.2,58,0.035506712900929216,0.04173711994890787,9.709412325513405,0.037009481832857134,15.235510951160146,0.6972029453995129,7.0,0.7388268514861488
1.0,0.2,59,0.004093227682185177,0.003199880784804855,1.9785377677767357,0.003078081446383189,-1.4995630943222125,0.5893759643725484,6.071428571428571,0.6026885548013986
1.0,0.2,60,0.017861420063717857,0.019696803419594473,6.308686465199202,0.017661964383098354,9.534781960531896,0.5729652227406905,6.75,0.5802954131535318
1.0,0.2,61,0.005330562432913741,0.0023917662605503344,9.354950346138224,0.0020469701824922196,-0.7594007050558579,0.6380065352211465,6.321428571428571,0.6318944114767966
1.0,0.2,62,0.008176265672443225,0.009501548242441475,3.058928033063367,0.007806673343561009,2.4951776848254212,0.5557925987750073,5.178571428571429,0.56321006444833
1.0,0.2,63,0.0014204975467722752,0.0010436602477307893,0.27111192913449855,0.0013633323807092793,2.645984755732665,0.4955670801990238,6.071428571428571,0.5245292880114119
1.0,0.2,64,0.009808538297680131,0.01151134171142069,2.8458223093715915,0.00995794031661718,1.8121409310862095,0.6943225986135707,6.714285714285714,0.6993943382137118
1.0,0.2,65,0.00033682271788707235,0.00021019595167058792,-2.01709295306474,0.00026555671206538443,-5.014151889517042,0.5862807705308744,5.714285714285714,0.6040659862940523
1.0,0.2,66,0.012704324235194728,0.013546696682675287,3.942197856477115,0.012189698460594308,2.6073093353079266,0.598993516575626,6.571428571428571,0.6100007211390934
1.0,0.2,67,0.0023527321364720604,0.0009778034557913723,2.6173597321210025,0.0009921859838111138,2.465101792153405,0.5349342120377101,6.678571428571429,0.5404108941822502
1.0,0.2,68,0.009372622924322917,0.007006405345669726,3.645579196424059,0.005168037803647657,0.45231532478917796,0.7212123991789997,7.107142857142857,0.7447172688914039
1.0,0.2,69,0.0021903300963196917,0.0035285895793837284,-0.46259173210658133,0.004171473589838372,3.544036774291802,0.6074324181453743,7.0,0.6187115824891214
1.0,0.2,70,0.004863250765188839,0.0049771421576991146,0.5892283245749752,0.004121202881220707,0.09284487715921348,0.7040419509792042,6.571428571428571,0.7245986599929055
1.0,0.2,71,0.005061262732181803,0.005815732214492771,1.6650390342796086,0.0060595042096615506,6.844530847280424,0.6200025542154636,5.607142857142857,0.6450639231039914
1.0,0.2,72,0.010228626000800373,0.012476394412756163,4.275128534302809,0.01149194309885186,6.674027539422373,0.651002041012718,8.25,0.6676091079701532
1.0,0.2,73,0.004677424226304129,0.005125013637839222,1.7825106203032064,0.0038659822083335145,0.5594236990724065,0.5646598451966399,6.214285714285714,0.5922057804174159
1.0,0.2,74,0.004721554405212304,0.00522348427773096,-0.23462978563890857,0.005871186724544437,1.4166342890024548,0.6738604567446659,7.0,0.6889166131612707
1.0,0.2,75,0.01566105112482548,0.015659356128976884,10.218823596260059,0.013667376021842877,7.501450747172403,0.6990321147803523,6.428571428571429,0.7337957759937689
1.0,0.2,76,0.014499606042358656,0.01527191748397639,8.033441366732987,0.01018545871895435,7.418762021590624,0.66088515221129,5.785714285714286,0.6712131337378173
1.0,0.2,77,0.006666188622765205,0.005738769757007494,5.468535010600547,0.0044115259331024784,-0.03160560738814411,0.5925281144725351,6.071428571428571,0.5886916971251415
1.0,0.2,78,0.0018571524535585535,0.00192699256691611,0.3250292639477621,0.0023329780497038047,2.2105411995485347,0.5748585294768148,6.892857142857143,0.5731726470407967
1.0,0.2,79,0.018149822887021563,0.02108611759428255,4.015827432598975,0.02113979313754165,7.945377481051234,0.7100369814204627,6.642857142857143,0.7353763575843255
1.0,0.2,80,0.018672340081182588,0.02052338097208223,4.809759157631667,0.017475019385838887,4.758146556536995,0.629022328458358,7.107142857142857,0.6585068530166394
1.0,0.2,81,0.0006141398423643662,0.00031387457300142735,2.479857001296317,0.00022091553275827277,-0.5300494808266573,0.5750034208225715,5.392857142857143,0.5879074615043414
1.0,0.2,82,0.010204956050632787,0.013254219258630044,-1.5522171734808552,0.011269432174243105,-1.556305723386032,0.6360343620385154,6.642857142857143,0.664708146298306
1.0,0.2,83,0.0075163834460696575,0.007944771146702716,0.6067984784736353,0.0070962082568319165,-3.0941257421128037,0.5919666199081787,6.571428571428571,0.62119787535193
1.0,0.2,84,0.004643596666277826,0.00393499137160775,6.469667848077414,0.00313713777084555,-0.2067999264040452,0.5997445495392657,6.75,0.595306240977306
1.0,0.2,85,0.001526113073894612,0.0016877701389365015,1.9951641778597065,0.0012594741052762957,-2.5829162135107615,0.6049184026392064,6.678571428571429,0.6162198681328845
1.0,0.2,86,0.013064911162033989,0.0136468296504881,4.545890057383872,0.011938105077793406,2.2148581334241535,0.701904077797514,7.071428571428571,0.7210375736602043
1.0,0.2,87,0.0006312346207511152,0.00013319221836286283,-0.17596919377100306,0.00023949706013434908,-1.4831717155907522,0.5687937771880558,6.071428571428571,0.5760935143443588
1.0,0.2,88,0.0017981595306317548,0.000788202332066018,1.1768894198903723,0.0006564764644016941,-0.26763903052815863,0.5460486479033918,5.964285714285714,0.5591850934117031
1.0,0.2,89,0.0041522341512013625,0.0019168346180138461,0.41850339125526403,0.0025876753424793745,3.1108394115333433,0.5959634523725227,5.714285714285714,0.6200073194184652
1.0,0.2,90,0.004827003647847549,0.006509492062761903,0.6690398373387438,0.006747362872067508,1.4891759617174405,0.5838287266530399,5.964285714285714,0.594037410346516
1.0,0.2,91,0.003493863849919625,0.0038900120879893528,-0.5362421788801157,0.0035602835435620565,-0.22961035245420666,0.5910372095934022,5.428571428571429,0.5932272742700987
1.0,0.2,92,0.0054647327603502575,0.004616704300684762,7.932602393824517,0.003857587640229963,3.013533297892034,0.6240624984484838,6.535714285714286,0.6353595705686355
1.0,0.2,93,0.020542258651933612,0.023810872556429205,7.418924676093582,0.02664605316430892,12.446403606911133,0.6737252805815576,6.071428571428571,0.7087572473058132
1.0,0.2,94,0.0012392702281155113,0.0008842245925756804,1.690273971108347,0.0005736765898844522,-0.4035997247254765,0.6199217165854654,6.25,0.6258941258475779
1.0,0.2,95,0.020911654942063512,0.018359096744520822,15.700208383447638,0.01829454956615801,13.065684172037626,0.72405291073444,7.142857142857143,0.7392095546066624
1.0,0.2,96,0.0016477331148829508,0.0012152570627144306,4.811041864621707,0.0011554014977075819,-0.08116222332517016,0.614516521565304,7.214285714285714,0.6209521278056624
1.0,0.2,97,0.007121391394699797,0.0072376628703259786,2.201312591424127,0.007062148279472464,3.7434804767763787,0.5816846084582691,5.928571428571429,0.5904649881639193
1.0,0.2,98,0.00903723717559971,0.010938944201549075,6.81317420374365,0.008321902704951678,6.036672366548895,0.7026869585944295,7.642857142857143,0.7111322738229763
1.0,0.2,99,0.00446830495363777,0.003201305092450638,4.211995032577406,0.0020816890496385063,-0.7404550971930632,0.5432725891187421,5.642857142857143,0.5268340362825954
1.0,0.2,100,0.002188136671234275,0.0009511080694387555,1.6063566015723865,0.0009490649137846412,-1.5157962309482116,0.5594144386061795,5.928571428571429,0.5620805732395455
1.0,0.2,101,0.0065019823774570005,0.006796990776122632,3.3692780173048362,0.005686601770516399,3.708968915541552,0.6096087094345978,6.5,0.6361122830718027
1.0,0.2,102,0.03410868166042226,0.03915012434839149,14.920528744378956,0.035106477730090416,16.645557925698295,0.7187869441126244,7.714285714285714,0.7600348084018322
1.0,0.2,103,0.001117143220496508,0.0011724258808658511,1.334479307302182,0.001265879853590209,-0.9626004303103836,0.6119731555132194,6.714285714285714,0.6242375729400207
1.0,0.2,104,0.020396311639518785,0.020202940253424458,8.719707510894466,0.01786618526891654,9.152098358835778,0.7669759060998305,7.678571428571429,0.7871890271226101
1.0,0.2,105,0.0007408165081701693,0.00023382141961201234,1.0073249657579808,0.00036634624246325,-2.536515235359199,0.6080146894839992,5.785714285714286,0.6249275409608036
1.0,0.2,106,0.020691339124613115,0.022472320015624325,11.985438133181745,0.01989623348362701,11.77396080786003,0.6401048660851079,6.285714285714286,0.6497300687205474
1.0,0.2,107,0.0016487606172905964,0.00203745694245933,-0.4212714175983905,0.0019396314068621553,0.21527466877271687,0.6045942463110882,6.321428571428571,0.6146474741038319
1.0,0.2,108,0.012828372613668197,0.012744633094510814,9.059313804421947,0.010605635422449014,6.188438364544235,0.6134044662958187,7.464285714285714,0.6170517203583028
1.0,0.2,109,0.005690163387692529,0.007830432519355383,1.0632279287302495,0.008647550544136455,1.4422384149928955,0.5867514111881169,6.321428571428571,0.591644107663195
1.0,0.2,110,0.00955759934639561,0.010468745333237415,5.692033852773392,0.008599336064127456,5.8482731461959645,0.6209034263194566,8.071428571428571,0.6571375185596253
1.0,0.2,111,0.0009511604105562823,0.001029272383251983,-1.7316225496645004,0.0009207588851503207,0.015261296575422042,0.6035449922227395,6.107142857142857,0.6165604465512138
1.0,0.2,112,0.028175339914377755,0.031430008406578155,8.16333330552331,0.029386637329540298,10.084957931895778,0.682275201836269,6.214285714285714,0.7218297856154915
1.0,0.2,113,0.0018685406779624563,0.002200173588720553,-1.5503822582237987,0.001704904468127559,2.3054702504165525,0.5941495789464762,6.142857142857143,0.598917106476939
1.0,0.2,114,0.011376885153493981,0.0121136927783232,5.663316618014527,0.012569210432820931,5.6299328420177135,0.6380760467724602,5.964285714285714,0.6300173677391097
1.0,0.2,115,0.004510001260225753,0.003982335231098913,5.872863605120344,0.0029677584889753112,1.4980111955648,0.6626092092647695,7.357142857142857,0.6761071228963694
1.0,0.2,116,0.0012693481046002653,0.0007969922891824251,0.9191189667193598,0.0005353069404543857,-0.7146908311928636,0.6003836237156845,6.142857142857143,0.6023273968365868
1.0,0.2,117,0.006150221849506997,0.005891298919607212,6.015059768884235,0.005834391439563818,3.321424052919326,0.5797043773023495,7.428571428571429,0.5889056198008953
1.0,0.2,118,0.00419782146316321,0.0018692789954599307,2.807533320083138,0.001808457165362823,1.3573229167511631,0.5994091484708457,6.392857142857143,0.6173296951122587
1.0,0.2,119,0.0021239918076803167,0.0013975289384155457,0.8678899038099885,0.0008479767732628348,-0.7490169027731403,0.6151483146170754,6.428571428571429,0.6236031073324789
1.0,0.2,120,0.006781974911948369,0.008094000347906301,1.96414525989492,0.005585975924098461,8.650131397236938,0.6975100265278871,7.321428571428571,0.7023911064252688
1.0,0.2,121,0.003269323132934207,0.0034296902350479845,-0.9510525368791818,0.0033334154651975985,-3.8107465085685894,0.5699033987677886,5.964285714285714,0.566373088438876
1.0,0.2,122,0.002429516052652014,0.0021493638618622184,2.899167838351403,0.0021826261959194174,0.9671457624652456,0.5775542414254298,6.678571428571429,0.5817444707217001
1.0,0.2,123,0.012907319129419866,0.00979246785897092,3.047184636750572,0.009281506737014531,0.9249194282870784,0.7190216217572123,6.714285714285714,0.7513548767221043
1.0,0.2,124,0.006041312633031134,0.007878371363134901,0.31499160083681943,0.007407244821588702,2.121729611814942,0.554228744705682,6.75,0.5711517577047481
1.0,0.2,125,0.005314117529379076,0.007012840827522707,2.238611600593295,0.007231579790817706,2.1437358153064943,0.6857456224698121,7.035714285714286,0.6950427699755743
1.0,0.2,126,0.004556035047000908,0.004613661593391837,6.507940538307842,0.0050021527108152185,3.7393678486372153,0.6763205026810001,6.285714285714286,0.6863573765687008
1.0,0.2,127,0.012176727085037925,0.01466923656243924,2.5374295884744384,0.011382409960071492,1.2635148376530008,0.663699114918691,6.607142857142857,0.6849931115600869
1.0,0.2,128,0.0012741293391448885,0.0005498071738822717,1.8090272892476023,0.0005507638411130007,-1.7969746305738852,0.5824428737176666,5.785714285714286,0.6055244686105363
1.0,0.2,129,0.0037900554816979962,0.002848968547674126,1.8585256812949424,0.0031717270738315134,-0.26209531381412415,0.578602083544511,6.142857142857143,0.5876776263933307
1.0,0.2,130,0.016915956514949957,0.016334381563123772,4.593801167147824,0.017168771220452423,3.5209365820789364,0.664651358157002,6.464285714285714,0.683591590129102
1.0,0.2,131,0.0020500101418620634,0.0015230953820620586,0.15083485325472168,0.0011696775738357244,-0.8072741353868574,0.6169608467289857,6.357142857142857,0.6182336461593716
1.0,0.2,132,0.007415522812613983,0.008643586959964894,2.0238469140126583,0.0067037647226951035,1.340616205691532,0.6463472937801458,6.357142857142857,0.6538183877453206
1.0,0.2,133,0.0170009122484763,0.017939466092093632,7.162053752352868,0.016317149588489035,1.3813878648107807,0.6683363149457805,6.464285714285714,0.6935690692554597
1.0,0.2,134,0.016345359060583816,0.0157843554991714,8.171408087409787,0.013570218861785454,7.97270061704602,0.7254375218289534,7.821428571428571,0.7389788645291555
1.0,0.2,135,0.002502990722824841,0.001600177090193603,2.855915230064319,0.001139942945255299,-0.13200102394425053,0.5892479619013627,5.857142857142857,0.5971201580122926
1.0,0.2,136,0.001783591372569155,0.0023445808692226216,0.4912979942432756,0.0011524380681707989,0.49935654745774133,0.6189879302264435,6.464285714285714,0.6256440028845363
1.0,0.2,137,0.002817598123283077,0.0029993071544125883,4.394627729983739,0.002590392544479769,-0.43464066582691885,0.5215815239286062,5.357142857142857,0.521472269807953
1.0,0.2,138,0.0026219028302203076,0.0012664203630392628,6.810987102020441,0.002122632671717597,2.4780252209930325,0.6289980773900063,7.142857142857143,0.6233249716436531
1.0,0.2,139,0.017729093643593204,0.020987419432777942,5.4268263879810235,0.01750049504530199,10.079119143176959,0.6438363160271906,7.321428571428571,0.6595935254916132
1.0,0.2,140,0.0010196131394298192,0.0013414778614657071,-0.15777838998972982,0.0008362976402933787,0.23008744652560154,0.5918878079970892,7.142857142857143,0.6052407203181244
1.0,0.2,141,0.013265289063117499,0.01589069487793542,3.777539936076842,0.013941875034577637,7.527235978732534,0.5435398858273416,5.392857142857143,0.5557437526806028
1.0,0.2,142,0.0022828487869498183,0.0017203936619475063,4.002423490366205,0.0015430783606068085,1.6383823698449096,0.617503609068948,5.892857142857143,0.6279081553347992
1.0,0.2,143,0.016892496570635403,0.023230822115697984,2.0062762489890247,0.01786045961990704,2.955951144089435,0.5915299737147446,5.75,0.585373008881729
1.0,0.2,144,0.0023917306364968733,0.0021099011868093817,3.5547074448700684,0.0016982574796958476,0.38915217007619657,0.6504258794048614,6.535714285714286,0.6709500555177523
1.0,0.2,145,0.01155584116924879,0.012275170207862835,4.272158399327722,0.00983990724744936,2.7844630505625125,0.6137635700378489,7.0,0.6286005273202004
1.0,0.2,146,0.01867165088297123,0.02133396983380308,7.655502550568549,0.018355397796899858,6.699387467897215,0.5508278761868114,6.392857142857143,0.5442006186728676
1.0,0.2,147,0.010576130449163895,0.008800131322232776,8.836838851957843,0.007133146127205095,6.593705911783142,0.6684175094825211,7.857142857142857,0.6984003843406328
1.0,0.2,148,0.005238255589052833,0.00519127688132968,4.766948010188244,0.004969626428623892,1.9287092358834645,0.5870534762282528,6.571428571428571,0.5971971251138004
1.0,0.2,149,0.03686494512180144,0.045903761844787054,5.899227449723352,0.043014398955736215,11.489189309087351,0.6843579752720615,6.428571428571429,0.7276589673027669
1.0,0.2,150,0.006035987650812858,0.006608142840814372,-0.9377297517365193,0.006346230367747038,-2.411100299137653,0.5903043167419293,6.107142857142857,0.6062044989031057
1.0,0.2,151,0.005925362802293654,0.0057618900358693236,2.14062133084456,0.005072918040321783,1.7023571152776829,0.5697244826485357,6.464285714285714,0.5764929144576199
1.0,0.2,152,0.0019963768987552553,0.001486779124270349,1.845785560738591,0.0013595074897885164,-0.1873208616247458,0.5665616619743111,5.607142857142857,0.5888723364581236
1.0,0.2,153,0.002552380838257398,0.0014487713919171773,0.07099239237403054,0.0014120809699171503,-2.82035705430053,0.5988185883415761,5.428571428571429,0.6221632934608979
1.0,0.2,154,0.005970306771484698,0.0046019304240273425,3.7425653622650685,0.0035630615861862672,-3.2466171675511837,0.6503335802511117,6.0,0.642808823240158
1.0,0.2,155,0.011153696503575682,0.009753670485149616,9.100692144725272,0.0070950065843237665,4.856575717274637,0.7487954323304452,7.142857142857143,0.7706340292225838
1.0,0.2,156,0.020108980178639997,0.019941116108706535,10.365935419646924,0.015733604278616788,3.3372845931576003,0.5767750099242488,6.428571428571429,0.580115960715215
1.0,0.2,157,0.008960095633169714,0.008723043190602199,3.5412702399584433,0.0060478150321937865,5.295630522203045,0.5651971732731523,5.678571428571429,0.6113326684141545
1.0,0.2,158,0.05950328353102709,0.0658481708100041,19.775268131576365,0.055673170726121775,21.708821197509916,0.6829584681453823,6.785714285714286,0.7425167259484509
1.0,0.2,159,0.028257024760616194,0.03008830992154977,10.263379382644324,0.02575892554998523,8.944442955355129,0.6870382944622797,4.785714285714286,0.7225224895290618
1.0,0.2,160,0.0106865029727271,0.013201831478182007,4.648511113281302,0.01170976130202532,5.303633012013961,0.7051347164335106,6.964285714285714,0.7089810272423456
1.0,0.2,161,0.01340341069681363,0.015980630165005956,4.341275927822743,0.014734320190922133,2.8631346954972323,0.7059820427909562,7.142857142857143,0.7390373241206301
1.0,0.2,162,0.024065446437210758,0.027943374737409776,8.595398440702148,0.029553653693449394,14.32557041625885,0.6887050053382365,6.678571428571429,0.740687379282817
1.0,0.2,163,0.007517743002809476,0.008830167327337284,3.9413738897803725,0.007229835714139971,3.4169111447412868,0.7059759202753525,5.75,0.7179049060094845
1.0,0.2,164,0.0030167287465334143,0.0004636115705614831,1.4276101669409016,0.0006040014868021135,2.735613992173436,0.5321553509144091,5.107142857142857,0.5611000775449582
1.0,0.2,165,0.005514051282274769,0.003770018496933811,4.941146287940562,0.0032895911962603796,0.10687944081163891,0.6469899270972407,6.142857142857143,0.6423097038581635
1.0,0.2,166,0.010693682213375003,0.012382521067968928,9.300968878035206,0.014921633965674178,17.071553707042266,0.6675151549501079,7.5,0.6652542888375861
1.0,0.2,167,0.002606929765585984,0.002184037980674602,4.055835692304477,0.002234781353903263,-1.4751783376038645,0.6419817341477195,6.892857142857143,0.6584790615763014
1.0,0.2,168,0.00607029473172647,0.00532308516590711,5.656735241372502,0.004354172579146437,2.3729905820976094,0.5142951738730552,5.785714285714286,0.5476609899523281
1.0,0.2,169,0.009045288627058175,0.011790433744696403,1.6315492903807396,0.010278015886586734,5.525682787213801,0.6381165330854406,7.392857142857143,0.666253271925348
1.0,0.2,170,0.00812150709593122,0.009313030233030794,6.386249137213873,0.008131855963977207,4.27413730208023,0.5730738416364147,7.035714285714286,0.5812264716677857
1.0,0.2,171,0.006490454330921051,0.006017825049979864,5.3344519402443,0.005679784839837401,4.342696466054643,0.7123597718566257,6.357142857142857,0.7234288244239346
1.0,0.2,172,0.004691440646646061,0.0027180787603334265,5.825932744319871,0.0027380649281032016,0.3024120345251807,0.6480469580115839,6.678571428571429,0.6555294975737584
1.0,0.2,173,0.0007402362020527433,0.0006605434338165217,-0.341728407649569,0.000480084908956594,0.23458170808986742,0.5781823624335785,6.392857142857143,0.5723369424369313
1.0,0.2,174,0.0048028602002852284,0.0036043262167184923,2.6109100460954906,0.0034975444658203792,2.1186385188562817,0.6188327441932268,6.571428571428571,0.6077050656880565
1.0,0.2,175,0.0023840659416051783,0.0011558989673426945,1.4167460104600735,0.0006897861121583831,1.647484084497819,0.5778119123109684,5.178571428571429,0.5657632559248511
1.0,0.2,176,0.006703017413567596,0.007623018953821025,-0.18192940122727919,0.007012735983647712,2.860238410103667,0.5886160558719693,6.178571428571429,0.593356404386298
1.0,0.2,177,0.0010755379703328008,0.0010352743775487194,2.152686073750914,0.0010283311240987937,-0.9327832162276763,0.584407317014826,6.5,0.5877021186688368
1.0,0.2,178,0.01029641646975922,0.011994659368660248,6.362491781874439,0.01145004831163225,9.575515047710619,0.7090447482811213,6.392857142857143,0.7203318943727518
1.0,0.2,179,0.0012152888470247673,0.0019512599946694747,-2.3485841583932086,0.0016593547233542134,-2.141653510457502,0.5265615633164854,6.035714285714286,0.5207245261688924
1.0,0.2,180,0.002012230866803491,0.0021759472901300056,0.47572457580510985,0.0025181306710257974,2.5836905608972054,0.584195983618376,6.321428571428571,0.5766698321717365
1.0,0.2,181,0.0010607720626091375,0.00035880644128837686,-0.38636145768756336,0.0004019644325911928,1.1961640311500996,0.5681230397880808,6.571428571428571,0.5723414486132874
1.0,0.2,182,0.015295465542705484,0.014747879465973729,5.15030419088248,0.012990481095875035,5.621627742192108,0.7202826796153327,7.142857142857143,0.7433942434431904
1.0,0.2,183,0.009513847547685935,0.009241353927042619,5.689166761801239,0.00790796423342279,-0.3242176765297984,0.5917659307075988,6.214285714285714,0.5961641445347818
1.0,0.2,184,0.007306132165014452,0.008303511938929732,1.3635181558928693,0.007420606586760394,3.7462548792550194,0.5635383372525342,5.785714285714286,0.5626061462907723
1.0,0.2,185,0.0035513447603640587,0.0033449172657716063,2.5723490898929526,0.00319981904034412,1.3786222606608192,0.6216466226063017,6.857142857142857,0.6192588817477784
1.0,0.2,186,0.0009536497605166981,0.0005597146617829438,-2.90392247358799,0.0011382259555717316,0.5908475915643407,0.5756496689174029,5.428571428571429,0.5721160995617739
1.0,0.2,187,0.024939706121183403,0.0240399124659782,14.154928826075079,0.019374784335250073,9.143508608415743,0.6980920696262907,6.5,0.7183322484395239
1.0,0.2,188,0.02813590372449558,0.030897498292063418,8.445050521372998,0.030487656538748457,12.198553388880319,0.6853726222218745,6.75,0.7214892574893091
1.0,0.2,189,0.0009707883564869847,0.0006004092005424789,0.5471573628937278,0.0006699562986642665,1.0118117965232802,0.5908169536036789,6.535714285714286,0.5861715978812341
1.0,0.2,190,0.00961324509305556,0.009465343550798103,6.8907018315914215,0.007930669507336825,4.904866682097283,0.689243355250053,7.714285714285714,0.6779968503134868
1.0,0.2,191,0.00433230858477864,0.003390955619063797,6.4362684320657735,0.003199087471339793,0.44487884229528163,0.6596144289517474,7.214285714285714,0.6722785326346823
1.0,0.2,192,0.0012666339826585464,0.0022862059567068287,-2.3236554613107785,0.0031694604123114656,-0.09197563163286304,0.5680366082405641,5.785714285714286,0.5634996466297741
1.0,0.2,193,0.00940734014598007,0.009763468832296703,4.082560577174853,0.00992721226687008,4.013751306794148,0.6336504017898962,6.607142857142857,0.6686250395113965
1.0,0.2,194,0.0017597724958010625,0.0008368855471896698,1.9591439414035605,0.0008526759589264903,0.07533018871655865,0.5856242775582973,6.607142857142857,0.6147609231286498
1.0,0.2,195,0.0027432125913585213,0.00308410057307996,-0.7395798427981859,0.003907598936663867,3.185592592707612,0.601370456875258,7.107142857142857,0.6091088603240783
1.0,0.2,196,0.0018715740161596782,0.001747614073966958,2.094894421846874,0.0014419517403007505,0.840839466210563,0.5627975020771612,5.75,0.5742004274118333
1.0,0.2,197,0.006885609732116349,0.005969343169835708,2.9505084696409227,0.005021131165129328,0.27680423857704756,0.6023713894450353,5.678571428571429,0.6155926848282036
1.0,0.2,198,0.0029318047703439727,0.002811487035785462,1.2053313819208427,0.0025345173642119657,-0.649551686180511,0.5531919447124503,6.714285714285714,0.5601871845541391
1.0,0.2,199,0.007582553710507804,0.006416690084259944,6.407644187905355,0.006192882883324807,4.488019955481245,0.5951817329857725,5.928571428571429,0.5973842219584354
1.0,0.2,200,0.003501376181895633,0.00405872645370784,0.3671380652126075,0.00440419648554183,2.202100896766391,0.5188784252147597,5.714285714285714,0.5074288315453026
1.0,0.2,201,0.009589315207792968,0.008242659765315215,10.645916597932988,0.006447206469171849,2.8369002011253692,0.6010734893319347,6.464285714285714,0.5978972119145254
1.0,0.2,202,0.031637530266208296,0.03220701721485766,13.853080248522858,0.026129457751860652,9.224836100369288,0.6652351687825264,7.035714285714286,0.6950537738973006
1.0,0.2,203,0.028798574828437333,0.03172825536930522,10.176065754496037,0.02823772763681892,11.813086104721512,0.5939729498324855,6.357142857142857,0.6288595620516604
1.0,0.2,204,0.0034526973745924476,0.0003439640099863661,6.42421624354899,0.00033332129116666893,-1.9480572764949027,0.4948593338499428,5.392857142857143,0.5108996434744448
1.0,0.2,205,0.0021282866570318665,0.002575483546103545,2.000805044742499,0.0024700695108015903,0.7374058328316266,0.6342085461133738,6.857142857142857,0.6546476247791038
1.0,0.2,206,0.003904968438619115,0.0025837531342719567,1.5337989823419065,0.0017847378085445716,1.3218823773417796,0.5432653593286326,5.928571428571429,0.5551162575646115
1.0,0.2,207,0.002367324145669993,0.0023828684364705036,0.3106750032073222,0.00266337720221054,1.4310525415705417,0.5707094771398614,5.857142857142857,0.5754751623406611
1.0,0.2,208,0.0006113998036166581,0.000498670911483958,-2.747373789833368,0.000633511446507326,-4.752025470722032,0.5979087241506832,7.142857142857143,0.607799122061057
1.0,0.2,209,0.006202069918644861,0.0067871285405247395,2.995001256345404,0.006661211941275565,2.5374525811777366,0.6797269169449253,6.25,0.6871845113907462
1.0,0.2,210,0.011205340020483333,0.01420604716410497,0.6842030926524814,0.012657022454031582,-1.039124275303114,0.6564737615832063,7.392857142857143,0.6647319847759032
1.0,0.2,211,0.015664677742072232,0.01545743369701638,9.913805558059863,0.013701335561220373,5.196187879433476,0.6863879320650167,7.25,0.6934025016651605
1.0,0.2,212,0.026356893222593925,0.027799286573369504,6.721433151436045,0.025425860637536372,10.36605678601913,0.7451540374769696,7.892857142857143,0.7733127197223033
1.0,0.2,213,0.00045156591226592065,0.0002657012026163022,0.34951908509433594,0.0003488945786524637,-2.42922770043315,0.5975983113610074,6.035714285714286,0.6070718674426148
1.0,0.2,214,0.0014829376380921613,0.0008037960685177347,0.9080653094829145,0.001041157462247047,0.13076924986003746,0.5623030736731047,5.464285714285714,0.5588236336940103
1.0,0.2,215,0.002142217408133233,0.002084435427746496,1.7463359854774154,0.0015860841538974948,-1.2658933424148984,0.5843900740889534,6.107142857142857,0.5910205755683737
1.0,0.2,216,0.03166512887667077,0.03480421841530386,8.834667361279308,0.031209925430892193,9.300904239085213,0.710993402850754,7.571428571428571,0.749610956297075
1.0,0.2,217,0.016080956237933566,0.017110436549866267,10.016462000734016,0.01652562544309801,9.078875312749451,0.7210471791467814,7.178571428571429,0.7550102306548228
1.0,0.2,218,0.001745219953186623,0.0006092642411710211,0.6406988921629875,0.00038771836389525925,-1.8802455712606065,0.578453518859377,6.142857142857143,0.5684055248518367
1.0,0.2,219,0.022471265840588846,0.026022445770151073,10.354868381479037,0.023286125868883477,11.848185050947725,0.5796546922476169,6.75,0.6120852300408812
1.0,0.2,220,0.0009080015167002054,0.0008007259914467973,0.5877877651756052,0.000777519197313959,-0.38411962634350516,0.5757796596980029,6.571428571428571,0.5946547665657065
1.0,0.2,221,0.010965704880687115,0.011291586061611092,1.8353419506109887,0.009165351251946662,-0.927477724298484,0.7003442082765348,6.178571428571429,0.7194022742138971
1.0,0.2,222,0.0029319481502799675,0.0018592320165444658,3.9621931284943486,0.0015996697885114319,0.005430415348295507,0.5490422515352825,5.821428571428571,0.5552612900576385
1.0,0.2,223,0.004419820046419939,0.004650036784929001,2.0415735773987223,0.0038154141716604966,0.6835311376790969,0.6036360105661673,6.214285714285714,0.6128330541473768
1.0,0.2,224,0.0038800994827749864,0.004913584774468305,-0.993413816483212,0.00524816504933344,1.3396930027612086,0.5586828717497313,5.535714285714286,0.5601997877661347
1.0,0.2,225,0.0036833999100322843,0.005484229178776316,0.21453823941718042,0.004339510906687408,0.7058396225087998,0.5842531698057228,5.892857142857143,0.58434447412849
1.0,0.2,226,0.011243764057580178,0.014180642257154825,5.583597593147914,0.012420219058014619,7.632516836467867,0.5729969431732683,6.035714285714286,0.5895692950873159
1.0,0.2,227,0.0012416394075868053,0.0016707612627332418,-0.1347979611511434,0.001608000539017359,-0.9129372578350589,0.6038720932276778,6.5,0.60603343519488
1.0,0.2,228,0.05529567599597752,0.06554870303053006,16.420599013107253,0.0657655957400122,26.7551020608005,0.6747658148837228,7.178571428571429,0.7510607682474455
1.0,0.2,229,0.0007391657116806075,0.0008857033473487986,0.6919857855443681,0.0010209607123396244,-0.4274811463558403,0.5542984554315611,5.928571428571429,0.5555124088051874
1.0,0.2,230,0.036422889122352725,0.03685988608787155,16.428214438552487,0.03349936631327287,11.617870422596496,0.6753059436182696,5.571428571428571,0.7146263307823832
1.0,0.2,231,0.008263938865343844,0.00862473706800976,4.158155227981219,0.007968467394581579,-0.7654990733122133,0.6045368261972887,6.642857142857143,0.6286304008554171
1.0,0.2,232,0.0009111762835968356,0.0007396837723274935,0.13516179979870913,0.0006050301992114547,-0.6859344911158303,0.6079921047409418,5.964285714285714,0.6121949675052631
1.0,0.2,233,0.02696488823956683,0.0333256671826244,6.028673462275911,0.031190340010334678,13.870819685346097,0.7045102355742402,7.214285714285714,0.7311415978864142
1.0,0.2,234,0.0009795950738934883,0.0010972833420790095,0.6617705234723132,0.0008737340880382643,1.0705255589714209,0.5776440581921224,5.964285714285714,0.5804893396717062
1.0,0.2,235,0.0018873189941387657,0.0013371883384193214,1.1217211314846551,0.001217555616813809,-1.910373020014011,0.5534548649378067,5.964285714285714,0.5504539341512148
1.0,0.2,236,0.009714986968843743,0.010926053424701793,6.983131238352634,0.011036214774430937,5.214921357976427,0.6375433677358816,6.321428571428571,0.6534990326129536
1.0,0.2,237,0.0035359737959891934,0.004205333250021868,3.012876738128817,0.003362243780747339,0.6230552880781582,0.6358582888968718,6.5,0.646103552304821
1.0,0.2,238,0.0036282714174812433,0.001977551209838611,4.3329267857789375,0.0019493576736261062,2.4688719688069036,0.569917039043057,6.392857142857143,0.5976742467107717
1.0,0.2,239,0.015308608400926318,0.016997996688777658,7.891822224464036,0.015692899752725815,4.700713853673648,0.6828943222606766,8.0,0.6950132283685266
1.0,0.2,240,0.003705597731622183,0.0031736236459639984,2.517867525082387,0.002719128626317882,0.3019859259989441,0.5526984505199442,6.071428571428571,0.5675227870322563
1.0,0.2,241,0.025551506897441574,0.024837519431904542,18.001941161732326,0.023821191425673453,16.768579492048275,0.7005916571766146,6.714285714285714,0.7345556098649273
1.0,0.2,242,0.0006798089862487957,0.0004229348815280045,1.1947270644711097,0.00019801764556286115,-0.6610563070924703,0.5702173495687981,5.785714285714286,0.5643267009843849
1.0,0.2,243,0.0012924703470497119,0.000767029951708358,3.756056085847632,0.0007254450044842967,-0.4637326207015917,0.617647161440513,6.75,0.6204686090476146
1.0,0.2,244,0.0014490018845669257,0.0014996368478463122,1.487707150565413,0.001037436879455301,0.21059062318308483,0.5957987108350435,6.285714285714286,0.5992161536404164
1.0,0.2,245,0.0025306082525210724,0.0026084017383094095,-2.8599233956648717,0.0038813823703470448,3.551530333449127,0.5711996383848738,6.25,0.5779530664733785
1.0,0.2,246,0.00689553831575621,0.006089597516592341,2.9264219251178645,0.004006197235380847,3.5496748779623792,0.5576901016533127,5.75,0.5807377426433264
1.0,0.2,247,0.012715643145634722,0.012801038827916916,6.498077613693212,0.012243583712159485,1.7889982307329528,0.73092265400219,7.321428571428571,0.7665164502267852
1.0,0.2,248,0.007153856762542414,0.006055864414765009,1.77293450670318,0.004647536981167392,-0.18993560279112862,0.7109438830288722,7.714285714285714,0.6981364813293598
1.0,0.2,249,0.0036381713678064437,0.0033980876812651074,-3.0923066972556086,0.002705533093684776,-5.247274331157532,0.5941033219930097,5.964285714285714,0.6063452364467933
1.0,0.2,250,0.006567372671949188,0.004928712072253234,5.315075774790401,0.004124902124341738,1.196886900016987,0.557202728345581,5.107142857142857,0.5846702465387926
1.0,0.2,251,0.0006935292582791032,0.0005456182273431794,0.4704864024127531,0.00029650674618261893,1.002156731456239,0.5859109968206145,6.571428571428571,0.5841291633894836
1.0,0.2,252,0.004137042733389439,0.003654503395908861,5.606652008949915,0.0027273740539994784,0.46353808900217547,0.5893355331355569,6.714285714285714,0.5852592782208887
1.0,0.2,253,0.00348755451023405,0.0030568834100739763,4.529710266410753,0.0025882707175843593,4.001342657289864,0.6825546761637237,6.928571428571429,0.6850103315911613
1.0,0.2,254,0.005233538237837039,0.0059884065175575055,2.395290793963575,0.004545970341651619,-0.5020134089455155,0.5834874157648998,5.928571428571429,0.5893496994573996
1.0,0.2,255,0.003135363655606276,0.0032556913473535064,1.1478472417646728,0.0036509075265476515,2.121064269074035,0.6291044828022442,6.892857142857143,0.6313644630087958
1.0,0.2,256,0.0061824223908180055,0.006041455625019501,7.00352389766541,0.005483903544404395,1.200198740915302,0.7203259346907877,7.142857142857143,0.7192594646337602
1.0,0.2,257,0.013415322214449061,0.013351075896302172,7.370815880156705,0.011462832710211,4.029093474187808,0.6172299881838932,5.964285714285714,0.6242682310327281
1.0,0.2,258,0.0023022340033194803,0.0025909534794143654,-0.43519612253356854,0.0026133454405913082,0.6531360533726817,0.5649841737893716,5.678571428571429,0.564242974618343
1.0,0.2,259,0.0197155462087013,0.025858497110637296,3.618269796284835,0.02443944466264643,9.777125202518022,0.6474692566667235,6.321428571428571,0.692112719326001
1.0,0.2,260,0.01872534221511643,0.024606180888246138,5.7957868462004924,0.02019555434903034,8.071554306273564,0.697787584330258,6.75,0.720413186598887
1.0,0.2,261,0.0011354420917194853,0.0008566909795455004,0.04976066829222958,0.0004768604918704018,-0.2166654354007278,0.619887898727698,6.678571428571429,0.6265581431205969
1.0,0.2,262,0.021632789377559095,0.024372006127379393,10.657670179155865,0.019974036982769307,9.075185621153773,0.7025641095529194,6.785714285714286,0.7215714851493753
1.0,0.2,263,0.010578117912649735,0.009741578226671816,4.25039059830177,0.008097518271569154,4.9469535893613,0.5597568355453048,7.142857142857143,0.5749868155365174
1.0,0.2,264,0.001766752644635069,0.0022298917653938576,0.15348981408894247,0.001997002531895731,-1.108996792490558,0.6046864001815327,6.142857142857143,0.6033659095517566
1.0,0.2,265,0.05893711632772503,0.06499016145779457,15.017047085255061,0.05576470900790965,13.720587530075818,0.6721417324133441,7.107142857142857,0.7242443417600626
1.0,0.2,266,0.0016779943751830959,0.001561093253687468,0.24743580128853893,0.0015523051850286642,-1.6643261522488995,0.6087090621167734,6.142857142857143,0.6262563198306145
1.0,0.2,267,0.015899236039142166,0.015856642675918443,7.004747360441193,0.013984775175962942,5.630846144858954,0.6922542195425615,5.928571428571429,0.7030311645195382
1.0,0.2,268,0.011435401310294524,0.013083576937301748,6.0809585699726085,0.013255154013712342,8.143991621155342,0.6196334039898065,6.571428571428571,0.6362794541678639
1.0,0.2,269,0.002990730005050642,0.0024291327050104264,0.30231967812395766,0.002480903537610062,3.5845057703697214,0.5846151960424836,5.535714285714286,0.6126294916538698
1.0,0.2,270,0.04690053307797004,0.05689195992998345,10.68501787254436,0.05336693263612287,12.115706454932152,0.6709862403928106,7.071428571428571,0.719239227073876
1.0,0.2,271,0.008498763911339012,0.009648573313035157,3.820801271843841,0.008382349358456788,0.5020488606567047,0.5366632691735803,6.0,0.5239159752808263
1.0,0.2,272,0.014423211598425025,0.01639458398953837,4.838839722730796,0.01403517748672594,10.292319571734302,0.701692428264159,7.0,0.7166008105253376
1.0,0.2,273,0.0008018268318166329,0.0006224359468396275,1.9737906975217498,0.00039987233836054304,1.7716120992674955,0.562197827349778,5.821428571428571,0.5664560604227151
1.0,0.2,274,0.0021011593564668326,0.002030059908471463,3.699901332575898,0.0017104019256406497,0.8168578003317654,0.6351342746072993,7.75,0.6417954364815441
1.0,0.2,275,0.0018082551507825773,0.0004835690183471692,-1.0187917774136181,0.0007738368055485041,-3.7395410902116453,0.6413009322156238,6.714285714285714,0.6706219797271249
1.0,0.2,276,0.007547904404509902,0.00783998546072428,3.4319073377080684,0.0070782293893703295,1.9785314407594494,0.5983284141572064,5.75,0.608415502612599
1.0,0.2,277,0.0023258495294697806,0.0021787385949942214,2.676371897301415,0.0021219394245755177,1.6600759222716306,0.6859932287930389,6.107142857142857,0.6951669010523787
1.0,0.2,278,0.007404524355034737,0.007836555073271688,2.5471006769672826,0.006093699878771879,1.119090618704443,0.5543304814592963,5.892857142857143,0.576218379686507
1.0,0.2,279,0.009170127210175329,0.009704015219097683,6.123264121477,0.008179291962081994,6.002908651407789,0.640161212893427,6.5,0.6580770865051229
1.0,0.2,280,0.0014623223880104658,0.002137680042831179,-1.792642975174374,0.0025369903694696387,-3.2269759499903614,0.5384242965195652,5.428571428571429,0.552147079624805
1.0,0.2,281,0.009943787407833655,0.011843184989093663,2.028622736182257,0.012224037115418626,1.9418666068559294,0.6055233145483899,6.714285714285714,0.6115612965136413
1.0,0.2,282,0.002497683307721086,0.0017085583265510108,3.803448467562845,0.0023753790393819586,1.3137234845978487,0.6029990734238975,5.892857142857143,0.6182821177304858
1.0,0.2,283,0.025516666085070895,0.028341885003038553,14.739013038952606,0.028033589271365487,18.956987002093133,0.698137265977838,7.428571428571429,0.7359049883980795
1.0,0.2,284,0.0010381975285769828,0.0007886513502342328,0.8029724042875799,0.0008148197833275669,2.0677391129047464,0.5418111749694386,6.821428571428571,0.5368952920671415
1.0,0.2,285,0.0028606622253735245,0.003677530017261912,-0.870231654884968,0.003083824249357766,4.135341093323092,0.5676686237619574,5.75,0.594260134147965
1.0,0.2,286,0.0010799364318414984,0.0011639980908283538,1.5453353479999308,0.0009747756263121884,-0.16994292660976384,0.5692026161608136,6.0,0.5865288129417344
1.0,0.2,287,0.0036004855801228435,0.005030996152941061,-1.7307667402628653,0.005779928567376594,0.5914374230185994,0.5209958018974676,5.857142857142857,0.5177095823754712
1.0,0.2,288,0.0036378017415036245,0.003576495517878552,1.9653663654313789,0.003465031259269266,0.8171856261602196,0.5441436975899917,6.285714285714286,0.5539419258777141
1.0,0.2,289,0.0018789741925267442,0.0005489802476489219,2.247972788215364,0.00031367594905101716,1.2903948582594846,0.5505437450227629,6.428571428571429,0.5690808377410336
1.0,0.2,290,0.005386936389493575,0.004437246960374384,5.7556841460558985,0.0024741564690284493,4.070080588725848,0.5783792132185038,5.785714285714286,0.594910854177362
1.0,0.2,291,0.003841274195605727,0.005768630319220787,-0.051329964462986766,0.005589344506265095,-0.3589921221178353,0.6371050978460586,6.25,0.6384281559658649
1.0,0.2,292,0.002887982082983203,0.0017989209259930306,2.595924932709238,0.0016009325661666843,0.9855391783971564,0.6119767624094328,7.107142857142857,0.6312934806727607
1.0,0.2,293,0.0041798531171553495,0.0023932468187968852,5.838836724778922,0.0014579417527622938,-0.1710704944311298,0.5658339955763516,5.535714285714286,0.5609560408364387
1.0,0.2,294,0.010361985796223404,0.012722459500642496,4.218548003342363,0.013093443244805417,6.429694611387295,0.5955490249214037,6.964285714285714,0.6086870902639077
1.0,0.2,295,0.003249135250788508,0.0032394510527268324,0.061810131998178974,0.004655719002168576,-0.7346096165145942,0.6077960965192778,7.0,0.622603711849113
1.0,0.2,296,0.003223929675638978,0.0028889008043622667,3.9421434304594882,0.0025195118357172774,0.6842133241419882,0.6201974609134002,7.0,0.6396485250839702
1.0,0.2,297,0.004763117081095058,0.0030339764839596097,4.982763513210763,0.0024181327403514762,3.318076620296248,0.6308886340068909,6.25,0.6283993687913119
1.0,0.2,298,0.0007777769654479843,0.0008304717214015265,0.5535110734496342,0.0004166589693309821,-0.4316608612542628,0.5845078802661384,5.928571428571429,0.5882364526120412
1.0,0.2,299,0.004647233522477102,0.006335297910222845,1.3341163205491924,0.0046275897960449215,0.2582558292438364,0.5765288944725893,5.928571428571429,0.5956181931056599
1.0,0.3,0,0.0029959328077309396,0.0036448133738262527,0.3524531916145648,0.002548263988384258,1.4013624603651256,0.5440388266816307,5.714285714285714,0.5501088495565296
1.0,0.3,1,0.0033545883388018546,0.002425433250275062,2.540313209480999,0.002410839474310581,0.4172803881318619,0.6020876736157982,6.607142857142857,0.6046023017478417
1.0,0.3,2,0.028658264113203463,0.03181845381797983,11.39273254680895,0.0291470798236209,15.629444317830613,0.708124764768632,7.678571428571429,0.742149925204765
1.0,0.3,3,0.032903541590097236,0.03726711503422519,9.426775540863723,0.03500864208530159,10.078515259513702,0.7083072627928806,7.678571428571429,0.7375199899339262
1.0,0.3,4,0.0073464796829997145,0.007330808997678448,0.022022260866634724,0.006384686037635261,0.1520942068062349,0.5900593746309122,6.75,0.612863792707519
1.0,0.3,5,0.027595123815357676,0.029434910175485895,19.45733822067579,0.0275457832132965,17.455904260087408,0.7412944337565045,7.642857142857143,0.7691561944879999
1.0,0.3,6,0.02461826100072615,0.027148528109455863,10.908608828119913,0.02357433945586128,10.437657360123259,0.7013660805126172,8.071428571428571,0.745534797913405
1.0,0.3,7,0.0032710644449253567,0.0027799184379224684,5.0884970542179175,0.00307846554686081,4.862255899073489,0.5900183461413177,6.821428571428571,0.618557819279405
1.0,0.3,8,0.0018248528425358558,0.0028128696165878025,-2.322508087931901,0.004319469254175781,2.4196847525288376,0.5495596466566474,6.214285714285714,0.5686637448505178
1.0,0.3,9,0.0042554211855905955,0.0028555198602526677,2.1591873599462375,0.0023130758763418957,1.7929948069057673,0.6203437545180481,6.285714285714286,0.632118131062753
1.0,0.3,10,0.002051943848368369,0.0011046270023600108,-0.599908140037769,0.0007590928393460171,-2.6973413196699028,0.5657869493987311,6.428571428571429,0.5823966693402141
1.0,0.3,11,0.023891300096045183,0.02483229637504632,8.565125143462872,0.02205801326209992,9.077561993335147,0.7694320217905583,7.428571428571429,0.7979627516344306
1.0,0.3,12,0.0012967212350911094,0.0013582039420477557,-2.8650074956075215,0.0014046354897868391,-1.2129677129962602,0.5517907778877659,6.678571428571429,0.5699754545656948
1.0,0.3,13,0.012017749051902253,0.01215597530123955,6.166297988311079,0.01124475485385081,2.4359432026824286,0.746380640095292,6.928571428571429,0.76285200347392
1.0,0.3,14,0.0013181568812107346,0.0014761790887356525,2.8964587163150526,0.0014142223496424165,1.082384393360087,0.5803294110988642,6.321428571428571,0.5944768430086531
1.0,0.3,15,0.026909933807381336,0.02858864629389606,11.201841399162994,0.02495630304217655,9.165892798525533,0.743845461595586,7.285714285714286,0.7673497910997495
1.0,0.3,16,0.002607661409438216,0.004284624527329332,-2.124944934399288,0.006626098553153437,1.097716320610014,0.6836287141315839,6.357142857142857,0.7116873583059625
1.0,0.3,17,0.0061408672829299385,0.005851983090627221,3.0473457447524837,0.0055576493767998955,3.530944523940557,0.5866088634735543,5.714285714285714,0.6096059177280526
1.0,0.3,18,0.015630353777909965,0.01773233028154708,10.001342621399324,0.01571746764097864,7.458364895837652,0.7562110913337616,7.75,0.7742000039519569
1.0,0.3,19,0.034786682522227594,0.04016236422344904,11.792844787586944,0.033981196239810336,13.35201427338682,0.6956920692971481,7.142857142857143,0.7353106559237075
1.0,0.3,20,0.0006569521249870659,0.0007774757962288946,1.766672679177617,0.0005632469890877631,-2.6066529631337594,0.5840633549728196,7.035714285714286,0.5850149086794443
1.0,0.3,21,0.006783530652637442,0.006639037858347505,4.593176340941618,0.006340042390519823,1.7458617229364297,0.6964966113647989,7.678571428571429,0.7176634332956976
1.0,0.3,22,0.014925935825498993,0.01592221922373626,10.781844029722315,0.01324838240297579,7.459119604085184,0.6060136743952287,7.392857142857143,0.6370015186367533
1.0,0.3,23,0.003428482658507862,0.003942605178085295,3.8629456924628727,0.004339216809857702,2.365815003336062,0.6971037335557053,7.214285714285714,0.7080522016994109
1.0,0.3,24,0.014656730255480588,0.013189761232188572,10.82514804669431,0.011032345445329444,3.1932099869545234,0.6097391889721786,6.964285714285714,0.6251245352999346
1.0,0.3,25,0.0029001907214214846,0.004096943480501575,0.812264282518619,0.003570694815236582,-1.1697093805830054,0.6300068565618201,6.75,0.6427129462914423
1.0,0.3,26,0.006986483951762266,0.008832281258218458,2.9949862913797674,0.007286138788070461,5.224932779515636,0.5869370778116147,5.964285714285714,0.5789682838661369
1.0,0.3,27,0.019230158039599432,0.022184219356590592,5.37560537127851,0.018500604562864162,5.661868427539758,0.5919305702274711,6.571428571428571,0.612375264851647
1.0,0.3,28,0.003999708742617976,0.004418114301715191,1.2877575433396657,0.004840054465712423,1.346846089097511,0.5632525512006408,6.035714285714286,0.5724044244395472
1.0,0.3,29,0.024896661253562227,0.03018254406170327,13.379058810204928,0.025156978966457882,13.19728943736061,0.7340065652706274,7.428571428571429,0.7783579675416596
1.0,0.3,30,0.02092863426830111,0.02324030829940919,4.403363686263987,0.020045386421681684,3.3066514100948154,0.7252349745344537,7.857142857142857,0.7561817660983565
1.0,0.3,31,0.009510222166708994,0.010969908356109124,6.335233552906416,0.009322838829997583,4.787089865716685,0.5582555267033142,6.535714285714286,0.5466236238981059
1.0,0.3,32,0.00902537319979341,0.00946689717465471,0.7690966353055515,0.009423641580389499,3.5501876050372423,0.5634101350649792,5.607142857142857,0.5672590851895707
1.0,0.3,33,0.02923687657404359,0.031230965400964858,10.01670321773112,0.02971769155061232,11.562232960199054,0.6306241452980575,7.464285714285714,0.665978757271094
1.0,0.3,34,0.0023315127818983885,0.0022359210802265534,1.7199527156051886,0.0020016103957575717,2.7030027398962964,0.6878403726699418,6.5,0.7016279733892785
1.0,0.3,35,0.001478653682731705,0.001026983977065147,0.6204575252550413,0.0014024672681119804,-0.0893037120298364,0.6578832649239363,7.321428571428571,0.6698430750738888
1.0,0.3,36,0.02880858123206382,0.03460152786056386,6.758436461883001,0.03113699546469056,14.612102626654044,0.7409900499760537,6.892857142857143,0.7656156374096343
1.0,0.3,37,0.014856677021757811,0.015354856070698841,9.099911575356188,0.01390676664194682,8.919589135001218,0.731583887554032,7.071428571428571,0.7642364155165535
1.0,0.3,38,0.04494818785005326,0.049607901349341794,20.017791238233563,0.04359384628444454,17.240850283552913,0.7183355667522628,6.535714285714286,0.7815110839792803
1.0,0.3,39,0.010255634494285808,0.010060418615708324,6.328147061812544,0.007348970201411231,9.336073227495982,0.6020809377193203,6.964285714285714,0.6178344270978393
1.0,0.3,40,0.005408692721742829,0.005652731439248449,1.0452317204711576,0.00394104056936922,1.852182897619694,0.6176329854342526,7.678571428571429,0.6392804670366132
1.0,0.3,41,0.006659215256995958,0.006099799218561877,3.9236182066258394,0.00493945055186726,2.751007830007069,0.5572932986371877,6.571428571428571,0.5955887621413353
1.0,0.3,42,0.015608165799909694,0.016861784825553634,9.355677961817058,0.015578341295949039,5.490578103151667,0.7573314697987793,7.785714285714286,0.779469202701145
1.0,0.3,43,0.0008886106623738668,0.0013888708002071897,-0.31251726039728567,0.00138450925775029,-0.36087411480439374,0.5858650623213368,6.5,0.5974130293001394
1.0,0.3,44,0.007176752795028603,0.007934571067466553,0.9409588905400312,0.005868781760730908,0.731773680121961,0.5559023581234186,6.25,0.5710260977466801
1.0,0.3,45,0.001161013697913775,0.0011106548909536633,0.14545719427719916,0.000985097024213753,-2.7575563106500645,0.5976124859767825,6.535714285714286,0.6102666157193808
1.0,0.3,46,0.005991054129916128,0.006609311361617306,2.326379396289404,0.0062704932011476274,-0.15756152759442443,0.5947585312008196,8.071428571428571,0.6105230956097818
1.0,0.3,47,0.022013399928368947,0.026051033303232485,8.32515883068578,0.022108221943644386,10.620284877298076,0.659224734887169,6.714285714285714,0.677953257080615
1.0,0.3,48,0.00501228790745259,0.005338817852359135,3.1312829643337423,0.004303624889725532,-1.761067984947734,0.6402802978041816,6.928571428571429,0.6629878531238572
1.0,0.3,49,0.039397694980892385,0.046060394537208116,10.986143489229441,0.04072542708529062,9.000900761981399,0.6528906305508306,5.821428571428571,0.7061420757875394
1.0,0.3,50,0.0012581974966928452,0.0014114154445108117,1.1859944038616064,0.0007216318125081342,1.5068066981675656,0.5498099076428392,5.714285714285714,0.5583122128529014
1.0,0.3,51,0.002738749086428605,0.0029275849551179773,0.881893922619831,0.0034764355125123424,-0.47451259190584477,0.6082601077030583,6.607142857142857,0.6099082037057859
1.0,0.3,52,0.0018983970979864887,0.0031719573305052707,-2.963798716070521,0.003703756526650629,-2.114233989525303,0.6099679103836516,6.678571428571429,0.6350515412277342
1.0,0.3,53,0.004100930019703765,0.0037813700704614896,0.4776680322461928,0.003832729932717099,-1.740954786145655,0.5932505009663821,6.821428571428571,0.6253309342705229
1.0,0.3,54,0.0035189715502493266,0.004505196941171404,-0.9880744676178281,0.004972889579599667,-2.9507716357286236,0.6165103045856106,6.357142857142857,0.6234665239201194
1.0,0.3,55,0.0011690489951515191,0.0005968630149022393,2.8463133570147576,0.00023481897139070968,0.3405514294987408,0.6015869142918012,5.928571428571429,0.6124928378325049
1.0,0.3,56,0.004785173430669769,0.004803676769974243,1.2344714008862638,0.003872155299968113,-0.3707064838774083,0.632283743190188,6.857142857142857,0.632639781326527
1.0,0.3,57,0.02257599450592871,0.021282512891556773,11.201867264518505,0.017417183403931266,8.71636825277121,0.7128006164127951,6.75,0.7323508624984995
1.0,0.3,58,0.004213183779650366,0.0032437945532252373,5.077646909336373,0.0023030593867680344,1.039635870577257,0.6275949726690161,6.785714285714286,0.6250765364750006
1.0,0.3,59,0.007761528047369184,0.0057063571287550635,10.297061699566186,0.004261754359956254,3.3187986724214604,0.6039264400126514,6.178571428571429,0.6178049458413678
1.0,0.3,60,0.002805542154520968,0.002605611272257739,2.2141481976581616,0.0031549225185455608,1.3677313821330017,0.6878568890859423,6.071428571428571,0.6928356186445279
1.0,0.3,61,0.003138700884951784,0.0032553611985340477,1.4348290764910843,0.0027892215462858084,-2.0293286177432415,0.556373413315147,6.821428571428571,0.5538403960916948
1.0,0.3,62,0.003479948748543295,0.002475736997773525,0.4604743096297952,0.0017541567005633293,-0.7205055150956241,0.5740732093195204,7.321428571428571,0.5657877683172159
1.0,0.3,63,0.010771863741286306,0.010954519982505798,7.655859784770271,0.009766790667018866,6.329181462417789,0.7089774285274854,6.357142857142857,0.726703004117403
1.0,0.3,64,0.029255267870884023,0.032126540828306606,15.169032596096866,0.029506125040367585,18.254911274900678,0.6923263180201094,6.785714285714286,0.7273887375394229
1.0,0.3,65,0.002573063224048999,0.001789088558585216,0.5942925222298499,0.0015624514309050797,-0.3437298032262201,0.5643341230415232,6.857142857142857,0.5912537601363633
1.0,0.3,66,0.012597849299384203,0.01420950411141704,8.217636769299439,0.010072014628364892,8.562384286483999,0.6478906058895945,6.857142857142857,0.663898291857911
1.0,0.3,67,0.0031132629568791457,0.003076016739393667,4.359634688193516,0.00248287093413029,1.3326033477266133,0.6134571342727548,6.392857142857143,0.6001115349057097
1.0,0.3,68,0.0005774504098082426,0.000563065403582626,0.7462896618435195,0.0004621205938054132,0.3206445180586381,0.564435076017954,6.642857142857143,0.5776663408858742
1.0,0.3,69,0.0016782235632694731,0.0009937085481315905,-3.0476244643146018,0.0006908208133794133,-3.076517835505674,0.6121715056773176,6.25,0.6305657834834263
1.0,0.3,70,0.007814191117454499,0.007792380599948597,3.005811171200783,0.00763517632297099,1.9675727498321767,0.7165591926557731,6.464285714285714,0.7345595829445268
1.0,0.3,71,0.006067472434789311,0.005941545137230239,1.9355151202844922,0.004040980804263462,1.2694810321584857,0.5693385850337862,6.571428571428571,0.585520606274244
1.0,0.3,72,0.001563749365776961,0.0005634236217323328,4.620423004219667,0.0005045285480398001,-1.0139134862728838,0.5788805105613241,5.75,0.6030537260795273
1.0,0.3,73,0.0009691660807905953,0.0008789355293251618,0.9170391257931882,0.0004778591775001795,1.3528948183523635,0.5998308908169917,6.357142857142857,0.6066077715116724
1.0,0.3,74,0.015200617011472869,0.017607977226508156,4.301662150550726,0.015877994106074832,8.236866958488415,0.7048669639124274,7.535714285714286,0.7326502013564284
1.0,0.3,75,0.02261205459739003,0.020046994102536967,12.463425016863525,0.01400390410781905,6.186008996796498,0.7308138991699379,7.321428571428571,0.7472932728857269
1.0,0.3,76,0.0018490594448335096,0.001050331830857727,-0.8994048288658547,0.0013030063827493615,-0.7187917510958263,0.5895125291725367,6.357142857142857,0.5996987973151094
1.0,0.3,77,0.03276002107749216,0.03788124566499192,10.811825787319922,0.03339869784280888,14.121535555169146,0.7023107310149709,6.428571428571429,0.7512338939336913
1.0,0.3,78,0.004619527933929939,0.0037866851715211884,1.6303683734785253,0.0028518927633005794,0.7841902923100766,0.5952479117956467,6.785714285714286,0.6105362218601043
1.0,0.3,79,0.001635470732145981,0.001283607235785005,2.982480263332718,0.001569853646532853,2.675363319484338,0.6143039269490224,6.071428571428571,0.6274494607804262
1.0,0.3,80,0.013771530720472184,0.016809532896742783,3.2941649989051953,0.014991207522640888,4.769930219299302,0.6323632249490317,6.928571428571429,0.6705669902937816
1.0,0.3,81,0.03105006811662281,0.03284484743472284,12.897331473799383,0.029132356690049863,11.320580784394261,0.6905115276706418,6.75,0.7161765761499723
1.0,0.3,82,0.0013359322852863314,0.0012740850526828929,2.2184707039028453,0.0011184808508600715,0.8845268364663355,0.588487263352203,6.964285714285714,0.5759349432054055
1.0,0.3,83,0.001981532159528879,0.0019231007334891686,0.33402388767032676,0.0020307321438021355,-1.5468562346660804,0.5669397745823969,6.5,0.5770574940979274
1.0,0.3,84,0.014295004135204672,0.01471559874474922,4.529902777654577,0.011059347656759868,1.0445341807143886,0.7125137253148986,6.25,0.7271686389880383
1.0,0.3,85,0.013729462017784145,0.01482451107305358,9.042377406085592,0.012228779484052672,9.2621933460024,0.6535174602844567,7.142857142857143,0.6835259789943482
1.0,0.3,86,0.01104602156772991,0.009969359396217476,10.489772735074233,0.009381186580677589,6.754729071325291,0.58569624504909,7.107142857142857,0.5828958893065019
1.0,0.3,87,0.01061248176482782,0.01191392801476345,4.3279021608237045,0.008318405744859151,7.1451114363947,0.6950746237956944,6.321428571428571,0.7070457653154889
1.0,0.3,88,0.006317387434872316,0.005769740742342455,1.7094402811624434,0.004362440939534948,3.7029283296935964,0.628147202033383,7.785714285714286,0.6347409067536273
1.0,0.3,89,0.0030601848089458817,0.0018201896768756977,2.7932601744176395,0.001998150665812533,-0.17360358337203743,0.6470593171033681,7.035714285714286,0.6596294743181668
1.0,0.3,90,0.023324974386085804,0.019980868760237493,16.817727145514993,0.015509828411481732,8.379294659826948,0.6850060459004633,7.142857142857143,0.7212658295978045
1.0,0.3,91,0.01812758147423932,0.020598634082756768,2.1337330362585902,0.01780740416735117,5.076764201300885,0.689665606028919,6.785714285714286,0.7116443987541408
1.0,0.3,92,0.046066819891495664,0.05533334017587129,9.613737750748285,0.050884030132099196,15.646732587410213,0.6783498585594218,6.928571428571429,0.7453000442304343
1.0,0.3,93,0.0260096031011511,0.032214977884523925,3.681333578929305,0.031142039770476776,5.135092646691855,0.6771077220286295,6.678571428571429,0.7033791459418807
1.0,0.3,94,0.03652621406635348,0.04084440117522818,20.0681973882785,0.035929323077280785,19.641771490925468,0.7714518983129178,7.5,0.8030582312500403
1.0,0.3,95,0.018843445731281848,0.021210100313913877,6.125680726624019,0.018194535640895286,9.334393362048255,0.6250321701008111,7.142857142857143,0.6186064115516716
1.0,0.3,96,0.007505061898055722,0.007542016593117844,2.147529744222844,0.007618599932656517,4.429820852531634,0.7168676765656932,6.821428571428571,0.7325517092160776
1.0,0.3,97,0.006929524467725548,0.008056540129461607,2.689924893997656,0.007794876509766608,8.722111437108225,0.6989750592577383,6.571428571428571,0.7173043674841939
1.0,0.3,98,0.019378393134176882,0.021042069146380706,8.399886600682493,0.01942584330042165,5.572450496892856,0.7220364059971327,7.821428571428571,0.7460772892428251
1.0,0.3,99,0.006316839210277086,0.005424790162457942,6.9848793101370035,0.004023381359048962,1.2812356489295098,0.7203986631241273,6.357142857142857,0.7355318407854635
1.0,0.3,100,0.0026463511885040404,0.004564111485653952,-1.111462006291596,0.0039963207396804595,-3.785939357776954,0.5748547997303604,6.285714285714286,0.5868357056801173
1.0,0.3,101,0.005330161464518872,0.0044131999239972,0.7020234073922609,0.003242744494727432,1.874109997490687,0.5571348587568093,6.107142857142857,0.5589079937411021
1.0,0.3,102,0.015285935561917248,0.016694077802762133,7.732467874980948,0.016751923181446145,13.010615257349107,0.6509275342140067,6.214285714285714,0.674768295655622
1.0,0.3,103,0.005238992699420612,0.005562399805658041,2.710193820494567,0.005497377406491766,5.556241228027147,0.6240652491307134,7.178571428571429,0.6339869671220775
1.0,0.3,104,0.007074473939926786,0.007316616812580702,9.28299697697414,0.007787856007975199,7.317992402958822,0.6633292937703495,6.107142857142857,0.6770574131275711
1.0,0.3,105,0.007800993928774941,0.008885031593153314,3.3867808653527547,0.00811976574794177,2.573186157620379,0.7513697126586122,8.571428571428571,0.772717280820701
1.0,0.3,106,0.009216097889103603,0.00875239591388263,5.692826268571551,0.00583942034183779,6.904363481728599,0.6209438051882132,6.714285714285714,0.6096999741010531
1.0,0.3,107,0.0035574193402181007,0.0025108353234319022,-0.607797801387207,0.0030436382679394263,2.1805063297534466,0.5892218763555056,6.464285714285714,0.6285763066222874
1.0,0.3,108,0.018692916362736428,0.021219213526072873,8.871291049323489,0.01877968640830798,10.335387117202506,0.6855622072361257,6.535714285714286,0.7076835300878628
1.0,0.3,109,0.007084431337446974,0.006813281165392992,4.230371294183087,0.006678177811200389,2.512831352686485,0.6922386171311233,5.821428571428571,0.6981312408876603
1.0,0.3,110,0.008257958667744428,0.007544275086386463,6.933965574276058,0.006786447699569507,1.005890644014272,0.6194237365082239,7.321428571428571,0.6218372796482905
1.0,0.3,111,0.0031755732217707833,0.004692715719989768,-2.7383518206592257,0.0041668411520685645,-2.68650662289672,0.5706876765151068,5.785714285714286,0.5921005390709605
1.0,0.3,112,0.009655500775366579,0.011139780547916455,3.211543597619354,0.01028026786347881,3.867295338829725,0.6930106961949262,5.714285714285714,0.7078334811528495
1.0,0.3,113,0.009683647251963235,0.01016910875538969,5.681197500957232,0.009231771459606557,5.440622895756188,0.6715551772863407,6.142857142857143,0.6910163203498305
1.0,0.3,114,0.0030893425318504384,0.0026704795667772526,1.913622492950168,0.0033599357934391834,-0.6022685283671289,0.6128797464075255,5.678571428571429,0.6080552096727128
1.0,0.3,115,0.027464086356209377,0.029551320047871674,12.03788267916314,0.02763436041614333,15.438660818993839,0.7186464266302804,6.714285714285714,0.7591332512609084
1.0,0.3,116,0.005663417758978741,0.007099740960174692,0.8039534689845951,0.006648006374032233,-0.644233544616147,0.6765999353937181,6.678571428571429,0.6896940492838195
1.0,0.3,117,0.03014285057812028,0.032252865481474303,14.350341178469936,0.03151203370470209,14.958934627893683,0.7337308688257005,6.928571428571429,0.7615614969278464
1.0,0.3,118,0.0023288131085164882,0.0015701285172962398,3.5881999907884463,0.0017591162736586346,3.5052610425181,0.5871345147654925,6.464285714285714,0.5853200110174
1.0,0.3,119,0.002085129278914986,0.0020484727806545037,2.051052060636266,0.002190719699861083,-1.2549509929563858,0.6307812154367027,6.857142857142857,0.624395922793528
1.0,0.3,120,0.05193934619553473,0.058247847445417826,18.17103761436739,0.049363818419738525,20.61110252646816,0.7081583942774298,7.821428571428571,0.7632879659779259
1.0,0.3,121,0.0027353445923835413,0.0011319585415775191,1.045821361126059,0.000892942328944062,0.0777665875932314,0.5381534481928077,5.607142857142857,0.5488670459254456
1.0,0.3,122,0.016015779472874185,0.016461514920343118,10.60261162175464,0.016609139443721173,8.054689700234121,0.7057141220838502,7.321428571428571,0.7232821021147742
1.0,0.3,123,0.0028707152958135406,0.0011403204883338675,0.1151348705675943,0.0005599405399161278,-3.8948140113956433,0.5774893592000158,5.464285714285714,0.604760872886795
1.0,0.3,124,0.007668659299959582,0.008412191604757651,5.338212471868722,0.007557800755404265,4.556757672003225,0.617302894057549,6.535714285714286,0.6240306207558175
1.0,0.3,125,0.0017055253747052866,0.001531378035943033,-0.13251915288521587,0.00154025043982308,-0.5792144086409223,0.603768818547527,7.107142857142857,0.6074314261171574
1.0,0.3,126,0.02737575590559135,0.02707593961294103,10.409158916772931,0.022640282419700713,4.247945290334703,0.7074126866277605,6.464285714285714,0.735881330972211
1.0,0.3,127,0.006519590494246423,0.007983916244669405,-1.2674793879473683,0.0080248276432684,-0.6368484762524247,0.632721918803788,6.285714285714286,0.638226051944616
1.0,0.3,128,0.004767782641841479,0.0030996604189956886,7.861880580986174,0.002736806249208312,-0.5831500855772447,0.5946738337111162,6.642857142857143,0.6039095978342712
1.0,0.3,129,0.016097648552628914,0.018488773861677778,4.9400572429395595,0.015346321914993718,6.649682893045811,0.661392010221425,7.357142857142857,0.675427806752285
1.0,0.3,130,0.013834548970482457,0.013748090230190664,5.8837443087829016,0.011653954389194369,-0.4914353395629689,0.7361587273099645,6.964285714285714,0.7472265352068841
1.0,0.3,131,0.0043120412610478534,0.002872848266325238,6.286632947589112,0.002685482022139811,0.4116614067900457,0.6188299215098463,6.607142857142857,0.6245721464760184
1.0,0.3,132,0.027414097817542084,0.033901179526101194,7.614709302046002,0.030625051333976402,14.199179378559686,0.7497138248063904,8.035714285714286,0.7855877553428479
1.0,0.3,133,0.0023760017313822655,0.0013706878905528658,2.756918539636729,0.0013844400602495111,1.2200570067054077,0.6214895311477917,6.571428571428571,0.6461441481257417
1.0,0.3,134,0.008095453751695689,0.008913652391056228,6.104504759538635,0.00833302372553352,4.626465201578138,0.7470361405385487,7.392857142857143,0.7684801473334593
1.0,0.3,135,0.014801474505602083,0.017672028515079437,6.90568920369644,0.018236627971761423,4.818927644282799,0.7094806853482,6.571428571428571,0.7338617794072679
1.0,0.3,136,0.005790889965260568,0.005009317303370063,4.484675557357093,0.004537756388547351,1.5417551178190838,0.5968426776838077,6.892857142857143,0.5999299098466496
1.0,0.3,137,0.005323894362363838,0.004822270852742613,5.315313575592512,0.004509544470365504,3.356064470792423,0.6946309869102902,7.964285714285714,0.6859021521724591
1.0,0.3,138,0.003528322691451692,0.003314440058497133,3.8009173714696445,0.0027171104297879296,-0.6760891799906025,0.5572722120713391,5.464285714285714,0.5751072954034622
1.0,0.3,139,0.013232154375147269,0.015118442771565226,4.771572947690721,0.01469817607116303,6.329878286022866,0.7086565259353994,7.214285714285714,0.7302797614830563
1.0,0.3,140,0.006017727141534123,0.006264883720778386,1.2744876534436287,0.005922382125784812,1.151704255500969,0.6117099822177062,5.892857142857143,0.6254575799546689
1.0,0.3,141,0.007016012600410668,0.007989260972987917,3.091703777236525,0.007337769002878266,6.620122100012186,0.6571301983556695,7.214285714285714,0.6467528038035306
1.0,0.3,142,0.003457868208637145,0.004203749398455546,1.9287314456337654,0.00455833158040586,4.255370505178992,0.5766324212094165,6.642857142857143,0.5959406361758423
1.0,0.3,143,0.0035234402703245293,0.004440526544404027,1.580362972993143,0.0039990213424467725,3.1585769696719033,0.667578795694749,7.571428571428571,0.6750230454961721
1.0,0.3,144,0.0032767569489908395,0.004840065954575032,-2.1938721942863992,0.005478220907773979,-1.6653696297662368,0.6303065788040636,6.857142857142857,0.6341514526174977
1.0,0.3,145,0.006157168234829101,0.0036403773824856267,6.389535869263348,0.0034087261350985525,5.086760546650491,0.6037814229740072,6.464285714285714,0.6139737906801923
1.0,0.3,146,0.026457646910804947,0.03049655025293623,11.49992737268743,0.028989496285505255,9.220069063922276,0.6964577905315253,6.607142857142857,0.7451919865237566
1.0,0.3,147,0.013227296391205868,0.015631677275517328,6.274958690320339,0.01337852964656856,10.740709150107591,0.6162662637849257,6.607142857142857,0.642291819970751
1.0,0.3,148,0.006980549624207525,0.007762482764397725,3.9783431697390768,0.006928783299704938,4.356055341692364,0.7320170458332058,7.928571428571429,0.7475154132982726
1.0,0.3,149,0.02539578512011625,0.029238763694225765,13.785530467840719,0.02638648136403896,15.501755564756337,0.7574079662668872,7.535714285714286,0.7856232414816507
1.0,0.3,150,0.013576312311753881,0.016712573426964722,5.349765713071214,0.017705010130636006,12.63028260862952,0.7530470322945518,7.285714285714286,0.7733017962680119
1.0,0.3,151,0.006688964832396415,0.006991205973046497,3.482829576327603,0.006779541443764634,4.5576608074735345,0.6242009839633847,6.25,0.6591137887030069
1.0,0.3,152,0.00539508425109275,0.0039022810413937817,0.49888808320366707,0.004308396066572285,-2.4767194210473726,0.6461151914229005,6.0,0.6623073098513903
1.0,0.3,153,0.01144290657084654,0.013769074588261647,2.049366380776995,0.010977882550064755,4.130548771277906,0.597480141146568,6.392857142857143,0.6478845179252049
1.0,0.3,154,0.00037286789758398493,0.00020078454525654705,0.5902188513843569,0.0001776908506333528,-2.3675553173797446,0.5784203826476605,5.857142857142857,0.5744104373585637
1.0,0.3,155,0.0031030989726473827,0.004504427722110172,-1.6190399660807273,0.005136532003835324,-0.48689431965215135,0.5810005710264438,5.821428571428571,0.5817352974341183
1.0,0.3,156,0.008818629997112946,0.008586221312692077,7.463576264898975,0.007254054994565415,4.931553503897807,0.6708050231145404,7.107142857142857,0.6803097459124567
1.0,0.3,157,0.0010652333120985639,0.0007831829930198386,1.723646831806846,0.0007540328856627653,0.0030116835725001088,0.5725930020082336,6.964285714285714,0.5643201227715795
1.0,0.3,158,0.01998327042288671,0.023438562212471693,5.412958268292471,0.019003294667413934,5.210249864636883,0.7603619565086442,8.071428571428571,0.8020263671566813
1.0,0.3,159,0.005091438311043333,0.006348528215425032,-0.16408400022978498,0.005172442063788078,-0.74989201559985,0.585369594741828,5.714285714285714,0.5788521995328253
1.0,0.3,160,0.0022816694792303282,0.0022810518535878945,-0.6941685800912438,0.002040208365317122,-1.7901856857546268,0.5876684454526694,6.964285714285714,0.5937726423103175
1.0,0.3,161,0.008942089974982541,0.0076767473466234195,-0.42477762561937027,0.006216114120526391,-1.7364464098215535,0.5963575721954564,6.25,0.6264170334150228
1.0,0.3,162,0.0038675857490648165,0.004856837101416156,-0.8909240157099134,0.0041529364315965305,2.612231270493254,0.5177004792102191,5.464285714285714,0.553832570633648
1.0,0.3,163,0.001061228092080278,0.00181156319221219,-1.763384428435515,0.0013025876603580972,-1.0183205365250767,0.604768187284107,6.214285714285714,0.6198778171403794
1.0,0.3,164,0.0022149273211751835,0.003119439495190679,0.3797993053957214,0.002402480234744367,1.7486960461871586,0.5506664840506655,6.5,0.5485416356186003
1.0,0.3,165,0.009965296012044154,0.012052048608829472,2.5553780111994584,0.011598133786915446,5.913536257578841,0.705534159100453,5.607142857142857,0.715604472804499
1.0,0.3,166,0.009770103308329881,0.008526213713958043,5.686151638726081,0.006204125952526673,2.54610184583251,0.5390155265165534,6.571428571428571,0.5088655977127856
1.0,0.3,167,0.013734202001416835,0.014483460002827181,10.231539079925312,0.012780647393659913,10.200433061219286,0.6766824601741381,6.0,0.6844155666043268
1.0,0.3,168,0.011141640884699213,0.012173859038675343,5.836174001401325,0.010110963112992704,4.778370899618618,0.6777810657525445,6.892857142857143,0.6807989175078083
1.0,0.3,169,0.003971752587070111,0.003148723303649629,2.067979265295115,0.0021200088920243845,0.44472209912386046,0.5873769233702328,6.678571428571429,0.6214360287840264
1.0,0.3,170,0.032081339259059795,0.03658926529827497,12.561656986278514,0.03224894415452253,11.033422158516947,0.739282150645021,6.928571428571429,0.793460588591827
1.0,0.3,171,0.007403239525845755,0.006410275864369439,2.4297594190807956,0.004328897671964328,0.1789094969628214,0.6340608520796408,5.892857142857143,0.6339942997170851
1.0,0.3,172,0.004173751347081482,0.0034095101615370924,1.6618554762907536,0.0022084495304150274,0.32966529189509214,0.598526688307788,5.928571428571429,0.5987723254446463
1.0,0.3,173,0.01317641471338672,0.013943065145394706,5.4642972195242905,0.011850290603991332,1.518738638572728,0.6953712459700657,7.535714285714286,0.713392272141911
1.0,0.3,174,0.008466856896049153,0.010904869033122842,1.499482315353049,0.010518655605225122,3.684573343605725,0.6021606224422859,6.392857142857143,0.628054646300084
1.0,0.3,175,0.028716772055466543,0.03189774422912182,13.433631782881672,0.026791661455029574,14.321942335716102,0.7393989216116301,7.785714285714286,0.7631870899898154
1.0,0.3,176,0.008715147063455084,0.009140544586297076,3.415435227552102,0.009413877309779802,5.919345315257639,0.720725614528776,7.142857142857143,0.7356980663891644
1.0,0.3,177,0.00725605424916685,0.006640625426125459,7.516788869031387,0.005824809034212531,1.9641385347997584,0.7230048460464823,7.357142857142857,0.7423350405388147
1.0,0.3,178,0.021357688370638846,0.024244526144671045,7.749496214216698,0.02173697742107472,9.471571623022205,0.5845754593687575,6.571428571428571,0.6111307856783517
1.0,0.3,179,0.006925822783612878,0.005980888375532196,1.6125709482659119,0.004731343736841449,1.3853169235030691,0.6050153747386375,5.892857142857143,0.6141156346511101
1.0,0.3,180,0.006554090271854848,0.006464390518421996,8.279481172205813,0.005299318454026907,6.206688389515023,0.6909793089995985,6.928571428571429,0.6995891800489584
1.0,0.3,181,0.004553508111584917,0.004018302138112871,1.8891077726619798,0.0037222028358488723,2.9604138808444795,0.6411683237273087,7.642857142857143,0.653477165587512
1.0,0.3,182,0.009595829791861528,0.010082828937952336,6.98337057701346,0.009865883270192506,5.632034353777034,0.6473237040294698,6.678571428571429,0.6538692230473357
1.0,0.3,183,0.015150690755697582,0.015920370991689897,6.088022230854023,0.0148793166741516,11.355609404272391,0.6850242271843577,7.928571428571429,0.7094010974279535
1.0,0.3,184,0.0073815443144451985,0.008466823755583988,1.2403928247889198,0.008293001754872848,2.9802407110107936,0.6574499535226696,6.75,0.6617014303001062
1.0,0.3,185,0.015356001188753033,0.013806639935781918,12.397980429727923,0.00954203742412557,3.0130375283324042,0.6139213942400128,6.571428571428571,0.6065177183935595
1.0,0.3,186,0.005182893477036504,0.00509749302304462,4.854614576005488,0.0038486371896016536,2.1718444585674113,0.5977165184574701,6.142857142857143,0.618443324177933
1.0,0.3,187,0.0021902600463827976,0.003055069148701638,0.005221581633975347,0.0024787649066925458,-1.7525367764023752,0.6020428764627658,6.321428571428571,0.6115771586567513
1.0,0.3,188,0.008265191763302752,0.00952066729612247,5.259383377937304,0.008754561293349568,5.596558301116867,0.650814433653264,7.0,0.6624474036555984
1.0,0.3,189,0.03615321930327173,0.042498867049812816,12.146518156397121,0.03903732390979542,10.850526883153861,0.68119926588464,6.142857142857143,0.7185863042484477
1.0,0.3,190,0.01553662332422509,0.017073106251613672,8.392709600381941,0.015254792314106126,4.342740597190574,0.5695065460871153,6.857142857142857,0.6132258559309738
1.0,0.3,191,0.019417784206105227,0.021560151005783637,9.134157594724961,0.020092543771280953,14.300133079045017,0.7439087845644883,7.25,0.7666710784614271
1.0,0.3,192,0.011830773931597618,0.01380047685955473,3.3965774691026596,0.013118855016992345,5.763917062771043,0.6225258466848768,6.142857142857143,0.6515142027461815
1.0,0.3,193,0.013502806460581314,0.01526563890165846,-0.45340594134340506,0.014395526374756856,0.7594260513187218,0.5307205064795869,5.928571428571429,0.5466270940562372
1.0,0.3,194,0.003829212816818661,0.004746302379171971,2.11555311476814,0.0036747286113906824,-1.5144085069260125,0.6086949870237814,6.964285714285714,0.6319061697807253
1.0,0.3,195,0.002250391672080642,0.002325229529825347,0.6490153551090927,0.0012829969057280806,0.5221757983950776,0.6597893058158304,7.142857142857143,0.6534331297837481
1.0,0.3,196,0.005896153842870111,0.004858404319037795,2.5309003851780787,0.00423514785921631,1.7344902050821152,0.6309425055365446,6.964285714285714,0.6461302373179286
1.0,0.3,197,0.014842352526225778,0.016299481112476238,10.83224470873396,0.016743602624006128,14.696199549978266,0.6947498389536503,7.535714285714286,0.7232569862166476
1.0,0.3,198,0.014957955869795078,0.01590007862202886,5.267412126419373,0.013431204886121414,6.016332237599073,0.6555358597713428,5.928571428571429,0.682702867544049
1.0,0.3,199,0.004228060765787405,0.004305203884655793,3.3978158213608154,0.0040677356521607415,4.210987031282296,0.5660302106631183,6.857142857142857,0.5737712644060786
1.0,0.3,200,0.01400789423355324,0.014393930861919315,10.981735575343059,0.013081282078279825,6.716048178001681,0.7463395485881542,6.357142857142857,0.7678846983734278
1.0,0.3,201,0.010676712667012662,0.01065189765829816,7.717019346595578,0.010434038717891397,6.332159819383482,0.6808871450513782,8.25,0.6801932894172584
1.0,0.3,202,0.05367105739539666,0.0630887328700164,12.257169509802463,0.05844908611029097,16.973311611351495,0.6653582307073992,6.071428571428571,0.7223236544973569
1.0,0.3,203,0.021680654951263607,0.024006910464850484,11.870222378803327,0.020494865401320773,8.429741923925311,0.7652195478999821,7.857142857142857,0.7971126735350014
1.0,0.3,204,0.01124998528038995,0.012131651537127466,4.8330021644439185,0.01104562163801515,5.018015732733583,0.6186144540030529,5.285714285714286,0.6319638347562799
1.0,0.3,205,0.00523350888604758,0.005182311322892834,0.3652827142931656,0.004768339499202706,2.306804376536737,0.6562359701382376,6.821428571428571,0.6666729397737813
1.0,0.3,206,0.008676467353023458,0.007254936932865386,9.112606908098869,0.006633517992604088,4.7206501104072816,0.6944452923627452,7.0,0.7085377924939081
1.0,0.3,207,0.019401017923517627,0.02039056265606134,13.488440958712083,0.01833359698711667,8.531269441594844,0.6499342885817071,8.071428571428571,0.6472394205578232
1.0,0.3,208,0.003753663266223551,0.003687198069764241,-1.3233889150333127,0.004452882649996459,-0.32255272261745443,0.5362874010555031,6.142857142857143,0.5359970642663379
1.0,0.3,209,0.0053298811517044934,0.004282420962516675,4.749226221595293,0.005302694084896003,5.68259832977184,0.5879697557482656,5.75,0.6097410225512954
1.0,0.3,210,0.002030314395263171,0.0017120604592728813,2.9076220175035346,0.0009172163850463454,3.5654811242052915,0.6018325472927912,6.321428571428571,0.6044162811551489
1.0,0.3,211,0.003783981449761786,0.00431309602328507,1.788885119638266,0.003754553315297806,1.7723377809060803,0.5852794306395218,5.607142857142857,0.6014205791371046
1.0,0.3,212,0.00499483561530025,0.003930291476368091,-0.09231638365253758,0.0037567736689672767,-0.7328656543188572,0.6043924221925032,7.0,0.6168355345359415
1.0,0.3,213,0.0014031122644375025,0.001155709955525003,-1.2266698435769854,0.0010310622198543087,-1.4783415772436495,0.6047190116161882,6.571428571428571,0.6240715283880486
1.0,0.3,214,0.01332715373194582,0.014856385094378862,5.9045736409132346,0.014981064223099158,9.130956023517854,0.6339615095394968,7.714285714285714,0.6570254676564891
1.0,0.3,215,0.019168598116739925,0.02054650131285307,7.196072941849543,0.017817293269535284,8.741308970431001,0.6945696522238841,6.964285714285714,0.7083910400094597
1.0,0.3,216,0.013946112351427111,0.014123473421070372,10.509350244252033,0.012338002077792624,6.535133393959607,0.7260557376884653,7.357142857142857,0.7423338637025789
1.0,0.3,217,0.030708488469580082,0.0333074814564739,15.49988360534132,0.029313667262395728,14.318334014219422,0.7350367503328444,7.5,0.7598469571749947
1.0,0.3,218,0.0068054907820359846,0.005099084826581309,8.289398731278716,0.004585506368042925,4.377960813398166,0.727239817390933,7.071428571428571,0.7581956145338491
1.0,0.3,219,0.008057973299127545,0.008998204876511064,4.767235738757776,0.007393973531320602,5.401473030977987,0.6939475154942827,6.321428571428571,0.7021680909293684
1.0,0.3,220,0.02351985360864605,0.025474530757547242,8.646299554940661,0.02388233280367302,10.689592955630852,0.6556958330057626,6.178571428571429,0.6884978706883393
1.0,0.3,221,0.015526023906367366,0.01838698231524204,4.463352865946014,0.016293497818052276,6.133342928279224,0.677771514300666,6.75,0.675416893356423
1.0,0.3,222,0.001968094911316777,0.0016967699420851418,0.7705138149236603,0.0015601384833209414,-0.5680584899117681,0.5619087493631759,6.321428571428571,0.5625503622415091
1.0,0.3,223,0.004958594178245883,0.005042322295393396,3.3781952645966626,0.004287808324600527,1.2080929706194563,0.6094275419788984,6.892857142857143,0.6398513834874215
1.0,0.3,224,0.02650764273442207,0.026222868908889967,21.349383244050195,0.02167391612170313,13.447516238201379,0.6585805469956177,6.0,0.6676034551328495
1.0,0.3,225,0.002581479216910555,0.0033842167840234154,-1.5327053927525611,0.0030872719217089435,-2.0080107747083105,0.5363567970874631,5.964285714285714,0.5466729906694338
1.0,0.3,226,0.041702965541407344,0.046884123486811514,12.442529753943013,0.03820094095016513,7.9562444467844955,0.6396336017753362,6.571428571428571,0.7117836778255704
1.0,0.3,227,0.007151932410165772,0.0068649862342607115,5.15244722863892,0.006150711796811459,0.2925619000188533,0.6406326774333319,6.642857142857143,0.6252330758112221
1.0,0.3,228,0.011628803246851198,0.012173209131418516,5.812699365592174,0.010893030202956268,5.687481739042084,0.5767142679628019,6.892857142857143,0.5984283472771915
1.0,0.3,229,0.004438185379098523,0.005600770529691738,2.508717859797258,0.0033489558225286565,1.6047760066959142,0.5629691429761615,5.892857142857143,0.5684933349402009
1.0,0.3,230,0.031162562041213954,0.03369667293054984,14.085879041090578,0.02785350157364897,14.557671390918008,0.7185110639938274,7.035714285714286,0.7620869995700675
1.0,0.3,231,0.0031433221381670226,0.0009490940245607171,0.7037381909328815,0.0011653853428960105,1.2673363042339172,0.5447687412927643,5.821428571428571,0.5728001532260897
1.0,0.3,232,0.005281500137418428,0.006385363778987928,-0.7090088697883559,0.0057417568888665504,-0.3701954530527492,0.5972864151609542,7.071428571428571,0.5942256840273867
1.0,0.3,233,0.006886876965207078,0.005935849093957032,7.665747182443127,0.004263243299172402,4.709161190474077,0.6424557580378327,6.464285714285714,0.6397563413883431
1.0,0.3,234,0.009967922846176208,0.0071160813315750285,11.62356261016918,0.006408136483598652,-0.4790672184937345,0.6504749668138309,7.464285714285714,0.657965699458325
1.0,0.3,235,0.030918938965650858,0.03264954918595769,7.613665742746214,0.028085682972299145,10.566932731083531,0.6977623159537838,6.035714285714286,0.7259254573521312
1.0,0.3,236,0.004676718561893257,0.0030795528777303313,2.0644374084742694,0.0029898429559822334,1.7399264779918535,0.5857349221407882,5.964285714285714,0.6020213791815587
1.0,0.3,237,0.0014226713100055264,0.0006455968580441175,1.900042466895954,0.000579104904641774,-0.403341377194361,0.5613833836857768,6.035714285714286,0.5935677621625635
1.0,0.3,238,0.013990337984276624,0.014945845908651034,5.419552367358996,0.014759626745171369,3.820647894196687,0.6727965946397542,7.857142857142857,0.6869200048737114
1.0,0.3,239,0.01185926649878979,0.012892192170332674,6.370857275545966,0.01114497649654322,6.2872294461417555,0.5973614742645046,7.392857142857143,0.593857243759714
1.0,0.3,240,0.03874000730015204,0.047129266003429905,9.609405770985916,0.04369058633545768,15.750858580376269,0.6739536483180395,6.392857142857143,0.7302515777639731
1.0,0.3,241,0.01121107862036522,0.011122491591310402,7.746951618418031,0.00972409494436595,5.929708048096482,0.6976697804472222,6.535714285714286,0.7131966960413205
1.0,0.3,242,0.002770272157394947,0.0025007442441172755,3.032727755233317,0.0023901013597252517,2.344700448479756,0.6774082640831468,6.178571428571429,0.6825275792954897
1.0,0.3,243,0.009481826425281906,0.010686401374326067,7.476482531387177,0.009219781135157581,7.247324443916217,0.6902858231918917,7.714285714285714,0.7007792531778136
1.0,0.3,244,0.0007623963508250775,0.0003119673654388582,0.11670412741362668,0.0002777852743471462,0.3620337817514023,0.6086378473142428,5.964285714285714,0.6223393662669479
1.0,0.3,245,0.007211141303007153,0.00783571590324659,3.9692356653482435,0.006952764262513971,-0.3541094313676562,0.6372141480460327,6.571428571428571,0.6372525971505848
1.0,0.3,246,0.0063879353579574085,0.007512388642373128,0.2877815962531969,0.00835328256132633,3.692566407379777,0.5987183640987764,6.142857142857143,0.6257631349219459
1.0,0.3,247,0.03499406897175736,0.04227040890579785,9.72655287617993,0.03843185914411955,16.46495628780637,0.6577016078450263,7.321428571428571,0.7112970308959896
1.0,0.3,248,0.00262943025063732,0.002667101527568254,0.5918309150150165,0.0032975502787018504,-0.18200477303453985,0.5913589268591188,6.928571428571429,0.6092578558382753
1.0,0.3,249,0.004061107568181051,0.0059454297750814525,-1.9559535720471573,0.005447706975839532,-0.5128776565885668,0.5044879624647253,5.142857142857143,0.5272169808054137
1.0,0.3,250,0.012751621860978894,0.01331099108318081,4.579649270566186,0.014351660897523807,8.2565415893649,0.6822932254543951,6.5,0.7035146329854394
1.0,0.3,251,0.0044707124880968944,0.003495013018359369,3.510453150875989,0.0026964063746775877,4.226904419195269,0.5947645416322332,6.178571428571429,0.586679196519184
1.0,0.3,252,0.004666900711567629,0.004926472402108377,3.7180360408527164,0.004229016287225363,3.9398708772621567,0.5609401803958213,5.857142857142857,0.5532196501818079
1.0,0.3,253,0.0022659455921850424,0.0015741836456391,2.720110015138893,0.0019235633670095591,0.4360557725932684,0.5417435134291235,5.5,0.5486909127688195
1.0,0.3,254,0.007839065842604647,0.007353284038214645,2.752628344890084,0.0071373674223956,2.3508621062374004,0.5339030611131494,6.178571428571429,0.5550597090747165
1.0,0.3,255,0.0024920177124015362,0.004090653095700329,-0.07511588504964806,0.003826517377596777,-0.04691115832368572,0.5812849142672426,6.642857142857143,0.59800262425428
1.0,0.3,256,0.008247102423536089,0.006718020234775603,2.7660203491600868,0.0051911849241502266,1.9866328579179442,0.7236699343638879,7.821428571428571,0.7410262678850127
1.0,0.3,257,0.011878377868084291,0.013866160696162574,5.141894264883646,0.01361240711451558,7.255046786457655,0.6300844223921314,7.214285714285714,0.6495511493789868
1.0,0.3,258,0.011574335480813639,0.009842575509820688,5.0773120077041085,0.006753932330056308,1.0095943404644554,0.6031570832566567,6.321428571428571,0.6181292497209829
1.0,0.3,259,0.038815999802730865,0.04404352145163474,12.07930529622752,0.03953287631988578,15.185101027965393,0.7417730633181898,8.464285714285714,0.7897109771175208
1.0,0.3,260,0.005441617271910932,0.0057787600597535484,2.122077249687621,0.006168316954109768,1.7110519452854476,0.5205393877894186,5.785714285714286,0.5171919051912968
1.0,0.3,261,0.0008442887563616354,0.00044174258309478037,-1.7734652098825876,0.00026445757151063613,-1.9510152643284566,0.5961413685856314,7.178571428571429,0.60703102016096
1.0,0.3,262,0.003928622180888742,0.0058707168333987795,0.03152568812811296,0.006458213468079676,2.799306602841862,0.6780270899511199,6.678571428571429,0.6801040610903536
1.0,0.3,263,0.018107765563300435,0.01861578701283086,6.532835332983893,0.018595291204468622,10.266565784683584,0.6495097124127261,8.214285714285714,0.6795294029038212
1.0,0.3,264,0.006883104855554566,0.006012231952261402,3.996092490724294,0.005451492103459204,0.954485595759337,0.5730859207875757,6.178571428571429,0.580074701037956
1.0,0.3,265,0.0038131293202029147,0.0027644018491694,2.4558215328782467,0.0029179074449724933,2.9094628446628215,0.6682762854546069,6.178571428571429,0.6655011327526545
1.0,0.3,266,0.0026755339809347092,0.0019775521221599653,1.2315181798967672,0.0016927676777214653,-0.11602983529515616,0.5462897693721723,4.928571428571429,0.5792721289004219
1.0,0.3,267,0.0033078722044499287,0.0031702133983924144,-1.1542957796231619,0.0028645194254144422,-1.7057037482372077,0.6767919499312149,7.5,0.6926541042281911
1.0,0.3,268,0.0019373847457872168,0.0009659820366780698,0.7331065052394905,0.0007083024468638776,0.7120906187870162,0.585712431881699,5.964285714285714,0.5976278170008187
1.0,0.3,269,0.0011393365297862473,0.000685640368233566,-0.7477562606532615,0.000861333417513146,-0.6843501310801798,0.5764612991130319,6.571428571428571,0.5874464937449319
1.0,0.3,270,0.003642517556648228,0.002686595489239036,4.833226155852742,0.0021596162643664207,-0.4575407556070748,0.5921557026980503,6.464285714285714,0.595204942535162
1.0,0.3,271,0.02415781942928109,0.026114744902964632,11.997268693642873,0.024830590388359296,12.781265241863082,0.6760571221507174,5.821428571428571,0.6989023703749965
1.0,0.3,272,0.00961192234460836,0.008575996315088817,6.270815582164566,0.006137657272879776,1.9947545553719028,0.6284186623296668,6.678571428571429,0.6323716940086377
1.0,0.3,273,0.033920078518216254,0.03646450518733307,14.863768757356667,0.03356286841195758,12.67907538574525,0.7356306193901084,6.928571428571429,0.7696982533049572
1.0,0.3,274,0.0011937225214181963,0.00027834992479273523,-2.8105722851338726,0.0001509185608441547,-1.8978138455842195,0.5823320542138427,5.25,0.5916905675484361
1.0,0.3,275,0.001317400777327989,0.0014944389640206576,-0.3469095866078007,0.0013130083007865763,-1.4338447460107584,0.5922551001691733,6.107142857142857,0.604046925570404
1.0,0.3,276,0.014115646264728223,0.015144141135626728,8.219617648100098,0.014469761848603404,6.080296870291126,0.681950665828796,7.285714285714286,0.6956889335364687
1.0,0.3,277,0.009374286959282734,0.011865786727025924,-0.24143943891864694,0.01139809615446423,2.634977578356787,0.5896106191899527,6.25,0.6173100811749952
1.0,0.3,278,0.0009493708805306921,0.00018431868921895607,4.6822460455503006,0.00016481616487340524,0.39132873455432104,0.5842758545262395,6.535714285714286,0.5717288701480456
1.0,0.3,279,0.02043806087167503,0.025388123783497443,7.754766892961047,0.0235423778837887,12.234479082847258,0.7781916250977824,7.142857142857143,0.8151711451060655
1.0,0.3,280,0.012384369511788496,0.013076654257930469,0.6558477780243521,0.011729421437427808,2.4213136655245173,0.6244529081150524,7.714285714285714,0.6377058601531
1.0,0.3,281,0.02027994809475642,0.02185622566936917,8.843088131601505,0.02148207407554143,9.854345131853497,0.7276066864854165,7.178571428571429,0.759328254031025
1.0,0.3,282,0.03088983361562072,0.03224799275452491,5.567316260493342,0.028236688614807326,5.4109984021653,0.6876631475271137,6.142857142857143,0.7075359226369182
1.0,0.3,283,0.03609780241042225,0.04079187935378575,12.94742379964159,0.03710936976044405,13.431724168398963,0.7059009911740693,7.071428571428571,0.7595878017423825
1.0,0.3,284,0.006787585858182913,0.008672393584693582,0.5681574393989024,0.009079982045526491,2.960670145222025,0.6238129023666205,6.0,0.6277136152524333
1.0,0.3,285,0.005288837438929373,0.0029020000254064925,5.365099532771211,0.002498050120643899,0.47277556762095213,0.6201755665781524,6.535714285714286,0.6025129145078113
1.0,0.3,286,0.011673258094139575,0.011745836881951187,7.786257722971179,0.011384410362016706,6.54380549963101,0.6457814661813226,6.5,0.6474831966519352
1.0,0.3,287,0.005444861420424632,0.002308037602532853,5.277175655499889,0.0016387076351034261,-0.07441333892160173,0.6290755185116534,6.357142857142857,0.6456536287008551
1.0,0.3,288,0.025532965292745725,0.028875368758939025,14.438814575470118,0.02604204009599758,17.777708790516765,0.7020648159227207,6.892857142857143,0.7449888364258537
1.0,0.3,289,0.0038357068456911186,0.003965209027995616,1.6298763456583956,0.004906947835619514,4.993604628855223,0.6181871872451723,5.785714285714286,0.6261422874168934
1.0,0.3,290,0.0018728608608513597,0.0014519968282000007,4.73384036827273,0.0011784911197723527,0.6809167131698075,0.5903733726097339,7.035714285714286,0.5860912511474593
1.0,0.3,291,0.021790331317277038,0.023955711168621028,14.511160289387234,0.02241132407568334,11.47332783342506,0.7532825044188486,7.928571428571429,0.7798105455601059
1.0,0.3,292,0.023464296034038993,0.024694120199205027,16.009056887565947,0.02036085549473764,11.992716599905625,0.7035158391434828,7.464285714285714,0.7222192077668215
1.0,0.3,293,0.016618618819989276,0.01666940066467045,9.80624267743356,0.013485758782335697,5.889978702657696,0.6477023915914909,6.785714285714286,0.6627567808260345
1.0,0.3,294,0.004109885993434748,0.0035744839919632384,6.22768763105195,0.0037349872116048434,6.006396248007708,0.610204693266326,7.142857142857143,0.629123183426911
1.0,0.3,295,0.01950408016218049,0.023743117464699096,9.181084561662779,0.024197010316975937,5.526912768345237,0.7510091179736665,6.892857142857143,0.7816716969793949
1.0,0.3,296,0.014692784463139881,0.01597100425088464,5.049695219899377,0.014732540285671353,6.062242858777476,0.6206750572585743,7.571428571428571,0.6364341025193645
1.0,0.3,297,0.0013450243687288981,0.0014187383975415085,-0.815605438658821,0.0007526506971582854,-1.5741490783112795,0.5634062393288497,5.75,0.5683808917583197
1.0,0.3,298,0.0050562671349920554,0.006535149033659928,1.9859963254592472,0.004242329343346875,1.79013026534228,0.6076899778088549,5.392857142857143,0.6078475936321713
1.0,0.3,299,0.01391571505257005,0.011926236696195676,12.62214698764734,0.00947412698538049,4.182192008093978,0.7241518406260985,6.892857142857143,0.7360068400538385
0.5,0.0,0,0.004882208982273917,0.004153011605209875,1.2446026816478053,0.004733525250106931,-0.9332005747252575,0.6014121216501154,6.5,0.6252433454676045
0.5,0.0,1,0.0008720774674159942,0.0004462167349363977,1.514286206900799,0.0004406021006122337,-2.1363010885214067,0.5984134376784697,6.25,0.6103960576468905
0.5,0.0,2,0.006335651197854797,0.007531175545875463,2.069234311252856,0.005591245861621211,4.592422511373305,0.5942302334600706,5.75,0.5983303379414502
0.5,0.0,3,0.00089674616856056,0.0005879376948224609,0.39386535223988517,0.0006409590111457806,-2.382753937929351,0.5218908703119718,5.678571428571429,0.5244668452819085
0.5,0.0,4,0.008135972542521455,0.007408189894336052,7.892430538778385,0.005713133596000026,4.3042956100743295,0.5899334235565287,6.214285714285714,0.6085744760887271
0.5,0.0,5,0.010041139400410069,0.013248380825380145,0.6448124928371115,0.01182297576179034,0.3383206634783467,0.5568226461056298,6.071428571428571,0.5645301628935979
0.5,0.0,6,0.005744251830528337,0.006436227991302629,1.3481308846204527,0.005916127872853609,2.419486928709574,0.5934737403288411,6.821428571428571,0.6121116837101137
0.5,0.0,7,0.00646965438813614,0.006464762245013462,1.0673635948278104,0.0060998696605047515,0.7188660850694362,0.5835425124324801,6.25,0.6026471543061285
0.5,0.0,8,0.0018004221795920121,0.003302892573402602,-3.124183658900577,0.0033516309471084056,-4.606765737278958,0.6043863591426709,5.821428571428571,0.6272047593108127
0.5,0.0,9,0.00019567631162814022,0.00044026235851211894,-0.5527206295118035,0.0006103726573400382,-0.7013297165674052,0.5496543804904784,6.5,0.55113022270806
0.5,0.0,10,0.0015109468339217938,0.0014534710011206888,-0.9855719611100966,0.0012268094037110873,0.06741212661277511,0.6146768695779319,5.821428571428571,0.6231289831474587
0.5,0.0,11,0.010013753956573937,0.007647527503551079,5.665374511876919,0.004696853208024105,2.9701012022261657,0.6091998202873883,5.5,0.637827637557433
0.5,0.0,12,0.0018500716069319524,0.0014728560703720897,0.9740802567967322,0.0015777610904623162,-3.764100985214791,0.6076706403098722,6.928571428571429,0.620880914125752
0.5,0.0,13,0.003338153265940261,0.002125332601024207,3.346993979168765,0.00219944190873703,-1.7982653761506338,0.5842831510478925,6.25,0.6023485094798258
0.5,0.0,14,0.00208077619082134,0.0025469128941735643,-0.08518378634857982,0.0014625560872065402,1.9559145876044493,0.5778542619564161,5.928571428571429,0.5861591455456792
0.5,0.0,15,0.001429872108801244,0.0012685305176658283,3.8398755042963373,0.000668399771732655,-1.5808036448475018,0.6040822429310213,6.285714285714286,0.5994723317779364
0.5,0.0,16,0.0019629664789747926,0.0010780917296286212,2.7561010858952955,0.0008025663145513647,-1.100774995151151,0.5771420698521199,5.357142857142857,0.6145826072928512
0.5,0.0,17,0.0005867141763940202,0.00035297001190176763,2.364495643204677,0.00037285049748866976,-1.29881634140411,0.5873683706149756,6.0,0.5943885903493967
0.5,0.0,18,0.0018835667477526614,0.0013774258016956127,3.9523746920349367,0.0012229258699063825,0.14576513862597076,0.5582951470650501,6.535714285714286,0.5724944876160896
0.5,0.0,19,0.003516035033802663,0.004290912368191892,-0.22622681796660515,0.00433003731030061,4.950295372927703,0.6063453290119577,6.392857142857143,0.6137798842788766
0.5,0.0,20,0.002600579523605196,0.0018882279012049283,2.0687047887069454,0.0014235436138215192,0.9064925138830707,0.5554953627406064,5.678571428571429,0.5464388002585077
0.5,0.0,21,0.005329238403721209,0.004895220276352534,1.6708295715214092,0.003948898442674758,4.245730906265493,0.5217670044876422,5.785714285714286,0.5180370446019074
0.5,0.0,22,0.001851325951101278,0.00230203520695389,-0.28326435439306863,0.0021167414524861056,0.05082786731472311,0.6083751052929737,6.714285714285714,0.6168363593271496
0.5,0.0,23,0.003682776903249778,0.004099195139672979,-2.292783876236008,0.003700530522853895,2.877543802383959,0.5706461207300856,5.642857142857143,0.5817398136689038
0.5,0.0,24,0.005558251433214969,0.004852636348933556,4.545208450038174,0.004394474981172984,0.34913121101754047,0.5732203437375629,6.571428571428571,0.5882229139661146
0.5,0.0,25,0.004890347055990081,0.004608959163381324,3.163538085552908,0.003126910968812902,-0.9521673245966156,0.5980342985998733,6.25,0.6210158077219778
0.5,0.0,26,0.002589029802021697,0.0031987064032498952,0.8069149073119917,0.0028278526793679357,-0.3024078423843453,0.5855882590623851,5.928571428571429,0.589444439803597
0.5,0.0,27,0.002168208601532018,0.002442006721877679,0.8234693667740132,0.0021808459881821614,-1.2797107719883438,0.5787248870247069,7.142857142857143,0.57638710983912
0.5,0.0,28,0.001016435300554469,0.00040213768065246733,0.413136639377953,0.0005436847319440669,-2.8456503727348568,0.5743728838200255,6.071428571428571,0.5837458366463495
0.5,0.0,29,0.0014732527330734886,0.0010566110060581091,2.4414198589532035,0.0016474677196288508,0.23949476891458707,0.5936567647058828,5.821428571428571,0.6067703459055134
0.5,0.0,30,0.0017215158864792386,0.0009192407127381345,0.25210993093567424,0.0006380042184198362,-0.49101347336970963,0.5593189312309886,6.535714285714286,0.5666128411612414
0.5,0.0,31,0.0035057219468346786,0.002312072447949477,2.3121482195600507,0.004337708089399667,3.6519414285722767,0.5880979881239957,6.214285714285714,0.5906073652315935
0.5,0.0,32,0.004201881331563805,0.0029839743156346798,-0.6277852928002758,0.0030938372470723447,0.8586381921725111,0.6199676741788693,5.75,0.6307276336703529
0.5,0.0,33,0.001788176799413639,0.0017301136285668686,-0.27475542078111204,0.0018363211885263529,-0.10843643782219677,0.6165769088059196,6.178571428571429,0.6272096175321964
0.5,0.0,34,0.006908564877044391,0.00781928833968035,0.48337678066268097,0.006776669919637905,-1.6693678219055907,0.5585716623853335,5.464285714285714,0.5940038453677219
0.5,0.0,35,0.002468499199359114,0.0007418859046541026,4.1159602427602024,0.0014342315811752267,0.47203225430827916,0.5455588903687796,5.071428571428571,0.5358439649129596
0.5,0.0,36,0.0012920155576708577,0.00025734224558806614,-0.021635887504039886,0.00010490885190669626,0.11339510786268647,0.586683953579244,6.214285714285714,0.6061579887257178
0.5,0.0,37,0.003979146218069181,0.0010337759501760986,3.073080103085047,0.0009548699468320469,0.3851150504960401,0.586676268140675,5.821428571428571,0.6122959440776674
0.5,0.0,38,0.002581085043042729,0.0015908533679222189,2.4796073019492724,0.0012362902793471356,3.852823362196536,0.5893038151451178,5.75,0.581396992220826
0.5,0.0,39,0.010420766325626898,0.007931373051783198,-1.0263683011763263,0.0039059403306157493,0.22416023923066555,0.5459678872905529,5.785714285714286,0.5672076262649349
0.5,0.0,40,0.006844288155046164,0.0051509121191099,2.622521211182381,0.004902551645295483,-1.0741245313178165,0.5929676278932379,5.392857142857143,0.6197228268022803
0.5,0.0,41,0.0011066792237713159,0.0013479193185110675,-5.671144222148527,0.0013359084255291482,-0.8347153056569331,0.5387914245653525,6.035714285714286,0.5734771760482785
0.5,0.0,42,0.0024684311762374136,0.00478929125916251,-2.451764670384158,0.00517942285033536,0.7120997086511238,0.6068094843280667,6.857142857142857,0.6359783852600839
0.5,0.0,43,0.0016624148593864596,0.0019313286647506202,1.5781201939248248,0.0031135307320535395,2.0271887812566547,0.6400733810279406,6.214285714285714,0.6446303545061746
0.5,0.0,44,0.004512020539567052,0.004282946673884496,2.2197860878444686,0.003054389165846995,2.096079398991028,0.6007725071875453,5.892857142857143,0.5928026375575587
0.5,0.0,45,0.001901709862574825,0.0008960631310175465,2.3362184191546334,0.0011202119770687446,1.447253216682185,0.5797913137859013,5.75,0.5759689004629447
0.5,0.0,46,0.00282892178156695,0.0019639758222890743,5.196320703130802,0.0018599366412348863,-1.020722915967762,0.6179842031930537,6.035714285714286,0.6208465344141793
0.5,0.0,47,0.006262410120490723,0.00474672386226326,6.323428552535546,0.0037545661641136536,-0.8930595145303547,0.6132221605780744,6.464285714285714,0.6121870112876349
0.5,0.0,48,0.003915841542199962,0.0034379346762657965,1.9444673040102884,0.003547479125056481,4.263860869328094,0.5312391297878999,5.0,0.5260792718598375
0.5,0.0,49,0.009111629670406149,0.008039947908458698,7.732234067925624,0.007947091191132152,6.257894982993132,0.6182153422483558,6.821428571428571,0.6327046783127956
0.5,0.0,50,0.004264344002982252,0.0013172310868173854,4.301224767003909,0.0014199695551344912,-1.104490651246986,0.5945301671337649,5.857142857142857,0.5815972555495008
0.5,0.0,51,0.010474465748746399,0.008590615446806416,3.577975214454348,0.007396725334882019,3.7509133487095596,0.5363861749032232,5.964285714285714,0.6050458985997365
0.5,0.0,52,0.00210169743160621,0.0015527405319695142,0.5468102080991386,0.001175731371637962,-1.82062115874668,0.5645971294707002,5.642857142857143,0.5929091362076848
0.5,0.0,53,0.001641032633029787,0.0012229338910010286,0.14965869346178096,0.0012086547045754312,-1.3408861458001031,0.5919379545167024,5.0,0.599308479963566
0.5,0.0,54,0.0034514741969836863,0.0034304151813115366,2.3080585167872343,0.004409976812148406,3.0210133587057917,0.5801194286805336,5.75,0.6089302729106869
0.5,0.0,55,0.005866442588504656,0.003390102257429215,8.391773197241648,0.0027195762481720493,1.4755014306594205,0.5624034964410582,5.321428571428571,0.5946975249489408
0.5,0.0,56,0.018252087607465245,0.020802614946980404,1.4511236298911498,0.01768609333186962,6.393872750272702,0.5913077018279763,4.75,0.6320598424645775
0.5,0.0,57,0.0019019727990330546,0.0002980626472435186,2.581758753242511,0.0001800688722952121,1.7549636539453008,0.5019527278277492,5.964285714285714,0.4942943634860185
0.5,0.0,58,0.0011210452223727096,0.0009336447978979769,1.47649867776272,0.0005542117745251421,-1.093690211001719,0.5846234359501834,6.142857142857143,0.5906442494920783
0.5,0.0,59,0.00027725566672383664,0.0007782684667438132,-2.745589631661346,0.0005643608001830184,-0.9796485173298967,0.5800735996739703,5.107142857142857,0.5850507870969925
0.5,0.0,60,0.002689051065497087,0.0020212435586012944,1.6434362869139747,0.0019337028451254412,1.0151864501832317,0.5543301166206497,5.821428571428571,0.5568178822941573
0.5,0.0,61,0.0026493157573462866,0.0016569188373631864,0.29764673486860715,0.0007713322324638824,-0.1309222774621238,0.5455631493375596,5.678571428571429,0.5545415893196499
0.5,0.0,62,0.002498020770234794,0.0017198860857199772,2.113642378215367,0.0011602915868964554,-0.016453776489830336,0.6097057961722714,5.928571428571429,0.6348035104180005
0.5,0.0,63,0.004033493056054247,0.0023628965338004324,5.907366202807154,0.0022529873040293548,-0.09160661670632446,0.6032930831878398,5.25,0.5947424660113476
0.5,0.0,64,0.0017500075179907213,0.0009890548199582344,-0.05286512173609026,0.0009475676052853123,2.3750845597522527,0.5388329772203119,5.535714285714286,0.5358149966363859
0.5,0.0,65,0.0027872911584897473,0.0012667128038777468,2.9280974167458638,0.0009841978345195108,-1.61218131880788,0.5689362185141222,6.357142857142857,0.5764458208913286
0.5,0.0,66,0.0016646415765423771,0.0009265535844873265,0.12278528323647464,0.0010736032372127761,1.9672879052897752,0.5857209531955102,6.107142857142857,0.6112247817007759
0.5,0.0,67,0.001377504726979329,0.0009272275924078825,1.9505412678905643,0.0005372972868836917,1.711173886840849,0.6560425405833014,7.142857142857143,0.6724607712579335
0.5,0.0,68,0.003516386847366079,0.0026284069503352465,3.3727395756324086,0.00210109593220117,-0.18234049586283163,0.5853776100684517,5.428571428571429,0.5951565313146241
0.5,0.0,69,0.0034723565589723044,0.0017037965965899548,2.5944805934827926,0.0012737278592669411,1.3364873865460158,0.572501798748081,5.964285714285714,0.5826805584506369
0.5,0.0,70,0.0035199085247980843,0.0022391294109809657,1.2791795739003788,0.0019553172460697846,-1.8092004152886716,0.5579907836810014,5.642857142857143,0.5801589303254661
0.5,0.0,71,0.0021344528607791084,0.0019650003108581033,1.7592558967628236,0.0016108408500338232,2.31982119191872,0.564231087131394,6.357142857142857,0.5638580385265103
0.5,0.0,72,0.003251113344772499,0.003611812172130027,0.8682446873142382,0.0035587942792048486,0.3910738382372851,0.6107498567280816,6.464285714285714,0.635034763767552
0.5,0.0,73,0.0009954233401296175,0.00033309787625372255,-0.2096500452949499,0.0003414842609319827,-2.365413860524493,0.5375479107549125,5.25,0.5280078549895952
0.5,0.0,74,0.0020482912542290265,0.0019778075997576895,0.42174737506331894,0.0017724731548177325,-1.6311397995396721,0.6017037398271476,5.964285714285714,0.6250997613884064
0.5,0.0,75,0.005558037024012173,0.003965612253139049,-3.8466220029506246,0.002927190025945788,-2.387406231985428,0.5269863745222654,6.392857142857143,0.5539686611829686
0.5,0.0,76,0.0032607586858880173,0.0032781644778536083,2.3353986111222724,0.003940294732190066,2.790958771709588,0.5930140841009388,5.107142857142857,0.5927484628569939
0.5,0.0,77,0.004841849497497056,0.0036477256176153366,0.12427730228815648,0.0032536131295499435,-0.3006040484064935,0.5670579327403796,5.678571428571429,0.5877137260963248
0.5,0.0,78,0.002074102930939396,0.000527978214842915,3.1460975477716673,0.0006259949252214795,-0.7132797430873458,0.5990839076498146,6.642857142857143,0.5969691105785049
0.5,0.0,79,0.005791120417614462,0.0030759144624441276,6.4309309438488,0.0036203367791494737,0.939455893358191,0.5538632593950418,5.214285714285714,0.5611560627628087
0.5,0.0,80,0.0010803820885169984,0.002012079805961079,-1.0606033749353116,0.0010834866799263878,1.5418275887443922,0.5662752963115567,5.428571428571429,0.5718109066979538
0.5,0.0,81,0.013255994051242732,0.01601383787856852,4.046255623619565,0.013001749074053864,2.8517136158084404,0.6031682195272167,6.5,0.6479712417031976
0.5,0.0,82,0.013158283924899858,0.018248931207085806,1.7989253169206023,0.01527000191100157,6.115188833446808,0.5702983384782229,4.857142857142857,0.5769862100090113
0.5,0.0,83,0.0009707774654479913,0.0013056588402768831,3.532593792777867,0.00066544216250776,0.997167373647784,0.5951956870520367,6.214285714285714,0.6047201664231512
0.5,0.0,84,0.00552041509610689,0.005645170301594218,-1.7428124088443795,0.0059010601248964305,1.751478737464036,0.5697703305704263,5.678571428571429,0.5914506237159125
0.5,0.0,85,0.002755461697524391,0.0026324423939541757,-0.9391568837682769,0.0016616691324355848,1.7019726405358995,0.5977157913629995,6.464285714285714,0.6130204728617515
0.5,0.0,86,0.001149171632443724,0.0005455710367123929,1.8496294668319635,0.0003241248187503944,0.0813303305955723,0.5235608879209417,5.607142857142857,0.5401627929635112
0.5,0.0,87,0.0036664085845806316,0.0023291028965534383,4.190064825859281,0.0014688467555701334,0.4364650365302509,0.6238833043119628,6.321428571428571,0.6386828454558386
0.5,0.0,88,0.004688218666200044,0.00453529410714269,1.873412735171577,0.003812823411959815,-0.18175832105738246,0.5950686013973708,5.857142857142857,0.6154105266723873
0.5,0.0,89,0.01545157348967991,0.015961005091862664,9.123912572430129,0.012318492189556027,4.018872596538841,0.5364486155626718,6.821428571428571,0.5748820670531011
0.5,0.0,90,0.0008221564519406949,0.0002572969889613406,-0.7867380318611552,0.0005637177291597856,0.0511392385618592,0.5724998698029522,5.392857142857143,0.582303286881981
0.5,0.0,91,0.005220137436896426,0.003632628804620217,-2.6437202964620425,0.0038098360548018493,-1.975048902336198,0.5704181101658523,6.285714285714286,0.586338487341273
0.5,0.0,92,0.00605971487712964,0.00549382292819616,2.1252922957425184,0.006083439526128144,2.368552316329177,0.625760636558491,6.607142857142857,0.6453995125413552
0.5,0.0,93,0.005442485029777301,0.00876187243754104,-1.293622914141082,0.007733618754673544,0.9196206512040325,0.5761459032420415,5.321428571428571,0.6005477689873084
0.5,0.0,94,0.00024430208416406537,0.00021082849858227134,3.024261180196767,0.0001888105100277031,-0.5098198051007993,0.5425268704058376,6.142857142857143,0.5442822629440306
0.5,0.0,95,0.0007751205026345896,0.0003369084850971129,1.2571164966880986,0.00033589973694781545,0.11303889639152469,0.5362668019787536,5.821428571428571,0.5321597533463904
0.5,0.0,96,0.0026614743113505097,0.0025328797689679046,2.7064840777655377,0.0027290017169812287,-0.34640856492535477,0.6539375244928735,6.071428571428571,0.6668024018181495
0.5,0.0,97,0.005796472959071561,0.0057794627212080845,0.6833080080867902,0.00447576553825951,3.2941574181076114,0.5744826863832516,5.142857142857143,0.590722725357991
0.5,0.0,98,0.0009500708621685418,0.0006129939141463449,-1.8011272935475304,0.0006785714553128026,-0.30134365822236003,0.5855899135092353,5.571428571428571,0.6083606037051201
0.5,0.0,99,0.006377971886111074,0.006003261636738073,3.9901727370298374,0.006115242624116118,2.959508445987884,0.6242650655846254,6.607142857142857,0.6339528489296682
0.5,0.0,100,0.0010225154666364626,0.0008060039698623408,-0.6212793561070242,0.00012507448844777396,2.995546099153254,0.5685307178038923,4.964285714285714,0.5839267676737832
0.5,0.0,101,0.002014805343086763,0.0017222513978788496,1.1300950202175315,0.0012179393541435198,0.5371473122266271,0.5649988407820229,5.75,0.5702435418835841
0.5,0.0,102,0.0013340415286635992,0.0008724493194292611,-0.08061719225702291,0.0007083040028865936,-1.5994964725540324,0.572710001946062,6.428571428571429,0.583316180777556
0.5,0.0,103,0.004306615971403331,0.004914006326455639,2.682404068034664,0.003728834167133955,0.6432600196917898,0.5861724378698147,5.892857142857143,0.5889357246799874
0.5,0.0,104,0.005955480834034958,0.0057948809380465385,0.8546846692863923,0.0044451100536603855,0.3150937215547553,0.6109974997586273,6.142857142857143,0.6319047917759022
0.5,0.0,105,0.0030188464339681058,0.0022869735213047722,0.68726800700464,0.0018277038838923137,-1.2537244232536864,0.5764918398505968,5.785714285714286,0.5765082133286854
0.5,0.0,106,0.006662042881804848,0.006649936371940835,-0.013632773339203652,0.004822740571814026,3.683209386905901,0.616476830977863,5.75,0.6361382539364254
0.5,0.0,107,0.0025929649640238864,0.002695100917155168,-0.8846332679460218,0.002535740634649338,-2.513122392884469,0.6156173622640504,6.678571428571429,0.6226775306622292
0.5,0.0,108,0.007752142754502663,0.007428462036817925,4.302828582786965,0.005234611871433599,-0.2152228887123897,0.615846471647363,7.214285714285714,0.6091239278512683
0.5,0.0,109,0.0024595117080467715,0.0038011438072215417,0.8556058762958827,0.00372070202562673,-0.7391466751775511,0.5580268529427271,6.142857142857143,0.55952126623797
0.5,0.0,110,0.010024189470460396,0.009776024425722113,5.236648082771204,0.009556081715651902,-0.7436790745627491,0.5697361930503707,6.5,0.5605719697695314
0.5,0.0,111,0.0016863676226028964,0.0018474588018055707,-0.4683964194866803,0.0018955796414181336,-0.9341294137437046,0.6132274679434806,6.714285714285714,0.6298153944774425
0.5,0.0,112,0.0033583875061743928,0.000555288463423181,-0.36615806992330846,0.0007758821204668475,-1.1177127286671766,0.5844708153865245,5.964285714285714,0.5699037681396042
0.5,0.0,113,0.0010638799202654598,0.001516214134475917,-2.1899442772053703,0.00185067779698233,-0.6897895525841496,0.5963128908008821,6.428571428571429,0.6149125338344819
0.5,0.0,114,0.01107632960949667,0.009777197734325345,3.9014254258526435,0.010284568517094368,2.270691720267204,0.5502005165472196,5.321428571428571,0.5765572783471321
0.5,0.0,115,0.0024827681088492167,0.001988196962084271,-2.445601248474013,0.0015213047453616437,-1.9015728781998007,0.6200029040616372,5.857142857142857,0.6468474837991519
0.5,0.0,116,0.001548137711810867,0.0017554515449903125,0.4788818087753697,0.002083179161823547,-1.078650837218068,0.6046698320551606,6.785714285714286,0.6219317182416069
0.5,0.0,117,0.002473932442831054,0.0024925307236178963,-0.8306429232757111,0.0035333484999694837,4.340276768535101,0.6127749913412347,5.607142857142857,0.6228562086014849
0.5,0.0,118,0.001942135519508094,0.0025132686724309624,-1.7404065904949562,0.00200928409733517,-1.4701597324447941,0.5969145688820122,5.821428571428571,0.6160230347286235
0.5,0.0,119,0.007500451748399054,0.0075876099333977275,3.846089534005003,0.007059000634830152,4.379012200514325,0.6064768319787207,6.0,0.6263412632666094
0.5,0.0,120,0.006950368414437288,0.008150687472091198,3.7799772405341017,0.006738647036316071,5.143227878773113,0.5924687377158152,4.785714285714286,0.6110621972485056
0.5,0.0,121,0.004086661436333543,0.0016798206489754357,2.4943283463488086,0.0011241900809536307,-1.756084013986661,0.5552172292178917,5.5,0.5837911297537841
0.5,0.0,122,0.0018954591504278565,0.001622890077260064,1.7361934560845924,0.0010544340126612565,1.2153890368969371,0.5878869241431061,5.892857142857143,0.608827546171573
0.5,0.0,123,0.004354516146863946,0.0036652997232722428,3.687935231425257,0.002473025202941877,2.03125395896843,0.5688954820029523,5.892857142857143,0.562666366107386
0.5,0.0,124,0.0009258886449393809,0.0005867375671596862,-0.39077301976381307,0.0004331247843249628,-4.653394488091853,0.5948024754499535,6.035714285714286,0.5894277126355614
0.5,0.0,125,0.005455851223495957,0.004103196729974873,-0.9005664358377317,0.0031829604529149138,-1.7564421704652584,0.5736849521801324,4.928571428571429,0.5790149248031065
0.5,0.0,126,0.006747305124605508,0.005363446838743354,2.9565373667825057,0.004339847157692389,2.269529901694805,0.5513709484956216,6.535714285714286,0.5590035488200781
0.5,0.0,127,0.016117217673658972,0.02009719881974631,3.2779197823351183,0.01747435838400663,1.5392148130682604,0.5355051812467024,5.678571428571429,0.5875997540331799
0.5,0.0,128,0.0035912904168794923,0.001316913527060394,-0.11709582907490557,0.0015030882280811172,-2.391438986352218,0.5325853027059488,6.071428571428571,0.5413297115879661
0.5,0.0,129,0.0043997952148359925,0.005936647914190369,-1.0385086255706781,0.0051667317960059425,0.7096276278337162,0.5736203943220008,5.964285714285714,0.5743141681311028
0.5,0.0,130,0.007039134575027186,0.007862593485818834,1.7079384070714383,0.00657729722892099,0.27646867420130167,0.5959081095521285,6.142857142857143,0.6043716921377698
0.5,0.0,131,0.0018286752630385858,0.0019514695840778453,-2.0125952689535467,0.0017097765927376945,-3.1874412903441587,0.6182932323295829,6.392857142857143,0.632194856761956
0.5,0.0,132,0.001482667595862519,0.001789008937962125,-0.006769786216942464,0.0008329525247339075,1.3323376622306664,0.5809330775144536,6.107142857142857,0.6013252554020039
0.5,0.0,133,0.0102085876840758,0.012778035775572705,-0.38261034084844425,0.011654376096272899,1.478150586750265,0.6279654296453729,6.142857142857143,0.6505096171132628
0.5,0.0,134,0.004618523662165684,0.004157245144858544,5.279263272897211,0.003060370966839992,3.6590990377845194,0.5548609062106518,6.428571428571429,0.5651225239158144
0.5,0.0,135,0.002997132961250787,0.001930492922878231,-0.1683678800314894,0.0021133906611317758,-0.7360855907807698,0.6123188334497376,5.642857142857143,0.6233306747731036
0.5,0.0,136,0.0015907598625315468,0.0013224162658843285,1.7593924722251018,0.0012655768065197148,-1.563944572296947,0.6206070507046484,6.321428571428571,0.6463926315647968
0.5,0.0,137,0.00040811126610309866,0.00030030613916371844,2.693798061026733,0.0004813227840318542,0.16639945676443327,0.5981137304305971,6.214285714285714,0.5931082126416944
0.5,0.0,138,0.005717554384298276,0.005449407120625535,4.574232169144942,0.003965419384234473,2.951898440301401,0.6157531239967307,6.607142857142857,0.6190035082846077
0.5,0.0,139,0.0023773646916261004,0.00234060499541632,0.8109455858744781,0.0016222403819564077,0.12850801034054862,0.581284427505966,6.035714285714286,0.6068077431458958
0.5,0.0,140,0.0007078858597811936,0.0009780897149485961,-1.2260277249447427,0.0013983964338880584,1.073165583508569,0.578774153835664,6.785714285714286,0.584690574624541
0.5,0.0,141,0.000464042257452322,0.00019716844284783035,0.312981221504792,0.00019341359059589017,-1.7234890361147563,0.6081056456258837,5.857142857142857,0.622855031765249
0.5,0.0,142,0.0019342122939134008,0.0018661322164496028,-0.04464221887268138,0.0019923627422310628,5.24197066406838,0.5542488599248654,5.892857142857143,0.5535204776872831
0.5,0.0,143,0.0021322029494616587,0.0014991623863072868,-0.9826577154247786,0.0003803257136405096,2.2821959567119734,0.5836664269177696,5.714285714285714,0.600854953420143
0.5,0.0,144,0.006801432250867688,0.00713239263787313,2.8903870856954867,0.007302923188634817,1.4672077323163062,0.5517375980978607,6.0,0.5669147348602295
0.5,0.0,145,0.002277021379352118,0.003038352410187281,1.2210083696786924,0.003954264136800812,3.5067120349784298,0.5452263457847298,5.178571428571429,0.5430737426557182
0.5,0.0,146,0.0008079272725132755,0.0004252456420309533,-0.0434300197917068,0.0002878661087631504,-1.3943138465005138,0.5964849855772477,5.892857142857143,0.6119003259338481
0.5,0.0,147,0.004725415235068498,0.005030722902166737,2.4252701786059987,0.003956147699208899,-0.08916820131737306,0.5980831034615885,5.607142857142857,0.6107111379467771
0.5,0.0,148,0.005442597724124015,0.004602840336440988,1.5364199858984335,0.004274165317428437,1.2571197147008206,0.5635378347289483,5.857142857142857,0.5660121618179396
0.5,0.0,149,0.010638183283220509,0.011865975824067551,4.055424684619794,0.011913540632577144,6.031517016030459,0.5658216549406563,5.214285714285714,0.5793393594423035
0.5,0.0,150,0.0009094565608903908,0.0005246766608811811,-1.1036676741486104,0.00035096925848080487,-1.0980401289525237,0.5928213377913558,5.75,0.5993302464047139
0.5,0.0,151,0.002679591161999473,0.002722956380893108,-0.015074189742058763,0.0030405655550809017,2.2742583232107734,0.5961580939557006,6.821428571428571,0.5997620246021035
0.5,0.0,152,0.0024193262550134204,0.0011200926250818088,1.693869803617119,0.0008754971740396273,2.933376839896946,0.5628743389259869,6.0,0.5883234379091974
0.5,0.0,153,0.0030296002753434467,0.0009435112612697273,1.7200743543615005,0.0007384094404483391,-2.291224732571019,0.5518768564951068,6.071428571428571,0.5771315140796311
0.5,0.0,154,0.0008347376066566842,0.0010219409900583786,-0.8001358028838084,0.0005889676363155589,-1.4276860409376961,0.6035808587105355,6.0,0.6130340316245367
0.5,0.0,155,0.009657501810229558,0.010046977058690518,6.651790596215513,0.011064146514669944,9.501559951257718,0.5178143679075862,5.928571428571429,0.5403055120177838
0.5,0.0,156,0.0011172371769065273,0.0005332437097873109,-1.959266650307569,0.0005228680365704335,-3.2157854543400597,0.5986545923432921,6.642857142857143,0.6049262435239997
0.5,0.0,157,0.007855766335037439,0.007478331555153161,4.329801592153075,0.0053771386258429634,2.8703002147487098,0.576222113041866,5.357142857142857,0.5737612965025769
0.5,0.0,158,0.0006363355904001095,0.0006243434403561088,-0.7953895995704556,0.000427519105341726,-0.6391382821442164,0.5805849511131217,5.714285714285714,0.5927050808511388
0.5,0.0,159,0.005320260521414013,0.003741398503913796,1.565392763320041,0.0024621462401323273,0.8511286128678913,0.5992181424393703,6.714285714285714,0.6144332899089144
0.5,0.0,160,0.007500487669278689,0.006741713491432157,7.515561952556929,0.004108731766993057,4.1032366562743805,0.5656122943737264,5.964285714285714,0.5673403472404179
0.5,0.0,161,0.0013532157359801898,0.0013347671217165086,-1.1233048067958435,0.001214917648013622,-0.729956311598348,0.5852462231135339,5.75,0.5973581806848072
0.5,0.0,162,0.00681481509606434,0.00912205124917399,2.8443739707335425,0.006562810802059212,2.4605915770053173,0.6031000372045142,5.75,0.6013213728482687
0.5,0.0,163,0.002427652757439709,0.0009553427586268229,3.199363100189416,0.0007028793629695393,-1.3454426492449063,0.6369226185301535,6.428571428571429,0.6318311841898026
0.5,0.0,164,0.0029214920200260827,0.0015567360925785071,3.0014492217208897,0.0011791527053661276,0.7931992823978836,0.6203874815299678,5.857142857142857,0.6236441859580092
0.5,0.0,165,0.0017914123999631091,0.001836072867242861,1.1227209842253174,0.0015430868574968397,-1.5352746616536308,0.6395158978413535,5.75,0.6640876317322948
0.5,0.0,166,0.00219713539521294,0.0021604996995977675,2.454162471777657,0.002227190421957049,2.253720191185039,0.5820930743933309,6.107142857142857,0.5846798322219784
0.5,0.0,167,0.006929417150842294,0.011687681276838823,-2.5969930928964047,0.010332699127735474,0.28549731115136484,0.5547754140309392,6.107142857142857,0.5691949807974777
0.5,0.0,168,0.007312236126721233,0.009058271575742727,0.4489002543608649,0.009604870102700207,-0.14256953614629234,0.5434795167811267,5.107142857142857,0.5494071835823944
0.5,0.0,169,0.0013090066355493028,0.0032944797130758908,-1.5796904422446971,0.0037657454436207903,2.5864228029417595,0.6125694043169616,5.821428571428571,0.6173431734076089
0.5,0.0,170,0.0006420152366073857,0.0005985768887597702,-2.211996911073186,0.0005888311395093061,-3.2798276587706616,0.5560986738086164,5.321428571428571,0.5544107995626051
0.5,0.0,171,0.008339594752945352,0.008711767909381565,0.9317918301419184,0.008439488676490737,-0.6102780709731425,0.568635489855032,6.392857142857143,0.5873879738028811
0.5,0.0,172,0.0009926987185697868,0.0008402697779801741,-0.3169392606470893,0.0008828796607527228,-0.17406525005353993,0.5918393599075173,6.428571428571429,0.6002868332126984
0.5,0.0,173,0.000958028977685047,0.0008098175467520041,-0.372473539350203,0.0011214468001519982,-2.28953298848999,0.6047831633731028,6.392857142857143,0.6081917327344961
0.5,0.0,174,0.0025834223395124326,0.002399169227092982,2.0464759244373454,0.002680348037005574,1.9458706099304568,0.5963924740527112,6.214285714285714,0.5936848422803824
0.5,0.0,175,0.00462280199069295,0.006353522823038323,1.881941572571975,0.007488940000780414,7.567007834276183,0.5680845520201411,6.285714285714286,0.5643195092073883
0.5,0.0,176,0.00459066519976462,0.003798429603568485,3.3226132646813653,0.0026451497228084475,0.8935990948211554,0.5746101619989797,5.571428571428571,0.5775318596852524
0.5,0.0,177,0.0039138736636406225,0.0028640786418023096,2.2847880444227755,0.0024695355268849707,-1.23739386480608,0.5759724641049626,5.75,0.600878268859413
0.5,0.0,178,0.001742403106119098,0.0005289465254818208,5.013315761565828,0.0003411814697146345,-1.101678709421274,0.605988817503586,6.357142857142857,0.59653281614633
0.5,0.0,179,0.006669924251867688,0.005635321318231413,3.97487671835308,0.004156250795657761,0.89541537449918,0.5853068899142586,6.035714285714286,0.6045374248784317
0.5,0.0,180,0.003987733557288058,0.0028751176252775137,0.6308525304289248,0.0022151956118469816,-1.4713867873379438,0.6129269603466322,6.107142857142857,0.63518326641871
0.5,0.0,181,0.002735418356517527,0.0005939390966720173,3.609306589133787,0.000330704727508783,-1.2806618855587526,0.5512484035855644,5.5,0.554057135127671
0.5,0.0,182,0.0011899065096204688,0.0010930624764336708,-1.571781453724185,0.0008432424585603946,3.017289354267073,0.5369594018171056,6.178571428571429,0.5355671267615221
0.5,0.0,183,0.0019358461952060182,0.0011530962052825687,3.7409556468460536,0.0008831721468780403,-0.7588638320127549,0.5888069897643966,5.321428571428571,0.589758705370705
0.5,0.0,184,0.002120715668476789,0.002079772611642635,-1.0294040441937398,0.001521008206180617,-4.954748859416696,0.6092609473636889,5.821428571428571,0.6152135625085442
0.5,0.0,185,0.0021766339221761023,0.0015245308940110456,4.0758470382356435,0.0008534135352988076,0.4504860574598126,0.609549043290628,6.321428571428571,0.6017483632332803
0.5,0.0,186,0.005260547152887074,0.006591835303032736,-0.9980093517839421,0.006013424366033332,1.8501431349293302,0.5439231793644158,5.321428571428571,0.5729474991578705
0.5,0.0,187,0.001510348291000617,0.0020204057471432065,0.7532555693557512,0.0018174838516180054,-3.0310255633625993,0.5966128916976053,5.964285714285714,0.5986473796350631
0.5,0.0,188,0.0026338977985336407,0.003484916070473648,0.049347978428862405,0.002902645157265708,-1.8467256181515854,0.5773584281546581,5.535714285714286,0.5799266510161194
0.5,0.0,189,0.00875531635415609,0.01156881273387019,1.1268226354320845,0.011137337582210315,2.9859861948273285,0.5967816802406241,6.821428571428571,0.613141003020843
0.5,0.0,190,0.0030494122220958955,0.0031893585363866866,1.9354324728833205,0.0033183626529485594,1.789168793949121,0.5365037013664397,5.714285714285714,0.5516976690007369
0.5,0.0,191,0.0026158748840285845,0.00149036829238208,0.21775078780336798,0.0016450252910994504,-0.3902254295720032,0.5601367605591296,6.035714285714286,0.5761370975188012
0.5,0.0,192,0.002895161870251357,0.0024904868831393204,0.11946711765904894,0.0013183310437326825,-1.4677262396032045,0.5896723062054348,5.0,0.6025699860360333
0.5,0.0,193,0.0029873228005145064,0.003536789331678015,-1.0153133020538405,0.0033860393040213346,-0.9089406552498266,0.5839753708702757,5.464285714285714,0.6019803106144579
0.5,0.0,194,0.0003914290059669504,0.00016630675372466104,1.6992353599079095,0.00011375771284988984,0.06744486720482239,0.5719940103553025,5.321428571428571,0.5888206763649004
0.5,0.0,195,0.004188710820358337,0.0038319980448720515,-0.032040259030736706,0.0033434001837852594,0.17677356844218176,0.5756047694096774,6.357142857142857,0.5967911568461636
0.5,0.0,196,0.006075482091099353,0.0038135328611383474,2.3643962614409517,0.0030665620840131633,-0.16158510698848735,0.5574496604930859,6.071428571428571,0.5522346483108646
0.5,0.0,197,0.004655014875402379,0.003874425045131642,3.5197219930592425,0.0032538718116971108,-0.6411508196099002,0.5904106459274745,5.785714285714286,0.6146691500191154
0.5,0.0,198,0.004959512704594717,0.002564116004077235,0.15712537471642918,0.0018187082196907684,-0.48591288172184477,0.5429198842462336,5.928571428571429,0.577228718741023
0.5,0.0,199,0.0002449102854310058,0.00014350219043141,-2.177343908178628,0.0002560840457216221,-2.9321083437686943,0.5563758582860701,6.535714285714286,0.5621798801126752
0.5,0.0,200,0.015501414938830388,0.015118175568522943,7.928409097390052,0.01239245359082081,4.787321920167187,0.5809726613519832,6.178571428571429,0.5830279564840761
0.5,0.0,201,0.0038591573901866263,0.005377312462486425,1.8164094039057375,0.004334887561030328,3.2089087080246657,0.6186511800565508,6.75,0.6463567028551018
0.5,0.0,202,0.003793860111468517,0.0032967034342958283,3.0519844922644452,0.0021735567637117758,1.0940940144287008,0.5775812676955991,6.071428571428571,0.5794300965336132
0.5,0.0,203,0.0029601718334582063,0.0039306038083382075,-0.597210832640954,0.004684639899619619,2.881356661643641,0.5594884538575041,5.642857142857143,0.5540413433935665
0.5,0.0,204,0.0022185253971028214,0.0013477081198440936,0.6228186821402986,0.0004317417364498409,-0.5916231199084336,0.5508381041829044,5.464285714285714,0.5499811980294471
0.5,0.0,205,0.0047432287325174455,0.0053176626161509965,0.433203599999608,0.004079868906239899,0.04958459910969282,0.6000938832167638,5.964285714285714,0.5968301232015271
0.5,0.0,206,0.006750465506330075,0.0076510637752790255,4.944168350899858,0.006578331515328605,3.001176736951957,0.6302139457077106,5.857142857142857,0.6582408075599115
0.5,0.0,207,0.0012890850395947777,0.0008114230246355438,-0.18924349492725412,0.0006477641039573427,-0.6088600329820603,0.5571628956197118,6.0,0.5579425253399874
0.5,0.0,208,0.0027944475524032905,0.0019301821005897769,3.766460098335841,0.0014449175034821308,-1.6840261332999376,0.5924871900640202,6.678571428571429,0.6063647095660456
0.5,0.0,209,0.00210745692998342,0.001324396843058787,2.390398498104531,0.0011077951947434336,-2.83902723446883,0.5499198081379845,5.25,0.5499964667252244
0.5,0.0,210,0.004068393142418711,0.004905919295484985,0.9613683723558424,0.004070163309071165,1.4331124081574653,0.6306858942805728,6.535714285714286,0.6534743693441483
0.5,0.0,211,0.0013604428708715909,0.0011043873520409967,-0.4883739846480921,0.0018486726846787078,-2.1331317811084225,0.6509156987863428,6.535714285714286,0.6567175590167404
0.5,0.0,212,0.00531759872659828,0.005173542213719013,1.668228560358635,0.004727889731470694,6.454652749070296,0.5846275924897532,4.928571428571429,0.5975866780247122
0.5,0.0,213,0.0023264938784306652,0.001794759318276747,-0.27131066317511454,0.0014633683562757566,-1.5480382300968074,0.5925930258807438,6.107142857142857,0.6004598884899386
0.5,0.0,214,0.005508904921075086,0.005767095701035259,2.15609240205967,0.003896688337330349,2.7063135557857927,0.6068029780910564,6.178571428571429,0.6298637252305456
0.5,0.0,215,0.004021909392466759,0.0032723332358214384,1.453048583619477,0.0018048059647365483,-1.2165482160462584,0.5699244776047068,5.392857142857143,0.5733973825281189
0.5,0.0,216,0.0027534225795878067,0.0012256707906797201,4.019983058253182,0.0009446669091326176,1.2396306263243844,0.5534296636250245,5.607142857142857,0.5609475414636245
0.5,0.0,217,0.00887303999510382,0.011332155566674357,2.049785584560766,0.010976678044158136,5.163740162991577,0.6137032616326481,6.428571428571429,0.609968051360513
0.5,0.0,218,0.002990134598115573,0.004431511706892643,2.0935457687891628,0.003923842656675818,0.6528172908614351,0.5278223417370285,5.5,0.5484297858840514
0.5,0.0,219,0.005653870596285533,0.005693375350095023,3.336818245178108,0.0075605563192527045,4.24478541292559,0.5896647644623888,6.357142857142857,0.6069462276014055
0.5,0.0,220,0.02230092008647899,0.021542770064143072,1.4625954170206725,0.021205552819354136,2.2060227826345247,0.5265876203641731,5.857142857142857,0.5513923453773353
0.5,0.0,221,0.0036037177348906576,0.0028416133669304624,1.948096387246359,0.0015883730788604307,1.356961811953596,0.551287005670206,5.571428571428571,0.5705812435911146
0.5,0.0,222,0.0013370920105779673,0.001183818274876924,-0.2579804153431482,0.0009255062893249124,-1.104533981556538,0.577697720417085,5.428571428571429,0.5989026726307989
0.5,0.0,223,0.0024909167054333924,0.0019360724410609701,4.9357949748423025,0.0021424595508686417,1.5191696043046174,0.5991376574498517,5.678571428571429,0.6022963967572812
0.5,0.0,224,0.0018109614388502231,0.0023420416932176335,-0.8408608283174317,0.0018859576280817975,-2.2776376418085817,0.6170171751337652,6.535714285714286,0.6201670975689424
0.5,0.0,225,0.002792925168666854,0.0009115265357134002,3.564461099474009,0.0007315678008163651,-1.0323908239664756,0.6226940546279167,6.607142857142857,0.6235078640648131
0.5,0.0,226,0.002481321528080194,0.0017062237596866723,6.57437497814108,0.001371907310354151,1.0077590191088177,0.5965410409409426,6.464285714285714,0.6040097797907557
0.5,0.0,227,0.002010778867472336,0.001765430651614345,-0.7385677221691367,0.0016109111073568303,-1.6044159097507134,0.5761644604634213,6.0,0.5911200333179438
0.5,0.0,228,0.0006330627135397974,0.00027504683343020867,0.49988195110248057,0.0006119699117179898,-0.656813371792064,0.5751832068825361,5.428571428571429,0.58542216442604
0.5,0.0,229,0.005354382694339266,0.00492740227957228,6.216564633549339,0.0038229401636583316,1.7763723942619645,0.5740057770493286,5.678571428571429,0.5874197182059598
0.5,0.0,230,0.0017517065138713589,0.0008758432660016944,-0.7468492980429176,0.0005543360850917569,-2.749595551258371,0.5911051171739007,5.892857142857143,0.5937699265343886
0.5,0.0,231,0.0007590941955156629,0.00198883387758782,-3.5266524668160955,0.003291083762831798,-2.263937915489189,0.562519623886132,5.285714285714286,0.5746552394124709
0.5,0.0,232,0.003188284271862312,0.0017660555890832404,1.614673282020405,0.0009070166230000934,-3.4281900624407435,0.5948976569605448,6.178571428571429,0.6029258733838574
0.5,0.0,233,0.00546371686277024,0.007782690911095553,0.052844803155558395,0.005790608008875962,-2.0572080168653692,0.5438400343777895,5.5,0.5501902524253879
0.5,0.0,234,0.006169415063895344,0.0040437357725349905,8.355136789993146,0.003750928849690913,4.630589358382186,0.6056288788054197,6.392857142857143,0.6274670429149578
0.5,0.0,235,0.002410547649441168,0.002345622569730066,1.1961478485372226,0.001514424668999414,3.536067692696463,0.6144669816343079,5.678571428571429,0.6135125111094724
0.5,0.0,236,0.0015470694830044737,0.003081506538336147,-0.35943957953649175,0.0023492968859860994,1.7661066541662553,0.5824030200865274,6.428571428571429,0.5969509450550701
0.5,0.0,237,0.0020986226652280715,0.0014502694158718568,2.0617187955301333,0.001017235354954727,-1.3384725409333764,0.5738229747475739,6.428571428571429,0.580049464438677
0.5,0.0,238,0.0037800518316423283,0.00403562529142728,-2.91245150719152,0.0036371117129857405,-1.0095942238058815,0.5789998103861871,5.25,0.5791043341817401
0.5,0.0,239,0.0012639352878129272,0.0008566190622441454,1.1894636795560416,0.0006642794929658059,1.464269748644578,0.52244733449736,5.607142857142857,0.5063581117393031
0.5,0.0,240,0.0129356307020315,0.01427284652279442,3.356034810794398,0.010409837465801465,-1.547744982280392,0.5761418114860215,6.535714285714286,0.5709441114889184
0.5,0.0,241,0.0031718917687970833,0.003468205459262278,2.197873295211032,0.003227115030378964,3.6326954357156658,0.5766618434790415,5.714285714285714,0.5965481552511129
0.5,0.0,242,0.006116713363027241,0.005871762306693602,2.270302958292419,0.005778475308566343,3.4806202111432847,0.5718051499349096,6.214285714285714,0.5863701211016288
0.5,0.0,243,0.004748970914160533,0.002189282923438386,-2.9831953515269944,0.0013865755067228815,-3.827054565386902,0.5525373242226863,6.321428571428571,0.5796442807285307
0.5,0.0,244,0.003995797518307717,0.0013740873317627104,4.082162048227076,0.001260164292308886,-1.2510503478257438,0.5635381829523692,5.357142857142857,0.5797105557196225
0.5,0.0,245,0.004054273813763139,0.0049856795044712285,0.24107487820094775,0.0033003721600102292,-0.23170747953658596,0.5597114342212212,6.392857142857143,0.5817998323169299
0.5,0.0,246,0.007876336279079087,0.01044807277949657,0.11598090808544015,0.009878489476276333,-2.706986602792322,0.5963317010593574,5.285714285714286,0.6153915665330326
0.5,0.0,247,0.007335790700551568,0.008601383217065117,0.21196976016549485,0.008323735674246957,1.0169969526964262,0.5719395430448672,5.857142857142857,0.5747601287138984
0.5,0.0,248,0.0026063551522153244,0.0016042426179630899,0.6630277519274657,0.0013526399145868794,-0.11302664598239669,0.6097134079311349,6.214285714285714,0.6408208249681359
0.5,0.0,249,0.0014111454455290955,0.0021275760474822204,-1.074307460192486,0.0020155377394338613,-0.07005260628635786,0.597523596130472,6.357142857142857,0.6147951016716351
0.5,0.0,250,0.00610562083073338,0.008539531296441258,0.3530830998723786,0.0062561555005028295,-2.996731108569103,0.5616158891269059,5.178571428571429,0.5786194776525866
0.5,0.0,251,0.006247510841981483,0.006078017886845732,-0.8761737014428874,0.005812179093166013,-0.7892155793707332,0.5650177507829527,6.071428571428571,0.5785009088872214
0.5,0.0,252,0.00018915949760794681,8.917883270304589e-05,-0.19116185649323114,0.00031112310669060585,-0.39664904675324425,0.5584496948847635,5.357142857142857,0.5718639850297178
0.5,0.0,253,0.0003765717115071858,0.0004467695536634122,0.6231569376309309,0.0002805790674601376,0.7325283718355328,0.5680673932622697,5.928571428571429,0.5733177700596879
0.5,0.0,254,0.0012248538421906472,0.000748451128530766,-0.028885259434048294,0.0008038811685294738,-1.3675402026718377,0.6003344798795444,6.107142857142857,0.6137322576158291
0.5,0.0,255,0.0017617973287181712,0.0019479593956770048,1.6128870496302667,0.0015385774739140195,0.5677988902362282,0.5968045907518206,6.464285714285714,0.6182227126466509
0.5,0.0,256,0.0007644034041259834,0.0001527027122708505,1.0172077566937006,0.00024685611368517244,-2.9803212038062554,0.597025079221626,5.785714285714286,0.5961965930279163
0.5,0.0,257,0.007430869703038828,0.009159332828601954,-1.5698526268660018,0.010133424225633125,2.524314247147051,0.579734659984913,5.785714285714286,0.5936407159507544
0.5,0.0,258,0.003392612924508604,0.0018187545972828513,1.9757790733981437,0.002073311970178422,-0.1491654720717103,0.5585945236895521,6.142857142857143,0.541517663399097
0.5,0.0,259,0.001966985473249335,0.0019537173219900286,0.21264565394071155,0.002196879304001252,-3.293046918442627,0.5878102525842488,5.571428571428571,0.5892281936306596
0.5,0.0,260,0.0020207703844968656,0.003167247983596431,-2.3636862663807676,0.004895995023320034,-5.540393352113266,0.5388011299695885,5.714285714285714,0.5452920890186489
0.5,0.0,261,0.0019462720914904309,0.0014086430566823823,2.5645534234253304,0.0013815518258758703,0.9625161596750237,0.6036381443461261,6.142857142857143,0.6016932933325021
0.5,0.0,262,0.0013247929595208677,0.0007097075085858755,0.9250581655758126,0.0007093916583354037,-1.2668468280830893,0.586465756846177,5.928571428571429,0.594231437448984
0.5,0.0,263,0.0027905346939973157,0.001341053256180746,1.8632446344938032,0.0009825383621148937,-0.4581905462690088,0.6057210415366928,6.357142857142857,0.6033709287080101
0.5,0.0,264,0.002093927486873259,0.0026057371455376825,2.6637236820593913,0.0032021404757025668,3.6730844923023653,0.5229309728872226,5.678571428571429,0.5447109129698875
0.5,0.0,265,0.001927693696261745,0.00045510575751870193,0.6920386510009564,0.0004693017971809927,-0.7177723181629952,0.5884923537363527,5.357142857142857,0.6066983778434005
0.5,0.0,266,0.0048174008459201095,0.005067084428967303,1.733297746025407,0.0037680137941372453,0.2837984578415937,0.5905932986928919,5.642857142857143,0.6164600634261421
0.5,0.0,267,0.012208276032448506,0.013204730721059512,2.0154076315381815,0.013062854886578183,3.358919176823491,0.5977678007175855,5.821428571428571,0.6154255137321424
0.5,0.0,268,0.002579287298133837,0.0023476488584815956,1.7723924780406008,0.0012424029788383106,-1.3564367395862387,0.5387889867484704,5.892857142857143,0.5582323891574537
0.5,0.0,269,0.0048067064956044585,0.003742725536482979,0.6263866254766626,0.0029547127496253912,-0.4143499380393223,0.5485204166268666,5.0,0.5632536375643431
0.5,0.0,270,0.0024619834057565643,0.0025722410345294924,1.2899265076370128,0.002407219189103135,1.8242903751201425,0.5904404462184389,5.714285714285714,0.6059698055707112
0.5,0.0,271,0.01810524177698932,0.01746896545564008,8.524292360916128,0.01426328483300415,6.029578143216611,0.5837767416095694,5.857142857142857,0.5979804152422401
0.5,0.0,272,0.006019409183385217,0.005124455941642093,5.220979176710152,0.004150594295453591,-1.6631135242148882,0.6021604102367671,5.107142857142857,0.6089204659420551
0.5,0.0,273,0.007062023444719552,0.007460522481628928,2.705286614529797,0.01031028168106659,4.517246534651274,0.5516969202286935,5.035714285714286,0.5886255227183431
0.5,0.0,274,0.004331073175473578,0.0032729093718544874,5.345981757955705,0.002496546432017466,2.760042669160356,0.5963009253647076,5.607142857142857,0.6183672120429212
0.5,0.0,275,0.0018786019053238109,0.0016478371142217077,2.0396858501413533,0.0015748978303227082,0.30518886403415496,0.5606628180930162,5.821428571428571,0.5689814001083221
0.5,0.0,276,0.002474468330761826,0.003428372934058753,-0.020357489951308594,0.004227575824004587,2.9400105021760417,0.5552557440577223,4.785714285714286,0.5769729027069603
0.5,0.0,277,0.0008166835485812074,0.00021383595976330364,0.9116974885698994,0.00022637182050777203,-3.788756873735091,0.582507692289247,6.25,0.5910092900106252
0.5,0.0,278,0.0023659104979463956,0.0007632107838226205,5.628500946734569,0.0011012586708473485,1.4058411880875497,0.5488145452133926,5.25,0.5660399029661307
0.5,0.0,279,0.001079646564162374,0.0008051436825700715,3.37008265239686,0.0004905844698051904,0.08339669613979102,0.58011780955035,5.607142857142857,0.5713926872633492
0.5,0.0,280,0.0020819510701284463,0.0027691383390138907,-0.09665976270834875,0.0028009837727170383,-0.18841969044278054,0.5719306091582521,6.714285714285714,0.5734971420305699
0.5,0.0,281,0.0014681798837526342,0.001155954428225493,0.9468126936279262,0.001345661068061174,-0.3140004100340927,0.5647838790198704,6.25,0.5631058792369581
0.5,0.0,282,0.006878347884372394,0.012307147220607663,-2.1801559480157593,0.009276953270718778,5.098370462159228,0.5446655547768092,5.928571428571429,0.5615340183046617
0.5,0.0,283,0.002242101756377825,0.0021253774980138254,2.162986695345687,0.0021432598713597957,0.3212889780228447,0.577536472652004,5.214285714285714,0.5810808759027144
0.5,0.0,284,0.0012907317698328722,0.00018819396235031865,-0.7437613405705008,0.00018650851109799308,-2.6190304880510857,0.5840957286198103,6.571428571428571,0.5912095231640121
0.5,0.0,285,0.00292077425018423,0.0016340377666531696,-0.49900448530850383,0.0018060062559909582,-2.07816396334592,0.540641124961746,6.142857142857143,0.5622800017185832
0.5,0.0,286,0.0032329835117523155,0.001792732549839551,-2.3837069989526327,0.0009041283056323534,-3.1887984560582843,0.5059494346575679,5.714285714285714,0.5184533227596442
0.5,0.0,287,0.003423609379167079,0.003055833663686206,0.7517816576280794,0.0028241797757660473,2.0167198092091305,0.5958873521918262,5.821428571428571,0.6013473839466089
0.5,0.0,288,0.002771116092585278,0.0026885314119227265,2.0161080840151087,0.002938096480991049,3.1799051362378825,0.6064824548585467,6.5,0.6125102389153079
0.5,0.0,289,0.013920031842630121,0.011897389566180179,2.4212862255963117,0.007479674405391944,2.574774213029135,0.6028585832297569,6.071428571428571,0.6181382922489829
0.5,0.0,290,0.0027316173173951726,0.0019650469772754435,3.730387524864888,0.0013794149104051968,-0.3190888244328865,0.5589397670981977,5.464285714285714,0.5634231522744466
0.5,0.0,291,0.0029705968012217845,0.0024155830368663097,0.2135548198977233,0.0022378717730624355,0.5617207305974148,0.5531694133351465,6.25,0.5384911524119049
0.5,0.0,292,0.0020775825611843704,0.0014802879224880357,2.6612942571616713,0.0020339577206201446,1.4916430686571782,0.5870020464080852,5.678571428571429,0.602041838026889
0.5,0.0,293,0.0016083258972994596,0.0010687101138025879,1.2667479331467746,0.0009034156114210134,-0.6674767189473604,0.5553962774206749,5.321428571428571,0.5719126074772725
0.5,0.0,294,0.0038680681043836477,0.0015679928032446098,0.34745842534955784,0.001674826232958198,-3.49819688498088,0.5710297510913448,6.321428571428571,0.5778584166530456
0.5,0.0,295,0.005272478239902029,0.006484226534857367,-0.17097538169211646,0.007329559931009195,1.2147161077516841,0.5925344432715205,6.714285714285714,0.6119536154926286
0.5,0.0,296,0.0013984596713811422,0.0014850138811572406,3.549443999991837,0.0012126422359943177,0.4663462307001396,0.5460706357368197,5.071428571428571,0.5484552437687766
0.5,0.0,297,0.0017808396113210675,0.0019170208344215455,0.22910944395069777,0.0019438401193133488,-2.0814711360416993,0.5365153301648375,5.428571428571429,0.5589934501569948
0.5,0.0,298,0.011067966494344616,0.010469400441662108,8.017306203138276,0.008441320688712476,4.903657203904326,0.545166700809503,5.464285714285714,0.5712300022267853
0.5,0.0,299,0.005120471137074846,0.003822203485267177,1.3521080098023504,0.002681546687092652,-0.7956308057527224,0.5572097881110119,5.714285714285714,0.5699156370862559
0.5,0.1,0,0.0025505526168197934,0.0016543775968122355,0.28762129108703505,0.0024668524748318846,-1.3651362160998701,0.5798357245653415,6.464285714285714,0.577418259783994
0.5,0.1,1,0.005983281550112754,0.0061744291830539005,3.49258337548612,0.006038632194976502,-2.4702276483027106,0.5883104021211559,5.857142857142857,0.5862200795107777
0.5,0.1,2,0.0016563934947972014,0.0011419535251541075,1.6814473191317063,0.0008976184700183814,-4.189186908247119,0.6289939506436282,7.571428571428571,0.6358813717088498
0.5,0.1,3,0.004003207988115609,0.0038938707423668236,3.896688770919127,0.0026625510573477034,1.7789802197362974,0.5965363100215626,6.0,0.6098278469135818
0.5,0.1,4,0.0011873506402094525,0.0014330041388908544,-0.29340562602055087,0.0013408308117075203,1.5929990192407217,0.5901109039319657,6.285714285714286,0.5955449476230174
0.5,0.1,5,0.0009353051412009094,0.0009181481246926988,-1.0911294736869692,0.0010185848585405229,-0.42240000707070635,0.5527457810219915,6.25,0.5634656491385173
0.5,0.1,6,0.004076850034601935,0.0035207718649752488,1.0264132530886556,0.003248694141278148,-2.010737717015123,0.6057996494474241,5.714285714285714,0.613171429769675
0.5,0.1,7,0.023643951911555047,0.026618657618020153,8.218582611452796,0.02306890771545825,11.741041246361704,0.727727377679107,6.0,0.757211085409086
0.5,0.1,8,0.02803864012518968,0.027398297914806607,11.542432109277705,0.023403913616239707,6.177723502974307,0.6957238338556326,6.678571428571429,0.7156355030590927
0.5,0.1,9,0.0005892884008053358,0.0005599391316340867,-1.36950345308248,0.00044254323981535523,-2.1407385320642995,0.5749747905500878,5.321428571428571,0.5792637602871895
0.5,0.1,10,0.003175053809298838,0.0028744501239967722,-1.6066570849184032,0.00321518397552271,-2.2615492878100554,0.600641412813407,5.964285714285714,0.6270248743600331
0.5,0.1,11,0.0029859962971835892,0.0034584759090696975,-1.8324038000682563,0.0038575265732861824,-2.745237005085395,0.5646392455811741,6.178571428571429,0.5819900472746682
0.5,0.1,12,0.0015149664006793534,0.0013575419351747509,-0.5418402894316117,0.0011902891486181488,0.7760344444383614,0.5947226218370064,5.928571428571429,0.5984913231034512
0.5,0.1,13,0.00203371731788493,0.00146933374165189,3.3791240255096255,0.001377820329304136,-1.4438612169312155,0.5873714071585668,5.321428571428571,0.5968217847635827
0.5,0.1,14,0.0027604447387268964,0.0016893639983570456,4.297964950927209,0.00158861284374382,0.17039768632055066,0.5838597585857233,6.214285714285714,0.5795273313702936
0.5,0.1,15,0.002667478100241468,0.0027699308951341776,2.4016052482211805,0.0015525885901952,1.1694031066695534,0.5525053002940057,6.25,0.5457670178780183
0.5,0.1,16,0.0060868649578609876,0.006195778269707659,4.334616623819485,0.00583046438875895,2.615496648567406,0.5601467237655474,5.535714285714286,0.5575909530583613
0.5,0.1,17,0.007056648345367199,0.006974045254237146,12.27337730057036,0.004395609643858588,6.6820410682661775,0.6390158866689333,5.785714285714286,0.6664680998597448
0.5,0.1,18,0.003239954794642264,0.0025043350935656833,0.4360417995849559,0.001669559760070851,2.3639001759472933,0.5761209403260323,5.678571428571429,0.5906910413054884
0.5,0.1,19,0.0033457961639178522,0.0022606809675291086,3.271483038586105,0.002603013899936003,1.5041923261444954,0.5974816609174748,6.0,0.6362525679861688
0.5,0.1,20,0.002313258936334669,0.002750511015910978,1.2780732008225044,0.0032050048810258807,-4.237103138322851,0.5644895127870061,6.607142857142857,0.5763007280477256
0.5,0.1,21,0.011139102335918248,0.009176529287542283,8.13889639412794,0.0057983820962534145,7.240419299364437,0.5149900394556682,6.357142857142857,0.5188221854813502
0.5,0.1,22,0.015216034122954697,0.021756012806533193,-0.3721108930470507,0.024167082842606206,5.405903665601717,0.5538395384460323,6.428571428571429,0.5633891749000485
0.5,0.1,23,0.0011716671666614172,0.001028224590975244,1.0180267679356447,0.0005414430408911385,1.0081130362283848,0.5278472506993841,5.857142857142857,0.5485808836099859
0.5,0.1,24,0.0007648817187514056,0.00033292185064770003,0.7009519189386637,7.26833867329367e-05,-1.3325655203022013,0.5807556021696029,4.785714285714286,0.5887301404421779
0.5,0.1,25,0.0031717611953796074,0.0007011929121766271,2.083773795433146,0.0004632291683964459,-1.5838663899518035,0.5852547273066412,6.035714285714286,0.5730162485225865
0.5,0.1,26,0.00155339993331062,0.001095257860251765,0.03435069679790104,0.002727570582603595,0.7867965687517066,0.5576883323423655,5.892857142857143,0.5662942303526474
0.5,0.1,27,0.006754057841148746,0.006872928991033937,3.13702733245254,0.0047353817166844265,0.7421799989618876,0.5698107507030653,5.5,0.5868064960012387
0.5,0.1,28,0.001817968454307684,0.0015055251369879541,1.4402105403555723,0.001286526969512205,-0.20138760226415306,0.619922702046609,6.5,0.6272396520022829
0.5,0.1,29,0.004111656522819839,0.002970018199867622,4.357973609816057,0.002666971870363667,3.578567779460817,0.590906135346818,6.142857142857143,0.5974623658961792
0.5,0.1,30,0.002951267891084039,0.002342577545988285,-1.7276288562994537,0.003647463503215198,4.978906445441623,0.6144586825460943,6.821428571428571,0.6109402890845909
0.5,0.1,31,0.003716953628341776,0.003235829719673939,0.7009469222517595,0.0031438475442381445,-1.484184753076363,0.5739216349607731,5.892857142857143,0.5727912515161008
0.5,0.1,32,0.0013258323846045946,0.0005205792698076866,1.6816013778571701,0.0003911384200827111,-1.215265163817757,0.551759987339934,5.571428571428571,0.54664751266785
0.5,0.1,33,0.006143156536641046,0.005067512320317361,5.741211567560072,0.004507499031188803,1.9298223339876774,0.664551598898919,6.428571428571429,0.6717710848731728
0.5,0.1,34,0.0016186786116954152,0.0006133829203994402,1.5298378865639322,0.0009103988999236781,-1.5745200227239782,0.5983869610797432,5.428571428571429,0.6114179739536065
0.5,0.1,35,0.0008042516397508392,0.0004061099960560003,1.503398774562939,0.0007613949242266094,0.44874027139583933,0.5967742648947336,6.178571428571429,0.602725378711307
0.5,0.1,36,0.010265037663542462,0.011619712359597922,1.2300625905077425,0.009741204445989604,0.9001573842807318,0.5865538858871371,5.678571428571429,0.5904557243504733
0.5,0.1,37,0.007589566814094657,0.009682228139631734,-0.7181326688411787,0.009494415839383681,-0.06826828846721848,0.6309135363029404,5.964285714285714,0.6490800829564938
0.5,0.1,38,0.0068340590289966115,0.006393161106133821,6.3407760339008945,0.005928698791685289,5.070492241371018,0.6086371044630609,6.178571428571429,0.6076196997980283
0.5,0.1,39,0.0011689760943307493,0.0009835872599262406,-1.0412930350443972,0.0011553542895456938,-3.6416011670899593,0.5835748104276571,6.071428571428571,0.5946148748348412
0.5,0.1,40,0.0013793941017514113,0.000782180831140543,1.170423840131825,0.0005927202183356793,-0.5796386151335753,0.555011855111445,6.5,0.5668912383692306
0.5,0.1,41,0.007947641744607747,0.007925756355464516,2.263416087568608,0.008191731310542428,0.9043248539789582,0.6100968311062059,6.071428571428571,0.6078902313142533
0.5,0.1,42,0.007288994864637752,0.005139755308877169,8.220600151078159,0.003782899911454507,-0.9171778030912208,0.5759799669011325,6.035714285714286,0.5939776934513705
0.5,0.1,43,0.013123870065373496,0.017032173046423054,3.5929839755455006,0.013842648541666995,10.469892921262963,0.5771782506519528,5.285714285714286,0.600773832187307
0.5,0.1,44,0.01434641661525532,0.012531711140078996,11.617040877362882,0.010955836293236203,1.766590084693983,0.6012079112838891,7.178571428571429,0.6010591596531294
0.5,0.1,45,0.0018690023801763462,0.0022248878749925763,1.3951884180843663,0.0017037861035012751,-3.8754245593662993,0.5649108231040503,6.214285714285714,0.565668163533626
0.5,0.1,46,0.007049646632201105,0.007582636563136542,0.5558703335239841,0.006300521129035151,-0.17887515151809907,0.5532418860647914,5.642857142857143,0.5864951876123643
0.5,0.1,47,0.003315123385239177,0.0031339298741656033,1.7242371180108336,0.0025357096382206063,2.0708145129091426,0.5790653441452941,6.678571428571429,0.6058024835982094
0.5,0.1,48,0.04757672281886703,0.05533920750862467,12.276516104037835,0.047698047932093125,14.283021398852043,0.6819759650261608,6.5,0.7320778867839385
0.5,0.1,49,0.0005815120342799581,0.0007274014131483923,-2.662403422341889,0.0005980490165033689,-4.061061788655583,0.5464886008580165,4.642857142857143,0.5623282821795397
0.5,0.1,50,0.024471347540613756,0.02969106275207689,7.753317014992419,0.02738588001690718,7.4324567385243085,0.6375914948010962,6.75,0.657251239162036
0.5,0.1,51,0.0035225336703891036,0.004067120659530653,-1.3193679466766568,0.00415615680523194,-2.379575966643349,0.5376768497324685,5.142857142857143,0.5641353192488399
0.5,0.1,52,0.002351967184805816,0.0013511937526309234,-1.6288805099775487,0.00046181823050453084,-1.0758654486333796,0.5438908092872335,5.928571428571429,0.5535720271377832
0.5,0.1,53,0.002423923594113077,0.000868108640097044,2.738853342586687,0.00022852392654557316,0.7544954268330267,0.5366956166972243,5.571428571428571,0.5534837241863801
0.5,0.1,54,0.007725128992145076,0.008501630921470724,3.388782925711837,0.005401461378549592,4.878476326623911,0.5395471614470315,6.142857142857143,0.567543115118005
0.5,0.1,55,0.0028560638867817876,0.0019524036842503017,-1.2101248109925749,0.0014938201151514572,-1.3418975270679898,0.5695639072318198,6.0,0.5801617969778353
0.5,0.1,56,0.0027939550812202648,0.0029141756805384075,2.248204893402729,0.002172576902322276,1.5551285516372577,0.5773963336889929,6.178571428571429,0.5829005564177279
0.5,0.1,57,0.008614947757934168,0.008678192229495485,7.037221684745504,0.008557741045631388,7.634483453322673,0.5570138637737375,6.607142857142857,0.5619070854498427
0.5,0.1,58,0.0015361763294856857,0.0013088068243942452,1.249676668858946,0.0010041546371625254,-1.0704895111090973,0.6156210884405923,7.107142857142857,0.6144279589413504
0.5,0.1,59,0.002421252320836969,0.002031892910219746,0.5179176321664087,0.002254219621669143,1.3896445293792017,0.5791081815396402,5.428571428571429,0.5969871755176461
0.5,0.1,60,0.0020372469558660954,0.0010486947821776796,2.2669781757262086,0.0008228700528241475,0.9572893468491751,0.5856641009871029,5.535714285714286,0.5854724867481576
0.5,0.1,61,0.0015294212438055669,0.0013483613076150217,1.3568906667283116,0.0008042052638529422,0.15579111689096217,0.5891667107352099,6.392857142857143,0.6036458155241508
0.5,0.1,62,0.003280947551959403,0.003095044240339605,3.4905452858983637,0.002190179919044122,3.923310645965804,0.5697782689865291,6.892857142857143,0.5605536332527974
0.5,0.1,63,0.0009473798548601391,0.0006741810581319297,-0.5244273965880382,0.0005846422411628423,-1.1345642360377042,0.5467048917128917,5.892857142857143,0.5573740430290857
0.5,0.1,64,0.003794118799380516,0.0024757455783323027,-0.24438128596169406,0.002864744369039468,-2.2936542259697035,0.5786108613750329,5.357142857142857,0.5958390460392469
0.5,0.1,65,0.02032383149322273,0.024148240353764443,7.533976026712551,0.019990497831637435,9.660791399838805,0.6204096733923763,7.035714285714286,0.6191599168612474
0.5,0.1,66,0.001350401577441771,0.0014786539384385017,-0.42276145601960025,0.001319963239876253,2.312069167561939,0.6169348364552993,5.678571428571429,0.6257194913969273
0.5,0.1,67,0.0034675961976431925,0.00356558222964451,3.19572753037982,0.0035491065370107278,1.5979302925081147,0.6158632546110795,7.142857142857143,0.6250969148528959
0.5,0.1,68,0.005118161709984945,0.0051437205334228615,2.1511092633582933,0.005273478187653757,0.6894577680677495,0.6085041509292956,6.285714285714286,0.6236749345765806
0.5,0.1,69,0.002642524519841031,0.0023178708986056175,1.1138239904065372,0.0022460888716530135,-1.2050026782292207,0.5860548037431894,5.928571428571429,0.5936505530946742
0.5,0.1,70,0.004850412795896558,0.0048186289042344305,3.197636869644498,0.0037578438373813776,3.9614081224867825,0.6036049873008348,6.714285714285714,0.5933448271340978
0.5,0.1,71,0.0014039304608507496,0.0011938935725818913,-0.4377356185145871,0.0010578359856489113,0.2716586845596396,0.5823190725721001,5.75,0.5899921615162873
0.5,0.1,72,0.004555738688299365,0.005213589174183047,-0.428328232284116,0.003544332253983211,0.8037536913358849,0.566764210642871,6.785714285714286,0.5684933047649128
0.5,0.1,73,0.007864616998014438,0.008438733037010194,0.5972395157277504,0.007759722256130165,1.3464777616039498,0.5738364091363666,6.321428571428571,0.5750745853911643
0.5,0.1,74,0.0007962097117558202,0.0009623569220818975,0.5005160585374924,0.001092275981642209,-2.0239640424060688,0.5877791131567032,6.035714285714286,0.5874164592748452
0.5,0.1,75,0.006302548721782814,0.004860237600360702,0.751015040874627,0.0031219845019015407,-0.6229908690597483,0.6021652492401043,6.214285714285714,0.6001062441718632
0.5,0.1,76,0.024527467672479316,0.02529862620837977,5.943406770509114,0.024562939469115655,5.7895853402240975,0.5731412349436144,6.142857142857143,0.5992091932072953
0.5,0.1,77,0.0006619369881288475,0.0008978622552634747,0.082380770969813,0.001112075732886132,-2.6209671626009574,0.5877573739465145,6.357142857142857,0.5821656775098263
0.5,0.1,78,0.0016470811764001103,0.0007080353788722483,4.5856257532358455,0.0006176102598327928,-1.4842697610366524,0.5829124554211116,6.392857142857143,0.5804058245326812
0.5,0.1,79,0.0046951190476274855,0.003557927591784533,5.562604754907831,0.002399986611232452,-1.4087890885824663,0.5531026066355441,6.071428571428571,0.5650063490566384
0.5,0.1,80,0.0054567765592307945,0.005642882792379438,3.899455331308282,0.004665013930993418,5.364525321383449,0.6177801745866117,6.892857142857143,0.6232165920672357
0.5,0.1,81,0.001416274857388414,0.0008831967724877397,0.5076803384143318,0.0006909188609657244,-1.8960784178475858,0.6180938700220037,6.285714285714286,0.6240077680042981
0.5,0.1,82,0.005822943498637765,0.007040473616567306,1.931889435662086,0.005894858387751786,5.67887130273066,0.6000221883936829,6.464285714285714,0.6483186296782076
0.5,0.1,83,0.0019175531584395718,0.0016338282471419746,0.8039591037764495,0.0004967819167729336,0.7775314670971246,0.5699841166987364,5.714285714285714,0.5898697906646219
0.5,0.1,84,0.005264514606667562,0.004385028573800819,1.3438780469413842,0.0028616293521256503,-0.2637884417911304,0.5449683765322042,5.785714285714286,0.5665176582441519
0.5,0.1,85,0.0007045312577734217,0.0005604012092323736,0.2839812651768341,0.0006198142875414529,1.3596348136713725,0.5632308261330993,6.392857142857143,0.5617332757904
0.5,0.1,86,0.002319865733258052,0.0034297830373046854,-1.02925578790596,0.002843289209297292,0.15040271966577734,0.6015698452339138,5.785714285714286,0.6139497610924372
0.5,0.1,87,0.001539132059096801,0.0012856906807123024,1.6929951200995674,0.001290188640324003,-2.637708047215284,0.6167660049037345,7.285714285714286,0.6224199141693099
0.5,0.1,88,0.0017419979119290025,0.0009048173798655808,0.3672666329511003,0.0005978021093207636,-2.4011006583507233,0.6266005688426738,6.428571428571429,0.6621612916322854
0.5,0.1,89,0.004598319607622435,0.003713652311579553,4.153353851083899,0.00285108102404011,-0.34729424034655193,0.6330819533553615,6.392857142857143,0.6381136288795934
0.5,0.1,90,0.0020142026877658387,0.001638429379648957,-0.6827557570992369,0.002169327501460665,1.1734817147626018,0.5792559702155531,5.321428571428571,0.5970384735074121
0.5,0.1,91,0.003732853962007646,0.005914059829041879,0.43158849607304717,0.003851881697675323,-0.5173777800377953,0.5995563097338029,6.178571428571429,0.6053611800682104
0.5,0.1,92,0.001827870208099167,0.0018718021171007793,-0.41158140293362067,0.0014348234048668354,-1.0778057763248607,0.6022879077699758,5.5,0.6060920858965124
0.5,0.1,93,0.06438509402451899,0.06887533423219239,20.813344330688782,0.052028423554194556,19.00637494695977,0.653344218241575,6.107142857142857,0.690434892840335
0.5,0.1,94,0.05157041380126776,0.06209455525084734,11.967359410601283,0.051275748085899193,22.227655893367967,0.6618566265411394,5.75,0.707210793966095
0.5,0.1,95,0.0027905438193168487,0.002988178031517085,1.3473531041748288,0.0014237827310604064,2.782695153259567,0.5611152234806439,5.892857142857143,0.602504907998036
0.5,0.1,96,0.004379223451736846,0.003011645466812326,5.254188209327687,0.0027304423749817783,0.25764343727708666,0.5782025530186186,5.642857142857143,0.5893103810570082
0.5,0.1,97,0.006586982290831783,0.006109497349309916,5.187151862947424,0.005009030924721235,1.4615259179960371,0.6006059099818187,6.428571428571429,0.6116374689992292
0.5,0.1,98,0.004034707862422725,0.0022684193725109937,2.9106059069981214,0.0018059955940473358,-3.8681720434132862,0.6043548485078559,6.678571428571429,0.6258658314857717
0.5,0.1,99,0.005696196045619046,0.003447522229110224,2.946186823730237,0.002956730292746078,-2.072639400340904,0.5518547066048354,5.928571428571429,0.5501870739617083
0.5,0.1,100,0.00454907679592482,0.0036290853720931738,3.606303178517159,0.002657790416055503,0.1483550792929312,0.5387988160987229,4.785714285714286,0.5784609970394974
0.5,0.1,101,0.026322661154017445,0.030226128366822074,7.0022516841080105,0.026511389299366812,4.945145041504844,0.5831581202160965,6.214285714285714,0.6040019342158502
0.5,0.1,102,0.009171080467364512,0.010044164301355797,6.2596473248815485,0.008279675793241521,2.9461848773284487,0.6540022789795604,6.785714285714286,0.6596545902162935
0.5,0.1,103,0.0004428182290197327,0.0003188301139378543,0.3967495244549397,0.00028065099245044454,-0.4880828450179611,0.5672049003876676,5.0,0.583622641003476
0.5,0.1,104,0.004668777558497582,0.0065346106890164955,1.5222985979961692,0.006419158232265666,-1.0428358716344708,0.5590704123265325,6.25,0.5759140015554658
0.5,0.1,105,0.023278568184651936,0.024415600182336204,11.129618499283474,0.021157446677819228,9.86251525136698,0.7231958916492324,7.321428571428571,0.7344215410599093
0.5,0.1,106,0.0061744361772406095,0.006113750687328043,0.38174904593366676,0.005323233038439521,1.6424341989047757,0.5468397235588985,5.964285714285714,0.58279249871105
0.5,0.1,107,0.004539538753740535,0.004965641125737655,4.914098719404123,0.0029218462319689233,4.906004028544676,0.5783116782055789,6.214285714285714,0.5778247309730992
0.5,0.1,108,0.002539962185437976,0.0018208710637114135,2.0114915634605666,0.0015066664431715243,-1.0084590668420503,0.570475199475235,5.607142857142857,0.5811044930948657
0.5,0.1,109,0.0012343019970332454,0.00047263746732560886,1.423270016162924,0.0005247714872457621,-0.437682967885299,0.5172521444691164,5.5,0.508496393004481
0.5,0.1,110,0.007855174895737477,0.006872442741482391,-4.33777666685279,0.005461392466050943,-3.8864331002061383,0.5370240222584097,5.642857142857143,0.5453850993149953
0.5,0.1,111,0.012646942862673339,0.012969115109903439,10.601887077361674,0.012108263477381859,9.837154847037198,0.61511043028315,6.821428571428571,0.6274462923751758
0.5,0.1,112,0.006141170471392555,0.006307838279841744,2.0081603940952917,0.0063575883715814045,1.6435090027344756,0.5245426870168403,6.357142857142857,0.5291165554248802
0.5,0.1,113,0.00196017540101869,0.0011262563715811345,2.8100236613577465,0.0011631382266196596,-0.9897417578414149,0.5927702959629624,6.107142857142857,0.5977715318395986
0.5,0.1,114,0.0036340824691052857,0.0033503698693414723,-0.504908068255915,0.003508242377711628,0.4935748147454433,0.6110146345848684,6.464285714285714,0.6308369486807014
0.5,0.1,115,0.017389371488811974,0.02046078088089073,6.242330784714959,0.019856845844085914,10.241946087365696,0.587040247978283,5.964285714285714,0.5947590925950894
0.5,0.1,116,0.002862187528776899,0.0041996618786638755,0.009151333309702636,0.00208910956611559,3.539747493201124,0.5751178927667538,5.25,0.5925533595025838
0.5,0.1,117,0.00424667071288975,0.0035902541281611676,-0.02584425371663457,0.003003738583944668,-1.3136013276247052,0.5448764850807125,5.785714285714286,0.5721920507619157
0.5,0.1,118,0.005150882162800716,0.004617573625834198,2.939009053226272,0.004738230813118963,-0.5828620012637012,0.593850795275908,6.107142857142857,0.6062532018180953
0.5,0.1,119,0.0048334803362510515,0.00270463853097644,3.4442913970737408,0.0020728499238324163,-1.7957191454714991,0.5459145750419315,6.178571428571429,0.5434696022018426
0.5,0.1,120,0.0030284130594206843,0.004741366707476907,-0.57379736029106,0.003891285441421722,2.552683392904072,0.567401226005415,6.642857142857143,0.5899495338926346
0.5,0.1,121,0.006027382262184244,0.008827094866611854,-2.9582867203086565,0.008161297781738214,-2.139081140308766,0.5513772132615103,5.5,0.565146513269852
0.5,0.1,122,0.003981652392754681,0.004784112099641183,1.5412806828290329,0.0047224736629049,0.12418885980541934,0.5434548582618371,5.607142857142857,0.5536786967812086
0.5,0.1,123,0.0018745650356737373,0.0018297275292408813,0.18872397737234792,0.001958021027528954,-1.4987956714294057,0.5855797898666694,6.107142857142857,0.5906503147249859
0.5,0.1,124,0.007973047008260894,0.006366320475763924,2.856573517755386,0.00617240805300146,2.5957539786831205,0.5392138841297551,7.321428571428571,0.5510855934569634
0.5,0.1,125,0.004548108996679019,0.004709353259482095,0.9366670802346349,0.0061664791090976,1.975347581508392,0.6052142976140599,5.892857142857143,0.6231826851018433
0.5,0.1,126,0.00476438854928736,0.004463463640115139,0.5717563049781305,0.0035005657923100593,-0.6472312012869565,0.6282266918212074,6.035714285714286,0.630187154026806
0.5,0.1,127,0.01485305241327037,0.014701101014341335,4.352613108910859,0.0124537812479434,1.9266793583116737,0.5008673638302524,5.321428571428571,0.5134190486867258
0.5,0.1,128,0.0013554858904589098,0.0009749143348249365,1.4132984340967951,0.0009008380854929648,-2.4848692769236513,0.5542457978896728,5.678571428571429,0.5568765732295073
0.5,0.1,129,0.005757412002807969,0.0059543145611942435,5.936076534367302,0.006592341429940916,4.56743499999727,0.6034659868664661,6.464285714285714,0.6125194122028895
0.5,0.1,130,0.001151668608240893,0.000709749253026479,0.9492245300344209,0.0011139462953903185,0.672123500483489,0.5639355198017286,5.964285714285714,0.5649108845035267
0.5,0.1,131,0.0050819742588669725,0.005241644094506881,2.029065332947731,0.004246478565993576,2.0780034673621324,0.6285853600943208,6.535714285714286,0.623047348934725
0.5,0.1,132,0.0012428112603037418,0.0006416248110471872,-2.5897873593742844,0.001601119677765309,-5.14332843416032,0.5570114599333483,5.428571428571429,0.572404444556406
0.5,0.1,133,0.003299282058266227,0.0018489346113188543,4.819545038160911,0.0018007750603415194,-1.590771750081738,0.6104271015677797,5.678571428571429,0.6231334893238146
0.5,0.1,134,0.022007614048130265,0.024126366128080556,2.0345161568150587,0.020723684372418137,5.572033195695279,0.534645770524003,5.642857142857143,0.5471661152275261
0.5,0.1,135,0.002329957279061406,0.0013983568226453547,2.502343755888255,0.0012819275930916918,-0.39609190802900685,0.5799579891380222,6.785714285714286,0.5762836991268092
0.5,0.1,136,0.0036140119878756384,0.0018425877423745899,1.2117683602178033,0.0018602126901781178,-3.1743183499322356,0.5910775332566681,6.392857142857143,0.5832904513152379
0.5,0.1,137,0.005740872681814014,0.005620649183909396,2.426070836785776,0.004075909285766834,3.4300215157315015,0.5706832406640654,5.857142857142857,0.5597678285170162
0.5,0.1,138,0.0014764386737792514,0.0003236200322842337,-0.5623658318616549,0.00011982090086148139,0.4795696838577328,0.5282921858967689,5.464285714285714,0.5687609595703393
0.5,0.1,139,0.0023083438820535956,0.002209615058773056,0.6770683779104658,0.0016005045313947834,1.724654958699072,0.6341122770082471,6.5,0.6482957165761121
0.5,0.1,140,0.0028621462074413617,0.002004969697346752,4.30379709231012,0.0027108580068439373,4.519175685689589,0.6064785639375886,5.821428571428571,0.6271821177863101
0.5,0.1,141,0.0030866753136314464,0.00275679633081216,1.3311735267623988,0.0020415430170896854,2.0571500766572797,0.6576973258398132,7.214285714285714,0.6741300279617799
0.5,0.1,142,0.005081926376742519,0.005188857485341087,0.03743973050341509,0.0038488050676156777,0.270232515474864,0.5995324997797734,5.75,0.6185191949106399
0.5,0.1,143,0.0070553711911215105,0.008517777675746093,0.9692379018047603,0.0064781205909891625,1.449317907942704,0.6016201109782899,6.357142857142857,0.6195254603012625
0.5,0.1,144,0.0004725578439051829,0.0003455526122148574,-1.5647043856466425,0.0004639461032712524,-0.08470310255082343,0.5877031947116873,5.178571428571429,0.6017242129443727
0.5,0.1,145,0.002958174775670244,0.002809932476652545,-0.4938383757416247,0.002913633802012667,0.28192175833026073,0.5472640488380195,5.642857142857143,0.54972513053465
0.5,0.1,146,0.010739804989507325,0.012119802615675883,5.626981922292522,0.010663427798402075,6.246873384755209,0.6030252628920679,5.607142857142857,0.6321886808863253
0.5,0.1,147,0.0007539690260465619,0.0004504778439224319,-1.6056175635990755,0.0006392700931520238,-2.081532684621616,0.5453021431944586,5.5,0.5537232455648702
0.5,0.1,148,0.002386336863763565,0.0014588128117760276,1.4202511062523087,0.0013347067161456794,0.5255596969875095,0.6082285090805805,5.964285714285714,0.6232193380184525
0.5,0.1,149,0.0029666819867925492,0.0025830321425291914,-1.202659089725799,0.0024854552981455696,-2.1503520851232167,0.5801168913836007,6.285714285714286,0.5875929344180699
0.5,0.1,150,0.008132637266096877,0.006201844932936986,1.6948025358487868,0.004154075474099256,-2.8362825043224595,0.6013545301824351,5.857142857142857,0.6191066071856082
0.5,0.1,151,0.008547502292171254,0.006474572399856009,5.946780374889165,0.006641531579498747,-0.5833192763471592,0.5801608558072829,5.964285714285714,0.5858043948003734
0.5,0.1,152,0.005253633885637655,0.004108750440695476,4.255678679808554,0.0034203895549066473,-0.31309595145972935,0.6357853441385701,6.785714285714286,0.6556938020174503
0.5,0.1,153,0.028205730697676564,0.031761300017833435,6.1603898866068505,0.026172130686771742,7.576986118941885,0.6263338645201103,6.107142857142857,0.6581536009773092
0.5,0.1,154,0.001076103463350138,0.0008722047182875489,0.3098581159503553,0.0009601186279764754,0.3159534721688904,0.6134915152067658,6.535714285714286,0.629138522531694
0.5,0.1,155,0.0032946143212387465,0.0035426227551190455,1.7170115550125828,0.003224942469384035,0.05150783890122549,0.5590701952656849,6.571428571428571,0.5693460382896947
0.5,0.1,156,0.003185783542684418,0.003252373632787441,2.2295469343468497,0.0028600930700583807,-0.922644110698125,0.6118879198895916,5.785714285714286,0.6090978765192107
0.5,0.1,157,0.009242667745678999,0.01132567433320482,1.8862174477836717,0.008958943996791804,1.923270536430986,0.5927962718017149,5.642857142857143,0.6122270036027937
0.5,0.1,158,0.002700425915944974,0.002148764708802753,2.166712969696178,0.0014585062558587908,0.6231896289806684,0.5566173738269089,6.0,0.5675369191255156
0.5,0.1,159,0.004072648916580887,0.00494595634455078,0.4959343773150522,0.0048985385841176015,0.5455940448186141,0.5769931764643754,6.178571428571429,0.5836228622889221
0.5,0.1,160,0.00658750385722681,0.007313449424926326,1.8030086312464064,0.007607453900838684,-3.4942535063509297,0.566285326531253,6.25,0.602448993189191
0.5,0.1,161,0.0014104237228786327,0.001780126755175375,-1.7518013430505448,0.0015675883080957707,1.3135625297729234,0.5813917837444099,5.964285714285714,0.5868808076773939
0.5,0.1,162,0.0011472409359270033,0.0008594578846485729,-1.9891926917496008,0.0008935579422265277,-2.103300600465341,0.5535370504974703,6.178571428571429,0.5870417425472483
0.5,0.1,163,0.0031812035019159897,0.00405122409207537,-1.03338970920651,0.0036770587947122114,2.0453464495807054,0.5947790163392701,6.071428571428571,0.5982630872827097
0.5,0.1,164,0.0017760196902050444,0.0019712900442133874,2.4010490347249984,0.0013335974616185996,-0.18419336415360021,0.5543559219871576,5.678571428571429,0.5649448618779245
0.5,0.1,165,0.002670885499178638,0.0039335187596481235,-1.5042768598358833,0.0033422552501278383,-0.5188085211226886,0.5773695341419603,5.714285714285714,0.5882406268602279
0.5,0.1,166,0.0054901311529718866,0.004799414091128329,2.3380576418006953,0.004953740787001381,-0.027341015868084167,0.5806031857706573,6.035714285714286,0.5875632922267287
0.5,0.1,167,0.005407505506945032,0.004552188934980494,-0.13950074849279304,0.004583620682144994,0.37916576002052693,0.55422728510208,5.857142857142857,0.560603905282768
0.5,0.1,168,0.010867233248583049,0.010348522127308215,7.555891224467111,0.0083729505856634,2.002022074658735,0.5925184474361852,6.357142857142857,0.6105719494012118
0.5,0.1,169,0.019968801972628715,0.01902609569720216,10.162547455110818,0.016650669013728796,9.651737830089226,0.613999574852181,6.071428571428571,0.6370818754289573
0.5,0.1,170,0.004812118054408663,0.004763256005982349,5.52544431681774,0.0029910568403369764,5.135798138884193,0.7031028999895875,6.464285714285714,0.6987429845032646
0.5,0.1,171,0.004542970617631999,0.005362681032436771,1.415906622733985,0.0048577898619932116,-1.487456447645144,0.5641602680455245,6.035714285714286,0.5891290476923999
0.5,0.1,172,0.006052040157823307,0.007589282626834433,-0.9997201481548927,0.008116232812357557,-1.6836369529904214,0.6133971984608835,6.428571428571429,0.608908949040431
0.5,0.1,173,0.0034484231820073076,0.003913552240269472,0.8563015922212571,0.003192998144211559,-0.12381839718196375,0.5597992389240868,6.821428571428571,0.5716708531274632
0.5,0.1,174,0.009474990463658605,0.008574962832549,2.894530707472761,0.007721819116159544,1.5912629777897205,0.574685933551422,6.392857142857143,0.6079944668177721
0.5,0.1,175,0.005680762227351722,0.004627819120427286,4.768006357219811,0.0030920453570666947,3.4358105780674086,0.5541680796310057,6.178571428571429,0.5857782428840219
0.5,0.1,176,0.0009772885177787701,0.000871235460352323,1.3135649361107298,0.001066572826605441,-0.6279901923673776,0.6103811868511964,6.142857142857143,0.6135675206596745
0.5,0.1,177,0.0018512451979962447,0.0017204201451692079,1.1543606130808968,0.0009398741248599651,1.983595750314701,0.5808836598018422,6.035714285714286,0.6019093986874283
0.5,0.1,178,0.011816516826766196,0.009782782943522663,5.764091750518794,0.006887786140488915,2.5582907338824348,0.6365166760775084,6.357142857142857,0.6296915953288071
0.5,0.1,179,0.028906745984778354,0.030072109252838326,12.211905116522743,0.026813173830193642,10.95175972265661,0.6827461375052889,6.214285714285714,0.7035342469227028
0.5,0.1,180,0.006799497638191791,0.006264951994081518,1.9235769866876282,0.005948552812186082,-4.2331521468462086,0.6501237991429283,7.642857142857143,0.65566319421689
0.5,0.1,181,0.0021041953398517137,0.0008198855272646231,1.3328580208578984,0.0010068714579398637,-1.2344134318107745,0.5223330567318881,5.571428571428571,0.5391428179336626
0.5,0.1,182,0.004550450170876726,0.002920558143658151,3.532548874758774,0.002033626244548344,1.7562879199205952,0.553754506095167,5.75,0.555130510359023
0.5,0.1,183,0.010611082189098495,0.011346492792189177,7.957790352298574,0.008906853032235212,5.103732852578418,0.6019098797151738,6.678571428571429,0.6004012076130181
0.5,0.1,184,0.001579310230626273,0.00046413298198965145,-3.2694303625087286,0.0005117091260876985,-5.0645106806841795,0.6058083451044907,6.821428571428571,0.6372245140157953
0.5,0.1,185,0.005058867495566508,0.005069503624616087,1.5079943436518164,0.005084045568180795,1.6331755259807892,0.5775690962785252,6.928571428571429,0.5881685984475389
0.5,0.1,186,0.0015000708530608282,0.0014122528791160878,3.078786136118012,0.0010662031661083662,1.6498126570514557,0.5616260385739233,5.785714285714286,0.5722499671982046
0.5,0.1,187,0.003760400066732238,0.0025139679570070636,6.018926305458713,0.0020194041418272425,0.5932660278146594,0.5938698613380856,5.678571428571429,0.6143886405409593
0.5,0.1,188,0.0022622005261223634,0.001962648688215454,2.2105699916794777,0.0016669510414328147,-1.672354420381102,0.5809103015527209,6.25,0.5917668406183176
0.5,0.1,189,0.0014663836638279526,0.001356113960409722,2.397557206383496,0.0015418173426891854,-1.8605952397845822,0.5746870974765262,5.857142857142857,0.5963093681379666
0.5,0.1,190,0.004667511544655365,0.003151288894327177,1.4321305928827002,0.003294042127718287,0.8913044629507946,0.6334288787959766,6.428571428571429,0.6594335964646956
0.5,0.1,191,0.04211052392188186,0.04269396655144306,15.585932979522102,0.0372325241939616,9.111447987433086,0.7134619319757227,7.464285714285714,0.7407850365735305
0.5,0.1,192,0.0005058291041103362,0.00028465100078972383,2.050287696857488,0.00021011884047083897,-0.7656767253282718,0.558232135386,5.678571428571429,0.5573952663150479
0.5,0.1,193,0.004478572171837712,0.004106686173162392,2.0315291993552123,0.003028550253653908,0.7861932057010771,0.6481766927517866,6.178571428571429,0.6509820011900027
0.5,0.1,194,0.001058908602167175,0.0006140887820848827,0.25701078980106473,0.0004157817228041978,-2.6108402445795207,0.5826009345491848,4.785714285714286,0.6094208225108615
0.5,0.1,195,0.005500011549084608,0.004814619000401679,3.126732530659538,0.004786441037112388,2.423626683052769,0.6011208364015743,6.285714285714286,0.6263491490752322
0.5,0.1,196,0.0024475387791706624,0.002596223603730581,-0.19004158838810525,0.002606825786087495,0.46751995987087486,0.583122246490543,4.5,0.5971313631026062
0.5,0.1,197,0.002303994579953724,0.0033533595395057463,0.44294851105476596,0.003534076189412527,-1.220618077882828,0.5812338163777394,5.928571428571429,0.5891728219770003
0.5,0.1,198,0.0066918501141579045,0.006014160878866342,3.2710207485046183,0.003917266568104233,2.4136355345939458,0.5564792089776459,6.928571428571429,0.5884590355954789
0.5,0.1,199,0.009517235342434534,0.010543150483555476,3.2884406460251157,0.00776682196810353,2.6107060481809774,0.5588279589033741,5.035714285714286,0.5630165201504715
0.5,0.1,200,0.0024860677941574167,0.0015106287235852243,3.9387391187525793,0.0012248011104851943,-2.0181526655075763,0.5898301485361036,6.107142857142857,0.5843527220405701
0.5,0.1,201,0.004171678615498338,0.006346659084566116,-1.6150283181533212,0.00586429785026726,-1.1505123643900486,0.5686767228674715,6.464285714285714,0.5935080050337007
0.5,0.1,202,0.0009994408150410929,0.0005416717907114918,-0.21438607885888672,0.0004920528609613934,0.12664201967465752,0.52992310166086,6.821428571428571,0.541337245351561
0.5,0.1,203,0.002826732726324923,0.0015615985994939937,5.2178824631852905,0.0013960727515914917,0.07291330170780459,0.5739569438930353,6.142857142857143,0.5751327130544699
0.5,0.1,204,0.011493732225861822,0.010319752919850185,4.206403734378505,0.00824838680075486,4.530543604720189,0.5809440102827176,5.607142857142857,0.6148958670170226
0.5,0.1,205,0.0026307027052636057,0.0024339648144783305,3.0970379161040853,0.001954102816761885,0.017112907414836325,0.5851557360438813,6.25,0.5940331355140354
0.5,0.1,206,0.005840416308208012,0.00529848875960105,1.4397647469244887,0.0038514249013389475,-0.1154931905616176,0.5605289933707513,6.285714285714286,0.5674891415860276
0.5,0.1,207,0.007243126996293094,0.0069119707846199635,3.2495157084106623,0.006584720818514581,0.9867450939204616,0.5251010957601143,5.821428571428571,0.5290438631558531
0.5,0.1,208,0.0077163819261799795,0.006215742061830024,6.164226153943325,0.004840935896293511,2.3255128577837922,0.5712437718836159,5.25,0.5665052662591732
0.5,0.1,209,0.0009431775194528342,0.00011952843510901861,-1.2720009940687191,0.0004773588623607733,1.5434461816235892,0.5610070526461562,5.75,0.5781184371105832
0.5,0.1,210,0.0030498884269779315,0.0029457198394747188,-1.9649445097836136,0.004132228796498953,0.5038283640434713,0.5852109916372765,5.857142857142857,0.5980503515016211
0.5,0.1,211,0.004848736194987846,0.004729920484512432,4.347687617098714,0.002995728353366986,2.2289929212119453,0.5762294299508038,6.0,0.5690516481790138
0.5,0.1,212,0.007540103697942313,0.004298032960579248,0.5971977571895835,0.0033613474104981643,-6.751164352125708,0.611872237581483,6.785714285714286,0.624654384194514
0.5,0.1,213,0.004702682106669387,0.003236889097024584,0.6324549785958595,0.002907977632581994,-1.0669745295039377,0.5944014864286018,6.392857142857143,0.6216687305474062
0.5,0.1,214,0.003220064832642522,0.0025749875199089743,1.9905004573834404,0.001719049811747322,2.3510832214296613,0.5920676985526175,6.857142857142857,0.5971322180691023
0.5,0.1,215,0.0030180843470816645,0.0032503111009748167,1.213881454207403,0.003670377151258426,0.7558652348716445,0.6318101916176477,6.321428571428571,0.6481332226497061
0.5,0.1,216,0.0009635384471395406,0.0002230818943679288,-0.1853361520424599,0.00033798247961891676,-1.7565946715961995,0.5326765306246887,4.892857142857143,0.5364789032666817
0.5,0.1,217,0.001018679959174861,0.0006358962792286639,0.7172976406239897,0.0008796840768150061,1.7518966799459008,0.5677724650561996,6.071428571428571,0.578484382887773
0.5,0.1,218,0.003662337020468075,0.002429678411586656,3.5424700677416396,0.0025806320935522916,0.28194882371849417,0.538627432184915,5.928571428571429,0.5356760293762666
0.5,0.1,219,0.006286709146706362,0.006780674129043796,0.43904394659890045,0.003231169499308442,1.7029300517010217,0.5342344271702022,5.357142857142857,0.5406833669753429
0.5,0.1,220,0.0008797621526383915,0.00047177778301603785,0.13568155231399004,0.0007908566502233959,0.15244042913838976,0.6104241770183213,5.428571428571429,0.6159985424531175
0.5,0.1,221,0.0016916739580728037,0.002349791051609418,-2.3253974847203196,0.0022167370572212138,-1.3064573741816428,0.5746698215260808,6.321428571428571,0.59338460822224
0.5,0.1,222,0.015276487040687037,0.015269309646135919,6.34707784847685,0.01715360623742046,11.103790981437376,0.5420218813422123,6.035714285714286,0.5803933520802675
0.5,0.1,223,0.009296894036729416,0.009942543080729248,-0.17955870460275491,0.011790214577948785,-2.285637003462815,0.5965036879662252,5.892857142857143,0.6235584680229529
0.5,0.1,224,0.0037560941820887527,0.0029410164593862646,3.1609891290154337,0.002470511329115727,-1.5151402452239324,0.5896106655827884,5.892857142857143,0.5869388347564058
0.5,0.1,225,0.006799642962534771,0.004610381385845535,5.712479248765938,0.004157510046615613,0.9536178449346551,0.6174969429915559,6.0,0.6468262303379018
0.5,0.1,226,0.006946612516426072,0.005164425564251355,5.751915668731179,0.004896275733487174,-0.5755209274592706,0.5368105349582252,6.214285714285714,0.5388227687696692
0.5,0.1,227,0.004195933834212185,0.002519841805096707,7.115823182428052,0.0025934376425627,-0.10485186234899402,0.6687428961399446,6.892857142857143,0.6819384570875291
0.5,0.1,228,0.0013080608812910857,0.0015612222482012082,0.2772994666689854,0.0010682557009002774,-4.429583602164191,0.6127107182574422,6.214285714285714,0.6202920735538138
0.5,0.1,229,0.01047425339725639,0.012482192158496717,6.192437119510501,0.008026298022522475,5.256303538559554,0.5769948694143457,6.535714285714286,0.6208891318625438
0.5,0.1,230,0.013945809472065617,0.01441279986779815,3.3985433175561255,0.012046157188895148,2.9124793430173193,0.6768086436535079,6.642857142857143,0.7039954762012759
0.5,0.1,231,0.01208486173860005,0.01221800696711178,4.17338160999833,0.010945137886526856,4.523101028704815,0.6134997789554234,6.0,0.614255336176573
0.5,0.1,232,0.0023833225793887616,0.0024674592588673273,-0.20483335631136157,0.001511651781758417,0.36991346402656217,0.5344080209480465,6.035714285714286,0.5371398728356027
0.5,0.1,233,0.005333822245257124,0.006509407948276216,-0.06686786386344323,0.006176606261410087,4.408253226144599,0.643251422595096,6.678571428571429,0.6396128277181506
0.5,0.1,234,0.008906369046047401,0.008246498796245364,0.14668746044600312,0.0067383972487644215,-2.32241273172779,0.5693390824697522,5.678571428571429,0.5861647581492653
0.5,0.1,235,0.01695520915467065,0.019604640998242846,5.595505526044171,0.017541742818299073,5.9103410850944345,0.6503248937068878,6.428571428571429,0.6694999820482183
0.5,0.1,236,0.005358072280795623,0.004136979140758355,-0.15512293335572025,0.004286300328480258,-1.0111313829391786,0.574383122528622,6.035714285714286,0.5882423468516494
0.5,0.1,237,0.002002296277413616,0.0013890877409717557,1.526164079884957,0.000992903172274313,-0.26743791226582897,0.5840692522743735,6.357142857142857,0.6108498638045916
0.5,0.1,238,0.005643818280707029,0.004188027058094408,6.910842211575861,0.004704814514485071,2.135850316449421,0.6071983617919133,6.464285714285714,0.6080414396829108
0.5,0.1,239,0.001357615143332687,0.0012110675609795572,1.1097333286366151,0.001042166063232923,-0.4850255556331433,0.5862332033952329,7.0,0.5998224556457339
0.5,0.1,240,0.01916852533800693,0.02064301021783818,6.511282416263825,0.01686125801357012,2.320036150058305,0.6353369375994581,7.392857142857143,0.6384488662719294
0.5,0.1,241,0.0017093265964660913,0.0030205455161401227,-0.9896939906330005,0.002171789423651112,-0.2166177203622984,0.5415577568142298,5.214285714285714,0.5741540681108859
0.5,0.1,242,0.00035810210449410896,0.00013310291646878518,-0.41764661724264585,0.00012338977175165085,-0.6404453744131521,0.5779315456486939,6.107142857142857,0.5792638407546243
0.5,0.1,243,0.0016549280426612154,0.0008862332147444338,-0.15630811980162918,0.0010249581151518133,-1.1622049250687116,0.5695895142186527,5.321428571428571,0.5778746811333302
0.5,0.1,244,0.0034058097070414836,0.00207047384225622,3.250590830834767,0.0028756533056883476,2.157843732102824,0.5452772254546077,5.357142857142857,0.5421413262535
0.5,0.1,245,0.002484530678111716,0.002823911794454446,1.942171299860938,0.0024808937689909092,-2.05370945177512,0.5568309560380332,6.357142857142857,0.5761683188835529
0.5,0.1,246,0.0115247800941451,0.010016191720946272,5.2085536328617295,0.008498868346574297,-0.9112734391519174,0.5866006105659356,5.892857142857143,0.6058979280344625
0.5,0.1,247,0.018987960292764082,0.01864273799890724,6.46681144437364,0.017332436783664158,5.275939368746056,0.5901488475836131,6.5,0.6245227495294026
0.5,0.1,248,0.0072320668797596676,0.0034737732430258576,0.3918939342418213,0.0024191075811229035,0.010350035868943527,0.537936658115463,6.0,0.546005292011267
0.5,0.1,249,0.0026794983683399976,0.0021341317444176482,4.039557661169731,0.002436080616095928,3.1385877106113753,0.5511740900046032,6.357142857142857,0.5532692985891579
0.5,0.1,250,0.002469105498582924,0.0025432566080503677,-0.43531764380054483,0.0026702029757011917,-1.1998344307925966,0.5999586421879489,6.0,0.6156223571948329
0.5,0.1,251,0.0020207439809396687,0.001707041532939736,2.9642998300974597,0.0014788656996466538,0.8427759775709566,0.5753180566901814,5.0,0.5683765666336924
0.5,0.1,252,0.0021484336758839746,0.0007366212497010761,-0.06349071020027708,0.00045090064725447626,-0.8562314879317512,0.6466164078842045,5.821428571428571,0.6543605672634305
0.5,0.1,253,0.0028791903437519312,0.0049251865304031734,0.4001955512602535,0.0047848493031559655,1.5127737046808154,0.5903889893720632,6.392857142857143,0.5935026539492781
0.5,0.1,254,0.0041684612119052685,0.004518491725510023,1.0432016811973526,0.004241578527613946,3.465044729613112,0.5763981191500751,5.25,0.5882878612445301
0.5,0.1,255,0.01215416169607833,0.00996493059222583,4.348778399659672,0.006271647318558972,1.1170823145912248,0.5851602394892701,5.25,0.606238566803368
0.5,0.1,256,0.004706035519393021,0.003919292551388987,6.7027446031484885,0.002851521371777541,2.0533002060923877,0.5831965952278482,6.714285714285714,0.5942905810136554
0.5,0.1,257,0.003492802528831248,0.0026102104102232477,-1.152544761523643,0.0030696065688230697,-1.4346419859790274,0.6049299858274508,5.964285714285714,0.6220491403460244
0.5,0.1,258,0.0008452734787216515,0.00027732806543708167,-0.5133629883071222,0.00034510013619005423,-2.9929696691497725,0.546639164451894,5.75,0.5661978605408926
0.5,0.1,259,0.05425938201076546,0.060963207495824394,17.71957741174105,0.05666189027173989,28.911458288128262,0.672951055710665,6.535714285714286,0.7222744184856108
0.5,0.1,260,0.0003726639979510901,0.00039920087044970483,-0.175388946730493,0.0005270913619376887,-1.9668753116669582,0.5876074229831704,6.178571428571429,0.5855237947963532
0.5,0.1,261,0.001049945563177939,0.0010773505546910252,1.8315551443748603,0.0005047361419709626,-0.5370898114802856,0.5732821606351509,6.678571428571429,0.5795764366224577
0.5,0.1,262,0.007724706735589473,0.005666545830568133,7.614992766338965,0.005049772181950613,-0.5990095338155564,0.5632166569724174,6.071428571428571,0.5693757810653297
0.5,0.1,263,0.011611990500374572,0.010865480293853598,5.739163977370964,0.011129880504428223,8.445818093292663,0.550549008086009,5.714285714285714,0.5533202043001788
0.5,0.1,264,0.0008260746100321502,0.0004410151335097711,0.43231767407346666,0.0007124847606844413,1.0034448760498076,0.5689807276661881,5.607142857142857,0.5829307417642549
0.5,0.1,265,0.004773218459587149,0.00324301358225365,5.483844937875048,0.0019311634806204398,3.622574642148218,0.6193333123690083,6.535714285714286,0.6536802553348388
0.5,0.1,266,0.0037954530068448084,0.004054387760575484,1.3004235135064377,0.0029332061731942548,-0.9985343156764751,0.5838458813788296,6.428571428571429,0.5875420789991959
0.5,0.1,267,0.003449232518973287,0.003785587397548699,4.238381917853047,0.00255220575962596,1.2602922688347558,0.5811375898447274,6.357142857142857,0.5888985084913336
0.5,0.1,268,0.006121472688465628,0.005246243375027618,4.083600458082259,0.005131221860078349,1.3669308165106127,0.5892098105653548,6.0,0.602679140111512
0.5,0.1,269,0.023423299416578454,0.026014588049448263,12.802191420790066,0.0222101649825358,10.47677988344654,0.6085635104629679,6.464285714285714,0.6142442216121238
0.5,0.1,270,0.003823427207895388,0.0026499789982718197,1.4848652864911145,0.0034485585401678952,-1.127213224415679,0.6071516889248825,5.5,0.6355330382414797
0.5,0.1,271,0.0034775806015369735,0.002845660800312462,1.5372511788339835,0.0022648908437869473,-1.223821124112978,0.6117637424629275,5.142857142857143,0.6264102137999126
0.5,0.1,272,0.002654686273823288,0.0025769499041893205,0.3232762242113978,0.003737904395736136,1.2193880106962258,0.5645137128327342,5.5,0.5836884331899583
0.5,0.1,273,0.007377577485173479,0.007844287146047214,4.194383140947437,0.005982538941439555,2.926101410802365,0.5862310251120911,6.071428571428571,0.5989020892418959
0.5,0.1,274,0.00325337960231986,0.003541357131978998,0.9776241085008124,0.00409518091293566,0.8965265168158112,0.6014675658468471,6.142857142857143,0.6185527900647221
0.5,0.1,275,0.008618671431585267,0.011004760773158,1.810312672676062,0.007456328848678445,-1.5713003431085706,0.5511620309254058,6.285714285714286,0.5675836908220669
0.5,0.1,276,0.0010791272642564883,0.00023495829578915433,-0.20294074873534385,0.00020581725050848262,-0.9936181518029343,0.5595772153899721,5.785714285714286,0.5628510388705439
0.5,0.1,277,0.002847333493779872,0.003471789569606647,-1.0698939237667986,0.003602728337809973,-4.915530881894948,0.5780425950571131,5.821428571428571,0.5834034678275932
0.5,0.1,278,0.0064183488442830245,0.008280145599445761,-0.6220802985386413,0.007037373134999474,1.475659963419749,0.6126411727106976,6.214285714285714,0.6197751909855591
0.5,0.1,279,0.001826768370953473,0.001678119441730219,1.9447024020423882,0.001228531631028189,-0.4500064739834784,0.5512244718526054,5.964285714285714,0.5309517963301227
0.5,0.1,280,0.002387835333757979,0.0027129153993725574,1.9205522035300788,0.0022585998152656085,1.0014597928498858,0.6084999298701395,5.821428571428571,0.6123573910226636
0.5,0.1,281,0.002886006603543925,0.002472520352369423,2.6658585567399555,0.0019123284973110435,-0.2552330514225692,0.5756159112715581,6.107142857142857,0.5760265956137877
0.5,0.1,282,0.007400269935880437,0.005094294213513763,5.848886876521696,0.004395544205251002,2.013918653464733,0.5402915902997809,5.285714285714286,0.5565479341668356
0.5,0.1,283,0.003302328288283823,0.0028894256506168518,1.8488506354238723,0.002878180839417385,1.8988250581669206,0.6179461504802235,6.571428571428571,0.627484202595456
0.5,0.1,284,0.00686452154274863,0.005881599714395587,-1.814510574506194,0.005517818348775754,-2.0202081363559046,0.571685573432296,6.714285714285714,0.5746517290206221
0.5,0.1,285,0.0034944818311255063,0.004272403072213087,0.9074192298298343,0.004254979521055802,-1.3633274868459466,0.554827192265421,5.928571428571429,0.5541866374057569
0.5,0.1,286,0.004779027443574801,0.006436248352350566,2.038954105679224,0.004642962823494467,3.5264604405890907,0.5822257246817317,6.142857142857143,0.5707565620149619
0.5,0.1,287,0.004254852742269061,0.0031769165173374577,3.164000322235161,0.002704640965126945,-1.0870570882614647,0.5442271616605113,5.785714285714286,0.5511432383156594
0.5,0.1,288,0.0025687259645371897,0.0017160081666009474,0.2885825076235591,0.0018043988012500206,-1.995999564394386,0.607992800210302,6.607142857142857,0.6022385104962804
0.5,0.1,289,0.002210920749265148,0.0019356950280887814,1.4242255656565774,0.0011644740380044136,-3.747699614898181,0.6003363040133731,5.642857142857143,0.6112026732730297
0.5,0.1,290,0.00455755825739397,0.002700543756973084,6.629987647698606,0.0026981205324905894,1.9917842854426056,0.5642115864925934,6.071428571428571,0.5768905442873122
0.5,0.1,291,0.006935095309569998,0.005849024961013327,3.221603248510746,0.0057827404256042,4.099231927451797,0.6497884377493897,7.214285714285714,0.634035066531305
0.5,0.1,292,0.007156716807055237,0.007758917596607611,0.21338380996301964,0.009110539967386476,3.699882966100347,0.5456681134577591,6.214285714285714,0.5301863196800901
0.5,0.1,293,0.001502300959577977,0.0015310900969966162,2.0216824665287305,0.0010702332535825754,-1.4350789888170443,0.5599487612772507,6.0,0.5545584371888377
0.5,0.1,294,0.006504745335805606,0.005299599807254252,1.4787002819135395,0.005071370737819324,1.775644847552125,0.5272392076934148,4.535714285714286,0.5193103009416185
0.5,0.1,295,0.011007355514761041,0.0068194327759206076,3.057058501182496,0.004772007792109303,-3.880277698964685,0.5702188075540081,5.392857142857143,0.5735126722455108
0.5,0.1,296,0.0019788525878613058,0.002829389913617803,-0.4961846836084334,0.003212074856360539,-1.3046554167719744,0.5767474635018044,6.107142857142857,0.5783079982704129
0.5,0.1,297,0.006525140028040473,0.0073301745362406535,2.9919040469332856,0.005566395770687522,2.8214727794429564,0.5666905363133282,5.5,0.5765013534798578
0.5,0.1,298,0.0005437802295063696,0.0005317401021796857,-0.737426959435382,0.00032301153030517233,-0.9264221038913547,0.5840613656308199,5.571428571428571,0.5735736565027562
0.5,0.1,299,0.003495795230691831,0.00455120576758674,0.0045650199594931,0.0038526794855065533,-3.1466736577071117,0.590184129583468,7.25,0.5934052984114455
0.5,0.2,0,0.04999030468643745,0.05681419469085178,12.982024076179787,0.054564497831167444,22.29705624853561,0.6680024478268912,7.035714285714286,0.7385061686411054
0.5,0.2,1,0.00866657003318817,0.010820389409187428,1.9885415230718024,0.01074573174314838,3.1621030471240297,0.5563064118086098,6.071428571428571,0.5490791077917669
0.5,0.2,2,0.0027062802252123706,0.0009053060685802502,4.960803787849294,0.0004895135187482509,1.4861899351998697,0.6120063316800349,6.214285714285714,0.6135804658582682
0.5,0.2,3,0.013816764007786447,0.016924461683250784,5.346411854839452,0.013823177632409643,4.328819239936138,0.6031064799406469,6.214285714285714,0.6272008868155069
0.5,0.2,4,0.013959001616923128,0.012578737882257093,7.30689406529352,0.007888959063886467,6.419515505262344,0.5460660224553522,6.535714285714286,0.5509094502419081
0.5,0.2,5,0.0038950873985792206,0.00387701737255745,2.4079689874294203,0.003194659066706038,-0.1241925705935311,0.6280304303961373,6.428571428571429,0.6344685546616871
0.5,0.2,6,0.0016322591381045665,0.0018119140739504612,-1.395543569554114,0.0022587089512103053,0.04584774079110806,0.5582139759317196,6.678571428571429,0.5567641903982021
0.5,0.2,7,0.005003738295183974,0.0017770779246816107,2.5757388657975966,0.0014837908043943832,-2.23328420399478,0.5753965264593149,6.5,0.580603633604591
0.5,0.2,8,0.00280763521593622,0.002316173198907629,4.253531161631926,0.002610916636986639,1.6457818724145266,0.5675644135056375,6.821428571428571,0.5756857154425774
0.5,0.2,9,0.004165414997040894,0.0018402972094604874,6.181630162654358,0.0017895386588112458,2.2054227052158333,0.6156128832009665,5.821428571428571,0.6045651559681934
0.5,0.2,10,0.01784051463945284,0.015606033315566944,10.340958815330353,0.015767309305196868,3.503202914965243,0.7167436613136425,6.785714285714286,0.7395133392903711
0.5,0.2,11,0.006672992953910405,0.007338189669970372,2.8273568599217924,0.006706118143675001,2.0624896546159825,0.5833689886893699,6.071428571428571,0.5938717580732891
0.5,0.2,12,0.04824747404341152,0.0522360957734442,13.326479810978554,0.04440206078902372,13.782502256333117,0.6870037115797888,6.678571428571429,0.7428936253552203
0.5,0.2,13,0.0019003788753598468,0.002133430277196486,-0.6093079698597492,0.0016898547313970223,-3.184187104171315,0.6015139566270313,6.857142857142857,0.6242371102522699
0.5,0.2,14,0.005486744953924417,0.0047791152065338235,1.1885182848315026,0.004216203452891208,-1.3436570379320851,0.6063585467351958,6.535714285714286,0.6111029137705788
0.5,0.2,15,0.0172041150053232,0.013051543617094864,13.914446952701581,0.009178272431878071,2.2298977181665216,0.7133929816876575,6.321428571428571,0.7342701114058059
0.5,0.2,16,0.0024612346699135436,0.002729506399987688,1.322652903375257,0.002983689674862815,1.2358492350176864,0.6222542426848978,7.0,0.6220168226124718
0.5,0.2,17,0.021684472070641586,0.023979941997732433,7.031088287408203,0.024113532773594296,10.368479886529903,0.6328217086789367,7.0,0.6529254607367927
0.5,0.2,18,0.009091618988858434,0.006247158211356399,2.7227684731138098,0.007055738436415379,3.7800374527126146,0.6194044576877128,5.464285714285714,0.6307126164353096
0.5,0.2,19,0.0015942388959616666,0.0014497319672653916,1.0666640192774892,0.0013935202311667698,0.4555418396795024,0.5943230789998303,6.285714285714286,0.5983075555989366
0.5,0.2,20,0.009054706301483256,0.010989590230269491,4.066712988868787,0.011278414561820304,10.28654044720499,0.6316458915837642,6.821428571428571,0.6491537609515992
0.5,0.2,21,0.0016757402425307919,0.0005210796377680127,0.3053835340433295,0.000771599446832156,-0.7645368661061696,0.5549009102434547,6.25,0.5850364136014288
0.5,0.2,22,0.0054837961440602065,0.0031381052750896424,2.223373839427012,0.00264765082586585,-2.719334804214469,0.5864444808310988,5.678571428571429,0.589034729800236
0.5,0.2,23,0.0034542669584075427,0.003596559024381697,2.4636513937221025,0.003011169303018737,2.2063481378548695,0.522642272714026,5.714285714285714,0.5170194333029599
0.5,0.2,24,0.001472786400741004,0.0014106638501160606,2.4372305242710013,0.0012273018138694053,-0.1176961924025856,0.6013196772700324,7.25,0.6168944869904551
0.5,0.2,25,0.0052079289239031785,0.006009468499728267,0.9501771057504556,0.00396477079945661,-0.21695383334619578,0.5507266527908486,5.642857142857143,0.5490859475237356
0.5,0.2,26,0.0008017896776490333,0.0006775542083035528,0.107639449434771,0.0010946005804352336,-0.5835179767940701,0.5793925331989629,5.928571428571429,0.5838280039558394
0.5,0.2,27,0.0024993640722092226,0.0033639506618387814,-0.8449124452014374,0.0027796827180710374,-2.9341742868054914,0.6060182009736511,6.642857142857143,0.6044553581532354
0.5,0.2,28,0.0032444456621952317,0.002747486095041236,3.0591206147227368,0.0013588174079470542,1.720833429276856,0.5997225724382689,6.285714285714286,0.6104277919915398
0.5,0.2,29,0.037210867318781045,0.039491797937150686,12.078163575118822,0.032388835736594485,13.903824014552916,0.6776362139463831,6.25,0.7102150054153828
0.5,0.2,30,0.009461437945480693,0.008298286838061724,3.000319931785185,0.0073559831927491786,1.8472748031740973,0.624390153215978,6.785714285714286,0.6371822082618822
0.5,0.2,31,0.018241442652482145,0.015886284065876267,4.778199576527001,0.012338264605183506,0.0032987158803052807,0.7033712307775585,6.392857142857143,0.7288572078762673
0.5,0.2,32,0.0015192224660723636,0.001253123484904271,2.328892046386315,0.0014971651296838372,-0.6909611589802864,0.5791317589100798,5.535714285714286,0.5912510343020052
0.5,0.2,33,0.01626290945551816,0.019529878481372283,3.899289017843188,0.016977592322012423,5.149437415147456,0.6041212049746205,6.75,0.603977763810084
0.5,0.2,34,0.000479131151994461,0.00015559885703109828,0.1179389339735124,0.00013964767797494212,-1.429596507479289,0.5931210409109575,6.0,0.5990330198169516
0.5,0.2,35,0.04608774102943063,0.05163479350435725,18.1476030598144,0.043549659314936304,17.02004461016196,0.6829807676259027,6.5,0.7309445532551364
0.5,0.2,36,0.030045533665196057,0.03002541453513637,11.14490861957654,0.025460449469817834,11.033679083872215,0.6051617885804772,5.821428571428571,0.6323638987258792
0.5,0.2,37,0.0031135045164319875,0.001569574416177389,5.491123696430385,0.0008288430528749325,-2.666982878535748,0.5576766516624888,6.392857142857143,0.5610622779674013
0.5,0.2,38,0.0026822961188123057,0.0023927191480084802,1.824800408517774,0.0016905170710964988,0.9812867055144636,0.5654549866086737,5.892857142857143,0.5752059283618243
0.5,0.2,39,0.038428230325556895,0.04511904652361137,11.732702997512927,0.03885015400307979,15.330268554724967,0.678399770185225,5.5,0.7224555104479145
0.5,0.2,40,0.02400046337401714,0.02390888528186775,9.76234059859079,0.019959464296489347,5.23128917516587,0.6382241203453918,6.535714285714286,0.6647177520983507
0.5,0.2,41,0.02019241860544664,0.022494433956040748,7.6987304993745695,0.021042108724215556,3.084118297091578,0.5758244330238618,6.75,0.606910399476004
0.5,0.2,42,0.01665800094275796,0.017319031949813178,9.171617611474495,0.016226389738325814,9.326372381646166,0.6102786529687455,5.75,0.615261189171592
0.5,0.2,43,0.006691817840113332,0.009011196040760401,0.5806467417260208,0.008998001703913799,7.262706102584663,0.5684604821810565,5.75,0.5686592286157326
0.5,0.2,44,0.0013950842817934243,0.0015507004283054576,2.0394553142829395,0.00098745446126197,3.6311169376216603,0.6001946076403224,6.392857142857143,0.6146421230194091
0.5,0.2,45,0.00464593463342809,0.006404499494430168,-1.4717006102433174,0.005924072253535226,1.483285347735053,0.5563468696409013,6.321428571428571,0.5731713293865497
0.5,0.2,46,0.0010185990996388235,0.00044428618373007863,3.0303236170658323,0.00032941409184327505,-0.816659683316099,0.599903220761084,5.928571428571429,0.6151263156922246
0.5,0.2,47,0.03620576507403457,0.03901107047221927,11.57093906418029,0.033415749674863625,11.949547590199378,0.7665806267835171,7.714285714285714,0.803953461638893
0.5,0.2,48,0.0022356436068281583,0.0018722515070158051,0.3951761716315403,0.000775951358579128,0.8922339390619906,0.6062101519742402,5.5,0.6147580263009923
0.5,0.2,49,0.0008011740648406619,0.0015109594101484424,-2.0337656953856893,0.002113681854893955,0.09281189060683914,0.57885042338195,5.857142857142857,0.5908528412002682
0.5,0.2,50,0.0010259920715336688,0.0009277488985402428,2.215937425791239,0.0008511068509311856,1.4600303023775325,0.5944620134512141,7.071428571428571,0.5892399821098764
0.5,0.2,51,0.0012873712341251405,0.0020555567023823936,-0.7952335501970325,0.0019025343516261989,0.7043764443973922,0.5253870730108748,5.535714285714286,0.5189557111311824
0.5,0.2,52,0.015130572508312918,0.01181880574391293,11.942632738276018,0.00927811749567527,2.0611102438283617,0.6966611142498703,5.964285714285714,0.7202774883283117
0.5,0.2,53,0.00102840864583121,0.0003638306704816277,-2.7404533738829997,0.0002597570427822016,-2.3070776606897994,0.5786563577109005,6.642857142857143,0.5807283681871573
0.5,0.2,54,0.001008246068795606,0.0010478037501004268,1.873378493970307,0.0009688935838386956,1.1302430673879467,0.608652096233531,5.785714285714286,0.6165047630862441
0.5,0.2,55,0.0022242317837234825,0.0022198754115865644,0.7569471686434284,0.00134523559937587,-1.405721360827793,0.5606040432696402,5.571428571428571,0.564892175824906
0.5,0.2,56,0.006370331838151099,0.005368998623582068,2.3905601387160047,0.005762915951431865,7.4313971021122045,0.5522716654538012,6.642857142857143,0.5578993445027196
0.5,0.2,57,0.05270405774750319,0.06314234118358465,12.136722838159425,0.058489293189067273,19.17355034995778,0.6263083803405481,6.464285714285714,0.7002870741120817
0.5,0.2,58,0.007457857529485386,0.007307522202827679,4.466015475536771,0.004056083765035355,4.103603371591873,0.6199839340064086,7.071428571428571,0.6402972334274941
0.5,0.2,59,0.005400604355380842,0.004768143320307942,4.120637963519037,0.003781055573152011,0.2842510501099582,0.5644636945880334,6.571428571428571,0.5840129482965901
0.5,0.2,60,0.0007907385150327268,0.0007635165262561666,-0.22600765321688954,0.0005068456642825317,-1.5200478078886686,0.5932801214649689,6.321428571428571,0.5903040432356357
0.5,0.2,61,0.0019272217923915033,0.0010979129115069573,2.8713181509812955,0.0010125307244836154,-0.10981152928703371,0.6462876090303666,6.892857142857143,0.6555018368930023
0.5,0.2,62,0.0031188440523869407,0.0038407691351669314,-1.643457661559637,0.0038835676111799674,-0.20659526418604438,0.6272394381550745,7.035714285714286,0.6480610031268589
0.5,0.2,63,0.012671725362032963,0.016043620263758794,4.215928611437377,0.014918506960607801,9.141374900976208,0.6982748863505239,6.714285714285714,0.7265436484209591
0.5,0.2,64,0.004681907958550579,0.004602766538564672,4.780802376552543,0.0046191577646180326,3.963409723129113,0.6339668163494562,6.392857142857143,0.6379969812742372
0.5,0.2,65,0.002667835474319332,0.001637046630216893,4.029614052120948,0.0011511094171070804,-0.11640131830597511,0.6739160149254503,6.571428571428571,0.6762692346024595
0.5,0.2,66,0.008338853594868044,0.009644455182981458,2.7691047495485535,0.009833810192788763,3.905695202176171,0.5728603225171112,6.107142857142857,0.559087778107588
0.5,0.2,67,0.005786751839650461,0.0035359913214469047,1.9668471231952793,0.002220056339757927,-0.7247076650873794,0.5949651155785692,6.178571428571429,0.6078141191792417
0.5,0.2,68,0.0012540221956384822,0.00104337033023306,-1.5374611355238486,0.0008100859046805852,-5.942136367959638,0.6031713379740223,6.857142857142857,0.6137262929672151
0.5,0.2,69,0.008903796260622649,0.011038526991882958,1.0165756965211443,0.009599196917244089,0.6851593549818821,0.5496260034954711,5.5,0.5673639744909984
0.5,0.2,70,0.007945658990056807,0.00900857333888874,6.214867059870599,0.007724060736012184,5.577384007090179,0.6244798497132743,7.642857142857143,0.6390298914442503
0.5,0.2,71,0.025593664240130192,0.026825860806482263,9.344941706486239,0.02254875522758141,12.204176087768568,0.5829286043625153,7.392857142857143,0.6273629884631677
0.5,0.2,72,0.013275498120354485,0.013558726979211575,10.166850713695808,0.013570547229500083,7.64753102581227,0.6388341262616184,7.428571428571429,0.636864442361355
0.5,0.2,73,0.023842056574429494,0.024501326319849585,16.36311977345675,0.02011664985136077,12.179151132009508,0.6237899423546536,8.107142857142858,0.6323656790678769
0.5,0.2,74,0.012654518780132787,0.011823743661772886,5.33597083065915,0.009320990668731372,-2.2846637364433584,0.5777046301195543,5.678571428571429,0.6004765754242567
0.5,0.2,75,0.0068867550067571405,0.006395932483220982,7.897149173134956,0.003155672623359271,5.018687540135791,0.5898954880185896,6.535714285714286,0.608022449368268
0.5,0.2,76,0.0051745910603785104,0.0048343734644056,3.688045114259033,0.003548305280981371,3.3711968794864524,0.5600001159821912,5.571428571428571,0.5617917756155921
0.5,0.2,77,0.0009326297855117311,0.00045756395515955146,-2.380878968101584,0.00025943768617264773,-5.0565243862094365,0.6029840634959809,5.928571428571429,0.6109358935509581
0.5,0.2,78,0.010780335579140243,0.010150305959978406,3.8274298695676023,0.008210414527455467,1.5126069841644874,0.6208491921421373,6.107142857142857,0.6413145127982726
0.5,0.2,79,0.008533972140957032,0.00953165115342919,0.42614168717621936,0.009019067695163302,1.6654018236048576,0.6032358372762131,5.785714285714286,0.6479165339058766
0.5,0.2,80,0.0069556429175352055,0.005560596114503714,4.759168695392958,0.0040246940315658356,-0.9105580529317668,0.5878810658888669,6.107142857142857,0.5729991491926645
0.5,0.2,81,0.02687568805908704,0.028362735979753594,17.448307213484316,0.025522129672092164,13.663728073815008,0.6735814430754621,6.035714285714286,0.7119139948364348
0.5,0.2,82,0.0033256251569732348,0.0025857841030015867,1.5190068111584623,0.0015837678985460085,-0.4818076818629038,0.5879043161888775,6.892857142857143,0.593168704035901
0.5,0.2,83,0.010455479531857438,0.010672100872863934,5.927963618306713,0.009302308567287459,4.555746431421426,0.5835495344074386,6.821428571428571,0.6191415199939372
0.5,0.2,84,0.0017509618728682804,0.001345099172602169,-0.8244334635946231,0.0010682041309110705,-1.0090757984037755,0.5621007697302903,6.571428571428571,0.5820613514804431
0.5,0.2,85,0.006506543196823578,0.00736583773070468,3.6758103907782314,0.008610199677404014,5.4143479514854205,0.6184216593933866,7.035714285714286,0.6585753710374798
0.5,0.2,86,0.006651276126378565,0.010618452727402363,-2.441862328165705,0.010555846273653397,0.8703333755598331,0.6183838983192084,5.892857142857143,0.6252220618310664
0.5,0.2,87,0.018269623769079316,0.018797530333398496,14.681481190006359,0.017106749672359957,15.093647122412042,0.7151346174569057,7.214285714285714,0.7229751792011032
0.5,0.2,88,0.012169543327741582,0.012980675794088554,6.460776217674436,0.01007939916361832,7.903657660544279,0.6926167677400548,7.214285714285714,0.7110698009181847
0.5,0.2,89,0.012251352012611492,0.011361222678680888,9.349457368651834,0.009240109275222216,8.91678289867238,0.612381191654176,6.714285714285714,0.6131525299808964
0.5,0.2,90,0.0009073717796854413,0.00047041691336553547,1.6255877618236028,0.0004185749440311507,1.4486042348795063,0.5724495486163027,5.928571428571429,0.5766098738742864
0.5,0.2,91,0.01139518642238742,0.010835742852237708,7.689105089677476,0.008381368141772705,6.260762783310089,0.6995998247808444,6.535714285714286,0.7031345048228435
0.5,0.2,92,0.02267966094286854,0.02427514497654406,8.473070485429751,0.019611808591538427,3.7048992771703695,0.6424351171136978,6.964285714285714,0.6638524354784321
0.5,0.2,93,0.0025774952782874304,0.0032406533742326384,2.5058186636776583,0.0034018826690716923,3.268953188316715,0.6277192511606817,6.214285714285714,0.6377496847298472
0.5,0.2,94,0.02417267632783678,0.021629818977536536,7.399615052456944,0.01608934202420795,4.432654861024957,0.622589496060698,6.25,0.6300617857631895
0.5,0.2,95,0.005435793290268817,0.005731898897818143,2.8167313447359916,0.005669616443604093,3.4042095545537356,0.5852471829512176,7.285714285714286,0.5861054435912947
0.5,0.2,96,0.0025485645579449235,0.001019824524694757,0.7973399234850049,0.00043784033000464746,-2.8159637808450193,0.5848140045624527,6.714285714285714,0.5649310717712639
0.5,0.2,97,0.0067485466919237095,0.0073641345079567605,4.898518422610323,0.008650437257245864,9.909540317248315,0.6114063680047161,6.464285714285714,0.6371756501659357
0.5,0.2,98,0.00274559574040642,0.0023562098724939345,0.1957783170164049,0.0015920491493249635,0.324419524751022,0.5852707772834513,6.892857142857143,0.5849106631174961
0.5,0.2,99,0.013709567651982687,0.016030435597091452,5.258030741275341,0.014259831516530562,3.7133344773009562,0.6709620484634709,7.321428571428571,0.6926548787272522
0.5,0.2,100,0.033782331982711356,0.03552590213227586,13.011740936224768,0.028073708523026503,11.64535444428906,0.6965961184903428,6.142857142857143,0.7241789217354668
0.5,0.2,101,0.006541684129084895,0.007134212022369461,3.625975800707188,0.006858658333717894,0.669438631712012,0.635608367130248,6.642857142857143,0.6442761770913428
0.5,0.2,102,0.05382235737614401,0.05608951924725235,15.419553950339818,0.046558589279064574,17.69993345246031,0.7259770243686418,7.142857142857143,0.7578666938351549
0.5,0.2,103,0.007313101317153995,0.010028014350094832,-0.5139846616966324,0.009253324336707593,-1.1220737111799888,0.5522663119457031,5.428571428571429,0.5674209655517856
0.5,0.2,104,0.009016281967259501,0.009770605047537354,6.737703955613313,0.006596847781018006,6.8797938478817,0.6286874338592423,6.678571428571429,0.6575715599036223
0.5,0.2,105,0.009269056472560922,0.010474699992034002,2.0800499410328683,0.007983218960356687,2.0433737041282996,0.5906231673620971,5.928571428571429,0.6018713979412839
0.5,0.2,106,0.001652237098992183,0.0014900037610779116,1.197445274067661,0.0006192968058432535,2.8419451914066087,0.5551470000671613,5.964285714285714,0.5640386879179218
0.5,0.2,107,0.0054964827573333215,0.004495929371792463,4.78723372542153,0.0028402186575630065,0.8192093165445348,0.5866217790765804,6.642857142857143,0.5848352450141107
0.5,0.2,108,0.005659179270470733,0.003501820961939306,3.8338014402104648,0.0027818799423131486,-1.3631422546194187,0.5924274391657061,6.642857142857143,0.5856770953183186
0.5,0.2,109,0.004091125960120623,0.0038841459526641467,4.034127190410935,0.0042292949405639225,5.853023139695854,0.5873843364883323,6.25,0.6129710055061302
0.5,0.2,110,0.001158614706454715,0.0009135819782208524,2.43486210163055,0.0009231288099742869,-0.47484410468765265,0.5732163067509392,7.0,0.5985891614458934
0.5,0.2,111,0.007328864348587558,0.007952661667612205,4.319514039348675,0.007090491901963196,1.6019079201946245,0.5752246662780597,7.357142857142857,0.584554936704542
0.5,0.2,112,0.024767628661662825,0.027817890531218182,10.064645428156922,0.02433825003413144,9.403070562531772,0.6920667646119156,6.571428571428571,0.7117959390509674
0.5,0.2,113,0.03653586437259171,0.03517531657443297,20.460673420933773,0.03106569974690034,14.417650012530402,0.6782277762207415,7.071428571428571,0.7154166115192322
0.5,0.2,114,0.02688941683397786,0.027853649190754153,11.970854138142428,0.023627268890865697,7.326233851710839,0.5921266872456613,6.214285714285714,0.6316966828723218
0.5,0.2,115,0.0270221927295726,0.024731451459216486,14.516705858323093,0.022030999631739635,7.939478178877882,0.680699086083502,7.035714285714286,0.7053156349971201
0.5,0.2,116,0.03842226406925526,0.04084076175781045,14.243892683028626,0.03405834762782378,13.073681045883822,0.7209912069959417,7.035714285714286,0.7555309052509482
0.5,0.2,117,0.006034365730368931,0.0061021244197472955,2.5181423057930274,0.006361739001117273,0.9703524990622441,0.6231945032220123,6.035714285714286,0.6341064914382323
0.5,0.2,118,0.005010530429433943,0.005735936731163894,2.117681307623762,0.0045531702205897084,1.1784224084986665,0.5776666838892185,5.428571428571429,0.5908138748449048
0.5,0.2,119,0.0038360300523096664,0.005597698111588738,1.9783000821542913,0.005171341397252878,4.818594557124688,0.5448176167162084,6.464285714285714,0.546335198436039
0.5,0.2,120,0.015561923955125519,0.017183583214750716,7.623934451922409,0.01445858249237078,5.336413052373501,0.7295494280947372,7.5,0.7502746315834954
0.5,0.2,121,0.0024997982990641,0.002694147582947461,4.065856785376589,0.0023544457422831552,2.378780444778878,0.656486236245047,7.75,0.666572596882427
0.5,0.2,122,0.04763434025552304,0.04726679348880304,26.655465329787415,0.04302258585206201,24.657860316131277,0.7488399235854922,7.178571428571429,0.7893571517477167
0.5,0.2,123,0.020267853030640867,0.019233232542572285,13.661615672839318,0.015113680566872597,9.28328596841508,0.7071121895732838,7.464285714285714,0.7221234816945462
0.5,0.2,124,0.024202324992103577,0.02581393028129015,9.392174955408386,0.022037800898618162,14.63163203742109,0.6266086520894032,6.178571428571429,0.6420817194981563
0.5,0.2,125,0.015541027059461502,0.015977674063074605,10.543754516316348,0.015011329279781402,9.9555304668503,0.5870802558401939,6.464285714285714,0.5920061507697909
0.5,0.2,126,0.03507265248970163,0.03578614787166397,11.686469298939613,0.03260178986708113,7.819358861274632,0.6541813349694869,6.928571428571429,0.6775239331399905
0.5,0.2,127,0.0023579713109304315,0.0025308752537748676,-1.532180269024117,0.0025823851912574014,-2.437054331266097,0.6185302770000577,6.214285714285714,0.6159959574367704
0.5,0.2,128,0.002014482866129571,0.0014660334771579408,2.6193475186615274,0.001847899151523593,1.22385240469301,0.6034976910345318,6.392857142857143,0.5923774677482624
0.5,0.2,129,0.01348105576437133,0.011466366369432426,9.826172247463461,0.008841443408590121,4.046825185688078,0.6371195497382258,6.607142857142857,0.6156799115276647
0.5,0.2,130,0.014083977491422862,0.012641680876322853,11.790360546217606,0.011764166712847237,5.250666997400505,0.713092454880549,7.071428571428571,0.7374305302631461
0.5,0.2,131,0.005354020809760692,0.0026236771560960875,8.58308300182454,0.002529882065719127,2.053057013172643,0.6036503409707211,7.285714285714286,0.608683137301167
0.5,0.2,132,0.025738608663347054,0.02944297953163984,7.580153085644298,0.0274367863452307,11.23724276136405,0.6862531856877945,6.928571428571429,0.7123199027534955
0.5,0.2,133,0.01320517198644015,0.014955929691346667,7.173478532454084,0.015230353702633816,7.424948640219516,0.6461676764687008,6.285714285714286,0.6459390668094005
0.5,0.2,134,0.006519504346265699,0.007455436988208624,6.872310602381816,0.006278801227565668,4.075800370100116,0.5422104182115867,6.071428571428571,0.533462822870742
0.5,0.2,135,0.02724883074824448,0.029742247280455953,12.016796693272973,0.025916185407232954,15.5986813382659,0.7008842669639241,6.857142857142857,0.7274163278111734
0.5,0.2,136,0.0015025697202939122,0.0006559202595281103,-0.9414507946528872,0.0006917737782071663,-2.5810495802185187,0.5849307987100952,6.321428571428571,0.5941485861662972
0.5,0.2,137,0.013044861851500182,0.013483377699376131,2.5699678213482215,0.014058533981109973,4.321979281148988,0.5256760304243148,5.178571428571429,0.5257656299153501
0.5,0.2,138,0.006994487488050082,0.007176689706344576,4.8253820781464185,0.006782303864642386,6.275127671149903,0.5618003732264578,6.857142857142857,0.5895049412562328
0.5,0.2,139,0.009005257130947575,0.00879902135975265,4.02726848366288,0.008047427154243843,5.154516153727731,0.6000462234119429,5.857142857142857,0.6294217075520614
0.5,0.2,140,0.03924202056386435,0.04376357496402268,14.645881882540731,0.036530283691660934,17.351641946391506,0.7209870652406678,7.071428571428571,0.7504258801858703
0.5,0.2,141,0.009785922194383616,0.008398273671283296,9.09608938272013,0.006918925383773742,4.1427017369945345,0.6084151554075882,6.857142857142857,0.5990818937252406
0.5,0.2,142,0.016299980779954523,0.01653004999511775,6.272161271522656,0.014165762659678402,1.629106812865757,0.6203823193827808,6.357142857142857,0.6415155808012968
0.5,0.2,143,0.004547360906887963,0.003779158445999303,3.365210762510337,0.002912533946756847,0.6523902501351605,0.5125217512177201,6.178571428571429,0.5285826338772801
0.5,0.2,144,0.015180857872985043,0.01801620385717735,3.6740839879036074,0.016376372723102876,4.927457277620316,0.6054511442500982,7.5,0.6479228807748065
0.5,0.2,145,0.025989456666700814,0.030329324188809268,10.89815062446354,0.028991615610302342,11.237235924298366,0.7112307027925198,6.714285714285714,0.7437531684366828
0.5,0.2,146,0.004341802842484654,0.003950703799625619,5.472380079009483,0.002666486356400738,1.1208895099258314,0.569813366502922,6.035714285714286,0.5832230296631983
0.5,0.2,147,0.04818302565269424,0.05846550804044428,15.710955615629253,0.05005667955779066,24.645255528455596,0.6515635714698336,6.571428571428571,0.7182656616371217
0.5,0.2,148,0.004773561128513672,0.002000018742618494,1.1953367619853665,0.002546000114019119,0.606142962974379,0.6341351250223263,6.428571428571429,0.6190518591545695
0.5,0.2,149,0.005053743755342993,0.006372832445330172,1.5873878469339147,0.006150205367068691,4.374347328786645,0.644847494887563,5.928571428571429,0.6448973052215454
0.5,0.2,150,0.03178924025406921,0.0376223567867877,12.089162694355139,0.03309048827513721,8.80230396410199,0.7135116200888135,7.142857142857143,0.7618345531098423
0.5,0.2,151,0.0010102434501349507,0.0003996800946836188,-0.4181832498052671,0.0008563311751735128,-0.2251423496753091,0.5936939558184845,5.714285714285714,0.616124846150665
0.5,0.2,152,0.05514209867699522,0.06190896170199916,18.972812867992182,0.05401975345673603,20.855941109173674,0.6578064297002472,6.5,0.7235568481129036
0.5,0.2,153,0.00481406313947904,0.003100031232596539,6.173377267299806,0.002838609255475194,1.630504331891937,0.6132275209882719,6.571428571428571,0.6172801975813491
0.5,0.2,154,0.010661890243538715,0.011690049567392566,6.872113978021673,0.0077563581399860805,1.7997353880490532,0.6493689334598703,6.964285714285714,0.6723350509492891
0.5,0.2,155,0.026981570294290585,0.02870875885375686,12.09163500646509,0.027621960305037017,7.7034187740009274,0.6920067921835373,6.928571428571429,0.7281809897284275
0.5,0.2,156,0.06605214801661911,0.06430687075045738,36.00305891689305,0.05235235625488755,25.942936322027368,0.7031140824226739,6.5,0.7586852689338102
0.5,0.2,157,0.0018543626761247177,0.0009108852083435602,5.233022411307047,0.0005037186041944371,-0.21044204209297845,0.5617732098188913,6.607142857142857,0.5638690726235247
0.5,0.2,158,0.0011567437765155405,0.0008877170005141386,2.721376801734415,0.0008555490621995428,2.2446513094418776,0.5690788967920674,6.464285714285714,0.5710336717439926
0.5,0.2,159,0.0017135404179204614,0.001601690607109608,-0.37419910864129946,0.0014161423317925208,-2.5995662984797057,0.6293690097937451,6.571428571428571,0.6370511972193915
0.5,0.2,160,0.009026454892136734,0.00903786314210619,5.083870892326594,0.009028063830547769,4.4566668955740925,0.5806346332143273,7.357142857142857,0.5749798651618256
0.5,0.2,161,0.006716986961937581,0.005733655189268921,3.9628411588376267,0.005340731370187512,-0.5557352270789693,0.676198729326395,6.964285714285714,0.6711766417560778
0.5,0.2,162,0.04652431965414621,0.04911368506707972,17.34601981412757,0.04079777618801307,14.080527489142261,0.6721848276825063,6.857142857142857,0.697906093004734
0.5,0.2,163,0.004263199044496324,0.002683605033269114,1.3953145851016089,0.003177386083988073,-0.43490078043034447,0.5814861676650634,5.678571428571429,0.5941398554496076
0.5,0.2,164,0.007168355941878296,0.008525753120276482,4.0733106613371675,0.007332496096711554,4.890975964862197,0.6382849387504166,7.142857142857143,0.6576294562230524
0.5,0.2,165,0.0089390048657552,0.009005194603261959,1.950159451961163,0.008871970021466176,5.992733544965422,0.613256838256359,5.964285714285714,0.6214949108295342
0.5,0.2,166,0.007513666065955139,0.007288239342227626,1.7873392610834244,0.006061820866507647,2.47263611204364,0.5981275439458588,6.714285714285714,0.6377922721197824
0.5,0.2,167,0.019535030577692795,0.021460143491252873,10.078834480925075,0.0174340409146761,9.944730687047715,0.6953711182176123,5.928571428571429,0.7224862188327685
0.5,0.2,168,0.03455677944944194,0.03673135562559594,11.51397351281183,0.03171725177423167,8.37778556141138,0.6910186451973482,6.321428571428571,0.7227910194178433
0.5,0.2,169,0.030721936947639826,0.03579795948331415,10.919250680456972,0.030403082468605062,14.06679500549553,0.7173115205110625,6.607142857142857,0.7476450061022228
0.5,0.2,170,0.009447876895078342,0.00991361144486724,2.09503759281786,0.008546940361365066,1.9776848305622536,0.5504259021470529,6.142857142857143,0.5474662386429456
0.5,0.2,171,0.008358815042725499,0.00835894620584597,0.7700324538374019,0.007789947661240997,-1.8682430048137064,0.617865910551796,6.5,0.6316664271167893
0.5,0.2,172,0.0010675765394411228,0.0007147378626929699,3.4237604809745648,0.0004254875552619157,0.6304026529733543,0.5292183701903764,6.035714285714286,0.5288335816315297
0.5,0.2,173,0.005248623331448458,0.0051740896969429085,2.814659258737514,0.005064672596145953,1.4071150277252304,0.6121922201771001,6.357142857142857,0.6041913243823807
0.5,0.2,174,0.03967802626891186,0.042398742305179885,11.975065611416959,0.03563406200055904,13.597956093832058,0.6849438614479199,6.714285714285714,0.7236610836164223
0.5,0.2,175,0.000339742630674491,0.00013494753004840524,0.16904946585072622,0.0003992454746015455,0.7567701174866102,0.537720144683629,5.821428571428571,0.5430351283453827
0.5,0.2,176,0.0027815619699946823,0.002415589312021876,-0.9321976911562899,0.0017508230179197526,-3.183199867415842,0.5408095384173952,5.535714285714286,0.5387908332564325
0.5,0.2,177,0.0019479655827205984,0.001800454892485873,2.8096655990892714,0.0017079760738222388,-1.4709545091701368,0.5536261986290129,6.214285714285714,0.565254661502394
0.5,0.2,178,0.01219674943208765,0.013408511716915152,6.916377413030823,0.011140585519448635,8.739478561427612,0.6777920142053208,7.0,0.7006317060774454
0.5,0.2,179,0.0028722778815296404,0.0022562266038839646,3.3896654466598406,0.001995007931458476,0.2838364862374571,0.6138640053885214,7.607142857142857,0.6263827039955969
0.5,0.2,180,0.002936152422775251,0.003497820848334677,-0.46782473429777127,0.0034848856448242062,1.5239914269164103,0.5998710696671266,5.821428571428571,0.6155938616644393
0.5,0.2,181,0.0029765345148584556,0.00042534817833512784,1.6795465511715406,0.0003803957488387649,-3.9610261041741333,0.555105648516329,6.392857142857143,0.5788800110900219
0.5,0.2,182,0.01432016177595862,0.014091018028383322,5.770396103302019,0.012025112731337247,3.8263089985994347,0.6528567904267596,6.142857142857143,0.6843520576813105
0.5,0.2,183,0.0040714399999587265,0.004269418441581245,1.4341590227565746,0.0036816167152986896,2.431991940995412,0.5201930338170161,6.142857142857143,0.5193993280999358
0.5,0.2,184,0.026836912504124077,0.029712966475549565,10.669326320859874,0.02716689952851577,10.834695614540939,0.5635271271785124,6.071428571428571,0.5594892603157278
0.5,0.2,185,0.005043073680174726,0.0031766587081263503,4.704061939699642,0.0031374296944409446,5.1935396402923955,0.5542635502409955,5.142857142857143,0.578778662355731
0.5,0.2,186,0.003998170519077403,0.001689245311559071,5.111801949745889,0.0017733136958712566,0.8559272216265205,0.6172674341818803,6.821428571428571,0.6271791706665059
0.5,0.2,187,0.005744400720873283,0.004233711520468581,3.828742696873995,0.003783998619865438,3.0146530333002204,0.60000947279431,5.607142857142857,0.6131860144922554
0.5,0.2,188,0.0036054307115705947,0.003794686709580833,-0.0380823279016127,0.003310910415583873,-0.56540729780509,0.5444746814392365,5.928571428571429,0.5561030800112702
0.5,0.2,189,0.0020884959147864676,0.0017937967863805905,0.6470972188285273,0.0020781937450250346,2.6212100837419143,0.5302517820187932,6.678571428571429,0.5495063496375124
0.5,0.2,190,0.001427991719220391,0.00023969997476351379,1.0703933640136682,0.00021293805398683177,-1.2264384848164032,0.543532340313483,5.75,0.5479984804328419
0.5,0.2,191,0.0054978076982259375,0.005810609759631967,4.081744603106586,0.007908232333296964,8.651084741510155,0.5733289481230411,5.821428571428571,0.5797213081806147
0.5,0.2,192,0.006666210710119399,0.005911663145587333,-2.3649926999800215,0.003484967494944928,0.5572119765206575,0.5681011031188031,6.428571428571429,0.5854949371625023
0.5,0.2,193,0.0374954366803264,0.03934560415591096,13.689148212017574,0.03462834721213176,17.076987528738623,0.723519442965143,7.178571428571429,0.7668215827400289
0.5,0.2,194,0.010191075014262025,0.010280076959275094,10.107689036114017,0.008762956078904512,7.609014149559793,0.6516583082158093,6.571428571428571,0.6484060474878266
0.5,0.2,195,0.0009988649041260758,0.0009684006511245551,-0.6634602082193766,0.0011124194453936485,0.8254963132920162,0.5759709580783747,6.25,0.5934478858013807
0.5,0.2,196,0.033761002010814625,0.03716916507748611,13.094728098759767,0.032010684225974174,13.369972457788549,0.6631855784450936,6.25,0.7067117349346769
0.5,0.2,197,0.002157972808841344,0.0009903207714880892,0.2532837346191954,0.000896909649355581,1.8423066805091917,0.5869831373682068,6.392857142857143,0.5955105176192979
0.5,0.2,198,0.0012925536785124046,0.0013608411783609562,-1.0437537000278283,0.002026791815132388,-0.11466938402291287,0.5626040823483428,6.142857142857143,0.5852135023088446
0.5,0.2,199,0.0687970939418375,0.07550110433399894,23.304362732745815,0.06454457684569251,24.491408319942355,0.6552532705089404,6.642857142857143,0.7307767183027369
0.5,0.2,200,0.006599403515633027,0.005281703944180142,2.2297573085060236,0.0029784958618913333,0.6471890664159048,0.5765445236470539,5.142857142857143,0.5858592735909937
0.5,0.2,201,0.0420284624129705,0.04767663356797367,15.252660440011049,0.04450634293290363,18.812103008990075,0.7212438459215909,7.0,0.7704878802438975
0.5,0.2,202,0.0018204799912100765,0.0016455933337313142,1.8410291425563798,0.0018314237663392052,-0.7663383321326857,0.5966453595316837,6.035714285714286,0.6103864820221342
0.5,0.2,203,0.001482474599557335,0.0019990165904102256,0.9438775270066273,0.0016834037836242909,-1.2146601495201708,0.5913103282569548,6.678571428571429,0.5987358837550538
0.5,0.2,204,0.0049121533322953465,0.005331832138324753,5.136592217123969,0.002979713159056816,3.5993763725598646,0.5474669985970896,5.642857142857143,0.5322648236995466
0.5,0.2,205,0.0033912440794486394,0.0028395090248195987,2.732930576938017,0.0023056501087480885,0.7166483152708546,0.6543630877767185,6.535714285714286,0.6429873201276851
0.5,0.2,206,0.026489777204457863,0.02904914860732749,10.670409231763912,0.02662166499694316,12.753111713741438,0.695856271984013,6.75,0.7190538803959508
0.5,0.2,207,0.0044988433105164405,0.0045428815708145965,0.5797410764772053,0.0036128018756312707,-0.38976587898035103,0.5923151388693675,6.321428571428571,0.6191173596466003
0.5,0.2,208,0.006742617959665489,0.008865038238050625,1.2992731834146056,0.00808410453655073,-4.00105066266831,0.6497736276413016,6.928571428571429,0.6662946120700417
0.5,0.2,209,0.003676067735939213,0.0035674995398038765,3.897791678220109,0.0027106778488227563,1.9032100666025638,0.6275953102359112,6.357142857142857,0.6470771076831459
0.5,0.2,210,0.008468077376520729,0.007813820856428726,5.472973474523357,0.007989966075666089,1.4688084569314412,0.6865420300991912,6.25,0.7044114526061318
0.5,0.2,211,0.001931641303295122,0.002850086138568622,-0.41881486255233114,0.0034622392007701017,-0.2859756433614204,0.5506963122239636,5.75,0.5528351466024377
0.5,0.2,212,0.0045252921976665795,0.0033903204041181635,2.7176475090614005,0.0027211896638942358,-2.1620196234354694,0.6144342983219049,6.178571428571429,0.633437324249378
0.5,0.2,213,0.00423045953582193,0.004627318106901505,3.1422732835750438,0.004328469691641684,2.087890054491538,0.641480500104716,6.428571428571429,0.6341747278230504
0.5,0.2,214,0.005173570824450455,0.005726699790744258,1.808853127616139,0.004868028359718172,6.434771036930887,0.575144989025965,5.75,0.5947911186341904
0.5,0.2,215,0.010999732357722829,0.013640380854229002,3.5427673357282856,0.012444633686493867,0.8633018443445621,0.5685413890698559,7.071428571428571,0.5614171091801419
0.5,0.2,216,0.00389804492346487,0.003406136509411328,0.6696894934177209,0.002631863985024054,-1.6216894408620703,0.5574922927827922,5.714285714285714,0.5646797116214102
0.5,0.2,217,0.004257190488776406,0.0028410645463877665,3.803495556429681,0.002351233245536433,1.1149609045228885,0.5804908588192713,6.357142857142857,0.6067001481269688
0.5,0.2,218,0.06621243694287161,0.07300117643238355,19.452339142595,0.059118031523582,22.016714048467595,0.6663839145360327,6.714285714285714,0.7416756300264455
0.5,0.2,219,0.006639251022520899,0.00563991568084418,2.4661009921733523,0.0033275783485782577,4.128959172954552,0.5633143831566482,6.714285714285714,0.5610945051750895
0.5,0.2,220,0.03129920387458784,0.03562376689858157,9.59061161574897,0.03262675021340922,13.311866342448505,0.6043766120409738,6.928571428571429,0.6152562806580613
0.5,0.2,221,0.0007061294905568071,0.0004788610147348493,1.1590736581358385,0.0007290277447829594,-4.49064683164633,0.5763365889771518,5.75,0.5861433739284334
0.5,0.2,222,0.018731243175599863,0.01926665269853934,8.774137577240353,0.013852000390113226,5.389921123298403,0.6449175816350158,6.892857142857143,0.678020688791084
0.5,0.2,223,0.004054612081917528,0.004570402691579685,2.3160969579086625,0.003908417087684002,-1.8784626422083572,0.6284555914189364,6.357142857142857,0.6319181493701
0.5,0.2,224,0.016125640990081572,0.017127255805654298,7.175964472777416,0.01568416474632992,7.213110632108406,0.6732957580110933,6.142857142857143,0.6994689315258893
0.5,0.2,225,0.00791514162143264,0.008762117182898868,5.329699546906333,0.008606813320289331,3.270594029236738,0.5824833697498307,5.928571428571429,0.5818568636114345
0.5,0.2,226,0.0013507603471208055,0.0008977677999979193,0.6941249740222304,0.0005657426031700951,-1.7988265067527511,0.5948624149814317,6.285714285714286,0.6085051131598198
0.5,0.2,227,0.004915018684409384,0.0031087361770701515,2.680231660713879,0.0019459869614120641,-1.2847882726310804,0.5424596703442093,5.535714285714286,0.5401454723481431
0.5,0.2,228,0.012894510647425458,0.014582640738751618,6.681139929993201,0.013474739268779854,2.863072599677897,0.6541364689107894,6.428571428571429,0.6603782942091696
0.5,0.2,229,0.011957695855976105,0.008628187038101573,10.13688049058824,0.007505875010252312,7.042532557850365,0.5711836817687147,7.035714285714286,0.5496892420586725
0.5,0.2,230,0.001960679329885412,0.0014670467352624957,1.9614950651329792,0.000915750565936865,0.16119359926490043,0.5963590857248242,6.214285714285714,0.6117030700755537
0.5,0.2,231,0.004795832190303678,0.0027956403519066118,3.1840507609025153,0.002381948383823268,0.8522762672544767,0.6017165178344703,6.714285714285714,0.5877846179064957
0.5,0.2,232,0.05461448240506304,0.05745562035845103,25.22240492842326,0.05054618917208366,21.26660118498086,0.7163883278632318,7.321428571428571,0.7603169372871162
0.5,0.2,233,0.005992867215665216,0.005724414495746178,3.690654342657595,0.004490131530371688,1.9838208333602647,0.6381290992670888,6.357142857142857,0.6489679415274936
0.5,0.2,234,0.027222413524019353,0.03428995989694062,7.358448950044945,0.030562015134768118,5.563438270626591,0.6125866599451895,6.428571428571429,0.6551686413618276
0.5,0.2,235,0.008463148921379157,0.00749760051290047,0.13525836451486128,0.005429697880876993,-0.7051590044033276,0.5973930359991434,5.321428571428571,0.6167408444818911
0.5,0.2,236,0.0048130019436082635,0.005053605613577948,1.556608543123268,0.004389186357622222,2.6173425584658503,0.6498104228027843,5.964285714285714,0.6513804759277619
0.5,0.2,237,0.011644832214534544,0.012501916856220364,5.922155778450424,0.008847346610439235,4.31243799819607,0.5888275166293064,5.857142857142857,0.594581853011233
0.5,0.2,238,0.004167827597929035,0.0034325043301435512,2.80367594279042,0.0031787328187465216,-2.2961326517035445,0.5736569201413811,6.142857142857143,0.5823454115841653
0.5,0.2,239,0.0036732866222956673,0.0041375634347771695,2.487116891212885,0.004836801724957353,1.3534033032426862,0.6274454824021181,5.464285714285714,0.6368570192404829
0.5,0.2,240,0.0010985787009568282,0.0008493724323625509,1.3572898465791496,0.0009094983817958532,0.28969656275094735,0.588809657425262,6.071428571428571,0.5883063285208459
0.5,0.2,241,0.044939342119514745,0.0445737721991704,24.265089150771885,0.040933846336050544,25.959273581298465,0.6628002352075517,6.142857142857143,0.6949083491255285
0.5,0.2,242,0.0050615160200036344,0.0034927053014494544,3.7581933069447544,0.0033627096327834677,2.0891770897914532,0.6277964160822981,6.571428571428571,0.6331755536251307
0.5,0.2,243,0.0025044646226961426,0.00158528584375845,0.3478593577596172,0.0019517308035832254,-2.5862216963266085,0.5885237784216505,5.392857142857143,0.5796496116960946
0.5,0.2,244,0.005014464945415246,0.004730482336193055,1.593428592147184,0.004572431512729305,-0.165730511078768,0.5791572471325944,6.25,0.6058154790889503
0.5,0.2,245,0.010116765096137001,0.008618899353152507,-0.10257710884153681,0.006987028690433284,0.7337155281442165,0.5854719581038764,6.928571428571429,0.6152783890858076
0.5,0.2,246,0.017667289298468794,0.01871404553715585,9.480159366480962,0.01782513323014301,11.470521329703331,0.6557387539399855,6.0,0.69065657056513
0.5,0.2,247,0.002203098608489042,0.0028656289371838655,-0.4796162597050042,0.0024253805436515803,-0.35461032874264714,0.621343035619932,6.392857142857143,0.6216903360536842
0.5,0.2,248,0.023812519904966346,0.02301057634233357,11.17216257389957,0.019002864181615342,8.957821500317246,0.6683240144434376,7.107142857142857,0.6887037767958885
0.5,0.2,249,0.028284861134104798,0.03163779477809643,16.403986329680567,0.0279906777236091,12.413957028748863,0.7090600058204556,6.785714285714286,0.7458965292086905
0.5,0.2,250,0.0011964259267035083,0.00028711524539352717,0.623333326113773,0.000281345772035638,-2.8481864919332907,0.5335510426068496,5.821428571428571,0.5585063003059458
0.5,0.2,251,0.05019065851237129,0.05395472005527684,14.268608303390838,0.04954689264003995,12.38773131806,0.696842496066764,6.785714285714286,0.7358531472531278
0.5,0.2,252,0.0033691444208344455,0.0005484751583957727,5.043197945491528,0.0005080402393916575,-2.8920294350016227,0.6501018243479771,5.928571428571429,0.6546376971093195
0.5,0.2,253,0.003148831212980129,0.004804964314078654,-3.2686658007227862,0.006237874559143878,-2.1508751782850672,0.5919098466905661,6.071428571428571,0.593840888753565
0.5,0.2,254,0.006821579846920521,0.00891907671932415,1.8940500781217509,0.0070874463360357295,3.3940136366683284,0.5785364924134088,6.785714285714286,0.586431155651021
0.5,0.2,255,0.008575507321417106,0.005237492331685249,8.069014349718195,0.00727622506746771,5.770741519577551,0.5794379401366324,6.178571428571429,0.6155230704385622
0.5,0.2,256,0.006476569024911814,0.006400198391308427,3.3021310946748343,0.005201835780646336,0.3346469216718617,0.6289518375589106,5.928571428571429,0.6402789371444776
0.5,0.2,257,0.009875320426522503,0.009981836273271254,0.4962009354067547,0.007493789803942699,-0.5241465229978246,0.6325700425896775,6.321428571428571,0.6484596287410587
0.5,0.2,258,0.0014611675449787143,0.0010120197504980305,1.4907534015284725,0.0008096795233536106,-1.2180484311279922,0.5875992958168119,6.464285714285714,0.5923324663352794
0.5,0.2,259,0.0025901504693976053,0.00334123214207617,0.3626484001296575,0.002044295992899679,3.0080828473584234,0.6218386437809907,6.821428571428571,0.6204526060864934
0.5,0.2,260,0.0029492102063180653,0.003277185801782222,3.9652691351051175,0.0026442243572525653,0.5546830816099657,0.6391523643786072,7.178571428571429,0.651418798543646
0.5,0.2,261,0.00994692073054104,0.010486369219129429,1.9366997222003661,0.009111067859240414,2.3519493608386974,0.5814502456351047,5.607142857142857,0.587969491838241
0.5,0.2,262,0.002532795473748382,0.002567646385160778,2.1430718898360723,0.0017275387577273102,0.8498022232050649,0.6017415772060178,6.25,0.6204357179835881
0.5,0.2,263,0.005887670211317002,0.006258023195876634,1.5664015245206002,0.007862407361236013,3.327318167645757,0.5568529279552716,5.214285714285714,0.5711169454807128
0.5,0.2,264,0.012229216032450125,0.013555278257285376,5.820547349133818,0.012330258511706563,6.65385166034298,0.6387594030809194,6.321428571428571,0.6724678926259247
0.5,0.2,265,0.01755624116900394,0.01713783709409177,9.408246530766547,0.014176991633193418,4.475582216357888,0.6345776127220412,6.607142857142857,0.6556238355827813
0.5,0.2,266,0.001439942094686332,0.0016500096290874673,-0.6319712633137016,0.0012255514539403236,-2.113164771022108,0.5931430123860396,6.357142857142857,0.6092039828905915
0.5,0.2,267,0.008350997665733254,0.007692326090353735,7.280323680896288,0.006139810086168738,3.1091732176689297,0.5631105186694857,5.75,0.5923733236753636
0.5,0.2,268,0.004511808914811385,0.00583444386980791,1.5565818433107097,0.0030865702315551226,1.0778544949480515,0.5775899748649822,6.571428571428571,0.5865197502968758
0.5,0.2,269,0.002910569372080186,0.0027795787906919273,4.092901349105432,0.001918262989262738,3.161601466653972,0.5750300103222316,6.75,0.5911009021852899
0.5,0.2,270,0.005081661454534624,0.005301264515939653,2.461668307883464,0.0041082772985399744,2.1872702040430645,0.5731385972061485,5.785714285714286,0.5811859361974412
0.5,0.2,271,0.0031958219599016184,0.0017898504048959075,5.696016733836338,0.0019739827100931306,3.1349696729524794,0.6278132010546155,6.964285714285714,0.6247987427727733
0.5,0.2,272,0.00221353217571376,0.0022024619030253066,0.18527365736456858,0.0022413777613433565,0.7165929553120615,0.4767458340809558,5.857142857142857,0.4758106516966526
0.5,0.2,273,0.012295272483091615,0.014425681320522039,6.198508552321854,0.013410027528986844,2.0774960359094528,0.6464844071385355,6.428571428571429,0.6546397188536222
0.5,0.2,274,0.0026493055246471376,0.0007110759373760644,1.8004906492520902,0.00026389518301804326,-1.9257084627370868,0.5509145807546371,6.214285714285714,0.5676774555006159
0.5,0.2,275,0.01624124519008326,0.018048466719335573,6.737436901112282,0.016022202438999582,7.442540686256005,0.6531932411711691,6.928571428571429,0.674374196334637
0.5,0.2,276,0.006414801322949761,0.0063282886989475635,3.2808907696090586,0.004398304856424749,2.199239064154104,0.5750054519380386,5.928571428571429,0.5763382258724017
0.5,0.2,277,0.002120584848121676,0.002051506179476082,0.5562440552986274,0.0026440312707271575,-0.2454922086717867,0.6010067986089968,5.928571428571429,0.6313940046158435
0.5,0.2,278,0.007866695288835775,0.00704778909706651,5.739171804185652,0.005136702304202034,2.3216038960337357,0.582355805908523,5.428571428571429,0.6177511835364071
0.5,0.2,279,0.0049371444641777605,0.002427849878612632,6.014264097064327,0.001428714258861248,-0.03675977263461997,0.5221185714921796,5.321428571428571,0.5314013980643488
0.5,0.2,280,0.0018562481457689844,0.0015719584354097487,-0.5984843711209678,0.0020589565254790854,-0.5191527564929762,0.5535700699093866,5.642857142857143,0.5623997674370429
0.5,0.2,281,0.024595579721674875,0.027574509522660946,10.317487946684913,0.024097260546410135,8.336198591472018,0.6097035293634007,6.928571428571429,0.6579236853988636
0.5,0.2,282,0.024207860651421057,0.021302048414436097,4.382475806026051,0.017829466230221032,1.9953315001628862,0.7040377954928753,6.642857142857143,0.7356220246631582
0.5,0.2,283,0.0020613901199716877,0.0017015254392956569,-0.9725094297974621,0.0017209758392569144,-3.046540519993177,0.581853474280907,6.535714285714286,0.5776379962319212
0.5,0.2,284,0.0004846509666794136,0.00036267084424718144,1.6366815920526037,0.0003322742566808875,1.7629643360993914,0.5927770106731092,6.892857142857143,0.6071128756591396
0.5,0.2,285,0.021439636443017246,0.02169396712594787,9.594617376560336,0.01948173668759706,7.349592529992482,0.6299981086756599,5.821428571428571,0.6732341638918771
0.5,0.2,286,0.003799406019611091,0.0027617841233888076,0.9073956209097105,0.002662101801945513,4.686150120298123,0.6044878800394989,6.25,0.6064281883137738
0.5,0.2,287,0.03634872608069923,0.040709277812837445,10.763996704162235,0.034039307577220186,15.918648986216661,0.7272215765726318,6.964285714285714,0.7497318686764824
0.5,0.2,288,0.003979804730760117,0.002417902217728985,1.9107192861009281,0.0011304948332047818,2.178928698389645,0.5959197285286804,6.142857142857143,0.5855266010981461
0.5,0.2,289,0.0029542381502248223,0.0028836303389576158,0.1699429339124805,0.002999581755218923,-0.5885284849350493,0.5372871167692042,5.821428571428571,0.5446050781760996
0.5,0.2,290,0.0046086154795687015,0.0029953528558215405,1.4006640913961306,0.001969332864869305,-1.4676621783891903,0.468277536338991,5.392857142857143,0.4777352617468108
0.5,0.2,291,0.021692055908337234,0.015829246601977834,1.3543815495832447,0.01175408135953452,-3.97138748591531,0.5254150029575577,5.107142857142857,0.5449341799265223
0.5,0.2,292,0.003228708955760928,0.002719008409543034,1.674184082279325,0.0017502354428322571,1.4384024148300512,0.5928621314084934,6.0,0.6211359657191828
0.5,0.2,293,0.0033942990572741983,0.005423773989438504,1.7653945706401615,0.004951880059923563,-0.8250986730989401,0.5910018667736893,6.178571428571429,0.5907127876297774
0.5,0.2,294,0.0026296760710242378,0.0029357838097512803,1.7542600879136643,0.0028118462171075067,1.0928842425426712,0.6205761406240068,6.607142857142857,0.641719535573549
0.5,0.2,295,0.00833333158562527,0.006201802822397303,4.834121050621185,0.0024630489087510013,3.056654903798725,0.5215545386096294,5.285714285714286,0.5386055771043714
0.5,0.2,296,0.018466651953109786,0.021589790073387908,7.506626530953206,0.01969836572765988,9.10181409855096,0.6429807295744719,6.107142857142857,0.6631033238929777
0.5,0.2,297,0.004312957528968009,0.002613678680622233,4.978958513974142,0.004191009792403383,5.273027201199966,0.6156547184862748,6.464285714285714,0.6200403513005028
0.5,0.2,298,0.0018612832120836111,0.0015588723525320062,-0.9328540475746436,0.001224498379242465,-1.389771698947328,0.5623004492437229,5.607142857142857,0.5618787407958896
0.5,0.2,299,0.0005163362700250797,0.0004723495639113708,-0.3263318123107908,0.0007591974985929625,0.46903609384866246,0.5565315568963068,5.928571428571429,0.5666399184530944
0.5,0.3,0,0.0007773400160431096,0.0007608522232635634,1.8506397480416084,0.0009352962051235996,0.5254586331058894,0.560813006734991,5.321428571428571,0.5596179176857469
0.5,0.3,1,0.005105340352169943,0.005212106224220187,7.042935099432945,0.005671076188752243,3.3022518977604514,0.6346138637857035,6.785714285714286,0.6441543896285804
0.5,0.3,2,0.006817612101482942,0.004994540496419909,3.3680254816943673,0.0034548383432600163,1.7356690690777345,0.6563025778274891,5.571428571428571,0.6519025184702812
0.5,0.3,3,0.02914476292202151,0.029123103393984842,13.496537800176082,0.024124076776556844,10.01021063432222,0.7466187021501426,7.25,0.7718802887378768
0.5,0.3,4,0.005838362843832655,0.008161220491129984,-1.7741268795857223,0.008956208253289568,-5.390111310147887,0.7044715477868398,7.642857142857143,0.7169377176169482
0.5,0.3,5,0.038185568541638314,0.040097944405191155,12.843332789266174,0.03748845704512301,10.155612057579637,0.7511415849833816,6.75,0.7839919452902312
0.5,0.3,6,0.017244209579168328,0.019525150055529777,3.232876416320771,0.015576744644237014,4.485211868097025,0.5949444701122746,6.75,0.6056634962212317
0.5,0.3,7,0.03219535437448185,0.03047086161251126,12.715392899240065,0.02528795516698437,5.188563801233973,0.6861168816288811,6.142857142857143,0.7234295788061369
0.5,0.3,8,0.015834038326018523,0.01609068104868783,6.403736673692748,0.014679224898415359,3.3426248455741074,0.6809367120510343,7.571428571428571,0.7002635373873656
0.5,0.3,9,0.008094967017161673,0.008501781177953143,4.067886418289191,0.007160028759861172,5.651784666392142,0.55938238327936,6.857142857142857,0.6015598984422517
0.5,0.3,10,0.0191896749609847,0.021017819449780407,9.823672625754867,0.017963441825637895,5.333008287082795,0.6628594763315896,7.357142857142857,0.6946680331311185
0.5,0.3,11,0.008989521684163445,0.009398997711055975,2.3835527134985597,0.011320454227173964,2.274611142016463,0.5919259851197635,6.642857142857143,0.5910511632520754
0.5,0.3,12,0.03513405682267023,0.035573533329402586,16.70537953030565,0.032747016846342805,14.623077165765153,0.7226926689601039,7.178571428571429,0.751114108098373
0.5,0.3,13,0.009901613025289914,0.011304244627309673,3.635408219261066,0.00920777156713322,2.4642901557818013,0.5963957438808334,7.071428571428571,0.5950169303734547
0.5,0.3,14,0.0018489480197973042,0.00170706403081802,1.792215986372213,0.0015536419834653382,0.31486048771938613,0.5792024113620451,6.535714285714286,0.574645925306878
0.5,0.3,15,0.07172986360831281,0.08242327997447445,18.171280498681703,0.08057089174490702,27.569287807731346,0.6178219881580919,5.607142857142857,0.6934071989516744
0.5,0.3,16,0.01633262918524509,0.016138623999508463,9.641740914056513,0.013238641071673817,6.3791189493253455,0.5795275708462778,6.107142857142857,0.5946813208192324
0.5,0.3,17,0.0012373066036067972,0.0002973528915971702,0.5152883936565473,0.00010952844038068029,-3.3655332372000637,0.6059680675858894,6.464285714285714,0.6087675174651174
0.5,0.3,18,0.0051433815039525705,0.005034420929076408,0.4605661450136722,0.005585956399721297,-1.4599023474345927,0.5505755692669065,5.357142857142857,0.5515860003179168
0.5,0.3,19,0.017715245996872037,0.01859882516561744,7.712440587415742,0.014938848746712417,7.978181616866199,0.6787663578676926,6.0,0.7041405489280201
0.5,0.3,20,0.017205644344669323,0.01745756807261448,12.307967374419334,0.013476035810709318,7.955070061343766,0.6213470612604315,6.178571428571429,0.6450451842500828
0.5,0.3,21,0.0011167582686469426,0.0007707447823010847,0.172207370675018,0.0006751635738186647,-3.4449961291516047,0.6238937626817115,6.178571428571429,0.6274874011759943
0.5,0.3,22,0.01204877098024296,0.011139972203393998,8.957569003192198,0.010520835151100158,2.071115838995221,0.668702889194024,7.821428571428571,0.6720760061594
0.5,0.3,23,0.006803934082717766,0.008106115351072135,-1.1517117656663842,0.006498771640661098,-4.005356307351026,0.563847754368348,6.964285714285714,0.574753902546121
0.5,0.3,24,0.012029581291901176,0.013625408220632735,1.9233998124336793,0.012486403531294023,3.6713254721911426,0.6303772888721503,7.035714285714286,0.648280126010595
0.5,0.3,25,0.008976639116632198,0.010869553481547261,5.078610537287489,0.010816546105231608,4.285106704280461,0.6813077128444631,5.964285714285714,0.6969695023543288
0.5,0.3,26,0.003677968609555252,0.0032255397356323033,3.1969705402048234,0.0025922546236221843,0.20733237943343852,0.5882438246967917,5.892857142857143,0.5823551179685035
0.5,0.3,27,0.05750656608061921,0.061926056922495025,25.155259628183288,0.05404706521418763,23.84117326442859,0.7250970134812867,6.642857142857143,0.7839415927928256
0.5,0.3,28,0.030133729284267375,0.031606868963840046,12.941247046592068,0.027322380319532533,12.089480315452343,0.7063636598898627,7.071428571428571,0.7414059233014283
0.5,0.3,29,0.010083060067947536,0.010932029217149263,7.261828908509031,0.00865607941374077,1.957837872097021,0.6455351802974965,6.035714285714286,0.64631992923734
0.5,0.3,30,0.029481453749309522,0.031306670920409084,3.38386447449372,0.025724132664943427,5.29495216179069,0.6793918263555003,6.392857142857143,0.7045007513420422
0.5,0.3,31,0.04165037467039332,0.04469102600448074,14.285582861575158,0.0407861071456999,14.69501178553845,0.6764210016706145,6.142857142857143,0.6972723918378239
0.5,0.3,32,0.0013345028471589595,0.0012217671836359844,-0.23320148296294718,0.0009746010495501323,-3.51128092940859,0.5847522543099222,5.928571428571429,0.5953800899657103
0.5,0.3,33,0.018079773155615115,0.016945954052620477,11.35994949296338,0.013419821099863513,10.231686377361987,0.7504329140225786,7.357142857142857,0.7591714833509281
0.5,0.3,34,0.0038147766676483014,0.0031744477008942653,2.116663638684571,0.0029665461762029017,2.4715518019737885,0.5344628734948673,6.071428571428571,0.5566425839871686
0.5,0.3,35,0.027348503872201967,0.027606659339691083,14.074237984572889,0.022788272970961077,11.563311386107747,0.6079416859786262,6.25,0.6281369846028731
0.5,0.3,36,0.002711566893370748,0.0024704724163955227,-3.4061179631089047,0.0016921910165302633,-1.8773668122049212,0.5812088227272222,5.892857142857143,0.5888049449813721
0.5,0.3,37,0.018810080583628732,0.018297566813352085,7.768487543109352,0.014987927109638612,4.944986054149514,0.6175132168748217,6.821428571428571,0.6003028361738195
0.5,0.3,38,0.020584807762750536,0.018404178765361427,13.96981196908932,0.01585385861463347,7.293037891625744,0.6162547418016165,6.75,0.64059598889652
0.5,0.3,39,0.022829716746548056,0.02738333611201707,8.170339665764288,0.023583788684473608,11.299371083485235,0.6291912381467294,5.785714285714286,0.6508143975814789
0.5,0.3,40,0.0018832422971192533,0.0007739468252825017,1.8806615050083906,0.0013885480953124193,-1.35377460353367,0.5123028761346048,5.428571428571429,0.5382430009010191
0.5,0.3,41,0.025216937988562695,0.03035015985924283,4.858351865846679,0.026398774472427812,6.455064654539551,0.7169551741980439,6.964285714285714,0.7486933459028831
0.5,0.3,42,0.001798519860982438,0.0009225015323562875,2.809869121745159,0.0007422574866529663,-0.7526240398320567,0.6158155621391815,5.928571428571429,0.6375600933947294
0.5,0.3,43,0.0034447912719565853,0.0041298758218432695,3.545040424309448,0.003078816109333462,6.056718827120761,0.5682877420994219,6.535714285714286,0.5671807903753867
0.5,0.3,44,0.005233606913719909,0.0051055626159942314,-0.062249370512539315,0.0032567951100535013,1.4403106960385326,0.5768621276507655,5.607142857142857,0.5872426496154026
0.5,0.3,45,0.027905084738689315,0.025519457469734916,8.03007307087401,0.021351419436608277,3.2890039417811088,0.7051019951603289,6.571428571428571,0.7227735278091758
0.5,0.3,46,0.006164066651030481,0.004974834713709567,-0.20644241014452547,0.004076948480716321,0.8726679252129182,0.5828512126065144,6.035714285714286,0.5962009684446904
0.5,0.3,47,0.02453383892231147,0.026776615354826987,14.212581597731585,0.02234736670411719,12.546532173850684,0.5644823800869874,6.25,0.583401677427166
0.5,0.3,48,0.029221143814789526,0.032097636990125876,16.130651174855288,0.02429548747523687,9.797016218359678,0.6858183006993664,7.857142857142857,0.6957430780617453
0.5,0.3,49,0.0003951204565639804,0.0002425725746324378,-0.4659814316179052,0.0002347106707992256,-1.6390500637521466,0.5936370553758072,6.75,0.5885796160467173
0.5,0.3,50,0.024905064233003902,0.024932722488743626,12.719176244581973,0.020868534979022264,9.80305499182621,0.5561951189791704,6.571428571428571,0.5863755325366276
0.5,0.3,51,0.008564298284819149,0.007221719739777366,8.100196252190287,0.007205456952822965,4.755191004486799,0.6484009214722517,6.464285714285714,0.6374813962433707
0.5,0.3,52,0.012281714901107786,0.013752253845030501,6.1448820441626495,0.012944968288763264,8.004976960795204,0.5589706972753707,6.964285714285714,0.5685306416547191
0.5,0.3,53,0.0412345664192839,0.0446884315166112,12.224138907598824,0.038983876041120434,6.156559020379707,0.6800716714887788,6.392857142857143,0.7259465297616527
0.5,0.3,54,0.0020165640987516538,0.0025328393455496478,-0.16626272728655067,0.0027807618298317177,-2.5605001662162294,0.6144852438058214,6.5,0.6156081144588509
0.5,0.3,55,0.0503624724469331,0.05415914040977791,17.538397547356848,0.044910484331133954,14.462228810161099,0.6824095387651523,7.0,0.7344562225243629
0.5,0.3,56,0.023607462828988377,0.02637325118618963,9.643810523492782,0.021930149929834494,9.416322507023333,0.7124423629831816,7.642857142857143,0.7480116056773214
0.5,0.3,57,0.005747985510064725,0.004564061205459623,0.3654347716907509,0.0038625820303412562,0.4645694502308781,0.6102609180423182,5.75,0.6327962100200253
0.5,0.3,58,0.038122899749732014,0.04363179084890218,16.350944519560468,0.037454419943654484,14.393372663556272,0.6761753015629403,6.107142857142857,0.715219697647536
0.5,0.3,59,0.0011914352638130268,0.0008160512786981564,2.2375843297400593,0.0008931924334435161,3.9453515877540135,0.5795414883097044,5.75,0.5982256598670392
0.5,0.3,60,0.015934391702793628,0.017531213414760546,5.960367947847686,0.014972582227207475,6.681866237905609,0.6451878120983926,6.535714285714286,0.6870829614878682
0.5,0.3,61,0.05365710322261596,0.05692462047600547,18.808309831043214,0.04606708614683202,12.167407949666066,0.6914975418600322,6.892857142857143,0.7499859144269767
0.5,0.3,62,0.006516544485539819,0.004975303871955671,9.41550273896489,0.0040888489391181,-1.204146860559992,0.6397939234902833,6.785714285714286,0.6385904084899662
0.5,0.3,63,0.004634413264728753,0.0050396707241792075,3.1390746192363537,0.005035165764119793,5.318274953878681,0.5951238882203294,6.642857142857143,0.6158553506526646
0.5,0.3,64,0.017935172277013182,0.020559719574958744,8.017996244624925,0.019494863068249782,10.5410481318274,0.5721091088112437,5.285714285714286,0.572548632141366
0.5,0.3,65,0.019813002384851314,0.021542042783924437,11.408432749623188,0.018810766338870008,11.011479618190833,0.6490206051239035,6.214285714285714,0.6678454609433928
0.5,0.3,66,0.01572498838255865,0.01395970032688459,11.730622329327211,0.011126262592033545,6.32748899061689,0.5977670579706348,6.5,0.5998065029767594
0.5,0.3,67,0.00218051099215844,0.003702817550859392,-0.16277663757713157,0.0036176925944670394,3.5782996917369965,0.5698253461234661,5.607142857142857,0.5813569093798028
0.5,0.3,68,0.04630112792652059,0.04486423336458682,32.9605252878748,0.03632977632337834,25.752838380528768,0.7072828444131669,6.678571428571429,0.767972478286504
0.5,0.3,69,0.0064477868127917086,0.00723078317509201,2.8451050195612737,0.007275751275943419,3.1379332720989623,0.6040395889340663,6.928571428571429,0.6038322988045943
0.5,0.3,70,0.020169444989265463,0.021011326889056794,7.103580312010216,0.01809955074034655,10.751578755058185,0.5929496917300794,5.892857142857143,0.6266443539186919
0.5,0.3,71,0.04062517318324381,0.044954739846064073,17.536159802305175,0.03840437402448407,16.72312748704262,0.6752703860567892,6.892857142857143,0.7254579113799164
0.5,0.3,72,0.03447356672855116,0.03668462954916939,8.362801693097637,0.0346452352966329,10.513193982439333,0.6718718907311793,6.964285714285714,0.6912687969853438
0.5,0.3,73,0.019113983518757954,0.020427611920713802,7.9119951628938665,0.017467226371414797,14.102561473938616,0.6343343875074112,6.321428571428571,0.6641768097670528
0.5,0.3,74,0.03345260747844816,0.03525660651688025,7.7418428197860365,0.03303935348116416,6.758554054445701,0.6850814846273491,7.107142857142857,0.7163465334309678
0.5,0.3,75,0.002923797297149336,0.003025835468075877,-1.5893250752322885,0.003106806983246186,-3.108912937188677,0.5851358344033554,6.464285714285714,0.5934498471951072
0.5,0.3,76,0.0018285465990173107,0.000882826780495929,1.719003453366362,0.0010774668323265204,-2.4368899210881048,0.5563392245337513,6.035714285714286,0.5739093264075549
0.5,0.3,77,0.007666628022696529,0.006108827508095902,6.194394230542713,0.005635911247288137,4.258996896708179,0.6779977133693017,7.0,0.6730201205149708
0.5,0.3,78,0.05182088154559333,0.057968362542956724,19.196146222983007,0.05373353359329797,23.881200761077693,0.6869218922490646,6.25,0.7267038892591873
0.5,0.3,79,0.0041503942320685544,0.0018219632088729211,6.82539688255067,0.0017935989856162856,0.091554121022142,0.6336408294926779,7.107142857142857,0.6366706667196209
0.5,0.3,80,0.029932104532009837,0.03009351203743922,11.608330046257016,0.02762053356096542,10.038170746724736,0.6880311275603567,7.857142857142857,0.7069851532201299
0.5,0.3,81,0.04071133007175329,0.04496380387878691,11.385807641447897,0.03907127693779721,10.16230378862027,0.6690004521903725,7.535714285714286,0.69888121749804
0.5,0.3,82,0.0038534854278729084,0.002419677371478637,-0.7740563708041037,0.002374547341371979,0.5354249882476078,0.6015857039814774,6.857142857142857,0.6125589317718683
0.5,0.3,83,0.0071350514150588336,0.0074402156465817465,1.6975631972428644,0.006324967247106098,3.245014816197473,0.5946211352409853,5.678571428571429,0.6131601240950677
0.5,0.3,84,0.03862807822372726,0.04342527708829101,11.537712090425593,0.04186000434796282,15.144599852409414,0.667276421907599,6.035714285714286,0.7164282682279951
0.5,0.3,85,0.008815250544437244,0.00997758942123298,2.8832504263044996,0.008573304125780007,3.6116085704724035,0.5565772622381298,6.214285714285714,0.5906364039171728
0.5,0.3,86,0.057250542355297564,0.06042500011523524,15.131178306532956,0.05210517073328381,16.418960346318837,0.685981893958065,7.0,0.7287798887297317
0.5,0.3,87,0.002273960313924067,0.0013546766812183224,5.045659010582732,0.001554593832554461,-0.28463879672536524,0.589778588217156,5.892857142857143,0.5920170742240823
0.5,0.3,88,0.04816666821789816,0.05077164033933343,20.615720137233257,0.04409470754972533,20.67309898913587,0.7570765598580421,7.928571428571429,0.7965523687271743
0.5,0.3,89,0.004921678900404341,0.004486547320677095,4.445922226748529,0.0036361758414051723,1.6377713054263836,0.6053606963946213,6.535714285714286,0.6168822559403462
0.5,0.3,90,0.015383936026634211,0.01669686116016655,5.480453343185438,0.016338933177846474,6.990727930545167,0.6462371445523802,8.0,0.677585249325405
0.5,0.3,91,0.043995445593175024,0.05051171082564083,15.155264091698598,0.04634743313037262,17.662643693758614,0.73078024586267,7.928571428571429,0.7796251485900337
0.5,0.3,92,0.004823671848968217,0.00512150243726175,5.515166210176005,0.004749251692234539,1.1858290542510115,0.5755024231542869,7.25,0.5734510643656447
0.5,0.3,93,0.02004066832381107,0.01939289895259209,11.896754189263312,0.016318757926898967,8.050133584937962,0.6219764392828521,7.5,0.6210799402676148
0.5,0.3,94,0.047745953367863615,0.05371849067351257,16.52654498620298,0.05003858106210387,17.94230259225593,0.7212600150673099,7.035714285714286,0.7808839710836047
0.5,0.3,95,0.04999221203166391,0.055059369661320995,14.765328588982335,0.05137117548326183,23.574303260964182,0.6546331138647236,5.821428571428571,0.6891056009906266
0.5,0.3,96,0.0078010937564101665,0.007627216460929734,5.917015745889216,0.006212941420167006,5.391262027147358,0.6289473120499045,5.464285714285714,0.6226239695258557
0.5,0.3,97,0.004613277541535918,0.005873341880691521,0.72871520424777,0.005488161401462765,1.8584972706287033,0.6186596657475605,5.821428571428571,0.6439433738389133
0.5,0.3,98,0.0016571619296996904,0.0008466821228930177,1.2926890384072962,0.0009714869966090498,0.23066240583836853,0.6105227717188948,6.571428571428571,0.6427349943686123
0.5,0.3,99,0.06676482474932864,0.07266203207433353,20.27066728331825,0.0631826554915138,22.389725587863847,0.6669447669312812,7.607142857142857,0.7314351933811752
0.5,0.3,100,0.013775181956611614,0.014949636765069437,8.946364053675225,0.013010227846557166,8.589092326263653,0.6642484497798689,7.0,0.694969997239112
0.5,0.3,101,0.039699074611687556,0.04136052777199076,10.553949532302155,0.03313300502566974,14.842801229629638,0.7041883757437715,6.785714285714286,0.7373630985526771
0.5,0.3,102,0.004669224245389184,0.004563604924868377,2.9915960534540247,0.0041696902782079786,0.9948362612994875,0.5829166303450898,6.25,0.5970250253873499
0.5,0.3,103,0.0036643355585152036,0.002899082805971608,5.9380806808235675,0.002327094593501006,2.5876009735248147,0.6432218506297805,6.321428571428571,0.6425238176440754
0.5,0.3,104,0.008406560282709554,0.00750854432234556,8.270596802519478,0.006247580742711436,5.362559738756715,0.6645683742853358,7.928571428571429,0.6902635374376576
0.5,0.3,105,0.06388515532108978,0.06935248771933368,19.84655631719269,0.055235918753635975,18.448372313221242,0.6748164732420602,7.035714285714286,0.7375568239022641
0.5,0.3,106,0.02965302877955999,0.031350093706972865,12.245903919209695,0.025004368342243902,7.9967410097663105,0.5715344826586579,6.821428571428571,0.6204108937799131
0.5,0.3,107,0.00939617752864677,0.008554223518221691,7.620670676420254,0.007758627849164131,4.094721297129524,0.7454184482415,6.785714285714286,0.7486736414397555
0.5,0.3,108,0.007622599080606333,0.0018025014348930048,8.3702839792035,0.0017696919537142125,2.3109224900939864,0.6047905189805088,6.821428571428571,0.6028418553233641
0.5,0.3,109,0.049236807018667866,0.056953709076159424,22.938469087696944,0.048615170240164686,26.156645194648757,0.7151452457287774,6.857142857142857,0.7518304895546706
0.5,0.3,110,0.02256635158717753,0.022131888866256846,9.453022274077625,0.01811769978209421,5.8076247244432295,0.6192029065148261,6.392857142857143,0.643480022231744
0.5,0.3,111,0.010336121534590795,0.01113596651185969,6.5687701635782005,0.008723176249086232,5.4024561614941815,0.6295258817699402,7.607142857142857,0.6675411331044984
0.5,0.3,112,0.024064757217342733,0.024774146678307876,14.05474152577969,0.01912959447488295,11.055021274135555,0.7076668452383886,7.071428571428571,0.7181341476731626
0.5,0.3,113,0.00414550965277933,0.0036906427223656847,1.5385625194699983,0.002841145779251525,-1.8744094407044638,0.6354167264128993,6.5,0.658130999686524
0.5,0.3,114,0.00421145630524864,0.0006981813784417118,3.2332202360133664,0.0005685988602648088,-0.1453308891138363,0.5967265480997523,6.0,0.6027563687321834
0.5,0.3,115,0.026904677789816915,0.02684055865315886,14.474253480120261,0.023223626377224395,11.544883016864995,0.6336981446532468,7.75,0.6713024425321571
0.5,0.3,116,0.023448934903610198,0.02871215286179708,11.237983339568402,0.02427382672207755,11.113223900812292,0.695373195198876,6.321428571428571,0.7314686074835287
0.5,0.3,117,0.031636455023475674,0.03334116204456936,14.27660816550216,0.030537650156350384,16.474738877445787,0.7165106730561998,7.071428571428571,0.756588438456049
0.5,0.3,118,0.028770092297097937,0.030090517436884227,11.812215402885464,0.02826180519096171,11.857174252577257,0.6590471783250316,5.607142857142857,0.6829994101586143
0.5,0.3,119,0.019613684207379085,0.01753257723859702,7.089208067373747,0.01183091491852892,2.4892443682686953,0.5985941829103475,7.0,0.6026761929917079
0.5,0.3,120,0.005104739041219128,0.0020047449259624883,7.54160807936136,0.001773790105253358,2.1136301059266693,0.6044641749173586,7.142857142857143,0.6200046137009658
0.5,0.3,121,0.0003710292092220572,0.00017521923729250387,-0.58800323439241,0.00031587393107070013,0.2561981771137975,0.5698122060025609,5.357142857142857,0.5785623055400708
0.5,0.3,122,0.022053969600042606,0.02302853357779699,11.914419288444499,0.017983174992407265,6.89652362465884,0.6541330077404648,5.535714285714286,0.6814330813624692
0.5,0.3,123,0.01598605934958446,0.018808354339482688,5.777806482699894,0.017147947318988128,8.617671050276764,0.7093494360096243,5.785714285714286,0.7372094057519661
0.5,0.3,124,0.004713539740362198,0.003365391344242566,1.7369965854976641,0.0032195256306079144,-0.017335352952841276,0.5796232304671428,6.178571428571429,0.6061742532060024
0.5,0.3,125,0.001526548996922261,0.0014274696332808635,0.4338241802046383,0.001971391172399424,0.46520878777079133,0.550231073539581,6.357142857142857,0.5393233667407804
0.5,0.3,126,0.0016483235987913123,0.00045335117917855785,4.0274379117583905,0.0008559548661022359,0.07189183457055037,0.5462800645404153,5.321428571428571,0.5425995078279753
0.5,0.3,127,0.007174679438905999,0.006914029285654235,7.434235835910307,0.006691279391623872,2.3825378309396967,0.7242668603975135,7.25,0.7317907789761184
0.5,0.3,128,0.0060452961921567214,0.005728921890272845,2.869725172445108,0.006335438924374278,3.751631972145816,0.5822145605105467,6.857142857142857,0.5635032877812047
0.5,0.3,129,0.06715484367677557,0.08004804353246128,14.915308444513201,0.07213509745956327,18.821252721826173,0.6223365905513543,5.214285714285714,0.6868011142386066
0.5,0.3,130,0.016700645341573058,0.015225429475510255,11.800255897591867,0.013310078432395699,6.011309420224715,0.5728284435991984,6.785714285714286,0.5954950477549331
0.5,0.3,131,0.002061344067533096,0.002781628550147665,-0.06611049754731368,0.004375863509326703,4.484442932049177,0.59347607444432,5.392857142857143,0.5890300928642982
0.5,0.3,132,0.03805052184455347,0.04521149142295439,15.188212811926459,0.03856130947063383,18.30872636724256,0.6752611534219539,7.642857142857143,0.7232231798355488
0.5,0.3,133,0.07408484537382914,0.08249445639182684,21.283130778932843,0.07709161078728448,30.70445680443318,0.7098085157911033,6.821428571428571,0.7751303583761553
0.5,0.3,134,0.04230628010512353,0.04506077381035195,17.60043417226895,0.039067629810135694,14.666130376767759,0.7170482341988845,6.75,0.754873556716599
0.5,0.3,135,0.017736804426903355,0.018272024429672105,10.938152592352019,0.017821436162425767,9.382668338660523,0.6009751590152231,6.964285714285714,0.6187251613687654
0.5,0.3,136,0.02313670333724559,0.025584010511621038,10.669609206481233,0.023611415814024934,13.685717909911148,0.6164496308071847,7.392857142857143,0.6422679211425776
0.5,0.3,137,0.030682714133167192,0.03858297304817416,13.08001145137845,0.030814662231461353,16.331210497616976,0.7335264125306568,6.678571428571429,0.7709021366573318
0.5,0.3,138,0.01975526922792773,0.017885932407818033,15.419840169828817,0.016406040942157783,10.785910740740102,0.7386076429849827,6.821428571428571,0.7546946675503265
0.5,0.3,139,0.010427741977680156,0.012566780785444424,6.117499340888337,0.011022586687081158,8.972627445947145,0.6387186406755097,5.25,0.6366084452755636
0.5,0.3,140,0.02001036078316725,0.02363332029596233,3.0639376838401446,0.024392563810180793,10.93074509199611,0.6099510810081366,6.571428571428571,0.6090035485686174
0.5,0.3,141,0.009252691955474558,0.010587481304662574,1.8603885625918153,0.010949827856744341,0.6813443292943665,0.5583126154594201,6.25,0.5862050321004464
0.5,0.3,142,0.005572743060159809,0.007104530829212939,1.9033114754256601,0.005688214091023524,2.8812203925373487,0.6003044791669491,6.892857142857143,0.6095228552183491
0.5,0.3,143,0.010488940966028454,0.01070238736957574,4.023409286017149,0.008213135144121255,6.777181375977979,0.579304771932538,6.964285714285714,0.5888257256964421
0.5,0.3,144,0.013976931600913919,0.01389157117415122,4.423052692962024,0.012341761418479152,2.5961541389741476,0.6485412520436168,7.357142857142857,0.6581834443372379
0.5,0.3,145,0.04423787659897754,0.046836553954631606,14.06157605866344,0.04161998114058566,13.94462078537424,0.7331759191949191,7.5,0.7761327311546136
0.5,0.3,146,0.00790991508974408,0.008930546030892952,0.4535596714902539,0.0074679676645775985,0.0358593784623622,0.5863387390642458,6.678571428571429,0.5987311663516812
0.5,0.3,147,0.04943770411659169,0.050411933068357,13.749484941900164,0.044962900466464624,14.789834718061087,0.7095043662290191,7.214285714285714,0.7552679879657531
0.5,0.3,148,0.019218194047232177,0.02434675791544194,6.9974721532471165,0.02083421301655356,6.743596183768517,0.5902272768113549,6.321428571428571,0.6189928161741918
0.5,0.3,149,0.006877538109344682,0.00783931576366079,1.6795115468886266,0.007324612141742483,4.80214928695555,0.5943065368226657,6.25,0.5773680179293114
0.5,0.3,150,0.004618156297485877,0.004509239957191537,2.9052043273486916,0.004406757662661575,3.4614625523886295,0.6254462372684514,5.571428571428571,0.6231715303036764
0.5,0.3,151,0.007438352743452251,0.008357884146068742,6.747855923000152,0.0064805837377426845,4.388623729235121,0.5534669625146392,5.0,0.5414482200027549
0.5,0.3,152,0.0033599208569278123,0.003690459211280033,2.1018770058705556,0.0030814807174710957,2.770343153029472,0.5856922315461315,7.321428571428571,0.5901569889983063
0.5,0.3,153,0.002889335176096012,0.0023405103060825756,3.432805733427955,0.0019708531236758042,0.10159538800553491,0.6286703137236067,7.5,0.6370197042770469
0.5,0.3,154,0.0008744531031436545,0.00014920102135122988,-2.181532148750712,0.00018031719906458243,-2.06724384514942,0.5830806100804093,4.821428571428571,0.6032373527660312
0.5,0.3,155,0.035582247290652964,0.037343215282097116,16.080046734549747,0.03345556178899568,18.786630902150108,0.6962597659294009,7.035714285714286,0.7265124572314955
0.5,0.3,156,0.01057615964177122,0.012439200743436369,6.749976383438025,0.01169700398430042,3.8384232451100786,0.6722005687582678,7.214285714285714,0.6693413606171181
0.5,0.3,157,0.05987676235356436,0.06415095413491709,23.159842853666113,0.05679865008497333,20.42149629070893,0.7184127012597401,6.892857142857143,0.7829540360808234
0.5,0.3,158,0.011633785614927715,0.013788755575177376,7.602703539505612,0.012932707238705805,8.460002332508518,0.620828810663952,6.142857142857143,0.6176248697804303
0.5,0.3,159,0.010248344202798432,0.009203446536092725,4.9383860252991525,0.00983254851075706,7.901467571347221,0.6518288284859223,6.678571428571429,0.6724115855383344
0.5,0.3,160,0.019257693132739572,0.019380191777660705,10.015477443476975,0.01678317760474585,5.696846839544406,0.608423618160543,6.535714285714286,0.6009355113809344
0.5,0.3,161,0.0016735855107880917,0.0018358696859362075,1.3871593232289285,0.0013642683673422667,0.6687615804061787,0.5863624953128495,6.5,0.5903956855855882
0.5,0.3,162,0.04756437839953167,0.04690828562462892,26.853955380574533,0.03770982614369545,13.940857159888907,0.6766352874780593,6.107142857142857,0.7218690537237358
0.5,0.3,163,0.016961145263570718,0.01581139872625739,5.779430017361214,0.011860342581256844,6.009871520836195,0.5461457672927738,6.0,0.5659167475569749
0.5,0.3,164,0.03788054094337313,0.04147196998786982,13.67509777773617,0.03807611011507281,13.58431741102448,0.6604107634738339,7.214285714285714,0.7017529996662966
0.5,0.3,165,0.013870597052443426,0.013322043827892918,9.938253398744266,0.011467496727200039,9.19969041711182,0.6373573524812989,7.607142857142857,0.6413811498928217
0.5,0.3,166,0.028622527373365406,0.029256702804774676,16.12438188527634,0.02738249628651356,14.870569343088547,0.7614156414898876,6.928571428571429,0.7983656219058228
0.5,0.3,167,0.031965243565136345,0.03568249997480257,9.519214544399215,0.026495458276327412,11.618624884560765,0.7080146077029486,7.178571428571429,0.7332294461867517
0.5,0.3,168,0.013071180526783976,0.013553263601013877,1.983221685762956,0.013557647419573203,7.068626216227632,0.615132394641158,6.607142857142857,0.6505259017104063
0.5,0.3,169,0.012144417464029441,0.0114577860806792,7.4994079104658695,0.00939765247597714,3.2876530699962054,0.6379791707370833,6.035714285714286,0.6433323242549354
0.5,0.3,170,0.00395844965248508,0.005085417118599512,0.9164688117610211,0.00577492003517893,3.371681230921913,0.5724949262147032,6.321428571428571,0.5676005085159667
0.5,0.3,171,0.03900097665182801,0.0392299051447029,10.932956690031553,0.032167860333946044,8.346121773171669,0.6716823980634647,6.785714285714286,0.6920587558524531
0.5,0.3,172,0.0019511974923415124,0.0013000711919377674,1.9530303006104148,0.0013657934791113232,0.9488818912961486,0.6235194339075606,7.321428571428571,0.63312385329819
0.5,0.3,173,0.013359503168315658,0.012617629383115024,2.4204363882647897,0.012727319260513625,-0.47794754017789387,0.59206411736551,6.178571428571429,0.5948969031358315
0.5,0.3,174,0.0028997472448771744,0.00032659312580807015,-1.1684260126854795,0.0003537211091660297,-2.704352204712554,0.5706976805402798,5.714285714285714,0.5836333230554626
0.5,0.3,175,0.01568359110795483,0.017530326444340667,10.19524388431092,0.015977854431939685,8.638702573942595,0.683046593350673,6.857142857142857,0.6946618974892053
0.5,0.3,176,0.011320994304336467,0.011334990408640366,1.9059949373631326,0.00925081393952773,2.1214252254348573,0.6319464753937362,6.714285714285714,0.6496988473557955
0.5,0.3,177,0.0021257244180683957,0.001778897225149739,-0.5659369094081086,0.002377753098601683,-0.7263693884999611,0.5966595395561314,6.535714285714286,0.6050683691309398
0.5,0.3,178,0.00210617784261474,0.0012116364364735978,1.3673565786093178,0.0012860208624428779,-2.301436276331676,0.5622303906281652,6.035714285714286,0.5853728680637178
0.5,0.3,179,0.03076818621968277,0.03515230388493587,15.405723653224829,0.0306368379668847,17.924742418423445,0.7195682128099316,6.928571428571429,0.7569961669488249
0.5,0.3,180,0.04163795167546202,0.0457525027632533,13.751497239160784,0.03884478585282835,15.159543032718696,0.6824625733082301,6.428571428571429,0.7033649635564747
0.5,0.3,181,0.027123762796923905,0.026803569966471128,17.363356206400944,0.022400605227087703,12.530177876247706,0.6924410901627297,5.321428571428571,0.7161960895029421
0.5,0.3,182,0.0016994501514696904,0.0008742003521111725,0.7273336386709843,0.0007648889004131657,1.601295945177687,0.5371889020097048,5.464285714285714,0.5544261688426764
0.5,0.3,183,0.0035376154534235414,0.0019705867387222907,1.3416467802901337,0.0018249230484050068,2.2818471686689086,0.5343735447246372,6.892857142857143,0.5728684097277665
0.5,0.3,184,0.050880963183592226,0.05088828040580655,22.257756886787426,0.04233990257642195,13.937549188767045,0.7332717843130823,8.071428571428571,0.7931665102924563
0.5,0.3,185,0.050656243021216685,0.05770012589246566,14.075443310043699,0.05161345431190144,14.942176046604677,0.7039773982583294,7.25,0.7489302118560206
0.5,0.3,186,0.022658114272987865,0.02568144962704393,9.257635708524887,0.021729502390730373,5.1528448968989835,0.6924657047164092,5.892857142857143,0.7134917902420572
0.5,0.3,187,0.038033717809079146,0.04013161014327042,10.668457575712253,0.03197718073408477,9.345515434010403,0.67524345238257,6.714285714285714,0.7056437309046062
0.5,0.3,188,0.004082121946887341,0.0015558719695066348,2.8887566035587966,0.0016638471933319017,-0.8911562119780854,0.5550298998833398,5.5,0.5704280134781546
0.5,0.3,189,0.05466971730617272,0.059177647823379316,15.96457906925017,0.04917277467221511,17.972692684786086,0.6996820636880587,6.714285714285714,0.7449481400206392
0.5,0.3,190,0.0026889357821244186,0.001990009259526535,2.638173773868836,0.0017376492137683062,0.46391191339296256,0.5869396254363367,6.285714285714286,0.5958714643570932
0.5,0.3,191,0.015927905661572372,0.01655510167649751,8.458175936260155,0.015314024031875498,4.5602721984888035,0.6298776079655717,7.571428571428571,0.6307352579598123
0.5,0.3,192,0.04619234497011879,0.043414415089122825,25.933621559377496,0.03696497517187105,14.677169281867592,0.7504919217417872,7.285714285714286,0.7833187748464894
0.5,0.3,193,0.002030478264499725,0.0006100516986751975,2.429879373618448,0.0004968918023811089,-0.9728805238047755,0.5608842024111519,5.428571428571429,0.5648596870980542
0.5,0.3,194,0.02464603026137291,0.025664286416064795,14.372151193840345,0.022330827827709523,13.092359541162258,0.715854234653152,6.928571428571429,0.7454904804736189
0.5,0.3,195,0.004885522316407949,0.003158697688613417,5.4710033034498124,0.0031407589404758305,-0.676990124919333,0.6499280259484852,6.857142857142857,0.6533655673136975
0.5,0.3,196,0.004470108450194644,0.0022324751798530156,5.1795393683678554,0.0022900827629207007,3.903879116824129,0.6015951631053247,6.142857142857143,0.5878547050423173
0.5,0.3,197,0.04687629825846639,0.05181759471089934,13.44121288234297,0.04645039521398292,17.53177403687492,0.7138225922292666,7.071428571428571,0.7674157241042429
0.5,0.3,198,0.05301224499957631,0.06352621865672818,9.140787600742389,0.059190337069599856,8.95149533539498,0.6787026590185375,7.821428571428571,0.7438329317815544
0.5,0.3,199,0.018793494567515716,0.019866900081224558,7.347738365329363,0.016184241267006145,4.498443987206637,0.7040257217588014,6.571428571428571,0.7145372734487776
0.5,0.3,200,0.03862009547739363,0.043275656306957365,19.46967107699529,0.03860073460341516,22.788129608979318,0.7119383648357992,7.178571428571429,0.7453185416820383
0.5,0.3,201,0.006869655052206308,0.006632051689833711,6.477914483319246,0.005377175549385164,5.754300032934879,0.6036650967078808,6.964285714285714,0.6168087489385402
0.5,0.3,202,0.059857457637567515,0.06552944262557418,17.17279892856001,0.05790787404339002,18.80319440175525,0.7303446163091223,7.821428571428571,0.7983639723234068
0.5,0.3,203,0.011473510092629178,0.011483251509140213,3.8257309408200797,0.01272626063796655,0.6321042624374797,0.702591142846621,7.035714285714286,0.7133349491529548
0.5,0.3,204,0.011143748645588541,0.011161938075375372,7.428577069667625,0.010840042076866944,7.113486454366741,0.6428719158616998,6.178571428571429,0.6673335673561038
0.5,0.3,205,0.0017980640542485243,0.0003796028603188193,3.229117250485018,0.0004395093468979759,-3.415112822005265,0.6148987517716028,6.928571428571429,0.6304743624189197
0.5,0.3,206,0.015344992496969079,0.013217493203095435,7.628034116800649,0.010802612452033901,0.19510497106821845,0.6990068404995918,7.321428571428571,0.7166107080198337
0.5,0.3,207,0.016736833244180082,0.01618075763895528,6.936556206674673,0.014940061208455532,6.661174012892388,0.6074413112063649,6.142857142857143,0.6229953468549034
0.5,0.3,208,0.03459231108150687,0.03833117314383321,13.763598103338097,0.03249905226536767,14.680543892074866,0.6764967364699003,5.464285714285714,0.7140628776861646
0.5,0.3,209,0.00835293095387194,0.009599757823921709,3.8069322312835823,0.0059886416287367565,7.240636647765967,0.6090522458617611,6.5,0.6188753437776275
0.5,0.3,210,0.0027474712506257467,0.002864697174596472,3.498027725929191,0.0034574057826812733,4.186232648082059,0.5402103715957112,5.892857142857143,0.5576226874030107
0.5,0.3,211,0.048952020773946156,0.05749107674165456,11.987927515121385,0.05242668421572362,17.670604179475394,0.675768212316031,7.571428571428571,0.7310617540741078
0.5,0.3,212,0.004286258811654366,0.003230212031738346,5.152236586291885,0.0029822887950348618,0.09436822740094424,0.6207114271496339,8.071428571428571,0.6364030823232001
0.5,0.3,213,0.03394708950650987,0.03650173735440111,8.051121314735155,0.028246518285833175,3.8700413090292898,0.6821974470490113,6.428571428571429,0.6990917102493801
0.5,0.3,214,0.0029926798909695245,0.0012786583040177626,0.6257982598308942,0.0014098580738636137,-1.459580303556919,0.5855989535583461,5.678571428571429,0.6044880379902451
0.5,0.3,215,0.004663396406388239,0.004402867799296684,2.7280705937301235,0.004342622608937367,0.27368174634977055,0.6549327132893822,6.571428571428571,0.6404735979279957
0.5,0.3,216,0.009108512574263554,0.008338130119787105,12.92689179860946,0.007307828252103162,9.160694314121372,0.7115138802008774,7.857142857142857,0.7053521269788596
0.5,0.3,217,0.0085485024393697,0.007901155494891164,6.972352427486015,0.006903559900738054,1.6423381302237108,0.6087960284574724,7.214285714285714,0.6081791295225005
0.5,0.3,218,0.0036906888119746088,0.003113449110225805,3.7554392480067094,0.0025305981564588053,2.2515263869034166,0.5734874942395699,7.25,0.6030037457440083
0.5,0.3,219,0.017555703788238227,0.02006994354736392,7.01838866878451,0.02256664496781787,12.705691311920228,0.5968479254988107,5.5,0.6076826052152826
0.5,0.3,220,0.010972658722200759,0.009732733429326484,5.7040677670526065,0.010324178176322469,1.9197820637274958,0.5798293295368924,6.5,0.6220045312117866
0.5,0.3,221,0.02692922518234767,0.0286050835078631,10.831212299948191,0.026054164831530363,9.320370308394255,0.6044749912385099,6.964285714285714,0.640167006942494
0.5,0.3,222,0.026896576824236445,0.03074503637972332,11.980117623377836,0.027743048870844167,14.260992308417153,0.7743963214166882,8.607142857142858,0.8097881352286023
0.5,0.3,223,0.002154461858850596,0.0008844620042991749,2.356060538791617,0.00045873462272235754,-0.9462925342487836,0.5448546267302933,6.642857142857143,0.5449753591363462
0.5,0.3,224,0.008842201184008233,0.010129609800175967,6.12118075754443,0.009716730528930646,9.756141716580032,0.6688212209672528,7.357142857142857,0.6779584371717384
0.5,0.3,225,0.005931518336619004,0.0049921165386301114,3.866991259988346,0.005467540907953985,5.1393172436454035,0.6357746336947427,6.607142857142857,0.6223739370886784
0.5,0.3,226,0.002424746310188522,0.0010311637090943445,1.1760659607727177,0.001361569565247692,0.2610932976564489,0.6427487458147217,7.428571428571429,0.6555408032483657
0.5,0.3,227,0.0019297983642184058,0.0013841362191754,1.611768455389658,0.0015123685677902652,-1.292491007374802,0.5823861759981428,6.892857142857143,0.5997931252657029
0.5,0.3,228,0.056748269686576994,0.06256340433162592,22.178023351439023,0.05617575812222788,22.7371608368568,0.6792163184928529,7.392857142857143,0.7413255463923655
0.5,0.3,229,0.0016985866509863854,0.0009321186626686512,1.6765043702797797,0.0006869039510324801,-1.0810094911799883,0.5698917197882752,6.5,0.5779503607558791
0.5,0.3,230,0.03149522894565696,0.032826388271387896,13.233620695855404,0.025497199120045017,11.697973666461953,0.7623416741462073,7.75,0.8040978001002936
0.5,0.3,231,0.005037751253300365,0.0063340016075016485,1.453045059682438,0.0046378698456210855,1.4964346935590622,0.6002994660936423,5.857142857142857,0.618159243957352
0.5,0.3,232,0.016208370500730252,0.01713636278206166,7.233305318445026,0.013674014898245749,6.351216329276497,0.598817794214828,7.035714285714286,0.6194546590169562
0.5,0.3,233,0.003452520155382381,0.0041442592901629865,1.5980105832956895,0.0024674927630329176,2.6293460147620444,0.5755030092499914,6.857142857142857,0.5950770093720573
0.5,0.3,234,0.018537520151017107,0.01925163429744365,13.352596619895706,0.016993849640684552,7.282503715551333,0.6972850398598107,6.714285714285714,0.711798483833597
0.5,0.3,235,0.0035194625478893135,0.0023435417870881696,5.059252810311236,0.00207418146691453,0.8048401217606624,0.5864918567297518,5.571428571428571,0.5794786083384449
0.5,0.3,236,0.03337833236369024,0.03295080593041366,23.152855565064,0.0291887226407362,18.230667060082585,0.6929814860861894,5.857142857142857,0.7268097844035514
0.5,0.3,237,0.0027140286837628726,0.0010680737457084578,1.4721948813120136,0.0010659917310720118,2.2189280287569395,0.5445943500351211,5.964285714285714,0.5735508540433838
0.5,0.3,238,0.012854716300353468,0.013797136261558735,4.705736051681548,0.013321846578932796,5.931331405736017,0.5832504873012713,6.607142857142857,0.5904675430049782
0.5,0.3,239,0.015545013246618403,0.015223800315304155,9.040742006006994,0.010117807469344589,8.618020970383318,0.7055528901814149,6.607142857142857,0.7313465685600323
0.5,0.3,240,0.013036522283128706,0.014185052004857158,5.394030448314673,0.012557316011961812,6.299312280797409,0.7043335853674535,7.785714285714286,0.7167621678492253
0.5,0.3,241,0.0060410425926310405,0.005056898968502177,7.417139966051558,0.003608138353139333,1.92396289661869,0.6375660307913452,7.321428571428571,0.6190502095721536
0.5,0.3,242,0.00410387491184924,0.004161668531377418,0.8420665309706621,0.003749854916925359,0.1507808234399969,0.5691307120986587,6.357142857142857,0.5795835781073075
0.5,0.3,243,0.019150246466337,0.023411541638212335,4.34141317330301,0.020297039266259094,6.080535263145009,0.5983055647101454,6.464285714285714,0.604922099451101
0.5,0.3,244,0.052147567118418094,0.056877214621128346,20.606200015889282,0.048248339190288946,23.141653818345958,0.7412234966110216,6.785714285714286,0.7992031269685447
0.5,0.3,245,0.031193157517025852,0.033142122010867345,8.958668639877231,0.03158608826954419,10.639637558639663,0.6932687417963193,7.321428571428571,0.7077917084956928
0.5,0.3,246,0.01262295089767373,0.012355027297105987,4.157532366960567,0.011515619962446148,6.61034929762577,0.6003798310375276,7.678571428571429,0.5932530741414221
0.5,0.3,247,0.0016479601846424552,0.0011393447213498865,2.0151858582003186,0.0007406948172399047,-1.0454021315616064,0.5579214267734747,5.214285714285714,0.5710547944456608
0.5,0.3,248,0.001884683155268405,0.001704436573924781,-0.6187593439371994,0.0015007349343048209,-1.9018600122035612,0.6744769691413903,6.535714285714286,0.6789914278091864
0.5,0.3,249,0.014507119023704763,0.01278974297436422,11.891873563533856,0.010917833143792424,5.352828618564321,0.6897313081427205,6.285714285714286,0.7035749634447759
0.5,0.3,250,0.007320157327509023,0.010429818082753771,-0.31787220390888393,0.008101724963719251,0.08599540447823983,0.5895655210585075,7.035714285714286,0.6111263499110013
0.5,0.3,251,0.01479783166222756,0.013747158034323798,9.129151327326653,0.010154145591699304,4.163429221768648,0.6319942992610671,6.071428571428571,0.6288889326654087
0.5,0.3,252,0.02134192966398789,0.02281954286809431,11.788301647183935,0.021296263834904263,16.214981112968434,0.6906093270511017,6.821428571428571,0.7201102367648156
0.5,0.3,253,0.04876259403811696,0.05161895590106069,20.46017015438903,0.0456836651508377,20.702260186285287,0.759487659483191,7.5,0.8013818632366323
0.5,0.3,254,0.004194339477441409,0.001954212928382432,4.731469590006661,0.0013552339314430758,-0.9539122968098184,0.616222434349364,6.107142857142857,0.640248902674391
0.5,0.3,255,0.0023403926136013067,0.001739600737167033,-2.0016397794246927,0.0018585093340956226,-2.5176642540362004,0.5925144742849492,5.892857142857143,0.6084963925015596
0.5,0.3,256,0.012667006303947551,0.010790979140696723,7.90663743071466,0.009207421061710654,1.9053318819831115,0.6294954232164596,7.178571428571429,0.6295840807773151
0.5,0.3,257,0.005460989743818568,0.006221374529302461,1.6670743919688178,0.006341993443096108,2.9112223215024926,0.5958490722043351,7.035714285714286,0.5852362846513584
0.5,0.3,258,0.03186163419298236,0.037260839295881185,11.054799075738742,0.035194549269902675,14.658054450850159,0.6179804517891541,6.357142857142857,0.6604229234602661
0.5,0.3,259,0.007698192805580189,0.006065331949631039,5.892404759765235,0.006581139013725442,2.95888345992906,0.6149687825515463,6.678571428571429,0.6213121491679559
0.5,0.3,260,0.014091020066175,0.014090184713860813,9.14336233925281,0.011313103773724098,8.680480410285762,0.6348732509201059,6.357142857142857,0.652403186850398
0.5,0.3,261,0.016571675991490904,0.017504313769312996,10.582143799621,0.014312984864979155,5.666238229350512,0.5705740104295647,6.285714285714286,0.5838791611275944
0.5,0.3,262,0.010752158986039815,0.010449129416457687,6.941871605409652,0.00747300717315321,1.2476514533851741,0.6225988116477791,6.857142857142857,0.6494811225937414
0.5,0.3,263,0.021988680206490994,0.020070180164907653,13.208681780219383,0.016939529380366945,8.287244135340908,0.6989063466289338,7.035714285714286,0.7280887941648597
0.5,0.3,264,0.009764535301692093,0.011949268806965875,4.410580198605011,0.010533780787629085,5.672784860188017,0.6522084002339882,6.107142857142857,0.6581485617041969
0.5,0.3,265,0.022046050133116918,0.023352538011260478,10.250379624580063,0.021221549486081508,7.246807781356741,0.6355825277628661,7.035714285714286,0.6798792954277433
0.5,0.3,266,0.011538253169805418,0.01018424234377944,4.1588710267890505,0.009151289077155064,2.1828696349516483,0.7004945093087794,6.714285714285714,0.7197743355161416
0.5,0.3,267,0.002427227204495118,0.002445903079027277,3.761983632402952,0.0020690049406368416,0.7800290954475789,0.6255860761151751,6.142857142857143,0.636100414125151
0.5,0.3,268,0.002686900681801752,0.0029504072762045245,1.2664264765844493,0.0030052485551233226,0.1365987332536823,0.5191878101676349,5.571428571428571,0.5518203516637127
0.5,0.3,269,0.001815817843318186,0.0010118477971949908,-0.4293155216247371,0.0010010308601542093,-0.29564468039715547,0.5825523064182746,6.392857142857143,0.5920955299731363
0.5,0.3,270,0.014616321530046036,0.013441562179500618,4.170359875894881,0.011453369511025435,0.5325849942616211,0.6050061223672395,6.678571428571429,0.6166017464621901
0.5,0.3,271,0.04102139485976025,0.043494860030733225,12.803026136791182,0.040368724460148254,17.314884899947725,0.6879884614739663,6.071428571428571,0.7343530431559275
0.5,0.3,272,0.021710264851998843,0.0221059215018661,12.83051730776831,0.01947563564148955,11.267838395148411,0.6796517716465484,6.857142857142857,0.7043323531175983
0.5,0.3,273,0.012581715045284037,0.011965789342756623,10.805770542707705,0.010746135411273082,7.023246479155783,0.6116533955818886,5.642857142857143,0.6480703272908812
0.5,0.3,274,0.00409955751760815,0.003716786278766862,3.495293302450321,0.0038082939912537014,-0.7424434762896132,0.6138057713523676,6.392857142857143,0.6190599561902091
0.5,0.3,275,0.006812620830574676,0.009067773991962456,0.8348798300716354,0.008256438372689513,0.44054626305738037,0.7374210869753496,6.642857142857143,0.7537359584137456
0.5,0.3,276,0.033496333226062505,0.036541228752003066,11.292376213672448,0.030993299039889188,12.505579039920898,0.6296757260278735,6.535714285714286,0.6462026479509337
0.5,0.3,277,0.027449836130318712,0.029959098970984664,10.364195637597128,0.02645581006915916,5.937639398905674,0.6035619625457639,6.571428571428571,0.6245028137223994
0.5,0.3,278,0.023513262055266396,0.02802601647894352,5.502188488846116,0.023031655579715926,7.839514809266329,0.5631566986865039,5.678571428571429,0.5611068468679216
0.5,0.3,279,0.0060981502092234624,0.003630155085606688,-3.3291621669184224,0.0026942035947682456,-3.038026431354742,0.5745391798392372,6.75,0.6061743034981493
0.5,0.3,280,0.011714849588005696,0.007238523319620589,11.595478028293066,0.006793075884726417,-1.1050174867876688,0.6161308524534987,6.285714285714286,0.6111555897651679
0.5,0.3,281,0.009528545241914854,0.005700886035190912,4.239162545117374,0.004324891185592079,-2.1345588734027103,0.6433043968410718,6.035714285714286,0.6779029951090736
0.5,0.3,282,0.007031128103292469,0.006422470336382012,3.5894275457710947,0.005978044115697309,-0.7365056542826759,0.659780312597639,7.071428571428571,0.6486831169831395
0.5,0.3,283,0.004169651014067317,0.0034287433680401797,2.050271407108994,0.0022979786852147764,-0.8141866993264083,0.562374015320303,6.285714285714286,0.558147616714758
0.5,0.3,284,0.022652665228489847,0.025070856640410064,7.608536773441671,0.022533624616984993,6.888877234060611,0.7108009342675067,7.821428571428571,0.7391229414713927
0.5,0.3,285,0.0007089492880813647,0.0008622718238281307,-0.43326011775976525,0.00098237905362476,-0.9168441621477447,0.5220408228370347,5.857142857142857,0.5261738613295943
0.5,0.3,286,0.017403097923423518,0.02184077450900286,6.0323123026861225,0.020367013188245523,9.96065919611693,0.7002049141506085,6.821428571428571,0.7078388724709896
0.5,0.3,287,0.009780780948255074,0.009110638449982809,2.951885456472958,0.00732376890893679,-0.5402289877766103,0.6963155695509798,7.0,0.7224238565707
0.5,0.3,288,0.04924627446732323,0.04968499946449961,18.548279540402074,0.04224568285744716,15.017164604440751,0.6557679648058862,6.714285714285714,0.7030676464428482
0.5,0.3,289,0.04322431578984076,0.04891995443893026,15.059236663160306,0.04262534926637205,14.9809000676588,0.6676256393855097,6.428571428571429,0.7227435536896654
0.5,0.3,290,0.013433096628048783,0.013699827638443369,7.564783529655678,0.011261525437847933,4.768371393603587,0.5771681519287449,6.892857142857143,0.579070437274777
0.5,0.3,291,0.002879611140227268,0.002010584592915869,-1.2994560886671067,0.0012940484553793056,-0.0922005276103069,0.528059337182967,5.607142857142857,0.5418069337692308
0.5,0.3,292,0.04104493578391524,0.050839810234519243,10.265286928023578,0.04300148714476305,14.11253484255449,0.6954927232271942,6.571428571428571,0.7380587395276224
0.5,0.3,293,0.021064997357713982,0.022967337949781782,7.559827805279646,0.021895678352725163,7.379804190107801,0.6293823146372254,6.0,0.6600961954991738
0.5,0.3,294,0.012403617304090155,0.009559037770481725,-0.11216235418243059,0.008712409054604403,-1.2146353737029092,0.5889518153098751,6.5,0.6167556404314884
0.5,0.3,295,0.0387017072290548,0.03812330667326509,16.44815050063024,0.03292043910394359,10.919429283181008,0.6926282857658218,5.964285714285714,0.7247808583824393
0.5,0.3,296,0.016180260082083186,0.02007179168586663,2.2907807137628,0.020303611587569565,4.038271411640125,0.6333099026650261,7.857142857142857,0.6617889788693069
0.5,0.3,297,0.017963859311521294,0.021494876679840846,5.84563923730882,0.016497323771134387,5.1712902801298055,0.636055299112351,7.607142857142857,0.6579399800544363
0.5,0.3,298,0.022448090275216052,0.024478413557445077,11.951367375696243,0.023613885042699446,13.572818794713774,0.6498955130702637,6.464285714285714,0.6773123943119965
0.5,0.3,299,0.0025153496926815775,0.0014989020048879274,1.167354464561285,0.0009726603471860793,-2.518042901195713,0.556072164462435,5.785714285714286,0.5767547353740139
0.1,0.0,0,0.005824463214818782,0.007101977499588789,-1.0115224024933127,0.006271848781641902,-0.8807252028883946,0.6199533094682551,6.071428571428571,0.6259128043509103
0.1,0.0,1,0.006454583351144479,0.0052082001894458415,4.249941587326759,0.004512809617910232,-0.9108152409622884,0.5979619974423402,5.464285714285714,0.6014045862344127
0.1,0.0,2,0.0030047336991201115,0.0014203896872355957,1.7425904854454544,0.0012996936337875248,-0.6268031778805039,0.5621845920027037,5.785714285714286,0.5628695262637182
0.1,0.0,3,0.005564359887417711,0.0015049381444694758,-2.707629818345481,0.0014870785095249005,-3.898540057528303,0.5788811400858677,5.392857142857143,0.5779353535792652
0.1,0.0,4,0.006214143756329973,0.008525189510535852,-0.6481367837233734,0.0068937639880856895,-0.20045356005044823,0.5662339626068525,5.357142857142857,0.5872138724489868
0.1,0.0,5,0.010074422491897533,0.015081870063042463,-0.5661323198223656,0.011976288606216743,-2.2760115120817943,0.5793537124912364,5.857142857142857,0.5853477320487325
0.1,0.0,6,0.003946820878427501,0.003286283551707395,3.884225287885293,0.003298879126213315,0.009517114251754796,0.5269965382472257,5.892857142857143,0.5154766814652483
0.1,0.0,7,0.0012664095820095942,0.004119524940500406,-4.469851559341819,0.004384684284123808,-2.9227782019406354,0.5546546596280836,4.892857142857143,0.5620447853478618
0.1,0.0,8,0.011747097693982838,0.012453726549748292,4.865679203766604,0.012259189485064293,5.644875873179387,0.62340025746207,6.071428571428571,0.6514576743731453
0.1,0.0,9,0.004245023724406191,0.0066558156779557495,-1.5529272102883027,0.004409734809018368,0.9885775180968229,0.574368561165315,5.678571428571429,0.5770202376755561
0.1,0.0,10,0.0037031835088735168,0.004507949425437507,1.222135203545804,0.005444717652825239,2.2858779276292296,0.5812786454392411,5.571428571428571,0.5912560936919763
0.1,0.0,11,0.002601910552115513,0.0028807243537552862,1.6477504880897627,0.0023083869751372712,-0.9158422521825287,0.5635414117168289,6.25,0.5485925010959035
0.1,0.0,12,0.004885644105922067,0.0060038844369533296,-0.944867878870916,0.00522464826995114,1.9913879295459935,0.5547170941707013,5.464285714285714,0.5622101761019251
0.1,0.0,13,0.009147327218687362,0.010776672078600063,0.9522970997799192,0.008732127059648327,0.17737889962333497,0.5802808730740754,5.642857142857143,0.5999494936086252
0.1,0.0,14,0.002627625176213676,0.0019156512375372115,0.2721778578404255,0.0013540245538933137,-1.9646399344480205,0.545903047814285,5.5,0.5902884828454066
0.1,0.0,15,0.004395552257615517,0.004923477639509119,2.408083947188466,0.0036554686898534684,2.8084108844553364,0.5391662211228678,5.0,0.5607416755897927
0.1,0.0,16,0.019806776559044205,0.020042386328350013,6.885363754889042,0.017728108296561,3.8362255284143507,0.5327100488503512,4.75,0.5349681472927831
0.1,0.0,17,0.0057173947102109185,0.005242401361328185,1.835333936937765,0.005971933028759862,4.91058432279443,0.5767700649757578,6.178571428571429,0.6063710664934049
0.1,0.0,18,0.01339565482495623,0.012309071339967241,2.9880543058939395,0.008759433704247414,2.7725283915672017,0.5928299539225355,6.071428571428571,0.6156616655367948
0.1,0.0,19,0.0008867749759085669,0.0003302708572359687,1.3446188717508676,0.00024047990644025552,2.8121459947624317,0.5945301179550734,5.607142857142857,0.5880197940434997
0.1,0.0,20,0.006892813516867499,0.005242349290326434,-1.0410080057441888,0.0056267002802285635,-4.02695923162356,0.5167338281375898,5.357142857142857,0.5376890127868337
0.1,0.0,21,0.0010486892084040442,0.0006213102399309242,2.5661579754346917,0.0015997318305726717,2.4130184038301365,0.5997088083625126,5.392857142857143,0.5984052330065086
0.1,0.0,22,0.0066061501480417515,0.007128788702036406,2.5750167613994677,0.0058707693314523305,2.0089144658108657,0.5816756250247647,5.214285714285714,0.5922979960978425
0.1,0.0,23,0.004061732138880993,0.004536855085261835,-0.7246259778973965,0.0029687139378103936,-3.030596364120053,0.5851151939095652,6.25,0.6230442207631923
0.1,0.0,24,0.008309465884584777,0.009965171361388464,-1.0861461023705914,0.009406024804510197,-0.6165158299568437,0.5768805608396629,5.535714285714286,0.5718888897008276
0.1,0.0,25,0.015021632018171005,0.01216468661868598,4.259172216307228,0.00717752106506453,2.68671769903753,0.562279075724708,6.642857142857143,0.5834186459975063
0.1,0.0,26,0.029944313197889302,0.03310443018251565,9.924374940661444,0.03195028876748792,10.79650912358152,0.5744454388951497,5.5,0.6220908526526048
0.1,0.0,27,0.004261316778520623,0.004301608778025149,-0.9082191909937976,0.0028334006280692813,1.3466127795048426,0.6115320579894223,6.0,0.6154827562536638
0.1,0.0,28,0.00450920894388112,0.004706425909294445,3.383385167818716,0.005272079741542059,2.33143115690649,0.579299078525768,5.75,0.5919559692656846
0.1,0.0,29,0.007449221534450237,0.0008545748663502858,5.3290768801289445,0.00014518397573281465,-4.674533208704626,0.5624685208488723,6.071428571428571,0.5887584247455548
0.1,0.0,30,0.0055250647076009116,0.0026447020089443067,7.897407534990926,0.0023351349100260627,1.4913792478858265,0.5853004218371235,5.642857142857143,0.6095955877210939
0.1,0.0,31,0.016376512441255126,0.016967098132634757,9.057941245323626,0.013357736640659994,3.0204442740685713,0.6037487329950635,5.785714285714286,0.5956350208579889
0.1,0.0,32,0.02288479961342854,0.029218391671859262,4.009473010092229,0.025952244989711958,6.020308346681617,0.5599171701884462,5.464285714285714,0.5742243262400066
0.1,0.0,33,0.0010195719075094026,0.0012651494498428135,0.28176137309378646,0.0014060554965970719,0.004698222098189338,0.5617507762624699,5.714285714285714,0.5509097318779302
0.1,0.0,34,0.038203324167407036,0.02766797552369356,6.016321105014391,0.015385738540907346,3.407614426723967,0.47947263627243164,5.785714285714286,0.5091753168698203
0.1,0.0,35,0.003418347672845085,0.003708737870401878,-2.0375080547750457,0.0029018624802018248,-4.012929001801733,0.5724202909724283,5.571428571428571,0.5855013846157259
0.1,0.0,36,0.006209018877033842,0.004258218204090427,-1.4202154240193252,0.00405242079254738,-3.1180668423124303,0.5684605782186031,5.357142857142857,0.5733781407527421
0.1,0.0,37,0.004286318771853485,0.0012026328938480738,6.21094322866503,0.000619730811638009,3.245600236912869,0.5687716751561724,5.607142857142857,0.6044911259280605
0.1,0.0,38,0.003034879518321906,0.0038561677651206164,-0.9902119505631646,0.0016776768540416585,1.4486449197345148,0.5233628333877111,5.428571428571429,0.5251254812952165
0.1,0.0,39,0.004083551961864775,0.0033453107508127833,1.8584755618535311,0.0026305646373142723,-2.698414748447656,0.5784599689448104,6.464285714285714,0.5857583573691658
0.1,0.0,40,0.007848795694314632,0.005903440176340119,2.367751049497336,0.004645743102362383,0.6651328076112387,0.5575182005399727,6.107142857142857,0.5783245343282903
0.1,0.0,41,0.0035815329015481587,0.00384336439835482,3.0284342369330943,0.003204977542200849,-1.2494829078646223,0.5671894891875723,5.571428571428571,0.5782229944838417
0.1,0.0,42,0.0029346110455181853,0.0016739501690254336,3.808779867647516,0.0014083982164057578,-0.47519031059555533,0.5732427120156304,5.964285714285714,0.5720860349163992
0.1,0.0,43,0.0037883414391672245,0.0029281151471956665,-0.6294715466633747,0.004579290718223329,-1.521396357029052,0.5784021782828527,5.357142857142857,0.6061395516246899
0.1,0.0,44,0.004570779373994133,0.0007197108735040569,6.29602939047804,0.0007508741131569232,-0.22661085825153768,0.5719610432150903,5.821428571428571,0.5779495560815298
0.1,0.0,45,0.0015402279683346199,0.0017134846082533033,-0.5692334783073747,0.0013934395051396296,1.8534351246157617,0.6285920614542521,6.321428571428571,0.6399185838540151
0.1,0.0,46,0.0033246411142318177,0.0024307483312237736,4.358429285268386,0.0023897893330453775,-0.535073139053253,0.588989901620562,5.642857142857143,0.5856936816683431
0.1,0.0,47,0.004987525354066815,0.005191867406334099,0.3226423633044817,0.005154184757683536,-2.99868979719839,0.5735728147593244,6.357142857142857,0.5820467768162919
0.1,0.0,48,0.00786571676215932,0.00896907314077635,0.1971289066492261,0.0066905949761900466,3.615663432752058,0.5907140191138719,5.535714285714286,0.6191755275436233
0.1,0.0,49,0.0038946428542391124,0.002216585476769224,4.2510764553589055,0.002111418930756818,1.3800135995527303,0.6094812836515714,5.642857142857143,0.6017937871002967
0.1,0.0,50,0.005201032642157814,0.004603963291043659,4.08762587928009,0.0034235322215735125,0.45463643095387357,0.5813911316878654,5.107142857142857,0.5979031765631393
0.1,0.0,51,0.01500307894193715,0.015657456601658595,5.459114200775105,0.010113033174340152,4.599616345995561,0.5452287556471396,5.678571428571429,0.5641121848612984
0.1,0.0,52,0.008000695839603483,0.008961899515677729,4.5163913809691465,0.007784325043076979,4.760352728249387,0.5392077806809646,6.107142857142857,0.5311300618737743
0.1,0.0,53,0.007400043195556495,0.010240078267732529,1.1629517013009476,0.009540793705057487,3.8274637820225053,0.5195467126848337,5.428571428571429,0.5108798384270234
0.1,0.0,54,0.006111885066741615,0.004644119319089752,4.792423404584724,0.0045329141686475,5.957412015894884,0.5929853706315013,5.535714285714286,0.5905172014707577
0.1,0.0,55,0.011414944265133417,0.014469384826838676,-0.19847728518005425,0.014297157651633844,-2.5284122483927924,0.5969447667477813,6.678571428571429,0.6095736704035057
0.1,0.0,56,0.003300432290276874,0.005732536713667615,-2.9885418885971333,0.007135249019406157,0.22968617591696253,0.5688704289857814,5.964285714285714,0.586355888424076
0.1,0.0,57,0.010213745108022754,0.009608525227476069,6.108806168074395,0.007603347758342574,2.941655917642682,0.5638927867173843,6.25,0.5975767000627813
0.1,0.0,58,0.0007862279179638388,0.0009643889795213874,-0.9444939328407429,0.00108620491056055,-1.4993811719800476,0.5909244579826561,5.571428571428571,0.5905028983841993
0.1,0.0,59,0.020798096011219454,0.020572010680212176,4.090891166008255,0.018243054777790303,3.180653025792992,0.5754080601292328,6.607142857142857,0.6016070825344069
0.1,0.0,60,0.013555829597339605,0.012621564750172813,-0.14428291080571398,0.011956520100707926,5.18159409944091,0.5612677030327757,5.285714285714286,0.5817416342446189
0.1,0.0,61,0.0031131133966651814,0.002564877303354032,3.472726329231051,0.001377590807487835,0.4411385470534128,0.5893527040719257,5.035714285714286,0.5921656271673872
0.1,0.0,62,0.022133645045225254,0.018653368871605527,15.708917141496507,0.015478885007442905,3.8507671316995413,0.6006184950845059,5.607142857142857,0.6240920475839549
0.1,0.0,63,0.0072435406641607625,0.007197977314400872,1.8456170772448033,0.004788053950384114,-0.13006020080503808,0.5708553116418625,5.142857142857143,0.6015835156344027
0.1,0.0,64,0.008806999018318632,0.00848433121407887,6.8046609264881255,0.007083131895075889,1.2311908957159023,0.5337298024925639,5.678571428571429,0.5355690177462429
0.1,0.0,65,0.004412394809976169,0.0037283343221045317,3.8617929517498837,0.0033008851773688756,-1.3108534559173488,0.590320965564908,6.214285714285714,0.5974433454062482
0.1,0.0,66,0.0020426470080628705,0.0020835998737451624,-0.8258519413022043,0.0014523737239727499,-2.568240478593727,0.5945114256136158,5.678571428571429,0.5986349373579376
0.1,0.0,67,0.0013175997978331314,0.0004613366078720359,-1.6879403104003856,0.00047781830022765076,-2.793758682003537,0.5754378434853107,5.678571428571429,0.5834567976200911
0.1,0.0,68,0.0034135403868388453,0.00054644065380543,6.3185612747818,0.0005697901844215347,0.003532377565979535,0.5916500679706596,5.571428571428571,0.6007821404499631
0.1,0.0,69,0.003612590528510899,0.0015723885809522421,4.9774223884531565,0.001420105502451425,-0.7431821502066119,0.5787593437184017,5.678571428571429,0.5973613088563399
0.1,0.0,70,0.0058335013954516094,0.006599528259991738,1.109520818334687,0.0065670525718063534,2.949571973085076,0.5675788692104782,6.0,0.5693330930911009
0.1,0.0,71,0.004934711877155625,0.0021137880168114504,8.467903713167992,0.00196288623773463,1.2963396481399723,0.5972011633141296,6.071428571428571,0.610341752186744
0.1,0.0,72,0.005755895332469927,0.00345751984813786,3.676870214348746,0.002767611960214485,1.5877555405419628,0.6023429764668427,5.392857142857143,0.6259515192455397
0.1,0.0,73,0.015133020542182194,0.012031879649075233,5.918201248484728,0.008929091872739933,1.4051101293431714,0.562082009636065,5.785714285714286,0.5815131469631432
0.1,0.0,74,0.0070465155136618905,0.0024603286350026563,-0.6609477850999994,0.002292327146402747,-7.026122871967497,0.5804970765794021,6.107142857142857,0.5799073690070249
0.1,0.0,75,0.0008727017442942878,0.000557683879920678,0.7076649898455258,0.0005062960782574975,0.7321391071776304,0.5660204098506233,5.928571428571429,0.5639640040798799
0.1,0.0,76,0.00668067292973139,0.008363175864884085,3.903311474161697,0.006429189983301889,0.6554009851970761,0.6029630384657391,7.321428571428571,0.6002126120624075
0.1,0.0,77,0.0045350110381818945,0.0037996628859202743,2.4690381213619688,0.003335189463688223,0.5461684007930785,0.5738480961711578,5.535714285714286,0.577893208760222
0.1,0.0,78,0.019389318716597444,0.020530100950924154,7.243959746208027,0.01693694597173205,6.20625277627057,0.5851078953643133,5.5,0.6049396011181976
0.1,0.0,79,0.005714366888609654,0.003159528302275544,5.4550637868937315,0.001876351645912502,-0.5155710198258229,0.5839621179317316,6.714285714285714,0.6064102239589263
0.1,0.0,80,0.0015662956109441456,0.001253747597499355,-1.2356252598023687,0.0014716122085647921,-3.4087363587758737,0.5795489737209331,5.821428571428571,0.5883337377408681
0.1,0.0,81,0.012852224253337104,0.010731259630553958,2.2421636303296637,0.007591055303579935,-2.7230639732565294,0.5613014464410793,5.25,0.5806436661534673
0.1,0.0,82,0.00932276687219795,0.00675958280930831,6.044397554475033,0.005863460210190636,2.463058798193553,0.5892360762654478,5.464285714285714,0.5994710241821188
0.1,0.0,83,0.004170201859295112,0.002444226327232505,3.723731265748995,0.002664648543502818,2.0824437243635807,0.5984310357264457,6.321428571428571,0.5856652464885257
0.1,0.0,84,0.009306778685738789,0.007256611076419049,7.215295194579539,0.006118774718166951,-1.6945062799922823,0.5767470789672738,5.75,0.5755196608321758
0.1,0.0,85,0.006741406701943711,0.00570525568514193,2.204944570049271,0.0056137298105176335,0.6145958785097321,0.5865429964887303,6.035714285714286,0.5945967998372708
0.1,0.0,86,0.0028706613480243056,0.0023697925507369104,0.15569367710791227,0.002669493636282436,-1.85241342757998,0.5302336137346121,5.25,0.5349206010971705
0.1,0.0,87,0.0049714251564946885,0.006057927889331197,0.9685226012328414,0.005654367359757645,1.1714902747886242,0.5516179747530867,5.178571428571429,0.561859478903654
0.1,0.0,88,0.004259225145783438,0.0027738816239656593,2.8206277043617263,0.0034065185647884884,-1.3644063535464852,0.5941779807726985,6.214285714285714,0.6147272877408502
0.1,0.0,89,0.01320227694048041,0.012516845792787477,3.1837952633367266,0.009987614250680277,3.0646024858109038,0.53631902076785,5.678571428571429,0.5387094404460036
0.1,0.0,90,0.004357961246561892,0.0035709359109487725,4.408890579594129,0.0022814228463776147,2.7600884778740067,0.5944832777641543,5.607142857142857,0.5951855599417739
0.1,0.0,91,0.00415303725437798,0.004907613911687282,1.4397221919291283,0.003384815282881666,-0.20830083305557423,0.5642450643198071,6.071428571428571,0.5622598748014223
0.1,0.0,92,0.0010447606869871178,0.0009229800576518899,1.0368157746014361,0.000693873883230088,-1.5891694730552974,0.5622052576628368,6.178571428571429,0.5857225895943405
0.1,0.0,93,0.0009760499494750606,0.0007998008610398179,4.105372303228052,0.00039922484069242366,1.2836723084126238,0.5517407729792244,5.357142857142857,0.5798355719382112
0.1,0.0,94,0.003855468090542525,0.002261612788685947,4.361094083253725,0.0022010573598006435,-3.149397627257135,0.602229422480323,5.464285714285714,0.6085628384859507
0.1,0.0,95,0.016293307422269324,0.020262663083718165,1.2707070004095868,0.01781649974155717,6.201526243392323,0.5057081961670218,5.607142857142857,0.5484052433163986
0.1,0.0,96,0.0042774522918272015,0.00422752524323621,1.8557645185711067,0.004190190476035279,3.794706082638072,0.6203391649903046,6.214285714285714,0.6545653166516026
0.1,0.0,97,0.0055309167964606295,0.0060973159352700305,-0.14487934081044074,0.00664443965512717,1.0471822929688415,0.5578683089085567,4.892857142857143,0.5889065753516851
0.1,0.0,98,0.006517522255908102,0.001277935778441828,-1.7038115346241298,0.0011037069197379888,-5.501652106857317,0.5510899866445608,5.428571428571429,0.548446653870098
0.1,0.0,99,0.009018326637919146,0.008783612307248325,4.2284054709923,0.008084460024288255,1.851706076294865,0.6016831678360353,6.178571428571429,0.5942176976344702
0.1,0.0,100,0.005283659478792582,0.0022346108006814523,6.473876039962647,0.002291289639101432,-0.2968732415986892,0.562757598266339,6.357142857142857,0.5612687976391417
0.1,0.0,101,0.011464841653367508,0.007452678611931951,3.953179686365587,0.005713284914259352,-2.3617469223742753,0.5612545299853392,5.321428571428571,0.5635705987905212
0.1,0.0,102,0.0009454542138853859,0.0025728037326036143,-1.8530944465473809,0.0018549247564841182,-1.9342009932768747,0.5629064004882535,6.321428571428571,0.5643540196785425
0.1,0.0,103,0.007129795378276197,0.006275153630079799,5.741575204713087,0.005481368007858763,2.317776143535724,0.6346060321091819,6.035714285714286,0.6450472663449616
0.1,0.0,104,0.004570225507226573,0.004558994002448308,2.9602561401721843,0.003678269063295846,0.8613377670656917,0.5414115957189265,5.214285714285714,0.5573928724088587
0.1,0.0,105,0.027323844143838906,0.025546185779175785,8.011599776404402,0.019516797833533776,2.5494218238049107,0.5495572560277715,5.857142857142857,0.5655558209360383
0.1,0.0,106,0.0007459489245439879,0.000654276192292558,1.2495574694934746,0.00043744019226283796,-0.7942032223491063,0.5675263825134459,5.071428571428571,0.5626344004188611
0.1,0.0,107,0.011564846859584008,0.011696674056379837,-1.4031572177313194,0.01103238505096062,-3.8251618208969185,0.5979701837000068,6.071428571428571,0.6041046810718227
0.1,0.0,108,0.00092234093265496,0.0001273080881298952,2.902885167063978,0.00013770996581931232,0.8025955678524213,0.5539051373084795,5.714285714285714,0.5531718424670318
0.1,0.0,109,0.00471853003419272,0.0019008732678208102,-0.09312316977830193,0.0013939901629550042,-5.8292912345155985,0.5480629103186851,5.571428571428571,0.5503810306551707
0.1,0.0,110,0.013978824890038662,0.015883280051885797,4.005782282846411,0.012308093163530862,3.43375064965709,0.637539333368502,6.571428571428571,0.649696413215889
0.1,0.0,111,0.028681407844524952,0.03564562192749473,3.7770702379931578,0.030027819726331315,5.74743523336259,0.5383774828965172,5.607142857142857,0.538936187619199
0.1,0.0,112,0.007048006670852867,0.006026564367648148,5.447012109802344,0.005656300002284991,-0.22021434691849132,0.5850674642559943,5.928571428571429,0.5961715877725124
0.1,0.0,113,0.006588834438093889,0.008887707500558454,2.8775043195481658,0.007039806963793254,3.58984884341505,0.5716141082718791,5.464285714285714,0.6061466729926812
0.1,0.0,114,0.016599005988538345,0.015143345454210007,8.35541535956581,0.011451346723175474,7.304195642038678,0.6316223580446833,6.321428571428571,0.6496451755766992
0.1,0.0,115,0.0017254054667682408,0.0022610267783927684,-0.13389926085623927,0.002346623441783909,1.9162025518757464,0.5755397139975374,5.5,0.6141752006698149
0.1,0.0,116,0.003147057133974446,0.00324646100544927,0.9050742079548613,0.0026858451577826824,-2.600741931382904,0.6311896238147281,6.892857142857143,0.6264805523964684
0.1,0.0,117,0.01194250701641435,0.010202279115068023,9.392496831870893,0.007530678781898073,1.4467805727009495,0.5787606783260141,6.035714285714286,0.6166280090212644
0.1,0.0,118,0.006507642631504161,0.005437851452789054,1.3726476604373445,0.004816615863296547,-0.5755061577824468,0.6148004756425928,5.75,0.6365144190778511
0.1,0.0,119,0.009123446791203324,0.00473434455760404,6.600111041933111,0.003756463124334621,0.44663123521999637,0.5456146123768314,5.642857142857143,0.5237762636969341
0.1,0.0,120,0.0015501440441915892,0.001155805915439729,4.478162542513104,0.0009119590139725895,-0.9737645078522897,0.5818617751145007,5.571428571428571,0.5806826828009775
0.1,0.0,121,0.003811598559263151,0.00331880940334902,4.240870611168674,0.0027364132203797475,0.7347336788097133,0.6049309332639856,6.142857142857143,0.6262002239700408
0.1,0.0,122,0.004918371479270158,0.003589349930306494,2.7246024127916044,0.003874597434181488,-5.220891918605777,0.6191108536095568,5.642857142857143,0.6237313221316059
0.1,0.0,123,0.003839127680390312,0.0022719062562853486,4.400267370039899,0.002566587269165893,2.7424241955039768,0.6111178389232552,5.928571428571429,0.6283488352421778
0.1,0.0,124,0.007352834153235026,0.0014986387768691645,12.118089506552792,0.001758879522793452,1.8134876427519846,0.5162583390663794,5.428571428571429,0.516249359950707
0.1,0.0,125,0.010160224541414048,0.007869788350903684,0.59592214874327,0.006872584802849738,-1.2812419656137781,0.5434289259243116,5.285714285714286,0.5541538268091653
0.1,0.0,126,0.005088932129423235,0.005065643429865561,-0.29054660161837376,0.004232997364054741,0.8113956304225667,0.5202156051386805,6.0,0.524396567035929
0.1,0.0,127,0.004301698656434682,0.0037552852314948985,5.424933873834547,0.0019530895313077618,3.2634909270709613,0.6054541309733873,5.821428571428571,0.6076338620665755
0.1,0.0,128,0.00248369791721138,0.0013575100688289995,-2.5252660652080294,0.0012352839822795773,-3.399815335841121,0.5627968313027476,5.964285714285714,0.588183454747712
0.1,0.0,129,0.0024432773157532506,0.0023863417571620637,0.878408772227175,0.0023680769999772453,-0.7423567045883411,0.6110145682215361,6.071428571428571,0.6185375213689446
0.1,0.0,130,0.011339476637131194,0.009833082867759984,7.798736967487045,0.008755247845354629,2.062381840181511,0.6241880107683331,6.642857142857143,0.6180562657575039
0.1,0.0,131,0.004429442777439145,0.00544362735979455,0.8668274538879501,0.00370033764393266,1.359896728568079,0.5988804448191054,6.107142857142857,0.6174341619596528
0.1,0.0,132,0.0024107250659690395,0.003438349582003586,1.1255848656035212,0.0024602412928152817,2.367818608794645,0.5464652728889906,5.535714285714286,0.5451714280999755
0.1,0.0,133,0.020307385533695033,0.019396296476513506,2.995315960562621,0.018833348242985992,1.2193728836755042,0.576682010000885,5.642857142857143,0.6025469723496443
0.1,0.0,134,0.012025624923840031,0.009792892851086199,6.369652878992532,0.004991458821394926,2.732654463905675,0.5573384780786645,5.392857142857143,0.5781988743702223
0.1,0.0,135,0.0024123889364739315,0.0020723544218920003,1.463939261770598,0.0009022517732016606,1.1458169595824945,0.5801643482337491,6.214285714285714,0.6025517098698755
0.1,0.0,136,0.003196268162811963,0.0022977692755015012,0.8435078424923361,0.002581966140650504,0.4438072561193091,0.5919391497164089,5.678571428571429,0.5939338185824765
0.1,0.0,137,0.005354122758587483,0.0056293384859417706,5.148202120419896,0.004443928885781941,4.5257460260104,0.6008988755068999,5.928571428571429,0.6249626247624318
0.1,0.0,138,0.0011010443528079504,0.00012633050893773955,0.05476087742739111,0.0001065515524946606,-2.5034050924419,0.5385473517417483,5.964285714285714,0.5332787536133463
0.1,0.0,139,0.001958275210523143,0.0011597194724407367,3.763393968733155,0.0009549219602774775,-0.07810942171516899,0.545422098237443,6.107142857142857,0.5484538255302359
0.1,0.0,140,0.0008704233062208184,0.0006458371088181935,-2.178006065142114,0.00033794426151546116,-3.857596524291864,0.5936450783065524,5.5,0.6105176439410653
0.1,0.0,141,0.0057834354082453385,0.007946026532338626,1.553777666969168,0.008518018116298,9.978556002925009,0.5297514535971298,5.714285714285714,0.5566816006346789
0.1,0.0,142,0.005935425932197111,0.004746892522099338,3.8498823432772014,0.00356226463806373,-0.16809175415563496,0.592501190933627,5.642857142857143,0.5930620645677638
0.1,0.0,143,0.02855767406560876,0.02684189548608551,7.335427619891945,0.022152052695049215,4.95366088607553,0.5979118949609477,5.464285714285714,0.6321197605283102
0.1,0.0,144,0.007216397753177874,0.005435634106522103,8.056748260966913,0.003756897230129161,1.563943968939005,0.5875809487161234,4.928571428571429,0.5935262711414293
0.1,0.0,145,0.011002751329400139,0.012012407494466434,6.968671434066827,0.00994354042476028,8.067413670346554,0.6149046898036465,6.25,0.6465849085005552
0.1,0.0,146,0.0021116438850756858,0.0017301513696954664,-1.080543443670706,0.0013300972472859338,-1.3883179056466968,0.5376855870884041,5.892857142857143,0.5496873208986637
0.1,0.0,147,0.0042038478546751155,0.0033373533463910564,-0.9493728209271453,0.004024539766044439,-0.2721899388445479,0.5628928184595108,5.714285714285714,0.5952910024568168
0.1,0.0,148,0.0028396097243632828,0.000765061498117494,3.4045633007661493,0.0006952779719122545,-0.7687933437512507,0.528655672313888,6.5,0.540980482920382
0.1,0.0,149,0.0030364395246885766,0.002050231170155385,4.637452439091035,0.002249428612481418,0.9114320519336824,0.5898668944479898,5.5,0.6027104419436988
0.1,0.0,150,0.0020638457224496382,0.0025084554132728492,-0.4276510368499302,0.0014852963913521177,-0.7296206886124897,0.5769309047156319,5.321428571428571,0.5854263789079442
0.1,0.0,151,0.0019415777553588624,0.0011024934992778625,-0.6496821616923611,0.0008389138303304711,-0.39881060850711947,0.5287113254228055,6.107142857142857,0.5379881001840285
0.1,0.0,152,0.0052139724372752255,0.005339320886356448,1.9882254409152722,0.004210588882331503,3.0210513692306713,0.5322264352000332,5.464285714285714,0.532068915670787
0.1,0.0,153,0.0015466292414236234,0.0017854732347133318,-1.4661082987926193,0.0016411234207433618,-1.8514196520942694,0.5707431221665569,6.464285714285714,0.5811351914212903
0.1,0.0,154,0.0019839494586877727,0.001288095937533574,3.0229073859831104,0.0014603079828417079,-1.3036400013102234,0.5807735352445279,6.25,0.5900797402607763
0.1,0.0,155,0.018761460316502776,0.0168592857687432,9.388811188878073,0.011292202956008858,4.272515489046289,0.5194228054959584,5.25,0.526012322953978
0.1,0.0,156,0.001979180064505277,0.0005141104434950828,4.6978055045006215,0.0005313008260481014,0.1426574842354474,0.5523917902504413,5.321428571428571,0.5798633935538373
0.1,0.0,157,0.000585190635135889,0.0006002193263395415,-0.462526054828011,0.0006502314045680918,-2.4428464136663117,0.560388497411399,5.428571428571429,0.5647315829416502
0.1,0.0,158,0.007186507289543131,0.007299050727624747,1.0011714787766763,0.007230156865184248,2.3574474066084767,0.5798493432608011,5.464285714285714,0.5982830130312837
0.1,0.0,159,0.0037225276565273154,0.0014234142070080418,5.4031884482559605,0.0020278528451067785,1.2033402205384125,0.5172058807675313,5.25,0.5125555928762401
0.1,0.0,160,0.004954027154827832,0.0039243567589140275,2.764849282362384,0.0055088487318590285,2.54094333198474,0.5272320122570705,5.428571428571429,0.5384168105604616
0.1,0.0,161,0.003343956250738099,0.00558991687624149,-3.1093468320477413,0.0047086068842383194,-2.7801798206766457,0.5505029076226826,6.285714285714286,0.5624726809915164
0.1,0.0,162,0.004825874539317032,0.004925016859180645,5.608819909138454,0.00315914383915853,7.531853344506014,0.5769430491824832,5.464285714285714,0.5774506479265522
0.1,0.0,163,0.0013902893806439663,0.0008360175425533568,0.7453900877262711,0.000792008425188747,-2.8725861904308942,0.5727956815807423,5.142857142857143,0.5718561998053886
0.1,0.0,164,0.001883129228333159,0.0019730241852674007,0.7052439502724681,0.0018138163787262704,0.7803145138618864,0.5845062123525588,6.035714285714286,0.5955376653201565
0.1,0.0,165,0.0032323404908516326,0.0031092555445191897,0.037497400967076544,0.003398127573392196,0.8898683520127975,0.6108882462961835,5.821428571428571,0.6146082462293048
0.1,0.0,166,0.013830098776266047,0.010774696471527536,8.89706608181212,0.008179065545770327,1.4006239103158389,0.6012555794470066,5.928571428571429,0.6081016695579539
0.1,0.0,167,0.009222965198661835,0.008690428243671685,6.30086754517351,0.008128025206428345,4.29951511166351,0.5986767857597137,6.0,0.6039506563429428
0.1,0.0,168,0.0009219227073840079,0.0018045716052471261,-1.5326609729910103,0.0015222200753987301,-2.286211238275077,0.5562723304151458,6.214285714285714,0.5602194721124035
0.1,0.0,169,0.010549506354805711,0.013225912302014921,1.3258670587909904,0.01200805249754198,3.0061598802227345,0.6114028499586348,6.285714285714286,0.6347640914333157
0.1,0.0,170,0.014418180668300043,0.016609617112209638,0.6402377875081697,0.019285612088211227,5.173212480051585,0.5705350813503088,5.142857142857143,0.5951182690493162
0.1,0.0,171,0.010450158821468096,0.012033931407934156,1.6101777001600652,0.009273198989389088,1.2888785807372187,0.6022589213509034,6.321428571428571,0.6157435512102627
0.1,0.0,172,0.008806179699581047,0.009528062730625767,-0.7841015414668036,0.009985424770297738,-1.7169740889834582,0.5487057894951602,5.035714285714286,0.5618096796198635
0.1,0.0,173,0.010323332863794795,0.008518241241986345,2.6409389386951148,0.004645048906354492,1.5645563523645951,0.5801215136326717,5.571428571428571,0.593404704964113
0.1,0.0,174,0.0033982745809606344,0.0033068356840245433,1.0690552022668314,0.003369746068924701,-1.266795228242349,0.5138717445400917,5.357142857142857,0.5184962621946072
0.1,0.0,175,0.008343078160679541,0.0073339718504862325,-0.3186646945134868,0.006991999891999684,0.006125302057237529,0.5783869531517479,5.714285714285714,0.6062560181783178
0.1,0.0,176,0.011117571820774557,0.01361883515711673,-2.144604744768209,0.008399834510141028,-1.1078900425061893,0.5690968242380859,4.928571428571429,0.5889726391157604
0.1,0.0,177,0.0026535781110687,0.004989229435662858,0.18390349633835257,0.00300661107081087,-0.24491736974939235,0.5683258687410311,5.25,0.5930756132721196
0.1,0.0,178,0.0030044418567449524,0.0014374700227907018,-0.7311597464862771,0.002076789824053567,-2.016332389276471,0.5639230575520743,5.571428571428571,0.5730762571121835
0.1,0.0,179,0.0037574029899621548,0.00325882340014233,-0.07531385485427933,0.0027687113745799566,-1.5114950057028693,0.5867208431156941,5.285714285714286,0.6359784556690895
0.1,0.0,180,0.0057808285473164595,0.007047041469499984,3.1442415569278452,0.00625345495363877,4.626432515667024,0.5609032863661769,5.357142857142857,0.5793745035945079
0.1,0.0,181,0.0034302648708090075,0.002431261416609295,1.75350305184174,0.002015729950555385,0.30112806672881715,0.568178146452342,5.928571428571429,0.5645486502867726
0.1,0.0,182,0.0020145063543591446,0.003014425319008525,-0.5777829526641511,0.0024484795307193148,2.358503703089847,0.5669620947872942,5.714285714285714,0.5781187992140404
0.1,0.0,183,0.00036803943281323216,0.00022341727643025125,0.5579550102631643,0.0002501427828910195,-0.33304771800032046,0.5598079692582856,4.678571428571429,0.5784172428717558
0.1,0.0,184,0.0039019208346364634,0.0016771950312418106,-1.690504432454624,0.0017114986141524196,-3.1402849640230954,0.5537060291932215,5.75,0.5649933233906095
0.1,0.0,185,0.002289288816440847,0.0012035120737894757,2.1826922018706583,0.0005977278125563596,-2.712668810631129,0.5878076112958333,4.964285714285714,0.6079133254680774
0.1,0.0,186,0.004262635740064222,0.0035243995197105455,7.370594582461528,0.0024084062969052323,-0.41468262911921744,0.58469391325204,6.321428571428571,0.579389017908083
0.1,0.0,187,0.001029080166146508,0.0007999728965554802,-0.04499912384275717,0.000873885157753465,-6.255604614959187,0.6298440069560189,5.785714285714286,0.6394090640560564
0.1,0.0,188,0.004231689070602871,0.003181592133123672,2.7679092042343143,0.0024908728233394924,-1.3469966000029387,0.5708082822680104,6.5,0.5771848539305584
0.1,0.0,189,0.001046672021580644,0.002014981680749283,-0.925630213911937,0.0016442087364162332,-2.73774706427821,0.5377795576116793,5.214285714285714,0.5545854239548265
0.1,0.0,190,0.010175222466452251,0.009499954839489594,5.764903545718546,0.009717291667227049,2.0952925886755907,0.5871886306511643,6.25,0.5681922056818448
0.1,0.0,191,0.004939730631470437,0.007751682701121993,-2.247734739781343,0.008558664078424663,1.1278372790675537,0.5998785018040064,6.5,0.6059818555690916
0.1,0.0,192,0.00903637167590479,0.011393817170233418,1.603915739984977,0.009094563723493387,0.8307700562058263,0.5890386669253658,5.607142857142857,0.5988273852869952
0.1,0.0,193,0.004259030278369768,0.0015240717211526277,1.9064405399903421,0.0014584345960212653,2.1220740332943913,0.587981122302767,6.178571428571429,0.5916988255189455
0.1,0.0,194,0.000822265329766524,0.0006012288024047074,0.3473381574959049,0.0001469439889452603,-0.7525286913465644,0.5132595744578665,4.785714285714286,0.5345100160104546
0.1,0.0,195,0.0043507450757637985,0.0040244238886522656,1.0080913326470053,0.004171991121470133,1.2578838571668314,0.5634666783319507,6.107142857142857,0.5822173275446201
0.1,0.0,196,0.002737853647364858,0.0027445008958967127,-0.5558981870678821,0.0025008356623591544,-1.761449589679188,0.601504817495424,6.392857142857143,0.6103750657048039
0.1,0.0,197,0.004457499235075498,0.003452834005415858,4.101826020022678,0.0025856847561677825,0.9260714949449115,0.6202679011269812,6.142857142857143,0.6191422542592809
0.1,0.0,198,0.004362811134356218,0.00657730393507196,0.8974201709116656,0.005421010514957464,1.0979273554435072,0.5791374356951984,5.285714285714286,0.5873205823261296
0.1,0.0,199,0.0038962006879615795,0.00362599793760562,1.545785829868592,0.003124404682712526,-2.9179010133475174,0.5827700966684525,5.642857142857143,0.5860802170504449
0.1,0.0,200,0.007004324420821483,0.007423896564566751,2.5614050926886733,0.005941043576618474,2.252222663916323,0.5599264182191931,6.25,0.6005625045863294
0.1,0.0,201,0.003740179284067236,0.0024490348646198845,0.8369109254931999,0.0028306720408979883,-5.746416697618524,0.5668369616578668,5.357142857142857,0.5479463274765799
0.1,0.0,202,0.008875044314782267,0.010496335916251839,1.6532026344836908,0.010374085747162042,1.5061974546096526,0.6149245673934675,6.571428571428571,0.640335465517514
0.1,0.0,203,0.0011492824688882925,0.0008872476774877555,0.26271155418213255,0.0010116526740258857,-2.511694361009669,0.5970073595161222,5.785714285714286,0.5967274668714188
0.1,0.0,204,0.005703820140597344,0.005471708797381808,5.568037696854731,0.004109525269550845,4.387162707247929,0.5376243739759089,5.107142857142857,0.5404982818165811
0.1,0.0,205,0.008696539837271252,0.009288584774177384,0.6047518619293939,0.007677536005350908,-0.8835444441786725,0.5746106858310359,5.5,0.5903522734044451
0.1,0.0,206,0.011317796739732133,0.009728075045304596,2.39752528808512,0.00796420189262513,1.7106170198424877,0.5537318252515623,6.071428571428571,0.5690558123687712
0.1,0.0,207,0.0010096342311901446,0.0006933089963211612,-0.684809841355424,0.0007647278573528504,-0.17400231602008867,0.5552359502239285,6.357142857142857,0.5699680917953989
0.1,0.0,208,0.0036636304576947833,0.0040779135230452936,-1.0194810612938312,0.0034064187972971988,-0.18445236117060895,0.5855016270120326,5.392857142857143,0.5786282184277054
0.1,0.0,209,0.003441658412204683,0.000906242932577642,5.259999692014695,0.0005802139211233372,0.245047774797816,0.6216606371965243,6.535714285714286,0.6300781810030558
0.1,0.0,210,0.0036184245882476514,0.003441963117053111,1.6464407084100756,0.00261888735262206,-2.777988329790484,0.574534471047409,6.071428571428571,0.5896904287521691
0.1,0.0,211,0.001653493241071013,0.0013238947208499656,2.348954936975794,0.0009022454782821752,-0.622896228912983,0.5577801089915655,6.107142857142857,0.5788347783331635
0.1,0.0,212,0.007685010449879257,0.008136026150076511,4.30095524129792,0.006680319597444867,5.319476022146034,0.6120747742116943,6.25,0.646740743746721
0.1,0.0,213,0.007816080381776253,0.009226587098116917,0.4568634075235565,0.00973560401669795,1.2490905720926737,0.5830353304867911,6.071428571428571,0.5799909042629088
0.1,0.0,214,0.0015543077564754133,0.0009038996035157263,3.9281832561514847,0.0009278611165407416,2.889172661171292,0.5434580824643855,6.035714285714286,0.5436244215466424
0.1,0.0,215,0.012662760659195546,0.009872133465155163,3.8699135963130473,0.007418937700593252,0.5158896785321853,0.5914628703002427,5.321428571428571,0.6044828377822629
0.1,0.0,216,0.0038155798491112153,0.002381611868571446,-3.0215352323588576,0.002559525651937275,-5.831454967486877,0.55532024339658,5.642857142857143,0.5782383235301953
0.1,0.0,217,0.003174049451882709,0.003145288282748511,0.28347811308211135,0.002857035332374131,-0.21620653648609314,0.5832205615109209,5.964285714285714,0.596115079516335
0.1,0.0,218,0.00713451186428918,0.006324183620108725,4.414968781883324,0.006288803579839921,3.093522393977897,0.5728571568755881,5.785714285714286,0.6058582274137554
0.1,0.0,219,0.0009688458709863492,0.0008693109473254336,0.7567533557930801,0.0006389726964120679,-4.492651122910909,0.5672840273746371,6.035714285714286,0.5663002553518375
0.1,0.0,220,0.020657014344079436,0.020198996986826707,0.28350017652376636,0.019216287154356453,3.746492119585639,0.5606300884619189,5.178571428571429,0.5851377925110075
0.1,0.0,221,0.0016407646204319197,0.0018370896482487273,0.9985356884466441,0.001437372438335591,1.8309657520949638,0.5921993207653309,5.214285714285714,0.6073497516707064
0.1,0.0,222,0.001155705510529016,0.0012644634344519347,0.09734663885654271,0.0021965650708817117,0.49075640448349606,0.5979274072838717,5.857142857142857,0.6088919402363734
0.1,0.0,223,0.011206932925277798,0.0014807716917634168,4.671237640100365,0.0007910549160296998,-2.6291454418144062,0.5878952166012301,5.964285714285714,0.5972970254342624
0.1,0.0,224,0.011523495182086386,0.008952894766499311,10.103626722812265,0.007225111889835964,0.3044557280922883,0.5829459219628086,5.714285714285714,0.5830609883661139
0.1,0.0,225,0.0009430634134980794,0.0003381083710152706,3.4220951720761974,0.000280950245275399,0.014200328280973432,0.5548958448871076,6.571428571428571,0.5672509177449256
0.1,0.0,226,0.014752332192319544,0.01422240477617631,11.398603057688746,0.013472952246849294,8.363047420337523,0.6010692299660241,5.0,0.6336334837388717
0.1,0.0,227,0.005298130210150534,0.005963793503159287,2.919312803757812,0.005552341228938029,4.130760473045446,0.635414151847973,5.5,0.6529630692041919
0.1,0.0,228,0.006659428936538851,0.0048595618295950065,2.040610679370957,0.004364390544718473,-3.532810087199948,0.6025163594009263,5.892857142857143,0.6356045838495592
0.1,0.0,229,0.0049717344587131,0.003764868626482484,4.06412448946805,0.00470088981989106,-0.5718665269526374,0.5186202140239994,5.178571428571429,0.5526975472887125
0.1,0.0,230,0.011612154321283598,0.011868559933410294,3.4025152878352145,0.010750448867502304,1.88067961164118,0.5857189671894318,4.857142857142857,0.5819627889310868
0.1,0.0,231,0.0016648996835162847,0.0011458515437123582,2.3030431300340695,0.0010333390263526623,0.6940212321756766,0.5741989091529814,5.857142857142857,0.567860679849945
0.1,0.0,232,0.0070629593127223035,0.005499493459302082,5.048411402183255,0.0055438211118691025,-1.1119019242715449,0.5427653057411203,6.071428571428571,0.5458242201658221
0.1,0.0,233,0.007567828938694668,0.008481054547570177,2.5880558924337436,0.007506290491377835,1.6869766067800356,0.6061548653306009,6.071428571428571,0.6142738738618944
0.1,0.0,234,0.007093893277361921,0.004067526232242913,6.7718108917525655,0.0024275680982503087,4.80611590435053,0.5806513957476505,5.75,0.5858235661667448
0.1,0.0,235,0.002400685886449714,0.0006727702722490072,4.431057497002897,0.00036403276633232293,1.1482032234256205,0.5746373070670102,6.464285714285714,0.5627838183870915
0.1,0.0,236,0.010082962058301455,0.009306897548886557,6.494164146852839,0.006378385800724952,2.70023172426437,0.5426189027603071,6.428571428571429,0.5514545668213927
0.1,0.0,237,0.004474305351914643,0.005415613098538912,-1.1906746826959136,0.004638235040805514,2.96944638003788,0.6229715892844835,6.25,0.616246794548297
0.1,0.0,238,0.016928301757760274,0.01470591763088229,4.266158441870033,0.013065935293964874,-0.5619358423862953,0.5556550765102178,4.892857142857143,0.5795637730598859
0.1,0.0,239,0.0016429310641966326,0.002232993636543857,2.977304192273607,0.002945602870796142,0.2325852476250342,0.5792059626508061,5.428571428571429,0.5833485387448261
0.1,0.0,240,0.004996383525246406,0.004558492397456876,9.044498677301299,0.004167143689819311,4.938258450933138,0.6014485091804256,5.392857142857143,0.6136852948091198
0.1,0.0,241,0.0025926171553707924,0.0012187012008715778,1.948784299908077,0.001591111921550903,1.6084593469043778,0.5156027809681756,6.0,0.5148091135666633
0.1,0.0,242,0.0016157859451628918,0.001339578454193053,3.8956593633503473,0.0012785469353543235,-0.5400251468258924,0.6071216241281597,6.5,0.6250713563838771
0.1,0.0,243,0.004873913275291282,0.006234511365502387,3.5875054944185862,0.005424737839967099,4.540236594306293,0.5858637961956017,6.464285714285714,0.587943239337596
0.1,0.0,244,0.002122288004440252,0.000997715437863784,0.7766974305358403,0.0010076851991895756,-0.37634925307957207,0.5584283540001576,5.107142857142857,0.5456408650569113
0.1,0.0,245,0.008637686219306964,0.003537927287863182,10.796755380738375,0.0029667225657796117,3.584433974699683,0.5700544781100448,6.714285714285714,0.6219986269137487
0.1,0.0,246,0.002980774885007603,0.0030608476135637165,1.745534062765934,0.0024199953923410462,-2.114967457481432,0.5829717882548306,5.25,0.5994512493099855
0.1,0.0,247,0.0009738664647683317,0.0012343247166612958,-0.722250803820522,0.0012319295064220433,-4.069680300069365,0.5798902373155715,6.071428571428571,0.5993454547499151
0.1,0.0,248,0.001882595916078076,0.0016074999393513823,1.9465565328943129,0.0012946835932125473,1.5238633220591378,0.5828292530736287,5.785714285714286,0.60161480740816
0.1,0.0,249,0.003564757185766413,0.004760185162862559,-0.7850076154611614,0.003835517504134572,-1.4078754111522187,0.6025557979501865,5.428571428571429,0.6177476731445584
0.1,0.0,250,0.03371187081572342,0.0395699530515608,6.323533216888002,0.03509896535046064,12.305992410259051,0.5706012472390618,6.25,0.6143688857856846
0.1,0.0,251,0.003676071401542871,0.0023006827507831913,1.270527786889069,0.001181760693780127,-2.9643989287108354,0.5834771934922945,5.964285714285714,0.6153813773440848
0.1,0.0,252,0.005634082098327076,0.006539253996816084,-3.1293980461418727,0.005272027371924736,-0.4651990981757592,0.5925628849517326,6.0,0.6326045365900288
0.1,0.0,253,0.010630360833285005,0.008427133547484623,6.386129635960245,0.005135561065200979,0.221840975845898,0.5824283554727183,5.25,0.598401199576333
0.1,0.0,254,0.0028788641610389,0.0029046046080945928,1.0448525270682865,0.002956057963891772,-2.93732222638288,0.5499514819658381,6.25,0.5415440868930412
0.1,0.0,255,0.010395251000480691,0.009366820229638495,3.8105149393975637,0.008646897565480148,1.874934796362017,0.5792327146882886,5.392857142857143,0.6046064759960286
0.1,0.0,256,0.016718660631744688,0.018067474535637597,0.7207701519207603,0.011552947092640055,0.7952858095512264,0.557473798233193,6.071428571428571,0.5612934709663764
0.1,0.0,257,0.00628944058025081,0.005097007182448567,2.3431158189406958,0.005467859909247057,2.608696040203853,0.5477068365189662,5.678571428571429,0.5739955975562262
0.1,0.0,258,0.010025626842900991,0.010471566052109037,0.2775808717901995,0.01199865814808196,2.3371852396299837,0.6214518774232488,5.785714285714286,0.6187615829414992
0.1,0.0,259,0.004169328663226363,0.0016589942873739788,3.935969270979264,0.0013953094625747456,-0.022859076619293244,0.563236353334745,5.607142857142857,0.5840766483297644
0.1,0.0,260,0.0017554496200215177,0.0017021243498608442,0.2806465113758705,0.0017344180484849176,-2.679799179370633,0.5923212310840617,5.821428571428571,0.5960668091138079
0.1,0.0,261,0.009247766940100191,0.010108103945577073,3.386070434255082,0.007566548746882751,-0.24516980277509978,0.5578445136885605,5.714285714285714,0.5481203785383273
0.1,0.0,262,0.004972180241257283,0.00016444968601924792,1.7702689466557686,0.00024134926251925657,-4.212297109519521,0.560687200635356,6.0,0.5774558984266811
0.1,0.0,263,0.008695556814920841,0.008080869522613861,2.2533470256120296,0.008276948275951945,4.493581548778366,0.553961693842464,5.678571428571429,0.5736659425921882
0.1,0.0,264,0.0020749451386290257,0.00026217155501933193,1.6355350684379175,0.00045339860647686595,-1.5832559787331302,0.549257832343026,5.714285714285714,0.5700927559689599
0.1,0.0,265,0.005571333633822062,0.005755545721114755,0.8976980976419071,0.0058675154442851965,-0.006745250874899966,0.6135824477481119,5.964285714285714,0.6090734043605635
0.1,0.0,266,0.0055205355408132345,0.00519938683367467,2.6594283907382135,0.004126223845635185,-0.31198979689088446,0.5196552468194463,5.5,0.5273329444375732
0.1,0.0,267,0.008195500773498968,0.00814187478695052,6.451098147772754,0.0075573297045465615,4.786610850569606,0.5383528447955883,5.0,0.5379800132068184
0.1,0.0,268,0.0017627168713498038,0.0016969965253579074,0.9543714851938816,0.0023066068045087375,-0.965580171609029,0.5320601301005263,6.607142857142857,0.5395086933018469
0.1,0.0,269,0.001996660738163112,0.0012819046908014882,2.4438560520439765,0.0008143346611541198,-1.3519245094885548,0.5887715658364995,5.571428571428571,0.5955968290016866
0.1,0.0,270,0.005453595119931282,0.003929426281169236,3.3151581710873685,0.0027486575289072954,-1.526930120531792,0.5718862494185252,5.857142857142857,0.5589568777078202
0.1,0.0,271,0.008380711471397836,0.0057862286469957174,7.002827654700084,0.0064180447347732955,-1.5482462059137465,0.5869847536352089,6.464285714285714,0.6152704127513204
0.1,0.0,272,0.0031171438721055117,0.0026464715118953387,1.131757747376632,0.002401370390754049,-0.9064867427935894,0.5891325166838063,5.535714285714286,0.6140829749309591
0.1,0.0,273,0.0013263437941304463,0.0002719338143898932,1.308518883169306,0.0005811343170041771,-4.845996230766294,0.6063822210891018,5.892857142857143,0.6362414232464315
0.1,0.0,274,0.0022056869197024874,0.0010024705111126154,0.4587086435570171,0.0010146041362230265,-2.2101081928114845,0.550936759124914,5.357142857142857,0.5466180917619547
0.1,0.0,275,0.005539383986201966,0.0043836330153283936,4.568515177662469,0.0039943833538896665,-0.4098664949055622,0.5733179396453589,5.321428571428571,0.5755689873697862
0.1,0.0,276,0.00627372701426696,0.004798270969677937,2.9116329365950264,0.004307358048326907,0.3167530779817109,0.5965650005465887,5.607142857142857,0.6106126659232851
0.1,0.0,277,0.0032990136787386264,0.003444477076753615,1.1874570371633197,0.003048128131154844,0.39725659135725283,0.5705743483918468,5.75,0.585013440148757
0.1,0.0,278,0.004305041771831088,0.0038943072247606134,6.004411371620407,0.0035820160348989188,2.355253582169913,0.6154749632981708,5.928571428571429,0.6107099409936826
0.1,0.0,279,0.0057898248032712644,0.008663215867515835,1.4149780812966455,0.004658905900931908,-1.1601420951532002,0.6311149706366322,5.892857142857143,0.6311351408776829
0.1,0.0,280,0.0037205704460895155,0.0032494373348068194,1.5801381930862846,0.0025163822734074475,1.7079609875337383,0.5820325006093447,6.285714285714286,0.5958251654067219
0.1,0.0,281,0.0038795199168153425,0.0050102617244803015,-1.171118532606755,0.0039707406748997745,-3.169893318750136,0.5933753109459495,6.0,0.5889069776888598
0.1,0.0,282,0.0032487088859818407,0.0018228817348392486,2.908276133844012,0.0009517236133815088,1.1262002240670768,0.5821453376750918,6.25,0.5890080045534107
0.1,0.0,283,0.002969000930349989,0.0020805269915996107,0.6248986657285869,0.001815714999246281,-1.5545316202157646,0.6016452894887575,6.892857142857143,0.6115534408803066
0.1,0.0,284,0.003972343651971951,0.005031684412449415,0.2822287598283353,0.0035390228353095127,0.5542699568695658,0.5861632895004576,5.714285714285714,0.6088761686191277
0.1,0.0,285,0.0012713275962405845,0.0015104613520458378,0.6098632834861419,0.002283100777858336,-2.135885779923683,0.5254002893812444,5.928571428571429,0.5324525240499435
0.1,0.0,286,0.003282978617818351,0.0015576781590501002,0.7149868679728186,0.00147077635737157,-7.0414465203548575,0.5385110643436944,5.535714285714286,0.5382560768591946
0.1,0.0,287,0.005026599264769056,0.004430478265264553,0.5502175379696439,0.003850091509881035,-0.006061331026425402,0.5388981130916543,5.642857142857143,0.5300056602302492
0.1,0.0,288,0.004008328100935447,0.00556751919836041,-2.6292606961897746,0.007004138855479052,0.4443545157509732,0.5376475215952202,5.75,0.5569012867904594
0.1,0.0,289,0.0020537371825019375,0.0006188812396656742,1.4203664989548273,0.0005281276597391899,-3.566882975870044,0.5577620415484843,6.357142857142857,0.5539041162417276
0.1,0.0,290,0.0027592190905348117,0.0018867157672432747,1.0419328195995377,0.0020040072654753803,0.0363920622923691,0.5509985447252711,5.5,0.5618257127562727
0.1,0.0,291,0.002224394126334625,0.0016593457855919075,3.025387438880493,0.0012516986447150505,4.230370141362357,0.5544633432411957,6.035714285714286,0.559618169146481
0.1,0.0,292,0.004454761680158383,0.004924165384063746,-0.46524295876736943,0.003786611695931432,-2.2526503074062796,0.5899099151380298,6.0,0.6000963366189377
0.1,0.0,293,0.011553783518048508,0.008796311195806731,4.977683685388008,0.007356380428363255,-2.072015808911184,0.5492795758674431,5.571428571428571,0.5705404968937533
0.1,0.0,294,0.002608285965441126,0.0011566508673370342,3.4764917291336843,0.001146349782834554,-4.884727360025077,0.5855471886149429,5.892857142857143,0.5861519336518237
0.1,0.0,295,0.005159399828445223,0.004383873859613469,1.2577771510970877,0.0036731127413655302,2.9105157239404584,0.6016702058856024,5.678571428571429,0.6247949909786199
0.1,0.0,296,0.012878753755905177,0.010948709809936927,7.221575996542477,0.010486404187343748,2.790976550240051,0.5943957624462958,5.464285714285714,0.6318853186566499
0.1,0.0,297,0.002013927836440897,0.0016497613304980849,0.4050991659911105,0.0016989797843193963,-2.295875802114324,0.580866855722331,6.214285714285714,0.5917881041379972
0.1,0.0,298,0.02486076292646755,0.027528610622864574,6.531284262207372,0.023794258260321267,7.021048612410084,0.5378751180262856,5.321428571428571,0.557751103370725
0.1,0.0,299,0.0051775443847896585,0.004611281598933126,1.1836572972768096,0.0046945228447911585,-0.4758882228448063,0.49269825977302595,5.142857142857143,0.5206628780553089
0.1,0.1,0,0.013981133263251781,0.007273052568794235,11.840233084872459,0.003960432982221814,1.287116279963603,0.5982070167861527,5.75,0.6058049479134042
0.1,0.1,1,0.002249452208759154,0.002564925423528088,0.2744128105607473,0.0023296228249694247,-1.1128809156815862,0.6100966530466653,6.607142857142857,0.6144571283865117
0.1,0.1,2,0.0038793210450772885,0.002845973378231049,2.4317643636634827,0.0018560741268474421,0.5558307776737195,0.5797444657533103,5.464285714285714,0.5994949330687215
0.1,0.1,3,0.0020941108223615553,0.0011333470080655416,-1.7646098824502232,0.001864634783310127,-3.614099676433663,0.5713317634285983,5.25,0.5841571559984089
0.1,0.1,4,0.006569485894458886,0.007157274710108465,2.448660267143488,0.0057478688591272855,0.4930729200604844,0.5805299070315357,5.571428571428571,0.5996267085518441
0.1,0.1,5,0.000992578549913191,0.0012871895269836308,-1.128651262644098,0.0009769395956810189,0.6660324737090662,0.5251610885521624,5.428571428571429,0.5555318718660103
0.1,0.1,6,0.10663428870928007,0.10390692795346185,31.863763395116592,0.08388112079999877,17.9660707154039,0.6679494490277962,6.214285714285714,0.7338283250711969
0.1,0.1,7,0.005188618747068037,0.00529476297035542,2.59473111208451,0.0043481011852084805,2.561530040316569,0.5815037902922845,5.678571428571429,0.5958413091858541
0.1,0.1,8,0.00854624799720319,0.007635672872308378,5.940958559357007,0.006399710734949493,1.9449162356413676,0.5319848893939606,5.785714285714286,0.5354141782845843
0.1,0.1,9,0.00996701931986393,0.00938830415029756,6.895092207589634,0.00782580656120651,4.3257881055548255,0.5585270790035415,6.142857142857143,0.5565243069162551
0.1,0.1,10,0.005881791955214717,0.003296602395267477,4.88465053956584,0.003147023818327623,-1.1237270908656949,0.569436384663034,5.607142857142857,0.6036208806777528
0.1,0.1,11,0.011735261346859942,0.01026648786284301,7.5360977827161975,0.011422818638218911,5.05164996271975,0.5870969782812135,5.285714285714286,0.6021816401366455
0.1,0.1,12,0.01217756872249844,0.01182497999744455,4.3401188245410225,0.014284525487421908,8.718802352448515,0.6018409167341829,5.821428571428571,0.6212142504749376
0.1,0.1,13,0.0011982404651239397,0.0011382062809569974,2.0225887401999216,0.0011360763324485164,-1.5300443546211682,0.6081667263685935,6.107142857142857,0.6138163460853281
0.1,0.1,14,0.013839049550970314,0.00992290476259526,8.831946153120512,0.0067579586454523145,-2.357256604084976,0.5597316024597535,5.571428571428571,0.5815967526280325
0.1,0.1,15,0.005376808972411678,0.005213881334775926,0.2413525174972051,0.004010235467980378,-1.042773625369667,0.5778105217583737,5.857142857142857,0.5823493544884768
0.1,0.1,16,0.013429541915602382,0.01494028791235057,-0.029227970453298724,0.01091906893592362,1.015223859953475,0.5764516155306219,5.035714285714286,0.5849694144034225
0.1,0.1,17,0.0069815168085238894,0.006252216444447015,4.1145993830290095,0.005149352750822823,0.5017894356829137,0.517574357813663,5.535714285714286,0.5145569185671721
0.1,0.1,18,0.004335094144909526,0.0018873139088075076,3.047173012777826,0.00294798114138361,-0.33431309087632144,0.5773893598600848,5.857142857142857,0.5809361954547155
0.1,0.1,19,0.019200871942023176,0.016182288005917103,5.826088317746176,0.014585946631459006,4.009440448347107,0.6002445513746416,5.464285714285714,0.6368639595567454
0.1,0.1,20,0.006523030379473829,0.004881320879135088,12.940250883949588,0.004770616452671304,4.995713875662517,0.6960156751935672,7.25,0.7043116528699633
0.1,0.1,21,0.02761425698186461,0.02785012221714876,6.770722583457072,0.027717348597772282,5.162607557459931,0.5686468059014749,5.892857142857143,0.5833734031822185
0.1,0.1,22,0.003552647032494979,0.0037815446196423613,1.9003260687956214,0.003192006545360791,-0.8059437734572062,0.567237885521669,5.5,0.5582691828920743
0.1,0.1,23,0.006340152805408191,0.005053197347733178,4.073798616423005,0.004237222421693629,1.4312157646546382,0.48722179445496244,5.107142857142857,0.4964379857771899
0.1,0.1,24,0.009533776469343754,0.011378848015939172,-4.207507563573522,0.012262538418588903,-0.14055032452994473,0.5541630877841193,5.5,0.5882904864945947
0.1,0.1,25,0.007894887119115583,0.007454009547092926,3.734269663000383,0.0064626941179955185,7.648435580279947,0.5839735032847854,6.178571428571429,0.6165974414544215
0.1,0.1,26,0.010341111547137728,0.006429379833932021,3.718663464617812,0.006807673138202125,-0.9357384001138579,0.566134628818485,6.714285714285714,0.5798147006972769
0.1,0.1,27,0.02408531551629907,0.01811875373402072,3.359797541019958,0.01438894554205892,-0.506001108683724,0.5812126682182956,5.892857142857143,0.5791204578440137
0.1,0.1,28,0.0018911818293424895,0.0008778277172915302,3.050233222006554,0.0005756778976788959,2.362145841523462,0.5917405538527126,5.571428571428571,0.6029323610707985
0.1,0.1,29,0.0008437421656450637,4.28824815411427e-05,0.3917812669605638,0.0001265136622578253,-3.234054228099145,0.5614668498029761,4.785714285714286,0.5656930883215947
0.1,0.1,30,0.0066055500382016874,0.006356049946063113,2.9975248247571216,0.00584522983681053,1.145840444014624,0.5833425481960928,5.785714285714286,0.5912137678212046
0.1,0.1,31,0.0017072034143514438,0.0018761932508452952,0.5918276396027196,0.001197443559533687,-0.6761754418554915,0.5650769061433325,5.678571428571429,0.5919084331285013
0.1,0.1,32,0.042482068054411626,0.04280264847843813,14.694232735928281,0.03696328210479517,9.551552099735195,0.5872156825947731,6.142857142857143,0.6184161161264982
0.1,0.1,33,0.03188064474489132,0.029891424069838482,15.684940505141334,0.024557124058373188,7.051087800986892,0.57867329899469,5.464285714285714,0.5905360207921012
0.1,0.1,34,0.09334072039345946,0.09075301150667284,23.362042372931864,0.07459155657377642,18.605396904480216,0.6551534019739671,6.785714285714286,0.7265165711291062
0.1,0.1,35,0.00792403202188464,0.009807574317158587,0.6665383856247331,0.009112433933457854,1.387698288354585,0.6089190286628472,6.285714285714286,0.6190539010157308
0.1,0.1,36,0.009706587869157412,0.00802533508791523,4.807760194247791,0.005408817679168408,3.7275508159433834,0.5922459478109264,5.892857142857143,0.6247132863568807
0.1,0.1,37,0.004628824147309243,0.004267271070664625,2.0204416806654635,0.0035817381744826017,-1.98764958316454,0.5922089249296005,6.107142857142857,0.5950300465653477
0.1,0.1,38,0.0019681977018981877,0.001896642057231809,2.8754632220266316,0.002122534157877954,1.851525144420748,0.5815967280505656,5.107142857142857,0.5853793557506588
0.1,0.1,39,0.006913118425221144,0.007457154336439941,2.573992273430477,0.0035085342933881083,2.960965217680306,0.5405581539835936,5.285714285714286,0.5637438250610607
0.1,0.1,40,0.00853284246731994,0.007544342535813299,-0.0271459839180892,0.005864573301823021,-1.6142870997782666,0.5748591950462786,5.678571428571429,0.5965123170672821
0.1,0.1,41,0.0028579767904403225,0.001785300015677773,-1.8512526116217032,0.0013153515138610108,-4.5473153634931975,0.5832581335035963,5.571428571428571,0.6005487848886744
0.1,0.1,42,0.0898807368873997,0.09281512362951026,27.59332291034601,0.0782977529888771,22.13669704945488,0.5434107943869109,5.357142857142857,0.6393860704865258
0.1,0.1,43,0.010992520529435394,0.011703450430849475,3.8232117693622243,0.01212377595596097,8.665500218944393,0.5659778706863047,5.214285714285714,0.5849888975811042
0.1,0.1,44,0.0007345258382710451,0.00011091399760745079,-1.352376841002716,7.118129326585769e-05,-1.2232095285212286,0.5060220798108904,5.571428571428571,0.49394657317383395
0.1,0.1,45,0.010094897122768629,0.008779515414063199,8.1957540771823,0.006980680654392532,2.550578352104177,0.6098750096711782,7.321428571428571,0.6218845442078809
0.1,0.1,46,0.005078030947526976,0.002448095798371877,3.1088899055071124,0.0023039818008716503,0.34624379906109465,0.5677857180376649,5.75,0.5719082220020689
0.1,0.1,47,0.007131507728336651,0.004030062918287452,7.215681451401977,0.0032015462063782916,1.613766772918808,0.5391563913308267,5.678571428571429,0.5963973291027713
0.1,0.1,48,0.008055091476626662,0.00721056758801665,5.741574422346112,0.009413856857764958,8.355900665251207,0.6172516800154598,6.5,0.6579299618587879
0.1,0.1,49,0.008341377468255461,0.009214291452151474,5.472262317518727,0.005306872550037502,6.173304714122669,0.512140822083195,5.035714285714286,0.5134124805323501
0.1,0.1,50,0.09971877039141179,0.09795889048322119,25.320080344966414,0.08064228461301504,13.991734047969922,0.6335929024682837,5.928571428571429,0.6912204058816647
0.1,0.1,51,0.004887241495489704,0.00458942183483188,5.545030778722506,0.005020276670673336,6.956734578962785,0.5833773129058661,5.642857142857143,0.598228094006946
0.1,0.1,52,0.10966461849895041,0.1115665766332364,28.548035847128766,0.09400105607922915,20.867912726135458,0.6275743068692795,6.5,0.7336445475082527
0.1,0.1,53,0.009621967045968228,0.008827221048019402,5.858708903133795,0.006033823903310986,1.875281298705507,0.609708883357586,5.428571428571429,0.6261345625431403
0.1,0.1,54,0.0319324856400243,0.029361342538686063,14.579865996362969,0.021541829409480875,12.776084983968426,0.5487602269480379,5.892857142857143,0.55355637622169
0.1,0.1,55,0.07239266357411628,0.06669068700473163,37.14975840941889,0.054078356589348446,14.853761619020384,0.7463827586740404,7.464285714285714,0.8023863583436867
0.1,0.1,56,0.003419725527099333,0.0018409711503529216,2.3954894985541273,0.0012049489958242913,-1.717738818377427,0.5554386765380042,5.678571428571429,0.5486846564257539
0.1,0.1,57,0.08605050605308008,0.08079764238998227,28.661554715677138,0.07015428605975105,19.519943803954234,0.6586700828153847,5.964285714285714,0.7220142471516326
0.1,0.1,58,0.05649389500025128,0.06160634042538422,15.653334741951799,0.056752916276124124,14.976579534796533,0.5331307494440906,5.142857142857143,0.5942661792640138
0.1,0.1,59,0.004763939786987302,0.0068065399386138805,1.2479936963682619,0.004470182547970529,0.202611446406299,0.5882586382711033,6.071428571428571,0.6253156555163161
0.1,0.1,60,0.008576433067339979,0.004136586018825342,3.6793318196897715,0.0023977605639493534,-0.21860606537472904,0.5597172998923333,4.964285714285714,0.5703457355259415
0.1,0.1,61,0.00537606837982092,0.007099788429132782,1.750396093302811,0.005667667261840168,1.1401015697202297,0.5914493931826368,5.964285714285714,0.5970134481351499
0.1,0.1,62,0.011063073240351065,0.00954070614621894,4.564490452162275,0.010622257997769212,-0.24053990101684994,0.5733315944863612,5.785714285714286,0.5850237399804277
0.1,0.1,63,0.015677548229035474,0.01680277112809115,2.4595004786539647,0.013318186273717227,0.9462077484307088,0.5592483011916507,5.714285714285714,0.5585262763466665
0.1,0.1,64,0.015469976793795803,0.015256915917938811,7.537503754478244,0.012789443746981339,3.5404459868559193,0.5994437775526678,6.321428571428571,0.6151701100936837
0.1,0.1,65,0.009054851993344985,0.0075153471346565606,3.380518966949431,0.006322701790569722,-1.1697990274131012,0.6014642742187123,6.0,0.6223915695153568
0.1,0.1,66,0.019451627550224365,0.017757870182978537,12.946201543069577,0.013030347264762219,9.587396061120538,0.5985576063734762,6.25,0.6109482251853606
0.1,0.1,67,0.0018122497253420598,0.00033706903840934624,-1.0300877384427025,0.0002770729667587053,-1.8317969148110553,0.5628285478213872,5.25,0.5795619826594588
0.1,0.1,68,0.015015859435812167,0.014866581047940182,6.021343216160297,0.01176996383467276,-1.9056593412353777,0.615480570310962,7.25,0.6123040511717365
0.1,0.1,69,0.004269988115715546,0.0026828970827394265,3.7271337976968795,0.0025505914771872325,-4.321008580224401,0.5604907609114315,6.035714285714286,0.5612767035646233
0.1,0.1,70,0.003764818185758576,0.003231089154898812,1.8361417501167807,0.002446001710455285,0.6031923149592066,0.6001948617982175,6.142857142857143,0.5911080436701397
0.1,0.1,71,0.009961315061642412,0.010906579618197578,-1.6918544148148413,0.009655423468496868,-1.6010914648396977,0.5210433501968508,4.928571428571429,0.5335981992715776
0.1,0.1,72,0.00531157392980971,0.007874836575784298,1.1151010335303226,0.00683232394872383,1.5924945220119469,0.5304447626787173,5.5,0.5546586694374689
0.1,0.1,73,0.016859595456274756,0.01621683343472764,1.3594758976093146,0.012166411238694205,-1.9053977416356151,0.5703812603179991,5.392857142857143,0.590339680250879
0.1,0.1,74,0.004110963451576529,0.004673406000125383,0.16044116509547734,0.0051685224094018874,1.8008112111907717,0.6147260858764648,6.035714285714286,0.6232188350969843
0.1,0.1,75,0.006186591004108734,0.005023078381450438,5.936964686975848,0.004840730356594796,5.602980350581352,0.5669646747716605,5.892857142857143,0.5929966546015975
0.1,0.1,76,0.02038158095542931,0.016894605930628213,11.108817906335176,0.01430924156253117,-0.18812314310761735,0.6450010809385489,6.392857142857143,0.6659927284294833
0.1,0.1,77,0.009226454824448553,0.007161976259246914,8.88181382560731,0.006385236458298275,1.8645995501730965,0.5720690253186118,5.25,0.5796244756811093
0.1,0.1,78,0.0011052464474133913,0.0032311443230187463,-3.3000860110649555,0.0031238300342063133,-5.4402015066874485,0.5947979594076581,5.714285714285714,0.5956791673044759
0.1,0.1,79,0.009637237771591903,0.008882036243920574,3.5461179946417047,0.007227945973859683,0.48327912437754134,0.5394973200011168,5.571428571428571,0.5597657866558549
0.1,0.1,80,0.010406346653697898,0.0086140181892242,3.797326010850881,0.007545509799987697,-0.13797860640480053,0.5267894562418329,4.571428571428571,0.5450382846704592
0.1,0.1,81,0.00332513252152347,0.001702201224108364,0.13529144478067678,0.0013205487847615224,-2.54649301374468,0.5795991711581402,5.535714285714286,0.6016852465890095
0.1,0.1,82,0.01513446590072339,0.01114489987713122,12.642743580859317,0.010803509824392342,3.8870009437847557,0.6162145571313504,5.785714285714286,0.6235300026678476
0.1,0.1,83,0.037655202983335766,0.034458249344484174,19.106636871601076,0.029191790736157325,10.156343677314814,0.6790459236977077,6.285714285714286,0.7120488582573727
0.1,0.1,84,0.07317187695491648,0.07225813510666736,25.13254617733452,0.060353201566198826,12.856430625206494,0.6551212114279786,5.892857142857143,0.7215103902494069
0.1,0.1,85,0.022668718235425316,0.022759464365994478,7.172419457181327,0.01829866800873536,6.112657065355033,0.6005306226486747,6.214285714285714,0.6337017100652607
0.1,0.1,86,0.002629255793589746,0.0014916214141384866,8.307168097433774,0.0009538932941647563,1.2287263371502302,0.5572893578402589,5.857142857142857,0.5578768639130869
0.1,0.1,87,0.10495048917505717,0.1072274109786316,28.611738685488017,0.09453300555551536,26.118781997889684,0.664858151471398,7.142857142857143,0.7561334051699653
0.1,0.1,88,0.08969994462814941,0.08711773516491185,21.841998445024746,0.07012746489526472,18.423319183394838,0.649631677722435,5.571428571428571,0.7056228395468132
0.1,0.1,89,0.0019247107528637653,0.0023453527002975476,-1.0263311359607528,0.001263783470697072,-0.6691983476923534,0.581601639293081,5.964285714285714,0.6030720726546908
0.1,0.1,90,0.003089834471346936,0.0029724999442582805,-2.3989823311861613,0.004044315180524212,-2.7093582606355446,0.5530989786699434,6.0,0.5660560869789806
0.1,0.1,91,0.009331912987158568,0.008498178194376158,7.7883079047027195,0.0075543022730337386,2.343525121049803,0.5418742433535598,6.107142857142857,0.5506559476465993
0.1,0.1,92,0.0036578911409686707,0.002764612859353658,1.2169858182929332,0.0027674323645889244,-1.0101282977403134,0.572781684570244,5.928571428571429,0.5920928443724957
0.1,0.1,93,0.005045693410248517,0.003851217960439278,2.627838680801027,0.0022915405102917744,-0.886301271754661,0.5182893189589223,5.25,0.5253846367278289
0.1,0.1,94,0.014050335131980013,0.016235282175872095,5.675164352500879,0.013251953555909348,4.597943134167015,0.5513181355938265,6.035714285714286,0.5515694139678924
0.1,0.1,95,0.004018433776706478,0.0016638314600808642,1.741872306743936,0.0013346623771885457,1.4332264773509185,0.5148579589595167,5.464285714285714,0.5339287393773997
0.1,0.1,96,0.0009010952191993482,0.0004931670662834469,2.3830006967402184,0.0007264549030636238,-1.6399769033172618,0.5576629797308645,5.821428571428571,0.5832194186870561
0.1,0.1,97,0.008611625148599339,0.007501571385331351,3.0722156213517877,0.0069996783856896535,1.284783132404461,0.5583085061653825,5.571428571428571,0.5701802039538669
0.1,0.1,98,0.001053449894587751,0.001073558242553271,-0.9605989001859498,0.0015586712181390426,1.0611593210432584,0.5704559373161909,6.428571428571429,0.5786004571626555
0.1,0.1,99,0.01040974465073996,0.005581937674655825,13.225543247813683,0.00518598598621537,3.4558909903423305,0.6144160204723791,6.928571428571429,0.607578017666736
0.1,0.1,100,0.002709594742846074,0.00026884805860531746,5.854733204655645,0.00022743562616245075,-4.012950388315176,0.5448328659200165,6.214285714285714,0.5719890314235946
0.1,0.1,101,0.0020591916359075446,0.0007045751496245145,0.622995303244295,0.000605080180121626,-1.977900254036238,0.5613798208909667,5.892857142857143,0.5625277408338651
0.1,0.1,102,0.0027070235646040825,0.0015043175253787655,3.894515188503064,0.0011835288923420025,2.7252451365930974,0.5652746902215887,5.75,0.573654636917581
0.1,0.1,103,0.015978786593955106,0.011181510067251108,14.14686748697683,0.009245623237298136,3.6716493389874265,0.5868359299225288,5.321428571428571,0.5903357373465675
0.1,0.1,104,0.0021110072325171755,0.0027582928166965917,-0.4578244685694486,0.001395857923781033,0.008670135265920939,0.5607363282323589,6.357142857142857,0.586529295746344
0.1,0.1,105,0.00260331599987992,0.00022821080365085898,2.0129171129966323,0.00025255423582394224,-2.5299742946598465,0.5771726009468591,5.214285714285714,0.5743759671211267
0.1,0.1,106,0.0038556530491446195,0.005267311336393856,0.6494920221625691,0.004469870256523818,-0.32128402713848914,0.5478479545979501,5.821428571428571,0.5779102980317147
0.1,0.1,107,0.006678872997661152,0.00528466882102082,0.159840839897889,0.004449877467881943,-4.5095259281091655,0.5913885065500037,6.25,0.5915375184872046
0.1,0.1,108,0.004203699543107621,0.003339474764055192,0.719955008966366,0.004741214970636802,-0.2762781555275069,0.5807196780429729,4.964285714285714,0.5921791859301724
0.1,0.1,109,0.012477248469235406,0.013069409163621403,1.6142400538359283,0.011944715082374156,-3.0327661704351576,0.5980787072101431,6.0,0.6090546856235136
0.1,0.1,110,0.024117862123387596,0.022052785006436895,5.403624769384493,0.0169279848275818,3.2901230492117577,0.5833014428299137,5.464285714285714,0.5993714356729671
0.1,0.1,111,0.10937377666905668,0.10673844940590452,30.889250609472796,0.09043909711431324,26.400284953339547,0.5825415539627407,5.035714285714286,0.7024970418033505
0.1,0.1,112,0.004786711826871012,0.0029514628678710933,4.781989007003126,0.0025958392420516014,1.4439548863120517,0.6071184532374007,5.75,0.6084742237232372
0.1,0.1,113,0.011050948072460565,0.009842243732985756,12.634650979181373,0.007917524764962975,3.9665753370429306,0.6072314909587496,5.535714285714286,0.6193933428315417
0.1,0.1,114,0.003944134250122024,0.0016599091048167913,9.194490752174836,0.0013741587399263436,-0.2320369610369918,0.571675783216368,5.821428571428571,0.5813880603355489
0.1,0.1,115,0.0025512541985456116,0.0031712185966659943,-0.00731553022835385,0.0022866255783900425,-5.013168019571424,0.6110015545304961,6.285714285714286,0.6292189497329037
0.1,0.1,116,0.00893418291403886,0.007156420419993182,5.09216978122339,0.0050325296221529975,5.972658581443237,0.599112876911503,6.285714285714286,0.6022527733491212
0.1,0.1,117,0.0020016109737456132,0.0031991500188836043,-1.953280682667753,0.0034300564988679616,-3.802435394333562,0.5514075548262873,5.964285714285714,0.5446367119364554
0.1,0.1,118,0.004637345366591283,0.002679948932156239,0.11451058451893203,0.0023425007808958033,-3.44409843115532,0.5593013388754547,5.75,0.5791156499147767
0.1,0.1,119,0.06484539505583388,0.05233821348696455,25.192386500151514,0.03700051985194748,5.9325797241757146,0.6861709147828755,6.75,0.7357659406705254
0.1,0.1,120,0.021148348529658106,0.01978912702989696,12.735636714051992,0.016045239952996802,7.639281565230211,0.56921348064317,6.571428571428571,0.6082230546835413
0.1,0.1,121,0.02041340043987323,0.014766452876291516,16.85375423650469,0.01418980280234219,6.363641721737754,0.6406980297596314,6.75,0.6393248448269757
0.1,0.1,122,0.011590697794272643,0.011395164130454804,7.368683835326408,0.011161578109503027,5.962993189525406,0.6315761242556048,6.678571428571429,0.6780390454246767
0.1,0.1,123,0.010762632643325788,0.00929384505138973,5.148556600386357,0.007697608944681642,3.894762052271517,0.6083040220303005,6.142857142857143,0.6041199799428884
0.1,0.1,124,0.004244680182818761,0.007481797072234521,-4.058384979289819,0.006319429745316014,-2.9945870345604724,0.5880794163406623,5.714285714285714,0.6066909547225284
0.1,0.1,125,0.001096541975907318,0.0006963643477393213,-0.986145202908709,0.000882841731860903,-1.2952135364238775,0.6377908236857446,6.321428571428571,0.6570832633916257
0.1,0.1,126,0.001581648669197988,0.0010479521730673656,3.4747047459219687,0.0007704689046718304,-0.5923941265582187,0.614725922787624,5.535714285714286,0.6297535753705596
0.1,0.1,127,0.005701826681859807,0.004439110740324582,4.138881084974962,0.0038743299251136646,2.9270160907378604,0.5894415445089971,6.107142857142857,0.6107768496658245
0.1,0.1,128,0.012485350432133363,0.013452458554413115,3.7666793532900016,0.012124801301459202,-1.9395659198670028,0.629938655755583,5.892857142857143,0.6450219191029595
0.1,0.1,129,0.009484316627869466,0.004027199423929952,0.2302633099623108,0.0025376452026379262,-3.0932198584993955,0.5886658996314715,5.25,0.6005158234156425
0.1,0.1,130,0.001299703431253961,0.00014703942907707843,3.7512741866586836,0.0002634172567151116,1.7314446070453755,0.5896504484156216,5.642857142857143,0.61138730580247
0.1,0.1,131,0.011803975465362864,0.011878312825152715,5.413251846505801,0.009423394318580447,2.679130235221834,0.5686719651420243,6.0,0.5740643268040834
0.1,0.1,132,0.005336551247980896,0.0060728413920421625,-0.35706430365667075,0.0035835037810965733,1.603163763342432,0.5852061818076498,6.321428571428571,0.5965344757871754
0.1,0.1,133,0.005139324622552739,0.002046271258571321,2.625330403300012,0.0017992181189125064,-1.9177926790021047,0.590756029764659,6.75,0.6159877095246904
0.1,0.1,134,0.0012522645347186174,0.0017948218916559776,0.22529311558165688,0.0013779443509719781,-2.2369525424076735,0.5922802556635796,5.857142857142857,0.5947039321684469
0.1,0.1,135,0.005456852676707556,0.006704255438482156,3.354178430360605,0.005699814357480105,6.326970434680182,0.5922295937893318,6.285714285714286,0.6152176261140081
0.1,0.1,136,0.003988961552796222,0.005095630679837275,0.6181073503564178,0.0037356340638799155,2.543225938156411,0.5956211281527656,6.535714285714286,0.6221674677090847
0.1,0.1,137,0.003356929229410516,0.0027377959023651473,1.246784107855163,0.0024523247546166167,-4.822965205872937,0.6100980528657789,5.75,0.6209512828975956
0.1,0.1,138,0.004749044072639221,0.0051448092329939394,2.1044170153594592,0.004633239977015513,-0.133244089283077,0.5985631208715386,5.928571428571429,0.605020983870197
0.1,0.1,139,0.010381745693811756,0.01034276751309205,8.193195370046112,0.01023336490529903,1.1317325538663,0.5578493337539567,5.785714285714286,0.5544316205113926
0.1,0.1,140,0.0013605670591745748,0.0009115060460718025,-0.5802613104041257,0.001264663226337101,-0.32402631500494294,0.5579420829699775,5.392857142857143,0.5676480345947206
0.1,0.1,141,0.003569810444253487,0.005039954209928549,1.4529823787882705,0.00440471809631217,-3.2181973195983837,0.5467028157644542,5.535714285714286,0.5418768499117532
0.1,0.1,142,0.08230033327013375,0.08746382729589429,20.248827702172644,0.07239753241507949,19.04973756807259,0.657741413221654,6.142857142857143,0.7312401403189119
0.1,0.1,143,0.010783766279984534,0.013125863515483716,-0.1176526556355384,0.011601884836951216,0.03450121859683956,0.5520179903118035,5.714285714285714,0.5644366697926422
0.1,0.1,144,0.004034251638146405,0.004529746332413055,3.381780818624165,0.003925799006726567,-1.2277293631267792,0.6068259022021315,5.5,0.614016780407302
0.1,0.1,145,0.0010486100880816721,0.0022333830325374365,-2.913379833626003,0.0031605560129280242,-2.073020529186001,0.5281755520206192,4.857142857142857,0.5268554003865685
0.1,0.1,146,0.012911895277844294,0.011577275395412305,11.92612240753666,0.010029233081753113,4.1610469206084035,0.5433849068956399,6.107142857142857,0.557838491005056
0.1,0.1,147,0.002114727458359334,0.0019740771027622335,1.0752213689739563,0.0014967685146461654,1.5919304108531283,0.5870321415297977,5.678571428571429,0.5887685133502087
0.1,0.1,148,0.01198907568334123,0.00885678379946569,14.431635080785213,0.0064234821984305805,4.603634903843196,0.5658856941312328,5.535714285714286,0.5624457646345331
0.1,0.1,149,0.008062877041457315,0.00833996125715126,4.432609479395872,0.005653395661995537,3.8646305001938117,0.572854980569626,5.392857142857143,0.5740611483404037
0.1,0.1,150,0.004217083451937679,0.001872249760000334,4.4216574280417404,0.0020853183369240864,-0.4974633420108792,0.6366722835590887,6.071428571428571,0.6266142993317466
0.1,0.1,151,0.0029908784218331346,0.00181615570506589,3.561007155451776,0.0009150060247146999,-0.8200018436643859,0.6041098429976532,5.214285714285714,0.6037000807505797
0.1,0.1,152,0.004291157968716615,0.0034336565641647047,0.7754171203617872,0.0038014267257360152,-0.4196683506143491,0.5893087246355132,6.178571428571429,0.6258966706302076
0.1,0.1,153,0.13709291621694464,0.14184332568207325,31.273570354219046,0.11696713605252812,25.95039113321856,0.6269280503446378,6.678571428571429,0.7255235627483876
0.1,0.1,154,0.01752443652125387,0.013724441095425869,3.840660210850622,0.010182522024842978,2.654393446039497,0.5833711053514233,6.035714285714286,0.5708376128387925
0.1,0.1,155,0.002392926321015246,0.001603606089118134,2.3052937498396204,0.0016884703782439037,-2.9785560574680496,0.5872432662861385,5.857142857142857,0.6007235199236187
0.1,0.1,156,0.003419605732212352,0.003310166237468478,5.704910112061704,0.002962587859597208,2.60760768685239,0.5771309709768083,6.214285714285714,0.5892613965059963
0.1,0.1,157,0.049382376948518825,0.05143433068692545,14.264449206276883,0.04160465553447711,9.612394406973502,0.6465223505458039,5.928571428571429,0.683085912651161
0.1,0.1,158,0.00461166532392648,0.00309995665464843,1.9761179455254094,0.0017513458970004367,-0.6373181477846307,0.5417228714438772,6.321428571428571,0.5551189833989698
0.1,0.1,159,0.02462363710152437,0.01674872073040368,9.273347893622372,0.013599131624399415,1.9877120558283916,0.6018548739964009,5.464285714285714,0.6124413587910101
0.1,0.1,160,0.007268683044761839,0.007052053533649488,2.2972822281596024,0.007780603260637191,-1.2822268446798735,0.5658433980884435,5.428571428571429,0.5742269716069299
0.1,0.1,161,0.08533935627549431,0.08501750782225054,25.38739414770496,0.07427554470231508,26.9253128143782,0.6530366069906588,6.785714285714286,0.7290888937382811
0.1,0.1,162,0.0031669410288221217,0.0032243863173749845,0.9991405908419182,0.0037478915082002472,0.6052675493567392,0.5760292604560371,6.892857142857143,0.5857591218097975
0.1,0.1,163,0.009224890942742535,0.011847274809392093,1.4747068581675222,0.01150747304551569,3.0235357769036852,0.549625929763143,5.392857142857143,0.5474895440237865
0.1,0.1,164,0.010611704406090267,0.010498689270473508,5.4845505293204155,0.009779659854068017,4.028008012394575,0.5842991252185226,5.75,0.5969464388787142
0.1,0.1,165,0.03588154131026673,0.03792172612458889,11.988217582750117,0.0312246709176897,8.032846926470057,0.5453981379418115,6.214285714285714,0.5856995155573753
0.1,0.1,166,0.0024857501790551393,0.0029438426082153703,0.20046284856665864,0.0022570021042171077,-1.2387034707914684,0.5519598286146797,5.0,0.5529608467942235
0.1,0.1,167,0.007178589538335805,0.008853403570841986,0.142064630385633,0.010867824648577336,-1.9243987272960226,0.6177181739353571,5.75,0.6164771426392055
0.1,0.1,168,0.006527107032121794,0.0032539304492206164,3.567366700846719,0.001980833641094924,-0.4541454164704059,0.5374681530106631,5.642857142857143,0.5662279453031261
0.1,0.1,169,0.007946301910348536,0.0051891895960500325,10.061268774576554,0.004913167133667446,8.002151388415834,0.5964372858491512,6.535714285714286,0.6307183899737656
0.1,0.1,170,0.0017027846901672124,0.0025900503834509906,-1.7900044082432203,0.001853964937184314,-2.8926325251002063,0.4956185548752135,5.357142857142857,0.492865754704751
0.1,0.1,171,0.10068445429280405,0.11012404977687847,20.565421524330098,0.09820883619084352,21.51710622708798,0.6255092742358953,6.285714285714286,0.7284767880192198
0.1,0.1,172,0.0030370691658877925,0.0026400879784319576,-0.5215901920917574,0.0029027534617687275,-0.7436879514939676,0.5988547693151242,5.964285714285714,0.6204703491558948
0.1,0.1,173,0.006609856520770069,0.0020465039130723103,6.203107505938512,0.0018792529864806755,-0.21171156675560118,0.6089690547236275,5.857142857142857,0.6414340169975687
0.1,0.1,174,0.004325881655570081,0.0006069473853941555,2.6223314029804357,0.000327960265028468,-2.839633039341512,0.5735620592854971,6.535714285714286,0.5710386003743817
0.1,0.1,175,0.01459550336934725,0.014868040875873467,1.0480843809885414,0.013033416187114597,3.168579498925169,0.5617902397151358,5.142857142857143,0.5869734156365658
0.1,0.1,176,0.006496820553955431,0.005926302354198821,0.9918531900921437,0.004385577608406625,-0.659998068102368,0.5777660478991723,5.821428571428571,0.581486643001764
0.1,0.1,177,0.006902114017311881,0.006821189974138395,0.6824541367300583,0.005952234423823357,2.2068945358642416,0.576727035093702,5.964285714285714,0.5978334615892045
0.1,0.1,178,0.007130379593053165,0.00683327919443445,3.0476882670238936,0.007205570443862994,5.033051674725205,0.6053255553817659,5.75,0.6281158216674874
0.1,0.1,179,0.004980042643582868,0.0045353169225649794,2.518427155300266,0.003916317333821449,1.8091342666679584,0.5591642939128344,6.142857142857143,0.5581814331542861
0.1,0.1,180,0.011336214087700065,0.011308305758350195,7.504341381463199,0.01232507779346882,8.160929576546627,0.5751443519159568,5.642857142857143,0.5707043990002706
0.1,0.1,181,0.006913737704420403,0.007929713702049385,3.1816637119572135,0.005266209613604476,2.764094240885432,0.5941836616176941,6.0,0.6271132980125886
0.1,0.1,182,0.006651747949525614,0.004655138808333461,3.0352353984199425,0.0034044568694200474,-1.4482711436439217,0.5660295914996226,5.214285714285714,0.5844305139332858
0.1,0.1,183,0.0030577770454370107,0.0016844232099746735,4.5594867459183845,0.0017457530177779398,1.088229975227686,0.6041071129091787,6.25,0.6038607541012705
0.1,0.1,184,0.005592960553024535,0.0044793390330349955,6.267541881816925,0.003920787659017069,1.364834127016915,0.5869840935720095,5.535714285714286,0.6072006455137863
0.1,0.1,185,0.008210666512443525,0.007165088638404566,10.063267548571545,0.005740522518238739,5.110899612413609,0.6185217354420841,6.0,0.6292922957998397
0.1,0.1,186,0.003041984857699439,0.0028593806147065373,2.9746119898342656,0.002190438450667882,2.965906986122453,0.6273088429822427,6.535714285714286,0.6530256326348476
0.1,0.1,187,0.004846740935910591,0.006394026119793052,0.6159256726244635,0.007428953640704899,-2.617253283713069,0.523466678539509,5.142857142857143,0.5312888341813151
0.1,0.1,188,0.007184351714084494,0.008501717929783626,2.387963647596216,0.006600750814293161,1.361398736399811,0.5573481949618021,5.571428571428571,0.5840227250899338
0.1,0.1,189,0.0038609118700461947,0.002822464065345106,3.9916407474591935,0.0010906081612728615,4.346143082390673,0.593715134781233,5.964285714285714,0.6068888140865849
0.1,0.1,190,0.0061995718071160425,0.005277566611238368,4.357698340172277,0.004302664142354509,-1.2561584376838464,0.5625308068821503,5.892857142857143,0.5648381218254939
0.1,0.1,191,0.005779436390826259,0.0048603233234744345,2.975611064908044,0.003472406757608881,0.9010931990933102,0.5742193915653276,5.642857142857143,0.5821053671673484
0.1,0.1,192,0.0010427790158231316,0.0018619427673883867,-1.1921454094621993,0.0018141025485328007,-1.9175739466263526,0.5600576684439266,5.392857142857143,0.5652714993131527
0.1,0.1,193,0.04625376934195743,0.04235252588529384,14.624573112202043,0.03397508331192827,10.405900850795945,0.6592691456866102,7.25,0.6901152761888044
0.1,0.1,194,0.009967527953507275,0.010374762639731564,3.552470143560363,0.011142449242354042,1.734150807499617,0.6089848138850764,6.214285714285714,0.6506993392079623
0.1,0.1,195,0.01593612686594,0.012774496638682837,4.539121075658741,0.008113634002543755,3.2709035556459582,0.5342278129862239,4.964285714285714,0.5500447069524633
0.1,0.1,196,0.036882271360632435,0.03861029708931246,14.91721540850596,0.028478562109433843,9.967946318497354,0.5698403481612384,5.392857142857143,0.5853635137244076
0.1,0.1,197,0.0030737213775178197,0.0038724255557372167,0.6052301823552497,0.0033121481106058075,2.7425737744602636,0.4973806205981125,5.285714285714286,0.5389822652841243
0.1,0.1,198,0.007275784072517172,0.006860957954267243,4.907891891986033,0.006876113454904768,2.5690173912304126,0.5709941105833433,5.142857142857143,0.5759558647384866
0.1,0.1,199,0.003696437011483,0.0038774028600623944,2.4701980051495553,0.0039011625827201656,0.7790068943482614,0.5805093732650525,5.178571428571429,0.6004992169487593
0.1,0.1,200,0.0030680876730040684,0.002054984114704067,3.6645109845763812,0.0009941204531260675,-3.741049489991999,0.5951173571663609,5.785714285714286,0.5924293088932142
0.1,0.1,201,0.014317724257228734,0.009883100120766198,-0.8794431356136485,0.008662175624342218,-3.5437268075951636,0.5026648452432854,5.107142857142857,0.5261811637493139
0.1,0.1,202,0.010163148614325221,0.010437810990532674,3.8702871940949777,0.008961784414066335,2.7187291814384857,0.6081030803092913,5.678571428571429,0.63530762883939
0.1,0.1,203,0.014018973571797171,0.01354352851704376,2.3060293943713646,0.011395337935172478,-3.22054851763779,0.5825794873225612,5.821428571428571,0.6060019120772471
0.1,0.1,204,0.007784111734137423,0.002752396774121555,10.812567788975812,0.0031317413195046865,2.650341233234902,0.6205547773900771,6.892857142857143,0.6301874658381164
0.1,0.1,205,0.020783626946661127,0.021849486844532962,7.315985335591506,0.0190242130794397,4.5213746888357775,0.5560145883855035,6.0,0.5699008813703761
0.1,0.1,206,0.007381219483275298,0.00770087914342884,1.8374943299188118,0.008007434886452306,-1.3934684103046209,0.585386896630701,7.285714285714286,0.6075647908321198
0.1,0.1,207,0.07475345535666952,0.08052050508156418,19.642273727481033,0.07735732119349563,19.233813211156644,0.6900527455166491,7.142857142857143,0.7593993570682125
0.1,0.1,208,0.007315037261407205,0.008833266609584464,2.261769712553672,0.010573683309286151,10.662690897810867,0.6183919500650007,6.035714285714286,0.6421923823380398
0.1,0.1,209,0.005206601471886936,0.005003895560929768,-3.831836461269731,0.0077467970328176875,-2.0087572293929177,0.5235123138396617,5.107142857142857,0.5335497075836046
0.1,0.1,210,0.0034248192230427197,0.003682747029597075,-0.46438312740910703,0.003689346546230159,-4.973499828262486,0.6592189673503627,7.107142857142857,0.6751361525343915
0.1,0.1,211,0.005366832605935926,0.005658497496492296,3.1475788032155165,0.00440586814980181,2.828127890408581,0.562622303766298,5.964285714285714,0.5959052405629037
0.1,0.1,212,0.0026930777900914804,0.0020534767222286808,0.7857995910362234,0.001304936692449365,3.110136144756401,0.5995388110508172,5.964285714285714,0.62553639780718
0.1,0.1,213,0.0042442621307472355,0.0040671194780060255,2.694423719521467,0.0036480939171883017,1.3696350436615699,0.5950503776732221,5.964285714285714,0.6156802434558337
0.1,0.1,214,0.01879838255102238,0.01630404797512655,9.814443726050897,0.012846881672014357,-0.5311659544165744,0.478761841756023,5.0,0.46769897098395086
0.1,0.1,215,0.008281967430628593,0.007863811739396391,5.561214522136538,0.0074268055245233,-0.533991742023621,0.5676051799044053,5.607142857142857,0.6081968323581846
0.1,0.1,216,0.01797774519319559,0.012640826706783676,8.559709160465736,0.00982793262513652,-0.5746476791940438,0.6121034103966678,6.107142857142857,0.6040709652165883
0.1,0.1,217,0.004126224488497517,0.004078409402083732,3.3787403009646013,0.004638237224501342,5.135637736885021,0.6146304164254915,6.25,0.6225647253768908
0.1,0.1,218,0.004497275000041585,0.0041772071380375975,1.6799136504850978,0.003641777087949384,-0.5256615762816068,0.5914371403091572,5.321428571428571,0.605601848107648
0.1,0.1,219,0.010487360818118798,0.009220387491249336,3.1422118903525345,0.006846719370986599,3.6321503702329303,0.6240946359432786,6.321428571428571,0.6417012694658206
0.1,0.1,220,0.020219594487108403,0.014146514059595168,13.51294684636359,0.013558834665806947,3.9742554310752873,0.6445661410569989,6.5,0.6475657260648823
0.1,0.1,221,0.004535868231639248,0.004811442743981895,3.3099495162413604,0.0031410169470181023,3.950664139547238,0.584580801030011,5.178571428571429,0.5859184070972357
0.1,0.1,222,0.002246301937549032,0.001662349501401486,1.6221617503855725,0.0011220518771358128,0.2329494460529986,0.5561961719026515,5.642857142857143,0.555542392983127
0.1,0.1,223,0.009616698119167467,0.006002246280035371,3.519866638181064,0.004667160332757023,-0.3451919648432143,0.5600275520371485,6.0,0.577846748874981
0.1,0.1,224,0.0026613680525016405,0.0029765307858164226,1.3500698524698649,0.0023007689372827825,-0.269129607257194,0.548931692328477,5.714285714285714,0.5488097631702069
0.1,0.1,225,0.005476189696361397,0.004653234888139571,2.2468281625019912,0.005917415327229286,-0.4650208452120239,0.610200373864128,6.214285714285714,0.6264590374160547
0.1,0.1,226,0.006394771115036359,0.005742734178757924,6.448290478097,0.003367049407805135,3.1275670218675864,0.5763639761377749,6.035714285714286,0.6039843822566067
0.1,0.1,227,0.0020616943006094147,0.0019743776357415395,-2.0427734919374956,0.0015293762579840955,-0.0023895388104904214,0.6094817363493041,5.964285714285714,0.6190443555662626
0.1,0.1,228,0.003626110276243468,0.003996777445071633,3.802255946179322,0.003691921731116452,0.45003389085840695,0.5716196534491209,6.5,0.5710586769993962
0.1,0.1,229,0.053405068102488185,0.05603370495324655,16.066020383984153,0.04827133040830476,13.066191986204464,0.6498929447257856,6.714285714285714,0.7087555474312504
0.1,0.1,230,0.1192207856012762,0.13144478339110124,36.61130121919936,0.11181317761515176,33.39424445263765,0.6070886688236685,6.678571428571429,0.7366191067077699
0.1,0.1,231,0.004477078122492437,0.006741764080575911,-4.281106465363976,0.008165050596415788,-1.17874420673175,0.5545806871021982,5.392857142857143,0.5741780675233528
0.1,0.1,232,0.004363548298993082,0.003554766050418037,-1.5206078958151537,0.002596335692854827,0.057234536180165684,0.6031485421112691,5.357142857142857,0.6137288981004209
0.1,0.1,233,0.0049389141678779416,0.0053698656162338345,1.8722719605750768,0.003522009397798565,5.181079649742088,0.5866394056164224,6.142857142857143,0.6061331242883252
0.1,0.1,234,0.03599423429195801,0.03441575760981264,16.461511398247318,0.028862278239267843,5.068376062244785,0.6477937711344924,5.928571428571429,0.6793852052604319
0.1,0.1,235,0.007400653925631337,0.006863528818073027,2.483105175781631,0.00755130733395784,3.506006329592992,0.5213191316281385,4.607142857142857,0.530037515276051
0.1,0.1,236,0.04939446890690363,0.04951482436126405,13.326716871194044,0.03948162606888292,12.906189280166766,0.5933352901571668,6.321428571428571,0.642654577225832
0.1,0.1,237,0.0034008741186797417,0.0037857539762245207,-1.3854936555563455,0.0029937350011115366,-1.789600655375125,0.5823191845123956,6.642857142857143,0.5736545061579993
0.1,0.1,238,0.07570356014521773,0.06894759057140597,26.997798984118592,0.0553881444418351,15.738250976316062,0.6546813775353828,5.571428571428571,0.7167811983975856
0.1,0.1,239,0.03586585778415513,0.037961335771570306,8.57479050619623,0.03290376481851052,12.048366304644816,0.5991642209762494,5.571428571428571,0.6552679381765277
0.1,0.1,240,0.006166737950171162,0.010320539693893014,-0.5742098950061489,0.011886543744970175,8.555787702898849,0.5446849103135262,5.857142857142857,0.5572803789348306
0.1,0.1,241,0.03135023349830831,0.031385949860745645,-0.1719005959033737,0.026942184632823756,1.624338943368618,0.579404438770508,5.357142857142857,0.5831372212022778
0.1,0.1,242,0.0036666917400658525,0.002452442845512102,-1.883739859987024,0.0019714378323434666,-1.441418536246914,0.5742828396617933,6.0,0.5959685784926207
0.1,0.1,243,0.00623892272711288,0.0061900742602848365,-0.1870786331442318,0.0031670637946090967,2.7791757927885024,0.5889358718940558,5.5,0.5930096702091969
0.1,0.1,244,0.013718743654922814,0.01463245543321106,5.711610047788035,0.016112760087442377,12.122026234527027,0.5680807380324376,6.071428571428571,0.5848649576144576
0.1,0.1,245,0.007292223238840159,0.005567968713951613,6.365036344295795,0.00449104095894757,-0.4895831731412746,0.6325180421227479,6.071428571428571,0.6672115284326074
0.1,0.1,246,0.029871721251403527,0.03512994587750501,5.51182558254758,0.025673797235821954,8.949750923769727,0.5349652376467723,5.285714285714286,0.5735042734569903
0.1,0.1,247,0.0035707932763879365,0.002498338823011582,3.376366593013394,0.0019083694715106424,0.6788431857999248,0.5669000287666194,5.678571428571429,0.5578263806560995
0.1,0.1,248,0.0022011402697550146,0.0018860840098548558,0.8615017292768599,0.0017362765274459577,-2.89876558561996,0.5258837504189078,5.285714285714286,0.5143648226831423
0.1,0.1,249,0.0013584958575004016,0.0008963623389279361,-1.5482865860496062,0.0007155757313901977,-2.889657602742536,0.5970786067304985,5.75,0.5979610728825695
0.1,0.1,250,0.0058556351101160704,0.0023137107638884205,7.71017198589216,0.0029109523647846453,0.26947991369102436,0.5406588050477411,5.285714285714286,0.5521469689820819
0.1,0.1,251,0.00713542975852104,0.005317539009078092,3.765641193700638,0.004008947391707169,1.8029787875060777,0.5308956428379793,5.392857142857143,0.5476496742192916
0.1,0.1,252,0.0027326258760563284,0.0011362647951560713,2.525721820137896,0.0012522397037468276,-5.247563162859848,0.5798942908977522,6.25,0.6093095762820748
0.1,0.1,253,0.0029354017155514282,0.0009957602948704413,2.460401240966867,0.0010067488966042273,-0.6730489459570398,0.5128069770599668,4.857142857142857,0.527371287170316
0.1,0.1,254,0.005778847312666225,0.0021264356279233516,2.446571843835116,0.0021092958193980114,0.6104129379569372,0.5446535246569548,5.142857142857143,0.5976449967981756
0.1,0.1,255,0.0035912025558852666,0.004811985225514677,0.6860969265074957,0.0029786086017001986,-1.9682407296974513,0.5800936177948872,5.535714285714286,0.6026996090152716
0.1,0.1,256,0.013467633477964052,0.013608898544801316,3.684392454414663,0.012577301245552354,1.2870554290908842,0.5425474281104329,5.285714285714286,0.5492214043920061
0.1,0.1,257,0.0045630329389344335,0.003385233185865767,0.5817082639387081,0.003647187698590491,-2.8909974272091006,0.5442091894859454,4.714285714285714,0.5614057733302464
0.1,0.1,258,0.08638455261890744,0.08435180619740573,45.07300624062251,0.06886331570804836,23.929971718655953,0.7202953332667891,7.571428571428571,0.8053954078974995
0.1,0.1,259,0.006579062741847798,0.004914129519357076,9.98411676271364,0.0040140264263297505,5.041556729301486,0.5093935093009646,5.285714285714286,0.5219147702910468
0.1,0.1,260,0.004080250435198258,0.003367291030303974,4.428426141648615,0.0023504113050064283,-2.6391758011821858,0.5921671476470095,6.25,0.5881422252457413
0.1,0.1,261,0.0037067355924067812,0.003321829006022007,2.7568718449911103,0.0028806769302798024,0.34733508738851054,0.5809626158152519,5.5,0.5906644065845276
0.1,0.1,262,0.012706888918067587,0.014061396126638077,4.346678611273234,0.012318012781422054,0.08041336567445494,0.5363015611341393,5.892857142857143,0.5286924920428142
0.1,0.1,263,0.003722198136699155,0.0035395720967365246,0.7072993467675204,0.0030636950586330315,-1.8612204236680252,0.5528714291531877,5.464285714285714,0.5534650356246182
0.1,0.1,264,0.05850533082684078,0.059739721199325246,23.249995578683585,0.05087341069534034,20.77171732365898,0.6247721043687345,6.392857142857143,0.6921410941552423
0.1,0.1,265,0.003613768894536287,0.001246875116307907,2.8590721133499883,0.0010039738422213582,-0.767513978708403,0.5605975301911779,6.285714285714286,0.5622552479239138
0.1,0.1,266,0.005648796288325393,0.006352451834803318,0.3461505563132121,0.00531223117574879,2.5760060602326385,0.5287247407182342,4.928571428571429,0.5533130628153289
0.1,0.1,267,0.0011224832822027252,0.0008715057111190299,1.844682820071398,0.0006404077213493524,-0.8682529058675357,0.5422434409798088,6.535714285714286,0.5663490890264089
0.1,0.1,268,0.0038840763781568225,0.0023976353016986326,4.525930039182342,0.0008174680583969722,-0.29865134240534985,0.5620161963366677,6.178571428571429,0.5594369162493078
0.1,0.1,269,0.0024659223038893258,0.002119432988587362,-0.047153807679926274,0.0020449878002658317,-3.0461297540572616,0.5724272668334286,5.892857142857143,0.588674285983909
0.1,0.1,270,0.033221112822330916,0.04044743574843518,8.199692484034728,0.03491924798054227,10.668875711658862,0.48567676911926283,6.142857142857143,0.5032332192544832
0.1,0.1,271,0.02050076026244588,0.021893796986092954,7.022574938298362,0.020645572648156127,11.221609434245721,0.5792674323012025,6.071428571428571,0.6054636151128727
0.1,0.1,272,0.07133562861205824,0.07532957676435849,22.33829448662415,0.07089078816914395,24.77930363890317,0.7005200432400251,6.821428571428571,0.7551977398950618
0.1,0.1,273,0.0027887103341733997,0.0022052415794573486,2.359410127277144,0.002319516738431568,0.6594806657230473,0.5554742612601246,4.642857142857143,0.5548369651564087
0.1,0.1,274,0.002352031610523787,0.0018482022613390213,1.2167395873730342,0.0011741991160582608,-0.6365053463496414,0.5759898527117188,5.714285714285714,0.5727007960608133
0.1,0.1,275,0.004487969357389919,0.003398393581596224,2.5538335785649835,0.0018248269655013044,2.2690419007792,0.5531921741732906,6.5,0.5633310874704605
0.1,0.1,276,0.12317673612816907,0.12582033866790424,28.363765635379906,0.10277069849883087,24.211083982345684,0.5965880195885495,5.392857142857143,0.6889548854850079
0.1,0.1,277,0.015800248073131323,0.02122187622949203,2.841331387266905,0.01746863539509201,2.4845757359166405,0.5696132035434841,5.464285714285714,0.5944626505648178
0.1,0.1,278,0.003101676839007644,0.0030042910523109937,0.058350825526957806,0.003254538835468375,2.1555309848075033,0.6103698588308719,6.142857142857143,0.6260823794115901
0.1,0.1,279,0.01211002974013383,0.011694091844748261,4.920965081897904,0.008626962380348819,3.678612976608965,0.5521025059390239,5.357142857142857,0.5910853417950608
0.1,0.1,280,0.004358388399662054,0.002546351811719546,4.3113684998629935,0.0034504488314715293,-0.42608205035410646,0.5922000219051203,6.571428571428571,0.5832471698936765
0.1,0.1,281,0.005224082504784626,0.004379139246781935,5.726752176273962,0.0036283983947705068,4.782442155181276,0.5859320181058351,6.25,0.5946547967409944
0.1,0.1,282,0.002301779546764874,0.002828690506606575,0.592733677430445,0.0028986602145824832,-2.198081571688533,0.5444541222218108,5.821428571428571,0.5293915327668852
0.1,0.1,283,0.0036192886560411463,0.003635554454313902,1.412707796548311,0.004403643621717232,1.8194673521607854,0.576830402945676,5.428571428571429,0.5836778114885479
0.1,0.1,284,0.006677318384816448,0.005972217819262244,4.827878866800901,0.003379494541602693,-0.3401098575151025,0.5731531756771732,6.285714285714286,0.5676399275006516
0.1,0.1,285,0.004118436807382974,0.00473035587037891,0.3541448232569593,0.0042519242330982905,1.0107257985125007,0.5217728863556281,5.857142857142857,0.5399314490880955
0.1,0.1,286,0.023886389400765897,0.02228379908351131,7.847436264982072,0.018297654187099433,5.998335752059195,0.57605254246757,5.5,0.595144350556662
0.1,0.1,287,0.0028366624409198148,0.002174602663739016,0.784075838417607,0.0027476387919637022,0.38629506138229885,0.5804438675847001,6.285714285714286,0.576791710160363
0.1,0.1,288,0.006028556251512544,0.00742130357960785,0.659933384997764,0.0072710380896448355,-1.9320386153709137,0.6424920513363176,6.107142857142857,0.6621889724299004
0.1,0.1,289,0.013944867024498701,0.011115139779363636,6.433720020015571,0.010825934861853912,3.270668013497603,0.5444830526886003,4.714285714285714,0.5640246865842444
0.1,0.1,290,0.079741071019207,0.07657500659884711,29.414933146809993,0.06593556735762915,19.217542370417267,0.5741022227938438,5.214285714285714,0.6710747599250306
0.1,0.1,291,0.08748578418760128,0.09093590069056963,30.3190309353545,0.08669411375842077,28.82327785821632,0.6703304595849754,6.25,0.7474718301238302
0.1,0.1,292,0.002765577075323652,0.002756088417390972,-0.0828098574544498,0.002466205132760263,-1.9095848338957637,0.5894909383621206,5.321428571428571,0.6127900443034084
0.1,0.1,293,0.008304494855083992,0.0034298664156759058,2.243386642094727,0.0024101400743991416,-2.329171932840571,0.54411664792183,5.535714285714286,0.5832722354996565
0.1,0.1,294,0.0032129804163476307,0.0036521466422974546,2.649250183816065,0.005202138688275357,2.6070877051046657,0.578678638170836,5.928571428571429,0.5912462263727684
0.1,0.1,295,0.003650500710176995,0.0015598998228081788,3.633982833879891,0.0007641167732437287,4.23661057714483,0.5417615535442555,5.464285714285714,0.5560779641131435
0.1,0.1,296,0.03848484151888069,0.042262735838434574,15.614766870046722,0.03479903161436529,11.98279184022141,0.6312047124453609,6.642857142857143,0.6774377022250367
0.1,0.1,297,0.013818619059574938,0.014698864263868029,2.518872052160127,0.011809267632796805,3.348543023849411,0.5546478588059303,5.714285714285714,0.5859844004523054
0.1,0.1,298,0.008007156488261113,0.00492718233905442,2.569473737286586,0.0031560016214388057,1.3279924491447066,0.6314268772423219,5.892857142857143,0.6218613997619099
0.1,0.1,299,0.014979551262826891,0.011558779864402596,10.056481995366568,0.00862453743733971,3.182137090261108,0.552990750973195,6.214285714285714,0.5688726282531595
0.1,0.2,0,0.0018664114691333493,0.0017809116165580874,5.471448524836248,0.0011570723117271802,-0.11954617552322588,0.5522029927690163,6.464285714285714,0.5663824628950451
0.1,0.2,1,0.005017168845721584,0.005737454924924572,-0.30899671909802606,0.0031150887128618765,-0.016855106466200215,0.5500362218825604,6.0,0.5663211768849186
0.1,0.2,2,0.023436041401223382,0.019946923960599536,21.645863020472483,0.01702247825679636,11.538627328389339,0.6833456059394998,6.857142857142857,0.7136082467372555
0.1,0.2,3,0.007077924447376343,0.007946377672246206,2.277289916689419,0.007047847750985067,2.5894471313659437,0.5765947109792909,5.821428571428571,0.586890151958275
0.1,0.2,4,0.021762707691837767,0.02135817458617901,11.062945420839554,0.01825707645770094,5.530892020013283,0.5949055898824902,6.5,0.6128748871551095
0.1,0.2,5,0.013288176759935221,0.01190143771702632,5.094450674968783,0.008181405238871533,4.9181125366359595,0.5800823266852708,6.535714285714286,0.5965576906421518
0.1,0.2,6,0.015190878008634726,0.015591509886542674,4.802530903794867,0.012749662267992632,1.8084712234027716,0.6234451404152705,5.714285714285714,0.6398818001778241
0.1,0.2,7,0.009596968070345768,0.008396710007943797,2.4116644889515513,0.008066505271068574,0.4346333470896108,0.5883829571599539,6.035714285714286,0.6129339904860636
0.1,0.2,8,0.006071488903822689,0.003768569139668714,5.392713235459816,0.0022245599834968973,1.0460863785937515,0.5682619397490982,6.0,0.600417703437178
0.1,0.2,9,0.022641930006758983,0.023593206278627283,3.0568012473925705,0.018898484248325638,-0.7843876758731957,0.5981086312439894,6.357142857142857,0.6187156863283028
0.1,0.2,10,0.10932720334845995,0.11622966892512857,28.106866477190394,0.09975524332543619,28.5110777075878,0.6344789752022464,6.285714285714286,0.7360455549484679
0.1,0.2,11,0.044843386217723116,0.043466625162304526,19.79133645577933,0.04041099185827795,15.22336835877629,0.5677815848742657,5.821428571428571,0.6024267439434337
0.1,0.2,12,0.0064882859225429326,0.004521864373940818,-1.0310684397315413,0.002737819201671243,-1.913571367475593,0.5561134450379362,5.928571428571429,0.5604434532175233
0.1,0.2,13,0.1329886880197785,0.1304508174264429,50.743661503398044,0.10900455109984711,44.8534577296926,0.6586965265430559,6.607142857142857,0.7965671847936303
0.1,0.2,14,0.020531087357191863,0.018986146617652154,8.403308349663533,0.014540891490716598,3.484653089232855,0.6553208036647943,6.535714285714286,0.6655671562830123
0.1,0.2,15,0.15731647289293824,0.156789093314426,28.35589287735494,0.1275794155086997,24.42935029053434,0.6131352233488111,6.035714285714286,0.7146334521503743
0.1,0.2,16,0.05890798006266521,0.0625929462648934,19.168739264285108,0.05215613683906669,21.184658763763252,0.7357701889284972,6.678571428571429,0.7828841299967304
0.1,0.2,17,0.0021796169985336456,0.0015791409116784909,5.457184363427544,0.0010880485488977921,0.9159637035953759,0.5751727219436057,6.142857142857143,0.5885836695937517
0.1,0.2,18,0.00291808520899814,0.0016508050482900954,6.375840664394765,0.0013097130009676308,-1.709130000277052,0.551774715116549,6.107142857142857,0.5577901501935234
0.1,0.2,19,0.1253539191868777,0.13164310653115652,27.079094487353544,0.11133979953011584,25.999997515585488,0.6697589046145166,7.285714285714286,0.7605581082480222
0.1,0.2,20,0.005842164854077794,0.0061700708942491,1.073464740965015,0.005403403472709202,1.9952436608672126,0.5562019644861301,5.607142857142857,0.5930919381029806
0.1,0.2,21,0.001377240562528555,0.0014073551157781868,-0.7812995200388073,0.002175764269050707,1.4393109363787744,0.5551455141669022,5.392857142857143,0.5553584947190304
0.1,0.2,22,0.0017359494094905349,0.0013346373774251658,1.5786361297681282,0.001303037743900643,4.685004336176661,0.5930877804479532,5.785714285714286,0.6074063303358895
0.1,0.2,23,0.005605893019367525,0.0036799139644569396,6.790633072619478,0.003024263613363795,0.45662644758080734,0.5738394580463123,6.071428571428571,0.5976149723865185
0.1,0.2,24,0.07213490551948243,0.07269870274440463,21.07354804857828,0.06020754628324086,14.773591955011142,0.6722123718851405,6.607142857142857,0.7276096105898686
0.1,0.2,25,0.004920837642777382,0.00029370171113636507,4.897565362356467,0.00040551994960134256,-1.599574210770972,0.5692067481874928,5.464285714285714,0.6024786052052442
0.1,0.2,26,0.0033310958590725293,0.003457749247409212,2.685534484513191,0.0046872981730759645,-1.3236151071546847,0.6009451000832978,5.678571428571429,0.6106717290205215
0.1,0.2,27,0.07120405803172994,0.07126733214663726,26.403360259559808,0.06529424875952806,26.73805302695567,0.6743955325754342,6.785714285714286,0.7463105140445321
0.1,0.2,28,0.07656107767235916,0.07873801351722669,16.61086275336323,0.0648374336262889,16.311474777970243,0.6278214519403872,5.428571428571429,0.6873213060301224
0.1,0.2,29,0.026349073866150877,0.025363969258475942,19.289080766143428,0.020112919614029272,10.96312334618176,0.5929485498183098,6.5,0.5994489962218075
0.1,0.2,30,0.08133724725895543,0.07000190258464303,25.893105840886673,0.054244027370558556,11.963540252935337,0.6608829998054444,6.071428571428571,0.7218839804329149
0.1,0.2,31,0.09154606600740918,0.09224643331199782,21.247388002476374,0.07872622761008356,19.196868485299365,0.6454697895798259,6.0,0.7036122198671473
0.1,0.2,32,0.034227842154801964,0.034467139831788195,20.889390942667333,0.029725999151671425,13.752373696984838,0.6250172094692037,6.892857142857143,0.6517735291720932
0.1,0.2,33,0.004074444517509517,0.002687934887688491,-2.015519308324272,0.0021911395449136697,-2.814289084024883,0.5731082903069193,5.357142857142857,0.5895711357798897
0.1,0.2,34,0.05300990904931073,0.05450482319526782,15.110958770447606,0.050101748961926776,16.65175418507283,0.679751908396636,6.392857142857143,0.7247106505454655
0.1,0.2,35,0.0036867801023170894,0.001957885897252832,3.0914079690575704,0.001766490841469116,-0.1590407706906755,0.5601491005157309,6.5,0.5924894985345397
0.1,0.2,36,0.01624344847230776,0.014922038868123468,5.936057516777403,0.012698590698968235,2.884042785442233,0.5757791809350644,6.5,0.5805523255563956
0.1,0.2,37,0.00682636775490053,0.0067906852798591865,1.0115352604000378,0.00749151225197692,4.375808872411909,0.5354439682178392,5.678571428571429,0.542485284304096
0.1,0.2,38,0.002271920335448814,0.0022608945653698033,0.42517954971029326,0.0023044927835137205,-1.9677647172949548,0.576905697345923,5.714285714285714,0.5865522893158746
0.1,0.2,39,0.008728484724487043,0.00671762017955796,3.2685883996426597,0.005489201604576401,0.5263576710369667,0.6028853396441718,6.035714285714286,0.6092425267919217
0.1,0.2,40,0.18072786974497093,0.18914274269162437,38.24721528170248,0.1557771494749161,35.089355346832484,0.5735868847944848,6.75,0.7205360000214446
0.1,0.2,41,0.0036889716941385267,0.0021134168972991242,1.958587834151139,0.0014634536417525257,-3.620438134065637,0.5605680882410378,5.5,0.5591854052230135
0.1,0.2,42,0.020144020977627446,0.01911477724465638,8.525138777508452,0.018655850565209995,5.003028650425496,0.5546422568507353,6.285714285714286,0.5465961945612252
0.1,0.2,43,0.0583509907819467,0.06037076077335033,16.1392294357832,0.05100265021904022,13.494368441134128,0.6516985107604978,5.964285714285714,0.6892939853142204
0.1,0.2,44,0.017751616077903418,0.016609486804605816,11.24795282521957,0.014524907525227653,8.686744512964566,0.5842575281184724,5.107142857142857,0.5951596695445862
0.1,0.2,45,0.027163286373684425,0.02600512745818058,16.335643998066637,0.02132271219701607,11.806908480971705,0.5315540492805261,6.464285714285714,0.5375503171043072
0.1,0.2,46,0.012989365888360383,0.013158944850044457,2.8825885847701542,0.013102721782692818,5.635774147370682,0.5496293471762215,5.285714285714286,0.5783537037734514
0.1,0.2,47,0.06119753236334043,0.05306028733271666,24.26183513931077,0.041580364000616495,10.999716405297534,0.6861702073730521,6.0,0.7279233732355082
0.1,0.2,48,0.03162556811356012,0.03044979147758939,1.9976412778718853,0.026626584871408728,-1.5415054388380345,0.5579330521681507,4.785714285714286,0.5840498426155043
0.1,0.2,49,0.08482077866558978,0.08053666402129414,24.980306964686488,0.06948261727693447,16.097207624271107,0.6283836562316888,5.857142857142857,0.6849144546424457
0.1,0.2,50,0.013356270439745499,0.014012926483909841,7.484238555408133,0.011203515537578219,4.987243032551618,0.5851555202861777,5.785714285714286,0.617254297125732
0.1,0.2,51,0.01591377745546143,0.012647341951194352,1.7965825295348097,0.01032523368514976,0.5754725940721812,0.5741252498228776,5.964285714285714,0.5994527077822436
0.1,0.2,52,0.01143579444633311,0.008980765346137686,9.757699912032386,0.006702470437372698,3.4667683944449266,0.6404611683344562,6.107142857142857,0.661686493532498
0.1,0.2,53,0.08907665562628007,0.09056693656065193,26.257861362487457,0.07960546252114034,24.824504870252852,0.6807447571406379,6.107142857142857,0.7527702787856142
0.1,0.2,54,0.0029509427299083124,0.0023430867102363054,2.856522950759434,0.0028404939723763556,3.729397090387901,0.5778559092264912,6.071428571428571,0.5726623125100594
0.1,0.2,55,0.00907953420656662,0.008331184419772627,4.382829995715063,0.007535513045141411,2.2442538863501604,0.5629659349677718,5.678571428571429,0.6038137108271261
0.1,0.2,56,0.009305488297671126,0.010569451916035645,-3.4591118207621108,0.007959765801490569,-3.0686944468882302,0.5668248653125552,5.75,0.5984753201423303
0.1,0.2,57,0.0027814513674028585,0.0020968281303967197,6.411638404219751,0.001714410735732666,1.4037367489563433,0.5356175931190404,6.571428571428571,0.5215328617864532
0.1,0.2,58,0.024082495832434894,0.014165222933199054,22.465932801489302,0.011725913640302088,6.8074446543714275,0.6609421920471096,6.321428571428571,0.6581077244809713
0.1,0.2,59,0.005887388203836923,0.004493631357257976,9.702668953483709,0.003883866857304171,2.7091632271439416,0.6160084915357296,6.642857142857143,0.626431557787027
0.1,0.2,60,0.12230107105389627,0.1202746523590361,29.768573380618566,0.1050565310134896,22.99183300189543,0.6571680268214127,6.0,0.7473443898237644
0.1,0.2,61,0.08422048523229152,0.08546149106790611,31.209451878744748,0.07038333482976387,20.57534540997006,0.7063287687907593,8.142857142857142,0.777629767430857
0.1,0.2,62,0.03193469078503361,0.030046469153259352,17.40207331182851,0.02876458287830444,11.823156203992454,0.608035669949266,6.785714285714286,0.6064020062221342
0.1,0.2,63,0.002708607323869672,0.0020560921571252744,5.010593107001064,0.001428844680849911,0.22092597152851567,0.5624849490327766,5.571428571428571,0.5741841830484071
0.1,0.2,64,0.010057030255289798,0.00857185643279321,4.9108850005786095,0.006299018549479218,3.3063466222145528,0.5725963395636908,6.071428571428571,0.5795566013997482
0.1,0.2,65,0.060698179262592404,0.05350916359375884,18.466719380226507,0.04186224353883343,13.770390402832055,0.6827653316780904,6.107142857142857,0.7320750603652866
0.1,0.2,66,0.01580023845842603,0.011707007751387749,12.049288663961967,0.009594707678278611,7.81828875836023,0.6267931636100161,5.214285714285714,0.6245553187236894
0.1,0.2,67,0.010278415396689071,0.011721689528568693,1.5580260325923305,0.006470857713512352,4.815287985089611,0.5429661121638557,5.714285714285714,0.5502999798313404
0.1,0.2,68,0.002216678771233782,0.0014371474554386433,2.9940061287909288,0.0011608301248197596,-0.39281611766800023,0.5762095843540804,6.214285714285714,0.5757189786684903
0.1,0.2,69,0.033037444503884836,0.034811860218649404,11.573243426009839,0.031598818626862264,13.048071943248791,0.6479116296701836,6.5,0.6723933596643232
0.1,0.2,70,0.10024856046529933,0.10102447582780742,35.991715014203756,0.08713540496714246,30.30880429033202,0.6546711152811042,7.571428571428571,0.7580133457353098
0.1,0.2,71,0.002438761641407483,0.002554128493398403,-0.2661374306136466,0.0019925093997753417,-0.4879284967771487,0.5844519402087119,6.107142857142857,0.5889522506794356
0.1,0.2,72,0.07741866822832663,0.07570004997995561,31.020181279470776,0.06482229531971782,21.397424286591725,0.6653954999508926,6.428571428571429,0.717526739240615
0.1,0.2,73,0.0006082470807811884,0.0004898151015463684,-0.6412305742326936,0.0005266276566729558,-1.0272804744600326,0.5993250773316647,5.5,0.6079167855677793
0.1,0.2,74,0.03850884443991728,0.034938501022684025,23.990933998128817,0.027970397436199442,17.525480540538524,0.6895702563688502,6.428571428571429,0.7317827020573375
0.1,0.2,75,0.007221665055837482,0.005857767219764641,-0.7750264597625858,0.003963121878624961,-2.153475600381133,0.6196046113394293,5.964285714285714,0.6324840667815135
0.1,0.2,76,0.003135367229989465,0.0020227307845575603,0.12499877175493879,0.0015954541290641824,-1.3520660221977512,0.5591914950446377,6.107142857142857,0.580231944464233
0.1,0.2,77,0.01785679251766519,0.021190573244286096,4.132313503417031,0.015926640206297017,6.065316765374661,0.5817512861203346,5.678571428571429,0.5871846527116789
0.1,0.2,78,0.08561765734637276,0.08130442676874586,43.329268635432165,0.06737696691972672,22.6800973583442,0.6960155792500643,7.75,0.772783062948754
0.1,0.2,79,0.0520740302305605,0.050269842240061514,22.1814753020636,0.04330548934220815,12.905002630129227,0.603975041806722,6.964285714285714,0.6196856106136265
0.1,0.2,80,0.0028585401386975315,0.0031443433409774945,2.1707244793238516,0.003966452047126878,3.9042786832759853,0.5743624459490111,5.357142857142857,0.575700219697723
0.1,0.2,81,0.09520374084143843,0.09300724167228394,34.97259692333252,0.0764173498821598,20.32560786799655,0.634191752959298,5.75,0.7233040395492212
0.1,0.2,82,0.0008053843901935052,0.0003952702715331261,1.5150857419313581,0.0008185581081107792,0.5262222888777615,0.5754232359450844,5.642857142857143,0.5739332554110163
0.1,0.2,83,0.012208071523989726,0.01518957163641695,2.0888106870520673,0.014742648881089962,0.9658565549016203,0.5732236769380236,5.678571428571429,0.570650254474994
0.1,0.2,84,0.004046623231346003,0.0039378536398608594,3.2085495234117474,0.003933364652799357,2.2564569166550825,0.5788895890795871,5.928571428571429,0.5753407817243328
0.1,0.2,85,0.08269244211218585,0.08785645951693655,17.261610846199908,0.07361972518832505,16.60902752500088,0.5779864629255983,6.107142857142857,0.6369251449825781
0.1,0.2,86,0.020646703552650962,0.019791101612911817,17.097929132665953,0.015986617735940664,14.729255007163687,0.6586045706203534,6.857142857142857,0.6632243670319669
0.1,0.2,87,0.002883265257806476,0.0033277830824885893,0.21685983206881332,0.0030015182669233076,-2.3407141241163933,0.567878419453071,5.464285714285714,0.5866218634717983
0.1,0.2,88,0.02195313592153845,0.017503239921360252,20.522123043700212,0.014215079364108527,10.416358078069246,0.6046979805324052,6.0,0.6106595884962769
0.1,0.2,89,0.03797264888597449,0.03883024587647206,17.270202083609064,0.029048165419982706,14.209453399820225,0.6771481878434057,6.464285714285714,0.6934235438993939
0.1,0.2,90,0.017087198542593874,0.01987771702150221,3.571572715719981,0.01904009336655163,6.111405709024079,0.5658395377707003,5.75,0.5652967761461491
0.1,0.2,91,0.007717388683557946,0.00614320466215289,5.121634665156208,0.0056600786510536604,3.199354613029205,0.6001412754060602,6.821428571428571,0.6447823574907521
0.1,0.2,92,0.009127391939177344,0.005674309347077314,7.5397045807523355,0.005732267377682639,2.597638844424258,0.5855078313114401,6.178571428571429,0.6135745213265131
0.1,0.2,93,0.004356288637031405,0.0042717114141952485,2.400382000795368,0.003630025742484336,0.5313936017564913,0.580475790379052,6.321428571428571,0.6033680419387821
0.1,0.2,94,0.007571422284845899,0.008459814254120382,2.7582593915537643,0.008430159986136531,1.4302588062524535,0.5856174455235602,6.785714285714286,0.5994097482304217
0.1,0.2,95,0.0063426122255603465,0.006305359749201068,7.048335986916328,0.006660155319888087,7.793408252614114,0.6106589938398219,5.642857142857143,0.6177869311943734
0.1,0.2,96,0.002058115172745123,0.0016999140290344943,-0.9217131624987118,0.0011701952494608896,-1.473727414582309,0.580253368557596,5.428571428571429,0.596013258035864
0.1,0.2,97,0.030497102452674885,0.02749537643606748,19.60048558880703,0.02267717098001026,7.749450829728801,0.6160964258729571,6.785714285714286,0.6544113321564401
0.1,0.2,98,0.002605985724459626,0.001848801922925043,-0.5669205311601573,0.0013804813390197199,-1.364256114162913,0.5902582365407738,6.035714285714286,0.6045789863085717
0.1,0.2,99,0.07891248731646941,0.08194086131682873,31.788463416148826,0.07090778024046,30.5126733606939,0.6664023448999815,6.571428571428571,0.7518766376286014
0.1,0.2,100,0.002691367285820705,0.004244881367793526,1.029731188519598,0.0036759112094107427,-0.531452683417759,0.5431244250677526,5.785714285714286,0.5572056146293539
0.1,0.2,101,0.0024992369156971285,0.002855331348131139,-0.3260753235643037,0.0019566118745315045,-2.9238415274398526,0.5560381615199178,5.678571428571429,0.5562869883337962
0.1,0.2,102,0.0023828719564873823,0.0017838155754977738,0.888862045318028,0.001684463425549648,-2.3168724116645762,0.585758455140336,6.607142857142857,0.5996655843813434
0.1,0.2,103,0.050256724270078185,0.04648595548303354,21.7875504385978,0.03966988328440378,15.193752040257086,0.573036485680601,6.642857142857143,0.6057706486692666
0.1,0.2,104,0.0012327905962416137,0.0009370270065279022,1.0883042956404978,0.000749736049599468,-0.5361206137163682,0.5509296315170094,6.142857142857143,0.556471469986796
0.1,0.2,105,0.1113796214647049,0.11899247588017796,33.6186289099454,0.10058695795568556,34.19103436284227,0.6671495442806578,7.142857142857143,0.7491359670871294
0.1,0.2,106,0.003864869118722989,0.005622528436210603,-2.0661656539144246,0.005439870819072797,0.0017655106611300653,0.5988606347904077,6.178571428571429,0.6303118785509432
0.1,0.2,107,0.05425113222054469,0.0551427772559124,16.267434275766217,0.046401303212598395,13.384540963760704,0.5936840062836506,7.285714285714286,0.6316691227758593
0.1,0.2,108,0.008535245126717701,0.00641729521733941,4.316603925996944,0.005583098346501788,0.259181343639644,0.6179117505589627,6.285714285714286,0.6303996081718723
0.1,0.2,109,0.0952453401922172,0.09913663885070649,27.979142188423985,0.08381663628266497,26.449537824680018,0.5968297338960374,5.678571428571429,0.7018039556694642
0.1,0.2,110,0.009639103374655636,0.00863663141925021,9.055968250454129,0.005913260896584265,3.776266477698774,0.5759819955116032,5.928571428571429,0.5876117939731309
0.1,0.2,111,0.003281555837290238,0.0014991039256094434,4.524351467536988,0.0020711562732234454,3.05193906157542,0.5838083765282659,5.928571428571429,0.5928643460217184
0.1,0.2,112,0.004941825491155171,0.0027195204087417987,7.150649260838925,0.0016707466494829525,-0.284796547762132,0.5722532685249732,5.178571428571429,0.5887629007466226
0.1,0.2,113,0.0806366103007028,0.0887225884908053,22.793462714665928,0.07354011478464312,21.550107028867824,0.6319381508721877,5.857142857142857,0.700478988944383
0.1,0.2,114,0.04233682288594854,0.042937149836535515,18.16166986234414,0.03400172618326505,14.462663101718485,0.5753646408429428,7.392857142857143,0.5856609213638984
0.1,0.2,115,0.0019937706012204703,0.0009232772488577805,0.9504605236124064,0.0005419613399745128,-0.4445915432308709,0.5612540516677911,5.321428571428571,0.574272033370489
0.1,0.2,116,0.04355177159641354,0.03895516939286343,18.29532345750643,0.03332728757325285,5.191244980444831,0.677265863425754,6.892857142857143,0.7200416785102577
0.1,0.2,117,0.010647099431711368,0.010565663986224532,3.233948158516043,0.010287553197009738,-1.890389311126673,0.5542701770288819,5.464285714285714,0.5831177380245962
0.1,0.2,118,0.016523548348853646,0.010937024319093476,18.223889293040294,0.009536434736867251,6.827514602927333,0.632649758152793,6.5,0.646782285060002
0.1,0.2,119,0.005145623247736842,0.006102513437893849,0.7481932561724278,0.004902807180019688,-1.6862628932422201,0.5725819586061929,6.714285714285714,0.5918269598506375
0.1,0.2,120,0.0034530707534581708,0.0024535999096100512,3.282907165881113,0.002180942243549142,-0.42961593465252196,0.5839112558410519,5.107142857142857,0.5915500412317651
0.1,0.2,121,0.009402626100230248,0.007983889690623434,10.898113326045213,0.007861845274026202,4.4357232534541895,0.6885153528111804,7.285714285714286,0.6959494166817572
0.1,0.2,122,0.0049226575063338,0.004030635577285273,4.369537531880859,0.0035799692228366932,-1.6895309984830078,0.5868647412375478,5.857142857142857,0.5967336528054789
0.1,0.2,123,0.01672447009263641,0.013998751668596775,0.9542219439695572,0.012107545088176118,-0.17249725686744455,0.5341337939740683,5.5,0.5577139575910768
0.1,0.2,124,0.00552462958269015,0.004849192460868191,7.543461781437877,0.004179409294628916,0.35055245104145644,0.5420645739526974,6.214285714285714,0.5472048502390143
0.1,0.2,125,0.04473266907557202,0.03655529415259071,22.504634250237622,0.029884162574483508,8.926858314962052,0.6939279373542551,6.714285714285714,0.7263512608424776
0.1,0.2,126,0.003522340966209974,0.0028916350299129537,1.2027485476847133,0.0025017176200300643,-0.9006684557993955,0.5934514414950056,6.357142857142857,0.6013348813189072
0.1,0.2,127,0.0031382671962206805,0.0011342139150626923,-0.4318473243785377,0.00217708025031681,-4.519329680361267,0.5824665625318634,6.714285714285714,0.5929667005989457
0.1,0.2,128,0.008537745847094047,0.008064767016832565,7.943781492343987,0.004377757399528827,3.3266843556647436,0.6132707902582272,5.428571428571429,0.6196898250955308
0.1,0.2,129,0.0026298183715932773,0.003045270572575185,2.303648417964517,0.0024277838524476695,5.144307720670071,0.5905777048351252,5.178571428571429,0.6232809961904655
0.1,0.2,130,0.005483565481647412,0.0032054698245874438,6.740981300764183,0.003127243818184516,-0.12789493202851077,0.564514421188408,6.678571428571429,0.5714454336669441
0.1,0.2,131,0.005471744934297288,0.005977483512972009,7.246674834340112,0.004949145979853024,4.130963672387328,0.5754577820491019,5.821428571428571,0.5978401403863034
0.1,0.2,132,0.001447710603818996,0.0011925945768032752,1.503473475649443,0.0007314775287293724,0.09481671449967166,0.5190818643333097,6.142857142857143,0.5085323217141762
0.1,0.2,133,0.015935723603031485,0.014378741057254082,13.909334765797254,0.011361985772487898,5.398752882947406,0.6467560323480578,6.0,0.6837581476609718
0.1,0.2,134,0.005565491655885628,0.0022849091745646834,-0.7704510481116955,0.001685427648860423,-3.72898967045928,0.5779082467450998,6.0,0.5892218970538765
0.1,0.2,135,0.06443262825347994,0.06259260102156726,18.020721055212505,0.046514174877501036,13.345908387227269,0.6732876108598856,6.285714285714286,0.716170490800206
0.1,0.2,136,0.002611335841462535,0.0003069089305538183,1.7132882120923938,0.0003852704479685851,-1.0535779356162607,0.5773954624127892,5.285714285714286,0.6021372824631419
0.1,0.2,137,0.0044133466295640965,0.005395126708230819,0.30271355989685134,0.006944115974721396,4.038805521166097,0.5059455661664947,5.392857142857143,0.5295539864595737
0.1,0.2,138,0.004878751934222376,0.006576393841812557,0.3862620833268693,0.005268555622031341,-0.5832705739421252,0.519425829820346,5.5,0.5297101234586206
0.1,0.2,139,0.0027453078976750317,0.0017929327519041044,2.5773210220220406,0.002222084248131271,1.2121812863345458,0.5910183037156996,5.928571428571429,0.5962854290760757
0.1,0.2,140,0.005096119524974855,0.004249390369624137,5.669477689458603,0.0027337076210668765,2.844163385503606,0.5466136148069697,5.678571428571429,0.5426292204283221
0.1,0.2,141,0.004597108926787582,0.0009123539446710185,5.368750399523442,0.0008564476618203657,-3.533729265046285,0.5427021971946147,5.535714285714286,0.5590706988945249
0.1,0.2,142,0.047096966799055506,0.05039971016419702,20.74275150487472,0.04171805896284636,15.890614391010322,0.5808135507998988,7.035714285714286,0.6334932189413642
0.1,0.2,143,0.044465999344648434,0.043144104772707685,18.123429930948404,0.037503409505608695,11.550643615336108,0.6243074192753445,6.285714285714286,0.6555685443965569
0.1,0.2,144,0.008882329952577182,0.0057197013632790455,4.967548113206739,0.004133963360128494,0.9586984729812684,0.5779012448779784,5.964285714285714,0.6050163469342593
0.1,0.2,145,0.008427571083738379,0.006083637096697904,10.303536937428369,0.003569580565692976,4.891758863278123,0.5982054036363825,6.785714285714286,0.5993508963602019
0.1,0.2,146,0.0829619828260198,0.07697598785693324,33.9732709067778,0.060505020294703775,19.016093648149834,0.6737374303302541,6.714285714285714,0.7261491869965169
0.1,0.2,147,0.013362290398351809,0.013717230425847741,-1.3542979758490077,0.012204255949797196,-2.693978708204592,0.6112813072317689,6.75,0.6294204703652495
0.1,0.2,148,0.0016109785051406963,0.001512986284371623,0.42413204497422896,0.0011194722430080339,2.097358077927538,0.5885042299737913,5.535714285714286,0.5957079142956037
0.1,0.2,149,0.008384595108216078,0.005857702250899153,0.8676514382992409,0.004310307849672795,-2.9635470984198187,0.5577687793252916,5.0,0.5490915299520336
0.1,0.2,150,0.12475258197344444,0.12883750252441115,29.345324542674714,0.10546031186324206,21.362733478150925,0.6258295735183113,6.214285714285714,0.7187976922000013
0.1,0.2,151,0.11231327558978176,0.11999358989735215,39.00146090004749,0.10189971808238311,33.165343127457426,0.6562180438390818,7.142857142857143,0.7648730034526916
0.1,0.2,152,0.08684813441026847,0.08403729725600351,30.873361504114737,0.0721905072294778,19.555186676537968,0.6546031922062115,6.0,0.7142549433949062
0.1,0.2,153,0.001583252960932773,0.0007501423719353626,1.8142731231259361,0.0006099319968700924,0.07185136420369531,0.5791080807841734,5.607142857142857,0.5859427082625838
0.1,0.2,154,0.00997567157853582,0.00864704116833858,5.839237135491686,0.006965357815632646,1.7378615547272886,0.5966073220729277,6.678571428571429,0.6099414669316989
0.1,0.2,155,0.005315363581847251,0.004845605596413306,0.9666324090069196,0.004659502197531714,-1.9679771240397106,0.5751058878204882,5.892857142857143,0.6129208642357411
0.1,0.2,156,0.03994747334716996,0.038645920847188424,17.489450845191378,0.033546623936275936,11.733142415335067,0.6326152045158967,7.535714285714286,0.6639703806211765
0.1,0.2,157,0.010802127217486855,0.011040946194250235,6.436751825609356,0.008236685856479242,5.586505277598832,0.6612888869554611,6.142857142857143,0.6851940488035295
0.1,0.2,158,0.006094110908915533,0.006192660212312791,2.1450593342180895,0.007288382327073185,2.7921924484917517,0.5725163244579099,5.392857142857143,0.5690447983886154
0.1,0.2,159,0.009146968106088336,0.008136458894552353,2.0665345026161006,0.005928754656916638,-2.6197857466614587,0.5785973894195077,6.071428571428571,0.5795436159674368
0.1,0.2,160,0.0027941728533089983,0.0010482789420408719,-0.04641520385782627,0.0006763386456988737,-7.456588345308869,0.5759508586215655,5.892857142857143,0.6019039067849945
0.1,0.2,161,0.0065291166401260075,0.005135203547094814,5.168245077364205,0.0028276759838366076,2.2594856015110643,0.5540257146259805,5.678571428571429,0.5733217431392873
0.1,0.2,162,0.02612339144490444,0.024178144356286506,12.349341165693538,0.020839712527791245,6.858423248542977,0.6139596087633478,7.785714285714286,0.633687396920273
0.1,0.2,163,0.03352097640102752,0.03440155363741043,12.55310787192468,0.030861657919267278,5.5195924653918285,0.5673303308338326,5.964285714285714,0.5836197743511067
0.1,0.2,164,0.05116692800761325,0.047067489886941434,27.193537091765606,0.040053524415575505,12.552457109316839,0.6490030588535686,8.142857142857142,0.7026824186565639
0.1,0.2,165,0.004088452068044049,0.0022554285687511277,2.2150824701514367,0.00185865408086408,-3.2413044895991256,0.5918196082438973,5.857142857142857,0.6119149710070049
0.1,0.2,166,0.0398264236544147,0.04012735013620867,16.40742395364434,0.03272018484930832,11.788535511442499,0.5925473137918645,6.214285714285714,0.6255043214759319
0.1,0.2,167,0.005735620626291592,0.003988744838678739,6.859518241869225,0.003642674900154472,0.037614546339066614,0.5590938270885684,5.928571428571429,0.5560841902809208
0.1,0.2,168,0.008454876036454976,0.010109967417450034,-1.2918424999369122,0.007279767043170938,1.8962079658436153,0.5962742796098753,6.285714285714286,0.6098557188213547
0.1,0.2,169,0.09933859796838561,0.0952051641356832,37.07552734153376,0.08077271238322765,22.9597737198937,0.6332291060745,6.535714285714286,0.730145632327462
0.1,0.2,170,0.015186255703032212,0.013506668145350653,11.205656742231255,0.015229454866390258,7.681402774293531,0.6488909382406031,6.107142857142857,0.6565352499844835
0.1,0.2,171,0.007574755805708104,0.009274806922292675,6.143749944731802,0.008808472657293336,5.312003368299012,0.6125404850765507,6.821428571428571,0.6102701059943707
0.1,0.2,172,0.06108153354268746,0.05218636997756034,29.61822335827667,0.04244866164659639,13.393693133753189,0.6826437427457852,6.392857142857143,0.725108863764061
0.1,0.2,173,0.0447565482599663,0.04170938686978123,25.194462063487876,0.036544940379861814,14.708775893355972,0.5854440330940218,6.321428571428571,0.6149114776993984
0.1,0.2,174,0.0074616778183321485,0.00947247835676155,2.5191052932924336,0.009339625919470955,1.489052404694443,0.5561199817380974,5.928571428571429,0.5910309256921913
0.1,0.2,175,0.021433602578753735,0.014489185426991862,14.28155020900774,0.009888196286923364,4.258012050682093,0.6121685037504498,5.464285714285714,0.6320525501032872
0.1,0.2,176,0.01306437560265599,0.01373059032949225,2.8882059388734547,0.013268077658761718,2.4256662611716044,0.5568815855345624,5.857142857142857,0.5704920253226391
0.1,0.2,177,0.006076323455013911,0.006259994293422508,5.2291599235566935,0.004636946251133151,1.4371776290336982,0.5928288546406831,5.821428571428571,0.5794865243223559
0.1,0.2,178,0.01311651995858973,0.01160542990503645,4.3896921229395645,0.011156734684813577,0.011373602176197059,0.5907269407589404,6.785714285714286,0.6047791289360941
0.1,0.2,179,0.1022704678460787,0.09155332631066619,35.73159024770915,0.07617810718443359,18.12936593935895,0.6869082870258622,6.892857142857143,0.7698865471026868
0.1,0.2,180,0.021939121044195806,0.019529715006707568,13.62759349639881,0.018976623395257013,4.509481313556904,0.6618917545268876,6.357142857142857,0.6879812596976775
0.1,0.2,181,0.0029765393618429664,0.0015783890276585926,1.6228214912559835,0.001964004943901856,1.9784592171035342,0.5830662838563777,4.964285714285714,0.6008185117305502
0.1,0.2,182,0.004806481929623965,0.003630338684402838,1.603159543549907,0.0016182885319318753,-0.3577025293680265,0.5870172005701239,5.928571428571429,0.6108197589254993
0.1,0.2,183,0.0008506643679020282,0.0007501438411665334,0.8020121397081112,0.0005698546677981986,2.361577699550196,0.6089214827203213,6.571428571428571,0.6120125176549953
0.1,0.2,184,0.012027128563929892,0.010712920013926376,10.642722936652788,0.009675099588029017,8.842009606528961,0.6071357840300943,5.5,0.5988232210972376
0.1,0.2,185,0.07487262826273067,0.06473063384368907,25.69005380355424,0.05273728065800685,6.5657423810377695,0.6552871115706106,6.964285714285714,0.7230780467582283
0.1,0.2,186,0.018870137116285574,0.010782222948437621,15.341211619493983,0.010125702111922206,3.933965105459928,0.6497900585412232,6.5,0.6419735310318967
0.1,0.2,187,0.00432300299364094,0.004676964142075398,1.082096117244376,0.0036647726272030167,-4.658461331448109,0.5009818765615661,5.392857142857143,0.5046700658894012
0.1,0.2,188,0.024142486559160594,0.021989086151281832,12.965617907277405,0.017878241749127288,5.215830300951107,0.589904646295499,6.642857142857143,0.5945301124505749
0.1,0.2,189,0.026975935386189753,0.0282837703821499,16.291416648074232,0.024581780076359572,10.134257985871301,0.6445393253176235,5.964285714285714,0.6623961257826909
0.1,0.2,190,0.025627013576966024,0.02395385117290127,6.250222129224177,0.01859120083084659,4.797612446198959,0.6450697497806727,7.642857142857143,0.671803141087562
0.1,0.2,191,0.05016315771492254,0.05137445317109117,20.379700623569946,0.040547180036517076,13.297290420756335,0.6688541933366894,6.392857142857143,0.7021587265316286
0.1,0.2,192,0.04419533194426692,0.0482638896694649,6.782934195227064,0.03822287148568057,10.518589126980507,0.5821613508676878,6.214285714285714,0.6191393574316235
0.1,0.2,193,0.014238219612555626,0.015407583547826677,5.322181371109792,0.014701295187737055,3.546936355249907,0.6821333347041124,6.714285714285714,0.7134283416696171
0.1,0.2,194,0.013839101201293825,0.012737729114796495,13.721484799288298,0.008907816102168023,5.658344606741764,0.6323723373259303,6.25,0.6271190413757566
0.1,0.2,195,0.008996747019684097,0.00741026157913083,9.894882835043681,0.007569179117021687,4.6133054949987695,0.5467601909893169,5.25,0.5583803687702847
0.1,0.2,196,0.00491682191076023,0.004613781144676818,0.8839962230181655,0.004094917281342574,-2.50597421207641,0.5577462723225544,5.571428571428571,0.5612271356247083
0.1,0.2,197,0.015884594897399774,0.01961574905451171,4.713241307461907,0.01757146251555837,4.315595104654467,0.6036315982555809,5.464285714285714,0.6294149080538101
0.1,0.2,198,0.01980502109703367,0.016224796114015706,13.503710763313244,0.013264639564840763,5.247771730167528,0.5648306295867622,5.75,0.5929912733418866
0.1,0.2,199,0.09180230963378641,0.0847695901870107,34.43800730453634,0.07120056617150672,15.789390933027112,0.6750465809290853,5.75,0.7508786503253466
0.1,0.2,200,0.007880234004584616,0.0042707438660856125,4.555384126417842,0.003139704122762053,1.0311080389287213,0.5387653111891918,5.714285714285714,0.5737891985856379
0.1,0.2,201,0.10436946168994468,0.10031502058552996,41.65680496629065,0.0822717123355661,28.16369225486248,0.6794893549336379,7.142857142857143,0.7653899564299518
0.1,0.2,202,0.008153329660442691,0.00438452282463672,2.754657438779695,0.0023579488841141837,-2.231016631352835,0.564268552787817,5.642857142857143,0.556006891251244
0.1,0.2,203,0.0023831060960992616,0.002235048740193885,1.1391542453858534,0.0023836684555102474,0.6388169191202925,0.5924844573597697,5.857142857142857,0.61531848198526
0.1,0.2,204,0.009148030689569542,0.00908674180809863,5.5076822491367,0.009106046330728305,4.049663440684744,0.5630731278866847,6.25,0.5717535837089976
0.1,0.2,205,0.004620363018332677,0.004065767674377558,2.393123456470427,0.005896906202445449,3.3824157517573212,0.6218840718484432,6.071428571428571,0.636244048496496
0.1,0.2,206,0.0042970724891792265,0.0038533372159383593,0.25896312861907944,0.0029555902036444183,-3.4401060156951075,0.6071526314364531,5.464285714285714,0.6188556795482172
0.1,0.2,207,0.021134122821464905,0.021212660325228394,7.8460855731735535,0.0165397915958388,7.308150490563615,0.5756249120447828,5.75,0.6140411016895089
0.1,0.2,208,0.010926642680961374,0.01349945332835205,4.911570979202054,0.013774710687998987,6.717220783105897,0.5920046208746207,5.857142857142857,0.6304673516936516
0.1,0.2,209,0.0007296188794506635,0.00023075935515736478,0.4004446342756367,0.0006150206551948262,-0.4061115228602337,0.5232805305648017,4.785714285714286,0.5347771176022659
0.1,0.2,210,0.008528955587842143,0.008382050080154677,0.05392858602185413,0.01003331045316086,0.6641666906091833,0.5687408110924039,5.321428571428571,0.5784578085173886
0.1,0.2,211,0.0035221123190675523,0.0021021969913855693,3.0783401112190845,0.002294692989446321,-3.606889564603364,0.5888932013378678,5.357142857142857,0.5933665432830988
0.1,0.2,212,0.004422178642210359,0.0019860600830745503,4.779188969887507,0.0015912157663779732,-2.852105800186545,0.5501573030364834,6.107142857142857,0.5567511144400266
0.1,0.2,213,0.0026382747445500405,0.0037285075783600433,1.5417117682195354,0.0025087451678709374,0.5593948144254076,0.5569312486702186,5.0,0.5700955421538942
0.1,0.2,214,0.1031116107176499,0.09927756430150038,42.142333082033055,0.07770231850565044,22.972969417237753,0.6649812922855952,7.107142857142857,0.7536851130533011
0.1,0.2,215,0.003070336693447835,0.0033699885930656487,1.214840112133409,0.0034196472600641517,1.2509948091161978,0.5812314671085924,5.035714285714286,0.5911126403723598
0.1,0.2,216,0.14531081197448498,0.15041517208410554,29.88891117968452,0.13487648784522865,22.983899185661198,0.5915179784362662,5.964285714285714,0.7172076657442702
0.1,0.2,217,0.06674264777232469,0.06679716169531233,23.256060353740484,0.05280551042725043,14.79266514822003,0.6443334300397711,6.25,0.7010898675350619
0.1,0.2,218,0.0007729548931774175,0.0006726145479435747,-0.11675197704936835,0.0009102219199377131,-2.454355602680323,0.5493885406643271,5.642857142857143,0.5442517557277637
0.1,0.2,219,0.11400867439157866,0.1120006434124281,33.27180978964251,0.09066089694394637,21.718540472247042,0.6164829861143531,5.428571428571429,0.7112088687625977
0.1,0.2,220,0.0040487834237167165,0.003310612019518745,2.9578733482275936,0.0027703275349678542,-2.1896053613661763,0.5920193937269879,5.428571428571429,0.5918911125131332
0.1,0.2,221,0.05983320483276032,0.054998905634896525,31.66238050253198,0.04255077452253686,18.579409471268608,0.6763457271341723,6.428571428571429,0.7188668237850331
0.1,0.2,222,0.001693378783847136,0.0009700439131006815,3.070540901134457,0.00084736479855228,3.3483444760059817,0.5626472143923763,5.964285714285714,0.5579248627380209
0.1,0.2,223,0.013527592133314217,0.013814415984715589,7.474073891335529,0.01292256116511842,3.8590202712346695,0.69537165120493,7.214285714285714,0.7027166676085548
0.1,0.2,224,0.026296175618958154,0.024620958112510027,16.669479663292726,0.019736410396041234,8.93300047026809,0.6081485473326825,7.535714285714286,0.6209236523921275
0.1,0.2,225,0.001948575630280835,0.0019322731355037107,0.7821442592745385,0.0015781025400435015,-1.8006186219092986,0.496376675170951,5.035714285714286,0.5016132287376711
0.1,0.2,226,0.08293500799034216,0.0772127682385924,30.90348434813162,0.06147449050244074,18.579713414651838,0.7199910715612174,7.607142857142857,0.7959706998153739
0.1,0.2,227,0.05843597455945279,0.061378890955120745,16.62594508888587,0.051620196159338876,14.80661764130891,0.622368116871956,5.964285714285714,0.6881276500786688
0.1,0.2,228,0.062517866371712,0.05645655813977101,17.572364541854036,0.04461109344950834,7.81966277288485,0.6645293516014615,6.071428571428571,0.709430468041702
0.1,0.2,229,0.016169504399845182,0.014336208200875533,9.383145107685856,0.01305057262693899,3.1001933766260095,0.5890095671452185,6.678571428571429,0.6010076806116347
0.1,0.2,230,0.008129018397726335,0.006357443382659114,9.607232872072998,0.005555101813074635,2.894940260782865,0.6789593691187179,6.0,0.6787234611924496
0.1,0.2,231,0.003424679536476082,0.0032684368577414026,3.508144892313986,0.0026813358687488003,-0.4219077328580833,0.596144522730335,5.642857142857143,0.6129013810580594
0.1,0.2,232,0.004710332698204356,0.003125232824018007,2.7957212444685737,0.002053018599077155,-0.7140143335794468,0.5807676741676151,5.535714285714286,0.5939593569346365
0.1,0.2,233,0.002211625038603788,0.0010142106018049917,1.258072780977379,0.0013760404135373674,5.397085537192254,0.5338081088172676,6.035714285714286,0.5167523317111484
0.1,0.2,234,0.023345677828434473,0.02290339005617694,6.9450067836672105,0.019150945917715618,4.657219158055757,0.5694590858103065,6.035714285714286,0.5849618001723924
0.1,0.2,235,0.08200410765629813,0.07734826740097527,22.42691089967593,0.059743265953005796,13.246156289675705,0.648293739380949,5.428571428571429,0.7082101089820261
0.1,0.2,236,0.02176068903719578,0.020645452321597566,6.933560671860199,0.017320595521212307,0.08875467139803088,0.6235186008285039,5.928571428571429,0.6495614995028043
0.1,0.2,237,0.01716658424992903,0.021634676432079114,3.99653176036891,0.018069785786387117,4.27048974255401,0.5830090786831272,5.928571428571429,0.5945520800603099
0.1,0.2,238,0.10889851245834285,0.11272542830957255,32.52639506542877,0.09927559340737242,32.15194416111157,0.635851722736871,6.535714285714286,0.7378835719802153
0.1,0.2,239,0.008562760630728132,0.006281670805365547,14.258925374228497,0.005298239174732628,4.100578650691669,0.6414617412395524,6.464285714285714,0.662400440848889
0.1,0.2,240,0.030215211765637944,0.03057010103448756,12.3930236585676,0.029477283902607895,12.695617473011557,0.6230231643263141,6.535714285714286,0.6647165652036853
0.1,0.2,241,0.004019145362062792,0.0031521298140664857,1.5150428769326467,0.004647103456032832,5.809761293098016,0.5532322905443123,5.392857142857143,0.5801838752302935
0.1,0.2,242,0.009023514371709397,0.008437249843968318,1.8405861136745258,0.006538142865111758,3.159291822387113,0.5811549504886294,6.321428571428571,0.5910244681805383
0.1,0.2,243,0.014655979958016128,0.013440569994341378,15.961625548657821,0.010750708722319275,6.156959619419884,0.6756565233294509,6.535714285714286,0.6789258066160033
0.1,0.2,244,0.052157008350897496,0.05210831282239761,15.12818817742495,0.0433820214623188,13.591800729244554,0.5877893430229877,6.892857142857143,0.655175139107198
0.1,0.2,245,0.04461503098492442,0.043252599300346764,21.801256789596756,0.033717031270586256,17.693156934499115,0.6745900913887749,7.357142857142857,0.6925973344528499
0.1,0.2,246,0.05572809367410196,0.0469946392570273,37.69841633135783,0.03923135605209045,16.364441265449926,0.6479639370239287,5.678571428571429,0.6723537998616272
0.1,0.2,247,0.01348751929982343,0.010430284445370605,14.70021480740769,0.007474721222958558,3.718842023579422,0.6006905735233009,6.321428571428571,0.6132508410695187
0.1,0.2,248,0.0288036391368652,0.033245993064446824,6.968313508809636,0.0260463862086652,10.007134134949903,0.555432299682314,5.428571428571429,0.586162826930827
0.1,0.2,249,0.03496409938619455,0.033212672820531565,18.572679698163157,0.027732401718295187,12.450081744028543,0.6216235831304406,6.571428571428571,0.6483783868070705
0.1,0.2,250,0.008408128524425169,0.010878695081455282,0.12855161389771297,0.008325167744110936,4.53263284744628,0.5765149612439081,5.857142857142857,0.5929410013119158
0.1,0.2,251,0.0007925801533505732,0.0005434497492800676,-1.4652366848763023,0.001371366401365979,-1.974287125816403,0.563937526037034,6.035714285714286,0.5877034866152304
0.1,0.2,252,0.0009255394934789209,0.001775982180763763,-1.7364382227406665,0.0018230355962586204,-2.182537149856728,0.5439492994143877,5.892857142857143,0.5473720816856515
0.1,0.2,253,0.018284761913433024,0.013291164657879174,20.51899931494603,0.010337007598913374,8.56876139066201,0.5538749538845523,6.178571428571429,0.5230385684288101
0.1,0.2,254,0.003124985377738045,0.003365828248137664,-2.1690885586860063,0.004684963358551084,-1.6263578413260593,0.60777366204416,6.25,0.6162593374097163
0.1,0.2,255,0.0017424511597015672,0.0010180329767582887,1.9076786635588334,0.0011766974106757885,1.8262570945176624,0.5847597817367192,5.214285714285714,0.5937054017100064
0.1,0.2,256,0.009381232176356691,0.007659442268371392,3.98115546365608,0.006911134582492787,0.6859967976601146,0.5861819383170255,5.321428571428571,0.6086746580452114
0.1,0.2,257,0.1167362074269181,0.11938299324975968,32.43700742328046,0.0985801010983387,24.851225851800432,0.5985847697986253,6.321428571428571,0.7078095923831056
0.1,0.2,258,0.0004847350496242394,0.0005782547922550371,-2.560210838337426,0.0005089805977016708,-3.090785303787669,0.5888723104538202,5.785714285714286,0.5953000751601047
0.1,0.2,259,0.02493915403535986,0.022527272738177333,19.10348474729429,0.02052899973926665,9.653381287958448,0.6490650000066805,6.107142857142857,0.6474575074233346
0.1,0.2,260,0.0033366131090485605,0.0016578253391216072,3.82857464062635,0.0015275494437689513,-0.8143694563312446,0.585051963029083,6.285714285714286,0.575027210188851
0.1,0.2,261,0.03201222057573362,0.03091662742718998,9.550625515458592,0.02770822625040199,7.50535120797781,0.6147243161372488,6.071428571428571,0.6524177313392612
0.1,0.2,262,0.13420670096418194,0.13980704574350888,29.684062944530634,0.1319097558058931,32.62870392013993,0.5911143749759545,5.464285714285714,0.7065644895871896
0.1,0.2,263,0.006526124367352528,0.006265436090026202,3.318690848324451,0.004968304417015836,3.4874711937193204,0.5942704486758644,5.464285714285714,0.6024878287849728
0.1,0.2,264,0.015456049973423546,0.01567636092895675,7.893990292114033,0.012106081431586323,6.470941913198705,0.5556031055725623,5.821428571428571,0.550942492182375
0.1,0.2,265,0.014546522900781152,0.016573204362242303,6.217477680669042,0.013560037556338469,5.790484177113768,0.5385616729797629,5.821428571428571,0.5749727035601172
0.1,0.2,266,0.0028594180828390085,0.0018037281649292529,0.47017802203436077,0.001499330480908223,3.6150043707617954,0.5569773450857103,6.25,0.5533979056670302
0.1,0.2,267,0.05307100429967428,0.05898594343577,12.948670463701184,0.05275864971218459,8.614279937390501,0.6509335513832484,5.785714285714286,0.6973472969613118
0.1,0.2,268,0.005882402203729804,0.007025253410174537,2.6595620481728943,0.0059849208999482794,3.393286157046125,0.568135385532144,5.714285714285714,0.5831921201097571
0.1,0.2,269,0.0021055100127841085,0.0014964908883780819,1.53502472321248,0.0014271385880157848,-3.315919801257157,0.5439314332860796,6.071428571428571,0.5585815272991733
0.1,0.2,270,0.006034689869774015,0.006434483999444836,2.9814748320001527,0.004581369620730598,2.3764195146437337,0.6155977794957163,5.964285714285714,0.627761000513176
0.1,0.2,271,0.021508119181374876,0.020014710411476025,-0.3557304751573298,0.018901595411594373,0.1326261878065035,0.5824386321641176,5.785714285714286,0.6181480388670384
0.1,0.2,272,0.005196501743216584,0.006822590266678254,2.6691842329030138,0.005371842319753288,2.168237816664979,0.5254155232782706,4.642857142857143,0.5392480793969766
0.1,0.2,273,0.021672066884906957,0.02381576411662608,2.6144046317332936,0.022646682389256344,4.368964770006888,0.561405202795324,5.285714285714286,0.5966859758502844
0.1,0.2,274,0.1287650824083484,0.13915473443646964,32.00863363470869,0.12010682909510634,31.94989071437433,0.6109319619010803,6.142857142857143,0.7233700027290028
0.1,0.2,275,0.0049342070351085475,0.0041140502458422495,2.1293447096652685,0.0038499046005062896,4.068594421870074,0.5762632401353259,6.107142857142857,0.5872272803353316
0.1,0.2,276,0.015327338354477433,0.013476011807763909,9.295646516607519,0.009111208743297669,6.194451351058841,0.629485832558058,6.571428571428571,0.6511249113544334
0.1,0.2,277,0.04450614912589115,0.04441073205188575,13.190441642669455,0.03837654460213006,9.471137151622903,0.5873221303512172,6.25,0.6417225430439295
0.1,0.2,278,0.010387245062316931,0.005557802054936432,10.183868858341057,0.0043899645015558425,3.381584810371512,0.6104667480014794,6.285714285714286,0.6144068965902583
0.1,0.2,279,0.15552664546077982,0.15994258264948155,34.514595802275366,0.1311349870207162,32.533688147428464,0.5906617280765649,5.428571428571429,0.6853280673164006
0.1,0.2,280,0.0023745949880450107,0.0020922381618476344,3.6688126854173575,0.001580188799945633,0.46723641798614796,0.5141744959059251,5.857142857142857,0.5326554629208298
0.1,0.2,281,0.005181925623490532,0.003070046315552882,-2.403736219762493,0.003109482039645691,-4.981326254394816,0.5192076014690411,5.214285714285714,0.5394842714353466
0.1,0.2,282,0.009263692724927502,0.007947354974620981,6.397078886302374,0.007307395485858721,1.4089922815128186,0.637062011264878,6.035714285714286,0.6472635004377252
0.1,0.2,283,0.003735565962426839,0.0036108834921399213,0.600364030493779,0.0030435984740085358,0.23028370573169354,0.5808654748606596,6.392857142857143,0.597898268049609
0.1,0.2,284,0.004475088078566506,0.0024378190926787713,1.8785396308552578,0.001365370157455382,1.5435072797040068,0.5934849884305756,6.0,0.6108642473585848
0.1,0.2,285,0.0029540274388347573,0.004033368808233502,-1.4564652743027793,0.003527502365711203,-2.7444657778596118,0.5813502200596036,6.142857142857143,0.5888525917612784
0.1,0.2,286,0.013611778010517436,0.008416666027614617,6.866583384383553,0.006709099913330885,-0.7848875998177126,0.5544663140380375,5.678571428571429,0.549661893189227
0.1,0.2,287,0.002186953230883133,0.002202656404111435,2.1091192167842436,0.0018827067850195535,0.8681691173556677,0.5658007912816652,6.464285714285714,0.5756274771365488
0.1,0.2,288,0.06090599987578313,0.05824868905749805,24.41818336440405,0.04936208660367128,15.32921471563074,0.6136410916871862,5.892857142857143,0.6741272015431281
0.1,0.2,289,0.001514086570746466,0.0009752666856670597,2.321671525668741,0.0009006879668115198,0.43224427716444325,0.6360870957711171,6.0,0.6411990923212989
0.1,0.2,290,0.004447111895553048,0.005127389517692498,2.6506475537734246,0.0039861008795600205,3.12708462131377,0.5864444199161865,6.392857142857143,0.6038460386191082
0.1,0.2,291,0.005440766820103618,0.00459006549867695,4.967155298928915,0.0050040509328163115,1.2128276383940981,0.5797074056221903,6.25,0.5965999259870591
0.1,0.2,292,0.008463220502451681,0.009283648740289878,5.107859687203401,0.007391111883034526,1.1695916075814143,0.5625847499473152,5.107142857142857,0.5546912386317557
0.1,0.2,293,0.0005315665582398797,0.0004923778081221982,-4.029238905373425,0.0007075723799943741,-3.11394201078204,0.5845867256080817,5.142857142857143,0.5884207733301711
0.1,0.2,294,0.09687928049324342,0.0959052969360166,30.81107210958169,0.07808972552069474,20.046461900869005,0.6478593259967396,6.5,0.7120617229885318
0.1,0.2,295,0.00505634186709795,0.004965003126154024,2.740344266049128,0.004330855076218926,-2.91880561355264,0.5995098717067275,5.678571428571429,0.614590161173305
0.1,0.2,296,0.006226069323465838,0.007582667911077964,-1.8064082521832105,0.007563017782456172,-1.0457503924546074,0.5973935845721988,6.142857142857143,0.6050448223477943
0.1,0.2,297,0.014528207860475895,0.010723867787869506,14.369607261906644,0.009308926985216558,6.856594236327159,0.5993544223123636,5.821428571428571,0.6088046833616243
0.1,0.2,298,0.002222553393168285,0.0019347696598172174,0.6607706640721531,0.002306367047586532,2.363588826711085,0.5713196094854753,5.821428571428571,0.5766491721578189
0.1,0.2,299,0.006700832103026959,0.005286672935053875,5.602833691630998,0.006328360396405853,1.995744557911517,0.5888752403597237,6.714285714285714,0.5702420632944672
0.1,0.3,0,0.0025398629643036256,0.0011159777001718625,0.6299427661392869,0.0016292996209400338,-0.3382032493765621,0.5590956576676308,5.25,0.5749811828160727
0.1,0.3,1,0.010199008874876615,0.009210215921554594,2.7933674650372566,0.008204114958608804,0.59710263279581,0.5952877999463889,5.571428571428571,0.59296346178469
0.1,0.3,2,0.0013759740633269054,0.0008545950459463632,1.5571754243607927,0.0010635225004338462,-1.2245185422590434,0.5606580140400583,5.785714285714286,0.5670787174341816
0.1,0.3,3,0.11252424533172355,0.113414637777576,46.98721963698219,0.09493087318590736,37.000393362454865,0.6704200165085512,7.178571428571429,0.7895893204143403
0.1,0.3,4,0.17859066871259216,0.17094267640633812,38.448062593841065,0.14068078644228132,32.10991927447794,0.5787231176628198,6.0,0.6939113374899222
0.1,0.3,5,0.04965507646615844,0.0486151016306432,27.783419756844864,0.04075031128595785,20.76663225415773,0.673175206766116,7.0,0.7190350208408897
0.1,0.3,6,0.04700716916145583,0.04888251471323416,12.78008447827693,0.04301082190646346,13.368635982469499,0.6054560190100544,6.5,0.6629091459140691
0.1,0.3,7,0.009531580560511592,0.010961036137732132,6.091878253253434,0.010602861857510698,6.379743825587032,0.5899857876654325,5.964285714285714,0.6096765580774893
0.1,0.3,8,0.01670135588887295,0.016773196105458743,6.402999583831942,0.013098396267366696,2.4644074470422197,0.5776801188450931,6.178571428571429,0.5784016724230974
0.1,0.3,9,0.049039819874961046,0.050356800983735114,19.080953865758556,0.04383801214732563,19.297304564715347,0.6449750674728797,6.214285714285714,0.6867733831488447
0.1,0.3,10,0.016887179152534085,0.014696638270808072,8.1865795516768,0.015080268540014723,3.449303796602019,0.5901367646590853,5.642857142857143,0.6186759857075954
0.1,0.3,11,0.11345242952479674,0.10874105708178754,23.888411264462228,0.08446558885657642,19.714741438201873,0.661273497557578,6.892857142857143,0.7303606111382994
0.1,0.3,12,0.0960413245270654,0.09793418970001218,26.21514987475544,0.08399805042810818,21.617599880139338,0.6511407761692076,6.678571428571429,0.72519850448657
0.1,0.3,13,0.04750360492433999,0.045749559700233436,15.878843407655914,0.03655339521477952,13.273499352275556,0.5625755455083562,6.107142857142857,0.6270829718480505
0.1,0.3,14,0.003580470857776039,0.0021466978332902236,2.744001340046964,0.002179028980342013,-1.7633460811421742,0.6272972906315297,6.428571428571429,0.6282111252857292
0.1,0.3,15,0.12789813669367975,0.13170727056727122,37.747793906358055,0.10660518535333904,29.63381919179246,0.6511722922123037,6.75,0.767319977915109
0.1,0.3,16,0.08768763074255004,0.09292489492398523,23.034781743456982,0.07869628051791412,16.533992247761216,0.6374525382658184,7.035714285714286,0.7316646965640169
0.1,0.3,17,0.06349225888542401,0.06365403156611599,15.243272325620545,0.050845413313774894,13.873971097034106,0.5809165869207916,6.857142857142857,0.6536520716157557
0.1,0.3,18,0.018667495747889125,0.01973893278125417,5.8721267145721825,0.01666038713078201,6.777063121588175,0.6003990584559381,6.0,0.6200444048475373
0.1,0.3,19,0.016263224605888495,0.014887858246156349,8.312070818384342,0.012969203797522028,6.340205381540206,0.5914353838265443,5.928571428571429,0.6276241756985118
0.1,0.3,20,0.004674160560392252,0.003617881948494606,3.9733311598009564,0.0035010677631686997,2.416620033499792,0.6141694145261006,6.035714285714286,0.6279385217330546
0.1,0.3,21,0.03274259246524216,0.02825484711173386,16.864414598933507,0.022184973620969498,6.079185307677544,0.6142863081134085,6.214285714285714,0.6347166156467088
0.1,0.3,22,0.009773881249568791,0.005361944584719646,3.0361729558259682,0.005434922025929773,-2.593288496624922,0.5835859065912824,6.142857142857143,0.6049095968233991
0.1,0.3,23,0.0654847600835702,0.06888286700229482,24.520540046505,0.05968825237099334,23.32336168139382,0.6603342574548309,7.035714285714286,0.7439462701636492
0.1,0.3,24,0.11027735349927847,0.10234940461808459,38.56911911919538,0.08161221108131368,21.626548926723746,0.6746475592677589,6.214285714285714,0.7738248647703265
0.1,0.3,25,0.11717148520500191,0.12198809556677141,43.128010302929795,0.10063727289515619,35.10968428121429,0.6746710780811006,7.464285714285714,0.799604216897939
0.1,0.3,26,0.061439945758839404,0.06138128501933003,28.865501596953848,0.04957809099424125,20.969702655794553,0.6805326864827463,6.214285714285714,0.7348483101594748
0.1,0.3,27,0.024535150397464633,0.027836759488390466,13.622106146171689,0.026467833974800542,16.236164705127067,0.665658496580461,6.428571428571429,0.680913402550851
0.1,0.3,28,0.003257524247454006,0.001258892689403009,4.377502714181965,0.0010101071665028062,1.0760823508076953,0.6045714094125453,5.75,0.6163346146950908
0.1,0.3,29,0.011925809955706468,0.010760033007131768,8.454594835578398,0.008605522291508913,1.0108263150896732,0.585445657890446,7.214285714285714,0.5766557302537656
0.1,0.3,30,0.046521853556238155,0.042584912482493666,27.464530044928832,0.03576914420838171,17.03663344943243,0.7293871469102455,6.964285714285714,0.7750337371036665
0.1,0.3,31,0.022176615690028934,0.02078451699267512,10.271661375101857,0.0156413981112606,7.637326737290778,0.5777150795103143,6.321428571428571,0.6002086590996666
0.1,0.3,32,0.011005519808698329,0.003500259289376128,14.821610966274847,0.002716292178870107,1.354370215672418,0.5715736116960478,6.392857142857143,0.5636893486076149
0.1,0.3,33,0.017921495554332197,0.017929357327239288,9.367675423510953,0.017129969320486875,9.672332032713825,0.6743337828172731,6.964285714285714,0.7115559348678677
0.1,0.3,34,0.005243736179659776,0.004446471962191452,2.8365074522409586,0.004034187834415999,2.1633702526531615,0.585436897247447,6.75,0.5833001677580054
0.1,0.3,35,0.011157406460251356,0.008965873493473626,11.041051181168932,0.008555775696367666,4.324902616473594,0.6800167316603888,6.714285714285714,0.6804378802441489
0.1,0.3,36,0.02232575034600506,0.01407646989968787,14.88641091354269,0.012045374649653941,3.173330487818248,0.5911401538945732,6.285714285714286,0.5913823873310944
0.1,0.3,37,0.004491887261475526,0.0030799926464433166,8.64867339012882,0.003293847029859509,3.0459037753594393,0.6080321108748139,6.571428571428571,0.6062902570718793
0.1,0.3,38,0.0584861811392046,0.06313034447359588,12.488800001532166,0.055987184453682046,13.789499891384366,0.613824584819855,5.75,0.684515225522484
0.1,0.3,39,0.0037752200711290776,0.0034135969269339836,1.4465845793054868,0.0026850945776815136,-2.266871479215837,0.577365271054308,6.142857142857143,0.5982813936241558
0.1,0.3,40,0.0026265636470431558,0.0025623800007403955,1.9520980307328841,0.0022144321590747795,-3.1719470589198977,0.5602979815619838,6.5,0.570568278275662
0.1,0.3,41,0.04990491005365368,0.04730790557654378,27.274114544968803,0.03985263256995485,15.83285519416574,0.6983420003252611,5.928571428571429,0.751807626744722
0.1,0.3,42,0.0332141371636471,0.03294284637415168,14.803174807201891,0.0279057603372502,4.53011597076689,0.6723178829359104,6.428571428571429,0.7160342091407275
0.1,0.3,43,0.003864126835551924,0.003507419941630268,3.763142006099912,0.0032944108069960214,-0.5029205619651123,0.5850959416798595,5.428571428571429,0.5915022737507065
0.1,0.3,44,0.010947762937228041,0.010089642538567374,2.6303081450177856,0.0084008859063048,3.3950240955068787,0.5894205030448364,6.428571428571429,0.5954273444668714
0.1,0.3,45,0.0025842899214727493,0.002210100182600216,3.4061732948966252,0.0022728895749973242,4.224655094951913,0.6046027743543501,5.857142857142857,0.6149733068647105
0.1,0.3,46,0.00616247919306901,0.006364975071966065,4.912581969606855,0.006079310493718425,2.0111145130881405,0.5917402877372678,5.785714285714286,0.6025729935064138
0.1,0.3,47,0.10874163534800976,0.10558148813570645,30.546678948048747,0.08782599744732646,17.518392153141964,0.6402116167912649,6.714285714285714,0.7241180280040855
0.1,0.3,48,0.10151814562512379,0.09014183407053734,37.97496097656851,0.07615482345586864,19.070407120580196,0.6832767059463757,6.357142857142857,0.7691759090095569
0.1,0.3,49,0.005537990239471153,0.005130619927536509,2.547294086753489,0.0038318092709903905,0.7765318582863282,0.5832495205073599,6.785714285714286,0.5920860750495324
0.1,0.3,50,0.00538098548208074,0.005678548195549031,6.1436575118079375,0.004347784162080368,2.056274293931741,0.6203336105584519,6.535714285714286,0.6375579811245627
0.1,0.3,51,0.07126593375002922,0.0727153167862953,19.048425263175254,0.0629008704988657,16.187444989525847,0.5842927376390422,6.571428571428571,0.6433062930397364
0.1,0.3,52,0.024892259877636703,0.024979930731701988,5.406339514146438,0.021568263510991476,6.4204603409874705,0.6133246966545238,6.857142857142857,0.6298750309051528
0.1,0.3,53,0.012542235446767053,0.008377409584998642,8.820111220716747,0.005791193646548301,3.159321293817745,0.5758043901702493,6.321428571428571,0.6186121750316982
0.1,0.3,54,0.01311641518717417,0.010137949948425883,9.549284892958049,0.00685272479940399,4.339510653263896,0.5715386883935576,5.785714285714286,0.6049148674403868
0.1,0.3,55,0.07199224191913278,0.07530058332516101,25.05976502406007,0.06411332837763513,22.66574606749128,0.6320496155194225,6.785714285714286,0.7017499117284811
0.1,0.3,56,0.0036172241350089064,0.004172193391391181,-0.19583815855810371,0.0036994151426887473,-2.0210819799383066,0.530278774788092,5.714285714285714,0.5359648974092258
0.1,0.3,57,0.10111251544728457,0.10385624955447954,43.9585034611878,0.08864609620749138,35.800234895027266,0.7374202186814433,7.821428571428571,0.8294518013668812
0.1,0.3,58,0.08243684761108,0.0765119588380751,29.777337174313868,0.06265554573252377,19.439038008331064,0.6433302076664341,6.714285714285714,0.7264784496818093
0.1,0.3,59,0.0031633890046165562,0.003082862122412379,0.21608238124613877,0.0033227013917807202,-0.8150655218831085,0.5378819143752377,5.428571428571429,0.517982195986575
0.1,0.3,60,0.05300920959483414,0.05832714026837075,11.465105820358254,0.053529336062904616,14.334258618386684,0.59736587798459,5.678571428571429,0.6395063290680245
0.1,0.3,61,0.08124609269058038,0.08198588662560416,26.466188780259895,0.06590168279025074,21.439607760486282,0.6225038486696299,6.928571428571429,0.6894539847501437
0.1,0.3,62,0.027688969175063114,0.0309176726115808,8.38655618363412,0.026753301288892826,5.31656843443407,0.5728895269031872,6.25,0.613521131183439
0.1,0.3,63,0.08949153229089672,0.09124325258468559,24.10529999385875,0.07969807977260208,19.786080274335234,0.6032339077751878,5.75,0.6666752129788178
0.1,0.3,64,0.0575662480287475,0.05958042553856534,20.819541877656718,0.050074194686324736,16.218987605701262,0.5527792940486818,6.107142857142857,0.598767618099703
0.1,0.3,65,0.00924829636416265,0.011091354210256445,2.9580223396075738,0.011635444275117078,1.9306520441733899,0.5679173748881673,6.071428571428571,0.606043282397229
0.1,0.3,66,0.008886393981419882,0.007181141273259179,7.866930267967369,0.00738949357597588,5.147472045934497,0.6621045353285748,6.5,0.6651571445267703
0.1,0.3,67,0.011090569166038478,0.009582989877131182,13.443891963963331,0.006402894026713283,8.899742469525242,0.5865818086626469,6.964285714285714,0.6120910337546255
0.1,0.3,68,0.08438170100469686,0.08705260785567587,20.258590720103594,0.07456177474247723,22.037285909270846,0.6187744419397342,5.285714285714286,0.6851103324959171
0.1,0.3,69,0.10651061118834146,0.10426004778096848,37.27865882455626,0.08708266532400873,22.435569215725423,0.6252729148158517,6.321428571428571,0.7146292879606168
0.1,0.3,70,0.03302552057138889,0.04165700560847525,4.167056521752599,0.037375529397810435,5.102858853735294,0.5797513724737138,5.892857142857143,0.6169710618132176
0.1,0.3,71,0.018786205958814108,0.01744370018883586,13.480002375730557,0.013476827465204703,6.6822646518557365,0.5140809895756725,5.892857142857143,0.5451569540201182
0.1,0.3,72,0.02139180314658288,0.02570249140930324,9.633937514554688,0.021896873255398182,7.684715128585888,0.5586855861399612,5.357142857142857,0.5685427721205343
0.1,0.3,73,0.018940941709674558,0.01705169496233601,8.798107856408109,0.014401108734917437,9.20414619586314,0.6003804006874549,6.607142857142857,0.6145840758235386
0.1,0.3,74,0.08386181833522086,0.09000512604814968,19.33865758041558,0.07367240327110103,16.35617881474585,0.6404273458046411,5.678571428571429,0.7198972696398516
0.1,0.3,75,0.117054046119106,0.11390565552555981,41.520642879007724,0.09385568273105785,23.444174201652885,0.6596648859883182,7.142857142857143,0.754358534957777
0.1,0.3,76,0.07103351807443216,0.06809167985393297,17.06213240197309,0.05504968569987013,10.797675535933143,0.6359019758249768,6.607142857142857,0.6761376502294949
0.1,0.3,77,0.10106163982542717,0.10672762502243617,30.203358388854564,0.0899537111602469,26.70045428123646,0.6428856281825208,6.464285714285714,0.7360810913794176
0.1,0.3,78,0.07558043906152002,0.07828307039382053,30.51305976831524,0.06870317079031416,23.754297646703375,0.6705395601124469,6.821428571428571,0.7397956291105249
0.1,0.3,79,0.007210762397240279,0.0024833151122489717,9.949662062900558,0.0033862409699741388,2.0750184908323206,0.6278243574982423,5.928571428571429,0.6420605163290529
0.1,0.3,80,0.05096489769230774,0.04485625013168336,23.2349760500149,0.03593396601733038,7.4044441249515245,0.7001888101104005,7.535714285714286,0.7368464372698684
0.1,0.3,81,0.132411280812791,0.14024967372821004,31.97586160899656,0.11515852597479931,34.21907522363509,0.6006892761956302,6.464285714285714,0.7180712523143377
0.1,0.3,82,0.03039199296824957,0.02902062314000193,21.5709865299659,0.023285878856048933,14.45977152813731,0.6440622111165882,6.571428571428571,0.6579554197435129
0.1,0.3,83,0.09738946475330051,0.09485277211179037,30.635433843592143,0.08011626748274835,21.640052731580056,0.6722437068842807,6.964285714285714,0.7256448774649695
0.1,0.3,84,0.007805569343863543,0.001923975793362569,2.205288059643891,0.0009620440523595333,-0.9753498290167121,0.563492119499076,5.25,0.5650368965066224
0.1,0.3,85,0.13192043012909438,0.1399551551439701,45.446473040228916,0.1225374228837733,46.49539220554084,0.6406614335935302,6.821428571428571,0.772859979758115
0.1,0.3,86,0.008304177077452223,0.007266370403915714,4.44140177940325,0.0061881106868088695,-3.4396044764366707,0.587867766507933,5.571428571428571,0.6058811203989922
0.1,0.3,87,0.020732653324220772,0.017454653508255723,15.449181798077298,0.017846758139762543,9.192223274334973,0.5695270206681051,6.464285714285714,0.6136477869260142
0.1,0.3,88,0.006752633796605283,0.004092353947409471,5.913402308461414,0.002764058474836523,0.37365459007138685,0.605755175337252,6.285714285714286,0.613961247818773
0.1,0.3,89,0.05997081124767592,0.05261283213952183,26.768981144438627,0.041385737276700585,11.763277153793547,0.6770257043057892,6.214285714285714,0.7298336500238201
0.1,0.3,90,0.03088968337732684,0.03203492433485555,14.051707319867106,0.028189408758439435,8.497152011955952,0.594225338888057,5.785714285714286,0.6482097069466043
0.1,0.3,91,0.0032463224688697094,0.002765892660852229,1.9200413418310305,0.0023967521049006227,-1.5111179313806058,0.5337772576255159,5.892857142857143,0.5504699069370478
0.1,0.3,92,0.002106602799406551,0.0018181789685747982,2.5129046974572944,0.001743905522380061,0.9099292906428502,0.5919923301506745,6.464285714285714,0.6053530226819946
0.1,0.3,93,0.11548540914407864,0.11973805926022517,42.9297368142725,0.09980996677904713,33.697683649123,0.6844018450837287,6.678571428571429,0.7867662914532203
0.1,0.3,94,0.0031637325847312285,0.0009474023771873486,2.9283771870844006,0.0008972602971316058,0.011155246467145238,0.5925383907099289,6.25,0.5857750141281957
0.1,0.3,95,0.04867303699071919,0.04493500408467075,19.55261982822651,0.03827230148367564,6.786749367329681,0.6226386396514793,6.714285714285714,0.6445784027184998
0.1,0.3,96,0.003824778214180774,0.003617363805535333,-0.8708964551348544,0.0031334790777933635,-2.4632074059978017,0.6051668935600315,5.928571428571429,0.6190395174617377
0.1,0.3,97,0.12957474086318907,0.12954801402583746,46.273462173061375,0.11025133265586398,33.66060535613668,0.5982016979878594,6.464285714285714,0.710799691855993
0.1,0.3,98,0.108359120746666,0.10009397393456897,42.78666283776842,0.08133799567082244,25.492283531629564,0.6721167985579518,6.25,0.7406978400493576
0.1,0.3,99,0.035370137150469085,0.03729213812092468,12.059385095558284,0.02623135669874048,15.762230334875474,0.6363507874932394,6.857142857142857,0.6582260920777492
0.1,0.3,100,0.09573495286506699,0.0979223284643081,31.275182723124736,0.07556163506998606,30.26176387340739,0.6180221747208142,6.571428571428571,0.7194859603462214
0.1,0.3,101,0.03855460604266872,0.03399817523964725,15.888464260660854,0.028571034127341462,8.732083589873136,0.5255480868332204,5.321428571428571,0.5632840743716042
0.1,0.3,102,0.030439442413114276,0.023940664179729808,12.439663198691512,0.018783105888414458,-2.0108520284801537,0.5896219772914751,6.214285714285714,0.592739772374022
0.1,0.3,103,0.1057742180419907,0.10065436933728138,35.015284248230856,0.080699430708098,22.578483583863772,0.6752367475503182,6.0,0.761922564366794
0.1,0.3,104,0.007472726558290404,0.003901494484582562,11.317385584848068,0.0034664580102051067,0.2591349031389427,0.6571701603129727,6.428571428571429,0.6545204459982015
0.1,0.3,105,0.13241743114601323,0.13135092670177534,52.761987207153,0.10736564184205682,37.929638954290844,0.6723277325242288,6.964285714285714,0.7949137701160351
0.1,0.3,106,0.005450896198057556,0.003783921480819557,5.361981588815844,0.003170601934475787,-0.04011664746681731,0.5852499243313927,5.642857142857143,0.6131685228835881
0.1,0.3,107,0.08073654302396005,0.08446529156579,20.740768838246687,0.07105586360687827,20.345874448891703,0.6466534256454588,6.392857142857143,0.7296483435796124
0.1,0.3,108,0.00035329765457618945,0.0003446963923490788,-3.830391110066813,0.0004105692379881103,-5.051034074101153,0.5698054314186812,5.0,0.5841611994870141
0.1,0.3,109,0.08956538192208552,0.09933118316070617,24.91895267040796,0.0872222617607831,29.67702117662184,0.6549125480287448,6.357142857142857,0.7532741256294107
0.1,0.3,110,0.0029838560816543083,0.0017090658988025286,0.9607796415117278,0.0025557623655962703,-0.2568461482069703,0.5516891772163554,6.642857142857143,0.568247245407335
0.1,0.3,111,0.10882327504869492,0.10473298314499367,32.657127634815225,0.09090464861306435,19.89948218138814,0.6471477435214467,6.142857142857143,0.7257865906763057
0.1,0.3,112,0.015457181683110008,0.01521370286436423,9.050734771001196,0.013246857706461458,2.3636164266071,0.5757787025042865,5.607142857142857,0.5808520868683579
0.1,0.3,113,0.0024924346473752285,0.0012817216163897441,5.257940673019405,0.0013524593746079023,0.9752780777941533,0.6047420607235239,5.607142857142857,0.6254872221460099
0.1,0.3,114,0.029926627851198425,0.03646042330602408,6.257818419375333,0.03314815285033355,8.615837287081595,0.5683930298406886,5.892857142857143,0.5916293821226032
0.1,0.3,115,0.0026469995070489316,0.001944153759112519,-1.5114201254993915,0.0014984259228749976,-4.783146725488507,0.5841806428810642,6.25,0.6103527661668997
0.1,0.3,116,0.1674733561225838,0.16441940419749565,55.378248685874766,0.1389958812595488,40.17934645742853,0.6422500618297587,6.928571428571429,0.7908569239167478
0.1,0.3,117,0.03384250133698392,0.02902391319137484,15.136168557358985,0.022720004251653485,7.975637656004579,0.5747848502954946,6.178571428571429,0.6204246235359976
0.1,0.3,118,0.15846645913381882,0.1630942051922828,51.77318665971764,0.13890050427134826,41.714308533384546,0.6254368242792575,7.642857142857143,0.7774400151608695
0.1,0.3,119,0.0033812901505863614,0.0025492537325220877,4.915449411576731,0.001701597898781806,0.2941606770991996,0.5909914282718054,6.178571428571429,0.5797819504512616
0.1,0.3,120,0.024530192578193326,0.025753442893354624,17.4449592985411,0.02296243786529973,13.163450304411905,0.6273787122510208,5.571428571428571,0.633248306244734
0.1,0.3,121,0.13507018393682163,0.13722158930335007,32.56195940656603,0.11028887587332689,30.640195769461155,0.6020644658575585,6.75,0.7205467122487192
0.1,0.3,122,0.02834349840074652,0.028009509538547864,10.781658736286822,0.0227601974227155,7.344610618256477,0.5922151929302338,5.464285714285714,0.6312573306776197
0.1,0.3,123,0.006378041751526683,0.00216473074615839,0.9347144952359372,0.0007450007008782947,-4.3404794365047605,0.5970871728285297,5.5,0.6097260153746815
0.1,0.3,124,0.033687185472344706,0.03694605030078459,8.451133068574393,0.03108914698754807,5.829244935386318,0.6078259834447134,6.142857142857143,0.6498373921618814
0.1,0.3,125,0.13588374135600095,0.13883082465387614,40.27680019851445,0.11300919890212162,30.145850507261088,0.6230953393981619,7.678571428571429,0.7347052692354625
0.1,0.3,126,0.09585762141832375,0.09125025349821463,23.47404560740214,0.0759210776917044,12.91308861122639,0.6528435723348173,6.25,0.7119367168283725
0.1,0.3,127,0.006079443440353799,0.004361243522217661,4.71229476842484,0.004691486633292676,3.4506736030030822,0.5794403024740353,6.535714285714286,0.6035242191715464
0.1,0.3,128,0.1335834202663945,0.12864280851998983,43.6118826900494,0.1132678123969903,31.131923662057556,0.6291694030776125,7.428571428571429,0.7353457296669064
0.1,0.3,129,0.06940678253186694,0.0619115521987313,22.510520752914132,0.045586258374674615,10.646190077930848,0.6896457411149787,7.321428571428571,0.7528537939246392
0.1,0.3,130,0.0047734324789759554,0.004793236891217272,3.9521358489543417,0.004086699504972845,2.4976769387301374,0.5409351281786025,5.821428571428571,0.5522514760631938
0.1,0.3,131,0.04152669570607031,0.04151978276076332,16.76037968117231,0.03786278593863487,11.23897518086568,0.6074909775705606,6.071428571428571,0.6359923765353319
0.1,0.3,132,0.0374058924306883,0.03696924417643911,19.635122897302864,0.03311910016254726,14.348716325995118,0.6463095063228109,7.071428571428571,0.6899086358159114
0.1,0.3,133,0.008495609369492644,0.00816573052976327,4.81080006630765,0.006773136121704534,3.49106271359247,0.6267384318796384,6.428571428571429,0.6741807626795013
0.1,0.3,134,0.005629489773438723,0.005563403052525252,3.388153605203307,0.005637870638466962,-3.1278549933573836,0.6144240585480463,5.857142857142857,0.6086939501127351
0.1,0.3,135,0.009440322428654753,0.002944425412397935,8.819249838727153,0.002612167749029002,2.972214306149084,0.6359569128937489,6.214285714285714,0.6380195423313049
0.1,0.3,136,0.002571364690798804,0.0015392091470095035,4.6003568442107365,0.0010398773710140132,-1.193183639454806,0.5436411256355212,5.892857142857143,0.5454091590780386
0.1,0.3,137,0.0852316163902836,0.08859669792045045,24.708035849404176,0.07666638550771218,25.991716804930217,0.6068144185337373,6.214285714285714,0.693469621564319
0.1,0.3,138,0.06145373905762885,0.07077631156918608,19.509786289264927,0.0597742523857779,14.301844985186657,0.6168875481471711,6.178571428571429,0.6597203522274877
0.1,0.3,139,0.003419712642236427,0.0036355351778242164,3.517630019976373,0.002257732865185147,2.2481618404892934,0.5670101700692359,6.285714285714286,0.5692472041627454
0.1,0.3,140,0.009223854045215078,0.006215220951086799,5.309026619671641,0.005361134664378383,-1.751564404894945,0.5682438110163407,5.035714285714286,0.5850949134266207
0.1,0.3,141,0.03725007952491047,0.028035012097553925,28.034851102029336,0.02710284998376061,12.365774226386469,0.7026572387304185,7.607142857142857,0.7203365916592658
0.1,0.3,142,0.008068644239525042,0.009561634563077024,4.663409626766956,0.007764924567593994,3.465708359875985,0.6068355567319376,5.964285714285714,0.6218975396986216
0.1,0.3,143,0.08391359661769825,0.0832347432372297,25.7515455372874,0.07126888362192502,18.914551883397596,0.6402697664192598,6.678571428571429,0.7143695290222425
0.1,0.3,144,0.09824707017647395,0.09395274175251132,28.297141821023168,0.07916090609275782,10.248521900924976,0.6802731470452571,6.678571428571429,0.7443580823787477
0.1,0.3,145,0.08222988806148974,0.07666868659383996,24.144694352355106,0.05696896156862203,17.11372244085355,0.6605964786265064,6.142857142857143,0.7283930113610312
0.1,0.3,146,0.040030894326553275,0.03442807321135758,14.745680019599135,0.029207391318656187,5.0009694024906155,0.6298521678197536,6.0,0.6470330316456645
0.1,0.3,147,0.0960808914382537,0.09507851998061659,33.24549968265633,0.07908542725789491,24.068166812971985,0.7029240343649369,7.321428571428571,0.7843990602188158
0.1,0.3,148,0.004595622511129436,0.0032115257525170706,6.794644339296504,0.002812323015764342,2.8943957756556244,0.6207045010304412,6.392857142857143,0.6374133107349931
0.1,0.3,149,0.10097625355593891,0.09878745945686136,36.74503624455993,0.08305609215192569,20.768134823650623,0.6553200467906516,6.107142857142857,0.7307516828720453
0.1,0.3,150,0.10451165436113635,0.10387273869904996,41.15900621807998,0.08876039991110761,32.34637153287572,0.6959621395186494,7.678571428571429,0.7769769351312931
0.1,0.3,151,0.12213079991560231,0.1281695609693334,31.814661143681807,0.11224765020324155,34.31442880822275,0.6192442129829075,6.642857142857143,0.7373179965554003
0.1,0.3,152,0.027015123113895454,0.028110853027223374,10.095078778551617,0.024476195385690968,10.492224691768902,0.5877393112115576,6.392857142857143,0.6100676096943767
0.1,0.3,153,0.05416006734731235,0.05149463800501349,15.076834609530529,0.0431484473480177,14.010411907939206,0.6246044632094966,5.678571428571429,0.6938954652883829
0.1,0.3,154,0.12030943123955783,0.12005253358838942,36.762471898687664,0.10170715450023553,27.830822385514455,0.7090155095177414,7.357142857142857,0.8132413750816424
0.1,0.3,155,0.07660988330685121,0.08016893777724461,19.299729298053748,0.07139936166960657,16.05551079977927,0.6444499032729094,6.464285714285714,0.72759546843818
0.1,0.3,156,0.02855160631818541,0.024581684384835403,16.50302148425331,0.018884672467723695,1.9501302824772893,0.6478250131825345,6.5,0.6729875312038254
0.1,0.3,157,0.008127173126583365,0.0077382811005515485,2.551582723396926,0.007639850325095148,3.5065546536293084,0.5516827537205459,5.892857142857143,0.5626806893108031
0.1,0.3,158,0.008162432278995485,0.004696711589630247,6.144637005376254,0.0053686087855564085,1.8320912144531196,0.5627968589007798,5.678571428571429,0.5687969586890399
0.1,0.3,159,0.054286434543314575,0.049617984925284596,14.908467953037345,0.038594450955554166,11.021674572495423,0.6012679553110353,6.107142857142857,0.6577738047428824
0.1,0.3,160,0.00721634820846505,0.006043263048176495,4.991060409064005,0.0016923725077066546,4.398286499340675,0.5234728117079125,4.892857142857143,0.5305181271480122
0.1,0.3,161,0.058639746634707855,0.05691916838762029,27.144636813235454,0.05077036635401,23.91891617057708,0.6624729869322906,6.75,0.6978015959820518
0.1,0.3,162,0.009985150591401476,0.008433909573346785,6.3246200318826595,0.00747326340409572,6.103284723918591,0.5382120321553389,5.964285714285714,0.5284073053950031
0.1,0.3,163,0.007280746757433478,0.007132257622456161,3.59545693680473,0.004329299246969333,5.2530584214545115,0.579578363769067,5.821428571428571,0.6056562340352294
0.1,0.3,164,0.10253171647517413,0.10010303713047067,39.655967839894394,0.08329632387166348,27.950223388339243,0.651716211400092,7.25,0.7355325851092367
0.1,0.3,165,0.04142257418251449,0.04265570327561143,17.38413129671575,0.038418754819045504,12.141113195690858,0.5936855846469937,5.892857142857143,0.6407961415824719
0.1,0.3,166,0.007620605971685105,0.007237957909585788,9.281878610603535,0.006855190901218929,1.6725654678065969,0.5467617439394648,6.535714285714286,0.5591934318496474
0.1,0.3,167,0.08442533029998711,0.08053039255004184,39.39430500084289,0.06376816569726397,27.73249045551367,0.6823179898751285,6.428571428571429,0.7444750116201262
0.1,0.3,168,0.003381488321691916,0.0014393557335221532,4.5632710935496235,0.0009732230729709823,2.4826288768634868,0.5608004723076152,6.678571428571429,0.5715607636180534
0.1,0.3,169,0.08543168924920817,0.07926064847375767,36.42798762144919,0.06617473120317326,22.850145985936987,0.7039699528959096,7.285714285714286,0.7830238918727694
0.1,0.3,170,0.006175153016003881,0.006274469050075913,2.465872319940182,0.0054956481485718646,4.489490575973757,0.5816361996607895,6.285714285714286,0.6050464417549222
0.1,0.3,171,0.0744708153666231,0.07602606828732911,31.493884961830275,0.06522998064175424,18.90296580734767,0.7038043411201256,7.928571428571429,0.777019874566256
0.1,0.3,172,0.0836661738401443,0.08177390917114874,32.11531183360285,0.06621133041790823,21.413907467625847,0.6675772651523368,6.535714285714286,0.7246020798588899
0.1,0.3,173,0.11030034616433787,0.10887552046115455,44.57972047039633,0.09234888830801363,31.769485142547367,0.71851979148498,7.75,0.8179840653456727
0.1,0.3,174,0.006753812627054484,0.006282260147824595,6.150306005491792,0.006046213082893092,3.768366932596924,0.6433563836395679,6.785714285714286,0.6486657360171952
0.1,0.3,175,0.002726817317733775,0.0013035844470928545,3.2956446786387588,0.0008122924743629138,-1.1337892916353667,0.5567887330695341,5.964285714285714,0.5517753804260177
0.1,0.3,176,0.10656520461295145,0.09757458806217469,40.486144661496425,0.07588190793911084,21.160124164553384,0.6744806639723439,7.178571428571429,0.76728776076585
0.1,0.3,177,0.0025356300836627227,0.001298847832399504,3.7304216044964633,0.001008930921702065,1.4615421965969897,0.49806633337791395,5.785714285714286,0.5270583794911724
0.1,0.3,178,0.030506148582368713,0.03247185622792753,9.84968327276237,0.026293087538924616,5.474234316828576,0.6013451764132,6.142857142857143,0.6221282096592695
0.1,0.3,179,0.00340743858908641,0.0015331802808206385,4.61026357654395,0.001150089093475412,3.0811757169961047,0.5979694379297602,7.25,0.614061258781958
0.1,0.3,180,0.08796520961310357,0.08560712070708758,31.070218046200715,0.07398603263546796,23.313138814040343,0.6341733038860847,7.964285714285714,0.7015044860519534
0.1,0.3,181,0.00571231906842406,0.004347577827323739,7.748953310470789,0.0035820116958646996,2.411670782591083,0.5958801889426312,6.428571428571429,0.6060739606067951
0.1,0.3,182,0.035849789178933084,0.03337469341697725,19.91796764378943,0.027195272712047924,9.108726857396599,0.5992518002108695,7.285714285714286,0.6397707450591952
0.1,0.3,183,0.01880940185995766,0.018390712005583603,10.76391968087237,0.013130879273870587,8.076120918182909,0.5663471455346781,5.392857142857143,0.5948570013465371
0.1,0.3,184,0.07134307171443235,0.07280213727090704,23.865436461672044,0.057920526385889674,13.083801535368261,0.6616556109218934,6.535714285714286,0.7235312393517381
0.1,0.3,185,0.021312054623145595,0.02044916297085641,14.407426743500878,0.01583854584234369,14.087439563900281,0.6499022473774757,6.321428571428571,0.6477190467037066
0.1,0.3,186,0.015210804889726925,0.012675877825003798,10.305387719477338,0.010960975767038786,-1.5683184768552774,0.5730274637251161,5.928571428571429,0.5991441554030154
0.1,0.3,187,0.05398769074083965,0.05311439583353576,21.565359418353033,0.04385995158087297,16.305872768189985,0.6241557180858838,7.107142857142857,0.6908968664426811
0.1,0.3,188,0.050796575472251505,0.04762744326750429,27.710067365938265,0.04270344101530672,19.01663305828403,0.6485380356354369,7.0,0.6841059480315858
0.1,0.3,189,0.10294971302094787,0.11300808198896214,25.509746407340618,0.10359918538756789,31.21270201757564,0.6499601248929189,6.535714285714286,0.7395559367387357
0.1,0.3,190,0.0022677449836325738,0.0021288129356340866,1.8459152808224246,0.0017260807728854475,0.012233091214833772,0.5930279811795022,6.071428571428571,0.601185030838214
0.1,0.3,191,0.007713053189146199,0.0044600451046197505,-0.8820168549127914,0.002716391397010711,-1.4322695350942165,0.5554117519527785,4.678571428571429,0.5696296658809541
0.1,0.3,192,0.004085336065252242,0.002158206204055033,-0.7656716007394238,0.002075649671997035,-5.666353818282583,0.4999531249468697,5.321428571428571,0.5319451768727278
0.1,0.3,193,0.07962917092211826,0.07627426501338304,24.438383170818085,0.06448511917697125,11.595291915999463,0.6786766173117954,6.535714285714286,0.7300334506647442
0.1,0.3,194,0.011931434664731542,0.008007054820929104,13.747981520452115,0.008367322440067902,3.7919416446866117,0.6761715808246678,6.714285714285714,0.6838419042023016
0.1,0.3,195,0.004391305323595715,0.005031386105137059,3.8596133177900427,0.0048038206123426986,0.4525454003978571,0.5700869072863488,6.142857142857143,0.590064642558298
0.1,0.3,196,0.00836178419681654,0.006173172285175359,-0.6525677039388427,0.005187746120941488,-4.167973001940766,0.5918463936452307,5.107142857142857,0.6111906333330788
0.1,0.3,197,0.08827897595281443,0.0911090108815692,24.612166588900042,0.07086268953809402,20.673581017558504,0.6861292726924708,7.142857142857143,0.7507739621925065
0.1,0.3,198,0.13660752531523537,0.1374299663219178,39.1895422746727,0.11399015435363763,31.34147485008017,0.634310853087089,6.678571428571429,0.7234648336010645
0.1,0.3,199,0.01172291207935171,0.012414568020136674,1.2046567877911016,0.012040520248395838,1.448831919275932,0.5775911138472828,6.107142857142857,0.5946353135633127
0.1,0.3,200,0.02140032398946384,0.021107345733385584,12.588359440355497,0.020160364292119915,9.843026854490205,0.5935265484435469,6.214285714285714,0.6378949787420376
0.1,0.3,201,0.06776702477534478,0.0607946849161619,21.988181193591217,0.05174991746280316,11.825377124580262,0.6975510406181191,6.964285714285714,0.7335500586227895
0.1,0.3,202,0.0029537212667427423,0.0011818107244327646,3.6414503273051864,0.0009389614878921138,-0.5063365023631737,0.5887306704433611,6.142857142857143,0.6105463205231877
0.1,0.3,203,0.0032700452340785734,0.0023883468748393632,0.2774349729345005,0.0011161415436514769,-2.518602064310888,0.5972894102986886,5.5,0.6078938020566783
0.1,0.3,204,0.005187293009705528,0.0030058920181651205,7.8576235427304155,0.0021604841207700873,-2.618298844845403,0.5861301202415927,5.785714285714286,0.6104909488695284
0.1,0.3,205,0.013051394062114282,0.008089277917508728,7.908820346411375,0.007418593526180328,-3.054608800672819,0.6074213296244203,5.285714285714286,0.6100836428307859
0.1,0.3,206,0.005075733179933751,0.005834761679558703,0.2615669332557786,0.00525428322184412,-1.7820487528950462,0.6067525807069527,6.0,0.613559453799323
0.1,0.3,207,0.015264814040574205,0.009352393791743175,13.884784648152682,0.008828290083608114,4.715310569211776,0.624146240170176,6.535714285714286,0.6267537896301929
0.1,0.3,208,0.093717221001906,0.09489742792809609,22.28858736136954,0.07598330676466257,18.745326238217725,0.6574498139194647,6.107142857142857,0.7367542919984476
0.1,0.3,209,0.006435543365467803,0.005991891912661642,3.7045349418919855,0.002902420927135217,2.7228337814328065,0.5791309343824713,5.571428571428571,0.5963867677519372
0.1,0.3,210,0.1187486117016876,0.12380679370073701,31.272033074870986,0.10638383672556775,32.005505948740804,0.6106475878920674,6.357142857142857,0.7142933967703722
0.1,0.3,211,0.008537811348092604,0.008903517949667043,2.638276268134419,0.008820943747535014,7.306695011291566,0.5667694831243708,6.392857142857143,0.6227420554866114
0.1,0.3,212,0.009167507462405822,0.010264892635095795,2.7506961084136563,0.008949777759133436,1.7940604741958357,0.5970631352672922,6.035714285714286,0.6045550472466809
0.1,0.3,213,0.007207698324483086,0.005408998859426667,3.9485343654479195,0.003153307659491114,0.5137116151043889,0.552820411903213,6.357142857142857,0.5561983433957944
0.1,0.3,214,0.005514740702051633,0.0047062486087723196,4.804409793917024,0.005030216665755141,-0.8181103805572244,0.5758692697132287,5.714285714285714,0.5925062257025752
0.1,0.3,215,0.0613756123024306,0.06554329013107094,20.551033888581177,0.05501640801757431,18.318172656483053,0.636841664978497,5.785714285714286,0.6929442195063915
0.1,0.3,216,0.013481364458415628,0.014535536635181775,0.892710640461317,0.011276660150804314,2.4504715358779285,0.5677524967851512,5.285714285714286,0.5894531001112809
0.1,0.3,217,0.11034141301333814,0.11586642344217389,37.85791709118904,0.10008155823509525,30.858604564871342,0.6467133415174559,6.428571428571429,0.7501073699615699
0.1,0.3,218,0.05890679054862342,0.05919476525193365,32.1857045392743,0.04774368488977879,23.39179724229552,0.7100943469229802,6.821428571428571,0.7515408872563678
0.1,0.3,219,0.0317768578078164,0.030355715383325252,13.845730608168878,0.02461532083431357,9.91336556333072,0.6071684430535834,6.678571428571429,0.6376578210944486
0.1,0.3,220,0.009461830252898049,0.010520468460315706,4.221100029994247,0.008180292865850933,6.765415149926365,0.5498499897301604,5.107142857142857,0.5644781608137763
0.1,0.3,221,0.0033951923439075756,0.0028996876820728003,3.135196307960001,0.002830130758473664,1.1745086227701051,0.6262581562585944,5.535714285714286,0.6241040271733298
0.1,0.3,222,0.009539099335126632,0.008793221094674963,3.8596096079668243,0.006049892949139987,-0.08430810489386431,0.5489059756340775,5.607142857142857,0.559658825317978
0.1,0.3,223,0.029671135432569426,0.029216985621756,20.661309922757034,0.026752808704806445,14.243629264509366,0.6681349144687407,6.571428571428571,0.6736774891661789
0.1,0.3,224,0.04269994853885526,0.04514456130766941,16.151125180673404,0.03668213167841631,10.384411964199623,0.5672429204113695,6.25,0.6121717928840043
0.1,0.3,225,0.04900988535971998,0.045477222439878104,23.748197889159528,0.03900392460394977,14.7101906524773,0.6339075848592428,7.428571428571429,0.6681675821438356
0.1,0.3,226,0.004389389351150677,0.004813571604846076,0.9471676938606706,0.006103421521222809,0.7965976356516838,0.5825025979694852,5.285714285714286,0.6055613931047386
0.1,0.3,227,0.09541387960320247,0.10168017879510094,26.681088779774345,0.08767566063605156,27.60282249081646,0.6114704476072872,5.928571428571429,0.7102853440119387
0.1,0.3,228,0.09256432670767842,0.09565112031538406,28.549567633244557,0.08069831902188862,23.56429479382255,0.647867790259142,7.035714285714286,0.7353220320073204
0.1,0.3,229,0.12361571262830377,0.12285726050988842,26.97373408843795,0.10699700404356942,24.536544878823715,0.6311891480339228,6.607142857142857,0.7093665266062228
0.1,0.3,230,0.0464933097142844,0.04621599013816626,9.222370034359727,0.03984120463114752,5.792397841201487,0.6319018201220024,5.714285714285714,0.6825009445745287
0.1,0.3,231,0.03802638593413976,0.03701459066727199,9.654781930677501,0.029930949235154762,5.697771170523907,0.5830109443903992,5.75,0.6135655190322307
0.1,0.3,232,0.11560412575858521,0.11297004699244816,33.586706417285086,0.09397111473744141,23.65464519504475,0.6904145019166229,7.071428571428571,0.7473946216200176
0.1,0.3,233,0.0744775992276506,0.0769788714564,27.560701490499337,0.06296269586819418,20.2829950927327,0.6121444553550922,6.5,0.6743104258924572
0.1,0.3,234,0.009438751937299074,0.006407867632200886,12.408158075043346,0.006127110006811068,6.422133575782794,0.6493651961053966,6.5,0.6513885629049722
0.1,0.3,235,0.05249382457427426,0.04991809473668785,23.77839679251946,0.04102400508619886,15.52540920200812,0.6431864945488496,6.392857142857143,0.6585871192829793
0.1,0.3,236,0.012580289879480957,0.011647488139508111,8.318524691632206,0.010003052701689902,0.7609921930994309,0.5686864981766117,5.535714285714286,0.5790580352313688
0.1,0.3,237,0.011678523189131464,0.009665435040093756,11.5847414928799,0.009314652131535909,5.415676410350794,0.66741654439876,6.714285714285714,0.6869926468505918
0.1,0.3,238,0.03876158447134283,0.036550030017893156,16.268256864416507,0.030033688125394635,10.204508768801341,0.5880578456418719,6.5,0.6263786906822799
0.1,0.3,239,0.023234892521245564,0.01661524780829695,21.477881767098012,0.014109591059513356,6.908226038464666,0.6448415460643571,6.428571428571429,0.6653396849029025
0.1,0.3,240,0.022338914417463458,0.021418393229241783,14.235201226110213,0.018096200819603222,8.442983965717966,0.5557162254629653,5.821428571428571,0.5739309319138328
0.1,0.3,241,0.08502758513497952,0.08164715161088063,32.49299773647576,0.07152812589175024,21.74895728576537,0.6484405003388988,7.607142857142857,0.7124022511147141
0.1,0.3,242,0.007027617288160047,0.007003341315205204,3.516281331637579,0.006125926400227681,1.1631914012283175,0.5760491151640291,6.142857142857143,0.5753577100609555
0.1,0.3,243,0.0004377694657127318,0.00012438291495029665,2.155889787802643,5.523535386695238e-05,-0.9030162288335172,0.5813084268420646,5.678571428571429,0.5948477073578029
0.1,0.3,244,0.00286311048880024,0.002836796748683078,1.9221306607764461,0.003805123369340532,0.8358218728358603,0.647258451761089,6.357142857142857,0.6548203581866041
0.1,0.3,245,0.0017862074976384224,0.0015611097516409394,1.7531152598212643,0.0009873878798584911,-1.7100014997178714,0.5491295976461079,5.571428571428571,0.5507341217596311
0.1,0.3,246,0.03780411831415176,0.03601224979674302,9.781598906288409,0.03166802137496651,7.9036226790114865,0.5930839274273546,7.0,0.6372118303363647
0.1,0.3,247,0.006287969877244751,0.0050306509979482945,7.4099220977598605,0.004309708543711939,3.239012066358233,0.5375090145721495,6.178571428571429,0.5342951679591992
0.1,0.3,248,0.01015674242144497,0.010703826642588146,5.901241592014102,0.008538441448968263,3.7983539486911297,0.600181946751842,6.678571428571429,0.6255949579829483
0.1,0.3,249,0.10461344750030348,0.10155025024731588,29.31756656716823,0.08487049836523858,22.175977372636353,0.6489816509000256,6.678571428571429,0.7227089426342175
0.1,0.3,250,0.09940363686829706,0.10180636875699134,22.187406808579404,0.08330861367157692,16.523773469044272,0.5552265934781445,6.25,0.5970042446722801
0.1,0.3,251,0.04562897612424912,0.04781084863078405,25.143587724475417,0.03731595853330631,17.67587064475173,0.6781034412059952,7.142857142857143,0.7240970360619989
0.1,0.3,252,0.07805890325840184,0.07832835049468968,27.811101089595066,0.06502089306225046,20.402197766748017,0.6978326509703212,6.25,0.7663462616019142
0.1,0.3,253,0.05801907990112045,0.051466262425207694,34.06431689905184,0.04277633042293507,18.204923695952534,0.6172571768375956,6.892857142857143,0.6169892072197937
0.1,0.3,254,0.027827707700329513,0.02766687034480737,12.236869208953685,0.024005029380452368,2.8338857848480266,0.6341184233044161,6.75,0.6539971763272995
0.1,0.3,255,0.007599430129461525,0.004486537462583775,9.823376731364583,0.0039870278749171905,1.3407397143397664,0.6365858540179294,6.607142857142857,0.6474103233311792
0.1,0.3,256,0.059939489954226814,0.060523620054916655,25.721610222655755,0.05155505756033926,19.898169513388154,0.6574496171172447,6.178571428571429,0.7135582563433069
0.1,0.3,257,0.057076269987390196,0.06184009241059591,17.85166254445068,0.05496296481000836,13.706594136073685,0.6988474127733195,7.464285714285714,0.7527827311211692
0.1,0.3,258,0.005986633976053726,0.0042918455352559445,2.28743987341511,0.0033096832727192963,-1.3401036167378966,0.5362351619680238,6.25,0.5591945684521658
0.1,0.3,259,0.007988319233527242,0.007867826601908686,4.625658831468179,0.007242330949256664,-0.4343312736488277,0.6305878443407398,7.357142857142857,0.6397344643044724
0.1,0.3,260,0.13087573480343445,0.1396028959011964,28.025068576318436,0.11826336067803499,27.638843695893332,0.6249071428428415,7.642857142857143,0.753409250569512
0.1,0.3,261,0.051308879971529345,0.053569221839170345,20.401691711455662,0.045314536715511694,17.00074244308064,0.6053625413760376,6.178571428571429,0.648873251473443
0.1,0.3,262,0.010147601813634865,0.009113337079734394,5.571425748394887,0.0059857985919526905,-0.9491463537702316,0.5528224327417477,5.75,0.544412248026726
0.1,0.3,263,0.0028910962271934577,0.002852431744312878,0.8844712590514305,0.0032031030193613867,4.237077256549621,0.5376960386600655,5.678571428571429,0.5601241986694498
0.1,0.3,264,0.04620468170468226,0.04243038233967145,20.86216696360932,0.03542577779712226,13.545252289899755,0.6151006308711214,6.392857142857143,0.6594216571090381
0.1,0.3,265,0.04294092500223514,0.042822951026019615,13.13648709178426,0.03386914131268766,10.18925180077656,0.5874456022001022,7.035714285714286,0.6457210905866122
0.1,0.3,266,0.006153512781949743,0.0030679602524168017,7.061687908008118,0.0042698511532586175,0.8286463843344336,0.5934412712438615,6.785714285714286,0.5725719174053482
0.1,0.3,267,0.010466726205522924,0.00877241350169289,3.4415018716405896,0.006552943757560407,-1.7595127192573632,0.5377669858302024,6.0,0.5393897523745952
0.1,0.3,268,0.08466272199665924,0.08256199980565491,34.380447938426244,0.07227909214183399,25.801576996058216,0.7116392976785056,8.178571428571429,0.7826401125003137
0.1,0.3,269,0.00367508619512396,0.0014457575717287032,3.7801563943670473,0.001335398443623879,-0.9849132847542895,0.5908307109681786,6.5,0.569981972427924
0.1,0.3,270,0.055258420480135344,0.050920103120476394,14.981643745906737,0.04085856362272482,11.296372945728857,0.6889708442333472,6.178571428571429,0.7244458724508376
0.1,0.3,271,0.011569913592649049,0.008570229974672649,7.504531928398507,0.007247258053316114,1.1196759857348582,0.6343033751800663,6.107142857142857,0.6256784731219731
0.1,0.3,272,0.04194973314264082,0.04111917409710182,20.304146688245815,0.03108879848166821,14.084796205404166,0.6913120051315019,7.178571428571429,0.7159678134484831
0.1,0.3,273,0.046916629900264864,0.04735501919140706,13.75000164174834,0.041623482720464414,12.544406173100128,0.5787463956676834,5.785714285714286,0.6377172261782835
0.1,0.3,274,0.05672674597615933,0.05875215690393152,17.001323981379333,0.051145338276875306,18.176129741648225,0.691189414488296,7.321428571428571,0.7437112046693684
0.1,0.3,275,0.09260469840923906,0.08885139176021602,33.456002258605125,0.08057934447936298,23.65448122461771,0.6395581573598623,7.785714285714286,0.733480494525295
0.1,0.3,276,0.017168031948473758,0.017883616966732657,15.427793976215266,0.016734837489188536,4.522310458098805,0.660967221189602,7.428571428571429,0.6896099708727499
0.1,0.3,277,0.004493364525706942,0.003179955685646176,2.1351463232779935,0.0033684373166903447,2.2348536109582446,0.5791889598029752,5.642857142857143,0.592456436477214
0.1,0.3,278,0.134306304403895,0.1295910451842136,43.57332630078416,0.10705502198731583,29.789465632979386,0.6227421507541578,6.464285714285714,0.7446144113927082
0.1,0.3,279,0.02042671936309183,0.017309788949758344,13.113322683562622,0.012564542289753561,3.886468633715358,0.5797103766024801,6.678571428571429,0.6068048262013798
0.1,0.3,280,0.022464128449445696,0.020825100588791865,12.447558576943045,0.016868795950380357,8.339772488839989,0.7190980199932661,7.857142857142857,0.7340682789621498
0.1,0.3,281,0.10318190695369088,0.10714449405428628,31.98547808018852,0.08891611064922116,26.593754187787088,0.7034385149205374,7.035714285714286,0.7924748926892574
0.1,0.3,282,0.010898299664310428,0.01269499904911453,2.383795859959932,0.0129808274897001,7.070927776998872,0.5347770537461586,5.5,0.5703708313072094
0.1,0.3,283,0.0016283323976086618,0.0019040079685292215,1.6236257370130858,0.002177349602577659,0.05584347657541381,0.5371136080167074,5.857142857142857,0.5548388863164178
0.1,0.3,284,0.09116237885662785,0.09455700919031403,29.760283265737506,0.08027090149607413,23.038943226324907,0.6266362317042102,6.464285714285714,0.6905408483352754
0.1,0.3,285,0.10491927934971651,0.10546356354369771,42.696783584641764,0.0882342084443544,29.50964611616807,0.6968683245921542,7.571428571428571,0.7965680799938438
0.1,0.3,286,0.13458361628382895,0.135764411993217,36.95228847604933,0.1179198454863361,27.174459443858982,0.6267263319139802,6.107142857142857,0.7495055942494672
0.1,0.3,287,0.018262848563582918,0.009061152292274968,14.081876078585204,0.009340879888076699,-0.6786535144801084,0.6034273440899,5.821428571428571,0.5996374710712656
0.1,0.3,288,0.04173460706906913,0.04393703180624549,14.426396204845805,0.036260846445292344,10.056441254318969,0.6096425853086398,6.357142857142857,0.649509346546542
0.1,0.3,289,0.027305878800906864,0.021708999406553513,10.093400969373,0.016021456634460994,6.0160273264419,0.602774804187855,6.392857142857143,0.6265927541760448
0.1,0.3,290,0.08888426017454962,0.08953784243615429,26.52174584239452,0.07658493966132324,19.38269492862563,0.6835299366733134,7.071428571428571,0.739979487140904
0.1,0.3,291,0.02019058444337501,0.017984034447619972,13.148668770901338,0.013072111078066067,6.616660736698283,0.5644774937318547,5.892857142857143,0.599604107261059
0.1,0.3,292,0.04324114420722664,0.0439088282944539,14.122443971607183,0.03872989221828901,8.875754563147524,0.6309539014768102,7.035714285714286,0.6466619359526392
0.1,0.3,293,0.02462646374260597,0.020045852351243638,22.751549953713088,0.017294459750991517,8.78124163118155,0.6416627493037776,7.107142857142857,0.661860675353827
0.1,0.3,294,0.03667335028842318,0.03770009396426267,15.544538358519901,0.03110878404228147,9.22852795291889,0.6174684633816365,6.428571428571429,0.6420012621216584
0.1,0.3,295,0.028670274775497086,0.027006986060819426,13.75502596989731,0.023386892220165732,6.540643890545501,0.6588056371632848,6.892857142857143,0.6758199446795438
0.1,0.3,296,0.08717413767225837,0.08034295416854133,31.93667634065672,0.06750557932478024,15.17964363475951,0.6945917416082535,6.25,0.7733810063992683
0.1,0.3,297,0.03687150305485762,0.04016423528885487,14.610560161707781,0.031825044892278456,13.0974917162391,0.6285934625900911,6.0,0.6731462230439311
0.1,0.3,298,0.0011476580468176298,0.0006458909381053243,1.4783872908121225,0.0007556976956391103,1.9810192871902548,0.5707981909550626,5.464285714285714,0.5849882136079073
0.1,0.3,299,0.008746070713306438,0.002954022169417668,16.205149434636702,0.002960973340811706,3.0370630811850767,0.5915554294960593,5.392857142857143,0.5923785942923514
0.03,0.0,0,0.004295498599752449,0.0036723307342199163,3.253929845618103,0.0022845660179355034,2.277074439218751,0.5447128152673066,5.607142857142857,0.5731357024297359
0.03,0.0,1,0.010552818932730062,0.006627875176587454,0.5295238920968615,0.006803432633008399,-4.371917335763641,0.5622886182589161,5.785714285714286,0.5833172369126394
0.03,0.0,2,0.002761194894054263,0.0019624679299499737,-1.6286233084364454,0.0015390635428959357,-3.142659396346479,0.5955569000037163,5.821428571428571,0.6139191532918769
0.03,0.0,3,0.00786309745265558,0.006723079962196846,4.500756232453803,0.006021895430881493,2.4433954224962804,0.5638246074941253,5.5,0.5904226723515771
0.03,0.0,4,0.0028287528359883392,0.002914905291373765,1.9299033021042789,0.0030278956862828874,-0.8039860684829515,0.5551612105158988,5.071428571428571,0.5607248076037461
0.03,0.0,5,0.014216392196136612,0.014322969004218844,-3.090813941191975,0.014696982931688673,-2.3984992950408923,0.519010446901804,5.25,0.542549688427326
0.03,0.0,6,0.004183704549126302,0.005191548799213673,1.0436384882774803,0.005762439037028624,-0.2970108226708324,0.5258632758307601,5.25,0.5405293824801806
0.03,0.0,7,0.0033586658872345344,0.0016676313585717915,1.1544519695032776,0.001315696431190042,-3.6193975587469445,0.569252223297188,6.321428571428571,0.5817175443062874
0.03,0.0,8,0.0020991877043606104,0.001184677046660757,1.643967472230564,0.0012406760567691992,-1.9803552721646913,0.5728107700329355,5.464285714285714,0.6008256330985411
0.03,0.0,9,0.005493099645630744,0.0023798654306148867,1.1006247425476374,0.002052895283626942,1.5683966967198348,0.5241433855460519,5.392857142857143,0.5672861121892769
0.03,0.0,10,0.007816868422634505,0.005268768849272001,5.413072775879783,0.005013562382066701,-3.016041116265948,0.5858624514886451,6.392857142857143,0.6215259209672693
0.03,0.0,11,0.006306839715609272,0.004039202163425178,2.600885344549191,0.0026444414800144444,-3.9763952979337396,0.5884156983472345,6.178571428571429,0.5918722931917897
0.03,0.0,12,0.010191305743210217,0.007608303514729913,1.9589463043678847,0.005837336299097967,2.7828791269969693,0.5667244132675765,5.75,0.5630382362994724
0.03,0.0,13,0.0058727922481775835,0.0037200426533127726,1.7104387004194876,0.005194045589212925,-1.2925812096542681,0.5886312748665139,5.25,0.5867592314416485
0.03,0.0,14,0.011386422119457269,0.01145616106859009,6.256314869773654,0.009431659676498394,4.378779505550047,0.5998649207712512,5.571428571428571,0.6381614164775108
0.03,0.0,15,0.006548176623236331,0.001674090440806655,5.02687416772288,0.0014489438282413668,0.7957055316179454,0.5608434148299699,5.5,0.5995299162860561
0.03,0.0,16,0.0071076745517611685,0.0027967584529900395,2.276144504823314,0.0026605128256745212,-3.1021170215533025,0.5442856989033786,5.214285714285714,0.5661931733128083
0.03,0.0,17,0.016132182034831653,0.016917316873998594,6.690152819913479,0.01563527755339724,9.549624442990497,0.5625945139289452,5.75,0.590226673796953
0.03,0.0,18,0.00260574329975967,0.0027907003670580304,-1.4265508665195483,0.002803774268250923,-0.14301728618059428,0.5773869840996644,5.428571428571429,0.5948291495556228
0.03,0.0,19,0.0016323321946570472,0.0005333756568075689,-0.2296714887545548,0.00026201756988330084,-1.1648551478761722,0.5809643953132111,5.392857142857143,0.6079852935301904
0.03,0.0,20,0.012421051775732493,0.00829813927584646,5.933844841714993,0.004484617395303358,0.963417053876384,0.5768963779555588,5.321428571428571,0.5775492305927674
0.03,0.0,21,0.012490805666428814,0.007114533500507214,15.117857147154659,0.00568240834950312,1.4521567069749703,0.5648819187214976,5.821428571428571,0.5708097912231664
0.03,0.0,22,0.004502478769904984,0.002731796273476108,6.222575109852315,0.0020539255968986415,-2.6415684290735633,0.5861325238053791,5.607142857142857,0.5928591558721656
0.03,0.0,23,0.008022964606696516,0.007319562362098024,4.68296435219343,0.009642267877315982,0.38499002157393153,0.5817304168845477,5.071428571428571,0.6127479900102296
0.03,0.0,24,0.005170635198831537,0.005618667681552474,1.27361108402836,0.004613572297752435,-0.23023657219697688,0.6120480192515089,5.75,0.635125128696975
0.03,0.0,25,0.002908824210963043,0.003459817095020903,-2.653757438069107,0.003712473996460157,-0.2400618084908975,0.6178304892074868,6.107142857142857,0.6391160921839161
0.03,0.0,26,0.005009035738147687,0.002657357972020095,2.620315723966428,0.0013928540719369352,0.9261126507904957,0.6118865439627036,6.107142857142857,0.617252677718604
0.03,0.0,27,0.0033353095031867703,0.005688021392285603,0.23017120236329447,0.0069262409151753575,4.484004609838014,0.5851836618316947,5.428571428571429,0.6083795839613335
0.03,0.0,28,0.013954801426703058,0.010413688281292872,14.275429231607468,0.006507965682301074,4.2269404463227245,0.5593714522656618,5.5,0.5668809083622719
0.03,0.0,29,0.004656635274714985,0.003988210402566847,0.11189648140485531,0.0038832724503694263,-4.951248378871895,0.5768829019164016,6.035714285714286,0.5916456667197467
0.03,0.0,30,0.010189581350848447,0.005164507780378389,12.573920396491651,0.004292586533792765,3.7316407349277276,0.5737013568582451,5.464285714285714,0.5981890572425769
0.03,0.0,31,0.01762210833221178,0.015769268475130944,4.8157271785297695,0.01420591822886059,1.3369134804474356,0.5362889177478379,5.285714285714286,0.5556657797361585
0.03,0.0,32,0.005898316310844248,0.0031588290602448405,5.349917945473365,0.003643636319108571,-1.9183387626786441,0.6233662481816611,5.892857142857143,0.6430419172822832
0.03,0.0,33,0.0044466488612386204,0.0012394398365646031,5.992484463189392,0.0014642934490116462,-4.394756713481324,0.6135373612668867,5.857142857142857,0.6528259426366466
0.03,0.0,34,0.0014613658997186007,0.00045379063039259677,1.0214557296568216,0.00023135124986304763,0.5768124562684042,0.5665578108386675,5.357142857142857,0.5793535619445682
0.03,0.0,35,0.005053885665621781,0.0025395952447184724,0.6181403383000728,0.0024413836912738143,-4.112520783861129,0.5948164638935837,5.785714285714286,0.6086932963148264
0.03,0.0,36,0.014252844198552205,0.005371182826321766,6.827207183742381,0.0017218241661988572,-1.075680278004351,0.516581643040437,4.964285714285714,0.5361830546837426
0.03,0.0,37,0.006611587114248426,0.007159464948914501,4.059881026729343,0.005336136646269494,4.685441319196419,0.5999339340793346,5.428571428571429,0.6141636636513323
0.03,0.0,38,0.00722739075096348,0.003341863816022046,6.747211107968056,0.0020588899169639526,-2.0707118798577446,0.5736526352173555,5.75,0.5934354032905377
0.03,0.0,39,0.008399100039011889,0.008601179774415295,1.5331230319657436,0.009251104452962722,-1.025366501026582,0.599823511224599,4.964285714285714,0.6116057145377211
0.03,0.0,40,0.01639225398784395,0.015321946452636764,5.372205815105914,0.011195043004048357,1.4065097321183277,0.5706297691956971,5.678571428571429,0.5841308632640465
0.03,0.0,41,0.003676749193075219,0.0036599874815348285,-3.9710512088202563,0.0028460699643731695,-0.4722987290286748,0.5792592168120178,6.214285714285714,0.5969109024477646
0.03,0.0,42,0.028448662741638934,0.034135604501504296,3.749297243700912,0.034284129425294296,5.844373162607146,0.5660975182156268,5.607142857142857,0.5696923298959037
0.03,0.0,43,0.033860366409227675,0.027216139448169096,24.235258661703625,0.025854367789909193,12.970801881163672,0.5386099185372581,5.357142857142857,0.5596066723617157
0.03,0.0,44,0.004539173792257482,0.000629040480057271,6.86984707828357,0.0013894651542742797,0.5571391350921905,0.5461222244799219,5.428571428571429,0.5634523217196076
0.03,0.0,45,0.0046660064817636345,0.004074981367924943,1.284877986870768,0.0032633255169699,3.0548095067782035,0.5054634964452436,4.607142857142857,0.5252284092029178
0.03,0.0,46,0.005406105433834491,0.006320286839234251,2.734724966611715,0.006189779009928363,-2.279956570124483,0.5198409255357278,5.035714285714286,0.5453522484846863
0.03,0.0,47,0.002110336531446558,0.0015065118338774169,1.0620143894715994,0.0017082525813040305,0.3151596686870353,0.5960685106670981,5.928571428571429,0.6038517216317
0.03,0.0,48,0.005368434716654478,0.004867281586901003,-1.240763529876162,0.00445745666238042,-0.7070282508092968,0.5513242101048234,5.428571428571429,0.5588383692930313
0.03,0.0,49,0.005453883372899659,0.004595130605738801,6.927533736416187,0.0029936808275020385,-0.2061631584991422,0.5861682580920385,5.107142857142857,0.580030031553142
0.03,0.0,50,0.00595454014325754,0.002986408975377353,1.3716574309709983,0.004004427274090176,-2.7781931135250204,0.5433346747807646,5.75,0.5374967358510752
0.03,0.0,51,0.01179280058688668,0.010358659210039561,3.952219496138092,0.009826316590467137,0.4379175718209562,0.5440903106651801,5.75,0.578302365549968
0.03,0.0,52,0.005986292756619723,0.003971075241099039,3.602771767666674,0.0030841522838920333,-1.898668308669907,0.6021167551044353,6.464285714285714,0.6423060928820212
0.03,0.0,53,0.0032556415504792877,0.0014653941744551435,4.190351444186739,0.0013070080746031673,2.733552609732565,0.5934894826297585,5.428571428571429,0.6092702176479659
0.03,0.0,54,0.003985200791406137,0.002966858570311695,0.42249863225821827,0.0024711529984348534,-1.4853069333932563,0.5505377737074739,5.892857142857143,0.5936570407816152
0.03,0.0,55,0.002583147738268266,0.001375924525561555,0.33848484403230117,0.0010777294681060573,-1.7906147240261039,0.509231128133608,5.5,0.5237287376181803
0.03,0.0,56,0.0036070056155273257,0.0017977824597506461,1.0226089049439153,0.0024698192259395087,-1.3818508173871464,0.5619523082520148,5.464285714285714,0.5785197080917062
0.03,0.0,57,0.004189439213619609,0.0011769133741419357,2.350917884536628,0.0021993801385664737,-3.1321835491382046,0.5208659164403836,5.142857142857143,0.5044542119952091
0.03,0.0,58,0.006958817836641744,0.007125791873227437,2.4833692316812943,0.00548362747997001,1.8660558896775779,0.5097623883857227,4.75,0.5421392542170506
0.03,0.0,59,0.012499391541052717,0.01217127926921983,5.091214406915213,0.00926635147324922,-2.40698249444794,0.5212891817853483,4.857142857142857,0.5347924768239077
0.03,0.0,60,0.01948453730551016,0.01839508172222545,5.519876763596301,0.018201232348368505,1.2650705484021216,0.5505680926489613,4.892857142857143,0.5553259758168904
0.03,0.0,61,0.004511510112301671,0.0036405097330652774,-4.0817990457650595,0.003292685561973784,-6.6987141617134585,0.5889172648691459,5.964285714285714,0.6187808649505937
0.03,0.0,62,0.006910908781454604,0.0026514633531911722,6.792105573443493,0.002067011241495726,-2.471327511493456,0.6157194277147601,5.785714285714286,0.6098160684927942
0.03,0.0,63,0.020492521146723612,0.03522395260836804,-1.3371678078196183,0.0331052376462469,1.7540274490662473,0.5765291726588794,5.107142857142857,0.6330406097367578
0.03,0.0,64,0.02493745275645468,0.022932518648457408,6.826153932100468,0.015672412970853967,2.4633050289833327,0.4670219441564908,5.178571428571429,0.4739107552074464
0.03,0.0,65,0.009628814156239994,0.011325240536154869,-1.5525333562522547,0.010425658623166542,-3.9382574444645493,0.6112675930197058,5.571428571428571,0.6299452890342737
0.03,0.0,66,0.013985643829659949,0.011957397569461972,7.927021623222323,0.00877039124018655,-2.791591081751932,0.564792623411614,5.714285714285714,0.5748857383798196
0.03,0.0,67,0.006692920285946511,0.004378317858993851,1.9840203450600669,0.004328969702325882,-1.2499476390318687,0.5824757537611908,5.464285714285714,0.5845009229388471
0.03,0.0,68,0.003467718293383426,0.001398369031972218,1.5605795222575907,0.0008558957500089951,-1.032808298678276,0.5299353395769468,5.035714285714286,0.5478160205241447
0.03,0.0,69,0.0017580330399877687,0.0019322092753254391,1.9291612000845433,0.001974902825093544,-1.7869803365846906,0.5646520952929367,5.607142857142857,0.5768405136596463
0.03,0.0,70,0.014056410970336613,0.016187970070785963,-1.9090739647607364,0.012823081061840732,-3.004606510151376,0.571110695362357,4.678571428571429,0.594238367706817
0.03,0.0,71,0.005051714485059132,0.0015840686785802234,4.398842285630778,0.0006284457576307881,2.6387848513448,0.5424728868762865,5.285714285714286,0.5625275597821366
0.03,0.0,72,0.005354957284230737,0.005828226584730784,-0.04221973271955193,0.005629965102974636,4.731842339723727,0.5745231596028174,5.75,0.6018176054610351
0.03,0.0,73,0.005540527555934812,0.006338966449408546,2.0240295132284345,0.004715008318036881,-1.7647927692279761,0.5226844475064475,5.714285714285714,0.5235021513798548
0.03,0.0,74,0.00540698002219562,0.004019762277878404,2.6685290832794166,0.0039710440337833944,-5.097021764915364,0.5882685490289805,6.357142857142857,0.6174897951324756
0.03,0.0,75,0.012315495612725762,0.015465818892824798,0.8832306267693681,0.011808223946197224,6.555829067244342,0.5623131688511269,4.785714285714286,0.5709048534391035
0.03,0.0,76,0.007723520255798691,0.007613468000913119,1.8392987660690565,0.00759127188997621,2.42537934841792,0.6292969144878738,5.607142857142857,0.6690082958455252
0.03,0.0,77,0.007748820758764864,0.007019922809507139,6.996545262694106,0.0046559319393925875,-0.990530792340716,0.6025165647427982,6.5,0.6126477979953158
0.03,0.0,78,0.02027494505956273,0.021567636114013116,6.543191785102607,0.019966493816055624,3.6487638526881674,0.5905650932192942,5.428571428571429,0.6253985872664378
0.03,0.0,79,0.003655266952512938,0.0017771764723934864,1.5311975526916797,0.0021348303558774485,-2.7050941069734713,0.5438031825595763,5.0,0.5851274323287606
0.03,0.0,80,0.04342144249243078,0.03434483323235405,6.807594022687248,0.03206355778749324,0.30385881996275543,0.5507621431502832,5.571428571428571,0.5759803067218457
0.03,0.0,81,0.022261772194881034,0.02517492549966286,3.8689404947164547,0.021244123291038673,7.39291159348745,0.5790317353083161,5.607142857142857,0.6129556563429177
0.03,0.0,82,0.020914200254496355,0.014307013920980109,7.714932502883109,0.011152752634087425,1.563096731044169,0.613168334354393,5.464285714285714,0.6481396701029296
0.03,0.0,83,0.0013107343848181056,0.001530893754894409,1.569218641278738,0.0007680697559139284,0.2795252770179104,0.5411958259757504,5.464285714285714,0.5451380039391929
0.03,0.0,84,0.004463300015063582,0.0013493821788219797,5.445270998529523,0.0011382418666071926,-3.1537663227906307,0.6032049611441727,5.892857142857143,0.62694465838584
0.03,0.0,85,0.02027326315484442,0.02915208139585817,4.640467404210035,0.029438960500003015,9.99418238897303,0.5279257420946506,4.821428571428571,0.5302851437486099
0.03,0.0,86,0.001983219486903991,0.0011262796694258273,-3.2917893472392947,0.0015856493497160228,-3.923462451537006,0.5758911077891611,5.392857142857143,0.5990227803358572
0.03,0.0,87,0.005288509068952793,0.004255212251692228,4.3065489754756925,0.003310170364026983,-0.23661338091078696,0.5705835530094067,5.607142857142857,0.5673283877679018
0.03,0.0,88,0.010938837346753898,0.0036445039383025974,13.901633087574574,0.00142431662060399,0.7290558595617161,0.5805023516380848,6.428571428571429,0.5880287158703473
0.03,0.0,89,0.003042075092403663,0.0021586330545693613,4.186120860988154,0.001699844486946577,-3.1456494608268506,0.581226515220196,6.0,0.5924809186942905
0.03,0.0,90,0.0031883402790613066,0.0018693092640405485,4.465194662995863,0.001924271987762044,0.7718061175606389,0.6203393862431642,6.178571428571429,0.6472216573715631
0.03,0.0,91,0.004235603016298754,0.0027789162510416794,0.8360425751516729,0.0022634237214916174,-3.498235950571304,0.5955426716642404,5.642857142857143,0.6181140413757816
0.03,0.0,92,0.02163542783375491,0.024905617147864375,2.0099874426790976,0.02425796445056928,0.04349407912501609,0.5778558857410855,6.321428571428571,0.6003079961480842
0.03,0.0,93,0.016067417753059938,0.017435757779473395,7.005621513646581,0.016493347003240445,7.055836214805453,0.5498016450263173,5.642857142857143,0.5815666779242286
0.03,0.0,94,0.011897852538876132,0.009957967651581625,1.815484289437677,0.007424588773009303,-0.7564924678647079,0.5711081373527583,5.964285714285714,0.595905411556203
0.03,0.0,95,0.002097375885967388,0.0012772909443332528,3.7126681330062112,0.0011924600061201383,-0.26154581820809614,0.602936869172206,5.5,0.6254134335081819
0.03,0.0,96,0.002484211815143324,0.001749778121815104,2.06785547729762,0.0018465500654128882,-0.9411428211311469,0.5638191218697144,4.964285714285714,0.5646921740153945
0.03,0.0,97,0.003087093517710782,0.002517420174558803,2.7695260651004645,0.0016313395629311762,3.0409402463452864,0.5712279647661722,5.75,0.5931936690575872
0.03,0.0,98,0.0041750425316523085,0.0012454667277751333,3.7266645438741577,0.0014869506119457488,-2.117059826214548,0.5419460816413035,6.0,0.5648131266285195
0.03,0.0,99,0.006399278323876439,0.0029775042386280103,2.766027536450963,0.002189041776315186,-3.2071875926627533,0.5500715326654866,5.214285714285714,0.567090274569523
0.03,0.0,100,0.009267066055139576,0.010606265127504852,4.702866946882068,0.009007361168489606,3.6014046799754738,0.595669769354138,5.75,0.594118179534324
0.03,0.0,101,0.0037543032752088644,0.004712853825488361,0.5766546984236456,0.005272362496867418,-3.496285632230799,0.6011903707313621,5.678571428571429,0.6137357881245367
0.03,0.0,102,0.011653847066366685,0.009438979310375488,5.279435971667233,0.00550419187576717,4.649742721738647,0.528021866115117,5.392857142857143,0.5343331184131965
0.03,0.0,103,0.004781187062641601,0.0021306017661910552,1.7668871109700461,0.002294764421986391,-1.9604581451325203,0.5865848607278702,5.678571428571429,0.597433226626306
0.03,0.0,104,0.008263223527352228,0.00800420269583811,3.464324979859228,0.008282303602922828,2.249261446410126,0.5867296851363594,5.5,0.6066351505564065
0.03,0.0,105,0.006965170193593651,0.004354558377589125,4.787002656146257,0.004402461908609085,4.158609352722768,0.5921513049389465,5.642857142857143,0.5788625395982134
0.03,0.0,106,0.013996208491097775,0.01031097544832126,12.465826643691095,0.007433955152409417,0.7042967912840368,0.5860121625144,6.071428571428571,0.5884111071795504
0.03,0.0,107,0.019010259123647143,0.013038620512221514,11.298468115031035,0.010284839976225367,-1.139946850330773,0.6078125918861066,5.892857142857143,0.6309057583959936
0.03,0.0,108,0.006558281105526547,0.0005456541063018067,7.789260327682776,0.0005717218293732572,-1.0927851156688841,0.5920265750889635,5.321428571428571,0.6023772162372361
0.03,0.0,109,0.015107076363906105,0.01928182388987923,5.387345911369252,0.01724901813715867,2.043773832396871,0.5437638147530489,5.964285714285714,0.5836022223918633
0.03,0.0,110,0.009155577238596054,0.008137939251415783,4.679165446785667,0.006116163946310712,4.794097637629231,0.5781155099415879,5.928571428571429,0.5902794302589773
0.03,0.0,111,0.008241259595149698,0.006374061863362311,5.486794444095985,0.00508262372523442,-1.4805007728806647,0.5472534749681534,5.142857142857143,0.5671895613257937
0.03,0.0,112,0.004496318445161856,0.003764235512913198,4.277875735235355,0.003460119420873668,1.2532082771782977,0.5736365901565407,5.821428571428571,0.604113150269349
0.03,0.0,113,0.002688191181745027,0.0013234154404327086,-0.6146829796242557,0.0008575534833374847,-2.584002274223252,0.581814056991284,5.75,0.6081227017337579
0.03,0.0,114,0.049065284793266245,0.04196558126866639,24.045505218572835,0.03168810075142135,2.2773958726096737,0.5324320869934137,4.714285714285714,0.5645165136049486
0.03,0.0,115,0.010013182474588087,0.010906310001013239,2.515567056800748,0.008932606663325762,3.855400294085115,0.6214270815935743,5.857142857142857,0.6325990245707362
0.03,0.0,116,0.001968613738798645,0.0013847307848359619,-0.4150346644505305,0.0013023182090365494,-2.022430098104413,0.5871224495556364,5.214285714285714,0.5987731904695719
0.03,0.0,117,0.003292824063732526,0.002570568362971256,2.627067574715163,0.0020918205005698836,0.7855158729306595,0.6189385911032799,5.857142857142857,0.6389276676266047
0.03,0.0,118,0.0028310816399559745,0.0028115144260886194,4.924609827837564,0.002165382803988165,3.8601093314630455,0.5253451377307259,4.678571428571429,0.5365266204555935
0.03,0.0,119,0.0015462521199936647,0.0011529706102099827,-0.3632528816531959,0.0012235338824689147,-3.8474513546512887,0.5165184933259831,5.607142857142857,0.5309572178235509
0.03,0.0,120,0.01706240046238914,0.009990555146505382,10.769796862358078,0.008052117411345537,-0.5797161255715082,0.6335359627437563,6.321428571428571,0.6647593839374959
0.03,0.0,121,0.004238530329307255,0.005026092550292834,1.3664534393491294,0.0039964381395398265,0.46461186720320785,0.5221160140966764,5.142857142857143,0.5553981551060201
0.03,0.0,122,0.008454957966102798,0.0060071522547743995,7.621311591819506,0.006408490610422954,3.5979274852988588,0.5923885192380217,5.214285714285714,0.5977163010039503
0.03,0.0,123,0.0040692656297735275,0.004247199714455885,1.389584123911682,0.0029595960642071835,-0.449480339359629,0.6233005631063994,6.5,0.6302199042728214
0.03,0.0,124,0.001629707427948817,0.0021367769454343336,-1.4651318772319613,0.0017996681657296836,-3.135714643737799,0.5728063563497295,5.321428571428571,0.620522803865038
0.03,0.0,125,0.006960628484141517,0.007812691387519588,-0.7301563444496111,0.008028735263386343,1.2801231580711487,0.5794389588438296,5.535714285714286,0.5933598041354237
0.03,0.0,126,0.00372949700502127,0.0013993434281789504,8.730093692875464,0.0012635779236535932,0.3175095059312317,0.5655614883906058,5.178571428571429,0.5735288059662138
0.03,0.0,127,0.0041732560090021594,0.0013039097379279204,3.9403426217710233,0.0017076002658701084,-1.583646362623303,0.5902766409249842,5.107142857142857,0.6117429014558424
0.03,0.0,128,0.007504090919194685,0.0052205184351234064,4.395475013601974,0.004406291785335706,-1.265280758522863,0.5833805891919314,5.107142857142857,0.5954446147900927
0.03,0.0,129,0.0035955386348594047,0.003235679244154582,0.46135715583042014,0.003993690252635963,-2.7667146625275336,0.6082737828435834,6.178571428571429,0.6228554743361413
0.03,0.0,130,0.0010295322836008202,0.0011861347089333473,-1.283424965990129,0.001037187946728125,-2.605486814164891,0.5134207857586187,4.714285714285714,0.540965002997588
0.03,0.0,131,0.004079592789226013,0.0014146128424662532,4.189080193767218,0.000986078374216802,-5.407359727875871,0.5612368217140354,5.607142857142857,0.5797633825906523
0.03,0.0,132,0.007619959511152492,0.005787670972623693,0.5760814997411572,0.004945012855380193,-5.887746848387138,0.5957679542370273,5.857142857142857,0.6254983165936007
0.03,0.0,133,0.004325353181344144,0.0029290528765439764,-0.8937683121250544,0.0032905245529662574,4.2848523597970996,0.5871723668253461,5.75,0.6315560559713573
0.03,0.0,134,0.008810751905929183,0.007574170766453006,7.6624026338772,0.006125440273175279,2.1496716582853233,0.5994384186347234,6.035714285714286,0.6168626420030827
0.03,0.0,135,0.009116590910706449,0.008219225574696992,5.8068042892541385,0.006611630406005686,-2.5039702797201073,0.5448233063034056,5.107142857142857,0.5526592548481164
0.03,0.0,136,0.0011613553013914242,0.0011978393085603687,3.1102224416201807,0.0011705355939492952,3.568225780833785,0.5458182533033841,5.392857142857143,0.5302251150421542
0.03,0.0,137,0.004404413983858262,0.0030585026697823323,3.603584161562594,0.003835131068874381,1.5192599713398636,0.5657644918143144,5.571428571428571,0.5365166424936625
0.03,0.0,138,0.003923796984111702,0.0018981172407993743,3.0860306005282823,0.001674048810643959,-0.774832510669332,0.5109570817186372,5.785714285714286,0.5193377906290753
0.03,0.0,139,0.003958260984409049,0.004814041982233387,1.5778870024507157,0.004474868267096207,0.17767790542959952,0.5338530411264119,5.428571428571429,0.5527949128849742
0.03,0.0,140,0.00870641131935841,0.007439378536482919,3.6006371114506592,0.003981523060119496,0.7836916858815831,0.5752971774019634,5.392857142857143,0.6009665818692456
0.03,0.0,141,0.005449749883454228,0.004409119574781235,2.917565044758632,0.00294158359650264,1.0548874506749826,0.6037811612006075,5.642857142857143,0.6224491339066178
0.03,0.0,142,0.002277384725090678,0.0017772443705198985,-2.260968718524076,0.0016377230021205537,-1.005326156948333,0.5500563666914754,5.642857142857143,0.5791957250709585
0.03,0.0,143,0.00494613916860298,0.004789045070282354,4.231531843432293,0.004517372044190197,1.132835476973734,0.5291421052672978,5.535714285714286,0.53564187095014
0.03,0.0,144,0.02318240567519318,0.02504664293431931,8.743884565946502,0.02068633963676778,6.527231980546541,0.5503392964527071,5.285714285714286,0.6008454884381095
0.03,0.0,145,0.002912421308941248,0.0023305386838629706,-0.11313157353389869,0.0019991570378764326,-5.641747562037939,0.5809801128857487,5.75,0.5776356626763084
0.03,0.0,146,0.010079371675439472,0.010105012294954087,4.884116812318865,0.011386614403557609,-0.4753239053520133,0.5593541590988866,5.071428571428571,0.5755827171258706
0.03,0.0,147,0.00397418037871917,0.004505190165510105,-0.5707839297949704,0.00259629850629631,-1.0760971429971278,0.5974888339585593,6.035714285714286,0.608957330085681
0.03,0.0,148,0.0007447610052500903,0.0005165858639959421,4.359712417135874,0.0006859494760976651,-0.5365086553526245,0.5675128279223414,5.642857142857143,0.6057252750943969
0.03,0.0,149,0.010854222369931046,0.011237920621419848,7.451716562232789,0.008881558203012162,4.965778316593638,0.5625059744019792,5.392857142857143,0.5868408354790939
0.03,0.0,150,0.024557430487357323,0.033822486479937346,5.4608903030785925,0.030636472884656166,10.779429220608487,0.5558460423746698,5.857142857142857,0.57530656294763
0.03,0.0,151,0.008493543017942863,0.005589562856796916,6.291448545849782,0.004440764070198859,-0.2479383260596061,0.5674858996768004,5.607142857142857,0.5836331319453045
0.03,0.0,152,0.004209930829796876,0.0023237189118012953,4.834164188600418,0.0024856096413359147,-0.3341375386326509,0.49750295473938067,5.607142857142857,0.496395438620972
0.03,0.0,153,0.006540266980380922,0.0008461726943693371,9.500610604388825,0.0006949318678371954,-1.6636883584212967,0.5650338134836306,5.714285714285714,0.5710485783363128
0.03,0.0,154,0.01114016545135588,0.009651570102006329,2.2936117690611297,0.005867447546278531,0.3228517078305326,0.5672790726598492,5.785714285714286,0.5629504463279669
0.03,0.0,155,0.010011117143732805,0.00823660191776529,0.4019900184698031,0.010263069355854835,-0.9174647221153123,0.5537349831805161,5.464285714285714,0.557919069082706
0.03,0.0,156,0.006814442543005987,0.0035357913680911395,2.313456626721795,0.003525568356386758,-4.159443504390936,0.5926482479661825,6.071428571428571,0.5821425632391435
0.03,0.0,157,0.006444061827512651,0.0034610450677655543,6.732232558537511,0.002650230165369436,-3.0180990709179034,0.586974834766087,6.0,0.6137826302300935
0.03,0.0,158,0.029187443558292406,0.029050468414543236,2.1296434705109206,0.024503429233190797,3.260405069124469,0.5865698916821837,5.178571428571429,0.6100549964239518
0.03,0.0,159,0.004622837847722242,0.0004726494308655915,-2.0103819918433246,0.00042011065507637397,-5.303915356930304,0.536481481237426,4.857142857142857,0.5710548749130959
0.03,0.0,160,0.012301052431679383,0.008621621176706631,7.582028128782156,0.007715478016660881,3.043200486227922,0.5167363004145501,4.857142857142857,0.5233321940988593
0.03,0.0,161,0.002272511821670691,0.0008815186066230969,4.091457320382375,0.0015747941584032693,2.2468698812848515,0.5552469998386885,5.285714285714286,0.5707829352167595
0.03,0.0,162,0.004544622216877319,0.0032027759617134915,1.573144995440856,0.0020807270990347592,-3.2548403272269106,0.5557562422515538,5.142857142857143,0.558811473052907
0.03,0.0,163,0.003501459288935403,0.003685328771472861,2.375029820025155,0.0034069684683637165,0.15733378186286018,0.6178920059632979,5.892857142857143,0.620460481836687
0.03,0.0,164,0.004586111044763413,0.0030479142999317904,4.621299394068679,0.00106243225736104,2.8531727384396484,0.5277464344633063,5.321428571428571,0.5249301667137896
0.03,0.0,165,0.0164069764826646,0.01291943153217542,16.844538744817527,0.012179424754707811,4.784147537089827,0.5876403687855448,5.642857142857143,0.5880402327719713
0.03,0.0,166,0.0497049137161284,0.054698114834611136,1.416244697094136,0.041922431912419386,3.1346634987942914,0.5328716199514795,5.928571428571429,0.5615558149210976
0.03,0.0,167,0.0021158811717364007,0.003080370848547769,-1.3986613719899026,0.003287632899065606,-3.7139312321689033,0.5728357068824073,5.071428571428571,0.5849907282152488
0.03,0.0,168,0.005095774073270224,0.0077073715027839345,1.9078937169483083,0.006090289323512861,0.8257697506500771,0.5515489049851264,5.321428571428571,0.5717369873005438
0.03,0.0,169,0.005142855436699695,0.003644650134396538,3.0454447690146225,0.003335911977332382,2.4507584757612904,0.5905927565595688,5.928571428571429,0.6000480863332696
0.03,0.0,170,0.006209979772651396,0.0010622633001884179,5.685544878372816,0.0017175774798931984,0.11524273796538864,0.568862570942289,5.678571428571429,0.5831623471588339
0.03,0.0,171,0.008595831400569895,0.0061930749152736084,8.16611087568684,0.005186483824075478,-0.25955212258854016,0.5322423044942858,5.607142857142857,0.5406982735676631
0.03,0.0,172,0.011776758233705465,0.006241297333991878,9.624811446613911,0.004658708289910037,-1.7541943854851827,0.5533755634448573,4.964285714285714,0.5756989925693403
0.03,0.0,173,0.006836551692545631,0.005728792462908858,4.84753971010646,0.0036584581441510425,0.09058951903922245,0.5537125826153255,5.178571428571429,0.5687140872894942
0.03,0.0,174,0.01263799060387838,0.00799581229250632,8.947625860183244,0.00748343177012121,2.4420324639578532,0.5822136572969528,5.035714285714286,0.6179708495753289
0.03,0.0,175,0.009476911320625205,0.004354186892352394,7.16453149153687,0.0018717254517330916,0.9373091595340858,0.519153191469529,5.535714285714286,0.5597114711372791
0.03,0.0,176,0.001685273157351199,0.0011732724408928508,1.9169731255084201,0.001308846069431637,0.5831751350667957,0.5916197042187654,6.25,0.6057289363626861
0.03,0.0,177,0.006399007499791017,0.0052000203538602385,1.672955810217239,0.0039903213685532945,-0.9019159631554411,0.5229137374493564,5.5,0.5340458396120773
0.03,0.0,178,0.011731648164100108,0.012166639055971916,8.742188861017695,0.009451262283658349,6.1528108392288345,0.6228770752159242,6.678571428571429,0.6340064100660416
0.03,0.0,179,0.0011272783539098838,0.0011280120894328694,2.805669649351046,0.0012288961721209836,1.321868556418745,0.5850843737811859,5.571428571428571,0.5942164805645168
0.03,0.0,180,0.0059100092961465915,0.002356371511272293,9.590306723482712,0.0016205494109418912,-0.1942452584965698,0.5954362249918147,5.0,0.5988388619549019
0.03,0.0,181,0.005260376795565987,0.0035899944418505817,6.056387168093046,0.0043477050743215215,1.5588837040892447,0.5689823308055686,5.25,0.5795440384214701
0.03,0.0,182,0.0215184029395179,0.020222615837111185,15.72077500399746,0.018843835921217834,5.184820118025082,0.5971725186516733,5.357142857142857,0.6405366843969786
0.03,0.0,183,0.02304418000637995,0.02345228495903181,7.462733925662256,0.025779285638772242,8.055441862090865,0.5660084167511628,5.5,0.5761140938908416
0.03,0.0,184,0.027597890128366987,0.02728911117522862,4.99533696604108,0.024540747758833057,7.582648193357461,0.5901901761680038,5.571428571428571,0.5981219172265595
0.03,0.0,185,0.0053163335647891325,0.0065972147137609615,3.8091224762949025,0.006156408177738271,4.848418234125869,0.587356986183991,5.607142857142857,0.6041750498436665
0.03,0.0,186,0.0025001489444834483,0.0015250849241488452,4.471112418136876,0.002615324986059163,-2.852153657309477,0.5568753095385311,5.214285714285714,0.5849905270466614
0.03,0.0,187,0.0019210063277916934,0.0031428490793488062,-1.7160936915488136,0.004130704804746002,-1.7238919465343752,0.553832686948158,5.392857142857143,0.5514656310936952
0.03,0.0,188,0.010107837395091262,0.011416313098420835,2.318074915238654,0.010930692547829583,5.983511268755801,0.5767251143132277,5.821428571428571,0.5932870816911083
0.03,0.0,189,0.002897237344085045,0.00414807476960476,0.09854358602066071,0.0031897168786540406,1.2540367222700677,0.5903900549675978,5.892857142857143,0.62557161236839
0.03,0.0,190,0.009722751211649713,0.00832362227505281,5.249313957753266,0.006148031421981576,0.3809657817064931,0.5629062475407806,5.928571428571429,0.5701752451481896
0.03,0.0,191,0.001619625485453241,0.0010230567972368825,3.2169863282566027,0.0006572951993326699,1.3815540750221278,0.5283255087342513,5.821428571428571,0.5396731285051206
0.03,0.0,192,0.0023139054891140065,0.0013339193928356265,3.517758055724208,0.0010617447721759108,-0.4074234564688671,0.618944858123993,6.392857142857143,0.626933825457413
0.03,0.0,193,0.0008566684954347221,0.0007935193282024479,-0.41075784490880807,0.0006996876737257561,0.6922644479947925,0.5406387718465427,5.5,0.5343881983724044
0.03,0.0,194,0.015052722970341596,0.009492971216150227,11.672266791644653,0.008127210709695165,0.4536105151749628,0.5776175458789787,5.25,0.6131905609023288
0.03,0.0,195,0.01580074573106321,0.01000718709371905,11.549289477584956,0.008751602738286275,1.0223731203100026,0.5620575208866877,5.25,0.5695375809601095
0.03,0.0,196,0.003947034128398901,0.005184742696772424,4.407553615178905,0.002669799012853415,8.150150510357491,0.5294685319078108,5.571428571428571,0.5359316945338889
0.03,0.0,197,0.004671152334514135,0.004151429881477523,-2.988255743287205,0.0033288700280662597,-4.6469815927200955,0.6008280783992824,5.392857142857143,0.6304837268166594
0.03,0.0,198,0.0016433232453052517,0.0021330495489587857,-2.4219493156005925,0.0029002523360123125,-5.806246524865837,0.5679623429328812,5.571428571428571,0.566883332443749
0.03,0.0,199,0.00291728230494388,0.0014474427068488281,1.6326288874264847,0.0009193941542474119,-2.4442418316593453,0.5913009260457528,5.25,0.611621244752662
0.03,0.0,200,0.007757791214337532,0.002547746765725744,5.827836919223017,0.0017361649757653796,0.9636830462735873,0.5336552369203404,5.5,0.5303075237539492
0.03,0.0,201,0.0029915738586364735,0.0021753015578415327,1.5491300216704218,0.0018533010422156445,-2.605525172774577,0.6074214063634112,5.964285714285714,0.6146365908832578
0.03,0.0,202,0.002923278959002747,0.0034072069004257716,0.8526751850088772,0.00332871552842557,1.5105244901150645,0.5526393785253284,5.178571428571429,0.5547535003095305
0.03,0.0,203,0.0022212898313379637,0.0016677256672930805,-0.9703917857477222,0.0021288471970993756,-2.581220170556653,0.5633196435824809,4.892857142857143,0.5794640839664407
0.03,0.0,204,0.010108116700828581,0.009809675920990475,4.107105385498251,0.008423040946849883,1.1758756522052067,0.5412695064487301,5.464285714285714,0.5542972398950643
0.03,0.0,205,0.035390779748262026,0.03331441293422908,8.179900235573783,0.030049485243044616,6.832263411513661,0.5330493162965009,6.035714285714286,0.5680403233984199
0.03,0.0,206,0.004003940928156914,0.0033508902265568263,4.500071645361743,0.002860874773402157,-3.7219391694447004,0.5794870537945036,5.607142857142857,0.5885503359588332
0.03,0.0,207,0.003235814424411373,0.0005965576980943308,1.2022537010758896,0.0005713114261258159,-1.7196697248846629,0.5837103252134915,5.964285714285714,0.6107060483815181
0.03,0.0,208,0.006654333791363467,0.006661749500190869,4.383656835044825,0.005162995219121672,2.776467918692712,0.5325935047516955,5.464285714285714,0.5457567482216357
0.03,0.0,209,0.0187388252315436,0.010203574706278114,7.680641873437594,0.008249635956865911,-2.1500632980195555,0.5694756851344288,5.785714285714286,0.6069624820232608
0.03,0.0,210,0.020110431062879568,0.014681964284832066,5.811098327564238,0.009927933668491132,0.9306945928997644,0.5718026355883007,5.285714285714286,0.6090209194761322
0.03,0.0,211,0.0065707086019957716,0.005218851383383479,8.341996988658934,0.0041723682325889196,2.0588957962718553,0.5838625887129977,5.821428571428571,0.5986238127350589
0.03,0.0,212,0.014048545691951856,0.017670468031356596,-1.237723456724055,0.01885143047921795,-4.633260852237139,0.5720264877443704,5.285714285714286,0.6134070987697178
0.03,0.0,213,0.003179689840167709,0.003164674486088306,-0.5560981629796871,0.003955921192521731,3.85080320799842,0.5631129598019412,5.607142857142857,0.5781721994155438
0.03,0.0,214,0.001286019819311362,0.00012216144329902983,1.9887258948754791,0.00017100898955526482,-3.699457383334419,0.5538414836635056,4.678571428571429,0.5665911451290992
0.03,0.0,215,0.0025154628300875412,0.0009533779286567137,-0.7274107776659235,0.0006196732048935986,-3.7475404665286383,0.5273782256674276,5.607142857142857,0.5413506431794763
0.03,0.0,216,0.031065129513115027,0.026030080877277775,5.125586919671385,0.01558250644778205,2.303830879834436,0.5900985357852883,5.964285714285714,0.630729695648373
0.03,0.0,217,0.0047146918148571705,0.005083251169564948,0.8467233367240539,0.00420577608724255,-5.054490637677209,0.51959729204728,5.392857142857143,0.5234975144439171
0.03,0.0,218,0.0032707005252933605,0.0024414120747712916,-2.123174626556363,0.0013414160545142846,-2.4821570741059795,0.5858375931782753,5.428571428571429,0.5937593853004133
0.03,0.0,219,0.0042659174330387465,0.004774283152812399,4.682294347933791,0.004443563967449716,3.048159725304638,0.6314321032746708,6.071428571428571,0.6414286156209992
0.03,0.0,220,0.002545109023316526,0.0038476665395138377,-2.9230827138065507,0.002653219304159571,-5.604376876156333,0.5497017959106157,5.0,0.5843807247079247
0.03,0.0,221,0.003154175550292982,0.005127452893339236,-0.9708216640926679,0.004576293092168058,0.02105874345690495,0.5998114839305702,5.75,0.6312398189520936
0.03,0.0,222,0.016260095057331444,0.016426116357834555,9.93456838390646,0.015542437683174757,3.056705132121209,0.5914074214067784,5.857142857142857,0.5981750458504702
0.03,0.0,223,0.003505483316983926,0.001641639732959814,5.463441525694506,0.000980028176923797,-1.6822269575183195,0.5419879497765626,5.357142857142857,0.5443973514928351
0.03,0.0,224,0.0047934672205716,0.005534525372803749,2.4360466803648677,0.006049962663873054,0.5614903393348243,0.5923742606776907,5.964285714285714,0.6180263620469992
0.03,0.0,225,0.005502929449885276,0.003516997430658848,9.07808873694897,0.002333660747733951,2.0118903910763115,0.5584357369410144,5.607142857142857,0.5517206625702673
0.03,0.0,226,0.0030531294962848855,0.00130724370723465,4.074427332198653,0.0008378664401819192,1.9137380942916025,0.5824689892665776,6.035714285714286,0.6062703715570228
0.03,0.0,227,0.03016124094380881,0.0270705080222263,10.223252748964754,0.02313164505434939,8.527001845899823,0.5905504328718914,5.964285714285714,0.6344874041583186
0.03,0.0,228,0.0037368244482823268,0.00410219230601647,-0.06413556527116526,0.003079667136514124,0.7285602873361844,0.5766549571412145,5.285714285714286,0.5843491211228571
0.03,0.0,229,0.0021095172041731168,0.0027778115467516156,-2.6158105072482343,0.002639413229596806,-4.852923149570519,0.604100988678874,5.964285714285714,0.622831575507968
0.03,0.0,230,0.008767514901132232,0.007466535868429384,9.17900668273878,0.0069342822887340115,4.028014449864372,0.5420338132757817,4.892857142857143,0.560179650790544
0.03,0.0,231,0.010756785407806262,0.006393675685838552,2.618993165395473,0.004219003579091513,-3.409848758480147,0.48958337036622274,5.5,0.48414796309689
0.03,0.0,232,0.007160451643767457,0.007053266524328618,0.256662762662792,0.006215482988450346,-1.3245204893512341,0.6034605302092475,5.75,0.6273929324073898
0.03,0.0,233,0.002432483755599728,0.0018678976586666534,-1.0802751821693803,0.0018899212064456515,-0.5410723744476419,0.5754675780550951,5.178571428571429,0.5990587895129871
0.03,0.0,234,0.04513032200329947,0.05289009319433862,12.055495995716647,0.04316933945487797,12.872876716727433,0.5288623131459544,5.392857142857143,0.5737461988000987
0.03,0.0,235,0.008430728560599152,0.014605366947646225,-2.1913459080382722,0.014429262090262223,-4.2202337829073615,0.5898711946823427,5.892857142857143,0.6023916802586642
0.03,0.0,236,0.004422934073859424,0.004324639448709996,0.4286304739040787,0.004156827305520407,-1.4239597716130656,0.5523352735786293,5.178571428571429,0.5639386568378779
0.03,0.0,237,0.010024605127489539,0.0023310894049270565,0.8607271530984875,0.0016928633674203573,-4.628164078026221,0.5850314484650013,6.107142857142857,0.607409830669309
0.03,0.0,238,0.005749046477216,0.004554854569468813,1.2719380257492503,0.003734968425750367,-0.957064405658239,0.6042552748186972,6.071428571428571,0.6236443267760203
0.03,0.0,239,0.006552149919753938,0.004681097897163893,1.7687105280441244,0.002726180080352729,0.032465144076259854,0.5648782389818569,5.392857142857143,0.5873282669661651
0.03,0.0,240,0.006624074320682074,0.005328958026914507,4.966922936495138,0.004913635299803265,0.3126854374388017,0.587268996997947,5.464285714285714,0.5839864141599229
0.03,0.0,241,0.004444133559518258,0.0028176099241754224,5.684512352836457,0.0030780651211381443,0.18874485936211727,0.5845147709008206,5.928571428571429,0.6104269571419025
0.03,0.0,242,0.008883476038931392,0.006208291983308035,5.6136899309632255,0.005428790045568799,0.006731537951149373,0.5680354798652864,4.964285714285714,0.579180617310051
0.03,0.0,243,0.0025765559139989094,0.0007055617346849505,4.35303842631928,0.0008042546824598387,-1.7232853626877425,0.5598660813807068,4.964285714285714,0.5696210458069877
0.03,0.0,244,0.004705485917772857,0.003910720614873912,3.110626532966471,0.003013077230419493,2.5181199167343586,0.5354361295866371,5.107142857142857,0.5397750103361677
0.03,0.0,245,0.01170673965494599,0.009182864528119427,10.078660568967479,0.00725260882456349,1.8228968849884382,0.6068968000162677,6.0,0.6369237066271787
0.03,0.0,246,0.0036642911817121177,0.004485627629341921,3.155498386428519,0.0034466403450354186,-3.64705815897986,0.5466231412838664,6.357142857142857,0.5675576193731506
0.03,0.0,247,0.014428670696263447,0.01552055057626493,5.666830785584644,0.01360441906651963,4.596880286273101,0.5256039501857405,5.714285714285714,0.5374066123239567
0.03,0.0,248,0.003631116466618864,0.0037853481561635855,1.8600890204956286,0.003192905180257187,0.23627462849974754,0.5384958418916643,5.678571428571429,0.5323592522344336
0.03,0.0,249,0.0021349943598881,0.001487313526328247,2.9755981398805105,0.0027587761243334607,-0.6158244470428826,0.5658793822541656,5.5,0.5817279748975399
0.03,0.0,250,0.01590458497426321,0.010069025617873756,15.680577615843333,0.008141765395254099,0.23589974640131572,0.5480562636986547,4.928571428571429,0.5546564565830086
0.03,0.0,251,0.013634202828338556,0.012907551330734042,4.104301484649348,0.009485721458166285,5.152645908266048,0.532496956515345,5.642857142857143,0.5258246930125866
0.03,0.0,252,0.0010283610797562947,0.00017760477096864238,1.3807091177655195,0.0004323505030117156,-2.4640992690748456,0.554323675010698,5.607142857142857,0.5648069406944596
0.03,0.0,253,0.005961675268759381,0.003980342384220415,-1.029089829246118,0.0025465936505828374,-6.246668110322854,0.6092228352694737,6.035714285714286,0.6347791589605057
0.03,0.0,254,0.009035857361670585,0.009672208607270081,5.291030546458295,0.008850486834989353,3.5969586250995462,0.6057481987693712,5.821428571428571,0.6166689870625011
0.03,0.0,255,0.00899390458405933,0.006784872277687188,1.2261192508647483,0.0036260405183941,-1.0652819201982215,0.6010969585118495,5.857142857142857,0.6243084245164741
0.03,0.0,256,0.0014939468300234375,0.0011007997665659014,-0.7859182805924263,0.001531075602360542,-3.319789578672849,0.5574082680432776,6.178571428571429,0.5788798199798638
0.03,0.0,257,0.004406992263082547,0.002848362673616075,6.974195108730818,0.0018219193509332956,-0.28122273987708013,0.5863219065988929,5.785714285714286,0.5969584486433771
0.03,0.0,258,0.006377819909625373,0.0029725995912485946,6.247706417427999,0.002706734896085095,-3.2162227002329096,0.5354024546906349,5.75,0.5556554396707702
0.03,0.0,259,0.006781321012561579,0.008854977888142572,0.9525425686761864,0.005746164600335733,-0.18705898614335106,0.5644253840546635,5.964285714285714,0.5780145838273802
0.03,0.0,260,0.0036948158442838873,0.0032624237769195924,0.9608809573811712,0.002706390523986269,-1.7852818009640714,0.5587310165603272,6.178571428571429,0.5663453875244023
0.03,0.0,261,0.014889599026857001,0.010270132655456118,8.801392649280473,0.007897228866822446,0.9749382106054062,0.5443214268136505,5.107142857142857,0.5461462608988301
0.03,0.0,262,0.011140223776948437,0.008885746320193212,9.895587801363128,0.007924936065872433,3.163717456528483,0.5969793294448841,6.107142857142857,0.595251261602392
0.03,0.0,263,0.004078851413162739,0.00402990778494975,0.7713970671517103,0.0028514276641213284,-0.37561151769936413,0.5571951595356192,5.535714285714286,0.5622428861142231
0.03,0.0,264,0.005344036273082534,0.0003989372528342144,4.57521181734532,0.0002975253646245002,-2.230137844834227,0.5896935049276489,5.25,0.5788339233666673
0.03,0.0,265,0.004233569828559698,0.002915130597254832,5.135557631607263,0.002589608431989782,2.6217535451502365,0.5942994191944914,5.642857142857143,0.593486570520722
0.03,0.0,266,0.01148427803474852,0.014213487586101423,4.355151670773523,0.014169854498450275,3.810930797238702,0.5680662489358735,5.464285714285714,0.5968318834266662
0.03,0.0,267,0.0077263751504460946,0.007999279947208206,1.052516146015428,0.007039186418164436,1.3843373777327581,0.5600673461278062,5.357142857142857,0.5689448377175772
0.03,0.0,268,0.003911089771803249,0.00443827773224635,5.679399667963764,0.0039485672638480945,0.12765118693342478,0.5840992353367105,5.142857142857143,0.5969461471842625
0.03,0.0,269,0.025483394570888503,0.02235059964342349,10.704209021882136,0.019111807622964386,4.15526973452945,0.5931056871329271,5.892857142857143,0.6156432586110554
0.03,0.0,270,0.009190811070710297,0.009350061888005214,8.054544445127426,0.007751409061612557,3.851729297756767,0.5442710919267689,6.035714285714286,0.540134780237727
0.03,0.0,271,0.0157704759062871,0.021916239845290723,1.4697357898170296,0.01936068695926022,-1.63501324922773,0.5738015323502959,6.035714285714286,0.5908703831010822
0.03,0.0,272,0.013936731323563798,0.015497858115632618,5.538822042932189,0.013581806442864445,3.147644036015379,0.5795093018042222,5.178571428571429,0.6073353479998544
0.03,0.0,273,0.0021210592778095113,0.0018466191446196557,3.7878948124764307,0.0022171344847257608,3.4798250653534524,0.6062363111111325,6.571428571428571,0.6143190160928886
0.03,0.0,274,0.008980903438146849,0.0013615554866452351,3.467569709106151,0.0008694717541094889,-4.728607145863568,0.5359492057759848,5.0,0.5328358709099364
0.03,0.0,275,0.017424402006487164,0.014779743669797016,-3.8703996436012247,0.013964529676976378,-3.142908421847712,0.565210234121116,5.285714285714286,0.5816449123878363
0.03,0.0,276,0.00472951839336096,0.001639190456127786,6.243320566584735,0.0015002279232913184,-0.8882234567160765,0.614737922853743,6.214285714285714,0.6364607372403254
0.03,0.0,277,0.006556250491876441,0.005346940109015592,2.3634555047491475,0.005931559270992381,-1.4818446548474828,0.549232184732369,5.464285714285714,0.5700718847280257
0.03,0.0,278,0.004879006061692467,0.0032073195524927383,4.070680193189617,0.0019550304415276794,-1.3895522887101681,0.5963497018950453,5.142857142857143,0.6012409758223471
0.03,0.0,279,0.005373635419288315,0.0022761415417293248,-3.984905013873025,0.001242979964194279,-5.724444880475811,0.5811121328460526,5.571428571428571,0.6025485716399134
0.03,0.0,280,0.03344173482573193,0.02678283551865009,18.025857880314838,0.023647070559537443,3.7210670139267847,0.6167663477646659,6.0,0.652294133359213
0.03,0.0,281,0.001397860960021104,0.001317817705218173,-1.6496319687559762,0.0014773577049659065,-2.913501830488324,0.5435195543454963,5.214285714285714,0.5336268657952705
0.03,0.0,282,0.007350825701908312,0.0009303935536513885,6.710168866624549,0.0006040164028966559,-2.2956867251847464,0.5736574002003048,5.785714285714286,0.6029641155323066
0.03,0.0,283,0.0015198109030664507,0.0026577716896558456,-0.31542279520732563,0.0030551575354059684,-1.5782171775931506,0.6131295504075648,5.928571428571429,0.634208856073889
0.03,0.0,284,0.015761119442519463,0.01087732793596253,4.134639163568778,0.008907574956137544,-3.3049512155700618,0.5756727922577058,5.642857142857143,0.5997145588739259
0.03,0.0,285,0.004149967786870379,0.001129689093413276,7.292534446990011,0.0007270796014501387,-1.7244109576369624,0.5628395933251624,5.464285714285714,0.5832514648430157
0.03,0.0,286,0.00220710556661504,0.001378484990072932,-0.041438935672232446,0.0009080611248182548,-5.4304759552787045,0.5759540771926084,5.75,0.6129010591883197
0.03,0.0,287,0.004603116684775274,0.004564257204055499,0.08930635625954153,0.0031832922926565347,-0.04904053209402074,0.5448378667614142,5.178571428571429,0.5476607083163059
0.03,0.0,288,0.011272254623236215,0.011616038480032117,5.9834208635691795,0.012455914395089921,4.902711487411011,0.5906272242594259,6.321428571428571,0.6036755985335032
0.03,0.0,289,0.01466075114850985,0.017072595122980063,3.177024343242195,0.01528894002210658,5.560083228534343,0.5613183220410296,6.107142857142857,0.5856933396817445
0.03,0.0,290,0.009478396315312087,0.0048089381011679816,6.607799840528905,0.0029042579114723016,-3.397303150743435,0.5730553331329906,5.392857142857143,0.5876689761440761
0.03,0.0,291,0.01095205870762397,0.014681573293748786,0.5996929913330717,0.015829140952230144,1.7726151121457292,0.5910532786853367,6.178571428571429,0.6418774327977349
0.03,0.0,292,0.010544462261345722,0.009687388653261214,2.586604646872054,0.010869678720197486,4.2607596768490055,0.5480014861701433,5.571428571428571,0.5674549026924661
0.03,0.0,293,0.0049620512607540775,0.003448680479383375,0.19980883532757332,0.002597373516129629,-1.9972179836137798,0.5619334130354671,5.25,0.5664561610070089
0.03,0.0,294,0.008740470245183159,0.002789096747387666,1.9113892685930338,0.003842448217601579,-2.5371046606364964,0.5670136797684618,5.857142857142857,0.5920642985499553
0.03,0.0,295,0.023340846885336365,0.013571901974836823,11.566397385546772,0.009772756286206153,-6.129035586023235,0.5606650504842957,5.5,0.5767455017358561
0.03,0.0,296,0.009094143994574127,0.005955424248174611,6.093772367011745,0.00565975433227448,-1.461743034900735,0.5718200480078013,5.0,0.6086167416089225
0.03,0.0,297,0.005945234692808045,0.0063608437133974745,3.2165894576966565,0.0059221778627263225,1.0755894121429606,0.5412697173726195,4.785714285714286,0.5532589786406286
0.03,0.0,298,0.00257583497159825,0.0012098178116442717,-1.335566965151557,0.0006872828399292993,0.6191267356936313,0.5512191420950991,5.678571428571429,0.5749274003942533
0.03,0.0,299,0.009500069693855561,0.014296879055018618,1.6649236395392677,0.0131381879580036,9.285227671485274,0.5840133815165839,5.5,0.6085877330986312
0.03,0.1,0,0.003485666926729821,0.0035199614292530245,2.205536172934835,0.0025991520868839245,-0.23480611743902577,0.5808750357069551,5.607142857142857,0.6034360872134423
0.03,0.1,1,0.010552105751116661,0.007269211461247797,12.683277315747851,0.006712273064681837,5.669470351198423,0.571901319431343,5.5,0.5761285780291284
0.03,0.1,2,0.01985731517334055,0.01065107140190339,15.712237165104938,0.0099012148313495,1.439464276438495,0.5423171529380867,6.071428571428571,0.5561196965365827
0.03,0.1,3,0.007574778371291481,0.006959524292597758,7.576688475799443,0.00626233039245405,-1.3256838400593836,0.5692556106997225,5.107142857142857,0.5894805998571673
0.03,0.1,4,0.019524924159103847,0.01806123328237655,11.69453711004104,0.016380210679274372,8.051622754900706,0.5335874259640131,5.25,0.5303198252130634
0.03,0.1,5,0.005285293249022634,0.0035931175849797546,7.433889730885383,0.0029731894862983998,1.57757678271462,0.5573880281467906,6.285714285714286,0.5669783443675394
0.03,0.1,6,0.011059289561339518,0.014658300879206105,2.1144174031874527,0.014769932055889575,2.173652203555605,0.5356037310425011,5.321428571428571,0.5577405319614614
0.03,0.1,7,0.002430509396359437,0.005666665844856066,-2.1439881025218916,0.0049500127155188145,-6.9973947052137175,0.5413133903823147,5.678571428571429,0.5703042646216658
0.03,0.1,8,0.020912317606453578,0.017160246256862556,9.562499626841756,0.012933373907291688,2.79510142898773,0.566993347941576,5.821428571428571,0.5842858234268575
0.03,0.1,9,0.009674260451015935,0.0018319201109805474,8.886275759394344,0.0019461187328200559,1.6444895243056976,0.5297018864451121,5.142857142857143,0.5708441005257334
0.03,0.1,10,0.0021089677147182236,0.002005952182963126,0.6785927543838497,0.002217802375125723,-2.886064147907774,0.5110163405742946,5.285714285714286,0.5152761767342685
0.03,0.1,11,0.008782041918522936,0.002762677255780536,7.079155545269153,0.0023708656296204107,-2.6970070622390856,0.5825588424872216,5.75,0.6141776851018683
0.03,0.1,12,0.012951485242754962,0.006807299724784739,12.50577736131946,0.005862293835229076,3.6491367641139334,0.6084309980132626,6.178571428571429,0.6208156148023085
0.03,0.1,13,0.01121556736583135,0.006477754283482776,6.4245651494768055,0.004245520710803608,-1.742137468360293,0.5551130480917147,6.285714285714286,0.552842267970429
0.03,0.1,14,0.0028496195663345533,0.0018811984962736955,4.883956947469763,0.0025343589924534987,0.030204423756098702,0.5500425308967037,5.928571428571429,0.5487933176381936
0.03,0.1,15,0.014671938426121281,0.012333584276094173,2.3176901195000994,0.008997675127303255,-1.8564039777067005,0.5882766039978476,6.214285714285714,0.5832849392959455
0.03,0.1,16,0.006895746695378718,0.00971634148066224,4.846827223577677,0.010367476158288935,0.2156932238432224,0.5546271805445253,5.535714285714286,0.5634043329531029
0.03,0.1,17,0.004584608768354192,0.0036096905501820796,-1.6958298939724727,0.003001518653647482,-1.1146420854029582,0.5831715168867645,5.535714285714286,0.5922569577060295
0.03,0.1,18,0.0025507375385111263,0.0014568831971649467,2.748699523733059,0.0009247264365751156,-3.1423365579902147,0.5834555056208032,5.821428571428571,0.5996234797960176
0.03,0.1,19,0.04863455520100357,0.05335811521349784,15.463088378976725,0.047093831841139994,18.419988239076066,0.5804590074674636,5.142857142857143,0.6193097271082231
0.03,0.1,20,0.005382659693126585,0.00484425218878062,4.783294654448014,0.0029487299622785817,1.0136104606598337,0.5505322081429904,6.0,0.5588180814410003
0.03,0.1,21,0.001628885304960675,0.0008460104828921873,-2.156031185635193,0.000832513529173012,-1.7670462215674927,0.5168528334890887,5.464285714285714,0.5280329910045807
0.03,0.1,22,0.00631074184421639,0.0038026335406313623,1.6192253541299948,0.00317015034255753,-2.181771601571976,0.570040625469418,5.678571428571429,0.5875295361377766
0.03,0.1,23,0.006297755126782229,0.0054850808778483156,5.274055005127032,0.003719353718946006,6.520648433602626,0.6136018587114609,5.75,0.6313511054145979
0.03,0.1,24,0.0007481983364623929,0.0007162602655708858,-0.059353751700655266,0.0012180302579747038,-4.864879772592872,0.521652974512271,5.428571428571429,0.5360097580041976
0.03,0.1,25,0.00984158576508384,0.0075483385485020735,6.11725511499926,0.006025509062241524,1.516344417653708,0.5516856943288942,5.214285714285714,0.554767833571377
0.03,0.1,26,0.021832050829204995,0.02217162579752725,4.878758242579039,0.018924959974759844,4.586558190629414,0.5680807632133972,5.5,0.5734155581099831
0.03,0.1,27,0.009972032802761103,0.011036164844385766,2.038020638984733,0.009667998635971042,0.7186536021751806,0.5436219093861642,5.428571428571429,0.5521429355519063
0.03,0.1,28,0.010811217797682347,0.0017655009581912465,11.017053290250708,0.0015034121262590917,-1.9008259589410557,0.579912826734199,5.285714285714286,0.603103143143002
0.03,0.1,29,0.0036857044157609115,0.004727852833918133,0.021317625848645605,0.005220248227190299,3.0920948475616306,0.5193197325118123,4.892857142857143,0.5316357997022917
0.03,0.1,30,0.004639218425329765,0.0014646132383912456,3.223106587198025,0.0014105596466793889,-4.399048554645977,0.6042309353686048,5.678571428571429,0.6274830056423614
0.03,0.1,31,0.04980419523105255,0.04729720478808136,26.292967587596948,0.03926474749304837,14.290721189760356,0.5432623941993927,5.75,0.5832746696395628
0.03,0.1,32,0.009667697996434224,0.0065719308665457095,10.080866022466232,0.005335461574446099,-0.7016637602485218,0.6207451621717329,5.75,0.6557737363556211
0.03,0.1,33,0.0033941723270173494,0.0024649075710839203,-1.7735653928673898,0.0017997066958177627,-0.5310835342851874,0.6244929216972472,5.785714285714286,0.6299061617440405
0.03,0.1,34,0.020730208720041998,0.019039699354786124,11.411100696987624,0.019278942203466657,5.609183261222815,0.5451391747520399,5.607142857142857,0.565152699203912
0.03,0.1,35,0.19215989163592306,0.1657965897478949,64.69940868663137,0.1386914107933784,31.186258300861727,0.6131366764864177,6.25,0.7469447483081986
0.03,0.1,36,0.02153671217198642,0.02030452879507176,14.035105199060744,0.01863832746106861,7.087283100130198,0.5552441930295716,6.142857142857143,0.595308031377733
0.03,0.1,37,0.001876955221396286,0.0033319341599929077,-4.216011706693955,0.0031893460903872697,-0.9161661351278951,0.6104445248306405,5.714285714285714,0.6347371549594738
0.03,0.1,38,0.140868196182096,0.13462556638484954,42.946770090036,0.11490513286359048,25.101744121177948,0.6137958298741355,5.75,0.7319501749062798
0.03,0.1,39,0.006438776967182565,0.004423793398014333,3.7864294548316835,0.0037095929658175187,-1.594303483974888,0.5708780091898285,5.892857142857143,0.5901831912068045
0.03,0.1,40,0.004387775026311656,0.0021166475954007393,-0.7755952400858135,0.001806548096235496,-3.088758420674187,0.5881045189713802,5.392857142857143,0.5992922959507163
0.03,0.1,41,0.0074374692857533875,0.003967797130427061,1.3381932974115998,0.0028917638867963693,0.03548812761838841,0.6013151802716641,5.464285714285714,0.5921062321419817
0.03,0.1,42,0.05699405697248095,0.0494424056204557,23.703762052168578,0.04329420200656243,9.667714087679931,0.6276192373907337,6.535714285714286,0.6999901392187711
0.03,0.1,43,0.026231676682120595,0.01055885687244962,27.835307348643084,0.008902114688853826,4.145398603937404,0.6179730869048923,5.607142857142857,0.6393336962448176
0.03,0.1,44,0.005277399742099003,0.004345850186174933,2.6598942939562846,0.00397048665318094,-1.1364418383396544,0.5658710636004949,4.964285714285714,0.5757448690656781
0.03,0.1,45,0.007187480669456802,0.00545906666924543,8.570073623554649,0.004527438345086945,0.6613677353232769,0.5643171701233695,5.464285714285714,0.5915287374783682
0.03,0.1,46,0.009990117683083633,0.010636597731361625,2.7805878488519085,0.008634110397731747,3.671274199087113,0.5655919224135326,5.321428571428571,0.5876499858294333
0.03,0.1,47,0.006618779145253695,0.005914171265161946,9.13019579135974,0.00481912046179859,3.149454478555384,0.6296651032226753,5.75,0.6481701773191964
0.03,0.1,48,0.0067370570824854675,0.006086615418414206,1.9963292461053257,0.005797785473892396,-4.460974001118406,0.5965204709557496,5.25,0.6114825993622826
0.03,0.1,49,0.005296349734026567,0.004745714864391227,1.5701876664730747,0.0036625772951691337,1.4921208992444879,0.5997252624365682,5.321428571428571,0.6138471852297638
0.03,0.1,50,0.007253383115124725,0.0043876321727550046,4.518107093672803,0.00426142116152702,-3.200961730785432,0.5802826206762619,6.464285714285714,0.5779299823779838
0.03,0.1,51,0.0059132211360436145,0.0026906677294035552,4.488929780122184,0.0019474528504789233,-4.6095135596210355,0.6015448192253235,5.892857142857143,0.6134403921709188
0.03,0.1,52,0.029073792141836287,0.016152662098397722,23.44635705830946,0.013002955188129687,5.403638736519497,0.6054418950933718,5.285714285714286,0.6287713496261214
0.03,0.1,53,0.02703575849385519,0.027987160210646525,11.096662360494172,0.02172422513807186,6.7661205277359215,0.5334808429922135,5.321428571428571,0.5732706463181086
0.03,0.1,54,0.02975987611714658,0.034572572163932114,7.618085681000494,0.025164454715140526,9.887959269393216,0.5649734378105178,4.928571428571429,0.5661231465275629
0.03,0.1,55,0.010077037478835536,0.009355943006328662,1.1047856322384249,0.0057726410186597805,-2.0026787121106984,0.5530319809550442,4.892857142857143,0.5635005015962702
0.03,0.1,56,0.015553885277744914,0.016427075478513624,9.749655373728274,0.015087699158150862,2.47376804484216,0.5864307458650726,5.571428571428571,0.6343224459167179
0.03,0.1,57,0.0045896772046776155,0.004408335411356481,2.2137226836233026,0.0036432270666929586,-0.2829226734878034,0.5415289091390985,5.5,0.5393368249192719
0.03,0.1,58,0.012828007719092238,0.012321756826768632,2.2524256823423627,0.010262629026511134,0.8537396798731152,0.5219126677305713,5.071428571428571,0.545655892350384
0.03,0.1,59,0.02739304670527359,0.02506268277264367,3.8128257751848693,0.020958569254643507,2.78720660221299,0.5292456539769361,5.0,0.5516145360820278
0.03,0.1,60,0.006527839796312724,0.006971439191729685,7.025466124206062,0.006712448239770075,6.556402323960289,0.6002601144086724,5.535714285714286,0.6153934575177533
0.03,0.1,61,0.18047650904064752,0.17754557541526503,51.20963970815876,0.1495226231973495,36.865182674637765,0.5746692637740634,6.0,0.7316796735653428
0.03,0.1,62,0.006107945052941303,0.004435792107263067,4.8607689394372,0.0039728820127046625,1.0036868918789519,0.5307963664059326,5.571428571428571,0.546462176048354
0.03,0.1,63,0.03107330774466991,0.02414891782714189,11.543208468783185,0.020504563166607148,-2.3370914397173976,0.5553337304680299,5.428571428571429,0.5670916022821992
0.03,0.1,64,0.00956045388844858,0.0068128177429456534,4.463638921031581,0.004592631990514967,4.397630003520457,0.5457380520255759,5.607142857142857,0.5597888204591028
0.03,0.1,65,0.001902705981815678,0.0010041778092908977,1.7098405333824331,0.0007376387346415404,-4.176184646922934,0.5794513146582251,5.357142857142857,0.5849300658277431
0.03,0.1,66,0.046653925953241894,0.04128352250017976,13.960096376883797,0.03585066542588375,9.792094860195855,0.5172696324663507,6.142857142857143,0.5597779472969584
0.03,0.1,67,0.004093279319028337,0.004088909600971292,-1.3212689394849804,0.0030059209788579427,-4.80146197844554,0.608609289221426,5.892857142857143,0.6366222957328003
0.03,0.1,68,0.0047585795639860885,0.0014412137019007391,3.8409042960488193,0.0013049413865081794,-1.3772118090844003,0.5940359038191624,6.285714285714286,0.6225143225873383
0.03,0.1,69,0.005104076187682173,0.004256789986396035,1.825372743706545,0.0038777640470840525,-4.55675840863761,0.6052600165193747,5.785714285714286,0.6325285250393107
0.03,0.1,70,0.008324485733197667,0.00042935384648117595,11.068359791485534,0.0006418343062348847,1.4246231930700521,0.564678778373703,5.357142857142857,0.5509296978602216
0.03,0.1,71,0.007150975198408252,0.008179428829893065,2.35353310946698,0.007939440923760407,3.1036319565990405,0.6384512235630776,6.357142857142857,0.6540951554877525
0.03,0.1,72,0.05200082001462881,0.04070071375207534,18.91759987358855,0.03184029222111869,-0.8438768626033095,0.5641421180739922,5.678571428571429,0.6173953665975885
0.03,0.1,73,0.009942155445786829,0.010359492672650971,1.9813015258611202,0.008200067905699852,-0.556203321636616,0.5511106762250605,5.75,0.5678801932029147
0.03,0.1,74,0.012683114837224552,0.013422814027921767,7.652950617455282,0.011956056509992428,6.674244455392976,0.6309380076919048,5.642857142857143,0.6801724885853297
0.03,0.1,75,0.015106810681326636,0.017145556964091004,2.9157969648085498,0.015304364886685093,4.955310835906933,0.5393262932314916,4.857142857142857,0.5333995855253186
0.03,0.1,76,0.006750681677116524,0.007230799997805258,6.25050914993443,0.0060096427847609775,-0.3835976952606188,0.5442477487908772,5.464285714285714,0.5387058294698612
0.03,0.1,77,0.00567773631723608,0.004947675687734052,1.0442755038622238,0.005465389028348273,0.6067896114968411,0.5764115383317037,5.857142857142857,0.5785106655637062
0.03,0.1,78,0.04418717667094845,0.03420716742743709,28.808926895967552,0.02849873228014015,10.44717260151711,0.5960835323684955,5.357142857142857,0.6200483879855663
0.03,0.1,79,0.0033352623915809372,0.0035033241184442053,-1.5214190058094843,0.003664411444869067,-6.866233867529492,0.5630693082825909,5.464285714285714,0.577048632621656
0.03,0.1,80,0.00866498201917381,0.007246509200250599,11.610054345018831,0.00518116614256811,4.760036490103431,0.630758180993129,6.321428571428571,0.6503459262337623
0.03,0.1,81,0.0055501747221733365,0.004203433388820317,7.8090076639336985,0.004517810820811921,-1.0018740185967374,0.5480130929370424,5.464285714285714,0.554289786598904
0.03,0.1,82,0.009508313024233652,0.013860872327333665,0.7680777288013232,0.015404408421214315,3.0205146701484957,0.5629680914676264,5.035714285714286,0.5688127101894269
0.03,0.1,83,0.0009411507891062029,0.0011474481581941265,-2.1127156865428276,0.0008598253335034188,-3.1910180501882905,0.5653929960542527,5.071428571428571,0.58177000907386
0.03,0.1,84,0.0016011736025935014,0.0018800429199830057,-1.028057081863679,0.001958290712694942,-1.7759510643867127,0.5611258079061014,6.071428571428571,0.5859615275839274
0.03,0.1,85,0.0023685098202676,0.0014698278941788344,-0.14065149862531712,0.0008531226495054682,-2.5936441348880614,0.5357454673250034,5.285714285714286,0.5533533770002275
0.03,0.1,86,0.00579621158585826,0.006015142640458958,3.576037363562911,0.004125918909763462,0.3585178328194634,0.5768067051069369,5.892857142857143,0.5824830410731789
0.03,0.1,87,0.020640331938466885,0.019626309330871602,7.1186476624281525,0.017907828599444266,4.481008751368601,0.5600816792700599,5.535714285714286,0.5797345048399427
0.03,0.1,88,0.023903853127565204,0.020223610974355356,20.161234064909102,0.016486488728004962,9.896944410159145,0.5737055860395196,5.464285714285714,0.5821702339783289
0.03,0.1,89,0.012318074932208968,0.011161517009860466,4.869543087645106,0.009671758376258836,5.998936310456088,0.5854357321774122,6.0,0.5978565758598872
0.03,0.1,90,0.010299105450927264,0.011778493043042,2.4424709350253337,0.0095810258237803,-6.010307391300927,0.5523903484672517,5.821428571428571,0.552091215108107
0.03,0.1,91,0.0026900443008317757,0.0020412280106795818,3.2048207329666596,0.0021021732774491792,-4.308962105230023,0.5565789002224765,5.392857142857143,0.5669896399837173
0.03,0.1,92,0.005555534502573934,0.005979013281316872,5.757401635349666,0.004486413518670079,0.8147857409561539,0.5875552403723923,5.535714285714286,0.5915997499896913
0.03,0.1,93,0.0033125551388366852,0.003903464456416224,0.1529293218118184,0.0032930291240729,-4.729187935501794,0.5639375019399682,6.607142857142857,0.5686433966479107
0.03,0.1,94,0.004274104034717998,0.002149339063367877,5.397090702812044,0.0012248862247304843,-2.0216292084650056,0.5496536493073277,6.035714285714286,0.5664993016105592
0.03,0.1,95,0.00985670169372559,0.010095315230745,7.475100081145044,0.006992700112767058,7.3222290861087345,0.5486713678834023,6.0,0.5558796219444774
0.03,0.1,96,0.002906534746993171,0.0010035185671601532,2.5539830149445635,0.0006499897272767046,-1.1140255853778456,0.552884064664754,5.857142857142857,0.5536718268739518
0.03,0.1,97,0.012752647601039469,0.008271663413492879,12.08105845584295,0.006789899355887167,-0.8412664449298385,0.5961871413039992,5.714285714285714,0.6394656326628101
0.03,0.1,98,0.00366738964559832,0.0027586539356630408,3.422753630698111,0.0027065987332346446,-0.6531780066485453,0.5716139966346528,5.464285714285714,0.5841627283682778
0.03,0.1,99,0.10935431435541208,0.09648027819112805,41.45590572714505,0.07902802950755294,18.359032734007943,0.6352926885286674,5.857142857142857,0.7263846648864017
0.03,0.1,100,0.0038922674561922567,0.0027325321177534795,5.858166596965454,0.003124449240539189,-3.583440518265197,0.541983427930887,5.964285714285714,0.5589630938171685
0.03,0.1,101,0.005681483658558547,0.003741450482308978,6.518657914712733,0.0049103362453872266,3.130662454946029,0.5968919147110858,5.464285714285714,0.6037058643474651
0.03,0.1,102,0.008933578353592694,0.007367778745778048,5.3642009383130045,0.0060274498527404866,-3.5883716751644292,0.5952625717017989,6.321428571428571,0.5971662256187884
0.03,0.1,103,0.10731969402624562,0.10616962927582772,35.150793854718486,0.08833386719091432,24.338439385826533,0.6349652100386394,6.0,0.7397365056627121
0.03,0.1,104,0.0017907374144905985,0.000621270085439102,-0.7481827805724635,0.0009424834380699328,-1.7376623381618874,0.5788966129838882,5.357142857142857,0.5882082487760991
0.03,0.1,105,0.1117332059018032,0.08228781635528275,51.236650236410256,0.06868018498984715,10.221400838373631,0.6666739947230695,7.178571428571429,0.7467810775455568
0.03,0.1,106,0.003137295929488648,0.0020799865419886586,0.6801137959658945,0.0016939715529955836,-0.6865988815199557,0.6199819336488864,5.892857142857143,0.63739511503627
0.03,0.1,107,0.0021921240917232936,0.0016543564032882635,-3.9024554436496572,0.0012002854155762656,-3.0718882527284186,0.5932546278171312,5.25,0.615443508262278
0.03,0.1,108,0.009347896261415283,0.008076075146217401,8.740943648865112,0.007095402248639514,0.7844730714017866,0.6189568445406278,6.071428571428571,0.6207474387680665
0.03,0.1,109,0.0005704789394567357,0.0009330909962457467,-0.12777579798473226,0.0008725281109458964,1.0315552452553998,0.6125705214872708,6.25,0.6205984935460164
0.03,0.1,110,0.005094744896890983,0.004739066283401633,6.700429413181055,0.0032401976389083596,2.2148077779181485,0.5939339751415049,6.035714285714286,0.6269455334691949
0.03,0.1,111,0.07666276337614779,0.05752384758856292,39.893707773942594,0.04562222752414453,4.053145957678623,0.6241022715429797,5.392857142857143,0.6890415187371365
0.03,0.1,112,0.002947425894653119,0.001219330427826456,-4.498174433777095,0.0009818562793501655,-7.705094444217157,0.5383445789186981,5.714285714285714,0.5474011103128016
0.03,0.1,113,0.009796343183631593,0.008615711346790825,3.8875959625554657,0.006470533837860233,3.3717971581780453,0.579136441949619,5.107142857142857,0.6278555296323567
0.03,0.1,114,0.004589053050977205,0.003968617801195053,1.2701889876137713,0.003943493804733644,2.36117540690023,0.5080077960945573,5.178571428571429,0.5454403603259317
0.03,0.1,115,0.026010818042625606,0.011467464928263288,22.50062979135391,0.009272653688216352,4.876504053794719,0.6243016480816144,5.642857142857143,0.6510005288168946
0.03,0.1,116,0.01849927280837192,0.016228511872055654,8.602375285841973,0.015511522395629201,7.259660928110502,0.5641736125384682,5.321428571428571,0.5852264173321504
0.03,0.1,117,0.009191415776133725,0.009871039410990115,4.2102896885897465,0.011995999301474441,5.798059673235116,0.566643459038958,5.607142857142857,0.6069549583180951
0.03,0.1,118,0.005952742924884683,0.00582514643319889,-0.8061733654172016,0.004079041657962295,-0.7846300972225132,0.5803712687575233,5.5,0.6101190686190124
0.03,0.1,119,0.004678624309374028,0.0013246222905269995,7.558967633020444,0.0012492756213742786,1.752797539718415,0.5881677644659821,5.535714285714286,0.5982189307777934
0.03,0.1,120,0.0018688580369991873,0.0017901940106176864,2.0105839184175096,0.002298322124721157,0.7387636455340308,0.5627781429222561,5.607142857142857,0.5919225451049017
0.03,0.1,121,0.009069679309541974,0.0017969861363419757,12.799404219156557,0.0006544602973078005,3.6842272095205337,0.5947816963113313,6.0,0.6098474910261333
0.03,0.1,122,0.04870055694624054,0.03689125737963731,34.05919213697144,0.03165243469598674,15.07101291311372,0.6030193893535895,5.678571428571429,0.6323668659625421
0.03,0.1,123,0.013760033307128603,0.010590943459945124,7.263251900150998,0.009698859794219219,1.267737641793758,0.5445113589355602,5.857142857142857,0.552656549130617
0.03,0.1,124,0.005184192348651018,0.007199151770296084,1.2701664946859736,0.008154855157900135,-0.001844596759487634,0.5596593960193292,5.535714285714286,0.5688092601481544
0.03,0.1,125,0.007916066017580587,0.00881785367493736,4.1531526152678,0.009079760493741752,1.7510021647352876,0.5868176941752583,4.928571428571429,0.6232605876372821
0.03,0.1,126,0.009360041632754022,0.006132391934302416,3.34233619179151,0.005295908538783502,-0.7502371896874536,0.5755978278467851,5.821428571428571,0.5932950680840248
0.03,0.1,127,0.005307007944534,0.004131058915491261,-2.4167256103324135,0.003696564826117816,-2.725900320137441,0.6143393577406157,5.928571428571429,0.6314308285257519
0.03,0.1,128,0.027082753591918165,0.021227544188698502,18.117000416924363,0.02111333253285154,14.731513919276287,0.5568094581346565,6.142857142857143,0.572343691643036
0.03,0.1,129,0.01698694160942535,0.006078537066793364,27.851206961957004,0.005280313296959847,4.706069258913999,0.6186032823972455,6.25,0.6245740475191686
0.03,0.1,130,0.0045023713887755775,0.005778860681417026,0.5653700541505771,0.0038392263332505867,0.46560723304445634,0.5912047595857581,5.5,0.6165274146691762
0.03,0.1,131,0.003551043083906687,0.00212209803108329,5.030559969581759,0.0010848658909094375,3.905904660650009,0.5772347371755838,5.785714285714286,0.5951047806955364
0.03,0.1,132,0.005666545379436319,0.004285764125815521,7.344134581194673,0.003449062310475008,-2.913462043064347,0.6076084367937675,6.071428571428571,0.6300749924809469
0.03,0.1,133,0.00229846536864985,0.0020289936634265582,-0.20319969060100362,0.0017642533512133207,-3.729034435850489,0.5866934494997916,5.392857142857143,0.5957766837771783
0.03,0.1,134,0.006047175632568168,0.006333411094468441,0.2357842154282963,0.005184588961045623,-2.052155889684409,0.5627379581873849,5.285714285714286,0.5740996218327281
0.03,0.1,135,0.005201297757910859,0.007941893479599182,2.41442906335606,0.006253175290672106,-1.374930532574363,0.5694940762235857,6.285714285714286,0.5845621687152561
0.03,0.1,136,0.02168005793451801,0.012234346955219409,7.041495750559697,0.00747588672997978,-3.07940662619284,0.5897199344528788,5.678571428571429,0.6040067421450871
0.03,0.1,137,0.008571675377189893,0.005273029248601972,3.798075689967483,0.006268448707924738,2.6450609996449352,0.5512436282051275,5.785714285714286,0.5711342560376514
0.03,0.1,138,0.01809272341831577,0.017882560994472652,3.2161476670224474,0.01315877900064573,4.369753450296353,0.5758268320529017,5.5,0.589803958244422
0.03,0.1,139,0.013194721996535505,0.01422423516763631,10.938651367581855,0.01097294663314998,3.7968935966573176,0.5744698073021899,5.285714285714286,0.5882069713555695
0.03,0.1,140,0.015729071678252736,0.016166930893042677,5.436927212240427,0.015956568512488927,5.994310111254767,0.5787458221809231,5.714285714285714,0.6060004435465598
0.03,0.1,141,0.0018792517225114623,0.0005286077021429835,3.2783314243355406,0.0007280820935707055,-3.4502759651938013,0.6003316679766763,5.571428571428571,0.6073439077232448
0.03,0.1,142,0.00340786596030802,0.004457131636947731,1.6552805536558353,0.0028757821026833613,-3.1379741151530234,0.6151192669750064,5.785714285714286,0.6327579779300055
0.03,0.1,143,0.0009939174974674537,0.000660643272284649,4.909148759081987,0.00039616738369270375,-0.8715938972605196,0.5696798103635782,5.392857142857143,0.5833018877494269
0.03,0.1,144,0.004213502895936752,0.003641439873237509,3.5520349069908193,0.003353068304950465,3.4797708439868225,0.5618192196469378,6.071428571428571,0.5458517903207141
0.03,0.1,145,0.012193159337263122,0.002806625185043629,11.67476851761635,0.003199808682027232,0.37081824162243987,0.585759588981852,6.321428571428571,0.6197397149051855
0.03,0.1,146,0.05785156334322644,0.038016653406630345,42.90787217236546,0.03367947957014139,14.259826965726395,0.5953084635811401,6.428571428571429,0.6471606328806001
0.03,0.1,147,0.010794116240238627,0.011698027957399014,6.077164677297141,0.00685759063790854,6.905159155094149,0.5478590310179369,5.464285714285714,0.5713996778717587
0.03,0.1,148,0.0019355999539773098,0.0010388659757342654,-0.45228391132450696,0.0007723739239680556,-1.210060565181455,0.5754092879136595,5.321428571428571,0.6000013548704355
0.03,0.1,149,0.0026049470121355736,0.002009815883558852,1.2991412928364596,0.001777904294040473,-1.098455631483726,0.6123224448290259,5.357142857142857,0.6218173237244287
0.03,0.1,150,0.012168768252145907,0.008267347381297644,7.08498070086857,0.00653711528635849,3.206378094118359,0.5427898100652505,5.642857142857143,0.5788299502870677
0.03,0.1,151,0.005281571799747013,0.004086719046630497,4.661489871943047,0.0019081819783576903,-0.383871758165706,0.5848187022342854,5.5,0.5963174551151769
0.03,0.1,152,0.0012263466919818018,0.0009090928633556874,0.8127304586505559,0.0006501203002477254,-2.6235595540381857,0.5722930176049478,6.107142857142857,0.582405742043502
0.03,0.1,153,0.02827034469639191,0.02766529296966242,5.32044856973711,0.02383173308649698,2.4939198464668286,0.5463036809437699,5.464285714285714,0.5587414965598085
0.03,0.1,154,0.0025136013546300773,0.0024997536422155693,1.9230743380973436,0.0015643482861188703,0.7652255358526361,0.6190577075451917,6.285714285714286,0.6316616694796992
0.03,0.1,155,0.003568798921754714,0.0026803198869761644,-0.5543271487185422,0.0026851324707799747,-6.558337990435025,0.628866183994795,6.535714285714286,0.6434487203995575
0.03,0.1,156,0.01291706827587186,0.007523815969053035,5.391137404221624,0.005157164198302123,-1.6412993215384308,0.5718342312630158,5.678571428571429,0.5987294161849714
0.03,0.1,157,0.01676384762935875,0.014843239221795947,6.858689948787976,0.011762610625931704,0.6330541658852363,0.5179302948906016,4.928571428571429,0.5261016116314591
0.03,0.1,158,0.011394684376966729,0.007547935846578455,13.147517752910211,0.005260004700935071,1.6119116992925058,0.5719938290737554,6.178571428571429,0.5853898466924874
0.03,0.1,159,0.0075955082814402825,0.00739247789922718,6.719931677647921,0.00639005394483276,-1.4464627077967502,0.5955930449671294,5.821428571428571,0.6009049538725207
0.03,0.1,160,0.004683110060726149,0.004605808192945334,3.2394962935740637,0.0032526777923737467,-3.10751746178614,0.5674743620984591,5.0,0.5921465765021681
0.03,0.1,161,0.0015376484448540175,0.0016444098330553243,0.47289917144551197,0.001379805143650217,-4.872541712385669,0.5884068908536516,5.571428571428571,0.5914376885757481
0.03,0.1,162,0.022529394997870964,0.017497881850064775,8.090311916197379,0.015747128624362287,-1.036706561105954,0.5851749920838508,6.035714285714286,0.6347012363082083
0.03,0.1,163,0.025325455945276083,0.016853228386569618,17.939221781843642,0.010285124910558574,3.921633044521542,0.5603534048904776,5.25,0.5813163035004525
0.03,0.1,164,0.0045348831474282345,0.0036341780012907926,6.242810798791716,0.002777803657388009,2.499067181077313,0.6298834356489609,6.035714285714286,0.6625734458339824
0.03,0.1,165,0.003893980732466941,0.005249688703617871,0.1317296115525508,0.0042724714243572645,-2.417950089384931,0.5802925063718349,5.178571428571429,0.5838287784549007
0.03,0.1,166,0.007604172331861378,0.00784768896722458,4.293930482785733,0.006742736127872489,-2.8527637469000715,0.5649571228797401,5.392857142857143,0.5747105004234071
0.03,0.1,167,0.019676399138884464,0.017798317934271234,3.28091096975637,0.01236419557994732,-0.8956554020903127,0.5445824953686158,5.285714285714286,0.5641585944543926
0.03,0.1,168,0.02166974720463621,0.016016491456594114,6.824936708555718,0.011988660437782385,0.4977488902633998,0.6018567435205219,6.464285714285714,0.628903567680136
0.03,0.1,169,0.007358045835713902,0.00926399489228516,3.7127857126585795,0.01052568242326902,9.83991281123347,0.5925352700851851,6.142857142857143,0.6516464208001963
0.03,0.1,170,0.01482612094907315,0.015126056536362151,5.624447586330646,0.013198129035536358,3.4451280046500585,0.5363545935128796,4.892857142857143,0.5669615669073571
0.03,0.1,171,0.008796250930885093,0.008318336666315578,6.527224367630474,0.005971358752544569,2.4344502732916737,0.5482754448928032,5.142857142857143,0.5604579876479572
0.03,0.1,172,0.0038869563009352264,0.0020180669889502474,0.7381714806511255,0.0017500824430022556,-4.375202584314214,0.6212731426989572,5.5,0.6228512397373782
0.03,0.1,173,0.030559114516320287,0.024897269445212106,8.464321739128046,0.017770530920049675,3.751471318961895,0.5516399955052094,5.428571428571429,0.5705182174727079
0.03,0.1,174,0.004862001834555734,0.002979329256887554,2.705481745767834,0.0015210850605808842,-0.025617698869249732,0.5834854387128221,6.142857142857143,0.6007518746360012
0.03,0.1,175,0.003438439490929453,0.0056089535660559684,-1.4033212674303357,0.005239678206951557,-0.38470579450790865,0.5746622702290444,5.107142857142857,0.5882867145835825
0.03,0.1,176,0.008385171446689184,0.008748856164127497,5.178751145025721,0.006592561006506866,5.253860407690392,0.6526064885375167,6.0,0.6709764991285554
0.03,0.1,177,0.04528140434496006,0.04051291274814698,18.844742979802568,0.03308154445770945,7.882530862023732,0.5499261567296249,5.714285714285714,0.5934649046638679
0.03,0.1,178,0.006419089487344171,0.005197125077078675,-0.1694278644597702,0.0052464495214233,-4.968499643530464,0.5952281805009239,6.428571428571429,0.607505637209019
0.03,0.1,179,0.06050480168377207,0.057630738630521136,21.936519300222933,0.048531286838867614,8.760969958465447,0.5432550425071995,6.071428571428571,0.6063491190005283
0.03,0.1,180,0.022609623301298964,0.02381903107255946,13.942890552263492,0.019941184916780746,14.21305822278176,0.6250735647808893,5.285714285714286,0.64670586111368
0.03,0.1,181,0.0018066282154942167,0.0008927093759479562,1.5244935675498112,0.0005036946952697212,-0.46035237001585,0.5575425609352648,5.857142857142857,0.5544311075314949
0.03,0.1,182,0.01220454804760034,0.014434409877540305,2.951353430359731,0.013510614792888427,0.14938971010107593,0.5128088210334825,5.714285714285714,0.5300477145234279
0.03,0.1,183,0.009529915558842415,0.0030814556486522954,10.741091709412217,0.0027582199623443623,3.9153964430128005,0.4939975074718556,5.178571428571429,0.485753348774263
0.03,0.1,184,0.003384256913451842,0.0032552451662327506,3.1271076080482416,0.002609194619338293,0.5121288894253647,0.5841991329771625,5.821428571428571,0.5788354824232191
0.03,0.1,185,0.016566751505191518,0.021436502931284657,7.347009393051074,0.02119127938320731,8.437830969731749,0.590614057533719,6.25,0.6206204812726102
0.03,0.1,186,0.0126393241509424,0.01055621282855539,0.7781427877277522,0.006953651412446562,0.04630572551113232,0.5803465258061692,5.964285714285714,0.5957051683443868
0.03,0.1,187,0.013110480529853846,0.015824594291206195,-5.572916634812707,0.013003160372884659,-3.4741546588851406,0.5398640653858201,4.928571428571429,0.5769718868055944
0.03,0.1,188,0.008987751838781836,0.008184569397724871,5.439830197398514,0.008911035941906514,2.369931684183399,0.5630375937382518,5.571428571428571,0.5575493212192159
0.03,0.1,189,0.10939232413276466,0.09740612409045857,27.76574957847587,0.0826462942791045,11.300508653234019,0.6491333921124373,5.392857142857143,0.7231952174019116
0.03,0.1,190,0.021415099872405686,0.023208296511794138,1.4530690075567918,0.021297034081725157,0.40044899554051955,0.5230327028481507,5.142857142857143,0.534268362244939
0.03,0.1,191,0.012437699374404535,0.011947189079203996,7.387451157928659,0.013395098410582956,15.412964440551463,0.5421032024204462,5.714285714285714,0.5836014579512314
0.03,0.1,192,0.01007331202274341,0.008280382377698509,12.182814243427053,0.007715632584481538,2.379662516488215,0.6012417418579086,6.285714285714286,0.6111188463226942
0.03,0.1,193,0.047789583582219915,0.032335477627916956,36.823197239888984,0.024388110721504343,7.161066561799761,0.6391063266247518,6.392857142857143,0.6798576396293186
0.03,0.1,194,0.002871249357275209,0.0019218879045685279,4.554173902421773,0.0015282456078705945,0.8167920403316771,0.5988009836161687,5.892857142857143,0.6193857587757998
0.03,0.1,195,0.005148053263143936,0.0026358237574916647,5.529673095681126,0.002547950582467881,0.4124129873901836,0.6361968428716267,6.0,0.6334697727425125
0.03,0.1,196,0.008105602382100171,0.0018392422636383033,1.0084994166742973,0.000852115574602227,-6.550541842262608,0.5973568045074724,5.607142857142857,0.6045191084785564
0.03,0.1,197,0.0023428994370330663,0.0013014487014677443,2.6158053186173476,0.0011255518754710295,-2.2526743364984156,0.6152692559221524,5.5,0.6244854428148845
0.03,0.1,198,0.008469794623073125,0.005613220630211554,7.474043033738127,0.004107428956916981,-2.7222612779970823,0.551442009242573,4.928571428571429,0.568317704705043
0.03,0.1,199,0.01717923580180005,0.014543002556005045,9.899051796153998,0.01210342823896347,3.078070755206094,0.6391118131399204,6.071428571428571,0.6734639889444585
0.03,0.1,200,0.032924033373918485,0.0281312148070169,24.087328674577,0.026801038905866794,13.890866973705547,0.6323554633799076,6.321428571428571,0.6336736973394764
0.03,0.1,201,0.005770065113187968,0.004575443181452641,5.310731647708181,0.0031620157046612445,0.3986512548459113,0.5674871165475041,5.464285714285714,0.5711849505216556
0.03,0.1,202,0.017249722734780183,0.016005205695416653,9.358806726316175,0.011928025480638281,7.094565356581161,0.5494081606913479,5.392857142857143,0.5882426988966772
0.03,0.1,203,0.03763036490517918,0.00801682358508732,26.61496724711128,0.006168922487216778,4.120828215608583,0.5726846143572624,5.535714285714286,0.5790461159925703
0.03,0.1,204,0.002535704770558955,0.0019613691893356,0.3400256249306324,0.0013542565142466514,-3.718713685153972,0.5796303854380752,5.535714285714286,0.5944281501520927
0.03,0.1,205,0.15783273681892002,0.15018641867166377,43.61032352172852,0.12099527913302822,26.72247541313034,0.5969940468620486,6.464285714285714,0.7211889127884434
0.03,0.1,206,0.003452223607035254,0.001377800152338326,-2.480773677897197,0.0011291103810769463,-4.709611900206681,0.546639445779267,5.5,0.5731674468328147
0.03,0.1,207,0.004535170881002585,0.0013067341902180424,-2.3057703534876097,0.002512823797832728,-3.8581667101051096,0.5510157519065888,5.285714285714286,0.5646787359537617
0.03,0.1,208,0.0024258427868658256,0.001827303364511429,2.4009383671774387,0.0020846784172007015,0.7832997429779311,0.5756262432632581,4.857142857142857,0.5861316759750808
0.03,0.1,209,0.010326552837282692,0.008388000733044024,5.550703514124464,0.006520301075242213,-0.8260959449283405,0.534166344830609,6.178571428571429,0.5665411446767213
0.03,0.1,210,0.0029387450688495,0.004028998922608058,0.8222111618938186,0.004294378224345355,0.5321760607247276,0.5777042343623358,5.571428571428571,0.5838884048241816
0.03,0.1,211,0.009291422829060382,0.002645021933188652,7.05176353087613,0.002080241375027597,-1.7000369749124882,0.5590618646713195,6.178571428571429,0.560985713203068
0.03,0.1,212,0.0027501611069406053,0.0005691542623968169,6.6915412098562115,0.00044924542529105305,1.4104159697626055,0.60243720508857,6.357142857142857,0.6189798709755979
0.03,0.1,213,0.1408581713285901,0.14155339818096577,37.504026930829895,0.11945929721212017,24.087698999501658,0.6147712954154042,6.821428571428571,0.7563361428722642
0.03,0.1,214,0.1391774567385605,0.10869945188660345,44.59450270205301,0.08773650140342218,7.732865958323695,0.6489111561905633,6.821428571428571,0.7516114974305164
0.03,0.1,215,0.00543099827317792,0.00609222279098053,3.3714929838642718,0.004554064439360602,0.12791341976330273,0.5693570304845886,6.0,0.596143172709554
0.03,0.1,216,0.010731908230152817,0.00882938851766376,5.517866546520956,0.0044108339472697594,-5.098482238593003,0.5541907168072343,6.464285714285714,0.5608907415129953
0.03,0.1,217,0.004742769267401865,0.002184644259519731,-0.5277007235578139,0.0012745074946296385,-2.6673123452372542,0.5892093883192341,5.0,0.6018790725228902
0.03,0.1,218,0.021453794056401475,0.015056964288041206,10.665331350146957,0.008719535130469526,2.3998516883057355,0.5452780264667026,5.071428571428571,0.5705981719277373
0.03,0.1,219,0.00604444897952239,0.004206483482653619,0.5079188510094639,0.003864072996892202,-7.006766078178269,0.6008505401705883,5.035714285714286,0.61139841030849
0.03,0.1,220,0.0057483336459721295,0.005061692833939948,-0.04484569343835432,0.003777080596803343,-0.9009481370986142,0.6024926833075712,4.892857142857143,0.6219529012938515
0.03,0.1,221,0.021497534740924296,0.01700099527450157,15.056699221812607,0.014741309770376965,4.702161412445766,0.5887477056229262,5.857142857142857,0.623565448572933
0.03,0.1,222,0.005578663361381087,0.0032393033570362662,1.6658094901139222,0.00263241595743731,-1.3786218730989503,0.5110472560249145,5.25,0.5277231813216816
0.03,0.1,223,0.008549281872305145,0.007792146959932621,12.083431713416473,0.0068789250718156,4.455910663673971,0.6053291350945751,6.214285714285714,0.6276781492304893
0.03,0.1,224,0.009849243696649142,0.00940971186578697,3.33023389225351,0.007291679261239937,-4.540298010790707,0.6236686877903926,6.357142857142857,0.6620393935268003
0.03,0.1,225,0.00829703908759075,0.008506588625166147,3.456748044637699,0.008996269985972022,5.752017069717378,0.5833382174504919,5.607142857142857,0.5995233883653976
0.03,0.1,226,0.001469775164172827,0.0014510056675744018,0.8588900519588094,0.0014555505454934244,-5.736931729438889,0.5588393573780652,5.75,0.5727663166697028
0.03,0.1,227,0.009808317428611508,0.005665696878311726,0.19397003111579636,0.0033665761638985983,-3.600467675808337,0.572129190015206,5.5,0.5601138686624911
0.03,0.1,228,0.00020550032897752687,0.0014328020183038259,-6.731847049359679,0.002280711310742235,-8.140535969669079,0.49899221173502195,5.178571428571429,0.5222505709554273
0.03,0.1,229,0.015193427561366641,0.011227859210081126,15.359609032417552,0.009355168262332063,0.6252755989955384,0.5606255186470348,5.535714285714286,0.5593055531617892
0.03,0.1,230,0.005308188994694209,0.0053257667021158325,4.179088594081236,0.004815993269632167,0.025328849300980966,0.5532918556772214,5.678571428571429,0.5728947628127052
0.03,0.1,231,0.0035794451970656014,0.0036202012780873266,1.3857486476617495,0.002162772985162653,2.2850252178301957,0.5423678433560075,5.285714285714286,0.567693217059432
0.03,0.1,232,0.005583647944122788,0.004260721442895546,3.210429711890356,0.0045063639467260545,0.5493583981644387,0.5837081120486614,5.75,0.6092082376062133
0.03,0.1,233,0.015737886006369318,0.015009337415704887,1.8471066776949954,0.011290280523324439,1.746055286943393,0.5872133688046715,6.142857142857143,0.6074311042474178
0.03,0.1,234,0.14133436907341546,0.11794827343538616,48.90908872468755,0.09399983013655355,13.54787274517544,0.5934203237681503,5.642857142857143,0.7058984203945801
0.03,0.1,235,0.04646808757638042,0.051290932080691756,15.248084211121707,0.04250451205857133,13.246580467013208,0.5395696558226761,4.785714285714286,0.5604219684123977
0.03,0.1,236,0.15320060927662488,0.1303137437028474,37.855097919130316,0.10751964303706554,15.234832525662034,0.6333459725175911,6.178571428571429,0.7256566458273277
0.03,0.1,237,0.0026155279142797837,0.0013256631957425998,2.2971019404075292,0.0011308175537184644,-6.944847384598461,0.6351956223460405,6.535714285714286,0.6483143749625857
0.03,0.1,238,0.08909526580085698,0.08241931408207007,32.40528857338472,0.06701503048107174,16.389640878127377,0.6238750230479566,4.571428571428571,0.7001054993451685
0.03,0.1,239,0.0059378377323512106,0.004237300185729945,7.566560362550156,0.003480404162799806,0.9876042800642514,0.568998853982713,6.142857142857143,0.5876907124099358
0.03,0.1,240,0.0019648820536455384,0.0020563073899536686,0.3561981679362418,0.0019498918277170711,2.958035331119144,0.5536471656696441,5.107142857142857,0.5562149297458188
0.03,0.1,241,0.014866943726671009,0.014515960523403294,6.024488092859578,0.012668322684609915,6.929621777867093,0.6267144482815363,5.142857142857143,0.6612086980207591
0.03,0.1,242,0.006320303650656307,0.006438916144512811,5.356298773155217,0.010254595182826847,8.190093574003876,0.5780141180110417,4.928571428571429,0.582897206960749
0.03,0.1,243,0.0009003567998622017,0.00019039239749366036,2.951291400108971,0.00045575167101910585,-1.5726337150897223,0.6041064704391897,5.25,0.6136981796571375
0.03,0.1,244,0.048682695507285385,0.026661305604198767,39.25542923709253,0.023374114949436822,12.21880596578653,0.6184768700201081,5.928571428571429,0.6331388604748038
0.03,0.1,245,0.09136317119529706,0.0949619504258006,26.43859061697666,0.07761592657317645,25.93921634195084,0.5917778247903662,5.607142857142857,0.6750277025489685
0.03,0.1,246,0.03705495500279568,0.032529531722801236,16.88650878421393,0.026665212796984226,6.297362404142954,0.5578224424855805,5.678571428571429,0.6106829542276939
0.03,0.1,247,0.006487898524910086,0.003067566378280874,11.583464821910447,0.003097268390056698,-0.06795726267724451,0.6090532105827767,5.642857142857143,0.6166415778424791
0.03,0.1,248,0.037105501959395194,0.02616332211446261,15.874335695548737,0.017988631805959988,9.313830631889735,0.5590325109922397,5.678571428571429,0.5717061280392493
0.03,0.1,249,0.00845941289402456,0.005791377004950674,3.1221744724720466,0.003866814262535901,0.13764706008857766,0.526719273676982,5.678571428571429,0.5286630811953484
0.03,0.1,250,0.011960375675447457,0.00315326313249632,20.557875496593233,0.002351048523108841,2.4502990598375525,0.6050415780689778,5.75,0.5843181210435513
0.03,0.1,251,0.006133447986769306,0.0020850349856297344,7.390437591241202,0.0018717079487033904,-0.56316742709897,0.5538522932206528,6.107142857142857,0.5448078158783984
0.03,0.1,252,0.008534385786618536,0.007995352579801085,4.6976650185999205,0.007177606666274277,4.045567687758809,0.6080391373872993,5.928571428571429,0.6378887324574014
0.03,0.1,253,0.014702973300777933,0.01552089552417879,0.3378189366197475,0.01768704723665493,2.2196265262994928,0.5824294284635814,5.678571428571429,0.6063234901225042
0.03,0.1,254,0.00825010927126515,0.008348602233127776,6.336675795171722,0.005342190226420093,6.732643223288686,0.5153029628331669,5.428571428571429,0.518119865709306
0.03,0.1,255,0.0017640525598222243,0.0017856468882618643,1.4167797572951457,0.0017433189230287739,-1.6406893822650375,0.5414160588620636,4.857142857142857,0.5519805824435116
0.03,0.1,256,0.0037425404515775925,0.002549536932094065,2.436865317307287,0.0021706966609716973,0.06751310571396137,0.5300394385753504,5.035714285714286,0.5424060741728396
0.03,0.1,257,0.007384761658919881,0.0038644552854989484,4.802213977880541,0.003530543361157619,-3.3998024212277564,0.5525893558757676,5.714285714285714,0.5519432958458521
0.03,0.1,258,0.01205278647632946,0.004003911944979389,12.178885893910618,0.0025457816952372775,0.4869745810341802,0.5809578736962395,5.785714285714286,0.582424792708721
0.03,0.1,259,0.0048952930483388436,0.0027992441581145035,2.5963454603058054,0.0019848864073297714,-2.23939617455531,0.5653571189687966,5.678571428571429,0.5865245280508246
0.03,0.1,260,0.07268324275285006,0.07289335067487675,19.321842656667894,0.05736940466833952,15.69433992988258,0.6226587664328719,6.321428571428571,0.6669279108997772
0.03,0.1,261,0.014134017066165462,0.009989988492690149,7.316437537988762,0.005662092307970744,-1.3660411951062486,0.5357501067530331,5.357142857142857,0.5593500415948743
0.03,0.1,262,0.029605191310991756,0.03158091867459883,6.699625854288435,0.029467549040611274,4.719472970261667,0.5501810633957063,5.107142857142857,0.584017806517974
0.03,0.1,263,0.003607269390077184,0.002927427031637357,4.55123070362874,0.002965632685530099,1.3062559341572448,0.5639746123933016,6.142857142857143,0.5886164298981965
0.03,0.1,264,0.0008105863320286765,0.0002818797941334149,-1.164782120378419,0.00012564041807801825,-1.277947931179985,0.5553711865294179,5.107142857142857,0.5639422778724497
0.03,0.1,265,0.0066324324378203596,0.0040659309043443274,8.017691461319167,0.0036327580285517797,1.0521039423940028,0.5452739910152622,5.642857142857143,0.546154921206514
0.03,0.1,266,0.02136292202458327,0.025610999943166065,8.282694867501107,0.022160875509775458,11.742185052916312,0.6016152385150649,5.571428571428571,0.6269198040068769
0.03,0.1,267,0.09909642853265294,0.09770877307140922,33.30082709609593,0.08578638022357228,25.22885620998628,0.6377871496649851,6.285714285714286,0.721174820928902
0.03,0.1,268,0.020004819674267166,0.02077667567780905,1.2146147518164767,0.017189811424887787,-0.8327303473886994,0.5471785982219688,5.892857142857143,0.5737992469565745
0.03,0.1,269,0.002448783171365141,0.0006868473775643863,3.0313764075127807,0.0007804833851593962,-0.2967792103779819,0.5723094001811007,5.892857142857143,0.5657419320545956
0.03,0.1,270,0.014116310999975245,0.018711036242391853,0.5254913365617,0.012217261857665923,5.31608177684608,0.5236886879608634,4.785714285714286,0.5455473417806671
0.03,0.1,271,0.005667094926547817,0.007133445401754849,-1.1528107655901891,0.006355204794500343,-3.2204272840739727,0.5783842186885881,5.464285714285714,0.6000633852043351
0.03,0.1,272,0.10073199230453467,0.08343357168440216,49.56522660207756,0.0694555166796606,16.397249738782985,0.694455234991114,6.75,0.7622857843096257
0.03,0.1,273,0.00634593428046234,0.005839702112608183,8.267038262981231,0.005369867060841367,2.084953671819212,0.5898306422713346,5.392857142857143,0.6075482044820955
0.03,0.1,274,0.058029643307141,0.05881157725469483,24.565564026792675,0.05017522412835045,17.458363138946698,0.5377011947875409,6.0,0.6081518912957777
0.03,0.1,275,0.014182406681539214,0.020385262814924268,-1.0544584658254124,0.01978452197604791,0.2828350832798587,0.5789246385813592,5.571428571428571,0.6239483327451751
0.03,0.1,276,0.007493888695464529,0.008612821734899577,-1.6319303755876504,0.008088350307973348,1.4278089020458538,0.606404557792823,6.392857142857143,0.6187891631548205
0.03,0.1,277,0.010352099506474645,0.009824767886270413,8.952158867011782,0.007931036700862362,8.353991641575552,0.6141263320499173,6.428571428571429,0.6432030633791541
0.03,0.1,278,0.010753956415799964,0.011369713737183566,7.867490759093577,0.008730241564615812,2.9174653898755687,0.5249053840725499,4.928571428571429,0.5225052000948249
0.03,0.1,279,0.01428239314794883,0.0153361348858894,6.188898134432442,0.013352030236071242,7.830656693511297,0.5428600145982035,5.642857142857143,0.5784472169912662
0.03,0.1,280,0.008684692246867257,0.005401003575735341,0.729692599310809,0.0032394396383071226,-1.043692180515734,0.5885150177331714,5.785714285714286,0.5861619216721841
0.03,0.1,281,0.1949271592855967,0.19598552666885805,48.47413508556018,0.1597877255673676,37.902348046823526,0.5630034093440043,6.214285714285714,0.7165723451702322
0.03,0.1,282,0.006317931523334243,0.009132190779252232,1.2671164264692862,0.007886543056081009,3.0790272814161974,0.5225537827528731,5.785714285714286,0.5400443549577276
0.03,0.1,283,0.011269026905489919,0.00804523921254333,6.313689264722676,0.00703521873569636,0.6708774854919662,0.5846599691723603,6.178571428571429,0.6018278449421295
0.03,0.1,284,0.005439968459840706,0.003695807360762938,8.683696309768884,0.002616535377885919,1.5596364015326383,0.5761234458192064,6.071428571428571,0.5843309354825634
0.03,0.1,285,0.0033549336141298603,0.002345682367228297,2.1177531774770344,0.001915440043369524,-2.2069979730718408,0.5989021930465993,6.071428571428571,0.5989626711619664
0.03,0.1,286,0.002158596576944808,0.0010217582406867644,-2.752045604475285,0.0018401364354415745,-4.047648791613862,0.6033094053213012,5.75,0.6211307252774833
0.03,0.1,287,0.007682627098590442,0.006091457227669917,10.001579806529733,0.0045917709286568565,-0.24105032663678116,0.5941981562841031,5.285714285714286,0.5931859441838343
0.03,0.1,288,0.008967064860027246,0.007380683439594228,5.464253581628704,0.00709247734494454,6.43539952729401,0.5255265223854657,5.071428571428571,0.5331875437758563
0.03,0.1,289,0.009079945013628542,0.012078263525519732,1.2750977357913698,0.010264823573911164,-2.8586348889542514,0.5723338440599085,5.285714285714286,0.6000737655034407
0.03,0.1,290,0.0036735575798266073,0.002569908595121123,2.269590688381065,0.0016839787376157563,-2.6728230565868407,0.5105930230263904,5.75,0.5515008355964757
0.03,0.1,291,0.0019478238702079055,0.001738935513532721,-0.6017084263560832,0.0013671490063804652,0.6974838568578529,0.5981965780894578,5.678571428571429,0.6017161460840214
0.03,0.1,292,0.0017896310205187495,0.001397702125584705,4.438174535811612,0.0015825951966112039,0.9317886015512045,0.5552090895946892,5.607142857142857,0.5650110362847228
0.03,0.1,293,0.0038133886775885122,0.004488946854755288,2.2499966728815934,0.0036415518848200283,3.033257323863429,0.5592574170219137,5.571428571428571,0.560011192215524
0.03,0.1,294,0.0011050169184611586,0.0014112111470587164,-2.231323373371829,0.0011582117981611163,-3.84610422548864,0.5203473513051436,5.535714285714286,0.5120629008306105
0.03,0.1,295,0.014604156882356334,0.014906102997685597,2.8971877803331125,0.011868613638478291,4.043042885021748,0.5913516757729866,5.428571428571429,0.6247132058894458
0.03,0.1,296,0.012195031804438554,0.010252604713762407,8.21553069634357,0.008158579031464502,-1.3419463965673326,0.5836975408431909,5.857142857142857,0.5996501648091255
0.03,0.1,297,0.011801308975724399,0.011538045388519996,2.067673936628303,0.012272552593022177,1.0261768518947842,0.5566805441264782,5.785714285714286,0.5781054919119893
0.03,0.1,298,0.003699563428351606,0.0025693728904318913,0.5229191254154486,0.0035835586569991644,-0.35013764885684395,0.5339251322143064,5.964285714285714,0.5319356817154064
0.03,0.1,299,0.0016938164879873971,0.00214651515837799,-1.1755665402327153,0.002978506283731794,-0.34869906876631757,0.5616708259803447,4.964285714285714,0.5917379226338908
0.03,0.2,0,0.12264720553147176,0.10284520034332081,41.970568351641276,0.0906566971553573,11.452943112750381,0.6305728483078118,7.0,0.7211926846994557
0.03,0.2,1,0.006481877080254469,0.006905449836418517,3.1056291161044385,0.005462687607023023,-4.17433391720822,0.5983547343000656,5.678571428571429,0.6043556187676431
0.03,0.2,2,0.05490172431054925,0.04034122477770001,32.62772786224289,0.03138063851390857,8.130159666470481,0.5702104616077591,6.642857142857143,0.6256159096913173
0.03,0.2,3,0.17456181834393433,0.16976316080094314,47.82596366761925,0.14178821601259842,32.978575997825395,0.601845032821483,6.25,0.7370580766821564
0.03,0.2,4,0.2443427593693753,0.21685174280450412,69.21394626142039,0.1699725861997607,28.306293680532203,0.5698459609220883,5.714285714285714,0.7229074759130415
0.03,0.2,5,0.0033484160657515057,0.0014976109283244552,5.63875300859867,0.0014675895002710588,0.5753286899036993,0.5409419571894978,5.75,0.5451258734733775
0.03,0.2,6,0.003122611262326056,0.00309679928271673,0.46797742823225263,0.002581651134965585,-1.04972732333358,0.5745983197987891,5.607142857142857,0.5887756548350584
0.03,0.2,7,0.005507111533176507,0.003238704068453368,9.73814000146647,0.003997412694839169,2.595432713503802,0.6053042697750177,6.107142857142857,0.6147348114460158
0.03,0.2,8,0.004661069200553428,0.002748130885152852,5.163143670399677,0.0016144331423396815,4.875869039857387,0.5870459997928114,5.928571428571429,0.6134867917055837
0.03,0.2,9,0.035285762560868024,0.033618089435573345,11.761933346392539,0.028401961315035515,8.767175059108325,0.5471824145114429,5.785714285714286,0.5716023753403402
0.03,0.2,10,0.006691478983446471,0.002660573793227221,14.432153334020654,0.002625319321370206,1.6703327222642959,0.6028692133144228,5.642857142857143,0.6248356169748286
0.03,0.2,11,0.0028947886719785016,0.0013562365064847012,-0.15175268078705528,0.0010339807508048002,0.5702029921213049,0.5693221207746632,5.642857142857143,0.5964651128582681
0.03,0.2,12,0.04039330003250726,0.030217612537261084,31.048531762140183,0.025175172438179544,9.343713771878072,0.6270653737667253,6.357142857142857,0.6518728662205107
0.03,0.2,13,0.0008400863099692102,0.0009782788624068753,-1.7063955760634641,0.0018142414930911576,4.3302031588404,0.5485674928509889,5.321428571428571,0.5791004616864341
0.03,0.2,14,0.028225134153625667,0.0230134034734793,29.56264639349365,0.017517452801447484,13.350379031799216,0.6569916705266365,5.571428571428571,0.6631672049778805
0.03,0.2,15,0.008778168883301631,0.00877268423519966,6.8963544698740336,0.005927195758184601,3.8515756510692256,0.56097071209895,5.75,0.5812714127301926
0.03,0.2,16,0.0206449304373107,0.020065188420207006,13.350281177462662,0.015297978189616196,5.876989774815438,0.6149247884969716,5.928571428571429,0.645143304228547
0.03,0.2,17,0.0644230123198124,0.05881225266037913,32.68678419441726,0.047033996153698396,13.318634101591542,0.6830466247224252,7.571428571428571,0.709909209045801
0.03,0.2,18,0.033585409143835156,0.025985244805361716,24.361725941143696,0.02480567882072811,11.14923669038104,0.6036354562830075,6.392857142857143,0.608306418946126
0.03,0.2,19,0.08353119292680752,0.06393211866501687,36.17518522339987,0.05014117908890806,7.754475372473242,0.6348164501108187,5.321428571428571,0.6943994931839078
0.03,0.2,20,0.00604699782206341,0.0060092382648524525,1.954398009081281,0.0034353772425249045,2.0646481554909806,0.5502893527188237,6.0,0.5591200053152765
0.03,0.2,21,0.22062864729621798,0.19972968584285103,63.28380944956702,0.16583713546165108,34.269511892415636,0.5458940585870861,5.857142857142857,0.7161044672698482
0.03,0.2,22,0.012222607875881872,0.010404398237223946,10.007939612162957,0.00915481848239127,2.8061542213708512,0.602949369050951,5.857142857142857,0.6243046324886031
0.03,0.2,23,0.001581965639347,0.0014035365529398722,0.10004638348681993,0.002102377414691645,2.809986520496551,0.5631112178928228,4.785714285714286,0.5686146395983537
0.03,0.2,24,0.00199535574643553,0.0009990358243705387,2.843265028790519,0.0008616395253181159,-1.575407771426787,0.5596565456650517,5.392857142857143,0.5688736743298135
0.03,0.2,25,0.004433087713734675,0.0036264306280658107,3.1847337440821377,0.002889098911673206,-0.600585346703222,0.5651933446799715,5.571428571428571,0.5622095725961632
0.03,0.2,26,0.030788458042766486,0.02495223455523108,21.495545622614458,0.01690847463424129,9.662549186848508,0.6351329378832921,6.071428571428571,0.6640393311544797
0.03,0.2,27,0.11204952086943046,0.09666725572579832,38.26700245485897,0.0727693305810272,13.245429952696577,0.5735219807455518,5.5,0.6611509324609108
0.03,0.2,28,0.008286651131205415,0.005151765853086572,2.2847562311425733,0.0033423206083651904,-0.1809512589434424,0.5400932130799093,5.357142857142857,0.5677205860457368
0.03,0.2,29,0.05643422045667992,0.046719603251205666,27.595372815183925,0.03739979653439327,9.320278621619687,0.6419321226600546,6.357142857142857,0.673368775852081
0.03,0.2,30,0.10190928714358219,0.06337033374926707,46.14637638115255,0.04438874949777569,2.0992076850165753,0.6219951039002588,5.5,0.7020604858520119
0.03,0.2,31,0.009552931429731104,0.009523736672459876,4.078741596222542,0.007761680877290521,2.1900226133411422,0.6062256233866566,5.714285714285714,0.6383834261304749
0.03,0.2,32,0.04436533084240872,0.03039015321095882,24.91374208684128,0.0237984963404762,5.554164756060715,0.5644243887102642,5.714285714285714,0.5825583485338414
0.03,0.2,33,0.008751724506131422,0.0024142497128508103,10.238418930618188,0.0025165218959753302,1.4369168693899137,0.5241399233577589,5.857142857142857,0.5597929544735721
0.03,0.2,34,0.007220948595687351,0.006298252729426345,7.971965005859715,0.004816387233216388,-0.11243562053382068,0.5855213310171689,6.428571428571429,0.6101275076412505
0.03,0.2,35,0.08915628563932164,0.07265150859712453,36.72549795261994,0.056944222984699366,12.485470432947523,0.6451475759383384,6.107142857142857,0.6987351087530711
0.03,0.2,36,0.0007486550618968626,0.00023707494527049527,0.9818379881957142,0.00039681553505948306,-3.047142769932852,0.5926388581474923,5.392857142857143,0.6085713479171942
0.03,0.2,37,0.040930632089662,0.03199998600776157,14.761907847119218,0.024398415083753216,6.089927647396877,0.604560072426514,6.714285714285714,0.6360541252332091
0.03,0.2,38,0.009021435709069877,0.0032069903706208815,8.923591489234191,0.0017854663933015524,-1.2746976078377752,0.5669174556104686,6.142857142857143,0.555334404780699
0.03,0.2,39,0.019893289224358526,0.01957843237964778,7.284556674995649,0.017274102696453394,6.323121780335289,0.5729422538485867,4.714285714285714,0.6025011360870238
0.03,0.2,40,0.01862371666784807,0.017630780507387325,15.043638380090023,0.014855783336204612,7.300508833293217,0.5858266783332747,5.607142857142857,0.5999537181489587
0.03,0.2,41,0.1696033452883444,0.15942140827584386,55.127701797409586,0.1377187781632466,30.95389287892155,0.619735151578486,7.142857142857143,0.7575063204278336
0.03,0.2,42,0.005987723328383041,0.0015553184508358647,6.795310555960043,0.0011656047363972756,-1.3540698252239263,0.6002263841994105,5.714285714285714,0.6212478355705905
0.03,0.2,43,0.03748238091080619,0.0290739758960458,18.083173035223467,0.02578981178310431,4.4420534066372,0.6149131478968196,6.607142857142857,0.6450184288279696
0.03,0.2,44,0.14361121002169194,0.13858955008807095,42.94241101310932,0.11583031747607762,33.35158971382912,0.6294608360794259,6.178571428571429,0.7374580300090323
0.03,0.2,45,0.01454463328667517,0.018585737375818413,1.2730620771016277,0.015375864624918982,1.7464940572735468,0.5714360750228415,6.285714285714286,0.6153448954207748
0.03,0.2,46,0.008376459286028901,0.006272542158149108,7.990274460638453,0.003761145918492469,3.6998394506498378,0.5826719124319835,5.321428571428571,0.5951379835708733
0.03,0.2,47,0.011441272160076949,0.007418283907406586,6.622972092551578,0.007218081497232061,2.262605473717798,0.5444676596821176,5.75,0.5660130469597238
0.03,0.2,48,0.048928325446284275,0.0261914090576206,38.1890340779016,0.022366467422729647,11.500419126521725,0.5573350458448088,5.964285714285714,0.5661689626733246
0.03,0.2,49,0.002411245123447066,0.003322028309503821,1.1947286020785484,0.0022593682795570297,-4.507472761004531,0.6088162227863021,6.071428571428571,0.6145216431524645
0.03,0.2,50,0.009930860566711759,0.004117206079596739,12.359935915942572,0.003395510173843791,-0.4146081402361214,0.5738137809041176,5.5,0.5645703161436268
0.03,0.2,51,0.009162926672176464,0.007802238136385378,5.667622775308843,0.007583830724276889,2.4537573975855955,0.5386397887677671,5.285714285714286,0.5660535522547803
0.03,0.2,52,0.005287761895750021,0.005120495090103715,2.1010352753616814,0.003084888537177065,-1.389404950871589,0.5515275669664989,5.392857142857143,0.5757143920246997
0.03,0.2,53,0.02305734288560001,0.016823849407493412,13.612263789709075,0.01339725016595826,1.5623439483502277,0.563265791964881,5.392857142857143,0.581391580785827
0.03,0.2,54,0.003933674936320097,0.008820503833245305,-7.022993307621782,0.008844374642700261,-8.685649045004197,0.5497995849971874,5.178571428571429,0.5781135990060583
0.03,0.2,55,0.007020095203204788,0.005120989623923714,6.1356233830139715,0.004910961224735083,0.8683242280404215,0.5416405696897776,5.285714285714286,0.5660511482901618
0.03,0.2,56,0.021633191848554483,0.01532683570491683,6.372471719990223,0.012212666795380023,-2.7666371893493342,0.6034687989421047,5.678571428571429,0.6184873398648381
0.03,0.2,57,0.012993237427881792,0.009131095999341497,19.267626872211146,0.006742222550837689,3.6425920305241277,0.5989867416941657,5.964285714285714,0.6144408136140801
0.03,0.2,58,0.03906217057255242,0.04696874120110485,7.168080357029908,0.042053731397819934,10.372644423676084,0.5469551896586254,5.214285714285714,0.5889556604869907
0.03,0.2,59,0.009097864357189669,0.002492194660238412,12.076435834743783,0.002586044148207837,0.2227545194164596,0.5960713133834897,5.821428571428571,0.5817244343304031
0.03,0.2,60,0.040006349922119745,0.029284127300105524,25.052359951204323,0.025391371147065873,4.392375509094355,0.6216967512919273,6.285714285714286,0.6481704690136479
0.03,0.2,61,0.020633334612292685,0.010159794114361175,22.507052663800728,0.010213422478190843,7.199442696011668,0.6429731437535866,5.964285714285714,0.6579921128938397
0.03,0.2,62,0.023931799062309765,0.018056317187696968,13.69189586412704,0.013421708877678894,0.4779704571029981,0.5174468255029068,5.321428571428571,0.5362148493789682
0.03,0.2,63,0.191828942652039,0.1862728665372675,50.381921345494085,0.15320666738887245,31.366274758028236,0.5648127326724435,5.392857142857143,0.7304942474308547
0.03,0.2,64,0.0510353415021228,0.04546891873796123,29.51913512960813,0.03693145653467888,12.932670907874638,0.5280940376338212,5.892857142857143,0.5641531427856763
0.03,0.2,65,0.02321339099324311,0.02328601705289791,5.587376303154144,0.017569536782327193,4.1032144551493275,0.5924288469350861,5.535714285714286,0.6064311857257247
0.03,0.2,66,0.07746533211635877,0.06331006604652285,42.40582667108357,0.060169208995938764,18.395375291076473,0.6231440096162969,5.964285714285714,0.6604788080938229
0.03,0.2,67,0.006185309106552567,0.0036534091570306505,4.99438847670293,0.0027801612506773593,-0.3363669287810846,0.59906114936348,5.607142857142857,0.6065168835439223
0.03,0.2,68,0.009173958125173617,0.006270072196931131,7.370521629363694,0.005213638207972275,-1.995489583362153,0.594364649145566,6.678571428571429,0.6015777219790879
0.03,0.2,69,0.025632494781434537,0.00747264566758661,28.780472211779383,0.007352249115175549,2.0697979020464836,0.6264686891920992,6.071428571428571,0.6305260728042898
0.03,0.2,70,0.005812027431822648,0.006449262658374407,1.7593152977934423,0.005493075690238704,1.1653163228606995,0.5368872784889197,5.214285714285714,0.5520094199605035
0.03,0.2,71,0.007822765433633536,0.0032038684001953065,2.312443480329023,0.0031401457898927645,-4.475608898921204,0.5589081516859292,5.535714285714286,0.5817313645882363
0.03,0.2,72,0.0038707817182124394,0.0025726357912713,0.8096295992135296,0.0021703508151934927,-1.605273801460953,0.5612716872268061,5.142857142857143,0.5872222712375073
0.03,0.2,73,0.0029050677343234483,0.001989024138150212,4.056766970784828,0.002180349769787373,1.9523976188474326,0.5600025472665277,4.535714285714286,0.5603076241873663
0.03,0.2,74,0.11663407774895242,0.08477031826972573,60.67568399199074,0.06525740956334909,13.350432515060291,0.6548379430475574,5.928571428571429,0.7484957681748488
0.03,0.2,75,0.004122513655391677,0.0022533241165422664,1.7729406665676706,0.001834611178540559,-1.2245410120088802,0.5575106795473693,6.214285714285714,0.6106486650419856
0.03,0.2,76,0.014221567291667217,0.012180940945847537,9.405305837863793,0.012610995690994884,6.679560357103128,0.5509559142983337,5.428571428571429,0.5646388542813259
0.03,0.2,77,0.0352063137641575,0.023639677938734765,21.859521666590005,0.01836461163960986,0.7263981385892464,0.5990787495569593,6.642857142857143,0.636435078187013
0.03,0.2,78,0.007313623560291863,0.007295834498587749,0.7610601529357481,0.007010299801151154,2.7397537486639956,0.5578030106499591,5.964285714285714,0.5581806284799369
0.03,0.2,79,0.008032115254172868,0.005578094526660043,9.904134720384995,0.003976719238031789,1.6144304513906036,0.5873370743441856,5.678571428571429,0.6183783266073706
0.03,0.2,80,0.032747071769154056,0.03484835553340156,10.74865486104548,0.031038843715016168,9.54724077711837,0.5563423891555631,6.035714285714286,0.5875644992382525
0.03,0.2,81,0.04927059650589582,0.045183081365296036,25.795694588547047,0.03763907797626653,7.6409885247286695,0.6210311959061403,6.535714285714286,0.6719735912315965
0.03,0.2,82,0.0025327093404520287,0.0008746138211660378,2.26170383430906,0.0004820640145235668,-1.257967845593754,0.590256337384268,6.142857142857143,0.5797865471534819
0.03,0.2,83,0.25859293855201243,0.25361595506593154,52.060184645243936,0.21077862958519894,36.540316224669446,0.530869255939446,5.535714285714286,0.7091218653703268
0.03,0.2,84,0.1101461442685009,0.09520390294525825,44.29608064329837,0.08530050130833775,19.614558442614197,0.6570328144672853,6.535714285714286,0.7380074817715736
0.03,0.2,85,0.05743290899909861,0.057834366403932407,28.433094328418946,0.047724795562677454,20.82049878799685,0.5920970309622999,5.785714285714286,0.634437765809398
0.03,0.2,86,0.041582861671074826,0.03424090288666857,32.45743104935309,0.024906031709547506,11.12902638223207,0.5485324378427666,5.678571428571429,0.6145896079596898
0.03,0.2,87,0.00519467449467108,0.004168940835705592,6.375259192645473,0.0036753543379437433,-4.228220820579679,0.5642356887502451,5.285714285714286,0.5621466470620503
0.03,0.2,88,0.0048464602382245195,0.005990550305822271,2.100988077549019,0.005008769777230643,-0.7536231903855443,0.616104240709294,6.821428571428571,0.6458041732131745
0.03,0.2,89,0.018792982722107637,0.006277562140456169,24.434441556254054,0.005435196317852349,2.8484414462253937,0.6548902793957125,6.857142857142857,0.6642817191853391
0.03,0.2,90,0.023766584200542836,0.01374025015388251,25.30688345529179,0.010868429382447416,7.777599578126758,0.5656214311591439,6.678571428571429,0.5966702746420443
0.03,0.2,91,0.0029124905162636427,0.002724149818301548,-2.0026829110960733,0.0026572722546921654,-5.707655938615271,0.6108082863861284,6.214285714285714,0.6264976517263903
0.03,0.2,92,0.09091335975932022,0.06774708230596203,41.0372070278809,0.05293470451219009,6.103155441618081,0.6283924990753773,5.392857142857143,0.6911716325576693
0.03,0.2,93,0.06945144221438103,0.040145944827576795,55.30695285571697,0.035697521169578,8.800538149602383,0.5707024173435777,6.571428571428571,0.5855062428371096
0.03,0.2,94,0.14307042661972988,0.12476633105892275,58.782749517617255,0.1000583833433985,30.910343288103117,0.6307674864386771,7.035714285714286,0.7534350102071181
0.03,0.2,95,0.12424840840090288,0.08923863822999085,65.39846815417438,0.07344307765782954,18.06666991870949,0.6578439311375259,6.678571428571429,0.7916316140880796
0.03,0.2,96,0.004404911909362724,0.0031854234590520444,-1.8735125988631438,0.0028928360919689075,-6.892134736441903,0.5705738410121847,5.714285714285714,0.5690309177560906
0.03,0.2,97,0.007393028235538902,0.003412730265962253,5.568286820660433,0.0038184330868120927,-1.1953375797814754,0.5773481043772813,5.5,0.5866804337059959
0.03,0.2,98,0.005935799125562527,0.006142519571853042,6.239602366983405,0.005079068223229407,0.48120953292898133,0.5829380443187125,5.75,0.5931668633433271
0.03,0.2,99,0.008438969527090619,0.009295754838418421,4.849179216879293,0.008378231318010751,4.344188302802991,0.5665030949347918,6.0,0.5695996112940088
0.03,0.2,100,0.14037567874714338,0.12999652981699053,47.64730448446123,0.11102235645594494,24.88052201611953,0.6666557234684326,6.678571428571429,0.7732041590941572
0.03,0.2,101,0.005291843383358226,0.003277995661724043,2.748720789686125,0.0028036014950955494,-2.0454788383091604,0.5852835723525923,5.892857142857143,0.6088437804765694
0.03,0.2,102,0.12408618714959642,0.11413177309751496,39.941247738570354,0.09260009777358365,25.210991452431827,0.6404042042622172,7.071428571428571,0.7374139137378335
0.03,0.2,103,0.0021153402990261565,0.0017720306310273944,0.07236472695717566,0.0021156213832584335,-1.650570979551759,0.5871936312514762,5.464285714285714,0.6034773971828482
0.03,0.2,104,0.11934132226610192,0.09477151129190559,61.880956471584014,0.07415630254115034,23.468186294147046,0.6612177257614239,7.178571428571429,0.7453251903038491
0.03,0.2,105,0.05979774167423014,0.05017164651947159,34.28902830109533,0.04153980962266402,8.60701847625443,0.6092670259718281,6.107142857142857,0.671191025310071
0.03,0.2,106,0.04679412877333955,0.0440660335017353,22.659423763080472,0.0333569498188812,11.594616534746137,0.6106435045160612,5.678571428571429,0.6410775160855534
0.03,0.2,107,0.0924925506699088,0.08457300201384066,33.18945200828557,0.06733521182918122,15.152275703076526,0.6641474951586261,6.607142857142857,0.7554750709095381
0.03,0.2,108,0.011682806764704632,0.009069643198622884,9.471533896391598,0.010573645330478727,2.6221395445486735,0.5043850748833126,5.357142857142857,0.5114453836765502
0.03,0.2,109,0.10900675679294114,0.08345389011436781,55.16701147090892,0.06622716017877271,10.040054376362894,0.6610578046294353,6.5,0.7503107815786364
0.03,0.2,110,0.003121464356997785,0.00034839710606052654,5.71591660798866,0.00046873096500251994,2.0422031893231463,0.5940653069874211,5.25,0.6028118510285658
0.03,0.2,111,0.006763342133122189,0.003935299014765446,8.158060218191565,0.004247950948788524,-7.483955680085974,0.60058163099524,6.107142857142857,0.6381146548393888
0.03,0.2,112,0.0015595289496919385,0.0005706108397960773,4.681651220567566,0.0005488730753125162,-0.4124506529405589,0.5475592799016694,5.571428571428571,0.5554607688288228
0.03,0.2,113,0.03030176166911884,0.021697902698415702,12.854212062645672,0.01953867809228563,3.1543668869138535,0.6280548510949382,6.607142857142857,0.6501117458812655
0.03,0.2,114,0.08913437130848152,0.07444486562000194,41.89587109923494,0.05659121466660912,18.637569282670494,0.6082057032810821,6.107142857142857,0.6809353802190153
0.03,0.2,115,0.012634874810050357,0.010799003665923262,6.19366563403068,0.010816655349332686,-0.3861158613139442,0.581984167177313,5.392857142857143,0.5928002738266578
0.03,0.2,116,0.004871765624938239,0.004323392857633418,5.981825044764221,0.003388772851574999,3.555317496377427,0.5494970255089863,5.571428571428571,0.57286867124693
0.03,0.2,117,0.07282762897510023,0.05223895908022077,41.938281119282706,0.0440641655501727,15.090222343832442,0.6123835973696803,5.75,0.6600051264796949
0.03,0.2,118,0.027080806438025736,0.016771700510636103,6.6788699316616515,0.011447172907853053,1.8436801145034565,0.5759629186570715,6.357142857142857,0.6103381210937431
0.03,0.2,119,0.042603422795307856,0.039963018434626636,23.622811798985218,0.03580003256240974,12.131035318441482,0.618322903705072,5.392857142857143,0.6468536697332119
0.03,0.2,120,0.11045526183314752,0.09249874765754594,52.71021136083786,0.07519047804877499,18.29047473557624,0.6692077686424563,6.607142857142857,0.7601002384848573
0.03,0.2,121,0.02205646142738987,0.018534662680414444,20.575714271594045,0.015319261810574483,4.5688765109188125,0.5866350806891522,5.964285714285714,0.5974874113853001
0.03,0.2,122,0.008586051167848623,0.007489172579527129,4.572439821577724,0.004989179491217804,0.9216223942035621,0.5503878674908596,5.107142857142857,0.5563825937049189
0.03,0.2,123,0.15157554243808508,0.13380248545756948,69.01137784988809,0.10693578898421241,28.517442925762836,0.6700177812190528,6.785714285714286,0.7858113441692223
0.03,0.2,124,0.000813983732676217,0.0011073197973462152,-0.9236541604283843,0.0007238460521743846,-1.499170471747334,0.5474492350674776,5.107142857142857,0.5622045232646217
0.03,0.2,125,0.010381311774785,0.008654707645034485,5.874332328574376,0.006673716745452348,-0.5015393792319381,0.5638600998884221,6.071428571428571,0.5898100737694765
0.03,0.2,126,0.05870150154206032,0.04370236898442837,33.855344252695446,0.03411593041929045,13.613394742968362,0.6358494745026,5.857142857142857,0.6567052474991967
0.03,0.2,127,0.006610660368838276,0.006159130024827964,7.472916458367628,0.0068053819254045205,-0.28994387422979645,0.5920639623729593,5.714285714285714,0.6097091373302055
0.03,0.2,128,0.02128055467693447,0.02001516825933849,11.94863539606503,0.01628925516672126,5.252434713272597,0.6355625213336241,6.107142857142857,0.6461094867781467
0.03,0.2,129,0.20698700104565437,0.19101366943481443,55.31659830556233,0.16511228236311,32.37634994815321,0.5687965933354762,6.0,0.7314143623739584
0.03,0.2,130,0.10666938776747158,0.09063369661997489,52.97662673994388,0.073135503160586,20.186115464244835,0.6849967308518153,7.535714285714286,0.7912466679378174
0.03,0.2,131,0.16142037568484222,0.14783200957658568,32.65121335472116,0.11777892798547394,18.11925918332373,0.584444928241165,5.678571428571429,0.6670239890170803
0.03,0.2,132,0.1259151787169781,0.09591816908210295,44.891250010517425,0.07335545859357011,10.992549124988566,0.6256924637510414,5.428571428571429,0.7110824946560446
0.03,0.2,133,0.1506234777927393,0.13765670767827023,52.06120795877105,0.10898668004602437,22.30643154768508,0.6243399824077641,6.107142857142857,0.7707707232776664
0.03,0.2,134,0.007096729565201102,0.006321065097792245,3.083887648375672,0.00450273768105467,-3.7297609889597063,0.5738459242349959,6.428571428571429,0.5911424032648536
0.03,0.2,135,0.17419772238487913,0.16917613188431352,46.93510052440615,0.14541580487508407,30.351160988940094,0.5992494103333433,6.785714285714286,0.7219365558432105
0.03,0.2,136,0.14111490823649997,0.11903330911353513,46.08401272678911,0.09461701170701008,13.104572957335384,0.6393486334979688,6.0,0.7425907861638721
0.03,0.2,137,0.04640999813326047,0.03769037814776053,24.325885989432315,0.03152412161729089,11.138897385108814,0.6101439146193998,6.928571428571429,0.6394525868799227
0.03,0.2,138,0.005188802032359655,0.005508883095812012,6.02931805568128,0.004847780536091252,3.185251486434955,0.6022847320544001,5.571428571428571,0.6281912196540141
0.03,0.2,139,0.016425962972316025,0.014887634664379073,7.74793737814624,0.010971053096322084,6.702930507147907,0.5846550425746758,5.571428571428571,0.610036669965647
0.03,0.2,140,0.00427515988059462,0.0028309345046207543,2.255569226924564,0.0007781610052893453,3.341783022731429,0.538865003032027,4.75,0.5403255785843688
0.03,0.2,141,0.024739109994854507,0.021267097761866895,15.484354597298669,0.019807305519888102,6.662421400911891,0.5260875654988737,4.571428571428571,0.5276066644759072
0.03,0.2,142,0.06645566906573895,0.05578349983270586,16.477098858453896,0.04631099518364639,-0.5214806778923654,0.6001278597560923,6.75,0.6463333874158317
0.03,0.2,143,0.05942216351475285,0.04862571975962012,19.384061875071822,0.03940148955105778,5.853807482396415,0.5571107610593113,6.571428571428571,0.5922737653415
0.03,0.2,144,0.01971158043586384,0.010660748727607925,18.932836005185415,0.008504238959382932,2.7444480474510726,0.5767727265385831,6.178571428571429,0.5893909893099466
0.03,0.2,145,0.017037398793753697,0.007968123542582289,18.71601869242945,0.00637733301089054,7.164858164467186,0.5561398671688513,6.178571428571429,0.601661900974451
0.03,0.2,146,0.006850833507135449,0.005524273593732937,9.283478915889475,0.0062850960771707026,0.15523586978508774,0.5751992677538885,5.25,0.600456569208248
0.03,0.2,147,0.01675666904794115,0.010216081589125448,1.564312771657299,0.00702922372502713,-5.415928877632723,0.5674314204352349,5.678571428571429,0.6091225900801627
0.03,0.2,148,0.005473341221956424,0.0039850891075558365,7.1746437308949425,0.002874090578144498,-1.4188894481908012,0.5918935146032187,5.607142857142857,0.5915724815876806
0.03,0.2,149,0.12071950788817666,0.10316858725326565,42.64264792818216,0.08566249104712889,20.012855216341105,0.5964197647676238,5.5,0.6862704516221206
0.03,0.2,150,0.005706324749417557,0.0043235022762062375,4.244406479459464,0.0031212032030574445,0.5420945255332678,0.5599626878881133,6.25,0.567597460811869
0.03,0.2,151,0.012739068430404395,0.013696234485934272,9.386376953804216,0.013029379623653579,4.831518804416362,0.6185004650100042,5.678571428571429,0.6284891905655494
0.03,0.2,152,0.1396838275150627,0.11734603957021204,67.00996807058306,0.09539110953589174,22.697953929423292,0.6840517965250082,6.571428571428571,0.8062082396329868
0.03,0.2,153,0.0056564247820331025,0.003864423740541372,6.405158005277528,0.002528793879665573,-0.37994505489717767,0.6344137420100656,6.571428571428571,0.6362501036709741
0.03,0.2,154,0.008181651312762172,0.0030366653668456875,10.852866011571848,0.0034661890914645193,2.2321135316405027,0.6188691900730755,5.535714285714286,0.6406160454046756
0.03,0.2,155,0.0029396300733605797,0.0018917349679548744,3.481240985270773,0.0015837173338653031,-3.1470598981385365,0.5993098592274279,5.75,0.6141215892412948
0.03,0.2,156,0.041078771710335214,0.024007680304419035,47.43007348442599,0.02142635025126832,10.454517024028931,0.6818454317937146,7.392857142857143,0.7160672309643357
0.03,0.2,157,0.01432476422311015,0.007702016822480103,17.03124436461995,0.007236877977296972,5.92814145558656,0.5657702691868539,5.285714285714286,0.5738961699819443
0.03,0.2,158,0.07234182484761875,0.048840945387072385,44.57022216844457,0.03829399186700714,4.980399281195773,0.6821552681846265,7.0,0.7389416684573604
0.03,0.2,159,0.011177418273169759,0.011592840857137559,6.005663511580565,0.009862796336246036,2.41368746591967,0.5835905634676907,6.392857142857143,0.6222261687028641
0.03,0.2,160,0.027910697583981965,0.015582321688853554,27.27947413820447,0.013353866672039583,5.523040808602938,0.6273625399701697,6.0,0.6512274872171068
0.03,0.2,161,0.02446413011048284,0.02244392508040487,11.320521008928573,0.01688601920239101,7.199744450692388,0.5937342019545068,6.285714285714286,0.6329118417240156
0.03,0.2,162,0.0035610728575891804,0.0037152367271793543,3.6574388482412346,0.004040737760414501,2.0270997484074655,0.5014890940172724,5.392857142857143,0.5308117427596319
0.03,0.2,163,0.0035861313694895546,0.004259694373270634,2.338498644142433,0.0048591430033956716,5.430692483961612,0.584971556777145,6.0,0.6264866276878053
0.03,0.2,164,0.0426870180417261,0.03967119851980093,23.294047806035323,0.03280635437392348,12.488868371645907,0.5959863246112277,6.392857142857143,0.6529161868649174
0.03,0.2,165,0.006490600953431244,0.009082485921119366,1.0681106011402122,0.008933204909595939,2.8828478486508495,0.5676334259530394,5.5,0.589223204649694
0.03,0.2,166,0.007998552259282648,0.00716596413783607,-1.736595236353402,0.00621300968118623,-10.078208213966557,0.5619859947511441,5.607142857142857,0.5967522810166643
0.03,0.2,167,0.018543001896089973,0.017158696078471106,-4.6578183179243595,0.015478656755074822,-6.659285099318765,0.5466424774778085,5.928571428571429,0.584674219618392
0.03,0.2,168,0.0023960219484148236,0.0003798391115984148,2.5435280800363813,0.00042632814121730224,-0.6160048423323682,0.5705290154337026,4.964285714285714,0.5876739550666122
0.03,0.2,169,0.1815325174511873,0.17781542854381685,46.189846817638966,0.14605094986611353,28.137949551120702,0.5524602257944272,5.25,0.7004089118669907
0.03,0.2,170,0.005451619734744032,0.004433183314697225,4.727474022503436,0.004445720450782114,3.4871035089988234,0.6430627179534195,5.857142857142857,0.6442784603548088
0.03,0.2,171,0.007719938570810202,0.005494022574598269,6.08145080424643,0.004232908739125832,1.9669936874822629,0.5758943522848057,5.285714285714286,0.6120360543797114
0.03,0.2,172,0.05895996855466956,0.04211950896219234,37.68869018158418,0.03462249996915203,7.157577278920456,0.6721992539691923,5.892857142857143,0.7133278881355399
0.03,0.2,173,0.006274741078014172,0.006721421424700633,1.4486065222735576,0.004558500775566282,3.253441188553135,0.5919340203487395,5.607142857142857,0.6305699074394664
0.03,0.2,174,0.1495156717016685,0.13932095419441187,46.58499690267529,0.11428730140805188,24.777982762202782,0.6159678576121806,6.25,0.7440012897722807
0.03,0.2,175,0.007568186304714436,0.0038987952858746877,9.463955778070961,0.0037418482473152263,-1.356698300271887,0.600869632978842,5.75,0.6274282073191761
0.03,0.2,176,0.08854897207999164,0.08164996985039917,33.6508367264368,0.0687026099797715,16.464063619319617,0.5945903758213922,5.785714285714286,0.6386922601457252
0.03,0.2,177,0.1356070690490596,0.12118182094778152,42.83970562415078,0.10027876351275655,16.73785222342136,0.6387417117214765,5.571428571428571,0.743355337438403
0.03,0.2,178,0.0019584884675755898,0.002041609001108908,2.295793538059762,0.0013725362998129934,-0.5426337985788715,0.594904657836881,5.464285714285714,0.6119721833532381
0.03,0.2,179,0.18379864566977627,0.1738289924742583,53.45677073924329,0.14527779101316607,33.13753826560754,0.5893151458810321,5.785714285714286,0.720385918196876
0.03,0.2,180,0.10938240897906383,0.08932164950923943,38.702754026887824,0.07260526370991753,12.436590142296259,0.6497252650302344,6.0,0.7249245229290724
0.03,0.2,181,0.02085797212654346,0.02035169506409824,5.764441051123157,0.017533732440327007,4.6849796440301645,0.5622867161161147,5.75,0.5762789515481485
0.03,0.2,182,0.00429863743714433,0.0018090232902917395,0.6714236124057038,0.001633311955018782,-4.541071694900988,0.5405058028477059,5.5,0.5567744399377261
0.03,0.2,183,0.07108748241695587,0.043997279227769116,51.59868054744554,0.03726098918349211,11.8352202630003,0.6258945161032682,6.464285714285714,0.6800992229858286
0.03,0.2,184,0.05177057939330291,0.05084853827497268,23.002794977346852,0.04250569582354477,15.032077123028927,0.5851970431660717,5.821428571428571,0.6464411131943404
0.03,0.2,185,0.01900598837577156,0.01716979271737536,8.374624838578434,0.012865515976444936,5.3973046586888245,0.5317846487736692,5.785714285714286,0.5262083315670314
0.03,0.2,186,0.03348827232004046,0.026518841127964442,16.42242499976028,0.02222398207954756,3.6260974090951756,0.5803228135175864,5.607142857142857,0.631917183760881
0.03,0.2,187,0.2021806928890382,0.184048991499056,50.83705043342523,0.1558589463098178,28.29816835297807,0.5475899155997993,5.285714285714286,0.6962044682751882
0.03,0.2,188,0.013156502231643679,0.0116052443524323,8.199334633942698,0.00899701384427362,1.9842475890145483,0.6229974937358964,5.357142857142857,0.6442483051835699
0.03,0.2,189,0.007679142159367895,0.005631517731445204,2.9279807488943064,0.0033262258375584284,1.1111282455906253,0.5589981367511749,5.035714285714286,0.566591798927008
0.03,0.2,190,0.013036126531526056,0.006888573456244027,19.0480348830531,0.006771261318931217,0.8598792486633139,0.6327919183715267,6.107142857142857,0.6427645762093774
0.03,0.2,191,0.15288254220330802,0.13703336304545938,59.44790194254525,0.11506111114588258,23.00924878395666,0.6231478037715207,5.464285714285714,0.73199331550983
0.03,0.2,192,0.017646419574116317,0.007642143174826538,19.421646253184576,0.008075706362078529,5.345750089644487,0.6095846046796535,5.678571428571429,0.6295354080376134
0.03,0.2,193,0.010780032582431306,0.007342127023850957,12.29777690626382,0.005390294634518771,3.217725099878218,0.5903884463229145,5.392857142857143,0.6150582603591349
0.03,0.2,194,0.12856769847009986,0.12158356378447961,42.223571203415744,0.09867895154076595,30.18175747722967,0.6117630108471592,6.178571428571429,0.7372534817894475
0.03,0.2,195,0.17499782145545334,0.14138725143119732,52.18848013974291,0.10786696191845019,16.078026383501797,0.6099503768084441,6.75,0.7199543109927855
0.03,0.2,196,0.0067731239110828245,0.008716409738867033,0.5932168837743745,0.00814390390323698,-0.09432541038369398,0.5807118881448057,5.428571428571429,0.5851570644616725
0.03,0.2,197,0.17866088720796755,0.16304055442126109,79.68645373309349,0.13384492567208187,41.481404417318984,0.658576491395803,7.5,0.803961186512646
0.03,0.2,198,0.02887749074647257,0.02210507881024844,20.39629945125065,0.01776061853808531,3.591389216492189,0.5804647351594268,5.464285714285714,0.5916719393372505
0.03,0.2,199,0.000870861847043308,0.0009473101089482556,-1.6757174513487385,0.0009477440449577431,0.0824073577243117,0.5695287964877742,5.571428571428571,0.5727042561605151
0.03,0.2,200,0.011427369044503805,0.00809426683991675,10.832240535126267,0.005725383430569227,-2.5135574881453615,0.5305653226084835,5.428571428571429,0.56672564644658
0.03,0.2,201,0.1062278909060616,0.08654632267094729,33.30341611799247,0.07554216641747069,4.806727484579952,0.6398028873621103,6.071428571428571,0.7153054356994508
0.03,0.2,202,0.020554930911841324,0.013995998248224737,21.15747559546199,0.01338692103077853,9.225245206122594,0.5841756237492837,6.0,0.6103391470535384
0.03,0.2,203,0.006366339807894208,0.005416006260980102,7.261304797123309,0.004793998387686081,2.7580828089485485,0.6092973864588969,5.714285714285714,0.6186334687266659
0.03,0.2,204,0.08590637679987978,0.07638295940937884,34.265556469604206,0.0616831864292317,13.707127217410525,0.6732239882965326,6.321428571428571,0.7379237755223906
0.03,0.2,205,0.008876302743930713,0.011201446954241415,4.342099370198987,0.009741672539353825,3.7849920767148433,0.5695477831948295,5.607142857142857,0.600227719823315
0.03,0.2,206,0.0520199857622808,0.04470485417733282,26.98125793173869,0.03689104714412516,10.840357338533371,0.5990351661560805,6.25,0.6325657613448233
0.03,0.2,207,0.10468681063614152,0.09338949398437561,47.63111485543632,0.071791850998893,22.669237019576475,0.5739957141656894,5.857142857142857,0.6517542672798573
0.03,0.2,208,0.009877395894892609,0.0071176048711347525,8.118992347469984,0.007137434701589266,2.7586922108895067,0.6037899895873222,6.035714285714286,0.6256461453299913
0.03,0.2,209,0.019871758718612152,0.008894224214782831,22.14942081773244,0.008167084140173449,2.2842563161282974,0.5925035192498644,5.357142857142857,0.6021370712361253
0.03,0.2,210,0.023625576903101592,0.019347849949259723,14.392120368506262,0.01619546065615108,8.249464038406737,0.5915735911641659,5.178571428571429,0.6206767581849123
0.03,0.2,211,0.011721742486309087,0.014313016334611451,1.5051184990024638,0.012764314050322183,0.25747791935103237,0.6132942367851745,5.678571428571429,0.6237449110696791
0.03,0.2,212,0.13125768859573242,0.11602909298076731,44.94324036477978,0.09950605094120782,20.096317082632186,0.6072358570696201,5.357142857142857,0.6954446746377473
0.03,0.2,213,0.010660449809030928,0.0068492451028200774,8.915440536558016,0.0035473358208907733,0.22598839164691262,0.556958679373097,5.178571428571429,0.5732108388970989
0.03,0.2,214,0.018640276928188503,0.008039056227991476,17.965610451731713,0.008615867346704,1.6322358213480943,0.6036597072822313,6.035714285714286,0.6088911657373122
0.03,0.2,215,0.11005729701415096,0.09267750497872652,27.65086750702931,0.07042379342634172,11.70845467765767,0.6121469503768909,6.892857142857143,0.7007676960424722
0.03,0.2,216,0.012879489616641735,0.016222834307375023,6.698445786239702,0.013687045487226651,11.770770861336558,0.5702259789114971,5.357142857142857,0.5950298755720487
0.03,0.2,217,0.0049596134142715995,0.006358252317524833,0.4363443573887622,0.006569053191728434,-1.6491917207582294,0.5673990153422407,5.035714285714286,0.5569592334020362
0.03,0.2,218,0.08035074878681954,0.06664231603877963,34.61504831138041,0.05277866242760841,5.583730992672926,0.6048626706226878,6.428571428571429,0.6347575635126572
0.03,0.2,219,0.028280474824475613,0.019147635360660012,18.904508566821036,0.014581532145391667,-0.642873728781486,0.5267612908199538,5.535714285714286,0.5572020036532115
0.03,0.2,220,0.05317778151772897,0.028184439380967704,37.7937506232397,0.024744524983962814,3.6710357319040745,0.591451812838302,6.0,0.5950206821676083
0.03,0.2,221,0.19345832215760886,0.1854852502860237,51.571985167168044,0.1567314199460903,35.366190762231405,0.5430551105334593,5.142857142857143,0.6911206966713606
0.03,0.2,222,0.009427641977798256,0.008537362598970224,7.133996503999768,0.008527411525897316,2.116647171719279,0.5922765758798679,6.464285714285714,0.5799455809801859
0.03,0.2,223,0.006717088668134531,0.004721853872937683,8.188410335592096,0.004402704877539506,4.519721031016587,0.5559019627911224,5.428571428571429,0.5978934500619426
0.03,0.2,224,0.006267902519166113,0.004061720977253236,3.5122795363983954,0.0026319039235187,-0.031076329419912934,0.647149370891033,6.785714285714286,0.6717190325012043
0.03,0.2,225,0.013668158188290572,0.012397643280391316,6.403804279055514,0.010151408534740159,3.0348690226265376,0.5363624966182293,4.928571428571429,0.5682740310047363
0.03,0.2,226,0.1380706392687043,0.13152779252501928,41.60009848093234,0.11349891847788907,28.057935852982663,0.5925793298266783,5.928571428571429,0.7182942074596621
0.03,0.2,227,0.006703738937260505,0.0030920739139605803,2.9495577946207803,0.0029789158218208895,-3.4313496113797632,0.5727265420285541,5.857142857142857,0.5698040186955826
0.03,0.2,228,0.08628160165633618,0.06624258209873714,49.898291543068375,0.05566702862881013,19.38995053675504,0.6255075344213648,6.321428571428571,0.6855938411955356
0.03,0.2,229,0.0674609722657673,0.05476284809631822,34.71549278922126,0.03839941374725352,11.881400318506499,0.6452117901561019,5.964285714285714,0.7177154152586604
0.03,0.2,230,0.004144795230550229,0.0028639670787550956,-0.746322512601246,0.002739807500217722,-3.4366588847812714,0.5664260620803588,5.214285714285714,0.5736983005594585
0.03,0.2,231,0.007548436319744587,0.005153215309033968,8.324385251884685,0.003931522644661482,4.51413273822656,0.5729849328063865,5.178571428571429,0.61721641708074
0.03,0.2,232,0.002670396293665443,0.0018235056792383676,2.3854620990260784,0.0020401244354732065,0.8623078012113865,0.5659920620342908,5.357142857142857,0.5701771361329104
0.03,0.2,233,0.002045269302744516,0.0026039302415221555,-1.3314685552057384,0.002171855963402551,-2.614432333153985,0.577050934316385,5.464285714285714,0.5849611161991956
0.03,0.2,234,0.01916974627879472,0.012077553646676412,9.966918348971852,0.009585493710046415,2.5822904783993956,0.5693170626423395,5.571428571428571,0.6048435833514707
0.03,0.2,235,0.16697541435278734,0.16113791422754528,52.221262645682714,0.13655443010898963,35.5935211985306,0.5681635647350786,6.107142857142857,0.6706619318085663
0.03,0.2,236,0.1469582669156811,0.13092042176682372,60.89583727481207,0.10971344083834252,28.504037975714027,0.6602859059422793,6.75,0.7778433682368711
0.03,0.2,237,0.1476890473297895,0.13369712954223165,50.51572570143062,0.10684905774660196,24.483381589369532,0.5977335354137283,6.392857142857143,0.7153345950861827
0.03,0.2,238,0.10012797883648043,0.08107169357789257,37.88414721081189,0.06366198016350122,7.772774349366671,0.6746848122997778,6.75,0.7550515003905109
0.03,0.2,239,0.00520087314416454,0.002639219831258465,3.7212730439200854,0.001962397089030024,-2.604970372402761,0.5804462953267489,5.607142857142857,0.5837250760481383
0.03,0.2,240,0.002761615633384693,0.0027450653184920492,4.397902758160441,0.0019429542492366949,4.03264112594771,0.6185949404880342,5.392857142857143,0.6471330627257084
0.03,0.2,241,0.010139492947562084,0.01172538489226537,4.160629503511217,0.00918069920340072,5.1966546686716315,0.523334843060408,5.678571428571429,0.5505081692023557
0.03,0.2,242,0.006215992548247184,0.0037479459594216826,0.6810656661569325,0.004828038313450157,-3.5037138463613267,0.5745320539866412,5.714285714285714,0.5992619798446074
0.03,0.2,243,0.008954982653859876,0.007584167706857208,9.963247195175285,0.006476271689593294,3.2827679414360396,0.5802743968374103,5.821428571428571,0.6009102546647966
0.03,0.2,244,0.012857342851752484,0.011059996233697748,1.1754278660578734,0.009096089740346862,0.07534722106384113,0.5571444769905339,6.035714285714286,0.568065620348275
0.03,0.2,245,0.006753762549321429,0.005507727639571979,4.562027077683268,0.004011900746572416,-2.557623159001281,0.5394416122172894,5.535714285714286,0.5530789226965496
0.03,0.2,246,0.10886581561535258,0.10577133622801922,33.64611976655577,0.08722726337258553,23.96640896050312,0.6666092291254622,5.821428571428571,0.7363402568704592
0.03,0.2,247,0.002693828266043621,0.0022209905205964157,-1.8613509994803934,0.001890102739694487,-2.0510326150307017,0.562364856269691,5.142857142857143,0.5620956307083063
0.03,0.2,248,0.19039662078438543,0.15772729175408626,76.76181695112089,0.12791772704154455,22.383498037458747,0.6237606201016515,5.892857142857143,0.7637268353680187
0.03,0.2,249,0.0038173113286455174,0.0039954977872447145,2.2778834448383236,0.002997045206806551,-3.397401833261398,0.5990763564537597,5.5,0.6255788343206746
0.03,0.2,250,0.03519269774185428,0.019061042548545657,16.113506643339072,0.01688197920077681,2.0037627072575313,0.5594116678371671,5.964285714285714,0.6012998679262844
0.03,0.2,251,0.03889462996046316,0.025417413962028405,31.664692411123717,0.024564778030465504,11.454043688016137,0.6294049009390513,6.571428571428571,0.6426890776385571
0.03,0.2,252,0.007438297188609511,0.006665190323346863,1.623912439595756,0.006519258490611465,1.0438855419123836,0.5778018182433634,6.25,0.5929254610385457
0.03,0.2,253,0.10251175307170163,0.10618121735350612,28.812207050281714,0.08850867192765789,26.767050335324882,0.5578835047462737,5.857142857142857,0.6500962760169009
0.03,0.2,254,0.15519926594720976,0.13295153713709115,71.30531428195043,0.11364428890771787,31.10589815325341,0.6230210467149855,6.5,0.7447508640454858
0.03,0.2,255,0.007887116978497949,0.006617691279017008,2.48131076495212,0.005402700541685157,0.21919533821498285,0.6042480573281667,6.678571428571429,0.6300886417695963
0.03,0.2,256,0.01016051688524029,0.01036118350363489,9.159278609897513,0.008187845685727127,3.8083090486357016,0.5843295184481072,6.285714285714286,0.5977906830891112
0.03,0.2,257,0.01496429168882676,0.009773225012960655,16.616928324429082,0.009339804845193698,7.48953201244214,0.6182925613763913,5.964285714285714,0.6371853263749856
0.03,0.2,258,0.008805231847651128,0.008467136071952491,12.310489887400948,0.008871092387553162,3.064218243952581,0.5332028373797487,5.714285714285714,0.5395105239359915
0.03,0.2,259,0.005832700908870094,0.004180553379717183,9.05121577271153,0.0035522733744030852,5.0247372192205075,0.5734408359683238,6.071428571428571,0.5957356956775122
0.03,0.2,260,0.0038296814108028515,0.001151218553920078,5.255992838023275,0.0003195363083782395,-3.472658484430648,0.5184226006655884,5.285714285714286,0.5132498860216503
0.03,0.2,261,0.005250753768407818,0.006497025055234618,-3.1547737195431793,0.005127961387927365,-2.4673986078481867,0.5347753221367347,5.0,0.5585486261767176
0.03,0.2,262,0.10146140752201176,0.08753186089013391,38.89506527859179,0.07225297348972906,17.033030297487063,0.6369863321616295,6.035714285714286,0.7117792118829319
0.03,0.2,263,0.012674290881342861,0.019016996674714015,-4.78649759836123,0.016205192911509292,-4.591778705889946,0.5228393172177592,5.214285714285714,0.5248277014938392
0.03,0.2,264,0.017712862767525678,0.007712541736454571,-0.13579537608315917,0.005233123329810286,-7.402835491184902,0.5539021799413438,5.428571428571429,0.5690584577356944
0.03,0.2,265,0.02378789032972974,0.01879227014041605,11.673309374298668,0.013713395483748501,4.999877876426581,0.5560184961921972,5.071428571428571,0.5678080340306438
0.03,0.2,266,0.002642107533718779,0.0024722144374513273,1.0713650660357104,0.0017164912842380633,-2.7115764312880137,0.5802500260760521,5.428571428571429,0.5799227181702373
0.03,0.2,267,0.012950284187718717,0.01330654471350145,8.825774574518952,0.009530005421252008,4.7594647420620975,0.5622982777916575,5.357142857142857,0.5714057732799543
0.03,0.2,268,0.09093316644887472,0.08869381177807331,37.73359712554516,0.07285967521543182,25.855879567291293,0.6257858218653221,6.964285714285714,0.6964102737984438
0.03,0.2,269,0.1435266682415821,0.13814722361778456,48.776321847210056,0.10996813556910352,28.962670570896382,0.5888205199953861,5.857142857142857,0.7229540263241468
0.03,0.2,270,0.07570336927367562,0.060651456429644694,35.738081149986016,0.04871814790892178,5.784875396383977,0.6652422513878461,6.214285714285714,0.737353804563943
0.03,0.2,271,0.16319065744184785,0.15226959652867272,43.993621019587735,0.1237892135738511,27.952455851791225,0.5815761347099567,6.214285714285714,0.7018868572442979
0.03,0.2,272,0.009795618784009481,0.006596732271038211,7.521798781256329,0.007180304577054836,-1.8962033630118167,0.5623347799974631,6.464285714285714,0.5902400414495805
0.03,0.2,273,0.08988209696527776,0.07508966281273759,32.9739705812419,0.06312061164938065,15.27916859661317,0.6420304817331239,6.214285714285714,0.7105527473566309
0.03,0.2,274,0.08214343656655801,0.08232170397962404,25.58091908774398,0.07168012554032255,20.166037874902504,0.5847106306358156,5.964285714285714,0.6689012741570721
0.03,0.2,275,0.003927272051753737,0.007092705994522653,-2.985720569031706,0.006499157508758996,-1.441004000690678,0.5819709721114783,5.357142857142857,0.5845902015578988
0.03,0.2,276,0.0043260384817821835,0.005008705520851491,4.905604185697946,0.005248083972943259,1.8870085501544434,0.5945903061301003,6.214285714285714,0.6022028433057489
0.03,0.2,277,0.1620798631846333,0.14415982787293286,58.3327128093509,0.12076543407974068,28.534638209801965,0.5884861803895143,6.428571428571429,0.7289116541544247
0.03,0.2,278,0.1755546242885289,0.168797520035806,47.39414217676666,0.1408714222108977,27.558811993657258,0.5899186823731238,6.714285714285714,0.7267076712286287
0.03,0.2,279,0.07758280858260708,0.06842149857521182,35.68149905495821,0.06018622566537477,16.96210183375807,0.6295304386582402,6.464285714285714,0.691505652880052
0.03,0.2,280,0.17606599594984276,0.16297601454527258,59.54671904901855,0.13249197374506372,35.00835281591198,0.6041534314229223,6.75,0.7692979479330534
0.03,0.2,281,0.007476098575397721,0.005848027459198726,0.39653943614337095,0.004757235617056544,2.4916865285663428,0.5726527352570224,5.785714285714286,0.6066661003435654
0.03,0.2,282,0.03361071268910907,0.0433490094002013,7.310537611367138,0.03642423670126079,14.613771631922654,0.5191421785354546,5.464285714285714,0.5308645495138029
0.03,0.2,283,0.0020301417016129197,0.00133702675473436,2.2287872597499216,0.0024201019888006052,-2.396409423676763,0.5949445048775478,6.214285714285714,0.5915079366464395
0.03,0.2,284,0.009017848545777857,0.00696241789292268,5.93103361435405,0.006489113462079107,2.6959664108725008,0.5938565863641161,6.035714285714286,0.6320447145868111
0.03,0.2,285,0.1104816009645679,0.09639825652221244,47.487767062842295,0.07916576104520216,18.559616391931815,0.6273937074599278,6.607142857142857,0.724692937651352
0.03,0.2,286,0.007169969071712708,0.004433593809457936,8.754789822206277,0.0038239092751966757,2.292046467966761,0.6004772836810509,5.821428571428571,0.6021353411862743
0.03,0.2,287,0.010945489038365775,0.010336915749290968,5.574294916704197,0.00694881035036716,0.6006709288361094,0.5542677537812117,4.75,0.5664003769577457
0.03,0.2,288,0.04624202272726305,0.037679491933257765,23.30828567659413,0.032878343277707056,6.5869148682570255,0.5721282807097609,4.928571428571429,0.603222888744603
0.03,0.2,289,0.002722822793822883,0.0035320656648694846,-0.08256311416538864,0.003328456471325677,-1.0301042607699458,0.5438465260648393,5.392857142857143,0.5479051080330384
0.03,0.2,290,0.07243130612784714,0.0623795877962261,34.03203199972598,0.05179756844375678,12.321570282128269,0.5930546269092318,5.892857142857143,0.6506734991029215
0.03,0.2,291,0.05293664424788692,0.03780976445899169,19.88999862697453,0.02712329963195359,4.55476621957403,0.6107378896538643,6.107142857142857,0.668951083499292
0.03,0.2,292,0.01146377875469646,0.006074533813458802,13.755843792448616,0.005377410490738047,-0.5462708992374132,0.583608127105876,6.071428571428571,0.6113000086940035
0.03,0.2,293,0.0233620507891148,0.01956515368367109,19.710504961272186,0.016903068748224538,5.995367485840471,0.6089869330897961,5.857142857142857,0.6562656539021896
0.03,0.2,294,0.11691369647102959,0.09932631992403132,48.18398269757351,0.08046003918324736,15.14832539996855,0.6257004273066527,5.678571428571429,0.7115123315765666
0.03,0.2,295,0.004910298423025761,0.00422642113346071,-2.591895545965677,0.0034818739457396493,-3.0743147607900787,0.5856762980063468,6.142857142857143,0.6199747803994666
0.03,0.2,296,0.006237539773504058,0.005255241382010629,4.359465688368523,0.004513907335456504,-5.553732726806099,0.5797655819383938,5.678571428571429,0.59964374753119
0.03,0.2,297,0.047990114108142926,0.04315599743063886,32.069616407316374,0.03640432869228117,18.221547289115218,0.6206572088963919,6.285714285714286,0.6849610452872685
0.03,0.2,298,0.0778727126722865,0.08242320159096785,25.67397568348967,0.07383301473839939,24.96020305127675,0.6686296133399718,6.321428571428571,0.7560910893576229
0.03,0.2,299,0.0018976951322515038,0.001722341602877639,0.5183241691644369,0.0008799800538893257,-1.0177065683076496,0.5975230259519543,5.285714285714286,0.6032309053128075
0.03,0.3,0,0.003977010383140402,0.0031389091078248966,2.7769693757876297,0.0023492875880812563,-0.6333332747981046,0.5571717858901537,4.785714285714286,0.5769235057603443
0.03,0.3,1,0.09276130079027911,0.07448259914671297,31.449815177416593,0.06097834791574545,6.325348800202765,0.6540668250563669,6.25,0.7282083888900202
0.03,0.3,2,0.07116293913529294,0.06634121158361708,33.163979728089245,0.05842261417727325,21.65291707578039,0.6363464437904028,6.071428571428571,0.7168753855301678
0.03,0.3,3,0.056802752697828425,0.04449154153412566,56.18111085735511,0.03477309496602754,21.457705113598337,0.6559521828527893,6.142857142857143,0.7106292014782412
0.03,0.3,4,0.07463422036047543,0.05687579686669832,47.9782352491119,0.050242748874710114,16.652915633792535,0.5966750285076413,7.0,0.6371109644066837
0.03,0.3,5,0.008959115063826392,0.004779552877046521,2.603141458111871,0.004051862251624659,-3.7622590123855275,0.5392216985973398,5.214285714285714,0.557450497150696
0.03,0.3,6,0.02668598438267557,0.012421942543788278,27.11078400043514,0.01232896755053708,11.41890669542756,0.6252214770271488,5.571428571428571,0.6308872810612484
0.03,0.3,7,0.1304041350712501,0.1278634192023682,43.79187972641382,0.10070754322488393,26.391724512373788,0.632110847591948,6.607142857142857,0.76385371239604
0.03,0.3,8,0.010026064240476926,0.010149290842642836,7.629711541180519,0.0070197633304934,3.9745639678882867,0.5960066408236734,6.142857142857143,0.6046731834995833
0.03,0.3,9,0.15410413515753338,0.15885919170704596,39.855518897795264,0.1383159110299196,36.858503471508996,0.5732775692481704,5.607142857142857,0.7084994899948829
0.03,0.3,10,0.00942937702163819,0.009641570095194387,1.8801162434939087,0.00905315207854021,-3.7025442902496004,0.5535308186809688,5.571428571428571,0.5483705920272333
0.03,0.3,11,0.10677382676233768,0.0935420837802954,37.60355837110916,0.08029984599647742,17.50081790951013,0.6573820916714529,6.75,0.7382142730209071
0.03,0.3,12,0.045706700392999004,0.03001305349066301,30.129651207076527,0.025692661605656773,8.616884430120328,0.5810201477481394,6.607142857142857,0.6204444688171364
0.03,0.3,13,0.04245213977910382,0.03083476519926341,25.20429351103789,0.023393767567399103,-0.6729354155242978,0.559810725796807,6.392857142857143,0.5706474179979129
0.03,0.3,14,0.07475553928851018,0.06511075278477194,39.52915437820888,0.05324757537546087,15.479804365684762,0.6031794749132869,6.535714285714286,0.6644883092660852
0.03,0.3,15,0.022790163555746097,0.012509358659098418,27.3011828318093,0.011885974923886393,5.751663278874702,0.6281321404190541,6.714285714285714,0.638672545624168
0.03,0.3,16,0.14674781246829907,0.12285015770506827,44.917849113824076,0.09895553126013022,13.227815375060672,0.6326870015856914,6.035714285714286,0.7219127877746189
0.03,0.3,17,0.006703158997485378,0.0022569121747971163,8.238043056472051,0.0018957283313469078,2.5351230710774266,0.5595766072885718,5.714285714285714,0.5724117570345549
0.03,0.3,18,0.07720369925994344,0.0767279318835302,24.680560581698792,0.06468348421101455,19.812939920066707,0.5294109608197738,5.571428571428571,0.5970609038048981
0.03,0.3,19,0.08543297649653214,0.06652172557488996,43.05801044669171,0.05684587510682945,11.919005199699347,0.6194307008400155,6.964285714285714,0.6583506556670164
0.03,0.3,20,0.1452095420971026,0.12860809688486755,56.64266297734383,0.10425182333581672,30.513880705883935,0.6387672795499023,5.857142857142857,0.7502638791225033
0.03,0.3,21,0.014579456911359574,0.011864876384672929,12.63555276645257,0.009247135907117718,0.824975653281939,0.5174499168381775,5.428571428571429,0.5322574508708213
0.03,0.3,22,0.016429610554283196,0.011452193140893895,17.09837335877674,0.012550905574070407,7.753124773538436,0.5862212758150912,6.607142857142857,0.6019508092411276
0.03,0.3,23,0.017749881170702152,0.008566467392694123,21.762256683672916,0.008090090172784406,2.5624751047673158,0.5857454006072208,5.857142857142857,0.6072231160449897
0.03,0.3,24,0.05006778055446844,0.051954977557721604,18.129421899702976,0.04671565514669032,16.594943449915927,0.5220448580515632,6.142857142857143,0.5405768683252168
0.03,0.3,25,0.1337463085698358,0.1171587934298065,41.93124210479808,0.09020438264630191,15.18732953327762,0.6270468997139628,6.357142857142857,0.7268467692483297
0.03,0.3,26,0.15297925746315294,0.12381782356439427,47.08987122065013,0.09514440158432688,16.086422555212,0.6280375074863379,6.107142857142857,0.7379065051991693
0.03,0.3,27,0.02725160692151105,0.011642149220771848,42.21683240628411,0.00926776918949338,8.12249766783466,0.6757104579151266,7.107142857142857,0.6853488480314707
0.03,0.3,28,0.062318951645890686,0.05393020435655311,30.114618558072987,0.045707068450817116,10.819827629382226,0.6287815587417455,5.571428571428571,0.6824246111540709
0.03,0.3,29,0.042700262559292115,0.03266481572639469,31.299015990090773,0.025120705799401857,10.713461822619488,0.6118708572348001,6.357142857142857,0.6358024733889037
0.03,0.3,30,0.10933454768921214,0.08274765371475472,45.55688371670987,0.06464944175199093,12.404690274774373,0.6620651670990224,6.535714285714286,0.7300397774168155
0.03,0.3,31,0.01536845864923399,0.01490491969481088,2.4053418032012033,0.011684730320818544,0.7148593369394215,0.5063204216878237,5.428571428571429,0.5127318366755893
0.03,0.3,32,0.016024137919947213,0.014561372216322251,9.883900213828369,0.01302133810327245,9.385703716592587,0.5735096745096449,5.892857142857143,0.5809890625594626
0.03,0.3,33,0.0442513720344606,0.027315302561049554,33.40353480536721,0.022281750807404917,4.684198275707739,0.6055170468129915,5.678571428571429,0.6154341639813972
0.03,0.3,34,0.053712066246608466,0.043205506040120155,25.42874331627671,0.034440111886658284,6.409827687791771,0.6498662393464506,6.678571428571429,0.6908660373566747
0.03,0.3,35,0.0064819902464604675,0.0072524803004425644,3.1948646437915187,0.006265511051622729,0.5005013772536699,0.592640559643776,5.821428571428571,0.6205110455611094
0.03,0.3,36,0.024257951055567994,0.021678663472302274,15.926214121835187,0.01864298558654533,9.461853373466093,0.5606350900743308,5.571428571428571,0.6023436110247247
0.03,0.3,37,0.1144911480150809,0.09290178285314163,48.10974472385979,0.07337724169007612,16.965531894554378,0.6410957925184454,6.892857142857143,0.7224877778893202
0.03,0.3,38,0.14050699004297854,0.12810687208272675,49.063875548082095,0.10619886049191303,29.082906803690197,0.6183348453504646,6.535714285714286,0.733280201021332
0.03,0.3,39,0.08145102038898133,0.06166472705160565,46.47224562754544,0.05005591806748891,13.712255673686391,0.6326859431761457,6.178571428571429,0.6770208004446792
0.03,0.3,40,0.07433373252243626,0.057441862455443284,52.915211503207495,0.047530920973707876,17.538070290408964,0.6215440724505722,6.75,0.6470802559715374
0.03,0.3,41,0.09502389425134652,0.07883348493523082,52.73633375927545,0.06506349450375805,20.36125397533914,0.7175286555077316,7.428571428571429,0.7975641059033721
0.03,0.3,42,0.03465201158900157,0.023126733056431367,21.69186538156461,0.017507991582795434,-0.8635154119551203,0.6402908571764742,6.321428571428571,0.6700498763816516
0.03,0.3,43,0.009156360587370764,0.0029336163441442457,13.25231818259698,0.002740022187422845,-1.6429572244365052,0.5854045987001196,6.035714285714286,0.604758649973905
0.03,0.3,44,0.046881496597418346,0.033319042624734764,31.494003350691056,0.02756283582810096,12.868279520949963,0.5939914142122577,6.464285714285714,0.6292923662088454
0.03,0.3,45,0.03652123160946656,0.029668202759721655,27.904494095709904,0.025091084180039868,15.921623277705057,0.6256815722130973,6.678571428571429,0.6762095277657436
0.03,0.3,46,0.07664423056447935,0.05765763013797762,43.633335984798435,0.04732551160154118,9.670147599401185,0.6758265232205992,7.214285714285714,0.7295616499769075
0.03,0.3,47,0.06269912238449898,0.05944303392576479,20.956538335287753,0.050025651339395426,7.817693590250769,0.5783649299614873,6.785714285714286,0.6436380401570823
0.03,0.3,48,0.13873170797163967,0.11390542898066627,47.786475313696755,0.09045280996335697,14.460545934687099,0.6370676432815301,7.142857142857143,0.7377486985008479
0.03,0.3,49,0.09100438175456094,0.07595703357930939,32.1305585591211,0.06203607538113622,13.747730581695416,0.5978993278901211,5.178571428571429,0.6822759475680431
0.03,0.3,50,0.14232707128580324,0.13420881102997703,47.43526897237109,0.11485354195530946,27.944386999913334,0.6237475913252307,6.357142857142857,0.7561194440700054
0.03,0.3,51,0.020096261093132544,0.028576140053243472,5.622676279132129,0.021942906121369735,6.820749399369352,0.56593013634293,5.0,0.6037554423458096
0.03,0.3,52,0.05467361782703674,0.0449609701775282,25.97828673034413,0.03476072949068146,7.610444030098175,0.5583607721175052,5.714285714285714,0.5823990431295444
0.03,0.3,53,0.007106563087841105,0.006174087857867824,8.654489664239236,0.00539060020812204,4.201463523459988,0.6067073091035812,5.928571428571429,0.6097917472105876
0.03,0.3,54,0.02079488579009489,0.0206994325440286,14.465839526604519,0.01816958406086653,7.929798066204796,0.5618009731634438,5.25,0.5903211325071283
0.03,0.3,55,0.04247232827602291,0.04246761591146095,26.43455971540145,0.0362657599754231,10.842377754560525,0.5731534509016317,5.678571428571429,0.6204609948165846
0.03,0.3,56,0.08834561952057007,0.07310643084674488,39.66038999850235,0.059277404687811334,8.113873316155724,0.7092481544488358,6.785714285714286,0.790095621514902
0.03,0.3,57,0.011027650334529817,0.012260083586361999,3.889400190832717,0.009203685060636898,-2.250933352842319,0.5252667089209085,4.964285714285714,0.5590091513652349
0.03,0.3,58,0.04408493000847881,0.038334520305484024,16.69434804662511,0.03091827600774969,6.700528481501777,0.572911198770179,5.321428571428571,0.5941020961057679
0.03,0.3,59,0.009848523337517522,0.0065089898430635475,11.065292406994345,0.005438427114434024,-1.9991159013000679,0.6165316184247666,5.0,0.6227703699652765
0.03,0.3,60,0.12238423588087764,0.09687131325071349,62.645521708841926,0.07820052956709064,15.25586542937801,0.6513070421899717,6.928571428571429,0.7638901339687739
0.03,0.3,61,0.0732380933012939,0.06216713826586294,43.508190796864426,0.05725136071554187,17.396683148752814,0.6547015087183832,6.928571428571429,0.7004397711282853
0.03,0.3,62,0.001849830926344125,0.001171290874659882,1.1983734230389942,0.000988654130804946,-1.0952864469978085,0.5378026218753298,5.25,0.5212385320263484
0.03,0.3,63,0.010148130826258884,0.013826095914059531,2.022590327345007,0.014365611030729853,2.021813146465746,0.5392905065483592,5.464285714285714,0.5889126506430221
0.03,0.3,64,0.01628521705136529,0.020350366254354362,1.088818892367044,0.02082520696705033,2.580594881697266,0.5690679245805311,5.964285714285714,0.5850718192727966
0.03,0.3,65,0.06394654613348115,0.06412344933176353,26.13841626770371,0.05666269661236241,24.459292918441452,0.5635473426292418,5.642857142857143,0.5984995106649553
0.03,0.3,66,0.014322804603594249,0.006097239261828662,17.815860046083372,0.005595954009949478,4.550521835915116,0.6387221262537496,6.535714285714286,0.6488585661665687
0.03,0.3,67,0.01883290477567454,0.01315503126090312,18.79328014575958,0.010735768931607978,3.7224354080267026,0.5830120264590365,5.75,0.5981899524427904
0.03,0.3,68,0.052581667345524934,0.0517651748327012,25.032838692957423,0.04675345408076599,15.482112430063301,0.5598242759071649,6.357142857142857,0.614409059152572
0.03,0.3,69,0.05141333540224556,0.05011208601302619,20.41306096372508,0.04125453235850699,15.480620679488803,0.530610004309824,5.321428571428571,0.5946379790470946
0.03,0.3,70,0.0036011599109469646,0.0023937200383053643,3.9550299959248036,0.002046153866522888,1.878397313803551,0.625747693791879,6.071428571428571,0.652811166803908
0.03,0.3,71,0.0064383401490770995,0.004711718756626343,7.9033354526118345,0.0037126869565194845,0.5460593120683749,0.6099126367908323,5.714285714285714,0.6167595431020823
0.03,0.3,72,0.013369597775633565,0.011903264951533089,4.7239385415575725,0.01121087581552111,2.816242920574562,0.5537791795078152,5.071428571428571,0.5747215144035627
0.03,0.3,73,0.0973016896023184,0.075017255747952,47.552974593794026,0.06044086615195692,8.936161973531526,0.6512936790768487,6.535714285714286,0.7117753293291966
0.03,0.3,74,0.04313929722073083,0.03976376584726134,21.17349371688418,0.034809419858167816,5.888073198466117,0.6187513857406808,6.142857142857143,0.628610796976583
0.03,0.3,75,0.041611868104761834,0.03971319338791501,22.095908224800816,0.03155958686465533,12.101400482641955,0.5912091491137639,6.642857142857143,0.6564265686551851
0.03,0.3,76,0.023987110522193864,0.01671735543692685,20.513107086176248,0.015193546809832013,6.001176029980655,0.6244732299446049,5.678571428571429,0.6355985387335101
0.03,0.3,77,0.08626906128340091,0.08501589460191016,26.060782667612017,0.07178468455182621,18.191488741471915,0.5886904238753183,5.678571428571429,0.6762788906946507
0.03,0.3,78,0.05448148780462059,0.053546423967426676,23.885472600392358,0.04627274853809095,15.527519579650948,0.5511900032508562,5.892857142857143,0.5859742816723634
0.03,0.3,79,0.005129286968903873,0.003576203987868919,2.8220641456349256,0.002930757932076179,-3.435058644632401,0.615037510175603,6.214285714285714,0.6346277091895435
0.03,0.3,80,0.020228492843562873,0.021630041468673308,12.102875389929501,0.016271135178025135,4.402120083146817,0.5415455222429519,5.107142857142857,0.566164687840844
0.03,0.3,81,0.09328554264737857,0.062386402129112804,43.22549527533713,0.04403841923963253,11.238630475198377,0.6355871015251557,5.821428571428571,0.6932193175495487
0.03,0.3,82,0.07798675300636138,0.06680822856608339,38.775347575999504,0.049054852306221856,17.994739518641694,0.5905054011614982,6.285714285714286,0.6427206108146191
0.03,0.3,83,0.020903472832129028,0.017978684344772292,9.590510370936556,0.01339669829384807,6.7052191226811715,0.5950739143116709,5.892857142857143,0.6273130986535127
0.03,0.3,84,0.1600876405131117,0.14998133541730724,62.22300226176956,0.12761215485051117,40.66424636388496,0.6394162186009348,6.714285714285714,0.7592107212838846
0.03,0.3,85,0.10408641075677005,0.09164952077456844,46.621544094450115,0.08135435356499456,21.432726164356314,0.6564947411752756,6.25,0.7436287557238561
0.03,0.3,86,0.002608183337130467,0.002269018926636539,0.448201630846647,0.0016350407858636725,-8.076571740333682,0.5907818972052884,5.428571428571429,0.5972498413421071
0.03,0.3,87,0.18808708297985116,0.17982839973820053,61.93142446386395,0.14552752460493718,38.71629969600766,0.6468134165520781,8.035714285714286,0.7958945373882155
0.03,0.3,88,0.1202043484090713,0.09427231730554092,38.94854143343113,0.06954962509770748,9.368688160280604,0.6200457202182423,6.464285714285714,0.7127074842122516
0.03,0.3,89,0.14116983941245212,0.12136602267129577,65.0735165537894,0.10637707361083582,32.60374247260361,0.6889866871222595,7.214285714285714,0.8049000403096586
0.03,0.3,90,0.1652000276682247,0.13289776968366782,71.17365173288104,0.10419259816430372,21.51426757157215,0.6655149786424568,6.357142857142857,0.7935305650849255
0.03,0.3,91,0.033056402485199164,0.01343361442972325,31.63903272399671,0.011891893270988501,-0.2309718754082534,0.6319523369003918,6.285714285714286,0.6607618321793205
0.03,0.3,92,0.08896236571654088,0.06835309562881359,60.87058470314521,0.05326294318999207,25.91828317100571,0.67965404677015,7.214285714285714,0.7390604786250303
0.03,0.3,93,0.07920022551835623,0.06450202919809588,40.92003540100882,0.05448443499613084,15.34902613638802,0.6299424753641265,6.071428571428571,0.7058113646884182
0.03,0.3,94,0.0005258460179081328,0.0002533953516502236,-0.7741938812599614,0.00043498457051227227,-1.2952716533688904,0.5972591962793251,5.642857142857143,0.6131703132840153
0.03,0.3,95,0.0069230589206716805,0.0018856338575244688,2.5697796584835118,0.0016296402470992292,-4.619842785337956,0.5889284357090048,5.035714285714286,0.6160625241223139
0.03,0.3,96,0.006808391718369837,0.0056287769071920075,4.535765559364123,0.004135717088241084,3.1531987001465893,0.5836542069708849,6.428571428571429,0.5946132554277133
0.03,0.3,97,0.06615375129090202,0.0607241959425804,36.586158525898966,0.05038674559830452,16.486936254073527,0.5922736611929488,6.142857142857143,0.6630498029903218
0.03,0.3,98,0.177158451254067,0.16405176531483964,60.713802420413785,0.13490650698454798,33.55738619967378,0.5944115044610251,6.464285714285714,0.7497800887868624
0.03,0.3,99,0.021989859075646934,0.023514826532105067,6.543313292430081,0.020048077553055047,5.256543237928592,0.6126043329400525,6.392857142857143,0.6140520854943764
0.03,0.3,100,0.11305910492704897,0.10600341710717916,46.639495325610966,0.08855535106201393,31.85644039759696,0.5986923080978794,6.821428571428571,0.7221154248926243
0.03,0.3,101,0.15085233145665045,0.1317050074807461,54.44539022559637,0.10552446914804393,20.849371284869914,0.6519277366264139,6.142857142857143,0.7442052646613917
0.03,0.3,102,0.0037464756697772558,0.0036429278559240866,4.500209546377931,0.0024199897243812355,0.694847630410654,0.5734475885085472,5.892857142857143,0.5856205468284235
0.03,0.3,103,0.004203522031584191,0.005004032081331614,-2.4033898112029703,0.003948011719170759,-1.7668521959919776,0.5847108437077092,5.214285714285714,0.6076811266261657
0.03,0.3,104,0.0038202477134091526,0.0032986443627997975,3.9280281193704667,0.002091209223611753,0.8754779935452556,0.5666525305231429,5.714285714285714,0.5728630485849144
0.03,0.3,105,0.10507670449861753,0.09125482959010973,36.778567427282304,0.07578345495686735,11.24788024447137,0.6432526422978703,6.392857142857143,0.7240164278090606
0.03,0.3,106,0.052245573175798275,0.048043063377330275,26.45712729802145,0.03968298375712515,15.992139350515805,0.6263883680648943,6.214285714285714,0.6933476329329695
0.03,0.3,107,0.00932040624322176,0.008337577250542341,5.091687448879632,0.00623394726078593,2.857366153766833,0.5526580062334108,5.535714285714286,0.5905608550542055
0.03,0.3,108,0.004323245626393842,0.0025403507817810555,3.0182284604844867,0.003124160867893817,-1.8127640546186872,0.5834380985512606,5.964285714285714,0.5794634905191081
0.03,0.3,109,0.06374754351542875,0.05897996782285877,31.598959962831174,0.04401453754000789,13.881297193525077,0.5903819537534077,5.857142857142857,0.6402714536730293
0.03,0.3,110,0.015427833362639129,0.014931628740869715,12.862340901336736,0.01664205156328541,10.785743944552905,0.5658265521902659,6.142857142857143,0.5800488609329151
0.03,0.3,111,0.05073386836541652,0.04184725841572338,11.23962751367452,0.036330421700574315,3.5235747932960826,0.5989390845604804,5.178571428571429,0.6506533017767546
0.03,0.3,112,0.008728055738283903,0.007443854888433571,8.654662674621498,0.0055590218685052295,1.6316505471814462,0.585014623769861,5.142857142857143,0.6098450166525093
0.03,0.3,113,0.004511222716289442,0.0015142470269831365,6.898010616722964,0.0012551880764383229,-2.0978181710280617,0.5306790055673539,4.928571428571429,0.5396302091870164
0.03,0.3,114,0.13466851620897907,0.10766408300820934,55.79946447465481,0.0846625177788013,19.324011830593147,0.6217872749138695,5.714285714285714,0.7075242246835658
0.03,0.3,115,0.016917166490013378,0.014248117326579834,7.1357910455202145,0.012695300098322006,1.8570730286629196,0.5428560025375475,5.714285714285714,0.5625976167426701
0.03,0.3,116,0.11606721387750657,0.0992706090810726,41.434707268982244,0.08179824748033382,10.8299285903662,0.6575052571902854,6.464285714285714,0.7275795057107763
0.03,0.3,117,0.07112430064035062,0.04988950386016355,40.61777489932555,0.03397870095195795,13.063921192843239,0.6144362812383818,6.285714285714286,0.6768036590715283
0.03,0.3,118,0.005909775970297114,0.0057944679499539265,6.045290317921683,0.006341396020898353,2.1173175444689796,0.6027833370551409,5.785714285714286,0.6335166953155044
0.03,0.3,119,0.0017200969580318708,0.0012027277024080196,2.5917167711845437,0.001135993060623777,1.5446147275300746,0.500726597557198,5.285714285714286,0.5022233529461475
0.03,0.3,120,0.00963905148706589,0.009016226537446258,6.777712672533447,0.009255649583855958,0.26720016579668976,0.5713736741891278,6.071428571428571,0.586917259425416
0.03,0.3,121,0.14260793458532114,0.11575742091163702,45.76176094619633,0.09661266221236567,10.599349600864892,0.6318797317111188,5.964285714285714,0.719140483472791
0.03,0.3,122,0.07965939727397489,0.0602768054794034,38.619786828980594,0.04838089211492907,11.604918361457967,0.6537585019173563,6.321428571428571,0.719199063765418
0.03,0.3,123,0.006240051327473511,0.0009964480469765347,7.099666271651216,0.0005868975427727317,-0.47034984523295975,0.5728336599692593,5.714285714285714,0.5756822654013048
0.03,0.3,124,0.014968338978978648,0.010434711159849362,12.07511922595694,0.010274051077068405,4.920055878557672,0.6126804280508994,5.964285714285714,0.6139890996096873
0.03,0.3,125,0.009600425493565577,0.008718192827187986,8.957845559650877,0.00701562405491844,4.205249649283284,0.574928915942514,5.571428571428571,0.5826133379671847
0.03,0.3,126,0.013340478758072486,0.009068257609353536,11.47259180497894,0.008866474689790673,5.53281650013588,0.5512602509937501,6.357142857142857,0.5531643891708717
0.03,0.3,127,0.10970965690980497,0.09542748309605817,51.54011960219542,0.08359927889459424,21.61293056000359,0.6617186060887831,6.678571428571429,0.7422176184343974
0.03,0.3,128,0.05117201405571908,0.04312880981688531,33.09523206998972,0.03688690143916138,17.00534507163493,0.6331101516058419,6.714285714285714,0.669265047313519
0.03,0.3,129,0.00639186038662745,0.0018442980668450515,4.352884186186401,0.002153019873475218,-2.0940490648862826,0.5611812427680438,5.964285714285714,0.5566653059791061
0.03,0.3,130,0.006267859484790195,0.0036519901414142067,3.2775777554064476,0.001961112529563511,4.672194694266504,0.55494094914801,5.535714285714286,0.5840945724508944
0.03,0.3,131,0.14885156172172884,0.15066077137921827,34.28676051022018,0.1365614906640372,33.35249144153504,0.5969000556909447,5.607142857142857,0.7214182852117033
0.03,0.3,132,0.015691391742591817,0.010123299418140963,12.636803164753566,0.010178304773417647,2.530212218727172,0.5537025761034756,5.892857142857143,0.5475737632528672
0.03,0.3,133,0.19598676224134132,0.1857575078504824,48.457248182239695,0.15368424058509325,32.85733957193346,0.5572325291303059,5.071428571428571,0.7008942713176126
0.03,0.3,134,0.1739107920630132,0.1571560320616711,54.5047302224267,0.1267554954323271,31.353550918991207,0.5752481803526516,5.964285714285714,0.7225973141851147
0.03,0.3,135,0.08768298757727538,0.07138329202287946,43.2639194246457,0.05663343361534872,12.34113650535003,0.6325224128662379,6.5,0.7174393113725668
0.03,0.3,136,0.005334873229405888,0.0013161846610411129,5.94524723163385,0.0007883150602951496,2.93724120107251,0.5511192175394498,5.464285714285714,0.5661603828330755
0.03,0.3,137,0.06629490326805328,0.05191740569376167,35.645222444026814,0.04377605522305652,17.70470802969879,0.6309184284898416,6.25,0.6735431689004268
0.03,0.3,138,0.016825197970922266,0.005503953089184901,20.66680864906342,0.0041455006700425534,0.1655458255486527,0.5858097819979904,6.214285714285714,0.6125466303127536
0.03,0.3,139,0.0809523877268912,0.06054164061435946,39.296726273223854,0.051839914841189605,12.205050445537026,0.6029035596952319,6.464285714285714,0.6883656828096127
0.03,0.3,140,0.011144804419988637,0.006107043588900186,12.275899848577346,0.0030863547704836286,1.18458003582964,0.5649735386729461,5.607142857142857,0.5627994793616141
0.03,0.3,141,0.06430842264571383,0.06086154797053819,27.596210176932217,0.050908746945525184,16.287892323692642,0.5578876367932306,5.5,0.6102499690187801
0.03,0.3,142,0.01314293280288765,0.0030374583619902787,19.091295858492344,0.0028987541746342553,1.618712275638946,0.6174259623629066,6.214285714285714,0.6227371067393634
0.03,0.3,143,0.025485859956425612,0.018115176081818937,19.88891828431923,0.015759410116581635,3.2805689197489776,0.6131313107197448,5.357142857142857,0.6322877865908674
0.03,0.3,144,0.007507012986101072,0.004207866329524408,9.94235928319074,0.002516579967679055,-1.1571090559162276,0.5227181991041883,5.821428571428571,0.5270099380953461
0.03,0.3,145,0.05416048113006962,0.04103028633826195,40.78019205550323,0.03636895905590605,16.03127109038979,0.6268358751752877,6.464285714285714,0.6435151261502311
0.03,0.3,146,0.0022989274458096337,0.0023890165035900792,3.0276053770412474,0.002414304079539299,-2.4215535030571496,0.6220174300877226,6.035714285714286,0.6392638907450183
0.03,0.3,147,0.13311030393422854,0.10955558745133755,46.46961382851289,0.08422360885792421,17.06310016314252,0.6062261011725356,5.857142857142857,0.7209226359878402
0.03,0.3,148,0.002478347126071354,0.0017790655259118716,3.0443557540829858,0.001276900364383786,3.8921567943105706,0.5818596555570669,6.071428571428571,0.5811087176351992
0.03,0.3,149,0.10457338146558058,0.07309674129734883,48.61859354017229,0.05802263672134863,11.606551901188359,0.6320718610111726,6.035714285714286,0.7099795878760742
0.03,0.3,150,0.019109980369505,0.014142062102161759,10.366764252597406,0.010703746727163272,-0.8956433222707858,0.5781502354717952,6.071428571428571,0.5938684287331688
0.03,0.3,151,0.050971027285933564,0.036162871578753836,35.199575603327276,0.03135497435759808,13.364120572173922,0.6064889822367527,6.535714285714286,0.6311446561518629
0.03,0.3,152,0.10467577057776847,0.09465065218396355,45.118470952076684,0.07972716422839012,26.587186836274054,0.6224324773850195,6.607142857142857,0.7075894435395742
0.03,0.3,153,0.0705055225353926,0.0671383499098091,26.961635839570555,0.05141715072591146,18.624304292492326,0.5611961392073399,6.714285714285714,0.623254512345945
0.03,0.3,154,0.13626320529031152,0.10673587312508596,63.02704202091368,0.08007396964886757,19.818703556004564,0.6572983429652337,6.428571428571429,0.7391146935593126
0.03,0.3,155,0.012124776343645371,0.008341566143761345,12.05461899340068,0.007965811101416746,2.2266588274253443,0.58094213198971,5.821428571428571,0.6100093915052068
0.03,0.3,156,0.1049443197501274,0.09623132633710582,41.58294231013938,0.07452938849801344,19.11366520204597,0.6548374339291737,6.607142857142857,0.7402172382358256
0.03,0.3,157,0.029989123996719932,0.015784704501138287,30.819749205035244,0.016622763438042254,8.467771903110739,0.6232431269641631,5.75,0.6444433381289745
0.03,0.3,158,0.08362039990683717,0.06964683087383332,54.03999053331583,0.05839771087071185,25.289195268190365,0.6451506443345373,7.535714285714286,0.6846634163623317
0.03,0.3,159,0.1929889523245311,0.1866135987335503,60.7842371706662,0.15617712849208212,40.76276426079441,0.5599975761341491,6.785714285714286,0.7119882059282965
0.03,0.3,160,0.010726768273507202,0.01058329575359556,6.19755787188771,0.009404521658105429,-1.043673631153543,0.5813447757422675,5.785714285714286,0.6220999354143221
0.03,0.3,161,0.013385246336512155,0.010999722671872532,11.417639346875006,0.009509131993781587,5.119457799896272,0.5955083186503557,6.321428571428571,0.6182291902751624
0.03,0.3,162,0.06043385603698612,0.04954502884269579,37.56959330275511,0.04095160230950154,16.642866345508015,0.6644016965775875,6.428571428571429,0.7173671119665783
0.03,0.3,163,0.07681578856969071,0.06485208607468873,44.85501522314742,0.056308211415215706,20.576449570723693,0.6146476923116484,6.321428571428571,0.6490535186445385
0.03,0.3,164,0.006181832064700284,0.003874591694704789,6.166827351185184,0.0029584291562834257,0.9615668237795963,0.6064112927189463,6.035714285714286,0.612840648261548
0.03,0.3,165,0.1487241718190384,0.1262030874403384,61.257856332640976,0.09923470076836959,25.186869921297923,0.6417820040501127,6.214285714285714,0.7525328093267147
0.03,0.3,166,0.005171200848425273,0.0033474149169393846,9.525437455294501,0.002873860792155264,0.20002198858559458,0.5854575096091342,5.642857142857143,0.5946236860189658
0.03,0.3,167,0.14819117204230567,0.12854600992640605,60.92490982758537,0.10298582282445536,29.1190125462207,0.6840518798753873,7.464285714285714,0.7968028839689613
0.03,0.3,168,0.17630227701222762,0.15960066170967752,78.47775010671816,0.1324282237237662,44.046160158303316,0.6481105485202127,6.964285714285714,0.7882119492722628
0.03,0.3,169,0.0062072315062132915,0.006963713036536293,4.842134873320681,0.006765651164202185,6.567750669368233,0.6035750854327754,5.571428571428571,0.6069740089833141
0.03,0.3,170,0.10641782234201368,0.0924423622171636,27.618007431519526,0.07172156071989629,14.966005024650807,0.6507266597170632,6.571428571428571,0.7249289084042758
0.03,0.3,171,0.02520066664368267,0.006748894458181091,26.670412725255026,0.005607912691772171,-0.4013629552370996,0.6490598713281087,6.142857142857143,0.6682230543817885
0.03,0.3,172,0.00323697275386992,0.001129189468960005,5.914847217843494,0.0008337410532072736,-0.009519097944642377,0.5585219718218039,6.214285714285714,0.5796360629917386
0.03,0.3,173,0.16226968605135833,0.15936817271956047,57.56014829040483,0.13443870222824103,34.94911638860547,0.6512960824839823,7.321428571428571,0.7860127441004156
0.03,0.3,174,0.03967856790492084,0.03066079986396669,22.488398985013127,0.02999795753954231,6.859372883148268,0.5935995705096273,6.821428571428571,0.6316640734443176
0.03,0.3,175,0.02472767222319475,0.010512803391694638,9.63436756928246,0.005429731851737722,-3.1626529574045037,0.5158895614439899,6.285714285714286,0.5414962691198357
0.03,0.3,176,0.05897726528792242,0.06986625444791005,13.433921710717225,0.05655224661915186,21.882624422358457,0.5322535863852522,5.464285714285714,0.5973808825598859
0.03,0.3,177,0.10183720706370918,0.09739469712089341,35.43993205829725,0.07996006890167695,20.661686394027402,0.5746105255765263,6.571428571428571,0.6562607554470884
0.03,0.3,178,0.0683362182130457,0.05739384496244665,41.631239901493,0.04714866448706062,22.0836853611856,0.6366439559585176,6.678571428571429,0.6778433989150807
0.03,0.3,179,0.009869700035991195,0.010177379207658273,9.327688725286507,0.009567819476166698,3.7045406810106747,0.5604497837365155,5.321428571428571,0.5861404066917706
0.03,0.3,180,0.020397741974894613,0.019169389164214966,12.030426806889189,0.017016013438386837,2.1535557799350613,0.5691957590197628,6.142857142857143,0.5835365911402508
0.03,0.3,181,0.047492645813219166,0.03592863088948518,34.75733875815487,0.029721676569732784,12.656131673816645,0.575730069262665,6.25,0.6213867123048453
0.03,0.3,182,0.16675168699320017,0.15567146820114078,49.60919752003975,0.1289320165879502,27.656424966999094,0.6149297191428093,6.142857142857143,0.751757706759779
0.03,0.3,183,0.05001693122379314,0.03869453321319909,41.89076540402676,0.03349778283861806,14.908734956271255,0.6172276689425577,7.392857142857143,0.6548474153615985
0.03,0.3,184,0.14933556252142574,0.11448212048764984,70.89635945124314,0.08854357267598868,20.79437748236121,0.6627014811367689,7.142857142857143,0.7801778894589777
0.03,0.3,185,0.0722167773439359,0.05496371002535133,39.80231233460901,0.046195709345290846,10.60199673050343,0.6380894155835242,6.892857142857143,0.6910375637526514
0.03,0.3,186,0.1751128544301363,0.18005010284805678,44.9637750250224,0.15436628027802707,40.93104125497566,0.5695637948643432,6.571428571428571,0.7221481650802101
0.03,0.3,187,0.1000166812040893,0.08463381635957315,52.8713402275163,0.07010887083311497,25.564578325131993,0.6915748629367877,7.035714285714286,0.7855056685007927
0.03,0.3,188,0.1590210134806545,0.13186442333477214,53.48873538813176,0.10485332946554679,16.42305701076108,0.6124048431793871,6.571428571428571,0.7322621672683509
0.03,0.3,189,0.1310198909502018,0.11888126667624957,50.37573931224126,0.10120596683091483,33.14995810694123,0.575572215773453,6.392857142857143,0.6939396519685872
0.03,0.3,190,0.12136117558912318,0.10031977728203696,52.46214154004639,0.08062586458702821,17.950012202243,0.6657517072996685,6.214285714285714,0.7414226806447519
0.03,0.3,191,0.0036388069678678528,0.0017482971770071065,7.099127161295947,0.001098006865630913,0.8628084668647867,0.5719736916026311,6.285714285714286,0.5793788790112822
0.03,0.3,192,0.16817030372601,0.14636726866934577,43.10825998269364,0.11578949768470023,13.595358298574874,0.6258864788061688,5.714285714285714,0.7299847477497545
0.03,0.3,193,0.013194212684678096,0.01407036848305592,7.3020973113783825,0.010789650921617072,6.545784979686791,0.5791988594223448,5.75,0.6028552732681383
0.03,0.3,194,0.002572443603967405,0.0038127579495552274,1.2509189608136992,0.0034617843079145193,-1.587707583579667,0.5674094279093564,5.892857142857143,0.5721006900479852
0.03,0.3,195,0.10150403567122511,0.08445464007029427,34.85732136864431,0.06705611494028635,6.116693052900378,0.6321266208529802,6.107142857142857,0.7008802196917885
0.03,0.3,196,0.11015985060537599,0.08155230651626756,57.78329007396679,0.060733957112692055,12.932844337830971,0.69655656936269,6.821428571428571,0.7840153009632188
0.03,0.3,197,0.12187851325451295,0.10670890667998639,38.954354078014994,0.0816049736421798,13.253242993322715,0.6155155643893256,7.142857142857143,0.7075450355739238
0.03,0.3,198,0.002584911012965714,0.004082876678205267,-0.8932610063345905,0.0046133971578073505,-1.173623894846448,0.6102449573271017,5.535714285714286,0.6389409145780796
0.03,0.3,199,0.004385522646667104,0.004882410239319154,1.5866933919703357,0.003697974045319991,-0.8915086951851,0.5830971574751277,6.035714285714286,0.5990890653853782
0.03,0.3,200,0.009397996775742259,0.006279098381901032,10.2835509477191,0.004230264577006338,1.9800546989792451,0.5428982956672418,5.857142857142857,0.5822804039551737
0.03,0.3,201,0.09099885549834737,0.07045951285126449,46.80439904169705,0.060090466615423915,12.639240277083951,0.701321120159457,7.178571428571429,0.7735171170654476
0.03,0.3,202,0.010135296567206615,0.0020652380411593173,14.346582205133174,0.0026621473176832574,3.0790859577705967,0.5778695031459022,5.178571428571429,0.5957016177188206
0.03,0.3,203,0.032467275106334154,0.025861986003661085,19.743010650044845,0.01991110949466894,1.795525603722325,0.5570608124579861,6.464285714285714,0.5911714218335742
0.03,0.3,204,0.05533903711329701,0.046524482970819965,36.06331235017075,0.03971594897424665,16.19419521269697,0.656971606877321,6.892857142857143,0.6741060587246008
0.03,0.3,205,0.003888668258868569,0.002779404286419252,4.284739866287353,0.0025225981725267663,1.0672564454461149,0.6095375316297836,6.857142857142857,0.5967365194578481
0.03,0.3,206,0.11300362589421613,0.10915029225644758,36.127645455698,0.09159388184272005,22.16255409422021,0.6116945987554431,6.142857142857143,0.6974654935647904
0.03,0.3,207,0.1365663496664052,0.1262740115010756,48.64180200070267,0.10211686328569845,25.443967245020847,0.6247152213082677,6.392857142857143,0.7307720310746526
0.03,0.3,208,0.05330611958549669,0.05540351629563198,16.819898958607908,0.048252214532638366,18.429487107820194,0.5666350238761779,6.035714285714286,0.6027003030468979
0.03,0.3,209,0.011391675380009318,0.0030252163469108285,16.089947057653795,0.0029540849872323562,3.0460981226693016,0.5476314522976604,6.071428571428571,0.5443838128469086
0.03,0.3,210,0.016088554737746005,0.006194560217407527,26.159256985670872,0.005213634547192418,3.0071787295168426,0.6328661365591015,6.464285714285714,0.6616602410318528
0.03,0.3,211,0.00312990870629041,0.0028632775906717992,1.900488514453194,0.0018844913458136178,-0.8889044079598515,0.5754991092005463,5.392857142857143,0.598221606320005
0.03,0.3,212,0.040446736919771825,0.01621158979471498,43.739480274411676,0.015481163910196168,7.5162145218910394,0.614314461838183,7.071428571428571,0.6294357189441682
0.03,0.3,213,0.012664915834240738,0.012093674957167205,9.787380407635382,0.01233752639188206,2.8810309022359775,0.5788460472684541,6.035714285714286,0.5773501642171868
0.03,0.3,214,0.04888727693223953,0.04474808491004385,30.543670970663005,0.03817462284929379,12.717651734436302,0.6314341853039823,6.642857142857143,0.6832322627984349
0.03,0.3,215,0.044728194443003674,0.033588168011317455,24.747982654131768,0.027387646823253616,7.7862486023969195,0.5398126500717129,5.75,0.5780220069482523
0.03,0.3,216,0.013115978787622854,0.004277302813123532,14.706157042414084,0.0033674166970119605,0.24199622319063488,0.5990291610829607,6.321428571428571,0.6362569132276549
0.03,0.3,217,0.10734151379712632,0.08616757575624694,54.76744562340836,0.06607878938633628,20.093166624226683,0.6447907688712107,6.607142857142857,0.7213463775001665
0.03,0.3,218,0.06232632636371292,0.07089759491495046,19.135471813252163,0.060504347958842734,13.458588585062088,0.572639846913879,5.178571428571429,0.6277951187055851
0.03,0.3,219,0.07196654584137045,0.06627454768050803,22.698291414873957,0.051257088218216604,10.059893815117059,0.5552870582942933,6.035714285714286,0.6015266553331973
0.03,0.3,220,0.08030624571144471,0.071762711407145,39.81737686490172,0.0605648475450183,16.32873386538186,0.5990274388837605,6.464285714285714,0.6731703733328385
0.03,0.3,221,0.024005720967103128,0.01577126743240216,12.144233172332825,0.011836590269597535,-0.25309461378024406,0.5778785943969112,5.964285714285714,0.6291330708629777
0.03,0.3,222,0.09873009961302158,0.0784889677728995,37.38440054261317,0.05815787954016193,14.26482168736805,0.6557335361331756,6.321428571428571,0.7394417735654327
0.03,0.3,223,0.015967937958597155,0.012841831025138284,18.31635475501404,0.007989633865585292,6.937638526174699,0.5646184548487289,6.785714285714286,0.6053848274356495
0.03,0.3,224,0.05998842591328686,0.0568576569676668,30.879823870059788,0.04642784771849951,14.428812854575199,0.614032477918041,6.0,0.6592532588845943
0.03,0.3,225,0.006453391428736512,0.00492978594482168,7.914362090748995,0.005639469906674798,5.795655208573986,0.5693664678352375,5.392857142857143,0.5821082237612882
0.03,0.3,226,0.12964832799780823,0.10229535291143174,39.44260525557051,0.08126048409949876,10.708880569592187,0.6471469946239273,5.857142857142857,0.7425005017018838
0.03,0.3,227,0.15691706843071587,0.13754615579097168,73.34054195857486,0.11359304873684958,31.41858533992124,0.6316655398634182,6.857142857142857,0.7840560577190094
0.03,0.3,228,0.016819611214679567,0.015257794350097402,5.4877613847474365,0.009302247760703675,2.246170174531329,0.6096605259347484,6.321428571428571,0.6235488923981967
0.03,0.3,229,0.06634539767615305,0.057106328476190016,33.04222565514229,0.04446310829835958,11.531345537313802,0.663751532010531,5.857142857142857,0.7257448683112959
0.03,0.3,230,0.06641118324927298,0.0528586672887102,37.707449094198864,0.040509629714944796,9.259065745932483,0.6181489700407934,6.607142857142857,0.6464724452018151
0.03,0.3,231,0.1290982861255029,0.11659595024024698,52.90630163209468,0.09458885191479079,25.782061297239963,0.633765771051,6.535714285714286,0.7512263903453844
0.03,0.3,232,0.1425242603892411,0.11598838586697058,61.4710276431756,0.09635354446851992,22.17861687285122,0.668807562999412,6.428571428571429,0.7602617768604736
0.03,0.3,233,0.0569521832548861,0.05389177920889058,23.40794323121193,0.045385991525398205,15.07431357312394,0.5424048775598732,6.071428571428571,0.5700656887355362
0.03,0.3,234,0.016225926555100165,0.014277347396465686,19.56040386671623,0.011686902992605044,4.1318491841323635,0.6101577502167025,6.035714285714286,0.611171482083566
0.03,0.3,235,0.0016835982329376853,0.0003811383895949121,1.2961197145636518,0.00044768482116756033,-0.9781675291743852,0.5892521476423199,5.821428571428571,0.6161683086239551
0.03,0.3,236,0.021460968744631187,0.019232490858529943,13.178679810723288,0.012439959843047677,7.590042015374725,0.6192124740416239,5.678571428571429,0.6429406791907155
0.03,0.3,237,0.01111465223911025,0.012382822848444436,7.783687687178414,0.010680599427059047,10.282606362609878,0.5981205108689203,6.357142857142857,0.5889668756357336
0.03,0.3,238,0.011133668440295142,0.009622426860275885,9.58029698900976,0.007267924568436895,2.2028717266160904,0.5793734750006931,5.5,0.6042866179421931
0.03,0.3,239,0.027016307395319267,0.011661617784327121,29.683557194572032,0.010361367922284927,3.5305972894706295,0.6488930820880477,6.892857142857143,0.6832123772835785
0.03,0.3,240,0.005032521640548061,0.001675833930502993,4.148973435353128,0.0008727666563760489,0.42196751174014935,0.5347452813140361,4.928571428571429,0.5452927729918459
0.03,0.3,241,0.17672211195721033,0.15795771663232247,55.49264943766771,0.1296216744915415,25.20907207073749,0.6131065763367524,6.535714285714286,0.7228735186555022
0.03,0.3,242,0.04848833670311639,0.034205469905853735,21.00590012632602,0.026358808032114243,1.6215591696506142,0.6681869336595966,5.821428571428571,0.7074190939798335
0.03,0.3,243,0.011320163348587922,0.007518782507545621,0.23087379737950187,0.005080892810832946,-3.747673037495398,0.5672260341614007,5.607142857142857,0.6106135208897812
0.03,0.3,244,0.16462669527636645,0.1397233994414547,69.34910886945524,0.1202759556510114,29.230979642611388,0.6139944898662517,6.678571428571429,0.7332072572915704
0.03,0.3,245,0.07712598648961763,0.07342555167658509,27.56222349102332,0.061080723712485616,18.458719014312205,0.6110668771171701,6.142857142857143,0.6700138772629511
0.03,0.3,246,0.07719982138522141,0.0701991606289085,39.2487584717462,0.059163165048737656,25.022036269935665,0.6592128377725809,6.571428571428571,0.7101677006220751
0.03,0.3,247,0.03158414300432492,0.024870866467845445,30.13178654691211,0.023323506425457444,10.388498035925318,0.668611731907287,6.107142857142857,0.7010656166618607
0.03,0.3,248,0.01566723236015444,0.012971491553540425,7.161819271854455,0.012390967899650789,0.11767055561237309,0.6091081023674664,6.178571428571429,0.6436667871482101
0.03,0.3,249,0.024509634712747884,0.014235623812319426,20.89036288135876,0.014271962664367288,5.377936664135547,0.6166972427012017,6.035714285714286,0.6290310783892076
0.03,0.3,250,0.011903663665666949,0.008916617917089585,10.622399289703317,0.007573708679511984,-1.925438652640139,0.5879428549319327,6.428571428571429,0.5914403741763887
0.03,0.3,251,0.048812249174675325,0.04523652656210029,24.057423307120324,0.0372864213539397,11.86570088728387,0.5804404911887764,6.071428571428571,0.5867079535687411
0.03,0.3,252,0.03971722113716778,0.033257471378803874,23.98676817173841,0.027638072861646355,8.686155240308713,0.5850658565005117,6.535714285714286,0.621238229770546
0.03,0.3,253,0.0007860223169213651,0.001649145703183597,1.3097972819164028,0.0016288157989818354,0.15890413663579275,0.5624008300598382,5.75,0.5624073816680729
0.03,0.3,254,0.011363839954374191,0.006042131588114537,3.912735125042893,0.004081115463759338,-5.088606023146032,0.5830857077551473,5.821428571428571,0.6175083127009382
0.03,0.3,255,0.014027945686288217,0.002553643463955991,20.648214916624802,0.0016372054128360619,3.498758207346858,0.6215985188748351,6.357142857142857,0.6224542134134478
0.03,0.3,256,0.04807893508870228,0.038620000781895904,26.073875526836005,0.030454661573409834,4.7865237110937455,0.5996894757353954,6.035714285714286,0.6312555402771924
0.03,0.3,257,0.0026073824586790267,0.0033865194189791033,0.8030635680816829,0.0028612560790610524,-1.3096789298766396,0.5333663698070935,5.392857142857143,0.5335613150110929
0.03,0.3,258,0.04470484770599719,0.032459126390885475,24.88269159109678,0.027806544540366858,-1.0835525649776703,0.6494864223614034,7.214285714285714,0.7154170842654124
0.03,0.3,259,0.09330440696614171,0.0665484575999468,49.32295783402453,0.054421523254207,8.16285313429961,0.6556083742804059,7.107142857142857,0.7183513091631724
0.03,0.3,260,0.1798187565004506,0.1583409277060239,75.85756458182007,0.12620960661204356,37.41174826744243,0.6241760734282985,6.785714285714286,0.7802728309737624
0.03,0.3,261,0.02255231156679776,0.02894394035033606,5.681990511185688,0.025354715816366724,0.9664875233069665,0.54476557835804,5.214285714285714,0.5581458162559014
0.03,0.3,262,0.15030969050446577,0.14080899971313335,45.610956792997534,0.11354906255878466,27.796242922593606,0.6179389734556395,6.285714285714286,0.7638867643949363
0.03,0.3,263,0.20739242829221216,0.18512375284859078,88.56890477098082,0.15241509977079062,48.2419448930165,0.6383211441428044,6.892857142857143,0.7887513526638676
0.03,0.3,264,0.008313249994574086,0.005691821657854965,6.997262240865503,0.004323307087632849,1.6623198172071436,0.5553794963639069,5.25,0.5458241095230991
0.03,0.3,265,0.10276064805089806,0.10294264130816039,34.41175042958261,0.09101718127794536,28.65661042129102,0.6398210355228223,6.642857142857143,0.7287293652390266
0.03,0.3,266,0.11079251805416851,0.10286279935779788,46.03695837699327,0.08635607775027383,16.162352854242958,0.6367681145755997,6.214285714285714,0.7288587769912482
0.03,0.3,267,0.21613215698377766,0.19449460968083246,77.17747404348069,0.16241353720781224,37.90588534435681,0.5950830681938689,6.428571428571429,0.7716051906947197
0.03,0.3,268,0.022919082989038123,0.016976018812755244,17.568519559992474,0.016484972197078215,1.800407161878809,0.6298722444658884,5.178571428571429,0.6427667488301205
0.03,0.3,269,0.08789602795344129,0.07644399928711601,32.356823161652784,0.061113731794120045,9.632813534215083,0.6443905497868825,6.035714285714286,0.7047386633718337
0.03,0.3,270,0.004450339424842201,0.005034770081722374,2.0338294689378813,0.005193706122198717,3.7768849733803997,0.5837642441136621,5.928571428571429,0.6012341662656664
0.03,0.3,271,0.01532719313561909,0.006444977016084077,12.571959449122929,0.007222397050380783,4.05927826069625,0.6337104779802152,6.035714285714286,0.6377648126076136
0.03,0.3,272,0.18251035925903164,0.1519898622729178,71.60728002867874,0.12334081456673254,28.97358787806867,0.6428361364364296,5.857142857142857,0.7797432546676482
0.03,0.3,273,0.010083604693275254,0.008346775675417879,-0.41756945151018954,0.005188916488819145,-1.5641705546709848,0.5686867641997687,5.785714285714286,0.608223617955586
0.03,0.3,274,0.04807140001837633,0.037406129165845764,31.603188237386867,0.03288530715610119,14.771021230133002,0.6017155167986711,6.642857142857143,0.6109628099079412
0.03,0.3,275,0.02416137975447519,0.013975818960878334,25.086216100319398,0.011056466816689984,7.704359223829736,0.5979529939088026,5.0,0.6165007900066446
0.03,0.3,276,0.09273350582912361,0.09643181617606086,27.9263435540565,0.07980658799343819,25.644976767062243,0.6096229369819206,5.535714285714286,0.6911091797697364
0.03,0.3,277,0.14284850067273813,0.12153787034018829,58.3921296528284,0.1053634841593385,20.193096427022123,0.6683099917791557,7.142857142857143,0.7783964209171255
0.03,0.3,278,0.017859297417406685,0.004396145633286081,16.385970728863498,0.004165699095400223,1.2226800386810812,0.6205388362267146,5.678571428571429,0.6255802626176445
0.03,0.3,279,0.009646239818669062,0.007501204536772006,6.991092625171419,0.006729757105395602,-1.636601112784869,0.618957890824641,6.285714285714286,0.6300941135551715
0.03,0.3,280,0.11354868121793212,0.09674732156918424,52.74416965296086,0.08030855301984191,24.513670074738755,0.6895981689806457,7.428571428571429,0.7807388983568605
0.03,0.3,281,0.09244321972420524,0.07965054403451859,30.887646832245515,0.06289728543344532,12.904757793519423,0.6125603964692632,5.035714285714286,0.6890120877728119
0.03,0.3,282,0.10954426969859594,0.08864980033596884,60.70967428840339,0.07021288612250945,26.961808411080668,0.6893436775145505,6.571428571428571,0.8007222716725344
0.03,0.3,283,0.009229273819095968,0.008725508816481192,7.221835976126329,0.007187589145519874,1.8798103388045224,0.6179002565179376,5.678571428571429,0.632190954091362
0.03,0.3,284,0.019924051475973262,0.009274151205788953,22.381456297268116,0.00971106542730901,6.054849769817281,0.6388661640762333,6.428571428571429,0.6448720082716901
0.03,0.3,285,0.1852904576761758,0.16678055440313755,56.030733419890666,0.13698187373799808,28.6333590079348,0.5953228554184448,5.607142857142857,0.7442401674112913
0.03,0.3,286,0.016155998721272873,0.015028079892179304,14.377556783320706,0.012018807390756546,5.0496317799462815,0.5659575550634451,6.142857142857143,0.5968907151800273
0.03,0.3,287,0.1568451143619962,0.13529614361370973,55.6964201788074,0.11564119503427495,26.49970282105311,0.6282460973916375,6.142857142857143,0.7534487801969201
0.03,0.3,288,0.00958303033835586,0.0036520791036642832,13.43752459378834,0.0030413637112367063,3.00412750835387,0.6244487448828924,6.071428571428571,0.6125889863588134
0.03,0.3,289,0.07072382931487117,0.06873044685928206,26.01693777259243,0.054351799240925786,19.304476435038406,0.5943674037091684,6.107142857142857,0.6353871507819567
0.03,0.3,290,0.0065968851259128125,0.004763715605398992,8.885277988898117,0.00428772720532865,-1.5853195424537223,0.6019282532661332,7.178571428571429,0.6088808256719241
0.03,0.3,291,0.09871066842794562,0.09772321511137638,28.744909878218646,0.08751219320868098,23.348620000123972,0.6042032566566213,5.857142857142857,0.6706281153690382
0.03,0.3,292,0.06977751719355008,0.0517228365196796,49.49607704159525,0.044339014605110055,19.911258565905246,0.6448201308301116,6.928571428571429,0.6861744640306818
0.03,0.3,293,0.004896418765041349,0.00022596738907515747,8.304752561109133,0.0006220149365289908,-1.7813617832418818,0.551666958474162,5.464285714285714,0.5745214321266163
0.03,0.3,294,0.005085445953559583,0.004028177659073506,2.485454256688655,0.0029745448857052647,-1.6760258988860812,0.5598148377509026,6.464285714285714,0.5698583241557289
0.03,0.3,295,0.011543968035240607,0.004314707455528249,17.652213401444165,0.004052246007489124,2.756715721140002,0.5979721366279752,5.785714285714286,0.6061150392323253
0.03,0.3,296,0.0279600159836702,0.023336316076681754,19.317896068316266,0.02022878072571411,4.3476392487008395,0.5395641828142999,6.0,0.5665917184595731
0.03,0.3,297,0.0037958960012461794,0.0035133712492341224,7.483326398712265,0.002791163333308362,1.848690330059128,0.5848210557098151,6.214285714285714,0.6105094764964203
0.03,0.3,298,0.02375371925225156,0.006655289014478185,21.570022694798503,0.007118010271200869,1.4800508783106636,0.6179485768122898,6.142857142857143,0.6301957741007725
0.03,0.3,299,0.009387597588547361,0.007615983037689767,12.77262340864496,0.007086276308867879,7.2160159614591635,0.6306443410956575,6.357142857142857,0.6438180860427318
