n_ind,innovation,mixing,leak,strength,line,rep,f_alt,f_opt,b_alt,b_opt
2000,0.001,0.02,1.0,0.0,phases,0,0.46,0.28,0.64,0.44
2000,0.001,0.02,1.0,0.0,Parkin vs rest,0,0.72,0.62,0.32,0.38
2000,0.001,0.02,1.0,0.0,phases,1,0.68,0.84,0.98,1.0
2000,0.001,0.02,1.0,0.0,Parkin vs rest,1,0.9,1.0,0.9,1.0
2000,0.001,0.02,1.0,0.0,phases,2,0.14,0.0,0.16,0.32
2000,0.001,0.02,1.0,0.0,Parkin vs rest,2,0.22,0.0,0.02,0.0
2000,0.001,0.02,1.0,0.0,phases,3,0.58,0.62,0.08,0.0
2000,0.001,0.02,1.0,0.0,Parkin vs rest,3,0.52,0.62,0.38,0.62
2000,0.001,0.02,1.0,0.0,phases,4,0.32,0.54,0.62,0.84
2000,0.001,0.02,1.0,0.0,Parkin vs rest,4,0.5,0.62,0.34,0.62
2000,0.001,0.02,1.0,0.0,phases,5,0.06,0.08,0.54,0.36
2000,0.001,0.02,1.0,0.0,Parkin vs rest,5,0.14,0.0,0.84,1.0
2000,0.001,0.02,1.0,0.0,phases,6,0.94,1.0,0.98,1.0
2000,0.001,0.02,1.0,0.0,Parkin vs rest,6,0.8,1.0,0.2,0.0
2000,0.001,0.02,1.0,0.0,phases,7,0.18,0.2,0.34,0.24
2000,0.001,0.02,1.0,0.0,Parkin vs rest,7,0.5,0.62,0.8,1.0
2000,0.001,0.02,1.0,0.0,phases,8,0.68,0.52,0.22,0.22
2000,0.001,0.02,1.0,0.0,Parkin vs rest,8,0.68,0.62,0.58,0.62
2000,0.001,0.02,1.0,0.0,phases,9,0.38,0.4,0.04,0.08
2000,0.001,0.02,1.0,0.0,Parkin vs rest,9,0.66,0.62,0.04,0.0
2000,0.001,0.02,1.0,0.0,phases,10,0.3,0.3,0.66,0.38
2000,0.001,0.02,1.0,0.0,Parkin vs rest,10,0.46,0.62,0.12,0.0
2000,0.001,0.02,1.0,0.0,phases,11,0.9,0.78,0.82,0.68
2000,0.001,0.02,1.0,0.0,Parkin vs rest,11,0.62,0.62,0.08,0.0
2000,0.001,0.02,1.0,0.0,phases,12,0.82,0.76,0.46,0.48
2000,0.001,0.02,1.0,0.0,Parkin vs rest,12,0.86,1.0,0.38,0.0
2000,0.001,0.02,1.0,0.0,phases,13,0.3,0.22,0.74,0.84
2000,0.001,0.02,1.0,0.0,Parkin vs rest,13,0.64,0.62,0.44,0.62
2000,0.001,0.02,1.0,0.0,phases,14,0.38,0.62,0.24,0.22
2000,0.001,0.02,1.0,0.0,Parkin vs rest,14,0.58,0.62,0.68,1.0
2000,0.001,0.02,1.0,0.0,phases,15,0.12,0.0,0.36,0.54
2000,0.001,0.02,1.0,0.0,Parkin vs rest,15,0.58,0.62,0.24,0.0
2000,0.001,0.02,1.0,0.0,phases,16,0.52,0.4,0.16,0.0
2000,0.001,0.02,1.0,0.0,Parkin vs rest,16,0.48,0.0,0.28,0.0
2000,0.001,0.02,1.0,0.0,phases,17,0.22,0.2,0.64,0.52
2000,0.001,0.02,1.0,0.0,Parkin vs rest,17,0.54,0.62,0.36,0.38
2000,0.001,0.02,1.0,0.0,phases,18,0.46,0.6,0.94,1.0
2000,0.001,0.02,1.0,0.0,Parkin vs rest,18,0.82,1.0,0.24,0.0
2000,0.001,0.02,1.0,0.0,phases,19,0.98,1.0,0.98,1.0
2000,0.001,0.02,1.0,0.0,Parkin vs rest,19,0.9,1.0,0.64,0.38
2000,0.001,0.02,1.0,0.0,phases,20,0.14,0.0,0.8,0.7
2000,0.001,0.02,1.0,0.0,Parkin vs rest,20,0.28,0.0,0.0,0.0
2000,0.001,0.02,1.0,0.0,phases,21,0.38,0.64,0.4,0.46
2000,0.001,0.02,1.0,0.0,Parkin vs rest,21,0.48,0.38,0.6,0.38
2000,0.001,0.02,1.0,0.0,phases,22,0.3,0.38,0.74,0.68
2000,0.001,0.02,1.0,0.0,Parkin vs rest,22,0.36,0.62,0.06,0.0
2000,0.001,0.02,1.0,0.0,phases,23,0.1,0.24,0.08,0.16
2000,0.001,0.02,1.0,0.0,Parkin vs rest,23,0.48,0.62,0.54,0.38
2000,0.001,0.02,1.0,0.0,phases,24,0.5,0.74,0.78,0.66
2000,0.001,0.02,1.0,0.0,Parkin vs rest,24,0.82,1.0,0.86,1.0
2000,0.001,0.02,1.0,0.0,phases,25,0.78,0.3,0.96,0.94
2000,0.001,0.02,1.0,0.0,Parkin vs rest,25,0.66,0.62,0.2,0.38
2000,0.001,0.02,1.0,0.0,phases,26,0.2,0.3,0.52,0.16
2000,0.001,0.02,1.0,0.0,Parkin vs rest,26,0.3,0.38,0.24,0.0
2000,0.001,0.02,1.0,0.0,phases,27,0.4,0.48,0.9,1.0
2000,0.001,0.02,1.0,0.0,Parkin vs rest,27,0.42,0.0,0.6,1.0
2000,0.001,0.02,1.0,0.0,phases,28,0.78,0.92,0.7,0.64
2000,0.001,0.02,1.0,0.0,Parkin vs rest,28,0.62,0.38,0.0,0.0
2000,0.001,0.02,1.0,0.0,phases,29,0.66,0.92,0.76,0.78
2000,0.001,0.02,1.0,0.0,Parkin vs rest,29,0.52,0.38,0.0,0.0
2000,0.001,0.02,1.0,0.0,phases,30,0.1,0.1,0.3,0.16
2000,0.001,0.02,1.0,0.0,Parkin vs rest,30,0.04,0.0,0.86,1.0
2000,0.001,0.02,1.0,0.0,phases,31,0.3,0.28,0.36,0.38
2000,0.001,0.02,1.0,0.0,Parkin vs rest,31,0.6,0.62,0.42,0.0
2000,0.001,0.02,1.0,0.0,phases,32,0.8,0.92,0.82,0.9
2000,0.001,0.02,1.0,0.0,Parkin vs rest,32,0.74,1.0,0.24,0.0
2000,0.001,0.02,1.0,0.0,phases,33,0.82,0.78,0.84,0.7
2000,0.001,0.02,1.0,0.0,Parkin vs rest,33,0.72,0.62,0.1,0.0
2000,0.001,0.02,1.0,0.0,phases,34,0.2,0.3,0.46,0.38
2000,0.001,0.02,1.0,0.0,Parkin vs rest,34,0.3,0.38,0.8,1.0
2000,0.001,0.02,1.0,0.0,phases,35,0.64,0.76,0.04,0.0
2000,0.001,0.02,1.0,0.0,Parkin vs rest,35,0.68,0.62,0.56,0.62
2000,0.001,0.02,1.0,0.0,phases,36,0.16,0.0,0.3,0.3
2000,0.001,0.02,1.0,0.0,Parkin vs rest,36,0.72,0.62,0.0,0.0
2000,0.001,0.02,1.0,0.0,phases,37,0.92,0.92,0.3,0.5
2000,0.001,0.02,1.0,0.0,Parkin vs rest,37,0.86,1.0,0.7,1.0
2000,0.001,0.02,1.0,0.0,phases,38,0.74,0.44,0.88,0.78
2000,0.001,0.02,1.0,0.0,Parkin vs rest,38,0.64,0.62,0.58,1.0
2000,0.001,0.02,1.0,0.0,phases,39,0.52,0.28,0.92,0.82
2000,0.001,0.02,1.0,0.0,Parkin vs rest,39,0.76,0.62,0.58,0.62
2000,0.001,0.02,1.0,0.0,phases,40,0.7,0.6,0.84,0.68
2000,0.001,0.02,1.0,0.0,Parkin vs rest,40,0.86,1.0,0.12,0.0
2000,0.001,0.02,1.0,0.0,phases,41,0.2,0.02,0.02,0.0
2000,0.001,0.02,1.0,0.0,Parkin vs rest,41,0.6,0.62,0.9,1.0
2000,0.001,0.02,1.0,0.0,phases,42,0.22,0.0,0.76,0.76
2000,0.001,0.02,1.0,0.0,Parkin vs rest,42,0.44,0.0,0.1,0.0
2000,0.001,0.02,1.0,0.0,phases,43,0.58,0.76,0.54,0.7
2000,0.001,0.02,1.0,0.0,Parkin vs rest,43,0.64,0.62,0.18,0.0
2000,0.001,0.02,1.0,0.0,phases,44,0.18,0.0,0.54,0.16
2000,0.001,0.02,1.0,0.0,Parkin vs rest,44,0.62,0.62,0.24,0.38
2000,0.001,0.02,1.0,0.0,phases,45,0.34,0.3,0.68,0.68
2000,0.001,0.02,1.0,0.0,Parkin vs rest,45,0.6,0.62,0.14,0.0
2000,0.001,0.02,1.0,0.0,phases,46,0.12,0.02,0.6,0.24
2000,0.001,0.02,1.0,0.0,Parkin vs rest,46,0.46,0.62,0.04,0.0
2000,0.001,0.02,1.0,0.0,phases,47,0.32,0.38,0.64,0.7
2000,0.001,0.02,1.0,0.0,Parkin vs rest,47,0.78,1.0,0.28,0.38
2000,0.001,0.02,1.0,0.0,phases,48,0.82,0.58,0.84,0.76
2000,0.001,0.02,1.0,0.0,Parkin vs rest,48,0.9,1.0,0.04,0.0
2000,0.001,0.02,1.0,0.0,phases,49,0.48,0.36,0.84,0.92
2000,0.001,0.02,1.0,0.0,Parkin vs rest,49,0.76,0.62,0.4,1.0
2000,0.001,0.02,1.0,0.0,phases,50,0.44,0.3,0.48,0.1
2000,0.001,0.02,1.0,0.0,Parkin vs rest,50,0.62,0.62,0.3,0.0
2000,0.001,0.02,1.0,0.0,phases,51,0.32,0.02,0.9,0.92
2000,0.001,0.02,1.0,0.0,Parkin vs rest,51,0.08,0.0,0.14,0.38
2000,0.001,0.02,1.0,0.0,phases,52,0.1,0.22,0.88,0.78
2000,0.001,0.02,1.0,0.0,Parkin vs rest,52,0.28,0.62,0.0,0.0
2000,0.001,0.02,1.0,0.0,phases,53,0.16,0.24,0.0,0.0
2000,0.001,0.02,1.0,0.0,Parkin vs rest,53,0.72,0.62,0.42,0.62
2000,0.001,0.02,1.0,0.0,phases,54,0.22,0.0,0.08,0.0
2000,0.001,0.02,1.0,0.0,Parkin vs rest,54,0.16,0.0,0.22,0.0
2000,0.001,0.02,1.0,0.0,phases,55,0.12,0.0,0.0,0.0
2000,0.001,0.02,1.0,0.0,Parkin vs rest,55,0.6,0.62,0.6,0.62
2000,0.001,0.02,1.0,0.0,phases,56,0.16,0.1,0.66,0.76
2000,0.001,0.02,1.0,0.0,Parkin vs rest,56,0.04,0.0,0.86,1.0
2000,0.001,0.02,1.0,0.0,phases,57,0.16,0.3,0.94,0.84
2000,0.001,0.02,1.0,0.0,Parkin vs rest,57,0.4,0.38,0.32,1.0
2000,0.001,0.02,1.0,0.0,phases,58,0.24,0.34,0.36,0.3
2000,0.001,0.02,1.0,0.0,Parkin vs rest,58,0.76,1.0,0.6,1.0
2000,0.001,0.02,1.0,0.0,phases,59,0.58,0.36,0.72,0.46
2000,0.001,0.02,1.0,0.0,Parkin vs rest,59,0.76,0.62,0.86,1.0
2000,0.001,0.02,1.0,0.0,phases,60,0.28,0.56,0.3,0.74
2000,0.001,0.02,1.0,0.0,Parkin vs rest,60,0.6,0.38,0.04,0.0
2000,0.001,0.02,1.0,0.0,phases,61,0.58,0.78,0.98,1.0
2000,0.001,0.02,1.0,0.0,Parkin vs rest,61,0.9,1.0,0.62,0.38
2000,0.001,0.02,1.0,0.0,phases,62,0.84,0.8,0.74,0.66
2000,0.001,0.02,1.0,0.0,Parkin vs rest,62,0.58,0.38,0.0,0.0
2000,0.001,0.02,1.0,0.0,phases,63,0.42,0.7,0.96,0.98
2000,0.001,0.02,1.0,0.0,Parkin vs rest,63,0.32,0.38,0.56,0.38
2000,0.001,0.02,1.0,0.0,phases,64,0.44,0.32,0.82,0.84
2000,0.001,0.02,1.0,0.0,Parkin vs rest,64,0.76,0.62,0.26,0.0
2000,0.001,0.02,1.0,0.0,phases,65,0.3,0.2,0.42,0.34
2000,0.001,0.02,1.0,0.0,Parkin vs rest,65,0.66,0.62,0.28,0.0
2000,0.001,0.02,1.0,0.0,phases,66,0.42,0.36,0.74,0.62
2000,0.001,0.02,1.0,0.0,Parkin vs rest,66,0.3,0.0,0.0,0.0
2000,0.001,0.02,1.0,0.0,phases,67,0.02,0.0,0.34,0.3
2000,0.001,0.02,1.0,0.0,Parkin vs rest,67,0.1,0.0,0.34,0.0
2000,0.001,0.02,1.0,0.0,phases,68,0.66,0.66,0.42,0.4
2000,0.001,0.02,1.0,0.0,Parkin vs rest,68,0.9,1.0,0.2,0.38
2000,0.001,0.02,1.0,0.0,phases,69,0.36,0.3,0.24,0.36
2000,0.001,0.02,1.0,0.0,Parkin vs rest,69,0.4,0.38,0.0,0.0
2000,0.001,0.02,1.0,0.0,phases,70,0.2,0.1,0.04,0.0
2000,0.001,0.02,1.0,0.0,Parkin vs rest,70,0.48,0.0,0.16,0.0
2000,0.001,0.02,1.0,0.0,phases,71,0.36,0.48,0.62,0.9
2000,0.001,0.02,1.0,0.0,Parkin vs rest,71,0.32,0.0,0.0,0.0
2000,0.001,0.02,1.0,0.0,phases,72,0.34,0.84,0.46,0.52
2000,0.001,0.02,1.0,0.0,Parkin vs rest,72,0.26,0.38,0.4,1.0
2000,0.001,0.02,1.0,0.0,phases,73,0.8,1.0,0.9,0.92
2000,0.001,0.02,1.0,0.0,Parkin vs rest,73,0.68,0.38,0.42,0.38
2000,0.001,0.02,1.0,0.0,phases,74,0.24,0.18,0.9,0.84
2000,0.001,0.02,1.0,0.0,Parkin vs rest,74,0.08,0.0,0.38,0.38
2000,0.001,0.02,1.0,0.0,phases,75,0.5,0.5,0.44,0.44
2000,0.001,0.02,1.0,0.0,Parkin vs rest,75,0.44,0.0,0.84,1.0
2000,0.001,0.02,1.0,0.0,phases,76,0.3,0.38,0.8,0.7
2000,0.001,0.02,1.0,0.0,Parkin vs rest,76,0.14,0.0,0.04,0.0
2000,0.001,0.02,1.0,0.0,phases,77,0.32,0.56,0.32,0.56
2000,0.001,0.02,1.0,0.0,Parkin vs rest,77,0.44,0.38,0.04,0.0
2000,0.001,0.02,1.0,0.0,phases,78,0.92,0.9,0.94,1.0
2000,0.001,0.02,1.0,0.0,Parkin vs rest,78,0.9,1.0,0.28,0.0
2000,0.001,0.02,1.0,0.0,phases,79,0.26,0.3,0.72,0.5
2000,0.001,0.02,1.0,0.0,Parkin vs rest,79,0.56,0.38,0.0,0.0
2000,0.001,0.02,1.0,0.0,phases,80,0.18,0.22,0.62,0.46
2000,0.001,0.02,1.0,0.0,Parkin vs rest,80,0.32,0.38,0.22,0.62
2000,0.001,0.02,1.0,0.0,phases,81,0.88,0.98,0.8,0.74
2000,0.001,0.02,1.0,0.0,Parkin vs rest,81,0.9,1.0,0.86,1.0
2000,0.001,0.02,1.0,0.0,phases,82,0.24,0.2,0.84,0.84
2000,0.001,0.02,1.0,0.0,Parkin vs rest,82,0.54,0.62,0.46,0.62
2000,0.001,0.02,1.0,0.0,phases,83,0.44,0.76,0.34,0.36
2000,0.001,0.02,1.0,0.0,Parkin vs rest,83,0.52,0.62,0.72,1.0
2000,0.001,0.02,1.0,0.0,phases,84,0.6,0.5,0.44,0.22
2000,0.001,0.02,1.0,0.0,Parkin vs rest,84,0.86,1.0,0.06,0.0
2000,0.001,0.02,1.0,0.0,phases,85,0.48,0.08,0.18,0.0
2000,0.001,0.02,1.0,0.0,Parkin vs rest,85,0.52,0.0,0.0,0.0
2000,0.001,0.02,1.0,0.0,phases,86,0.64,0.62,0.78,0.62
2000,0.001,0.02,1.0,0.0,Parkin vs rest,86,0.26,0.0,0.4,0.0
2000,0.001,0.02,1.0,0.0,phases,87,0.38,0.28,0.4,0.0
2000,0.001,0.02,1.0,0.0,Parkin vs rest,87,0.62,0.62,0.34,0.0
2000,0.001,0.02,1.0,0.0,phases,88,0.36,0.28,0.96,1.0
2000,0.001,0.02,1.0,0.0,Parkin vs rest,88,0.34,0.0,0.24,0.0
2000,0.001,0.02,1.0,0.0,phases,89,0.3,0.64,0.26,0.4
2000,0.001,0.02,1.0,0.0,Parkin vs rest,89,0.12,0.0,0.04,0.0
2000,0.001,0.02,1.0,0.0,phases,90,0.28,0.2,0.48,0.58
2000,0.001,0.02,1.0,0.0,Parkin vs rest,90,0.58,0.62,0.52,0.38
2000,0.001,0.02,1.0,0.0,phases,91,0.3,0.2,0.9,0.84
2000,0.001,0.02,1.0,0.0,Parkin vs rest,91,0.66,0.62,0.8,1.0
2000,0.001,0.02,1.0,0.0,phases,92,0.42,0.4,0.96,1.0
2000,0.001,0.02,1.0,0.0,Parkin vs rest,92,0.46,0.38,0.04,0.0
2000,0.001,0.02,1.0,0.0,phases,93,0.5,0.62,0.74,0.84
2000,0.001,0.02,1.0,0.0,Parkin vs rest,93,0.12,0.0,0.0,0.0
2000,0.001,0.02,1.0,0.0,phases,94,0.46,0.56,0.74,0.72
2000,0.001,0.02,1.0,0.0,Parkin vs rest,94,0.36,0.38,0.6,0.38
2000,0.001,0.02,1.0,0.0,phases,95,0.72,0.6,0.94,0.76
2000,0.001,0.02,1.0,0.0,Parkin vs rest,95,0.72,0.38,0.68,0.38
2000,0.001,0.02,1.0,0.0,phases,96,0.92,1.0,0.7,0.84
2000,0.001,0.02,1.0,0.0,Parkin vs rest,96,0.86,1.0,0.86,1.0
2000,0.001,0.02,1.0,0.0,phases,97,0.54,0.84,0.92,1.0
2000,0.001,0.02,1.0,0.0,Parkin vs rest,97,0.12,0.0,0.0,0.0
2000,0.001,0.02,1.0,0.0,phases,98,0.4,0.5,0.12,0.16
2000,0.001,0.02,1.0,0.0,Parkin vs rest,98,0.36,0.38,0.14,0.0
2000,0.001,0.02,1.0,0.0,phases,99,0.58,0.76,0.88,1.0
2000,0.001,0.02,1.0,0.0,Parkin vs rest,99,0.82,1.0,0.0,0.0
2000,0.001,0.02,0.1,0.0,phases,0,0.78,0.62,0.72,0.58
2000,0.001,0.02,0.1,0.0,Parkin vs rest,0,0.86,1.0,0.86,1.0
2000,0.001,0.02,0.1,0.0,phases,1,0.62,0.68,0.86,0.84
2000,0.001,0.02,0.1,0.0,Parkin vs rest,1,0.62,0.62,0.08,0.0
2000,0.001,0.02,0.1,0.0,phases,2,0.22,0.3,0.44,0.32
2000,0.001,0.02,0.1,0.0,Parkin vs rest,2,0.44,0.38,0.12,0.0
2000,0.001,0.02,0.1,0.0,phases,3,0.96,0.98,0.92,0.98
2000,0.001,0.02,0.1,0.0,Parkin vs rest,3,0.9,1.0,0.9,1.0
2000,0.001,0.02,0.1,0.0,phases,4,0.54,0.76,0.9,0.76
2000,0.001,0.02,0.1,0.0,Parkin vs rest,4,0.08,0.0,0.04,0.0
2000,0.001,0.02,0.1,0.0,phases,5,0.88,0.84,0.94,0.84
2000,0.001,0.02,0.1,0.0,Parkin vs rest,5,0.9,1.0,0.9,1.0
2000,0.001,0.02,0.1,0.0,phases,6,0.56,0.3,0.8,0.46
2000,0.001,0.02,0.1,0.0,Parkin vs rest,6,0.68,0.62,0.66,1.0
2000,0.001,0.02,0.1,0.0,phases,7,0.58,0.92,0.94,1.0
2000,0.001,0.02,0.1,0.0,Parkin vs rest,7,0.5,0.38,0.0,0.0
2000,0.001,0.02,0.1,0.0,phases,8,0.14,0.0,0.84,0.9
2000,0.001,0.02,0.1,0.0,Parkin vs rest,8,0.06,0.0,0.62,1.0
2000,0.001,0.02,0.1,0.0,phases,9,0.06,0.08,0.64,0.64
2000,0.001,0.02,0.1,0.0,Parkin vs rest,9,0.0,0.0,0.06,0.0
2000,0.001,0.02,0.1,0.0,phases,10,0.34,0.62,0.36,0.22
2000,0.001,0.02,0.1,0.0,Parkin vs rest,10,0.36,0.0,0.1,0.0
2000,0.001,0.02,0.1,0.0,phases,11,0.86,0.98,0.32,0.16
2000,0.001,0.02,0.1,0.0,Parkin vs rest,11,0.86,1.0,0.86,1.0
2000,0.001,0.02,0.1,0.0,phases,12,0.94,0.98,0.96,0.98
2000,0.001,0.02,0.1,0.0,Parkin vs rest,12,0.9,1.0,0.9,1.0
2000,0.001,0.02,0.1,0.0,phases,13,0.86,0.84,0.98,1.0
2000,0.001,0.02,0.1,0.0,Parkin vs rest,13,0.66,0.62,0.64,0.38
2000,0.001,0.02,0.1,0.0,phases,14,0.94,1.0,0.98,1.0
2000,0.001,0.02,0.1,0.0,Parkin vs rest,14,0.5,0.62,0.0,0.0
2000,0.001,0.02,0.1,0.0,phases,15,0.44,0.3,0.74,0.64
2000,0.001,0.02,0.1,0.0,Parkin vs rest,15,0.72,0.62,0.9,1.0
2000,0.001,0.02,0.1,0.0,phases,16,0.46,0.72,0.52,0.72
2000,0.001,0.02,0.1,0.0,Parkin vs rest,16,0.66,1.0,0.9,1.0
2000,0.001,0.02,0.1,0.0,phases,17,0.96,1.0,0.96,1.0
2000,0.001,0.02,0.1,0.0,Parkin vs rest,17,0.9,1.0,0.9,1.0
2000,0.001,0.02,0.1,0.0,phases,18,0.98,1.0,0.98,1.0
2000,0.001,0.02,0.1,0.0,Parkin vs rest,18,0.9,1.0,0.9,1.0
2000,0.001,0.02,0.1,0.0,phases,19,0.22,0.28,0.8,0.7
2000,0.001,0.02,0.1,0.0,Parkin vs rest,19,0.56,0.62,0.0,0.0
2000,0.001,0.02,0.1,0.0,phases,20,0.94,0.84,0.9,0.98
2000,0.001,0.02,0.1,0.0,Parkin vs rest,20,0.9,1.0,0.68,1.0
2000,0.001,0.02,0.1,0.0,phases,21,0.4,0.78,0.96,1.0
2000,0.001,0.02,0.1,0.0,Parkin vs rest,21,0.3,0.38,0.74,1.0
2000,0.001,0.02,0.1,0.0,phases,22,0.74,0.6,0.96,0.94
2000,0.001,0.02,0.1,0.0,Parkin vs rest,22,0.66,0.62,0.64,1.0
2000,0.001,0.02,0.1,0.0,phases,23,0.2,0.22,0.54,0.44
2000,0.001,0.02,0.1,0.0,Parkin vs rest,23,0.46,0.38,0.9,1.0
2000,0.001,0.02,0.1,0.0,phases,24,0.7,0.62,0.9,0.84
2000,0.001,0.02,0.1,0.0,Parkin vs rest,24,0.76,0.62,0.76,0.62
2000,0.001,0.02,0.1,0.0,phases,25,0.94,1.0,0.92,0.94
2000,0.001,0.02,0.1,0.0,Parkin vs rest,25,0.86,1.0,0.0,0.0
2000,0.001,0.02,0.1,0.0,phases,26,0.94,1.0,0.98,1.0
2000,0.001,0.02,0.1,0.0,Parkin vs rest,26,0.9,1.0,0.82,1.0
2000,0.001,0.02,0.1,0.0,phases,27,0.12,0.08,0.58,0.16
2000,0.001,0.02,0.1,0.0,Parkin vs rest,27,0.24,0.0,0.6,0.38
2000,0.001,0.02,0.1,0.0,phases,28,0.78,0.78,0.9,1.0
2000,0.001,0.02,0.1,0.0,Parkin vs rest,28,0.08,0.0,0.04,0.0
2000,0.001,0.02,0.1,0.0,phases,29,0.72,1.0,0.86,0.92
2000,0.001,0.02,0.1,0.0,Parkin vs rest,29,0.82,1.0,0.48,0.62
2000,0.001,0.02,0.1,0.0,phases,30,0.82,0.76,0.8,0.84
2000,0.001,0.02,0.1,0.0,Parkin vs rest,30,0.86,1.0,0.9,1.0
2000,0.001,0.02,0.1,0.0,phases,31,0.94,0.82,0.92,0.98
2000,0.001,0.02,0.1,0.0,Parkin vs rest,31,0.86,1.0,0.6,0.38
2000,0.001,0.02,0.1,0.0,phases,32,0.42,0.42,0.88,0.78
2000,0.001,0.02,0.1,0.0,Parkin vs rest,32,0.28,0.0,0.32,1.0
2000,0.001,0.02,0.1,0.0,phases,33,0.32,0.54,0.72,0.64
2000,0.001,0.02,0.1,0.0,Parkin vs rest,33,0.54,0.62,0.82,1.0
2000,0.001,0.02,0.1,0.0,phases,34,0.78,0.7,0.94,0.76
2000,0.001,0.02,0.1,0.0,Parkin vs rest,34,0.56,0.0,0.3,0.0
2000,0.001,0.02,0.1,0.0,phases,35,0.94,0.84,0.94,0.84
2000,0.001,0.02,0.1,0.0,Parkin vs rest,35,0.76,0.62,0.9,1.0
2000,0.001,0.02,0.1,0.0,phases,36,0.48,0.5,0.96,1.0
2000,0.001,0.02,0.1,0.0,Parkin vs rest,36,0.28,0.0,0.52,1.0
2000,0.001,0.02,0.1,0.0,phases,37,0.76,0.84,0.98,1.0
2000,0.001,0.02,0.1,0.0,Parkin vs rest,37,0.5,0.0,0.08,0.0
2000,0.001,0.02,0.1,0.0,phases,38,0.86,0.78,0.92,0.84
2000,0.001,0.02,0.1,0.0,Parkin vs rest,38,0.36,0.62,0.04,0.0
2000,0.001,0.02,0.1,0.0,phases,39,0.62,0.72,0.3,0.32
2000,0.001,0.02,0.1,0.0,Parkin vs rest,39,0.54,0.38,0.54,0.38
2000,0.001,0.02,0.1,0.0,phases,40,0.92,0.9,0.88,0.9
2000,0.001,0.02,0.1,0.0,Parkin vs rest,40,0.86,1.0,0.76,1.0
2000,0.001,0.02,0.1,0.0,phases,41,0.94,1.0,0.72,0.84
2000,0.001,0.02,0.1,0.0,Parkin vs rest,41,0.86,1.0,0.26,0.0
2000,0.001,0.02,0.1,0.0,phases,42,0.3,0.38,0.66,0.22
2000,0.001,0.02,0.1,0.0,Parkin vs rest,42,0.08,0.0,0.48,0.38
2000,0.001,0.02,0.1,0.0,phases,43,0.48,0.36,0.52,0.3
2000,0.001,0.02,0.1,0.0,Parkin vs rest,43,0.62,0.62,0.3,0.0
2000,0.001,0.02,0.1,0.0,phases,44,0.9,0.76,0.94,0.84
2000,0.001,0.02,0.1,0.0,Parkin vs rest,44,0.9,1.0,0.78,1.0
2000,0.001,0.02,0.1,0.0,phases,45,0.52,0.68,0.54,0.92
2000,0.001,0.02,0.1,0.0,Parkin vs rest,45,0.76,1.0,0.48,1.0
2000,0.001,0.02,0.1,0.0,phases,46,0.38,0.54,0.66,0.7
2000,0.001,0.02,0.1,0.0,Parkin vs rest,46,0.78,1.0,0.46,0.62
2000,0.001,0.02,0.1,0.0,phases,47,0.3,0.08,0.78,0.76
2000,0.001,0.02,0.1,0.0,Parkin vs rest,47,0.46,0.0,0.56,0.38
2000,0.001,0.02,0.1,0.0,phases,48,0.38,0.4,0.58,0.48
2000,0.001,0.02,0.1,0.0,Parkin vs rest,48,0.64,0.62,0.7,0.62
2000,0.001,0.02,0.1,0.0,phases,49,0.74,0.58,0.56,0.62
2000,0.001,0.02,0.1,0.0,Parkin vs rest,49,0.86,1.0,0.28,0.0
2000,0.001,0.02,0.1,0.0,phases,50,0.78,0.78,0.66,0.44
2000,0.001,0.02,0.1,0.0,Parkin vs rest,50,0.64,0.62,0.46,0.0
2000,0.001,0.02,0.1,0.0,phases,51,0.44,0.52,0.76,0.82
2000,0.001,0.02,0.1,0.0,Parkin vs rest,51,0.66,0.62,0.52,1.0
2000,0.001,0.02,0.1,0.0,phases,52,0.64,0.28,0.86,0.66
2000,0.001,0.02,0.1,0.0,Parkin vs rest,52,0.9,1.0,0.42,0.38
2000,0.001,0.02,0.1,0.0,phases,53,0.74,0.76,0.78,0.98
2000,0.001,0.02,0.1,0.0,Parkin vs rest,53,0.86,1.0,0.9,1.0
2000,0.001,0.02,0.1,0.0,phases,54,0.84,0.7,0.98,1.0
2000,0.001,0.02,0.1,0.0,Parkin vs rest,54,0.9,1.0,0.9,1.0
2000,0.001,0.02,0.1,0.0,phases,55,0.9,0.92,0.34,0.02
2000,0.001,0.02,0.1,0.0,Parkin vs rest,55,0.56,0.38,0.0,0.0
2000,0.001,0.02,0.1,0.0,phases,56,0.8,0.78,0.92,1.0
2000,0.001,0.02,0.1,0.0,Parkin vs rest,56,0.66,0.62,0.42,0.38
2000,0.001,0.02,0.1,0.0,phases,57,0.56,0.36,0.86,0.76
2000,0.001,0.02,0.1,0.0,Parkin vs rest,57,0.76,0.62,0.3,0.0
2000,0.001,0.02,0.1,0.0,phases,58,0.58,0.62,0.16,0.4
2000,0.001,0.02,0.1,0.0,Parkin vs rest,58,0.86,1.0,0.36,0.0
2000,0.001,0.02,0.1,0.0,phases,59,0.84,1.0,0.88,0.98
2000,0.001,0.02,0.1,0.0,Parkin vs rest,59,0.86,1.0,0.86,1.0
2000,0.001,0.02,0.1,0.0,phases,60,0.76,0.66,0.8,1.0
2000,0.001,0.02,0.1,0.0,Parkin vs rest,60,0.84,1.0,0.72,1.0
2000,0.001,0.02,0.1,0.0,phases,61,0.26,0.22,0.92,0.84
2000,0.001,0.02,0.1,0.0,Parkin vs rest,61,0.58,0.62,0.72,1.0
2000,0.001,0.02,0.1,0.0,phases,62,0.62,0.44,0.9,1.0
2000,0.001,0.02,0.1,0.0,Parkin vs rest,62,0.72,0.62,0.54,0.0
2000,0.001,0.02,0.1,0.0,phases,63,0.34,0.38,0.1,0.16
2000,0.001,0.02,0.1,0.0,Parkin vs rest,63,0.32,0.38,0.32,0.38
2000,0.001,0.02,0.1,0.0,phases,64,0.86,0.92,0.86,1.0
2000,0.001,0.02,0.1,0.0,Parkin vs rest,64,0.86,1.0,0.9,1.0
2000,0.001,0.02,0.1,0.0,phases,65,0.12,0.0,0.24,0.14
2000,0.001,0.02,0.1,0.0,Parkin vs rest,65,0.24,0.0,0.08,0.0
2000,0.001,0.02,0.1,0.0,phases,66,0.74,0.54,0.98,1.0
2000,0.001,0.02,0.1,0.0,Parkin vs rest,66,0.72,0.62,0.56,0.62
2000,0.001,0.02,0.1,0.0,phases,67,0.58,0.84,0.76,0.88
2000,0.001,0.02,0.1,0.0,Parkin vs rest,67,0.44,0.62,0.5,0.38
2000,0.001,0.02,0.1,0.0,phases,68,0.3,0.34,0.5,0.24
2000,0.001,0.02,0.1,0.0,Parkin vs rest,68,0.72,0.62,0.42,0.0
2000,0.001,0.02,0.1,0.0,phases,69,0.98,1.0,0.98,1.0
2000,0.001,0.02,0.1,0.0,Parkin vs rest,69,0.9,1.0,0.9,1.0
2000,0.001,0.02,0.1,0.0,phases,70,0.4,0.56,0.7,0.76
2000,0.001,0.02,0.1,0.0,Parkin vs rest,70,0.14,0.38,0.04,0.0
2000,0.001,0.02,0.1,0.0,phases,71,0.62,0.54,0.76,0.54
2000,0.001,0.02,0.1,0.0,Parkin vs rest,71,0.76,0.62,0.9,1.0
2000,0.001,0.02,0.1,0.0,phases,72,0.54,0.52,0.2,0.24
2000,0.001,0.02,0.1,0.0,Parkin vs rest,72,0.76,0.62,0.72,0.62
2000,0.001,0.02,0.1,0.0,phases,73,0.74,0.92,0.16,0.22
2000,0.001,0.02,0.1,0.0,Parkin vs rest,73,0.74,1.0,0.9,1.0
2000,0.001,0.02,0.1,0.0,phases,74,0.9,0.84,0.98,1.0
2000,0.001,0.02,0.1,0.0,Parkin vs rest,74,0.9,1.0,0.9,1.0
2000,0.001,0.02,0.1,0.0,phases,75,0.18,0.3,0.48,0.54
2000,0.001,0.02,0.1,0.0,Parkin vs rest,75,0.28,0.38,0.28,0.0
2000,0.001,0.02,0.1,0.0,phases,76,0.68,0.76,0.94,0.84
2000,0.001,0.02,0.1,0.0,Parkin vs rest,76,0.32,0.0,0.18,0.62
2000,0.001,0.02,0.1,0.0,phases,77,0.26,0.48,0.94,0.84
2000,0.001,0.02,0.1,0.0,Parkin vs rest,77,0.3,0.62,0.32,0.62
2000,0.001,0.02,0.1,0.0,phases,78,0.62,0.3,0.8,0.58
2000,0.001,0.02,0.1,0.0,Parkin vs rest,78,0.86,1.0,0.9,1.0
2000,0.001,0.02,0.1,0.0,phases,79,0.36,0.4,0.94,0.84
2000,0.001,0.02,0.1,0.0,Parkin vs rest,79,0.62,0.62,0.56,0.62
2000,0.001,0.02,0.1,0.0,phases,80,0.66,0.5,0.88,0.9
2000,0.001,0.02,0.1,0.0,Parkin vs rest,80,0.68,0.38,0.34,0.0
2000,0.001,0.02,0.1,0.0,phases,81,0.88,0.76,0.86,0.76
2000,0.001,0.02,0.1,0.0,Parkin vs rest,81,0.86,1.0,0.02,0.0
2000,0.001,0.02,0.1,0.0,phases,82,0.86,1.0,0.92,0.92
2000,0.001,0.02,0.1,0.0,Parkin vs rest,82,0.86,1.0,0.0,0.0
2000,0.001,0.02,0.1,0.0,phases,83,0.62,0.54,0.42,0.34
2000,0.001,0.02,0.1,0.0,Parkin vs rest,83,0.76,0.62,0.72,0.62
2000,0.001,0.02,0.1,0.0,phases,84,0.76,1.0,0.96,1.0
2000,0.001,0.02,0.1,0.0,Parkin vs rest,84,0.54,0.38,0.7,1.0
2000,0.001,0.02,0.1,0.0,phases,85,0.92,0.94,0.98,1.0
2000,0.001,0.02,0.1,0.0,Parkin vs rest,85,0.9,1.0,0.5,1.0
2000,0.001,0.02,0.1,0.0,phases,86,0.58,0.56,0.66,0.54
2000,0.001,0.02,0.1,0.0,Parkin vs rest,86,0.66,0.62,0.7,0.62
2000,0.001,0.02,0.1,0.0,phases,87,0.6,0.34,0.54,0.34
2000,0.001,0.02,0.1,0.0,Parkin vs rest,87,0.76,0.62,0.7,0.62
2000,0.001,0.02,0.1,0.0,phases,88,0.26,0.2,0.68,0.7
2000,0.001,0.02,0.1,0.0,Parkin vs rest,88,0.54,0.62,0.2,0.0
2000,0.001,0.02,0.1,0.0,phases,89,0.4,0.92,0.92,0.92
2000,0.001,0.02,0.1,0.0,Parkin vs rest,89,0.18,0.38,0.26,0.0
2000,0.001,0.02,0.1,0.0,phases,90,0.58,0.52,0.44,0.52
2000,0.001,0.02,0.1,0.0,Parkin vs rest,90,0.72,0.62,0.72,0.62
2000,0.001,0.02,0.1,0.0,phases,91,0.94,0.98,0.96,0.98
2000,0.001,0.02,0.1,0.0,Parkin vs rest,91,0.9,1.0,0.9,1.0
2000,0.001,0.02,0.1,0.0,phases,92,0.72,0.6,0.96,1.0
2000,0.001,0.02,0.1,0.0,Parkin vs rest,92,0.72,0.62,0.76,0.62
2000,0.001,0.02,0.1,0.0,phases,93,0.82,0.92,0.36,0.46
2000,0.001,0.02,0.1,0.0,Parkin vs rest,93,0.82,1.0,0.86,1.0
2000,0.001,0.02,0.1,0.0,phases,94,0.96,1.0,0.98,1.0
2000,0.001,0.02,0.1,0.0,Parkin vs rest,94,0.86,1.0,0.9,1.0
2000,0.001,0.02,0.1,0.0,phases,95,0.56,0.8,0.94,0.98
2000,0.001,0.02,0.1,0.0,Parkin vs rest,95,0.54,0.38,0.9,1.0
2000,0.001,0.02,0.1,0.0,phases,96,0.72,0.34,0.96,0.98
2000,0.001,0.02,0.1,0.0,Parkin vs rest,96,0.72,0.62,0.52,0.38
2000,0.001,0.02,0.1,0.0,phases,97,0.84,0.78,0.9,0.94
2000,0.001,0.02,0.1,0.0,Parkin vs rest,97,0.12,0.0,0.26,0.38
2000,0.001,0.02,0.1,0.0,phases,98,0.38,0.22,0.78,0.64
2000,0.001,0.02,0.1,0.0,Parkin vs rest,98,0.66,0.62,0.28,0.0
2000,0.001,0.02,0.1,0.0,phases,99,0.98,1.0,0.96,1.0
2000,0.001,0.02,0.1,0.0,Parkin vs rest,99,0.5,0.38,0.02,0.0
2000,0.001,0.02,0.03,0.0,phases,0,0.98,1.0,0.98,1.0
2000,0.001,0.02,0.03,0.0,Parkin vs rest,0,0.9,1.0,0.24,0.38
2000,0.001,0.02,0.03,0.0,phases,1,0.9,0.6,0.98,1.0
2000,0.001,0.02,0.03,0.0,Parkin vs rest,1,0.9,1.0,0.58,0.38
2000,0.001,0.02,0.03,0.0,phases,2,0.84,0.7,0.92,0.84
2000,0.001,0.02,0.03,0.0,Parkin vs rest,2,0.76,0.62,0.42,0.0
2000,0.001,0.02,0.03,0.0,phases,3,0.38,0.32,0.92,1.0
2000,0.001,0.02,0.03,0.0,Parkin vs rest,3,0.46,0.38,0.8,1.0
2000,0.001,0.02,0.03,0.0,phases,4,0.8,0.76,0.94,0.94
2000,0.001,0.02,0.03,0.0,Parkin vs rest,4,0.72,0.62,0.48,0.38
2000,0.001,0.02,0.03,0.0,phases,5,0.84,0.78,0.9,1.0
2000,0.001,0.02,0.03,0.0,Parkin vs rest,5,0.86,1.0,0.9,1.0
2000,0.001,0.02,0.03,0.0,phases,6,0.94,0.98,0.96,0.98
2000,0.001,0.02,0.03,0.0,Parkin vs rest,6,0.9,1.0,0.9,1.0
2000,0.001,0.02,0.03,0.0,phases,7,0.9,0.92,0.96,1.0
2000,0.001,0.02,0.03,0.0,Parkin vs rest,7,0.86,1.0,0.88,1.0
2000,0.001,0.02,0.03,0.0,phases,8,0.94,1.0,0.8,0.56
2000,0.001,0.02,0.03,0.0,Parkin vs rest,8,0.24,0.0,0.04,0.0
2000,0.001,0.02,0.03,0.0,phases,9,0.32,0.22,0.88,0.78
2000,0.001,0.02,0.03,0.0,Parkin vs rest,9,0.66,0.62,0.42,0.62
2000,0.001,0.02,0.03,0.0,phases,10,0.96,1.0,0.98,1.0
2000,0.001,0.02,0.03,0.0,Parkin vs rest,10,0.9,1.0,0.9,1.0
2000,0.001,0.02,0.03,0.0,phases,11,0.74,0.68,0.94,1.0
2000,0.001,0.02,0.03,0.0,Parkin vs rest,11,0.7,0.62,0.7,1.0
2000,0.001,0.02,0.03,0.0,phases,12,0.6,0.3,0.88,0.76
2000,0.001,0.02,0.03,0.0,Parkin vs rest,12,0.62,0.62,0.7,0.62
2000,0.001,0.02,0.03,0.0,phases,13,0.98,1.0,0.94,1.0
2000,0.001,0.02,0.03,0.0,Parkin vs rest,13,0.9,1.0,0.82,1.0
2000,0.001,0.02,0.03,0.0,phases,14,0.94,0.92,0.96,1.0
2000,0.001,0.02,0.03,0.0,Parkin vs rest,14,0.76,0.62,0.74,0.62
2000,0.001,0.02,0.03,0.0,phases,15,0.8,0.78,0.94,1.0
2000,0.001,0.02,0.03,0.0,Parkin vs rest,15,0.86,1.0,0.9,1.0
2000,0.001,0.02,0.03,0.0,phases,16,0.52,0.92,0.98,1.0
2000,0.001,0.02,0.03,0.0,Parkin vs rest,16,0.72,1.0,0.72,1.0
2000,0.001,0.02,0.03,0.0,phases,17,0.86,0.7,0.96,1.0
2000,0.001,0.02,0.03,0.0,Parkin vs rest,17,0.82,1.0,0.54,0.62
2000,0.001,0.02,0.03,0.0,phases,18,0.9,0.92,0.94,1.0
2000,0.001,0.02,0.03,0.0,Parkin vs rest,18,0.6,0.38,0.64,1.0
2000,0.001,0.02,0.03,0.0,phases,19,0.82,0.7,0.9,0.94
2000,0.001,0.02,0.03,0.0,Parkin vs rest,19,0.6,0.62,0.3,0.38
2000,0.001,0.02,0.03,0.0,phases,20,0.98,1.0,0.98,1.0
2000,0.001,0.02,0.03,0.0,Parkin vs rest,20,0.64,0.38,0.9,1.0
2000,0.001,0.02,0.03,0.0,phases,21,0.96,1.0,0.98,1.0
2000,0.001,0.02,0.03,0.0,Parkin vs rest,21,0.9,1.0,0.9,1.0
2000,0.001,0.02,0.03,0.0,phases,22,0.78,0.86,0.94,1.0
2000,0.001,0.02,0.03,0.0,Parkin vs rest,22,0.9,1.0,0.68,1.0
2000,0.001,0.02,0.03,0.0,phases,23,0.68,0.5,0.96,0.8
2000,0.001,0.02,0.03,0.0,Parkin vs rest,23,0.8,1.0,0.62,1.0
2000,0.001,0.02,0.03,0.0,phases,24,0.88,1.0,0.56,0.7
2000,0.001,0.02,0.03,0.0,Parkin vs rest,24,0.54,0.62,0.0,0.0
2000,0.001,0.02,0.03,0.0,phases,25,0.72,0.66,0.86,0.86
2000,0.001,0.02,0.03,0.0,Parkin vs rest,25,0.62,0.38,0.54,0.38
2000,0.001,0.02,0.03,0.0,phases,26,0.06,0.32,0.7,0.7
2000,0.001,0.02,0.03,0.0,Parkin vs rest,26,0.36,0.62,0.84,1.0
2000,0.001,0.02,0.03,0.0,phases,27,0.94,0.98,0.96,0.98
2000,0.001,0.02,0.03,0.0,Parkin vs rest,27,0.9,1.0,0.9,1.0
2000,0.001,0.02,0.03,0.0,phases,28,0.94,0.8,0.68,0.58
2000,0.001,0.02,0.03,0.0,Parkin vs rest,28,0.86,1.0,0.9,1.0
2000,0.001,0.02,0.03,0.0,phases,29,0.72,0.54,0.92,0.94
2000,0.001,0.02,0.03,0.0,Parkin vs rest,29,0.52,0.38,0.64,0.38
2000,0.001,0.02,0.03,0.0,phases,30,0.9,0.82,0.96,1.0
2000,0.001,0.02,0.03,0.0,Parkin vs rest,30,0.9,1.0,0.88,1.0
2000,0.001,0.02,0.03,0.0,phases,31,0.76,0.48,0.94,0.84
2000,0.001,0.02,0.03,0.0,Parkin vs rest,31,0.66,0.62,0.4,0.62
2000,0.001,0.02,0.03,0.0,phases,32,0.52,0.22,0.54,0.62
2000,0.001,0.02,0.03,0.0,Parkin vs rest,32,0.82,1.0,0.7,1.0
2000,0.001,0.02,0.03,0.0,phases,33,0.42,0.34,0.92,0.84
2000,0.001,0.02,0.03,0.0,Parkin vs rest,33,0.64,0.62,0.86,1.0
2000,0.001,0.02,0.03,0.0,phases,34,0.98,1.0,0.98,1.0
2000,0.001,0.02,0.03,0.0,Parkin vs rest,34,0.9,1.0,0.9,1.0
2000,0.001,0.02,0.03,0.0,phases,35,0.66,0.62,0.98,1.0
2000,0.001,0.02,0.03,0.0,Parkin vs rest,35,0.76,0.62,0.9,1.0
2000,0.001,0.02,0.03,0.0,phases,36,0.94,0.92,0.98,1.0
2000,0.001,0.02,0.03,0.0,Parkin vs rest,36,0.7,0.62,0.9,1.0
2000,0.001,0.02,0.03,0.0,phases,37,0.7,0.68,0.94,1.0
2000,0.001,0.02,0.03,0.0,Parkin vs rest,37,0.66,0.62,0.84,1.0
2000,0.001,0.02,0.03,0.0,phases,38,0.96,1.0,0.98,1.0
2000,0.001,0.02,0.03,0.0,Parkin vs rest,38,0.5,0.62,0.04,0.0
2000,0.001,0.02,0.03,0.0,phases,39,0.88,0.92,0.9,0.92
2000,0.001,0.02,0.03,0.0,Parkin vs rest,39,0.86,1.0,0.3,0.0
2000,0.001,0.02,0.03,0.0,phases,40,0.98,1.0,0.98,1.0
2000,0.001,0.02,0.03,0.0,Parkin vs rest,40,0.66,0.62,0.84,1.0
2000,0.001,0.02,0.03,0.0,phases,41,0.8,0.7,0.86,0.84
2000,0.001,0.02,0.03,0.0,Parkin vs rest,41,0.9,1.0,0.9,1.0
2000,0.001,0.02,0.03,0.0,phases,42,0.36,0.8,0.98,1.0
2000,0.001,0.02,0.03,0.0,Parkin vs rest,42,0.3,0.38,0.44,0.38
2000,0.001,0.02,0.03,0.0,phases,43,0.98,1.0,0.98,1.0
2000,0.001,0.02,0.03,0.0,Parkin vs rest,43,0.9,1.0,0.86,1.0
2000,0.001,0.02,0.03,0.0,phases,44,0.6,0.54,0.6,0.42
2000,0.001,0.02,0.03,0.0,Parkin vs rest,44,0.82,1.0,0.9,1.0
2000,0.001,0.02,0.03,0.0,phases,45,0.4,0.22,0.36,0.22
2000,0.001,0.02,0.03,0.0,Parkin vs rest,45,0.7,0.62,0.3,0.0
2000,0.001,0.02,0.03,0.0,phases,46,0.26,0.22,0.24,0.02
2000,0.001,0.02,0.03,0.0,Parkin vs rest,46,0.6,0.62,0.84,1.0
2000,0.001,0.02,0.03,0.0,phases,47,0.8,0.42,0.88,0.82
2000,0.001,0.02,0.03,0.0,Parkin vs rest,47,0.86,1.0,0.66,1.0
2000,0.001,0.02,0.03,0.0,phases,48,0.62,0.36,0.9,0.76
2000,0.001,0.02,0.03,0.0,Parkin vs rest,48,0.62,0.62,0.24,0.0
2000,0.001,0.02,0.03,0.0,phases,49,0.98,1.0,0.9,0.84
2000,0.001,0.02,0.03,0.0,Parkin vs rest,49,0.9,1.0,0.52,1.0
2000,0.001,0.02,0.03,0.0,phases,50,0.54,0.32,0.92,0.78
2000,0.001,0.02,0.03,0.0,Parkin vs rest,50,0.68,0.38,0.04,0.0
2000,0.001,0.02,0.03,0.0,phases,51,0.86,0.84,0.9,0.98
2000,0.001,0.02,0.03,0.0,Parkin vs rest,51,0.9,1.0,0.52,0.0
2000,0.001,0.02,0.03,0.0,phases,52,0.88,1.0,0.98,1.0
2000,0.001,0.02,0.03,0.0,Parkin vs rest,52,0.6,0.38,0.9,1.0
2000,0.001,0.02,0.03,0.0,phases,53,0.78,0.7,0.82,0.7
2000,0.001,0.02,0.03,0.0,Parkin vs rest,53,0.38,0.0,0.14,0.0
2000,0.001,0.02,0.03,0.0,phases,54,0.98,1.0,0.98,1.0
2000,0.001,0.02,0.03,0.0,Parkin vs rest,54,0.9,1.0,0.9,1.0
2000,0.001,0.02,0.03,0.0,phases,55,0.98,1.0,0.98,1.0
2000,0.001,0.02,0.03,0.0,Parkin vs rest,55,0.32,0.0,0.0,0.0
2000,0.001,0.02,0.03,0.0,phases,56,0.32,0.0,0.48,0.08
2000,0.001,0.02,0.03,0.0,Parkin vs rest,56,0.7,0.62,0.4,0.0
2000,0.001,0.02,0.03,0.0,phases,57,0.86,0.78,0.88,0.78
2000,0.001,0.02,0.03,0.0,Parkin vs rest,57,0.72,0.62,0.9,1.0
2000,0.001,0.02,0.03,0.0,phases,58,0.94,0.98,0.94,0.98
2000,0.001,0.02,0.03,0.0,Parkin vs rest,58,0.9,1.0,0.9,1.0
2000,0.001,0.02,0.03,0.0,phases,59,0.46,0.3,0.76,0.58
2000,0.001,0.02,0.03,0.0,Parkin vs rest,59,0.54,0.38,0.9,1.0
2000,0.001,0.02,0.03,0.0,phases,60,0.04,0.0,0.94,0.84
2000,0.001,0.02,0.03,0.0,Parkin vs rest,60,0.14,0.0,0.22,0.0
2000,0.001,0.02,0.03,0.0,phases,61,0.5,0.52,0.84,0.86
2000,0.001,0.02,0.03,0.0,Parkin vs rest,61,0.66,0.62,0.54,0.38
2000,0.001,0.02,0.03,0.0,phases,62,0.92,0.84,0.88,0.84
2000,0.001,0.02,0.03,0.0,Parkin vs rest,62,0.72,0.62,0.0,0.0
2000,0.001,0.02,0.03,0.0,phases,63,0.78,0.8,0.94,0.84
2000,0.001,0.02,0.03,0.0,Parkin vs rest,63,0.5,0.38,0.44,0.38
2000,0.001,0.02,0.03,0.0,phases,64,0.5,0.28,0.9,0.84
2000,0.001,0.02,0.03,0.0,Parkin vs rest,64,0.72,0.62,0.9,1.0
2000,0.001,0.02,0.03,0.0,phases,65,0.32,0.42,0.94,0.84
2000,0.001,0.02,0.03,0.0,Parkin vs rest,65,0.18,0.0,0.14,0.0
2000,0.001,0.02,0.03,0.0,phases,66,0.9,0.92,0.88,1.0
2000,0.001,0.02,0.03,0.0,Parkin vs rest,66,0.86,1.0,0.9,1.0
2000,0.001,0.02,0.03,0.0,phases,67,0.88,0.84,0.88,0.84
2000,0.001,0.02,0.03,0.0,Parkin vs rest,67,0.9,1.0,0.9,1.0
2000,0.001,0.02,0.03,0.0,phases,68,0.88,1.0,0.98,1.0
2000,0.001,0.02,0.03,0.0,Parkin vs rest,68,0.66,0.38,0.64,0.38
2000,0.001,0.02,0.03,0.0,phases,69,0.82,1.0,0.74,0.84
2000,0.001,0.02,0.03,0.0,Parkin vs rest,69,0.86,1.0,0.86,1.0
2000,0.001,0.02,0.03,0.0,phases,70,0.36,0.26,0.92,0.76
2000,0.001,0.02,0.03,0.0,Parkin vs rest,70,0.62,0.62,0.0,0.0
2000,0.001,0.02,0.03,0.0,phases,71,0.8,0.84,0.98,1.0
2000,0.001,0.02,0.03,0.0,Parkin vs rest,71,0.8,1.0,0.7,0.62
2000,0.001,0.02,0.03,0.0,phases,72,0.82,0.84,0.9,0.84
2000,0.001,0.02,0.03,0.0,Parkin vs rest,72,0.72,0.62,0.76,0.62
2000,0.001,0.02,0.03,0.0,phases,73,0.98,1.0,0.98,1.0
2000,0.001,0.02,0.03,0.0,Parkin vs rest,73,0.86,1.0,0.9,1.0
2000,0.001,0.02,0.03,0.0,phases,74,0.98,1.0,0.98,1.0
2000,0.001,0.02,0.03,0.0,Parkin vs rest,74,0.88,1.0,0.62,1.0
2000,0.001,0.02,0.03,0.0,phases,75,0.54,0.34,0.98,1.0
2000,0.001,0.02,0.03,0.0,Parkin vs rest,75,0.9,1.0,0.0,0.0
2000,0.001,0.02,0.03,0.0,phases,76,0.38,0.3,0.74,0.66
2000,0.001,0.02,0.03,0.0,Parkin vs rest,76,0.64,0.38,0.86,1.0
2000,0.001,0.02,0.03,0.0,phases,77,0.12,0.08,0.6,0.6
2000,0.001,0.02,0.03,0.0,Parkin vs rest,77,0.38,0.62,0.9,1.0
2000,0.001,0.02,0.03,0.0,phases,78,0.58,0.7,0.9,0.78
2000,0.001,0.02,0.03,0.0,Parkin vs rest,78,0.24,0.0,0.04,0.0
2000,0.001,0.02,0.03,0.0,phases,79,0.74,0.7,0.94,0.92
2000,0.001,0.02,0.03,0.0,Parkin vs rest,79,0.4,0.38,0.0,0.0
2000,0.001,0.02,0.03,0.0,phases,80,0.4,0.68,0.82,0.82
2000,0.001,0.02,0.03,0.0,Parkin vs rest,80,0.56,0.62,0.24,0.0
2000,0.001,0.02,0.03,0.0,phases,81,0.9,1.0,0.92,1.0
2000,0.001,0.02,0.03,0.0,Parkin vs rest,81,0.58,0.62,0.0,0.0
2000,0.001,0.02,0.03,0.0,phases,82,0.98,1.0,0.98,1.0
2000,0.001,0.02,0.03,0.0,Parkin vs rest,82,0.9,1.0,0.26,0.38
2000,0.001,0.02,0.03,0.0,phases,83,0.34,0.02,0.22,0.0
2000,0.001,0.02,0.03,0.0,Parkin vs rest,83,0.7,0.62,0.64,0.62
2000,0.001,0.02,0.03,0.0,phases,84,0.88,0.78,0.92,1.0
2000,0.001,0.02,0.03,0.0,Parkin vs rest,84,0.5,0.38,0.0,0.0
2000,0.001,0.02,0.03,0.0,phases,85,0.92,0.78,0.98,1.0
2000,0.001,0.02,0.03,0.0,Parkin vs rest,85,0.72,0.62,0.22,0.38
2000,0.001,0.02,0.03,0.0,phases,86,0.9,0.84,0.8,0.68
2000,0.001,0.02,0.03,0.0,Parkin vs rest,86,0.9,1.0,0.9,1.0
2000,0.001,0.02,0.03,0.0,phases,87,0.96,1.0,0.98,1.0
2000,0.001,0.02,0.03,0.0,Parkin vs rest,87,0.86,1.0,0.86,1.0
2000,0.001,0.02,0.03,0.0,phases,88,0.98,1.0,0.98,1.0
2000,0.001,0.02,0.03,0.0,Parkin vs rest,88,0.86,1.0,0.86,1.0
2000,0.001,0.02,0.03,0.0,phases,89,0.56,0.48,0.14,0.22
2000,0.001,0.02,0.03,0.0,Parkin vs rest,89,0.86,1.0,0.9,1.0
2000,0.001,0.02,0.03,0.0,phases,90,0.78,0.98,0.76,0.98
2000,0.001,0.02,0.03,0.0,Parkin vs rest,90,0.9,1.0,0.9,1.0
2000,0.001,0.02,0.03,0.0,phases,91,0.76,0.7,0.9,0.76
2000,0.001,0.02,0.03,0.0,Parkin vs rest,91,0.64,0.62,0.38,0.38
2000,0.001,0.02,0.03,0.0,phases,92,0.84,0.92,0.96,1.0
2000,0.001,0.02,0.03,0.0,Parkin vs rest,92,0.52,0.38,0.9,1.0
2000,0.001,0.02,0.03,0.0,phases,93,0.84,0.68,0.78,0.76
2000,0.001,0.02,0.03,0.0,Parkin vs rest,93,0.7,0.62,0.62,0.62
2000,0.001,0.02,0.03,0.0,phases,94,0.98,1.0,0.98,1.0
2000,0.001,0.02,0.03,0.0,Parkin vs rest,94,0.9,1.0,0.9,1.0
2000,0.001,0.02,0.03,0.0,phases,95,0.98,1.0,0.96,1.0
2000,0.001,0.02,0.03,0.0,Parkin vs rest,95,0.9,1.0,0.6,0.38
2000,0.001,0.02,0.03,0.0,phases,96,0.92,0.84,0.92,0.84
2000,0.001,0.02,0.03,0.0,Parkin vs rest,96,0.58,0.62,0.24,0.0
2000,0.001,0.02,0.03,0.0,phases,97,0.4,0.72,0.88,0.84
2000,0.001,0.02,0.03,0.0,Parkin vs rest,97,0.28,0.38,0.18,0.38
2000,0.001,0.02,0.03,0.0,phases,98,0.94,0.84,0.92,0.84
2000,0.001,0.02,0.03,0.0,Parkin vs rest,98,0.9,1.0,0.9,1.0
2000,0.001,0.02,0.03,0.0,phases,99,0.2,0.02,0.7,0.62
2000,0.001,0.02,0.03,0.0,Parkin vs rest,99,0.4,0.62,0.62,0.38
2000,0.001,0.02,1.0,0.2,phases,0,0.06,0.0,0.34,0.16
2000,0.001,0.02,1.0,0.2,Parkin vs rest,0,0.42,0.62,0.12,0.0
2000,0.001,0.02,1.0,0.2,phases,1,0.92,1.0,0.46,0.38
2000,0.001,0.02,1.0,0.2,Parkin vs rest,1,0.9,1.0,0.9,1.0
2000,0.001,0.02,1.0,0.2,phases,2,0.28,0.16,0.66,0.66
2000,0.001,0.02,1.0,0.2,Parkin vs rest,2,0.6,0.38,0.38,0.0
2000,0.001,0.02,1.0,0.2,phases,3,0.3,0.46,0.0,0.0
2000,0.001,0.02,1.0,0.2,Parkin vs rest,3,0.62,0.62,0.18,0.0
2000,0.001,0.02,1.0,0.2,phases,4,0.76,0.7,0.82,0.42
2000,0.001,0.02,1.0,0.2,Parkin vs rest,4,0.86,1.0,0.86,1.0
2000,0.001,0.02,1.0,0.2,phases,5,0.8,0.7,0.76,0.7
2000,0.001,0.02,1.0,0.2,Parkin vs rest,5,0.86,1.0,0.9,1.0
2000,0.001,0.02,1.0,0.2,phases,6,0.2,0.0,0.32,0.32
2000,0.001,0.02,1.0,0.2,Parkin vs rest,6,0.64,0.62,0.58,0.38
2000,0.001,0.02,1.0,0.2,phases,7,0.56,0.3,0.42,0.18
2000,0.001,0.02,1.0,0.2,Parkin vs rest,7,0.72,0.62,0.72,0.62
2000,0.001,0.02,1.0,0.2,phases,8,0.9,0.74,0.8,0.6
2000,0.001,0.02,1.0,0.2,Parkin vs rest,8,0.86,1.0,0.76,1.0
2000,0.001,0.02,1.0,0.2,phases,9,0.06,0.0,0.22,0.0
2000,0.001,0.02,1.0,0.2,Parkin vs rest,9,0.46,0.62,0.78,1.0
2000,0.001,0.02,1.0,0.2,phases,10,0.38,0.3,0.5,0.22
2000,0.001,0.02,1.0,0.2,Parkin vs rest,10,0.58,0.38,0.56,0.0
2000,0.001,0.02,1.0,0.2,phases,11,0.94,0.84,0.88,0.84
2000,0.001,0.02,1.0,0.2,Parkin vs rest,11,0.86,1.0,0.0,0.0
2000,0.001,0.02,1.0,0.2,phases,12,0.6,0.92,0.58,0.9
2000,0.001,0.02,1.0,0.2,Parkin vs rest,12,0.86,1.0,0.9,1.0
2000,0.001,0.02,1.0,0.2,phases,13,0.04,0.0,0.64,0.7
2000,0.001,0.02,1.0,0.2,Parkin vs rest,13,0.1,0.0,0.18,0.0
2000,0.001,0.02,1.0,0.2,phases,14,0.32,0.2,0.74,0.6
2000,0.001,0.02,1.0,0.2,Parkin vs rest,14,0.64,0.62,0.26,0.0
2000,0.001,0.02,1.0,0.2,phases,15,0.92,0.84,0.92,1.0
2000,0.001,0.02,1.0,0.2,Parkin vs rest,15,0.86,1.0,0.08,0.0
2000,0.001,0.02,1.0,0.2,phases,16,0.44,0.48,0.26,0.0
2000,0.001,0.02,1.0,0.2,Parkin vs rest,16,0.66,0.62,0.66,0.62
2000,0.001,0.02,1.0,0.2,phases,17,0.96,1.0,0.56,0.74
2000,0.001,0.02,1.0,0.2,Parkin vs rest,17,0.86,1.0,0.6,1.0
2000,0.001,0.02,1.0,0.2,phases,18,0.26,0.54,0.3,0.26
2000,0.001,0.02,1.0,0.2,Parkin vs rest,18,0.54,0.62,0.66,1.0
2000,0.001,0.02,1.0,0.2,phases,19,0.5,0.34,0.82,0.98
2000,0.001,0.02,1.0,0.2,Parkin vs rest,19,0.72,0.62,0.04,0.0
2000,0.001,0.02,1.0,0.2,phases,20,0.54,0.52,0.24,0.44
2000,0.001,0.02,1.0,0.2,Parkin vs rest,20,0.68,0.62,0.72,0.62
2000,0.001,0.02,1.0,0.2,phases,21,0.32,0.42,0.8,0.74
2000,0.001,0.02,1.0,0.2,Parkin vs rest,21,0.1,0.0,0.52,1.0
2000,0.001,0.02,1.0,0.2,phases,22,0.84,0.76,0.58,0.58
2000,0.001,0.02,1.0,0.2,Parkin vs rest,22,0.86,1.0,0.9,1.0
2000,0.001,0.02,1.0,0.2,phases,23,0.5,0.4,0.58,0.48
2000,0.001,0.02,1.0,0.2,Parkin vs rest,23,0.66,0.62,0.26,0.0
2000,0.001,0.02,1.0,0.2,phases,24,0.68,0.38,0.7,0.6
2000,0.001,0.02,1.0,0.2,Parkin vs rest,24,0.66,0.62,0.44,1.0
2000,0.001,0.02,1.0,0.2,phases,25,0.42,0.36,0.5,0.6
2000,0.001,0.02,1.0,0.2,Parkin vs rest,25,0.76,1.0,0.26,0.38
2000,0.001,0.02,1.0,0.2,phases,26,0.34,0.56,0.42,0.56
2000,0.001,0.02,1.0,0.2,Parkin vs rest,26,0.52,0.62,0.0,0.0
2000,0.001,0.02,1.0,0.2,phases,27,0.6,0.4,0.86,0.78
2000,0.001,0.02,1.0,0.2,Parkin vs rest,27,0.6,0.38,0.14,0.0
2000,0.001,0.02,1.0,0.2,phases,28,0.36,0.28,0.68,0.76
2000,0.001,0.02,1.0,0.2,Parkin vs rest,28,0.58,0.62,0.2,0.0
2000,0.001,0.02,1.0,0.2,phases,29,0.8,1.0,0.72,0.6
2000,0.001,0.02,1.0,0.2,Parkin vs rest,29,0.86,1.0,0.46,0.38
2000,0.001,0.02,1.0,0.2,phases,30,0.74,0.84,0.38,0.42
2000,0.001,0.02,1.0,0.2,Parkin vs rest,30,0.66,0.62,0.16,0.0
2000,0.001,0.02,1.0,0.2,phases,31,0.9,0.92,0.88,0.82
2000,0.001,0.02,1.0,0.2,Parkin vs rest,31,0.74,1.0,0.24,0.0
2000,0.001,0.02,1.0,0.2,phases,32,0.26,0.08,0.46,0.36
2000,0.001,0.02,1.0,0.2,Parkin vs rest,32,0.44,0.0,0.36,1.0
2000,0.001,0.02,1.0,0.2,phases,33,0.78,0.58,0.86,0.66
2000,0.001,0.02,1.0,0.2,Parkin vs rest,33,0.76,1.0,0.42,0.38
2000,0.001,0.02,1.0,0.2,phases,34,0.52,0.52,0.66,0.68
2000,0.001,0.02,1.0,0.2,Parkin vs rest,34,0.7,0.62,0.36,0.0
2000,0.001,0.02,1.0,0.2,phases,35,0.42,0.16,0.64,0.78
2000,0.001,0.02,1.0,0.2,Parkin vs rest,35,0.72,0.62,0.74,1.0
2000,0.001,0.02,1.0,0.2,phases,36,0.96,1.0,0.88,0.84
2000,0.001,0.02,1.0,0.2,Parkin vs rest,36,0.72,0.38,0.04,0.0
2000,0.001,0.02,1.0,0.2,phases,37,0.88,0.84,0.9,0.98
2000,0.001,0.02,1.0,0.2,Parkin vs rest,37,0.9,1.0,0.9,1.0
2000,0.001,0.02,1.0,0.2,phases,38,0.3,0.22,0.6,0.7
2000,0.001,0.02,1.0,0.2,Parkin vs rest,38,0.58,0.62,0.62,0.62
2000,0.001,0.02,1.0,0.2,phases,39,0.44,0.18,0.76,0.76
2000,0.001,0.02,1.0,0.2,Parkin vs rest,39,0.62,0.38,0.04,0.0
2000,0.001,0.02,1.0,0.2,phases,40,0.62,0.7,0.32,0.32
2000,0.001,0.02,1.0,0.2,Parkin vs rest,40,0.86,1.0,0.74,1.0
2000,0.001,0.02,1.0,0.2,phases,41,0.56,0.54,0.34,0.32
2000,0.001,0.02,1.0,0.2,Parkin vs rest,41,0.68,0.62,0.82,1.0
2000,0.001,0.02,1.0,0.2,phases,42,0.44,0.28,0.84,0.68
2000,0.001,0.02,1.0,0.2,Parkin vs rest,42,0.68,0.62,0.0,0.0
2000,0.001,0.02,1.0,0.2,phases,43,0.58,0.38,0.56,0.42
2000,0.001,0.02,1.0,0.2,Parkin vs rest,43,0.9,1.0,0.9,1.0
2000,0.001,0.02,1.0,0.2,phases,44,0.58,0.3,0.74,0.78
2000,0.001,0.02,1.0,0.2,Parkin vs rest,44,0.68,0.62,0.46,0.62
2000,0.001,0.02,1.0,0.2,phases,45,0.68,0.34,0.74,0.6
2000,0.001,0.02,1.0,0.2,Parkin vs rest,45,0.48,0.62,0.0,0.0
2000,0.001,0.02,1.0,0.2,phases,46,0.3,0.0,0.36,0.0
2000,0.001,0.02,1.0,0.2,Parkin vs rest,46,0.7,0.62,0.3,0.0
2000,0.001,0.02,1.0,0.2,phases,47,0.96,1.0,0.98,1.0
2000,0.001,0.02,1.0,0.2,Parkin vs rest,47,0.9,1.0,0.46,1.0
2000,0.001,0.02,1.0,0.2,phases,48,0.16,0.02,0.3,0.22
2000,0.001,0.02,1.0,0.2,Parkin vs rest,48,0.32,0.0,0.0,0.0
2000,0.001,0.02,1.0,0.2,phases,49,0.94,1.0,0.54,0.72
2000,0.001,0.02,1.0,0.2,Parkin vs rest,49,0.9,1.0,0.78,1.0
2000,0.001,0.02,1.0,0.2,phases,50,0.74,0.62,0.6,0.58
2000,0.001,0.02,1.0,0.2,Parkin vs rest,50,0.86,1.0,0.86,1.0
2000,0.001,0.02,1.0,0.2,phases,51,0.66,0.72,0.46,0.58
2000,0.001,0.02,1.0,0.2,Parkin vs rest,51,0.86,1.0,0.54,1.0
2000,0.001,0.02,1.0,0.2,phases,52,0.84,0.78,0.9,0.94
2000,0.001,0.02,1.0,0.2,Parkin vs rest,52,0.7,0.38,0.04,0.0
2000,0.001,0.02,1.0,0.2,phases,53,0.76,0.44,0.8,0.54
2000,0.001,0.02,1.0,0.2,Parkin vs rest,53,0.86,1.0,0.9,1.0
2000,0.001,0.02,1.0,0.2,phases,54,0.88,0.78,0.68,0.66
2000,0.001,0.02,1.0,0.2,Parkin vs rest,54,0.9,1.0,0.06,0.0
2000,0.001,0.02,1.0,0.2,phases,55,0.26,0.0,0.54,0.64
2000,0.001,0.02,1.0,0.2,Parkin vs rest,55,0.64,0.62,0.36,0.0
2000,0.001,0.02,1.0,0.2,phases,56,0.2,0.0,0.32,0.2
2000,0.001,0.02,1.0,0.2,Parkin vs rest,56,0.72,0.62,0.52,0.62
2000,0.001,0.02,1.0,0.2,phases,57,0.36,0.2,0.28,0.24
2000,0.001,0.02,1.0,0.2,Parkin vs rest,57,0.62,0.62,0.68,0.62
2000,0.001,0.02,1.0,0.2,phases,58,0.76,0.68,0.82,0.66
2000,0.001,0.02,1.0,0.2,Parkin vs rest,58,0.9,1.0,0.9,1.0
2000,0.001,0.02,1.0,0.2,phases,59,0.24,0.02,0.52,0.7
2000,0.001,0.02,1.0,0.2,Parkin vs rest,59,0.64,0.62,0.44,1.0
2000,0.001,0.02,1.0,0.2,phases,60,0.92,0.84,0.84,0.68
2000,0.001,0.02,1.0,0.2,Parkin vs rest,60,0.86,1.0,0.9,1.0
2000,0.001,0.02,1.0,0.2,phases,61,0.92,0.94,0.96,0.94
2000,0.001,0.02,1.0,0.2,Parkin vs rest,61,0.7,0.38,0.42,0.38
2000,0.001,0.02,1.0,0.2,phases,62,0.96,1.0,0.6,0.24
2000,0.001,0.02,1.0,0.2,Parkin vs rest,62,0.86,1.0,0.42,0.0
2000,0.001,0.02,1.0,0.2,phases,63,0.58,0.68,0.92,0.98
2000,0.001,0.02,1.0,0.2,Parkin vs rest,63,0.86,1.0,0.86,1.0
2000,0.001,0.02,1.0,0.2,phases,64,0.64,0.58,0.96,0.94
2000,0.001,0.02,1.0,0.2,Parkin vs rest,64,0.58,0.38,0.18,0.38
2000,0.001,0.02,1.0,0.2,phases,65,0.4,0.3,0.04,0.16
2000,0.001,0.02,1.0,0.2,Parkin vs rest,65,0.64,0.62,0.34,0.38
2000,0.001,0.02,1.0,0.2,phases,66,0.4,0.22,0.06,0.24
2000,0.001,0.02,1.0,0.2,Parkin vs rest,66,0.66,0.62,0.36,0.38
2000,0.001,0.02,1.0,0.2,phases,67,0.42,0.48,0.88,0.84
2000,0.001,0.02,1.0,0.2,Parkin vs rest,67,0.66,0.62,0.36,0.62
2000,0.001,0.02,1.0,0.2,phases,68,0.48,0.34,0.28,0.06
2000,0.001,0.02,1.0,0.2,Parkin vs rest,68,0.68,0.62,0.72,0.62
2000,0.001,0.02,1.0,0.2,phases,69,0.42,0.28,0.54,0.34
2000,0.001,0.02,1.0,0.2,Parkin vs rest,69,0.68,0.62,0.64,0.62
2000,0.001,0.02,1.0,0.2,phases,70,0.48,0.4,0.82,0.68
2000,0.001,0.02,1.0,0.2,Parkin vs rest,70,0.7,0.62,0.64,0.62
2000,0.001,0.02,1.0,0.2,phases,71,0.26,0.08,0.4,0.22
2000,0.001,0.02,1.0,0.2,Parkin vs rest,71,0.4,0.0,0.28,0.0
2000,0.001,0.02,1.0,0.2,phases,72,0.5,0.08,0.48,0.22
2000,0.001,0.02,1.0,0.2,Parkin vs rest,72,0.68,0.38,0.54,0.0
2000,0.001,0.02,1.0,0.2,phases,73,0.98,1.0,0.94,1.0
2000,0.001,0.02,1.0,0.2,Parkin vs rest,73,0.86,1.0,0.0,0.0
2000,0.001,0.02,1.0,0.2,phases,74,0.66,0.48,0.76,0.7
2000,0.001,0.02,1.0,0.2,Parkin vs rest,74,0.76,0.62,0.76,0.62
2000,0.001,0.02,1.0,0.2,phases,75,0.88,0.84,0.98,1.0
2000,0.001,0.02,1.0,0.2,Parkin vs rest,75,0.86,1.0,0.86,1.0
2000,0.001,0.02,1.0,0.2,phases,76,0.92,0.78,0.86,0.78
2000,0.001,0.02,1.0,0.2,Parkin vs rest,76,0.9,1.0,0.04,0.0
2000,0.001,0.02,1.0,0.2,phases,77,0.46,0.2,0.8,0.66
2000,0.001,0.02,1.0,0.2,Parkin vs rest,77,0.7,0.62,0.24,0.0
2000,0.001,0.02,1.0,0.2,phases,78,0.22,0.14,0.76,0.92
2000,0.001,0.02,1.0,0.2,Parkin vs rest,78,0.48,0.62,0.22,0.0
2000,0.001,0.02,1.0,0.2,phases,79,0.58,0.3,0.74,0.42
2000,0.001,0.02,1.0,0.2,Parkin vs rest,79,0.76,0.62,0.9,1.0
2000,0.001,0.02,1.0,0.2,phases,80,0.6,0.52,0.32,0.06
2000,0.001,0.02,1.0,0.2,Parkin vs rest,80,0.72,0.62,0.68,0.62
2000,0.001,0.02,1.0,0.2,phases,81,0.26,0.42,0.46,0.38
2000,0.001,0.02,1.0,0.2,Parkin vs rest,81,0.58,0.62,0.58,0.0
2000,0.001,0.02,1.0,0.2,phases,82,0.48,0.46,0.42,0.4
2000,0.001,0.02,1.0,0.2,Parkin vs rest,82,0.72,0.62,0.56,0.62
2000,0.001,0.02,1.0,0.2,phases,83,0.86,0.68,0.28,0.06
2000,0.001,0.02,1.0,0.2,Parkin vs rest,83,0.86,1.0,0.76,0.62
2000,0.001,0.02,1.0,0.2,phases,84,0.74,0.46,0.64,0.44
2000,0.001,0.02,1.0,0.2,Parkin vs rest,84,0.76,0.62,0.9,1.0
2000,0.001,0.02,1.0,0.2,phases,85,0.62,0.76,0.86,0.8
2000,0.001,0.02,1.0,0.2,Parkin vs rest,85,0.68,0.62,0.9,1.0
2000,0.001,0.02,1.0,0.2,phases,86,0.54,0.48,0.44,0.36
2000,0.001,0.02,1.0,0.2,Parkin vs rest,86,0.66,0.62,0.66,0.62
2000,0.001,0.02,1.0,0.2,phases,87,0.08,0.34,0.06,0.06
2000,0.001,0.02,1.0,0.2,Parkin vs rest,87,0.1,0.0,0.72,1.0
2000,0.001,0.02,1.0,0.2,phases,88,0.84,0.68,0.68,0.58
2000,0.001,0.02,1.0,0.2,Parkin vs rest,88,0.86,1.0,0.86,1.0
2000,0.001,0.02,1.0,0.2,phases,89,0.72,0.8,0.78,0.76
2000,0.001,0.02,1.0,0.2,Parkin vs rest,89,0.64,0.38,0.9,1.0
2000,0.001,0.02,1.0,0.2,phases,90,0.44,0.2,0.88,0.66
2000,0.001,0.02,1.0,0.2,Parkin vs rest,90,0.46,0.0,0.8,1.0
2000,0.001,0.02,1.0,0.2,phases,91,0.24,0.14,0.5,0.54
2000,0.001,0.02,1.0,0.2,Parkin vs rest,91,0.5,0.38,0.42,1.0
2000,0.001,0.02,1.0,0.2,phases,92,0.62,0.92,0.74,0.84
2000,0.001,0.02,1.0,0.2,Parkin vs rest,92,0.68,1.0,0.78,1.0
2000,0.001,0.02,1.0,0.2,phases,93,0.52,0.28,0.44,0.22
2000,0.001,0.02,1.0,0.2,Parkin vs rest,93,0.72,0.62,0.86,1.0
2000,0.001,0.02,1.0,0.2,phases,94,0.64,0.64,0.92,0.84
2000,0.001,0.02,1.0,0.2,Parkin vs rest,94,0.72,0.62,0.84,1.0
2000,0.001,0.02,1.0,0.2,phases,95,0.56,0.34,0.52,0.34
2000,0.001,0.02,1.0,0.2,Parkin vs rest,95,0.68,0.62,0.9,1.0
2000,0.001,0.02,1.0,0.2,phases,96,0.48,0.28,0.24,0.06
2000,0.001,0.02,1.0,0.2,Parkin vs rest,96,0.72,0.62,0.72,0.62
2000,0.001,0.02,1.0,0.2,phases,97,0.46,0.28,0.66,0.52
2000,0.001,0.02,1.0,0.2,Parkin vs rest,97,0.68,0.62,0.9,1.0
2000,0.001,0.02,1.0,0.2,phases,98,0.96,1.0,0.88,0.98
2000,0.001,0.02,1.0,0.2,Parkin vs rest,98,0.86,1.0,0.42,0.38
2000,0.001,0.02,1.0,0.2,phases,99,0.34,0.28,0.76,0.42
2000,0.001,0.02,1.0,0.2,Parkin vs rest,99,0.58,0.62,0.86,1.0
2000,0.001,0.02,0.03,0.2,phases,0,0.98,1.0,0.98,1.0
2000,0.001,0.02,0.03,0.2,Parkin vs rest,0,0.9,1.0,0.88,1.0
2000,0.001,0.02,0.03,0.2,phases,1,0.74,1.0,0.94,0.98
2000,0.001,0.02,0.03,0.2,Parkin vs rest,1,0.9,1.0,0.9,1.0
2000,0.001,0.02,0.03,0.2,phases,2,0.98,1.0,0.98,1.0
2000,0.001,0.02,0.03,0.2,Parkin vs rest,2,0.84,1.0,0.84,1.0
2000,0.001,0.02,0.03,0.2,phases,3,0.96,1.0,0.96,1.0
2000,0.001,0.02,0.03,0.2,Parkin vs rest,3,0.9,1.0,0.9,1.0
2000,0.001,0.02,0.03,0.2,phases,4,0.98,1.0,0.98,1.0
2000,0.001,0.02,0.03,0.2,Parkin vs rest,4,0.9,1.0,0.88,1.0
2000,0.001,0.02,0.03,0.2,phases,5,0.92,0.84,0.98,1.0
2000,0.001,0.02,0.03,0.2,Parkin vs rest,5,0.6,0.62,0.04,0.0
2000,0.001,0.02,0.03,0.2,phases,6,0.8,0.62,0.98,1.0
2000,0.001,0.02,0.03,0.2,Parkin vs rest,6,0.9,1.0,0.9,1.0
2000,0.001,0.02,0.03,0.2,phases,7,0.88,0.98,0.96,1.0
2000,0.001,0.02,0.03,0.2,Parkin vs rest,7,0.9,1.0,0.9,1.0
2000,0.001,0.02,0.03,0.2,phases,8,0.92,0.84,0.92,0.84
2000,0.001,0.02,0.03,0.2,Parkin vs rest,8,0.9,1.0,0.8,1.0
2000,0.001,0.02,0.03,0.2,phases,9,0.98,1.0,0.98,1.0
2000,0.001,0.02,0.03,0.2,Parkin vs rest,9,0.9,1.0,0.9,1.0
2000,0.001,0.02,0.03,0.2,phases,10,0.92,1.0,0.92,1.0
2000,0.001,0.02,0.03,0.2,Parkin vs rest,10,0.9,1.0,0.86,1.0
2000,0.001,0.02,0.03,0.2,phases,11,0.92,1.0,0.96,1.0
2000,0.001,0.02,0.03,0.2,Parkin vs rest,11,0.9,1.0,0.9,1.0
2000,0.001,0.02,0.03,0.2,phases,12,0.98,1.0,0.98,1.0
2000,0.001,0.02,0.03,0.2,Parkin vs rest,12,0.9,1.0,0.9,1.0
2000,0.001,0.02,0.03,0.2,phases,13,0.94,1.0,0.98,1.0
2000,0.001,0.02,0.03,0.2,Parkin vs rest,13,0.9,1.0,0.42,0.38
2000,0.001,0.02,0.03,0.2,phases,14,0.98,1.0,0.88,0.84
2000,0.001,0.02,0.03,0.2,Parkin vs rest,14,0.62,0.38,0.0,0.0
2000,0.001,0.02,0.03,0.2,phases,15,0.98,1.0,0.96,1.0
2000,0.001,0.02,0.03,0.2,Parkin vs rest,15,0.9,1.0,0.9,1.0
2000,0.001,0.02,0.03,0.2,phases,16,0.88,1.0,0.9,0.98
2000,0.001,0.02,0.03,0.2,Parkin vs rest,16,0.9,1.0,0.78,1.0
2000,0.001,0.02,0.03,0.2,phases,17,0.98,1.0,0.98,1.0
2000,0.001,0.02,0.03,0.2,Parkin vs rest,17,0.9,1.0,0.9,1.0
2000,0.001,0.02,0.03,0.2,phases,18,0.98,1.0,0.98,1.0
2000,0.001,0.02,0.03,0.2,Parkin vs rest,18,0.9,1.0,0.18,0.38
2000,0.001,0.02,0.03,0.2,phases,19,0.98,1.0,0.98,1.0
2000,0.001,0.02,0.03,0.2,Parkin vs rest,19,0.88,1.0,0.84,1.0
2000,0.001,0.02,0.03,0.2,phases,20,0.44,0.32,0.94,1.0
2000,0.001,0.02,0.03,0.2,Parkin vs rest,20,0.46,0.0,0.62,1.0
2000,0.001,0.02,0.03,0.2,phases,21,0.96,0.98,0.96,0.98
2000,0.001,0.02,0.03,0.2,Parkin vs rest,21,0.9,1.0,0.9,1.0
2000,0.001,0.02,0.03,0.2,phases,22,0.98,1.0,0.98,1.0
2000,0.001,0.02,0.03,0.2,Parkin vs rest,22,0.84,1.0,0.54,1.0
2000,0.001,0.02,0.03,0.2,phases,23,0.84,0.58,0.88,0.84
2000,0.001,0.02,0.03,0.2,Parkin vs rest,23,0.9,1.0,0.82,1.0
2000,0.001,0.02,0.03,0.2,phases,24,0.98,1.0,0.98,1.0
2000,0.001,0.02,0.03,0.2,Parkin vs rest,24,0.86,1.0,0.84,1.0
2000,0.001,0.02,0.03,0.2,phases,25,0.92,0.84,0.94,0.84
2000,0.001,0.02,0.03,0.2,Parkin vs rest,25,0.58,0.62,0.04,0.0
2000,0.001,0.02,0.03,0.2,phases,26,0.94,0.84,0.94,0.84
2000,0.001,0.02,0.03,0.2,Parkin vs rest,26,0.66,0.62,0.04,0.0
2000,0.001,0.02,0.03,0.2,phases,27,0.98,1.0,0.94,0.84
2000,0.001,0.02,0.03,0.2,Parkin vs rest,27,0.66,0.62,0.4,0.62
2000,0.001,0.02,0.03,0.2,phases,28,0.92,0.92,0.98,1.0
2000,0.001,0.02,0.03,0.2,Parkin vs rest,28,0.9,1.0,0.9,1.0
2000,0.001,0.02,0.03,0.2,phases,29,0.98,1.0,0.98,1.0
2000,0.001,0.02,0.03,0.2,Parkin vs rest,29,0.8,1.0,0.8,1.0
2000,0.001,0.02,0.03,0.2,phases,30,0.98,1.0,0.98,1.0
2000,0.001,0.02,0.03,0.2,Parkin vs rest,30,0.84,1.0,0.7,1.0
2000,0.001,0.02,0.03,0.2,phases,31,0.56,0.54,0.8,0.68
2000,0.001,0.02,0.03,0.2,Parkin vs rest,31,0.72,0.62,0.56,0.62
2000,0.001,0.02,0.03,0.2,phases,32,0.98,1.0,0.98,1.0
2000,0.001,0.02,0.03,0.2,Parkin vs rest,32,0.88,1.0,0.88,1.0
2000,0.001,0.02,0.03,0.2,phases,33,0.54,0.48,0.46,0.48
2000,0.001,0.02,0.03,0.2,Parkin vs rest,33,0.72,0.62,0.9,1.0
2000,0.001,0.02,0.03,0.2,phases,34,0.88,0.84,0.88,0.98
2000,0.001,0.02,0.03,0.2,Parkin vs rest,34,0.9,1.0,0.9,1.0
2000,0.001,0.02,0.03,0.2,phases,35,0.98,1.0,0.98,1.0
2000,0.001,0.02,0.03,0.2,Parkin vs rest,35,0.9,1.0,0.88,1.0
2000,0.001,0.02,0.03,0.2,phases,36,0.82,0.78,0.94,0.84
2000,0.001,0.02,0.03,0.2,Parkin vs rest,36,0.7,0.62,0.86,1.0
2000,0.001,0.02,0.03,0.2,phases,37,0.98,1.0,0.98,1.0
2000,0.001,0.02,0.03,0.2,Parkin vs rest,37,0.88,1.0,0.9,1.0
2000,0.001,0.02,0.03,0.2,phases,38,0.94,0.84,0.98,1.0
2000,0.001,0.02,0.03,0.2,Parkin vs rest,38,0.52,0.62,0.0,0.0
2000,0.001,0.02,0.03,0.2,phases,39,0.5,0.48,0.92,0.84
2000,0.001,0.02,0.03,0.2,Parkin vs rest,39,0.76,0.62,0.9,1.0
2000,0.001,0.02,0.03,0.2,phases,40,0.98,1.0,0.98,1.0
2000,0.001,0.02,0.03,0.2,Parkin vs rest,40,0.9,1.0,0.5,0.38
2000,0.001,0.02,0.03,0.2,phases,41,0.98,1.0,0.98,1.0
2000,0.001,0.02,0.03,0.2,Parkin vs rest,41,0.9,1.0,0.9,1.0
2000,0.001,0.02,0.03,0.2,phases,42,0.56,0.52,0.42,0.24
2000,0.001,0.02,0.03,0.2,Parkin vs rest,42,0.9,1.0,0.9,1.0
2000,0.001,0.02,0.03,0.2,phases,43,0.98,1.0,0.98,1.0
2000,0.001,0.02,0.03,0.2,Parkin vs rest,43,0.9,1.0,0.88,1.0
2000,0.001,0.02,0.03,0.2,phases,44,0.98,1.0,0.98,1.0
2000,0.001,0.02,0.03,0.2,Parkin vs rest,44,0.9,1.0,0.9,1.0
2000,0.001,0.02,0.03,0.2,phases,45,0.86,0.8,0.96,1.0
2000,0.001,0.02,0.03,0.2,Parkin vs rest,45,0.68,0.38,0.66,0.38
2000,0.001,0.02,0.03,0.2,phases,46,0.98,1.0,0.98,1.0
2000,0.001,0.02,0.03,0.2,Parkin vs rest,46,0.9,1.0,0.9,1.0
2000,0.001,0.02,0.03,0.2,phases,47,0.7,0.78,0.94,1.0
2000,0.001,0.02,0.03,0.2,Parkin vs rest,47,0.86,1.0,0.86,1.0
2000,0.001,0.02,0.03,0.2,phases,48,0.98,1.0,0.9,0.84
2000,0.001,0.02,0.03,0.2,Parkin vs rest,48,0.58,0.38,0.0,0.0
2000,0.001,0.02,0.03,0.2,phases,49,0.88,0.78,0.88,0.84
2000,0.001,0.02,0.03,0.2,Parkin vs rest,49,0.3,0.62,0.04,0.0
2000,0.001,0.02,0.03,0.2,phases,50,0.98,1.0,0.96,1.0
2000,0.001,0.02,0.03,0.2,Parkin vs rest,50,0.9,1.0,0.18,0.38
2000,0.001,0.02,0.03,0.2,phases,51,0.3,0.32,0.24,0.48
2000,0.001,0.02,0.03,0.2,Parkin vs rest,51,0.46,0.38,0.9,1.0
2000,0.001,0.02,0.03,0.2,phases,52,0.98,1.0,0.98,1.0
2000,0.001,0.02,0.03,0.2,Parkin vs rest,52,0.88,1.0,0.66,1.0
2000,0.001,0.02,0.03,0.2,phases,53,0.78,0.76,0.94,0.84
2000,0.001,0.02,0.03,0.2,Parkin vs rest,53,0.54,0.62,0.66,1.0
2000,0.001,0.02,0.03,0.2,phases,54,0.42,0.6,0.46,0.4
2000,0.001,0.02,0.03,0.2,Parkin vs rest,54,0.5,0.62,0.28,0.62
2000,0.001,0.02,0.03,0.2,phases,55,0.82,0.5,0.9,0.94
2000,0.001,0.02,0.03,0.2,Parkin vs rest,55,0.86,1.0,0.14,0.38
2000,0.001,0.02,0.03,0.2,phases,56,0.96,1.0,0.98,1.0
2000,0.001,0.02,0.03,0.2,Parkin vs rest,56,0.9,1.0,0.9,1.0
2000,0.001,0.02,0.03,0.2,phases,57,0.96,1.0,0.98,1.0
2000,0.001,0.02,0.03,0.2,Parkin vs rest,57,0.76,1.0,0.74,1.0
2000,0.001,0.02,0.03,0.2,phases,58,0.94,0.98,0.92,0.98
2000,0.001,0.02,0.03,0.2,Parkin vs rest,58,0.9,1.0,0.9,1.0
2000,0.001,0.02,0.03,0.2,phases,59,0.98,1.0,0.94,0.94
2000,0.001,0.02,0.03,0.2,Parkin vs rest,59,0.86,1.0,0.24,0.38
2000,0.001,0.02,0.03,0.2,phases,60,0.94,0.84,0.88,0.84
2000,0.001,0.02,0.03,0.2,Parkin vs rest,60,0.9,1.0,0.04,0.0
2000,0.001,0.02,0.03,0.2,phases,61,0.94,0.84,0.9,0.84
2000,0.001,0.02,0.03,0.2,Parkin vs rest,61,0.56,0.38,0.04,0.0
2000,0.001,0.02,0.03,0.2,phases,62,0.56,0.62,0.84,0.78
2000,0.001,0.02,0.03,0.2,Parkin vs rest,62,0.04,0.0,0.14,0.0
2000,0.001,0.02,0.03,0.2,phases,63,0.98,1.0,0.98,1.0
2000,0.001,0.02,0.03,0.2,Parkin vs rest,63,0.9,1.0,0.9,1.0
2000,0.001,0.02,0.03,0.2,phases,64,0.98,1.0,0.98,1.0
2000,0.001,0.02,0.03,0.2,Parkin vs rest,64,0.9,1.0,0.9,1.0
2000,0.001,0.02,0.03,0.2,phases,65,0.54,0.76,0.74,0.92
2000,0.001,0.02,0.03,0.2,Parkin vs rest,65,0.66,0.62,0.6,0.62
2000,0.001,0.02,0.03,0.2,phases,66,0.98,1.0,0.98,1.0
2000,0.001,0.02,0.03,0.2,Parkin vs rest,66,0.9,1.0,0.9,1.0
2000,0.001,0.02,0.03,0.2,phases,67,0.92,0.78,0.94,0.84
2000,0.001,0.02,0.03,0.2,Parkin vs rest,67,0.5,0.0,0.04,0.0
2000,0.001,0.02,0.03,0.2,phases,68,0.98,1.0,0.98,1.0
2000,0.001,0.02,0.03,0.2,Parkin vs rest,68,0.46,1.0,0.44,1.0
2000,0.001,0.02,0.03,0.2,phases,69,0.88,0.78,0.9,0.84
2000,0.001,0.02,0.03,0.2,Parkin vs rest,69,0.18,0.38,0.04,0.0
2000,0.001,0.02,0.03,0.2,phases,70,0.98,1.0,0.96,0.92
2000,0.001,0.02,0.03,0.2,Parkin vs rest,70,0.78,1.0,0.8,1.0
2000,0.001,0.02,0.03,0.2,phases,71,0.86,0.92,0.98,1.0
2000,0.001,0.02,0.03,0.2,Parkin vs rest,71,0.9,1.0,0.9,1.0
2000,0.001,0.02,0.03,0.2,phases,72,0.84,0.68,0.3,0.4
2000,0.001,0.02,0.03,0.2,Parkin vs rest,72,0.9,1.0,0.6,0.62
2000,0.001,0.02,0.03,0.2,phases,73,0.6,0.92,0.9,1.0
2000,0.001,0.02,0.03,0.2,Parkin vs rest,73,0.68,1.0,0.9,1.0
2000,0.001,0.02,0.03,0.2,phases,74,0.98,1.0,0.98,1.0
2000,0.001,0.02,0.03,0.2,Parkin vs rest,74,0.88,1.0,0.7,1.0
2000,0.001,0.02,0.03,0.2,phases,75,0.64,0.76,0.96,1.0
2000,0.001,0.02,0.03,0.2,Parkin vs rest,75,0.08,0.0,0.9,1.0
2000,0.001,0.02,0.03,0.2,phases,76,0.68,0.72,0.7,0.84
2000,0.001,0.02,0.03,0.2,Parkin vs rest,76,0.48,0.38,0.04,0.0
2000,0.001,0.02,0.03,0.2,phases,77,0.98,1.0,0.98,1.0
2000,0.001,0.02,0.03,0.2,Parkin vs rest,77,0.84,1.0,0.28,0.62
2000,0.001,0.02,0.03,0.2,phases,78,0.86,0.84,0.86,0.84
2000,0.001,0.02,0.03,0.2,Parkin vs rest,78,0.86,1.0,0.9,1.0
2000,0.001,0.02,0.03,0.2,phases,79,0.96,1.0,0.98,1.0
2000,0.001,0.02,0.03,0.2,Parkin vs rest,79,0.9,1.0,0.36,0.0
2000,0.001,0.02,0.03,0.2,phases,80,0.62,0.92,0.98,1.0
2000,0.001,0.02,0.03,0.2,Parkin vs rest,80,0.76,1.0,0.68,1.0
2000,0.001,0.02,0.03,0.2,phases,81,0.98,1.0,0.98,1.0
2000,0.001,0.02,0.03,0.2,Parkin vs rest,81,0.86,1.0,0.88,1.0
2000,0.001,0.02,0.03,0.2,phases,82,0.96,1.0,0.96,1.0
2000,0.001,0.02,0.03,0.2,Parkin vs rest,82,0.66,0.62,0.8,1.0
2000,0.001,0.02,0.03,0.2,phases,83,0.96,1.0,0.98,1.0
2000,0.001,0.02,0.03,0.2,Parkin vs rest,83,0.9,1.0,0.9,1.0
2000,0.001,0.02,0.03,0.2,phases,84,0.98,1.0,0.98,1.0
2000,0.001,0.02,0.03,0.2,Parkin vs rest,84,0.9,1.0,0.9,1.0
2000,0.001,0.02,0.03,0.2,phases,85,0.94,0.98,0.96,0.98
2000,0.001,0.02,0.03,0.2,Parkin vs rest,85,0.9,1.0,0.9,1.0
2000,0.001,0.02,0.03,0.2,phases,86,0.72,0.84,0.96,0.98
2000,0.001,0.02,0.03,0.2,Parkin vs rest,86,0.9,1.0,0.9,1.0
2000,0.001,0.02,0.03,0.2,phases,87,0.9,0.84,0.94,1.0
2000,0.001,0.02,0.03,0.2,Parkin vs rest,87,0.86,1.0,0.54,0.38
2000,0.001,0.02,0.03,0.2,phases,88,0.42,0.54,0.9,0.84
2000,0.001,0.02,0.03,0.2,Parkin vs rest,88,0.58,0.62,0.04,0.0
2000,0.001,0.02,0.03,0.2,phases,89,0.98,1.0,0.98,1.0
2000,0.001,0.02,0.03,0.2,Parkin vs rest,89,0.9,1.0,0.34,0.38
2000,0.001,0.02,0.03,0.2,phases,90,0.98,1.0,0.98,1.0
2000,0.001,0.02,0.03,0.2,Parkin vs rest,90,0.9,1.0,0.9,1.0
2000,0.001,0.02,0.03,0.2,phases,91,0.44,0.28,0.6,0.54
2000,0.001,0.02,0.03,0.2,Parkin vs rest,91,0.66,0.62,0.56,0.62
2000,0.001,0.02,0.03,0.2,phases,92,0.98,1.0,0.98,1.0
2000,0.001,0.02,0.03,0.2,Parkin vs rest,92,0.9,1.0,0.88,1.0
2000,0.001,0.02,0.03,0.2,phases,93,0.98,1.0,0.98,1.0
2000,0.001,0.02,0.03,0.2,Parkin vs rest,93,0.9,1.0,0.12,0.0
2000,0.001,0.02,0.03,0.2,phases,94,0.98,1.0,0.98,1.0
2000,0.001,0.02,0.03,0.2,Parkin vs rest,94,0.9,1.0,0.9,1.0
2000,0.001,0.02,0.03,0.2,phases,95,0.98,1.0,0.98,1.0
2000,0.001,0.02,0.03,0.2,Parkin vs rest,95,0.9,1.0,0.9,1.0
2000,0.001,0.02,0.03,0.2,phases,96,0.92,1.0,0.92,0.84
2000,0.001,0.02,0.03,0.2,Parkin vs rest,96,0.6,1.0,0.36,1.0
2000,0.001,0.02,0.03,0.2,phases,97,0.88,0.76,0.98,1.0
2000,0.001,0.02,0.03,0.2,Parkin vs rest,97,0.9,1.0,0.9,1.0
2000,0.001,0.02,0.03,0.2,phases,98,0.98,1.0,0.98,1.0
2000,0.001,0.02,0.03,0.2,Parkin vs rest,98,0.64,1.0,0.26,0.0
2000,0.001,0.02,0.03,0.2,phases,99,0.66,0.44,0.82,0.74
2000,0.001,0.02,0.03,0.2,Parkin vs rest,99,0.7,0.62,0.68,0.38
10000,0.0005,0.002,1.0,0.0,phases,0,0.16,0.02,0.32,0.0
10000,0.0005,0.002,1.0,0.0,Parkin vs rest,0,0.4,0.0,0.18,0.0
10000,0.0005,0.002,1.0,0.0,phases,1,0.44,0.56,0.86,0.84
10000,0.0005,0.002,1.0,0.0,Parkin vs rest,1,0.9,1.0,0.86,1.0
10000,0.0005,0.002,1.0,0.0,phases,2,0.56,0.38,0.9,0.78
10000,0.0005,0.002,1.0,0.0,Parkin vs rest,2,0.7,0.62,0.5,0.62
10000,0.0005,0.002,1.0,0.0,phases,3,0.82,0.78,0.86,0.78
10000,0.0005,0.002,1.0,0.0,Parkin vs rest,3,0.58,0.38,0.04,0.0
10000,0.0005,0.002,1.0,0.0,phases,4,0.8,0.92,0.12,0.16
10000,0.0005,0.002,1.0,0.0,Parkin vs rest,4,0.78,1.0,0.1,0.0
10000,0.0005,0.002,1.0,0.0,phases,5,0.52,0.38,0.9,0.84
10000,0.0005,0.002,1.0,0.0,Parkin vs rest,5,0.5,0.0,0.68,1.0
10000,0.0005,0.002,1.0,0.0,phases,6,0.46,0.2,0.7,0.64
10000,0.0005,0.002,1.0,0.0,Parkin vs rest,6,0.66,0.62,0.76,1.0
10000,0.0005,0.002,1.0,0.0,phases,7,0.18,0.5,0.48,0.48
10000,0.0005,0.002,1.0,0.0,Parkin vs rest,7,0.12,0.0,0.0,0.0
10000,0.0005,0.002,1.0,0.0,phases,8,0.4,0.3,0.96,1.0
10000,0.0005,0.002,1.0,0.0,Parkin vs rest,8,0.6,1.0,0.4,0.38
10000,0.0005,0.002,1.0,0.0,phases,9,0.22,0.0,0.16,0.38
10000,0.0005,0.002,1.0,0.0,Parkin vs rest,9,0.5,0.0,0.14,0.0
10000,0.0005,0.002,1.0,0.0,phases,10,0.9,0.52,0.98,1.0
10000,0.0005,0.002,1.0,0.0,Parkin vs rest,10,0.9,1.0,0.82,1.0
10000,0.0005,0.002,1.0,0.0,phases,11,0.94,1.0,0.96,1.0
10000,0.0005,0.002,1.0,0.0,Parkin vs rest,11,0.86,1.0,0.36,0.0
10000,0.0005,0.002,1.0,0.0,phases,12,0.2,0.08,0.38,0.08
10000,0.0005,0.002,1.0,0.0,Parkin vs rest,12,0.34,0.0,0.4,0.0
10000,0.0005,0.002,1.0,0.0,phases,13,0.06,0.02,0.2,0.48
10000,0.0005,0.002,1.0,0.0,Parkin vs rest,13,0.4,0.62,0.0,0.0
10000,0.0005,0.002,1.0,0.0,phases,14,0.7,0.62,0.46,0.46
10000,0.0005,0.002,1.0,0.0,Parkin vs rest,14,0.62,0.62,0.1,0.0
10000,0.0005,0.002,1.0,0.0,phases,15,0.92,1.0,0.88,0.98
10000,0.0005,0.002,1.0,0.0,Parkin vs rest,15,0.9,1.0,0.56,0.38
10000,0.0005,0.002,1.0,0.0,phases,16,0.7,0.68,0.92,1.0
10000,0.0005,0.002,1.0,0.0,Parkin vs rest,16,0.86,1.0,0.04,0.0
10000,0.0005,0.002,1.0,0.0,phases,17,0.76,1.0,0.78,1.0
10000,0.0005,0.002,1.0,0.0,Parkin vs rest,17,0.86,1.0,0.72,1.0
10000,0.0005,0.002,1.0,0.0,phases,18,0.26,0.02,0.02,0.0
10000,0.0005,0.002,1.0,0.0,Parkin vs rest,18,0.32,0.0,0.6,1.0
10000,0.0005,0.002,1.0,0.0,phases,19,0.5,0.8,0.48,0.78
10000,0.0005,0.002,1.0,0.0,Parkin vs rest,19,0.66,0.38,0.52,0.38
10000,0.0005,0.002,1.0,0.0,phases,20,0.36,0.5,0.72,0.78
10000,0.0005,0.002,1.0,0.0,Parkin vs rest,20,0.14,0.0,0.0,0.0
10000,0.0005,0.002,1.0,0.0,phases,21,0.1,0.0,0.82,0.5
10000,0.0005,0.002,1.0,0.0,Parkin vs rest,21,0.52,0.62,0.04,0.0
10000,0.0005,0.002,1.0,0.0,phases,22,0.22,0.1,0.88,0.84
10000,0.0005,0.002,1.0,0.0,Parkin vs rest,22,0.34,0.0,0.72,1.0
10000,0.0005,0.002,1.0,0.0,phases,23,0.42,0.2,0.52,0.36
10000,0.0005,0.002,1.0,0.0,Parkin vs rest,23,0.62,0.62,0.38,1.0
10000,0.0005,0.002,1.0,0.0,phases,24,0.62,0.94,0.96,0.94
10000,0.0005,0.002,1.0,0.0,Parkin vs rest,24,0.46,0.62,0.04,0.0
10000,0.0005,0.002,1.0,0.0,phases,25,0.64,0.46,0.06,0.0
10000,0.0005,0.002,1.0,0.0,Parkin vs rest,25,0.78,1.0,0.62,0.62
10000,0.0005,0.002,1.0,0.0,phases,26,0.22,0.48,0.52,0.98
10000,0.0005,0.002,1.0,0.0,Parkin vs rest,26,0.68,1.0,0.8,1.0
10000,0.0005,0.002,1.0,0.0,phases,27,0.18,0.16,0.04,0.06
10000,0.0005,0.002,1.0,0.0,Parkin vs rest,27,0.58,0.62,0.44,0.62
10000,0.0005,0.002,1.0,0.0,phases,28,0.34,0.32,0.56,0.66
10000,0.0005,0.002,1.0,0.0,Parkin vs rest,28,0.66,0.38,0.34,0.38
10000,0.0005,0.002,1.0,0.0,phases,29,0.62,0.7,0.74,0.86
10000,0.0005,0.002,1.0,0.0,Parkin vs rest,29,0.38,0.0,0.88,1.0
10000,0.0005,0.002,1.0,0.0,phases,30,0.66,0.72,0.04,0.16
10000,0.0005,0.002,1.0,0.0,Parkin vs rest,30,0.82,1.0,0.9,1.0
10000,0.0005,0.002,1.0,0.0,phases,31,0.4,0.22,0.5,0.36
10000,0.0005,0.002,1.0,0.0,Parkin vs rest,31,0.68,0.62,0.9,1.0
10000,0.0005,0.002,1.0,0.0,phases,32,0.38,0.3,0.44,0.46
10000,0.0005,0.002,1.0,0.0,Parkin vs rest,32,0.7,0.62,0.72,0.62
10000,0.0005,0.002,1.0,0.0,phases,33,0.36,0.48,0.52,0.56
10000,0.0005,0.002,1.0,0.0,Parkin vs rest,33,0.86,1.0,0.1,0.0
10000,0.0005,0.002,1.0,0.0,phases,34,0.38,0.92,0.64,0.84
10000,0.0005,0.002,1.0,0.0,Parkin vs rest,34,0.28,0.38,0.04,0.0
10000,0.0005,0.002,1.0,0.0,phases,35,0.44,0.56,0.9,0.98
10000,0.0005,0.002,1.0,0.0,Parkin vs rest,35,0.52,0.38,0.54,0.38
10000,0.0005,0.002,1.0,0.0,phases,36,0.88,0.84,0.26,0.34
10000,0.0005,0.002,1.0,0.0,Parkin vs rest,36,0.76,1.0,0.28,0.62
10000,0.0005,0.002,1.0,0.0,phases,37,0.5,0.5,0.32,0.06
10000,0.0005,0.002,1.0,0.0,Parkin vs rest,37,0.32,0.62,0.04,0.0
10000,0.0005,0.002,1.0,0.0,phases,38,0.62,0.52,0.84,0.7
10000,0.0005,0.002,1.0,0.0,Parkin vs rest,38,0.72,0.62,0.0,0.0
10000,0.0005,0.002,1.0,0.0,phases,39,0.06,0.02,0.12,0.3
10000,0.0005,0.002,1.0,0.0,Parkin vs rest,39,0.04,0.0,0.52,1.0
10000,0.0005,0.002,1.0,0.0,phases,40,0.1,0.02,0.1,0.24
10000,0.0005,0.002,1.0,0.0,Parkin vs rest,40,0.5,0.62,0.8,1.0
10000,0.0005,0.002,1.0,0.0,phases,41,0.18,0.02,0.12,0.0
10000,0.0005,0.002,1.0,0.0,Parkin vs rest,41,0.58,0.62,0.44,0.62
10000,0.0005,0.002,1.0,0.0,phases,42,0.26,0.3,0.68,0.24
10000,0.0005,0.002,1.0,0.0,Parkin vs rest,42,0.28,0.38,0.44,0.0
10000,0.0005,0.002,1.0,0.0,phases,43,0.24,0.58,0.88,1.0
10000,0.0005,0.002,1.0,0.0,Parkin vs rest,43,0.14,0.38,0.72,0.38
10000,0.0005,0.002,1.0,0.0,phases,44,0.5,0.64,0.48,0.58
10000,0.0005,0.002,1.0,0.0,Parkin vs rest,44,0.86,1.0,0.86,1.0
10000,0.0005,0.002,1.0,0.0,phases,45,0.4,0.5,0.44,0.48
10000,0.0005,0.002,1.0,0.0,Parkin vs rest,45,0.68,1.0,0.12,0.0
10000,0.0005,0.002,1.0,0.0,phases,46,0.18,0.3,0.18,0.3
10000,0.0005,0.002,1.0,0.0,Parkin vs rest,46,0.44,0.38,0.74,1.0
10000,0.0005,0.002,1.0,0.0,phases,47,0.92,0.82,0.82,1.0
10000,0.0005,0.002,1.0,0.0,Parkin vs rest,47,0.68,0.38,0.44,0.38
10000,0.0005,0.002,1.0,0.0,phases,48,0.26,0.24,0.08,0.22
10000,0.0005,0.002,1.0,0.0,Parkin vs rest,48,0.66,0.62,0.7,0.38
10000,0.0005,0.002,1.0,0.0,phases,49,0.54,0.3,0.74,0.38
10000,0.0005,0.002,1.0,0.0,Parkin vs rest,49,0.76,0.62,0.58,0.0
10000,0.0005,0.002,1.0,0.0,phases,50,0.76,0.6,0.74,0.6
10000,0.0005,0.002,1.0,0.0,Parkin vs rest,50,0.74,1.0,0.9,1.0
10000,0.0005,0.002,1.0,0.0,phases,51,0.18,0.48,0.62,0.66
10000,0.0005,0.002,1.0,0.0,Parkin vs rest,51,0.0,0.0,0.14,0.38
10000,0.0005,0.002,1.0,0.0,phases,52,0.48,0.72,0.98,1.0
10000,0.0005,0.002,1.0,0.0,Parkin vs rest,52,0.54,0.38,0.58,0.38
10000,0.0005,0.002,1.0,0.0,phases,53,0.84,0.7,0.94,0.94
10000,0.0005,0.002,1.0,0.0,Parkin vs rest,53,0.58,0.62,0.04,0.0
10000,0.0005,0.002,1.0,0.0,phases,54,0.86,0.86,0.82,0.66
10000,0.0005,0.002,1.0,0.0,Parkin vs rest,54,0.76,1.0,0.86,1.0
10000,0.0005,0.002,1.0,0.0,phases,55,0.34,0.16,0.92,0.94
10000,0.0005,0.002,1.0,0.0,Parkin vs rest,55,0.4,0.0,0.46,0.0
10000,0.0005,0.002,1.0,0.0,phases,56,0.2,0.0,0.58,0.54
10000,0.0005,0.002,1.0,0.0,Parkin vs rest,56,0.34,0.0,0.6,1.0
10000,0.0005,0.002,1.0,0.0,phases,57,0.2,0.2,0.36,0.38
10000,0.0005,0.002,1.0,0.0,Parkin vs rest,57,0.46,0.62,0.0,0.0
10000,0.0005,0.002,1.0,0.0,phases,58,0.56,0.76,0.14,0.22
10000,0.0005,0.002,1.0,0.0,Parkin vs rest,58,0.78,1.0,0.64,0.38
10000,0.0005,0.002,1.0,0.0,phases,59,0.16,0.0,0.54,0.46
10000,0.0005,0.002,1.0,0.0,Parkin vs rest,59,0.36,0.0,0.22,0.0
10000,0.0005,0.002,1.0,0.0,phases,60,0.44,0.34,0.9,0.68
10000,0.0005,0.002,1.0,0.0,Parkin vs rest,60,0.56,0.38,0.72,0.38
10000,0.0005,0.002,1.0,0.0,phases,61,0.36,0.48,0.9,0.64
10000,0.0005,0.002,1.0,0.0,Parkin vs rest,61,0.04,0.0,0.0,0.0
10000,0.0005,0.002,1.0,0.0,phases,62,0.46,0.48,0.38,0.44
10000,0.0005,0.002,1.0,0.0,Parkin vs rest,62,0.58,0.62,0.5,1.0
10000,0.0005,0.002,1.0,0.0,phases,63,0.52,0.48,0.32,0.26
10000,0.0005,0.002,1.0,0.0,Parkin vs rest,63,0.66,0.62,0.16,0.0
10000,0.0005,0.002,1.0,0.0,phases,64,0.92,1.0,0.88,0.92
10000,0.0005,0.002,1.0,0.0,Parkin vs rest,64,0.46,0.62,0.0,0.0
10000,0.0005,0.002,1.0,0.0,phases,65,0.58,0.46,0.76,0.7
10000,0.0005,0.002,1.0,0.0,Parkin vs rest,65,0.82,1.0,0.32,1.0
10000,0.0005,0.002,1.0,0.0,phases,66,0.68,0.7,0.92,0.78
10000,0.0005,0.002,1.0,0.0,Parkin vs rest,66,0.58,0.62,0.2,0.0
10000,0.0005,0.002,1.0,0.0,phases,67,0.1,0.02,0.44,0.76
10000,0.0005,0.002,1.0,0.0,Parkin vs rest,67,0.44,0.62,0.62,1.0
10000,0.0005,0.002,1.0,0.0,phases,68,0.72,0.42,0.64,0.44
10000,0.0005,0.002,1.0,0.0,Parkin vs rest,68,0.44,0.62,0.84,1.0
10000,0.0005,0.002,1.0,0.0,phases,69,0.86,0.9,0.74,0.9
10000,0.0005,0.002,1.0,0.0,Parkin vs rest,69,0.86,1.0,0.8,1.0
10000,0.0005,0.002,1.0,0.0,phases,70,0.4,0.44,0.9,0.98
10000,0.0005,0.002,1.0,0.0,Parkin vs rest,70,0.86,1.0,0.54,1.0
10000,0.0005,0.002,1.0,0.0,phases,71,0.78,0.7,0.8,0.78
10000,0.0005,0.002,1.0,0.0,Parkin vs rest,71,0.22,0.0,0.0,0.0
10000,0.0005,0.002,1.0,0.0,phases,72,0.16,0.08,0.22,0.24
10000,0.0005,0.002,1.0,0.0,Parkin vs rest,72,0.0,0.0,0.8,1.0
10000,0.0005,0.002,1.0,0.0,phases,73,0.7,0.74,0.42,0.58
10000,0.0005,0.002,1.0,0.0,Parkin vs rest,73,0.6,0.38,0.2,0.0
10000,0.0005,0.002,1.0,0.0,phases,74,0.16,0.0,0.42,0.16
10000,0.0005,0.002,1.0,0.0,Parkin vs rest,74,0.4,0.0,0.12,0.0
10000,0.0005,0.002,1.0,0.0,phases,75,0.26,0.4,0.38,0.22
10000,0.0005,0.002,1.0,0.0,Parkin vs rest,75,0.62,0.38,0.04,0.0
10000,0.0005,0.002,1.0,0.0,phases,76,0.22,0.02,0.18,0.1
10000,0.0005,0.002,1.0,0.0,Parkin vs rest,76,0.66,0.62,0.04,0.0
10000,0.0005,0.002,1.0,0.0,phases,77,0.26,0.3,0.26,0.22
10000,0.0005,0.002,1.0,0.0,Parkin vs rest,77,0.24,0.38,0.84,1.0
10000,0.0005,0.002,1.0,0.0,phases,78,0.26,0.02,0.68,0.7
10000,0.0005,0.002,1.0,0.0,Parkin vs rest,78,0.44,0.62,0.12,0.0
10000,0.0005,0.002,1.0,0.0,phases,79,0.46,0.78,0.38,0.36
10000,0.0005,0.002,1.0,0.0,Parkin vs rest,79,0.2,0.0,0.04,0.0
10000,0.0005,0.002,1.0,0.0,phases,80,0.64,0.18,0.2,0.0
10000,0.0005,0.002,1.0,0.0,Parkin vs rest,80,0.72,0.62,0.2,0.0
10000,0.0005,0.002,1.0,0.0,phases,81,0.32,0.22,0.78,0.68
10000,0.0005,0.002,1.0,0.0,Parkin vs rest,81,0.64,0.62,0.12,0.0
10000,0.0005,0.002,1.0,0.0,phases,82,0.32,0.8,0.74,1.0
10000,0.0005,0.002,1.0,0.0,Parkin vs rest,82,0.18,0.38,0.04,0.0
10000,0.0005,0.002,1.0,0.0,phases,83,0.84,0.76,0.88,0.78
10000,0.0005,0.002,1.0,0.0,Parkin vs rest,83,0.36,0.0,0.52,0.62
10000,0.0005,0.002,1.0,0.0,phases,84,0.94,1.0,0.92,0.82
10000,0.0005,0.002,1.0,0.0,Parkin vs rest,84,0.72,0.38,0.54,0.38
10000,0.0005,0.002,1.0,0.0,phases,85,0.64,0.5,0.84,0.84
10000,0.0005,0.002,1.0,0.0,Parkin vs rest,85,0.9,1.0,0.9,1.0
10000,0.0005,0.002,1.0,0.0,phases,86,0.86,0.84,0.68,0.76
10000,0.0005,0.002,1.0,0.0,Parkin vs rest,86,0.62,0.62,0.0,0.0
10000,0.0005,0.002,1.0,0.0,phases,87,0.5,0.64,0.96,1.0
10000,0.0005,0.002,1.0,0.0,Parkin vs rest,87,0.58,0.38,0.86,1.0
10000,0.0005,0.002,1.0,0.0,phases,88,0.36,0.6,0.28,0.58
10000,0.0005,0.002,1.0,0.0,Parkin vs rest,88,0.42,0.38,0.14,0.38
10000,0.0005,0.002,1.0,0.0,phases,89,0.08,0.24,0.86,1.0
10000,0.0005,0.002,1.0,0.0,Parkin vs rest,89,0.16,0.0,0.28,0.38
10000,0.0005,0.002,1.0,0.0,phases,90,0.64,0.92,0.14,0.24
10000,0.0005,0.002,1.0,0.0,Parkin vs rest,90,0.68,1.0,0.8,1.0
10000,0.0005,0.002,1.0,0.0,phases,91,0.56,0.76,0.94,0.84
10000,0.0005,0.002,1.0,0.0,Parkin vs rest,91,0.54,0.62,0.04,0.0
10000,0.0005,0.002,1.0,0.0,phases,92,0.32,0.28,0.7,0.42
10000,0.0005,0.002,1.0,0.0,Parkin vs rest,92,0.6,0.62,0.06,0.0
10000,0.0005,0.002,1.0,0.0,phases,93,0.48,0.52,0.74,0.98
10000,0.0005,0.002,1.0,0.0,Parkin vs rest,93,0.86,1.0,0.74,1.0
10000,0.0005,0.002,1.0,0.0,phases,94,0.16,0.02,0.08,0.02
10000,0.0005,0.002,1.0,0.0,Parkin vs rest,94,0.44,0.62,0.86,1.0
10000,0.0005,0.002,1.0,0.0,phases,95,0.84,0.92,0.84,0.78
10000,0.0005,0.002,1.0,0.0,Parkin vs rest,95,0.84,1.0,0.04,0.0
10000,0.0005,0.002,1.0,0.0,phases,96,0.48,0.3,0.62,0.3
10000,0.0005,0.002,1.0,0.0,Parkin vs rest,96,0.66,0.62,0.46,0.62
10000,0.0005,0.002,1.0,0.0,phases,97,0.58,0.58,0.68,0.62
10000,0.0005,0.002,1.0,0.0,Parkin vs rest,97,0.44,0.0,0.0,0.0
10000,0.0005,0.002,1.0,0.0,phases,98,0.84,0.84,0.12,0.24
10000,0.0005,0.002,1.0,0.0,Parkin vs rest,98,0.86,1.0,0.38,1.0
10000,0.0005,0.002,1.0,0.0,phases,99,0.48,0.5,0.44,0.34
10000,0.0005,0.002,1.0,0.0,Parkin vs rest,99,0.22,0.0,0.0,0.0
10000,0.0005,0.002,0.1,0.0,phases,0,0.72,1.0,0.92,1.0
10000,0.0005,0.002,0.1,0.0,Parkin vs rest,0,0.54,0.38,0.28,0.38
10000,0.0005,0.002,0.1,0.0,phases,1,0.82,1.0,0.82,0.98
10000,0.0005,0.002,0.1,0.0,Parkin vs rest,1,0.76,1.0,0.04,0.0
10000,0.0005,0.002,0.1,0.0,phases,2,0.9,0.78,0.98,1.0
10000,0.0005,0.002,0.1,0.0,Parkin vs rest,2,0.4,0.38,0.0,0.0
10000,0.0005,0.002,0.1,0.0,phases,3,0.34,0.3,0.48,0.36
10000,0.0005,0.002,0.1,0.0,Parkin vs rest,3,0.46,0.38,0.14,0.0
10000,0.0005,0.002,0.1,0.0,phases,4,0.48,0.22,0.38,0.5
10000,0.0005,0.002,0.1,0.0,Parkin vs rest,4,0.8,1.0,0.9,1.0
10000,0.0005,0.002,0.1,0.0,phases,5,0.16,0.02,0.62,0.5
10000,0.0005,0.002,0.1,0.0,Parkin vs rest,5,0.28,0.0,0.9,1.0
10000,0.0005,0.002,0.1,0.0,phases,6,0.98,1.0,0.94,0.98
10000,0.0005,0.002,0.1,0.0,Parkin vs rest,6,0.86,1.0,0.72,1.0
10000,0.0005,0.002,0.1,0.0,phases,7,0.78,0.92,0.96,1.0
10000,0.0005,0.002,0.1,0.0,Parkin vs rest,7,0.88,1.0,0.42,0.38
10000,0.0005,0.002,0.1,0.0,phases,8,0.84,0.56,0.94,0.84
10000,0.0005,0.002,0.1,0.0,Parkin vs rest,8,0.9,1.0,0.9,1.0
10000,0.0005,0.002,0.1,0.0,phases,9,0.98,1.0,0.96,1.0
10000,0.0005,0.002,0.1,0.0,Parkin vs rest,9,0.88,1.0,0.9,1.0
10000,0.0005,0.002,0.1,0.0,phases,10,0.84,1.0,0.82,1.0
10000,0.0005,0.002,0.1,0.0,Parkin vs rest,10,0.7,1.0,0.42,0.62
10000,0.0005,0.002,0.1,0.0,phases,11,0.72,0.22,0.8,0.58
10000,0.0005,0.002,0.1,0.0,Parkin vs rest,11,0.86,1.0,0.12,0.0
10000,0.0005,0.002,0.1,0.0,phases,12,0.92,1.0,0.98,1.0
10000,0.0005,0.002,0.1,0.0,Parkin vs rest,12,0.9,1.0,0.84,1.0
10000,0.0005,0.002,0.1,0.0,phases,13,0.58,0.5,0.52,0.58
10000,0.0005,0.002,0.1,0.0,Parkin vs rest,13,0.82,1.0,0.86,1.0
10000,0.0005,0.002,0.1,0.0,phases,14,0.78,0.58,0.92,0.78
10000,0.0005,0.002,0.1,0.0,Parkin vs rest,14,0.88,1.0,0.74,1.0
10000,0.0005,0.002,0.1,0.0,phases,15,0.88,1.0,0.98,1.0
10000,0.0005,0.002,0.1,0.0,Parkin vs rest,15,0.9,1.0,0.9,1.0
10000,0.0005,0.002,0.1,0.0,phases,16,0.98,1.0,0.98,1.0
10000,0.0005,0.002,0.1,0.0,Parkin vs rest,16,0.84,1.0,0.24,0.0
10000,0.0005,0.002,0.1,0.0,phases,17,0.86,0.5,0.86,0.66
10000,0.0005,0.002,0.1,0.0,Parkin vs rest,17,0.9,1.0,0.9,1.0
10000,0.0005,0.002,0.1,0.0,phases,18,0.82,0.6,0.8,0.54
10000,0.0005,0.002,0.1,0.0,Parkin vs rest,18,0.5,0.38,0.48,0.38
10000,0.0005,0.002,0.1,0.0,phases,19,0.34,0.16,0.0,0.0
10000,0.0005,0.002,0.1,0.0,Parkin vs rest,19,0.8,1.0,0.7,1.0
10000,0.0005,0.002,0.1,0.0,phases,20,0.38,0.52,0.82,0.9
10000,0.0005,0.002,0.1,0.0,Parkin vs rest,20,0.48,0.38,0.48,0.38
10000,0.0005,0.002,0.1,0.0,phases,21,0.12,0.0,0.44,0.36
10000,0.0005,0.002,0.1,0.0,Parkin vs rest,21,0.42,0.0,0.44,0.38
10000,0.0005,0.002,0.1,0.0,phases,22,0.36,0.3,0.7,0.38
10000,0.0005,0.002,0.1,0.0,Parkin vs rest,22,0.36,0.62,0.48,0.38
10000,0.0005,0.002,0.1,0.0,phases,23,0.56,0.52,0.46,0.34
10000,0.0005,0.002,0.1,0.0,Parkin vs rest,23,0.68,0.62,0.84,1.0
10000,0.0005,0.002,0.1,0.0,phases,24,0.46,0.7,0.9,0.78
10000,0.0005,0.002,0.1,0.0,Parkin vs rest,24,0.28,0.62,0.0,0.0
10000,0.0005,0.002,0.1,0.0,phases,25,0.78,0.58,0.88,1.0
10000,0.0005,0.002,0.1,0.0,Parkin vs rest,25,0.86,1.0,0.86,1.0
10000,0.0005,0.002,0.1,0.0,phases,26,0.94,0.86,0.94,0.86
10000,0.0005,0.002,0.1,0.0,Parkin vs rest,26,0.7,0.62,0.32,0.0
10000,0.0005,0.002,0.1,0.0,phases,27,0.94,1.0,0.98,1.0
10000,0.0005,0.002,0.1,0.0,Parkin vs rest,27,0.9,1.0,0.9,1.0
10000,0.0005,0.002,0.1,0.0,phases,28,0.18,0.0,0.36,0.42
10000,0.0005,0.002,0.1,0.0,Parkin vs rest,28,0.3,0.0,0.0,0.0
10000,0.0005,0.002,0.1,0.0,phases,29,0.26,0.48,0.86,0.8
10000,0.0005,0.002,0.1,0.0,Parkin vs rest,29,0.22,0.0,0.5,0.38
10000,0.0005,0.002,0.1,0.0,phases,30,0.62,0.92,0.38,0.48
10000,0.0005,0.002,0.1,0.0,Parkin vs rest,30,0.9,1.0,0.9,1.0
10000,0.0005,0.002,0.1,0.0,phases,31,0.84,0.7,0.82,0.7
10000,0.0005,0.002,0.1,0.0,Parkin vs rest,31,0.48,0.0,0.2,0.0
10000,0.0005,0.002,0.1,0.0,phases,32,0.68,0.3,0.88,0.78
10000,0.0005,0.002,0.1,0.0,Parkin vs rest,32,0.72,0.38,0.68,0.38
10000,0.0005,0.002,0.1,0.0,phases,33,0.52,0.56,0.3,0.46
10000,0.0005,0.002,0.1,0.0,Parkin vs rest,33,0.84,1.0,0.9,1.0
10000,0.0005,0.002,0.1,0.0,phases,34,0.92,0.74,0.9,0.94
10000,0.0005,0.002,0.1,0.0,Parkin vs rest,34,0.6,0.38,0.88,1.0
10000,0.0005,0.002,0.1,0.0,phases,35,0.92,0.78,0.92,0.78
10000,0.0005,0.002,0.1,0.0,Parkin vs rest,35,0.08,0.0,0.0,0.0
10000,0.0005,0.002,0.1,0.0,phases,36,0.9,1.0,0.88,0.92
10000,0.0005,0.002,0.1,0.0,Parkin vs rest,36,0.8,1.0,0.86,1.0
10000,0.0005,0.002,0.1,0.0,phases,37,0.28,0.18,0.7,0.78
10000,0.0005,0.002,0.1,0.0,Parkin vs rest,37,0.52,0.38,0.44,1.0
10000,0.0005,0.002,0.1,0.0,phases,38,0.58,0.78,0.98,1.0
10000,0.0005,0.002,0.1,0.0,Parkin vs rest,38,0.56,0.38,0.9,1.0
10000,0.0005,0.002,0.1,0.0,phases,39,0.28,0.02,0.8,0.76
10000,0.0005,0.002,0.1,0.0,Parkin vs rest,39,0.38,0.0,0.42,0.0
10000,0.0005,0.002,0.1,0.0,phases,40,0.46,0.54,0.28,0.26
10000,0.0005,0.002,0.1,0.0,Parkin vs rest,40,0.62,0.62,0.86,1.0
10000,0.0005,0.002,0.1,0.0,phases,41,0.62,0.72,0.94,0.94
10000,0.0005,0.002,0.1,0.0,Parkin vs rest,41,0.4,0.0,0.2,0.0
10000,0.0005,0.002,0.1,0.0,phases,42,0.98,1.0,0.88,0.84
10000,0.0005,0.002,0.1,0.0,Parkin vs rest,42,0.36,0.0,0.04,0.0
10000,0.0005,0.002,0.1,0.0,phases,43,0.28,0.72,0.24,0.64
10000,0.0005,0.002,0.1,0.0,Parkin vs rest,43,0.34,0.38,0.22,0.38
10000,0.0005,0.002,0.1,0.0,phases,44,0.9,0.78,0.86,0.78
10000,0.0005,0.002,0.1,0.0,Parkin vs rest,44,0.66,0.62,0.0,0.0
10000,0.0005,0.002,0.1,0.0,phases,45,0.28,0.08,0.36,0.5
10000,0.0005,0.002,0.1,0.0,Parkin vs rest,45,0.38,0.0,0.88,1.0
10000,0.0005,0.002,0.1,0.0,phases,46,0.7,0.92,0.78,0.76
10000,0.0005,0.002,0.1,0.0,Parkin vs rest,46,0.0,0.0,0.04,0.0
10000,0.0005,0.002,0.1,0.0,phases,47,0.28,0.2,0.48,0.28
10000,0.0005,0.002,0.1,0.0,Parkin vs rest,47,0.66,0.62,0.56,0.38
10000,0.0005,0.002,0.1,0.0,phases,48,0.92,0.92,0.34,0.0
10000,0.0005,0.002,0.1,0.0,Parkin vs rest,48,0.86,1.0,0.5,0.62
10000,0.0005,0.002,0.1,0.0,phases,49,0.04,0.0,0.8,0.68
10000,0.0005,0.002,0.1,0.0,Parkin vs rest,49,0.38,0.62,0.0,0.0
10000,0.0005,0.002,0.1,0.0,phases,50,0.94,1.0,0.98,1.0
10000,0.0005,0.002,0.1,0.0,Parkin vs rest,50,0.8,1.0,0.86,1.0
10000,0.0005,0.002,0.1,0.0,phases,51,0.84,0.92,0.98,1.0
10000,0.0005,0.002,0.1,0.0,Parkin vs rest,51,0.9,1.0,0.36,0.62
10000,0.0005,0.002,0.1,0.0,phases,52,0.42,0.1,0.96,1.0
10000,0.0005,0.002,0.1,0.0,Parkin vs rest,52,0.56,0.38,0.9,1.0
10000,0.0005,0.002,0.1,0.0,phases,53,0.1,0.02,0.6,0.38
10000,0.0005,0.002,0.1,0.0,Parkin vs rest,53,0.28,0.0,0.86,1.0
10000,0.0005,0.002,0.1,0.0,phases,54,0.22,0.2,0.6,0.28
10000,0.0005,0.002,0.1,0.0,Parkin vs rest,54,0.52,0.62,0.64,0.62
10000,0.0005,0.002,0.1,0.0,phases,55,0.82,1.0,0.96,1.0
10000,0.0005,0.002,0.1,0.0,Parkin vs rest,55,0.7,1.0,0.04,0.0
10000,0.0005,0.002,0.1,0.0,phases,56,0.5,0.68,0.78,0.76
10000,0.0005,0.002,0.1,0.0,Parkin vs rest,56,0.56,0.62,0.02,0.0
10000,0.0005,0.002,0.1,0.0,phases,57,0.1,0.0,0.28,0.22
10000,0.0005,0.002,0.1,0.0,Parkin vs rest,57,0.68,0.62,0.76,0.62
10000,0.0005,0.002,0.1,0.0,phases,58,0.68,0.7,0.98,1.0
10000,0.0005,0.002,0.1,0.0,Parkin vs rest,58,0.26,0.62,0.28,0.38
10000,0.0005,0.002,0.1,0.0,phases,59,0.08,0.06,0.22,0.08
10000,0.0005,0.002,0.1,0.0,Parkin vs rest,59,0.3,0.0,0.46,0.62
10000,0.0005,0.002,0.1,0.0,phases,60,0.86,0.84,0.8,0.62
10000,0.0005,0.002,0.1,0.0,Parkin vs rest,60,0.84,1.0,0.28,0.0
10000,0.0005,0.002,0.1,0.0,phases,61,0.98,1.0,0.98,1.0
10000,0.0005,0.002,0.1,0.0,Parkin vs rest,61,0.9,1.0,0.78,1.0
10000,0.0005,0.002,0.1,0.0,phases,62,0.84,1.0,0.96,0.98
10000,0.0005,0.002,0.1,0.0,Parkin vs rest,62,0.9,1.0,0.9,1.0
10000,0.0005,0.002,0.1,0.0,phases,63,0.16,0.34,0.8,0.92
10000,0.0005,0.002,0.1,0.0,Parkin vs rest,63,0.1,0.0,0.04,0.0
10000,0.0005,0.002,0.1,0.0,phases,64,0.98,1.0,0.98,1.0
10000,0.0005,0.002,0.1,0.0,Parkin vs rest,64,0.84,1.0,0.24,0.0
10000,0.0005,0.002,0.1,0.0,phases,65,0.5,0.72,0.88,0.98
10000,0.0005,0.002,0.1,0.0,Parkin vs rest,65,0.84,1.0,0.88,1.0
10000,0.0005,0.002,0.1,0.0,phases,66,0.92,0.84,0.8,0.66
10000,0.0005,0.002,0.1,0.0,Parkin vs rest,66,0.9,1.0,0.9,1.0
10000,0.0005,0.002,0.1,0.0,phases,67,0.9,0.84,0.98,1.0
10000,0.0005,0.002,0.1,0.0,Parkin vs rest,67,0.62,0.62,0.32,1.0
10000,0.0005,0.002,0.1,0.0,phases,68,0.72,0.92,0.48,0.48
10000,0.0005,0.002,0.1,0.0,Parkin vs rest,68,0.64,1.0,0.04,0.0
10000,0.0005,0.002,0.1,0.0,phases,69,0.38,0.54,0.46,0.68
10000,0.0005,0.002,0.1,0.0,Parkin vs rest,69,0.52,1.0,0.04,0.0
10000,0.0005,0.002,0.1,0.0,phases,70,0.82,0.6,0.8,0.6
10000,0.0005,0.002,0.1,0.0,Parkin vs rest,70,0.8,1.0,0.52,0.38
10000,0.0005,0.002,0.1,0.0,phases,71,0.38,0.72,0.56,0.34
10000,0.0005,0.002,0.1,0.0,Parkin vs rest,71,0.32,0.38,0.04,0.0
10000,0.0005,0.002,0.1,0.0,phases,72,0.84,0.9,0.64,0.98
10000,0.0005,0.002,0.1,0.0,Parkin vs rest,72,0.9,1.0,0.82,1.0
10000,0.0005,0.002,0.1,0.0,phases,73,0.76,0.92,0.98,1.0
10000,0.0005,0.002,0.1,0.0,Parkin vs rest,73,0.84,1.0,0.86,1.0
10000,0.0005,0.002,0.1,0.0,phases,74,0.2,0.28,0.84,0.98
10000,0.0005,0.002,0.1,0.0,Parkin vs rest,74,0.62,1.0,0.64,1.0
10000,0.0005,0.002,0.1,0.0,phases,75,0.96,1.0,0.96,1.0
10000,0.0005,0.002,0.1,0.0,Parkin vs rest,75,0.76,1.0,0.0,0.0
10000,0.0005,0.002,0.1,0.0,phases,76,0.6,0.8,0.98,1.0
10000,0.0005,0.002,0.1,0.0,Parkin vs rest,76,0.58,0.38,0.54,0.38
10000,0.0005,0.002,0.1,0.0,phases,77,0.36,0.22,0.72,0.28
10000,0.0005,0.002,0.1,0.0,Parkin vs rest,77,0.62,0.62,0.9,1.0
10000,0.0005,0.002,0.1,0.0,phases,78,0.88,0.92,0.92,0.92
10000,0.0005,0.002,0.1,0.0,Parkin vs rest,78,0.82,1.0,0.0,0.0
10000,0.0005,0.002,0.1,0.0,phases,79,0.14,0.34,0.58,0.7
10000,0.0005,0.002,0.1,0.0,Parkin vs rest,79,0.0,0.0,0.0,0.0
10000,0.0005,0.002,0.1,0.0,phases,80,0.8,0.92,0.94,1.0
10000,0.0005,0.002,0.1,0.0,Parkin vs rest,80,0.86,1.0,0.9,1.0
10000,0.0005,0.002,0.1,0.0,phases,81,0.98,1.0,0.98,1.0
10000,0.0005,0.002,0.1,0.0,Parkin vs rest,81,0.9,1.0,0.82,1.0
10000,0.0005,0.002,0.1,0.0,phases,82,0.42,0.4,0.92,1.0
10000,0.0005,0.002,0.1,0.0,Parkin vs rest,82,0.42,0.38,0.08,0.0
10000,0.0005,0.002,0.1,0.0,phases,83,0.56,0.14,0.06,0.06
10000,0.0005,0.002,0.1,0.0,Parkin vs rest,83,0.82,1.0,0.64,1.0
10000,0.0005,0.002,0.1,0.0,phases,84,0.02,0.0,0.12,0.08
10000,0.0005,0.002,0.1,0.0,Parkin vs rest,84,0.4,0.62,0.2,0.0
10000,0.0005,0.002,0.1,0.0,phases,85,0.5,0.92,0.38,0.64
10000,0.0005,0.002,0.1,0.0,Parkin vs rest,85,0.76,0.62,0.62,0.62
10000,0.0005,0.002,0.1,0.0,phases,86,0.82,0.76,0.72,0.76
10000,0.0005,0.002,0.1,0.0,Parkin vs rest,86,0.62,0.62,0.72,0.62
10000,0.0005,0.002,0.1,0.0,phases,87,0.98,1.0,0.96,1.0
10000,0.0005,0.002,0.1,0.0,Parkin vs rest,87,0.72,1.0,0.08,0.0
10000,0.0005,0.002,0.1,0.0,phases,88,0.68,0.58,0.28,0.24
10000,0.0005,0.002,0.1,0.0,Parkin vs rest,88,0.82,1.0,0.48,0.0
10000,0.0005,0.002,0.1,0.0,phases,89,0.92,0.84,0.88,0.76
10000,0.0005,0.002,0.1,0.0,Parkin vs rest,89,0.76,0.62,0.56,0.0
10000,0.0005,0.002,0.1,0.0,phases,90,0.64,0.84,0.98,1.0
10000,0.0005,0.002,0.1,0.0,Parkin vs rest,90,0.18,0.0,0.32,1.0
10000,0.0005,0.002,0.1,0.0,phases,91,0.62,0.68,0.06,0.0
10000,0.0005,0.002,0.1,0.0,Parkin vs rest,91,0.58,0.62,0.0,0.0
10000,0.0005,0.002,0.1,0.0,phases,92,0.7,0.92,0.9,1.0
10000,0.0005,0.002,0.1,0.0,Parkin vs rest,92,0.8,1.0,0.7,1.0
10000,0.0005,0.002,0.1,0.0,phases,93,0.42,0.48,0.78,0.56
10000,0.0005,0.002,0.1,0.0,Parkin vs rest,93,0.52,0.62,0.46,1.0
10000,0.0005,0.002,0.1,0.0,phases,94,0.72,0.6,0.96,1.0
10000,0.0005,0.002,0.1,0.0,Parkin vs rest,94,0.9,1.0,0.4,0.0
10000,0.0005,0.002,0.1,0.0,phases,95,0.44,0.42,0.44,0.18
10000,0.0005,0.002,0.1,0.0,Parkin vs rest,95,0.42,0.0,0.6,0.38
10000,0.0005,0.002,0.1,0.0,phases,96,0.38,0.64,0.94,1.0
10000,0.0005,0.002,0.1,0.0,Parkin vs rest,96,0.36,0.38,0.26,0.38
10000,0.0005,0.002,0.1,0.0,phases,97,0.58,0.7,0.48,0.56
10000,0.0005,0.002,0.1,0.0,Parkin vs rest,97,0.66,0.62,0.26,0.0
10000,0.0005,0.002,0.1,0.0,phases,98,0.88,0.78,0.92,0.94
10000,0.0005,0.002,0.1,0.0,Parkin vs rest,98,0.46,0.38,0.04,0.0
10000,0.0005,0.002,0.1,0.0,phases,99,0.36,0.1,0.74,0.42
10000,0.0005,0.002,0.1,0.0,Parkin vs rest,99,0.26,0.0,0.04,0.0
10000,0.0005,0.002,0.03,0.0,phases,0,0.1,0.0,0.86,0.52
10000,0.0005,0.002,0.03,0.0,Parkin vs rest,0,0.44,0.0,0.04,0.0
10000,0.0005,0.002,0.03,0.0,phases,1,0.22,0.2,0.62,0.62
10000,0.0005,0.002,0.03,0.0,Parkin vs rest,1,0.52,0.62,0.9,1.0
10000,0.0005,0.002,0.03,0.0,phases,2,0.34,0.52,0.08,0.06
10000,0.0005,0.002,0.03,0.0,Parkin vs rest,2,0.58,0.62,0.44,0.62
10000,0.0005,0.002,0.03,0.0,phases,3,0.98,1.0,0.98,1.0
10000,0.0005,0.002,0.03,0.0,Parkin vs rest,3,0.88,1.0,0.24,0.0
10000,0.0005,0.002,0.03,0.0,phases,4,0.86,1.0,0.98,1.0
10000,0.0005,0.002,0.03,0.0,Parkin vs rest,4,0.66,0.62,0.4,0.38
10000,0.0005,0.002,0.03,0.0,phases,5,0.82,0.78,0.9,1.0
10000,0.0005,0.002,0.03,0.0,Parkin vs rest,5,0.9,1.0,0.9,1.0
10000,0.0005,0.002,0.03,0.0,phases,6,0.96,0.92,0.88,1.0
10000,0.0005,0.002,0.03,0.0,Parkin vs rest,6,0.84,1.0,0.0,0.0
10000,0.0005,0.002,0.03,0.0,phases,7,0.82,1.0,0.92,0.98
10000,0.0005,0.002,0.03,0.0,Parkin vs rest,7,0.6,0.38,0.6,0.38
10000,0.0005,0.002,0.03,0.0,phases,8,0.94,1.0,0.96,1.0
10000,0.0005,0.002,0.03,0.0,Parkin vs rest,8,0.9,1.0,0.9,1.0
10000,0.0005,0.002,0.03,0.0,phases,9,0.78,0.6,0.62,0.6
10000,0.0005,0.002,0.03,0.0,Parkin vs rest,9,0.86,1.0,0.86,1.0
10000,0.0005,0.002,0.03,0.0,phases,10,0.98,1.0,0.8,0.86
10000,0.0005,0.002,0.03,0.0,Parkin vs rest,10,0.9,1.0,0.86,1.0
10000,0.0005,0.002,0.03,0.0,phases,11,0.16,0.16,0.08,0.24
10000,0.0005,0.002,0.03,0.0,Parkin vs rest,11,0.38,0.38,0.9,1.0
10000,0.0005,0.002,0.03,0.0,phases,12,0.96,1.0,0.88,0.98
10000,0.0005,0.002,0.03,0.0,Parkin vs rest,12,0.9,1.0,0.9,1.0
10000,0.0005,0.002,0.03,0.0,phases,13,0.7,0.72,0.14,0.24
10000,0.0005,0.002,0.03,0.0,Parkin vs rest,13,0.7,1.0,0.66,0.62
10000,0.0005,0.002,0.03,0.0,phases,14,0.56,0.72,0.9,0.84
10000,0.0005,0.002,0.03,0.0,Parkin vs rest,14,0.56,1.0,0.0,0.0
10000,0.0005,0.002,0.03,0.0,phases,15,0.84,1.0,0.84,1.0
10000,0.0005,0.002,0.03,0.0,Parkin vs rest,15,0.86,1.0,0.46,1.0
10000,0.0005,0.002,0.03,0.0,phases,16,0.04,0.02,0.66,0.62
10000,0.0005,0.002,0.03,0.0,Parkin vs rest,16,0.3,0.62,0.04,0.0
10000,0.0005,0.002,0.03,0.0,phases,17,0.86,0.84,0.88,0.78
10000,0.0005,0.002,0.03,0.0,Parkin vs rest,17,0.32,0.38,0.0,0.0
10000,0.0005,0.002,0.03,0.0,phases,18,0.54,0.62,0.44,0.4
10000,0.0005,0.002,0.03,0.0,Parkin vs rest,18,0.46,0.38,0.86,1.0
10000,0.0005,0.002,0.03,0.0,phases,19,0.9,0.9,0.9,1.0
10000,0.0005,0.002,0.03,0.0,Parkin vs rest,19,0.86,1.0,0.86,1.0
10000,0.0005,0.002,0.03,0.0,phases,20,0.96,0.92,0.92,0.92
10000,0.0005,0.002,0.03,0.0,Parkin vs rest,20,0.74,0.62,0.24,0.0
10000,0.0005,0.002,0.03,0.0,phases,21,0.36,0.1,0.9,0.84
10000,0.0005,0.002,0.03,0.0,Parkin vs rest,21,0.34,0.62,0.38,0.62
10000,0.0005,0.002,0.03,0.0,phases,22,0.24,0.2,0.44,0.66
10000,0.0005,0.002,0.03,0.0,Parkin vs rest,22,0.58,0.62,0.32,0.38
10000,0.0005,0.002,0.03,0.0,phases,23,0.78,0.78,0.86,0.92
10000,0.0005,0.002,0.03,0.0,Parkin vs rest,23,0.74,1.0,0.04,0.0
10000,0.0005,0.002,0.03,0.0,phases,24,0.92,0.66,0.92,0.84
10000,0.0005,0.002,0.03,0.0,Parkin vs rest,24,0.9,1.0,0.9,1.0
10000,0.0005,0.002,0.03,0.0,phases,25,0.84,0.86,0.54,0.44
10000,0.0005,0.002,0.03,0.0,Parkin vs rest,25,0.88,1.0,0.02,0.0
10000,0.0005,0.002,0.03,0.0,phases,26,0.54,0.6,0.9,1.0
10000,0.0005,0.002,0.03,0.0,Parkin vs rest,26,0.74,1.0,0.4,0.38
10000,0.0005,0.002,0.03,0.0,phases,27,0.8,1.0,0.78,0.98
10000,0.0005,0.002,0.03,0.0,Parkin vs rest,27,0.9,1.0,0.06,0.0
10000,0.0005,0.002,0.03,0.0,phases,28,0.14,0.34,0.66,0.64
10000,0.0005,0.002,0.03,0.0,Parkin vs rest,28,0.2,0.0,0.0,0.0
10000,0.0005,0.002,0.03,0.0,phases,29,0.48,0.7,0.7,0.98
10000,0.0005,0.002,0.03,0.0,Parkin vs rest,29,0.48,0.38,0.5,1.0
10000,0.0005,0.002,0.03,0.0,phases,30,0.98,1.0,0.96,1.0
10000,0.0005,0.002,0.03,0.0,Parkin vs rest,30,0.9,1.0,0.9,1.0
10000,0.0005,0.002,0.03,0.0,phases,31,0.34,0.5,0.8,0.9
10000,0.0005,0.002,0.03,0.0,Parkin vs rest,31,0.72,1.0,0.58,0.38
10000,0.0005,0.002,0.03,0.0,phases,32,0.64,0.62,0.96,0.94
10000,0.0005,0.002,0.03,0.0,Parkin vs rest,32,0.28,0.0,0.9,1.0
10000,0.0005,0.002,0.03,0.0,phases,33,0.98,1.0,0.98,1.0
10000,0.0005,0.002,0.03,0.0,Parkin vs rest,33,0.86,1.0,0.48,1.0
10000,0.0005,0.002,0.03,0.0,phases,34,0.88,0.92,0.98,1.0
10000,0.0005,0.002,0.03,0.0,Parkin vs rest,34,0.14,0.38,0.04,0.0
10000,0.0005,0.002,0.03,0.0,phases,35,0.98,0.92,0.94,0.92
10000,0.0005,0.002,0.03,0.0,Parkin vs rest,35,0.86,1.0,0.66,0.62
10000,0.0005,0.002,0.03,0.0,phases,36,0.78,0.78,0.58,0.5
10000,0.0005,0.002,0.03,0.0,Parkin vs rest,36,0.04,0.0,0.04,0.0
10000,0.0005,0.002,0.03,0.0,phases,37,0.32,0.42,0.44,0.54
10000,0.0005,0.002,0.03,0.0,Parkin vs rest,37,0.3,0.62,0.86,1.0
10000,0.0005,0.002,0.03,0.0,phases,38,0.14,0.32,0.44,0.2
10000,0.0005,0.002,0.03,0.0,Parkin vs rest,38,0.34,0.0,0.12,0.0
10000,0.0005,0.002,0.03,0.0,phases,39,0.8,1.0,0.42,0.32
10000,0.0005,0.002,0.03,0.0,Parkin vs rest,39,0.86,1.0,0.7,1.0
10000,0.0005,0.002,0.03,0.0,phases,40,0.84,0.92,0.94,0.94
10000,0.0005,0.002,0.03,0.0,Parkin vs rest,40,0.56,1.0,0.04,0.0
10000,0.0005,0.002,0.03,0.0,phases,41,0.4,0.4,0.12,0.24
10000,0.0005,0.002,0.03,0.0,Parkin vs rest,41,0.42,0.38,0.9,1.0
10000,0.0005,0.002,0.03,0.0,phases,42,0.26,0.1,0.86,0.78
10000,0.0005,0.002,0.03,0.0,Parkin vs rest,42,0.38,0.62,0.0,0.0
10000,0.0005,0.002,0.03,0.0,phases,43,0.44,0.26,0.68,0.5
10000,0.0005,0.002,0.03,0.0,Parkin vs rest,43,0.7,0.62,0.76,1.0
10000,0.0005,0.002,0.03,0.0,phases,44,0.98,1.0,0.98,1.0
10000,0.0005,0.002,0.03,0.0,Parkin vs rest,44,0.9,1.0,0.9,1.0
10000,0.0005,0.002,0.03,0.0,phases,45,0.66,0.62,0.9,0.94
10000,0.0005,0.002,0.03,0.0,Parkin vs rest,45,0.46,0.62,0.5,1.0
10000,0.0005,0.002,0.03,0.0,phases,46,0.52,0.54,0.84,0.78
10000,0.0005,0.002,0.03,0.0,Parkin vs rest,46,0.66,0.62,0.14,0.0
10000,0.0005,0.002,0.03,0.0,phases,47,0.38,0.78,0.74,0.8
10000,0.0005,0.002,0.03,0.0,Parkin vs rest,47,0.54,0.38,0.5,0.38
10000,0.0005,0.002,0.03,0.0,phases,48,0.82,0.6,0.78,0.66
10000,0.0005,0.002,0.03,0.0,Parkin vs rest,48,0.9,1.0,0.9,1.0
10000,0.0005,0.002,0.03,0.0,phases,49,0.76,1.0,0.58,0.9
10000,0.0005,0.002,0.03,0.0,Parkin vs rest,49,0.7,0.62,0.28,0.0
10000,0.0005,0.002,0.03,0.0,phases,50,0.92,1.0,0.92,1.0
10000,0.0005,0.002,0.03,0.0,Parkin vs rest,50,0.86,1.0,0.54,0.38
10000,0.0005,0.002,0.03,0.0,phases,51,0.86,0.84,0.92,0.92
10000,0.0005,0.002,0.03,0.0,Parkin vs rest,51,0.78,1.0,0.9,1.0
10000,0.0005,0.002,0.03,0.0,phases,52,0.94,1.0,0.72,0.68
10000,0.0005,0.002,0.03,0.0,Parkin vs rest,52,0.9,1.0,0.9,1.0
10000,0.0005,0.002,0.03,0.0,phases,53,0.98,1.0,0.58,0.64
10000,0.0005,0.002,0.03,0.0,Parkin vs rest,53,0.8,1.0,0.28,0.0
10000,0.0005,0.002,0.03,0.0,phases,54,0.36,0.08,0.88,1.0
10000,0.0005,0.002,0.03,0.0,Parkin vs rest,54,0.9,1.0,0.56,1.0
10000,0.0005,0.002,0.03,0.0,phases,55,0.58,0.92,0.96,0.94
10000,0.0005,0.002,0.03,0.0,Parkin vs rest,55,0.48,0.38,0.42,0.38
10000,0.0005,0.002,0.03,0.0,phases,56,0.54,0.56,0.92,0.84
10000,0.0005,0.002,0.03,0.0,Parkin vs rest,56,0.68,1.0,0.5,1.0
10000,0.0005,0.002,0.03,0.0,phases,57,0.5,0.38,0.1,0.0
10000,0.0005,0.002,0.03,0.0,Parkin vs rest,57,0.46,0.62,0.9,1.0
10000,0.0005,0.002,0.03,0.0,phases,58,0.56,0.62,0.76,0.76
10000,0.0005,0.002,0.03,0.0,Parkin vs rest,58,0.38,0.0,0.2,0.0
10000,0.0005,0.002,0.03,0.0,phases,59,0.48,0.72,0.7,0.6
10000,0.0005,0.002,0.03,0.0,Parkin vs rest,59,0.5,0.38,0.22,0.38
10000,0.0005,0.002,0.03,0.0,phases,60,0.98,1.0,0.86,0.46
10000,0.0005,0.002,0.03,0.0,Parkin vs rest,60,0.86,1.0,0.9,1.0
10000,0.0005,0.002,0.03,0.0,phases,61,0.94,0.92,0.94,0.92
10000,0.0005,0.002,0.03,0.0,Parkin vs rest,61,0.9,1.0,0.72,0.38
10000,0.0005,0.002,0.03,0.0,phases,62,0.96,1.0,0.7,0.92
10000,0.0005,0.002,0.03,0.0,Parkin vs rest,62,0.76,1.0,0.04,0.0
10000,0.0005,0.002,0.03,0.0,phases,63,0.86,0.58,0.26,0.0
10000,0.0005,0.002,0.03,0.0,Parkin vs rest,63,0.9,1.0,0.54,0.38
10000,0.0005,0.002,0.03,0.0,phases,64,0.34,0.4,0.64,0.68
10000,0.0005,0.002,0.03,0.0,Parkin vs rest,64,0.5,0.62,0.44,0.38
10000,0.0005,0.002,0.03,0.0,phases,65,0.58,0.8,0.88,0.9
10000,0.0005,0.002,0.03,0.0,Parkin vs rest,65,0.64,0.38,0.62,0.38
10000,0.0005,0.002,0.03,0.0,phases,66,0.7,0.92,0.88,0.92
10000,0.0005,0.002,0.03,0.0,Parkin vs rest,66,0.68,0.62,0.48,0.62
10000,0.0005,0.002,0.03,0.0,phases,67,0.98,1.0,0.76,0.92
10000,0.0005,0.002,0.03,0.0,Parkin vs rest,67,0.66,0.62,0.18,0.0
10000,0.0005,0.002,0.03,0.0,phases,68,0.74,0.58,0.62,0.64
10000,0.0005,0.002,0.03,0.0,Parkin vs rest,68,0.44,0.38,0.0,0.0
10000,0.0005,0.002,0.03,0.0,phases,69,0.24,0.1,0.94,1.0
10000,0.0005,0.002,0.03,0.0,Parkin vs rest,69,0.58,0.62,0.0,0.0
10000,0.0005,0.002,0.03,0.0,phases,70,0.24,0.22,0.72,0.84
10000,0.0005,0.002,0.03,0.0,Parkin vs rest,70,0.32,0.38,0.02,0.0
10000,0.0005,0.002,0.03,0.0,phases,71,0.24,0.0,0.74,0.78
10000,0.0005,0.002,0.03,0.0,Parkin vs rest,71,0.46,0.0,0.32,0.0
10000,0.0005,0.002,0.03,0.0,phases,72,0.56,0.38,0.62,0.44
10000,0.0005,0.002,0.03,0.0,Parkin vs rest,72,0.72,0.62,0.72,1.0
10000,0.0005,0.002,0.03,0.0,phases,73,0.94,0.84,0.92,0.84
10000,0.0005,0.002,0.03,0.0,Parkin vs rest,73,0.9,1.0,0.84,1.0
10000,0.0005,0.002,0.03,0.0,phases,74,0.58,0.9,0.98,0.92
10000,0.0005,0.002,0.03,0.0,Parkin vs rest,74,0.6,1.0,0.9,1.0
10000,0.0005,0.002,0.03,0.0,phases,75,0.94,1.0,0.98,1.0
10000,0.0005,0.002,0.03,0.0,Parkin vs rest,75,0.8,1.0,0.58,1.0
10000,0.0005,0.002,0.03,0.0,phases,76,0.42,0.34,0.42,0.22
10000,0.0005,0.002,0.03,0.0,Parkin vs rest,76,0.62,0.38,0.16,0.0
10000,0.0005,0.002,0.03,0.0,phases,77,0.92,0.78,0.82,0.6
10000,0.0005,0.002,0.03,0.0,Parkin vs rest,77,0.9,1.0,0.36,0.0
10000,0.0005,0.002,0.03,0.0,phases,78,0.76,0.76,0.66,0.76
10000,0.0005,0.002,0.03,0.0,Parkin vs rest,78,0.9,1.0,0.9,1.0
10000,0.0005,0.002,0.03,0.0,phases,79,0.92,1.0,0.96,1.0
10000,0.0005,0.002,0.03,0.0,Parkin vs rest,79,0.76,1.0,0.24,0.0
10000,0.0005,0.002,0.03,0.0,phases,80,0.04,0.0,0.8,0.86
10000,0.0005,0.002,0.03,0.0,Parkin vs rest,80,0.38,0.62,0.24,0.38
10000,0.0005,0.002,0.03,0.0,phases,81,0.94,1.0,0.92,0.84
10000,0.0005,0.002,0.03,0.0,Parkin vs rest,81,0.9,1.0,0.9,1.0
10000,0.0005,0.002,0.03,0.0,phases,82,0.68,0.6,0.88,0.84
10000,0.0005,0.002,0.03,0.0,Parkin vs rest,82,0.9,1.0,0.9,1.0
10000,0.0005,0.002,0.03,0.0,phases,83,0.94,1.0,0.76,0.84
10000,0.0005,0.002,0.03,0.0,Parkin vs rest,83,0.68,1.0,0.28,0.38
10000,0.0005,0.002,0.03,0.0,phases,84,0.38,0.4,0.04,0.16
10000,0.0005,0.002,0.03,0.0,Parkin vs rest,84,0.66,0.62,0.08,0.0
10000,0.0005,0.002,0.03,0.0,phases,85,0.3,0.56,0.5,0.94
10000,0.0005,0.002,0.03,0.0,Parkin vs rest,85,0.04,0.0,0.34,0.38
10000,0.0005,0.002,0.03,0.0,phases,86,0.86,0.92,0.82,0.7
10000,0.0005,0.002,0.03,0.0,Parkin vs rest,86,0.32,0.38,0.6,0.38
10000,0.0005,0.002,0.03,0.0,phases,87,0.98,1.0,0.98,1.0
10000,0.0005,0.002,0.03,0.0,Parkin vs rest,87,0.5,0.38,0.04,0.0
10000,0.0005,0.002,0.03,0.0,phases,88,0.92,0.6,0.88,0.78
10000,0.0005,0.002,0.03,0.0,Parkin vs rest,88,0.86,1.0,0.24,0.0
10000,0.0005,0.002,0.03,0.0,phases,89,0.92,1.0,0.94,1.0
10000,0.0005,0.002,0.03,0.0,Parkin vs rest,89,0.9,1.0,0.9,1.0
10000,0.0005,0.002,0.03,0.0,phases,90,0.72,0.68,0.92,0.84
10000,0.0005,0.002,0.03,0.0,Parkin vs rest,90,0.84,1.0,0.52,1.0
10000,0.0005,0.002,0.03,0.0,phases,91,0.86,0.86,0.58,0.78
10000,0.0005,0.002,0.03,0.0,Parkin vs rest,91,0.54,0.62,0.0,0.0
10000,0.0005,0.002,0.03,0.0,phases,92,0.96,1.0,0.96,1.0
10000,0.0005,0.002,0.03,0.0,Parkin vs rest,92,0.9,1.0,0.66,0.38
10000,0.0005,0.002,0.03,0.0,phases,93,0.28,0.28,0.36,0.4
10000,0.0005,0.002,0.03,0.0,Parkin vs rest,93,0.5,0.62,0.06,0.0
10000,0.0005,0.002,0.03,0.0,phases,94,0.5,0.38,0.66,0.7
10000,0.0005,0.002,0.03,0.0,Parkin vs rest,94,0.72,0.62,0.84,1.0
10000,0.0005,0.002,0.03,0.0,phases,95,0.32,0.34,0.88,0.72
10000,0.0005,0.002,0.03,0.0,Parkin vs rest,95,0.1,0.0,0.14,0.0
10000,0.0005,0.002,0.03,0.0,phases,96,0.6,0.84,0.58,0.4
10000,0.0005,0.002,0.03,0.0,Parkin vs rest,96,0.62,1.0,0.54,0.38
10000,0.0005,0.002,0.03,0.0,phases,97,0.66,0.42,0.2,0.3
10000,0.0005,0.002,0.03,0.0,Parkin vs rest,97,0.42,0.0,0.14,0.0
10000,0.0005,0.002,0.03,0.0,phases,98,0.86,1.0,0.9,0.98
10000,0.0005,0.002,0.03,0.0,Parkin vs rest,98,0.86,1.0,0.68,0.38
10000,0.0005,0.002,0.03,0.0,phases,99,0.48,0.52,0.8,0.76
10000,0.0005,0.002,0.03,0.0,Parkin vs rest,99,0.68,0.62,0.18,0.0
10000,0.0005,0.002,1.0,0.2,phases,0,0.04,0.0,0.18,0.42
10000,0.0005,0.002,1.0,0.2,Parkin vs rest,0,0.32,0.62,0.78,1.0
10000,0.0005,0.002,1.0,0.2,phases,1,0.76,0.84,0.54,0.46
10000,0.0005,0.002,1.0,0.2,Parkin vs rest,1,0.9,1.0,0.9,1.0
10000,0.0005,0.002,1.0,0.2,phases,2,0.22,0.02,0.74,0.84
10000,0.0005,0.002,1.0,0.2,Parkin vs rest,2,0.58,0.62,0.86,1.0
10000,0.0005,0.002,1.0,0.2,phases,3,0.22,0.32,0.1,0.16
10000,0.0005,0.002,1.0,0.2,Parkin vs rest,3,0.26,0.38,0.38,0.38
10000,0.0005,0.002,1.0,0.2,phases,4,0.56,0.3,0.18,0.0
10000,0.0005,0.002,1.0,0.2,Parkin vs rest,4,0.72,0.62,0.86,1.0
10000,0.0005,0.002,1.0,0.2,phases,5,0.68,0.62,0.66,0.76
10000,0.0005,0.002,1.0,0.2,Parkin vs rest,5,0.9,1.0,0.9,1.0
10000,0.0005,0.002,1.0,0.2,phases,6,0.64,0.92,0.14,0.3
10000,0.0005,0.002,1.0,0.2,Parkin vs rest,6,0.74,1.0,0.14,0.38
10000,0.0005,0.002,1.0,0.2,phases,7,0.92,0.84,0.92,0.6
10000,0.0005,0.002,1.0,0.2,Parkin vs rest,7,0.9,1.0,0.9,1.0
10000,0.0005,0.002,1.0,0.2,phases,8,0.9,0.78,0.9,0.84
10000,0.0005,0.002,1.0,0.2,Parkin vs rest,8,0.7,0.62,0.0,0.0
10000,0.0005,0.002,1.0,0.2,phases,9,0.68,0.74,0.54,0.24
10000,0.0005,0.002,1.0,0.2,Parkin vs rest,9,0.02,0.0,0.04,0.0
10000,0.0005,0.002,1.0,0.2,phases,10,0.74,0.78,0.82,0.78
10000,0.0005,0.002,1.0,0.2,Parkin vs rest,10,0.5,0.38,0.28,0.62
10000,0.0005,0.002,1.0,0.2,phases,11,0.92,0.78,0.86,0.78
10000,0.0005,0.002,1.0,0.2,Parkin vs rest,11,0.72,0.38,0.04,0.0
10000,0.0005,0.002,1.0,0.2,phases,12,0.94,0.98,0.88,0.84
10000,0.0005,0.002,1.0,0.2,Parkin vs rest,12,0.86,1.0,0.86,1.0
10000,0.0005,0.002,1.0,0.2,phases,13,0.12,0.2,0.72,0.68
10000,0.0005,0.002,1.0,0.2,Parkin vs rest,13,0.24,0.0,0.4,0.38
10000,0.0005,0.002,1.0,0.2,phases,14,0.5,0.22,0.92,0.98
10000,0.0005,0.002,1.0,0.2,Parkin vs rest,14,0.62,0.38,0.44,0.38
10000,0.0005,0.002,1.0,0.2,phases,15,0.88,0.78,0.88,0.78
10000,0.0005,0.002,1.0,0.2,Parkin vs rest,15,0.4,0.0,0.04,0.0
10000,0.0005,0.002,1.0,0.2,phases,16,0.58,0.76,0.34,0.48
10000,0.0005,0.002,1.0,0.2,Parkin vs rest,16,0.9,1.0,0.9,1.0
10000,0.0005,0.002,1.0,0.2,phases,17,0.92,0.76,0.98,1.0
10000,0.0005,0.002,1.0,0.2,Parkin vs rest,17,0.76,0.62,0.88,1.0
10000,0.0005,0.002,1.0,0.2,phases,18,0.38,0.34,0.8,0.92
10000,0.0005,0.002,1.0,0.2,Parkin vs rest,18,0.68,0.62,0.4,0.0
10000,0.0005,0.002,1.0,0.2,phases,19,0.22,0.22,0.14,0.34
10000,0.0005,0.002,1.0,0.2,Parkin vs rest,19,0.58,0.62,0.16,0.0
10000,0.0005,0.002,1.0,0.2,phases,20,0.62,0.68,0.94,0.84
10000,0.0005,0.002,1.0,0.2,Parkin vs rest,20,0.7,0.62,0.46,0.62
10000,0.0005,0.002,1.0,0.2,phases,21,0.42,0.24,0.58,0.46
10000,0.0005,0.002,1.0,0.2,Parkin vs rest,21,0.64,1.0,0.86,1.0
10000,0.0005,0.002,1.0,0.2,phases,22,0.6,0.48,0.74,0.46
10000,0.0005,0.002,1.0,0.2,Parkin vs rest,22,0.7,0.62,0.74,0.62
10000,0.0005,0.002,1.0,0.2,phases,23,0.58,0.54,0.74,0.5
10000,0.0005,0.002,1.0,0.2,Parkin vs rest,23,0.66,0.62,0.88,1.0
10000,0.0005,0.002,1.0,0.2,phases,24,0.26,0.74,0.74,0.8
10000,0.0005,0.002,1.0,0.2,Parkin vs rest,24,0.32,0.38,0.24,0.38
10000,0.0005,0.002,1.0,0.2,phases,25,0.98,1.0,0.9,0.94
10000,0.0005,0.002,1.0,0.2,Parkin vs rest,25,0.58,0.38,0.0,0.0
10000,0.0005,0.002,1.0,0.2,phases,26,0.78,0.92,0.54,0.5
10000,0.0005,0.002,1.0,0.2,Parkin vs rest,26,0.76,1.0,0.46,0.0
10000,0.0005,0.002,1.0,0.2,phases,27,0.42,0.28,0.32,0.38
10000,0.0005,0.002,1.0,0.2,Parkin vs rest,27,0.7,0.62,0.3,0.0
10000,0.0005,0.002,1.0,0.2,phases,28,0.42,0.48,0.88,0.76
10000,0.0005,0.002,1.0,0.2,Parkin vs rest,28,0.6,0.62,0.08,0.0
10000,0.0005,0.002,1.0,0.2,phases,29,0.76,0.78,0.72,0.4
10000,0.0005,0.002,1.0,0.2,Parkin vs rest,29,0.76,0.62,0.5,0.0
10000,0.0005,0.002,1.0,0.2,phases,30,0.36,0.3,0.72,0.66
10000,0.0005,0.002,1.0,0.2,Parkin vs rest,30,0.32,0.38,0.18,0.38
10000,0.0005,0.002,1.0,0.2,phases,31,0.9,0.98,0.78,0.84
10000,0.0005,0.002,1.0,0.2,Parkin vs rest,31,0.9,1.0,0.9,1.0
10000,0.0005,0.002,1.0,0.2,phases,32,0.64,0.52,0.88,1.0
10000,0.0005,0.002,1.0,0.2,Parkin vs rest,32,0.86,1.0,0.54,1.0
10000,0.0005,0.002,1.0,0.2,phases,33,0.14,0.02,0.18,0.16
10000,0.0005,0.002,1.0,0.2,Parkin vs rest,33,0.2,0.0,0.54,0.38
10000,0.0005,0.002,1.0,0.2,phases,34,0.48,0.22,0.46,0.46
10000,0.0005,0.002,1.0,0.2,Parkin vs rest,34,0.66,0.62,0.62,0.62
10000,0.0005,0.002,1.0,0.2,phases,35,0.6,0.54,0.94,0.84
10000,0.0005,0.002,1.0,0.2,Parkin vs rest,35,0.66,0.62,0.56,0.62
10000,0.0005,0.002,1.0,0.2,phases,36,0.7,0.46,0.54,0.7
10000,0.0005,0.002,1.0,0.2,Parkin vs rest,36,0.36,0.0,0.1,0.0
10000,0.0005,0.002,1.0,0.2,phases,37,0.98,1.0,0.98,1.0
10000,0.0005,0.002,1.0,0.2,Parkin vs rest,37,0.9,1.0,0.9,1.0
10000,0.0005,0.002,1.0,0.2,phases,38,0.4,0.06,0.54,0.3
10000,0.0005,0.002,1.0,0.2,Parkin vs rest,38,0.7,0.62,0.46,0.0
10000,0.0005,0.002,1.0,0.2,phases,39,0.92,1.0,0.9,0.94
10000,0.0005,0.002,1.0,0.2,Parkin vs rest,39,0.26,0.38,0.04,0.0
10000,0.0005,0.002,1.0,0.2,phases,40,0.94,0.84,0.98,1.0
10000,0.0005,0.002,1.0,0.2,Parkin vs rest,40,0.9,1.0,0.9,1.0
10000,0.0005,0.002,1.0,0.2,phases,41,0.9,0.84,0.94,0.84
10000,0.0005,0.002,1.0,0.2,Parkin vs rest,41,0.66,0.62,0.52,0.62
10000,0.0005,0.002,1.0,0.2,phases,42,0.78,0.84,0.86,0.78
10000,0.0005,0.002,1.0,0.2,Parkin vs rest,42,0.64,0.38,0.84,1.0
10000,0.0005,0.002,1.0,0.2,phases,43,0.78,0.6,0.48,0.3
10000,0.0005,0.002,1.0,0.2,Parkin vs rest,43,0.86,1.0,0.9,1.0
10000,0.0005,0.002,1.0,0.2,phases,44,0.3,0.22,0.76,0.86
10000,0.0005,0.002,1.0,0.2,Parkin vs rest,44,0.52,0.62,0.26,0.0
10000,0.0005,0.002,1.0,0.2,phases,45,0.76,0.62,0.88,0.92
10000,0.0005,0.002,1.0,0.2,Parkin vs rest,45,0.62,0.62,0.16,0.0
10000,0.0005,0.002,1.0,0.2,phases,46,0.9,0.84,0.94,0.84
10000,0.0005,0.002,1.0,0.2,Parkin vs rest,46,0.66,0.62,0.84,1.0
10000,0.0005,0.002,1.0,0.2,phases,47,0.14,0.02,0.18,0.16
10000,0.0005,0.002,1.0,0.2,Parkin vs rest,47,0.26,0.0,0.9,1.0
10000,0.0005,0.002,1.0,0.2,phases,48,0.22,0.22,0.06,0.0
10000,0.0005,0.002,1.0,0.2,Parkin vs rest,48,0.62,0.62,0.78,1.0
10000,0.0005,0.002,1.0,0.2,phases,49,0.9,0.94,0.92,0.94
10000,0.0005,0.002,1.0,0.2,Parkin vs rest,49,0.9,1.0,0.2,0.38
10000,0.0005,0.002,1.0,0.2,phases,50,0.9,0.86,0.74,0.76
10000,0.0005,0.002,1.0,0.2,Parkin vs rest,50,0.9,1.0,0.9,1.0
10000,0.0005,0.002,1.0,0.2,phases,51,0.98,1.0,0.82,0.84
10000,0.0005,0.002,1.0,0.2,Parkin vs rest,51,0.86,1.0,0.86,1.0
10000,0.0005,0.002,1.0,0.2,phases,52,0.98,1.0,0.9,0.94
10000,0.0005,0.002,1.0,0.2,Parkin vs rest,52,0.86,1.0,0.14,0.38
10000,0.0005,0.002,1.0,0.2,phases,53,0.68,0.7,0.68,0.7
10000,0.0005,0.002,1.0,0.2,Parkin vs rest,53,0.72,0.62,0.9,1.0
10000,0.0005,0.002,1.0,0.2,phases,54,0.98,1.0,0.92,1.0
10000,0.0005,0.002,1.0,0.2,Parkin vs rest,54,0.66,0.38,0.08,0.0
10000,0.0005,0.002,1.0,0.2,phases,55,0.2,0.1,0.84,0.7
10000,0.0005,0.002,1.0,0.2,Parkin vs rest,55,0.54,0.62,0.12,0.0
10000,0.0005,0.002,1.0,0.2,phases,56,0.98,1.0,0.98,1.0
10000,0.0005,0.002,1.0,0.2,Parkin vs rest,56,0.9,1.0,0.18,0.0
10000,0.0005,0.002,1.0,0.2,phases,57,0.66,0.72,0.2,0.56
10000,0.0005,0.002,1.0,0.2,Parkin vs rest,57,0.86,1.0,0.42,0.38
10000,0.0005,0.002,1.0,0.2,phases,58,0.66,0.62,0.3,0.06
10000,0.0005,0.002,1.0,0.2,Parkin vs rest,58,0.86,1.0,0.86,1.0
10000,0.0005,0.002,1.0,0.2,phases,59,0.34,0.7,0.74,0.66
10000,0.0005,0.002,1.0,0.2,Parkin vs rest,59,0.38,0.38,0.86,1.0
10000,0.0005,0.002,1.0,0.2,phases,60,0.6,0.52,0.38,0.22
10000,0.0005,0.002,1.0,0.2,Parkin vs rest,60,0.72,0.62,0.86,1.0
10000,0.0005,0.002,1.0,0.2,phases,61,0.96,0.94,0.9,0.94
10000,0.0005,0.002,1.0,0.2,Parkin vs rest,61,0.82,1.0,0.0,0.0
10000,0.0005,0.002,1.0,0.2,phases,62,0.38,0.02,0.52,0.4
10000,0.0005,0.002,1.0,0.2,Parkin vs rest,62,0.76,0.62,0.6,0.62
10000,0.0005,0.002,1.0,0.2,phases,63,0.12,0.02,0.2,0.32
10000,0.0005,0.002,1.0,0.2,Parkin vs rest,63,0.18,0.0,0.04,0.0
10000,0.0005,0.002,1.0,0.2,phases,64,0.88,0.84,0.98,1.0
10000,0.0005,0.002,1.0,0.2,Parkin vs rest,64,0.9,1.0,0.28,0.38
10000,0.0005,0.002,1.0,0.2,phases,65,0.12,0.08,0.36,0.34
10000,0.0005,0.002,1.0,0.2,Parkin vs rest,65,0.28,0.0,0.24,0.0
10000,0.0005,0.002,1.0,0.2,phases,66,0.28,0.08,0.08,0.0
10000,0.0005,0.002,1.0,0.2,Parkin vs rest,66,0.42,0.0,0.36,0.0
10000,0.0005,0.002,1.0,0.2,phases,67,0.48,0.3,0.2,0.42
10000,0.0005,0.002,1.0,0.2,Parkin vs rest,67,0.66,0.62,0.86,1.0
10000,0.0005,0.002,1.0,0.2,phases,68,0.9,0.84,0.94,0.84
10000,0.0005,0.002,1.0,0.2,Parkin vs rest,68,0.66,0.62,0.66,0.62
10000,0.0005,0.002,1.0,0.2,phases,69,0.7,0.52,0.42,0.36
10000,0.0005,0.002,1.0,0.2,Parkin vs rest,69,0.86,1.0,0.9,1.0
10000,0.0005,0.002,1.0,0.2,phases,70,0.98,1.0,0.98,1.0
10000,0.0005,0.002,1.0,0.2,Parkin vs rest,70,0.9,1.0,0.8,1.0
10000,0.0005,0.002,1.0,0.2,phases,71,0.58,0.46,0.92,0.84
10000,0.0005,0.002,1.0,0.2,Parkin vs rest,71,0.7,0.62,0.6,0.62
10000,0.0005,0.002,1.0,0.2,phases,72,0.88,0.76,0.64,0.76
10000,0.0005,0.002,1.0,0.2,Parkin vs rest,72,0.9,1.0,0.9,1.0
10000,0.0005,0.002,1.0,0.2,phases,73,0.72,0.3,0.72,0.92
10000,0.0005,0.002,1.0,0.2,Parkin vs rest,73,0.82,1.0,0.2,0.0
10000,0.0005,0.002,1.0,0.2,phases,74,0.88,1.0,0.92,1.0
10000,0.0005,0.002,1.0,0.2,Parkin vs rest,74,0.9,1.0,0.9,1.0
10000,0.0005,0.002,1.0,0.2,phases,75,0.94,0.84,0.98,1.0
10000,0.0005,0.002,1.0,0.2,Parkin vs rest,75,0.86,1.0,0.86,1.0
10000,0.0005,0.002,1.0,0.2,phases,76,0.94,0.84,0.88,0.84
10000,0.0005,0.002,1.0,0.2,Parkin vs rest,76,0.86,1.0,0.0,0.0
10000,0.0005,0.002,1.0,0.2,phases,77,0.7,0.84,0.88,1.0
10000,0.0005,0.002,1.0,0.2,Parkin vs rest,77,0.66,0.62,0.54,0.62
10000,0.0005,0.002,1.0,0.2,phases,78,0.86,0.78,0.84,0.58
10000,0.0005,0.002,1.0,0.2,Parkin vs rest,78,0.54,0.62,0.0,0.0
10000,0.0005,0.002,1.0,0.2,phases,79,0.98,1.0,0.8,0.76
10000,0.0005,0.002,1.0,0.2,Parkin vs rest,79,0.86,1.0,0.9,1.0
10000,0.0005,0.002,1.0,0.2,phases,80,0.66,0.62,0.38,0.06
10000,0.0005,0.002,1.0,0.2,Parkin vs rest,80,0.86,1.0,0.9,1.0
10000,0.0005,0.002,1.0,0.2,phases,81,0.82,0.84,0.76,0.7
10000,0.0005,0.002,1.0,0.2,Parkin vs rest,81,0.58,0.62,0.0,0.0
10000,0.0005,0.002,1.0,0.2,phases,82,0.7,0.98,0.78,0.66
10000,0.0005,0.002,1.0,0.2,Parkin vs rest,82,0.9,1.0,0.9,1.0
10000,0.0005,0.002,1.0,0.2,phases,83,0.62,0.46,0.46,0.24
10000,0.0005,0.002,1.0,0.2,Parkin vs rest,83,0.7,0.62,0.7,0.62
10000,0.0005,0.002,1.0,0.2,phases,84,0.94,0.98,0.82,0.84
10000,0.0005,0.002,1.0,0.2,Parkin vs rest,84,0.9,1.0,0.9,1.0
10000,0.0005,0.002,1.0,0.2,phases,85,0.22,0.1,0.84,0.7
10000,0.0005,0.002,1.0,0.2,Parkin vs rest,85,0.66,0.62,0.12,0.0
10000,0.0005,0.002,1.0,0.2,phases,86,0.98,1.0,0.98,1.0
10000,0.0005,0.002,1.0,0.2,Parkin vs rest,86,0.86,1.0,0.88,1.0
10000,0.0005,0.002,1.0,0.2,phases,87,0.5,0.36,0.16,0.08
10000,0.0005,0.002,1.0,0.2,Parkin vs rest,87,0.7,0.62,0.9,1.0
10000,0.0005,0.002,1.0,0.2,phases,88,0.66,0.78,0.78,0.84
10000,0.0005,0.002,1.0,0.2,Parkin vs rest,88,0.68,0.62,0.26,0.62
10000,0.0005,0.002,1.0,0.2,phases,89,0.6,0.54,0.16,0.0
10000,0.0005,0.002,1.0,0.2,Parkin vs rest,89,0.82,1.0,0.6,1.0
10000,0.0005,0.002,1.0,0.2,phases,90,0.34,0.4,0.64,0.64
10000,0.0005,0.002,1.0,0.2,Parkin vs rest,90,0.76,1.0,0.12,0.0
10000,0.0005,0.002,1.0,0.2,phases,91,0.4,0.3,0.4,0.08
10000,0.0005,0.002,1.0,0.2,Parkin vs rest,91,0.72,0.62,0.36,0.0
10000,0.0005,0.002,1.0,0.2,phases,92,0.62,0.48,0.78,0.7
10000,0.0005,0.002,1.0,0.2,Parkin vs rest,92,0.66,0.62,0.9,1.0
10000,0.0005,0.002,1.0,0.2,phases,93,0.98,1.0,0.88,0.76
10000,0.0005,0.002,1.0,0.2,Parkin vs rest,93,0.9,1.0,0.9,1.0
10000,0.0005,0.002,1.0,0.2,phases,94,0.4,0.3,0.78,0.78
10000,0.0005,0.002,1.0,0.2,Parkin vs rest,94,0.66,0.62,0.8,1.0
10000,0.0005,0.002,1.0,0.2,phases,95,0.72,0.76,0.94,0.84
10000,0.0005,0.002,1.0,0.2,Parkin vs rest,95,0.7,0.62,0.88,1.0
10000,0.0005,0.002,1.0,0.2,phases,96,0.44,0.02,0.08,0.0
10000,0.0005,0.002,1.0,0.2,Parkin vs rest,96,0.5,0.62,0.04,0.0
10000,0.0005,0.002,1.0,0.2,phases,97,0.42,0.22,0.48,0.44
10000,0.0005,0.002,1.0,0.2,Parkin vs rest,97,0.66,0.62,0.08,0.0
10000,0.0005,0.002,1.0,0.2,phases,98,0.96,1.0,0.98,1.0
10000,0.0005,0.002,1.0,0.2,Parkin vs rest,98,0.9,1.0,0.7,1.0
10000,0.0005,0.002,1.0,0.2,phases,99,0.62,0.3,0.92,1.0
10000,0.0005,0.002,1.0,0.2,Parkin vs rest,99,0.56,0.62,0.54,1.0
10000,0.0005,0.002,0.03,0.2,phases,0,0.98,1.0,0.98,1.0
10000,0.0005,0.002,0.03,0.2,Parkin vs rest,0,0.84,1.0,0.84,1.0
10000,0.0005,0.002,0.03,0.2,phases,1,0.42,0.52,0.8,0.84
10000,0.0005,0.002,0.03,0.2,Parkin vs rest,1,0.74,1.0,0.68,1.0
10000,0.0005,0.002,0.03,0.2,phases,2,0.98,1.0,0.98,1.0
10000,0.0005,0.002,0.03,0.2,Parkin vs rest,2,0.84,1.0,0.66,0.62
10000,0.0005,0.002,0.03,0.2,phases,3,0.96,1.0,0.88,0.84
10000,0.0005,0.002,0.03,0.2,Parkin vs rest,3,0.9,1.0,0.9,1.0
10000,0.0005,0.002,0.03,0.2,phases,4,0.98,1.0,0.98,1.0
10000,0.0005,0.002,0.03,0.2,Parkin vs rest,4,0.84,1.0,0.8,1.0
10000,0.0005,0.002,0.03,0.2,phases,5,0.38,0.4,0.5,0.16
10000,0.0005,0.002,0.03,0.2,Parkin vs rest,5,0.68,0.62,0.42,0.0
10000,0.0005,0.002,0.03,0.2,phases,6,0.58,0.8,0.98,1.0
10000,0.0005,0.002,0.03,0.2,Parkin vs rest,6,0.4,0.38,0.34,0.38
10000,0.0005,0.002,0.03,0.2,phases,7,0.88,0.84,0.94,0.98
10000,0.0005,0.002,0.03,0.2,Parkin vs rest,7,0.86,1.0,0.86,1.0
10000,0.0005,0.002,0.03,0.2,phases,8,0.96,1.0,0.98,1.0
10000,0.0005,0.002,0.03,0.2,Parkin vs rest,8,0.84,1.0,0.8,1.0
10000,0.0005,0.002,0.03,0.2,phases,9,0.98,1.0,0.98,1.0
10000,0.0005,0.002,0.03,0.2,Parkin vs rest,9,0.84,1.0,0.8,1.0
10000,0.0005,0.002,0.03,0.2,phases,10,0.34,0.2,0.5,0.16
10000,0.0005,0.002,0.03,0.2,Parkin vs rest,10,0.66,0.62,0.72,0.62
10000,0.0005,0.002,0.03,0.2,phases,11,0.12,0.56,0.8,0.92
10000,0.0005,0.002,0.03,0.2,Parkin vs rest,11,0.04,0.0,0.36,0.38
10000,0.0005,0.002,0.03,0.2,phases,12,0.98,1.0,0.98,1.0
10000,0.0005,0.002,0.03,0.2,Parkin vs rest,12,0.9,1.0,0.88,1.0
10000,0.0005,0.002,0.03,0.2,phases,13,0.96,1.0,0.88,0.84
10000,0.0005,0.002,0.03,0.2,Parkin vs rest,13,0.9,1.0,0.9,1.0
10000,0.0005,0.002,0.03,0.2,phases,14,0.88,0.78,0.88,0.84
10000,0.0005,0.002,0.03,0.2,Parkin vs rest,14,0.9,1.0,0.0,0.0
10000,0.0005,0.002,0.03,0.2,phases,15,0.9,0.76,0.54,0.6
10000,0.0005,0.002,0.03,0.2,Parkin vs rest,15,0.9,1.0,0.86,1.0
10000,0.0005,0.002,0.03,0.2,phases,16,0.62,0.44,0.88,0.78
10000,0.0005,0.002,0.03,0.2,Parkin vs rest,16,0.72,1.0,0.18,0.38
10000,0.0005,0.002,0.03,0.2,phases,17,0.98,1.0,0.98,1.0
10000,0.0005,0.002,0.03,0.2,Parkin vs rest,17,0.9,1.0,0.88,1.0
10000,0.0005,0.002,0.03,0.2,phases,18,0.98,1.0,0.88,0.84
10000,0.0005,0.002,0.03,0.2,Parkin vs rest,18,0.9,1.0,0.0,0.0
10000,0.0005,0.002,0.03,0.2,phases,19,0.98,1.0,0.98,1.0
10000,0.0005,0.002,0.03,0.2,Parkin vs rest,19,0.86,1.0,0.88,1.0
10000,0.0005,0.002,0.03,0.2,phases,20,0.86,0.58,0.22,0.16
10000,0.0005,0.002,0.03,0.2,Parkin vs rest,20,0.86,1.0,0.9,1.0
10000,0.0005,0.002,0.03,0.2,phases,21,0.96,1.0,0.98,1.0
10000,0.0005,0.002,0.03,0.2,Parkin vs rest,21,0.9,1.0,0.9,1.0
10000,0.0005,0.002,0.03,0.2,phases,22,0.5,0.46,0.64,0.68
10000,0.0005,0.002,0.03,0.2,Parkin vs rest,22,0.7,0.62,0.9,1.0
10000,0.0005,0.002,0.03,0.2,phases,23,0.98,1.0,0.86,1.0
10000,0.0005,0.002,0.03,0.2,Parkin vs rest,23,0.9,1.0,0.12,0.0
10000,0.0005,0.002,0.03,0.2,phases,24,0.24,0.02,0.88,0.78
10000,0.0005,0.002,0.03,0.2,Parkin vs rest,24,0.34,0.0,0.0,0.0
10000,0.0005,0.002,0.03,0.2,phases,25,0.22,0.24,0.62,0.64
10000,0.0005,0.002,0.03,0.2,Parkin vs rest,25,0.62,0.62,0.24,0.0
10000,0.0005,0.002,0.03,0.2,phases,26,0.96,1.0,0.86,0.78
10000,0.0005,0.002,0.03,0.2,Parkin vs rest,26,0.5,0.38,0.04,0.0
10000,0.0005,0.002,0.03,0.2,phases,27,0.98,1.0,0.98,1.0
10000,0.0005,0.002,0.03,0.2,Parkin vs rest,27,0.84,1.0,0.8,1.0
10000,0.0005,0.002,0.03,0.2,phases,28,0.88,0.92,0.96,1.0
10000,0.0005,0.002,0.03,0.2,Parkin vs rest,28,0.82,1.0,0.2,0.0
10000,0.0005,0.002,0.03,0.2,phases,29,0.98,1.0,0.98,1.0
10000,0.0005,0.002,0.03,0.2,Parkin vs rest,29,0.9,1.0,0.84,1.0
10000,0.0005,0.002,0.03,0.2,phases,30,0.98,1.0,0.98,1.0
10000,0.0005,0.002,0.03,0.2,Parkin vs rest,30,0.8,1.0,0.68,1.0
10000,0.0005,0.002,0.03,0.2,phases,31,0.34,0.22,0.88,0.84
10000,0.0005,0.002,0.03,0.2,Parkin vs rest,31,0.54,0.62,0.04,0.0
10000,0.0005,0.002,0.03,0.2,phases,32,0.98,1.0,0.98,1.0
10000,0.0005,0.002,0.03,0.2,Parkin vs rest,32,0.88,1.0,0.74,1.0
10000,0.0005,0.002,0.03,0.2,phases,33,0.68,0.6,0.98,1.0
10000,0.0005,0.002,0.03,0.2,Parkin vs rest,33,0.9,1.0,0.9,1.0
10000,0.0005,0.002,0.03,0.2,phases,34,0.84,0.84,0.92,0.84
10000,0.0005,0.002,0.03,0.2,Parkin vs rest,34,0.62,0.62,0.04,0.0
10000,0.0005,0.002,0.03,0.2,phases,35,0.98,1.0,0.98,1.0
10000,0.0005,0.002,0.03,0.2,Parkin vs rest,35,0.8,1.0,0.74,1.0
10000,0.0005,0.002,0.03,0.2,phases,36,0.42,0.8,0.8,0.76
10000,0.0005,0.002,0.03,0.2,Parkin vs rest,36,0.08,0.0,0.36,1.0
10000,0.0005,0.002,0.03,0.2,phases,37,0.98,1.0,0.98,1.0
10000,0.0005,0.002,0.03,0.2,Parkin vs rest,37,0.84,1.0,0.8,1.0
10000,0.0005,0.002,0.03,0.2,phases,38,0.9,1.0,0.86,0.94
10000,0.0005,0.002,0.03,0.2,Parkin vs rest,38,0.18,0.38,0.04,0.0
10000,0.0005,0.002,0.03,0.2,phases,39,0.72,0.84,0.38,0.44
10000,0.0005,0.002,0.03,0.2,Parkin vs rest,39,0.72,0.62,0.9,1.0
10000,0.0005,0.002,0.03,0.2,phases,40,0.96,1.0,0.88,0.84
10000,0.0005,0.002,0.03,0.2,Parkin vs rest,40,0.86,1.0,0.04,0.0
10000,0.0005,0.002,0.03,0.2,phases,41,0.98,1.0,0.98,1.0
10000,0.0005,0.002,0.03,0.2,Parkin vs rest,41,0.9,1.0,0.9,1.0
10000,0.0005,0.002,0.03,0.2,phases,42,0.48,0.54,0.78,0.84
10000,0.0005,0.002,0.03,0.2,Parkin vs rest,42,0.66,0.62,0.84,1.0
10000,0.0005,0.002,0.03,0.2,phases,43,0.98,1.0,0.98,1.0
10000,0.0005,0.002,0.03,0.2,Parkin vs rest,43,0.84,1.0,0.84,1.0
10000,0.0005,0.002,0.03,0.2,phases,44,0.96,1.0,0.96,0.98
10000,0.0005,0.002,0.03,0.2,Parkin vs rest,44,0.9,1.0,0.9,1.0
10000,0.0005,0.002,0.03,0.2,phases,45,0.88,0.78,0.86,0.78
10000,0.0005,0.002,0.03,0.2,Parkin vs rest,45,0.76,1.0,0.48,1.0
10000,0.0005,0.002,0.03,0.2,phases,46,0.76,0.9,0.98,1.0
10000,0.0005,0.002,0.03,0.2,Parkin vs rest,46,0.9,1.0,0.9,1.0
10000,0.0005,0.002,0.03,0.2,phases,47,0.78,1.0,0.96,1.0
10000,0.0005,0.002,0.03,0.2,Parkin vs rest,47,0.72,0.38,0.9,1.0
10000,0.0005,0.002,0.03,0.2,phases,48,0.94,0.84,0.92,0.84
10000,0.0005,0.002,0.03,0.2,Parkin vs rest,48,0.9,1.0,0.0,0.0
10000,0.0005,0.002,0.03,0.2,phases,49,0.72,0.7,0.98,1.0
10000,0.0005,0.002,0.03,0.2,Parkin vs rest,49,0.04,0.0,0.04,0.0
10000,0.0005,0.002,0.03,0.2,phases,50,0.92,0.78,0.88,0.84
10000,0.0005,0.002,0.03,0.2,Parkin vs rest,50,0.62,0.38,0.04,0.0
10000,0.0005,0.002,0.03,0.2,phases,51,0.98,0.92,0.98,1.0
10000,0.0005,0.002,0.03,0.2,Parkin vs rest,51,0.82,1.0,0.84,1.0
10000,0.0005,0.002,0.03,0.2,phases,52,0.98,0.92,0.9,0.9
10000,0.0005,0.002,0.03,0.2,Parkin vs rest,52,0.9,1.0,0.58,0.38
10000,0.0005,0.002,0.03,0.2,phases,53,0.6,0.84,0.34,0.48
10000,0.0005,0.002,0.03,0.2,Parkin vs rest,53,0.86,1.0,0.54,0.62
10000,0.0005,0.002,0.03,0.2,phases,54,0.74,0.72,0.78,0.72
10000,0.0005,0.002,0.03,0.2,Parkin vs rest,54,0.48,0.38,0.38,0.0
10000,0.0005,0.002,0.03,0.2,phases,55,0.7,0.82,0.98,1.0
10000,0.0005,0.002,0.03,0.2,Parkin vs rest,55,0.9,1.0,0.9,1.0
10000,0.0005,0.002,0.03,0.2,phases,56,0.78,0.94,0.98,1.0
10000,0.0005,0.002,0.03,0.2,Parkin vs rest,56,0.34,0.0,0.62,0.38
10000,0.0005,0.002,0.03,0.2,phases,57,0.84,1.0,0.96,0.98
10000,0.0005,0.002,0.03,0.2,Parkin vs rest,57,0.9,1.0,0.9,1.0
10000,0.0005,0.002,0.03,0.2,phases,58,0.1,0.1,0.56,0.44
10000,0.0005,0.002,0.03,0.2,Parkin vs rest,58,0.36,0.0,0.3,0.0
10000,0.0005,0.002,0.03,0.2,phases,59,0.98,1.0,0.9,0.84
10000,0.0005,0.002,0.03,0.2,Parkin vs rest,59,0.72,0.38,0.22,0.38
10000,0.0005,0.002,0.03,0.2,phases,60,0.96,1.0,0.94,0.84
10000,0.0005,0.002,0.03,0.2,Parkin vs rest,60,0.58,1.0,0.0,0.0
10000,0.0005,0.002,0.03,0.2,phases,61,0.96,1.0,0.88,0.84
10000,0.0005,0.002,0.03,0.2,Parkin vs rest,61,0.72,1.0,0.04,0.0
10000,0.0005,0.002,0.03,0.2,phases,62,0.08,0.02,0.48,0.42
10000,0.0005,0.002,0.03,0.2,Parkin vs rest,62,0.3,0.0,0.22,0.0
10000,0.0005,0.002,0.03,0.2,phases,63,0.98,1.0,0.98,1.0
10000,0.0005,0.002,0.03,0.2,Parkin vs rest,63,0.9,1.0,0.9,1.0
10000,0.0005,0.002,0.03,0.2,phases,64,0.98,1.0,0.98,1.0
10000,0.0005,0.002,0.03,0.2,Parkin vs rest,64,0.9,1.0,0.9,1.0
10000,0.0005,0.002,0.03,0.2,phases,65,0.92,1.0,0.96,0.94
10000,0.0005,0.002,0.03,0.2,Parkin vs rest,65,0.8,1.0,0.1,0.0
10000,0.0005,0.002,0.03,0.2,phases,66,0.98,1.0,0.98,1.0
10000,0.0005,0.002,0.03,0.2,Parkin vs rest,66,0.9,1.0,0.9,1.0
10000,0.0005,0.002,0.03,0.2,phases,67,0.38,0.22,0.7,0.78
10000,0.0005,0.002,0.03,0.2,Parkin vs rest,67,0.1,0.0,0.9,1.0
10000,0.0005,0.002,0.03,0.2,phases,68,0.82,0.84,0.94,0.98
10000,0.0005,0.002,0.03,0.2,Parkin vs rest,68,0.9,1.0,0.76,1.0
10000,0.0005,0.002,0.03,0.2,phases,69,0.96,1.0,0.86,0.78
10000,0.0005,0.002,0.03,0.2,Parkin vs rest,69,0.86,1.0,0.0,0.0
10000,0.0005,0.002,0.03,0.2,phases,70,0.32,0.38,0.94,0.98
10000,0.0005,0.002,0.03,0.2,Parkin vs rest,70,0.64,0.38,0.9,1.0
10000,0.0005,0.002,0.03,0.2,phases,71,0.92,1.0,0.8,1.0
10000,0.0005,0.002,0.03,0.2,Parkin vs rest,71,0.86,1.0,0.9,1.0
10000,0.0005,0.002,0.03,0.2,phases,72,0.84,0.92,0.6,0.52
10000,0.0005,0.002,0.03,0.2,Parkin vs rest,72,0.68,1.0,0.04,0.0
10000,0.0005,0.002,0.03,0.2,phases,73,0.2,0.02,0.86,0.78
10000,0.0005,0.002,0.03,0.2,Parkin vs rest,73,0.12,0.0,0.3,0.38
10000,0.0005,0.002,0.03,0.2,phases,74,0.98,1.0,0.98,1.0
10000,0.0005,0.002,0.03,0.2,Parkin vs rest,74,0.8,1.0,0.68,1.0
10000,0.0005,0.002,0.03,0.2,phases,75,0.22,0.28,0.78,0.52
10000,0.0005,0.002,0.03,0.2,Parkin vs rest,75,0.56,0.62,0.14,0.0
10000,0.0005,0.002,0.03,0.2,phases,76,0.34,0.32,0.72,0.58
10000,0.0005,0.002,0.03,0.2,Parkin vs rest,76,0.28,0.0,0.12,0.0
10000,0.0005,0.002,0.03,0.2,phases,77,0.98,1.0,0.98,1.0
10000,0.0005,0.002,0.03,0.2,Parkin vs rest,77,0.84,1.0,0.66,1.0
10000,0.0005,0.002,0.03,0.2,phases,78,0.88,1.0,0.86,1.0
10000,0.0005,0.002,0.03,0.2,Parkin vs rest,78,0.66,1.0,0.74,1.0
10000,0.0005,0.002,0.03,0.2,phases,79,0.6,0.68,0.94,0.84
10000,0.0005,0.002,0.03,0.2,Parkin vs rest,79,0.5,0.38,0.08,0.0
10000,0.0005,0.002,0.03,0.2,phases,80,0.5,0.54,0.9,1.0
10000,0.0005,0.002,0.03,0.2,Parkin vs rest,80,0.62,0.62,0.04,0.0
10000,0.0005,0.002,0.03,0.2,phases,81,0.98,1.0,0.98,1.0
10000,0.0005,0.002,0.03,0.2,Parkin vs rest,81,0.88,1.0,0.84,1.0
10000,0.0005,0.002,0.03,0.2,phases,82,0.88,0.92,0.94,0.84
10000,0.0005,0.002,0.03,0.2,Parkin vs rest,82,0.56,0.62,0.3,0.62
10000,0.0005,0.002,0.03,0.2,phases,83,0.98,1.0,0.96,0.98
10000,0.0005,0.002,0.03,0.2,Parkin vs rest,83,0.9,1.0,0.9,1.0
10000,0.0005,0.002,0.03,0.2,phases,84,0.98,1.0,0.98,1.0
10000,0.0005,0.002,0.03,0.2,Parkin vs rest,84,0.9,1.0,0.9,1.0
10000,0.0005,0.002,0.03,0.2,phases,85,0.98,1.0,0.96,0.98
10000,0.0005,0.002,0.03,0.2,Parkin vs rest,85,0.9,1.0,0.9,1.0
10000,0.0005,0.002,0.03,0.2,phases,86,0.94,1.0,0.98,1.0
10000,0.0005,0.002,0.03,0.2,Parkin vs rest,86,0.88,1.0,0.9,1.0
10000,0.0005,0.002,0.03,0.2,phases,87,0.38,0.3,0.34,0.48
10000,0.0005,0.002,0.03,0.2,Parkin vs rest,87,0.7,0.62,0.7,1.0
10000,0.0005,0.002,0.03,0.2,phases,88,0.34,0.22,0.4,0.4
10000,0.0005,0.002,0.03,0.2,Parkin vs rest,88,0.66,0.62,0.0,0.0
10000,0.0005,0.002,0.03,0.2,phases,89,0.98,1.0,0.94,0.84
10000,0.0005,0.002,0.03,0.2,Parkin vs rest,89,0.9,1.0,0.04,0.0
10000,0.0005,0.002,0.03,0.2,phases,90,0.98,1.0,0.88,0.84
10000,0.0005,0.002,0.03,0.2,Parkin vs rest,90,0.9,1.0,0.04,0.0
10000,0.0005,0.002,0.03,0.2,phases,91,0.7,0.8,0.98,1.0
10000,0.0005,0.002,0.03,0.2,Parkin vs rest,91,0.54,0.38,0.54,0.38
10000,0.0005,0.002,0.03,0.2,phases,92,0.98,1.0,0.98,1.0
10000,0.0005,0.002,0.03,0.2,Parkin vs rest,92,0.84,1.0,0.84,1.0
10000,0.0005,0.002,0.03,0.2,phases,93,0.98,1.0,0.98,1.0
10000,0.0005,0.002,0.03,0.2,Parkin vs rest,93,0.9,1.0,0.18,0.38
10000,0.0005,0.002,0.03,0.2,phases,94,0.98,1.0,0.98,1.0
10000,0.0005,0.002,0.03,0.2,Parkin vs rest,94,0.9,1.0,0.9,1.0
10000,0.0005,0.002,0.03,0.2,phases,95,0.98,1.0,0.98,1.0
10000,0.0005,0.002,0.03,0.2,Parkin vs rest,95,0.9,1.0,0.9,1.0
10000,0.0005,0.002,0.03,0.2,phases,96,0.48,0.54,0.82,0.76
10000,0.0005,0.002,0.03,0.2,Parkin vs rest,96,0.66,0.62,0.84,1.0
10000,0.0005,0.002,0.03,0.2,phases,97,0.64,1.0,0.32,0.48
10000,0.0005,0.002,0.03,0.2,Parkin vs rest,97,0.36,0.38,0.48,0.38
10000,0.0005,0.002,0.03,0.2,phases,98,0.48,0.8,0.96,1.0
10000,0.0005,0.002,0.03,0.2,Parkin vs rest,98,0.4,0.38,0.88,1.0
10000,0.0005,0.002,0.03,0.2,phases,99,0.92,0.92,0.92,0.84
10000,0.0005,0.002,0.03,0.2,Parkin vs rest,99,0.9,1.0,0.9,1.0
2000,0.002,0.005,1.0,0.0,phases,0,0.72,0.92,0.34,0.34
2000,0.002,0.005,1.0,0.0,Parkin vs rest,0,0.44,0.38,0.28,0.0
2000,0.002,0.005,1.0,0.0,phases,1,0.88,0.92,0.28,0.4
2000,0.002,0.005,1.0,0.0,Parkin vs rest,1,0.88,1.0,0.9,1.0
2000,0.002,0.005,1.0,0.0,phases,2,0.32,0.2,0.28,0.48
2000,0.002,0.005,1.0,0.0,Parkin vs rest,2,0.9,1.0,0.9,1.0
2000,0.002,0.005,1.0,0.0,phases,3,0.92,0.84,0.84,0.84
2000,0.002,0.005,1.0,0.0,Parkin vs rest,3,0.86,1.0,0.8,1.0
2000,0.002,0.005,1.0,0.0,phases,4,0.48,0.5,0.24,0.24
2000,0.002,0.005,1.0,0.0,Parkin vs rest,4,0.84,1.0,0.4,0.38
2000,0.002,0.005,1.0,0.0,phases,5,0.24,0.02,0.52,0.32
2000,0.002,0.005,1.0,0.0,Parkin vs rest,5,0.38,0.0,0.02,0.0
2000,0.002,0.005,1.0,0.0,phases,6,0.92,1.0,0.92,0.78
2000,0.002,0.005,1.0,0.0,Parkin vs rest,6,0.58,0.38,0.04,0.0
2000,0.002,0.005,1.0,0.0,phases,7,0.38,0.56,0.18,0.22
2000,0.002,0.005,1.0,0.0,Parkin vs rest,7,0.64,1.0,0.02,0.0
2000,0.002,0.005,1.0,0.0,phases,8,0.48,0.22,0.12,0.18
2000,0.002,0.005,1.0,0.0,Parkin vs rest,8,0.74,1.0,0.04,0.0
2000,0.002,0.005,1.0,0.0,phases,9,0.28,0.62,0.76,0.82
2000,0.002,0.005,1.0,0.0,Parkin vs rest,9,0.6,1.0,0.2,0.0
2000,0.002,0.005,1.0,0.0,phases,10,0.42,0.56,0.74,0.58
2000,0.002,0.005,1.0,0.0,Parkin vs rest,10,0.2,0.0,0.16,0.0
2000,0.002,0.005,1.0,0.0,phases,11,0.86,0.92,0.76,0.62
2000,0.002,0.005,1.0,0.0,Parkin vs rest,11,0.08,0.0,0.0,0.0
2000,0.002,0.005,1.0,0.0,phases,12,0.04,0.0,0.24,0.5
2000,0.002,0.005,1.0,0.0,Parkin vs rest,12,0.1,0.0,0.88,1.0
2000,0.002,0.005,1.0,0.0,phases,13,0.04,0.02,0.56,0.48
2000,0.002,0.005,1.0,0.0,Parkin vs rest,13,0.06,0.0,0.62,0.38
2000,0.002,0.005,1.0,0.0,phases,14,0.52,0.48,0.62,0.56
2000,0.002,0.005,1.0,0.0,Parkin vs rest,14,0.62,0.38,0.48,0.0
2000,0.002,0.005,1.0,0.0,phases,15,0.46,0.58,0.1,0.08
2000,0.002,0.005,1.0,0.0,Parkin vs rest,15,0.06,0.0,0.4,1.0
2000,0.002,0.005,1.0,0.0,phases,16,0.14,0.22,0.16,0.32
2000,0.002,0.005,1.0,0.0,Parkin vs rest,16,0.46,0.62,0.78,1.0
2000,0.002,0.005,1.0,0.0,phases,17,0.1,0.3,0.1,0.16
2000,0.002,0.005,1.0,0.0,Parkin vs rest,17,0.24,0.38,0.32,0.0
2000,0.002,0.005,1.0,0.0,phases,18,0.36,0.2,0.36,0.44
2000,0.002,0.005,1.0,0.0,Parkin vs rest,18,0.7,0.62,0.64,0.62
2000,0.002,0.005,1.0,0.0,phases,19,0.18,0.38,0.74,0.84
2000,0.002,0.005,1.0,0.0,Parkin vs rest,19,0.5,0.62,0.74,1.0
2000,0.002,0.005,1.0,0.0,phases,20,0.1,0.22,0.7,0.6
2000,0.002,0.005,1.0,0.0,Parkin vs rest,20,0.5,1.0,0.0,0.0
2000,0.002,0.005,1.0,0.0,phases,21,0.32,0.02,0.28,0.34
2000,0.002,0.005,1.0,0.0,Parkin vs rest,21,0.66,0.62,0.32,0.62
2000,0.002,0.005,1.0,0.0,phases,22,0.34,0.02,0.24,0.1
2000,0.002,0.005,1.0,0.0,Parkin vs rest,22,0.6,0.62,0.68,1.0
2000,0.002,0.005,1.0,0.0,phases,23,0.36,0.68,0.14,0.24
2000,0.002,0.005,1.0,0.0,Parkin vs rest,23,0.76,1.0,0.74,1.0
2000,0.002,0.005,1.0,0.0,phases,24,0.82,0.72,0.72,0.44
2000,0.002,0.005,1.0,0.0,Parkin vs rest,24,0.9,1.0,0.5,0.0
2000,0.002,0.005,1.0,0.0,phases,25,0.52,0.5,0.72,0.62
2000,0.002,0.005,1.0,0.0,Parkin vs rest,25,0.14,0.0,0.8,1.0
2000,0.002,0.005,1.0,0.0,phases,26,0.9,0.78,0.9,0.84
2000,0.002,0.005,1.0,0.0,Parkin vs rest,26,0.5,0.62,0.04,0.0
2000,0.002,0.005,1.0,0.0,phases,27,0.68,0.84,0.86,0.76
2000,0.002,0.005,1.0,0.0,Parkin vs rest,27,0.36,0.38,0.0,0.0
2000,0.002,0.005,1.0,0.0,phases,28,0.48,0.38,0.92,0.84
2000,0.002,0.005,1.0,0.0,Parkin vs rest,28,0.48,0.62,0.04,0.0
2000,0.002,0.005,1.0,0.0,phases,29,0.04,0.16,0.96,1.0
2000,0.002,0.005,1.0,0.0,Parkin vs rest,29,0.32,0.38,0.0,0.0
2000,0.002,0.005,1.0,0.0,phases,30,0.28,0.1,0.92,0.98
2000,0.002,0.005,1.0,0.0,Parkin vs rest,30,0.52,0.62,0.04,0.0
2000,0.002,0.005,1.0,0.0,phases,31,0.24,0.36,0.68,0.74
2000,0.002,0.005,1.0,0.0,Parkin vs rest,31,0.72,1.0,0.0,0.0
2000,0.002,0.005,1.0,0.0,phases,32,0.3,0.1,0.48,0.58
2000,0.002,0.005,1.0,0.0,Parkin vs rest,32,0.42,0.0,0.28,0.0
2000,0.002,0.005,1.0,0.0,phases,33,0.42,0.8,0.26,0.18
2000,0.002,0.005,1.0,0.0,Parkin vs rest,33,0.32,0.38,0.48,0.62
2000,0.002,0.005,1.0,0.0,phases,34,0.28,0.02,0.46,0.68
2000,0.002,0.005,1.0,0.0,Parkin vs rest,34,0.04,0.0,0.04,0.0
2000,0.002,0.005,1.0,0.0,phases,35,0.86,1.0,0.98,1.0
2000,0.002,0.005,1.0,0.0,Parkin vs rest,35,0.86,1.0,0.16,0.0
2000,0.002,0.005,1.0,0.0,phases,36,0.2,0.16,0.94,0.94
2000,0.002,0.005,1.0,0.0,Parkin vs rest,36,0.36,0.38,0.24,0.38
2000,0.002,0.005,1.0,0.0,phases,37,0.22,0.1,0.02,0.08
2000,0.002,0.005,1.0,0.0,Parkin vs rest,37,0.16,0.0,0.4,0.38
2000,0.002,0.005,1.0,0.0,phases,38,0.02,0.0,0.26,0.22
2000,0.002,0.005,1.0,0.0,Parkin vs rest,38,0.04,0.0,0.12,0.0
2000,0.002,0.005,1.0,0.0,phases,39,0.66,0.9,0.18,0.3
2000,0.002,0.005,1.0,0.0,Parkin vs rest,39,0.78,1.0,0.84,1.0
2000,0.002,0.005,1.0,0.0,phases,40,0.38,0.2,0.4,0.1
2000,0.002,0.005,1.0,0.0,Parkin vs rest,40,0.62,0.62,0.28,0.0
2000,0.002,0.005,1.0,0.0,phases,41,0.14,0.18,0.04,0.0
2000,0.002,0.005,1.0,0.0,Parkin vs rest,41,0.22,0.38,0.0,0.0
2000,0.002,0.005,1.0,0.0,phases,42,0.16,0.24,0.54,0.6
2000,0.002,0.005,1.0,0.0,Parkin vs rest,42,0.2,0.38,0.68,0.38
2000,0.002,0.005,1.0,0.0,phases,43,0.36,0.46,0.04,0.0
2000,0.002,0.005,1.0,0.0,Parkin vs rest,43,0.46,1.0,0.9,1.0
2000,0.002,0.005,1.0,0.0,phases,44,0.1,0.0,0.64,0.6
2000,0.002,0.005,1.0,0.0,Parkin vs rest,44,0.46,0.62,0.32,1.0
2000,0.002,0.005,1.0,0.0,phases,45,0.34,0.22,0.08,0.0
2000,0.002,0.005,1.0,0.0,Parkin vs rest,45,0.58,0.62,0.16,0.0
2000,0.002,0.005,1.0,0.0,phases,46,0.06,0.0,0.06,0.08
2000,0.002,0.005,1.0,0.0,Parkin vs rest,46,0.44,0.62,0.68,1.0
2000,0.002,0.005,1.0,0.0,phases,47,0.28,0.64,0.84,0.94
2000,0.002,0.005,1.0,0.0,Parkin vs rest,47,0.08,0.0,0.0,0.0
2000,0.002,0.005,1.0,0.0,phases,48,0.04,0.0,0.38,0.4
2000,0.002,0.005,1.0,0.0,Parkin vs rest,48,0.36,0.62,0.18,0.0
2000,0.002,0.005,1.0,0.0,phases,49,0.32,0.26,0.8,0.74
2000,0.002,0.005,1.0,0.0,Parkin vs rest,49,0.62,0.62,0.2,0.0
2000,0.002,0.005,1.0,0.0,phases,50,0.48,0.16,0.58,0.52
2000,0.002,0.005,1.0,0.0,Parkin vs rest,50,0.72,1.0,0.86,1.0
2000,0.002,0.005,1.0,0.0,phases,51,0.18,0.0,0.06,0.0
2000,0.002,0.005,1.0,0.0,Parkin vs rest,51,0.58,0.62,0.64,1.0
2000,0.002,0.005,1.0,0.0,phases,52,0.7,0.58,0.58,0.44
2000,0.002,0.005,1.0,0.0,Parkin vs rest,52,0.86,1.0,0.6,1.0
2000,0.002,0.005,1.0,0.0,phases,53,0.26,0.48,0.12,0.14
2000,0.002,0.005,1.0,0.0,Parkin vs rest,53,0.84,1.0,0.74,1.0
2000,0.002,0.005,1.0,0.0,phases,54,0.24,0.2,0.28,0.16
2000,0.002,0.005,1.0,0.0,Parkin vs rest,54,0.7,0.62,0.38,0.62
2000,0.002,0.005,1.0,0.0,phases,55,0.74,0.58,0.94,1.0
2000,0.002,0.005,1.0,0.0,Parkin vs rest,55,0.34,0.38,0.32,1.0
2000,0.002,0.005,1.0,0.0,phases,56,0.88,0.6,0.66,0.36
2000,0.002,0.005,1.0,0.0,Parkin vs rest,56,0.62,1.0,0.8,1.0
2000,0.002,0.005,1.0,0.0,phases,57,0.38,0.48,0.1,0.24
2000,0.002,0.005,1.0,0.0,Parkin vs rest,57,0.6,0.38,0.42,0.38
2000,0.002,0.005,1.0,0.0,phases,58,0.04,0.32,0.54,0.72
2000,0.002,0.005,1.0,0.0,Parkin vs rest,58,0.06,0.0,0.0,0.0
2000,0.002,0.005,1.0,0.0,phases,59,0.2,0.2,0.04,0.06
2000,0.002,0.005,1.0,0.0,Parkin vs rest,59,0.56,0.62,0.9,1.0
2000,0.002,0.005,1.0,0.0,phases,60,0.32,0.22,0.52,0.58
2000,0.002,0.005,1.0,0.0,Parkin vs rest,60,0.74,0.62,0.68,0.62
2000,0.002,0.005,1.0,0.0,phases,61,0.2,0.16,0.22,0.24
2000,0.002,0.005,1.0,0.0,Parkin vs rest,61,0.42,0.38,0.7,1.0
2000,0.002,0.005,1.0,0.0,phases,62,0.54,0.9,0.32,0.62
2000,0.002,0.005,1.0,0.0,Parkin vs rest,62,0.28,0.38,0.0,0.0
2000,0.002,0.005,1.0,0.0,phases,63,0.02,0.02,0.6,0.42
2000,0.002,0.005,1.0,0.0,Parkin vs rest,63,0.04,0.0,0.24,0.0
2000,0.002,0.005,1.0,0.0,phases,64,0.02,0.02,0.22,0.44
2000,0.002,0.005,1.0,0.0,Parkin vs rest,64,0.0,0.0,0.78,1.0
2000,0.002,0.005,1.0,0.0,phases,65,0.52,0.5,0.78,0.76
2000,0.002,0.005,1.0,0.0,Parkin vs rest,65,0.56,0.38,0.5,0.62
2000,0.002,0.005,1.0,0.0,phases,66,0.54,0.7,0.0,0.0
2000,0.002,0.005,1.0,0.0,Parkin vs rest,66,0.66,0.62,0.04,0.0
2000,0.002,0.005,1.0,0.0,phases,67,0.44,0.54,0.72,0.84
2000,0.002,0.005,1.0,0.0,Parkin vs rest,67,0.78,1.0,0.58,1.0
2000,0.002,0.005,1.0,0.0,phases,68,0.82,0.68,0.44,0.16
2000,0.002,0.005,1.0,0.0,Parkin vs rest,68,0.82,1.0,0.36,0.0
2000,0.002,0.005,1.0,0.0,phases,69,0.88,0.76,0.8,0.82
2000,0.002,0.005,1.0,0.0,Parkin vs rest,69,0.9,1.0,0.58,0.0
2000,0.002,0.005,1.0,0.0,phases,70,0.5,0.5,0.78,0.78
2000,0.002,0.005,1.0,0.0,Parkin vs rest,70,0.32,0.0,0.24,0.62
2000,0.002,0.005,1.0,0.0,phases,71,0.32,0.64,0.66,1.0
2000,0.002,0.005,1.0,0.0,Parkin vs rest,71,0.32,0.38,0.04,0.0
2000,0.002,0.005,1.0,0.0,phases,72,0.76,0.84,0.1,0.16
2000,0.002,0.005,1.0,0.0,Parkin vs rest,72,0.3,0.0,0.0,0.0
2000,0.002,0.005,1.0,0.0,phases,73,0.7,0.78,0.78,0.84
2000,0.002,0.005,1.0,0.0,Parkin vs rest,73,0.46,0.62,0.0,0.0
2000,0.002,0.005,1.0,0.0,phases,74,0.78,0.78,0.9,0.78
2000,0.002,0.005,1.0,0.0,Parkin vs rest,74,0.58,0.62,0.22,0.0
2000,0.002,0.005,1.0,0.0,phases,75,0.58,0.58,0.32,0.3
2000,0.002,0.005,1.0,0.0,Parkin vs rest,75,0.78,1.0,0.7,1.0
2000,0.002,0.005,1.0,0.0,phases,76,0.36,0.58,0.86,0.94
2000,0.002,0.005,1.0,0.0,Parkin vs rest,76,0.44,0.38,0.0,0.0
2000,0.002,0.005,1.0,0.0,phases,77,0.64,0.66,0.98,1.0
2000,0.002,0.005,1.0,0.0,Parkin vs rest,77,0.68,1.0,0.42,1.0
2000,0.002,0.005,1.0,0.0,phases,78,0.32,0.02,0.06,0.02
2000,0.002,0.005,1.0,0.0,Parkin vs rest,78,0.58,0.62,0.26,0.0
2000,0.002,0.005,1.0,0.0,phases,79,0.28,0.08,0.66,0.44
2000,0.002,0.005,1.0,0.0,Parkin vs rest,79,0.62,0.62,0.86,1.0
2000,0.002,0.005,1.0,0.0,phases,80,0.8,0.92,0.16,0.22
2000,0.002,0.005,1.0,0.0,Parkin vs rest,80,0.86,1.0,0.38,0.0
2000,0.002,0.005,1.0,0.0,phases,81,0.4,0.3,0.76,0.78
2000,0.002,0.005,1.0,0.0,Parkin vs rest,81,0.54,0.38,0.32,1.0
2000,0.002,0.005,1.0,0.0,phases,82,0.08,0.0,0.08,0.16
2000,0.002,0.005,1.0,0.0,Parkin vs rest,82,0.46,0.38,0.26,0.0
2000,0.002,0.005,1.0,0.0,phases,83,0.7,0.92,0.68,0.6
2000,0.002,0.005,1.0,0.0,Parkin vs rest,83,0.14,0.0,0.04,0.0
2000,0.002,0.005,1.0,0.0,phases,84,0.9,0.86,0.26,0.28
2000,0.002,0.005,1.0,0.0,Parkin vs rest,84,0.48,0.62,0.38,0.38
2000,0.002,0.005,1.0,0.0,phases,85,0.24,0.62,0.68,0.76
2000,0.002,0.005,1.0,0.0,Parkin vs rest,85,0.3,0.62,0.24,0.0
2000,0.002,0.005,1.0,0.0,phases,86,0.48,0.3,0.64,0.6
2000,0.002,0.005,1.0,0.0,Parkin vs rest,86,0.68,0.62,0.66,1.0
2000,0.002,0.005,1.0,0.0,phases,87,0.72,0.6,0.96,1.0
2000,0.002,0.005,1.0,0.0,Parkin vs rest,87,0.62,0.62,0.56,1.0
2000,0.002,0.005,1.0,0.0,phases,88,0.2,0.24,0.76,0.82
2000,0.002,0.005,1.0,0.0,Parkin vs rest,88,0.72,0.62,0.7,0.62
2000,0.002,0.005,1.0,0.0,phases,89,0.6,0.64,0.76,0.64
2000,0.002,0.005,1.0,0.0,Parkin vs rest,89,0.76,1.0,0.54,0.0
2000,0.002,0.005,1.0,0.0,phases,90,0.18,0.0,0.58,0.54
2000,0.002,0.005,1.0,0.0,Parkin vs rest,90,0.7,1.0,0.36,0.38
2000,0.002,0.005,1.0,0.0,phases,91,0.1,0.28,0.24,0.14
2000,0.002,0.005,1.0,0.0,Parkin vs rest,91,0.16,0.0,0.24,0.0
2000,0.002,0.005,1.0,0.0,phases,92,0.3,0.22,0.38,0.4
2000,0.002,0.005,1.0,0.0,Parkin vs rest,92,0.56,0.62,0.72,1.0
2000,0.002,0.005,1.0,0.0,phases,93,0.52,0.22,0.04,0.0
2000,0.002,0.005,1.0,0.0,Parkin vs rest,93,0.52,0.62,0.18,0.0
2000,0.002,0.005,1.0,0.0,phases,94,0.76,0.92,0.58,0.84
2000,0.002,0.005,1.0,0.0,Parkin vs rest,94,0.54,0.38,0.04,0.0
2000,0.002,0.005,1.0,0.0,phases,95,0.06,0.22,0.48,0.34
2000,0.002,0.005,1.0,0.0,Parkin vs rest,95,0.06,0.0,0.0,0.0
2000,0.002,0.005,1.0,0.0,phases,96,0.64,0.36,0.22,0.08
2000,0.002,0.005,1.0,0.0,Parkin vs rest,96,0.82,1.0,0.9,1.0
2000,0.002,0.005,1.0,0.0,phases,97,0.22,0.32,0.24,0.4
2000,0.002,0.005,1.0,0.0,Parkin vs rest,97,0.46,0.38,0.86,1.0
2000,0.002,0.005,1.0,0.0,phases,98,0.12,0.0,0.42,0.46
2000,0.002,0.005,1.0,0.0,Parkin vs rest,98,0.2,0.0,0.66,1.0
2000,0.002,0.005,1.0,0.0,phases,99,0.42,0.5,0.58,0.5
2000,0.002,0.005,1.0,0.0,Parkin vs rest,99,0.38,0.0,0.4,0.0
2000,0.002,0.005,0.1,0.0,phases,0,0.02,0.0,0.94,0.98
2000,0.002,0.005,0.1,0.0,Parkin vs rest,0,0.04,0.0,0.44,0.0
2000,0.002,0.005,0.1,0.0,phases,1,0.14,0.56,0.44,0.42
2000,0.002,0.005,0.1,0.0,Parkin vs rest,1,0.16,0.38,0.0,0.0
2000,0.002,0.005,0.1,0.0,phases,2,0.48,0.2,0.64,0.42
2000,0.002,0.005,0.1,0.0,Parkin vs rest,2,0.54,0.62,0.82,1.0
2000,0.002,0.005,0.1,0.0,phases,3,0.94,1.0,0.9,0.84
2000,0.002,0.005,0.1,0.0,Parkin vs rest,3,0.3,0.0,0.0,0.0
2000,0.002,0.005,0.1,0.0,phases,4,0.48,0.36,0.7,0.76
2000,0.002,0.005,0.1,0.0,Parkin vs rest,4,0.72,1.0,0.24,0.38
2000,0.002,0.005,0.1,0.0,phases,5,0.98,1.0,0.96,0.98
2000,0.002,0.005,0.1,0.0,Parkin vs rest,5,0.9,1.0,0.9,1.0
2000,0.002,0.005,0.1,0.0,phases,6,0.54,0.62,0.88,0.74
2000,0.002,0.005,0.1,0.0,Parkin vs rest,6,0.5,0.62,0.62,1.0
2000,0.002,0.005,0.1,0.0,phases,7,0.4,0.28,0.66,0.44
2000,0.002,0.005,0.1,0.0,Parkin vs rest,7,0.46,0.62,0.46,1.0
2000,0.002,0.005,0.1,0.0,phases,8,0.78,0.52,0.84,0.78
2000,0.002,0.005,0.1,0.0,Parkin vs rest,8,0.86,1.0,0.04,0.0
2000,0.002,0.005,0.1,0.0,phases,9,0.58,0.24,0.06,0.0
2000,0.002,0.005,0.1,0.0,Parkin vs rest,9,0.64,1.0,0.34,0.38
2000,0.002,0.005,0.1,0.0,phases,10,0.32,0.22,0.16,0.16
2000,0.002,0.005,0.1,0.0,Parkin vs rest,10,0.82,1.0,0.82,1.0
2000,0.002,0.005,0.1,0.0,phases,11,0.56,0.82,0.8,0.58
2000,0.002,0.005,0.1,0.0,Parkin vs rest,11,0.66,1.0,0.6,0.38
2000,0.002,0.005,0.1,0.0,phases,12,0.86,1.0,0.96,1.0
2000,0.002,0.005,0.1,0.0,Parkin vs rest,12,0.02,0.0,0.0,0.0
2000,0.002,0.005,0.1,0.0,phases,13,0.84,1.0,0.96,1.0
2000,0.002,0.005,0.1,0.0,Parkin vs rest,13,0.62,1.0,0.14,0.38
2000,0.002,0.005,0.1,0.0,phases,14,0.68,0.9,0.68,0.58
2000,0.002,0.005,0.1,0.0,Parkin vs rest,14,0.78,1.0,0.9,1.0
2000,0.002,0.005,0.1,0.0,phases,15,0.92,1.0,0.96,1.0
2000,0.002,0.005,0.1,0.0,Parkin vs rest,15,0.72,0.38,0.72,0.38
2000,0.002,0.005,0.1,0.0,phases,16,0.32,0.52,0.5,0.34
2000,0.002,0.005,0.1,0.0,Parkin vs rest,16,0.68,0.62,0.86,1.0
2000,0.002,0.005,0.1,0.0,phases,17,0.76,0.78,0.86,0.78
2000,0.002,0.005,0.1,0.0,Parkin vs rest,17,0.18,0.0,0.0,0.0
2000,0.002,0.005,0.1,0.0,phases,18,0.74,0.6,0.78,0.92
2000,0.002,0.005,0.1,0.0,Parkin vs rest,18,0.86,1.0,0.72,0.62
2000,0.002,0.005,0.1,0.0,phases,19,0.52,0.54,0.5,0.56
2000,0.002,0.005,0.1,0.0,Parkin vs rest,19,0.62,0.62,0.84,1.0
2000,0.002,0.005,0.1,0.0,phases,20,0.86,0.78,0.9,0.84
2000,0.002,0.005,0.1,0.0,Parkin vs rest,20,0.9,1.0,0.3,0.0
2000,0.002,0.005,0.1,0.0,phases,21,0.62,0.7,0.88,0.94
2000,0.002,0.005,0.1,0.0,Parkin vs rest,21,0.06,0.0,0.06,0.0
2000,0.002,0.005,0.1,0.0,phases,22,0.18,0.0,0.66,0.44
2000,0.002,0.005,0.1,0.0,Parkin vs rest,22,0.62,0.62,0.72,0.38
2000,0.002,0.005,0.1,0.0,phases,23,0.64,1.0,0.38,0.76
2000,0.002,0.005,0.1,0.0,Parkin vs rest,23,0.76,1.0,0.08,0.0
2000,0.002,0.005,0.1,0.0,phases,24,0.82,0.58,0.38,0.3
2000,0.002,0.005,0.1,0.0,Parkin vs rest,24,0.86,1.0,0.9,1.0
2000,0.002,0.005,0.1,0.0,phases,25,0.86,0.58,0.52,0.34
2000,0.002,0.005,0.1,0.0,Parkin vs rest,25,0.86,1.0,0.86,1.0
2000,0.002,0.005,0.1,0.0,phases,26,0.08,0.02,0.76,0.32
2000,0.002,0.005,0.1,0.0,Parkin vs rest,26,0.34,0.62,0.9,1.0
2000,0.002,0.005,0.1,0.0,phases,27,0.66,0.76,0.9,0.84
2000,0.002,0.005,0.1,0.0,Parkin vs rest,27,0.66,0.62,0.3,0.0
2000,0.002,0.005,0.1,0.0,phases,28,0.12,0.0,0.44,0.58
2000,0.002,0.005,0.1,0.0,Parkin vs rest,28,0.36,0.0,0.8,1.0
2000,0.002,0.005,0.1,0.0,phases,29,0.66,0.48,0.86,0.84
2000,0.002,0.005,0.1,0.0,Parkin vs rest,29,0.86,1.0,0.62,0.62
2000,0.002,0.005,0.1,0.0,phases,30,0.62,0.36,0.04,0.08
2000,0.002,0.005,0.1,0.0,Parkin vs rest,30,0.74,1.0,0.86,1.0
2000,0.002,0.005,0.1,0.0,phases,31,0.46,0.74,0.78,0.58
2000,0.002,0.005,0.1,0.0,Parkin vs rest,31,0.3,0.38,0.08,0.0
2000,0.002,0.005,0.1,0.0,phases,32,0.78,0.7,0.98,1.0
2000,0.002,0.005,0.1,0.0,Parkin vs rest,32,0.34,0.38,0.22,0.38
2000,0.002,0.005,0.1,0.0,phases,33,0.56,0.62,0.6,0.78
2000,0.002,0.005,0.1,0.0,Parkin vs rest,33,0.32,0.62,0.3,0.38
2000,0.002,0.005,0.1,0.0,phases,34,0.14,0.02,0.5,0.48
2000,0.002,0.005,0.1,0.0,Parkin vs rest,34,0.54,0.62,0.32,0.62
2000,0.002,0.005,0.1,0.0,phases,35,0.58,0.8,0.88,1.0
2000,0.002,0.005,0.1,0.0,Parkin vs rest,35,0.5,0.38,0.0,0.0
2000,0.002,0.005,0.1,0.0,phases,36,0.68,0.98,0.16,0.24
2000,0.002,0.005,0.1,0.0,Parkin vs rest,36,0.86,1.0,0.18,0.0
2000,0.002,0.005,0.1,0.0,phases,37,0.78,1.0,0.94,0.84
2000,0.002,0.005,0.1,0.0,Parkin vs rest,37,0.54,0.62,0.44,0.62
2000,0.002,0.005,0.1,0.0,phases,38,0.98,1.0,0.86,0.94
2000,0.002,0.005,0.1,0.0,Parkin vs rest,38,0.34,0.38,0.32,1.0
2000,0.002,0.005,0.1,0.0,phases,39,0.28,0.4,0.12,0.22
2000,0.002,0.005,0.1,0.0,Parkin vs rest,39,0.68,1.0,0.64,1.0
2000,0.002,0.005,0.1,0.0,phases,40,0.98,1.0,0.98,1.0
2000,0.002,0.005,0.1,0.0,Parkin vs rest,40,0.9,1.0,0.9,1.0
2000,0.002,0.005,0.1,0.0,phases,41,0.52,0.8,0.78,1.0
2000,0.002,0.005,0.1,0.0,Parkin vs rest,41,0.36,0.38,0.08,0.0
2000,0.002,0.005,0.1,0.0,phases,42,0.42,0.62,0.56,0.76
2000,0.002,0.005,0.1,0.0,Parkin vs rest,42,0.44,0.62,0.76,1.0
2000,0.002,0.005,0.1,0.0,phases,43,0.9,0.86,0.92,0.78
2000,0.002,0.005,0.1,0.0,Parkin vs rest,43,0.68,1.0,0.26,0.38
2000,0.002,0.005,0.1,0.0,phases,44,0.82,0.44,0.9,0.94
2000,0.002,0.005,0.1,0.0,Parkin vs rest,44,0.86,1.0,0.0,0.0
2000,0.002,0.005,0.1,0.0,phases,45,0.7,0.84,0.6,0.6
2000,0.002,0.005,0.1,0.0,Parkin vs rest,45,0.76,1.0,0.0,0.0
2000,0.002,0.005,0.1,0.0,phases,46,0.6,0.38,0.92,0.78
2000,0.002,0.005,0.1,0.0,Parkin vs rest,46,0.76,0.62,0.06,0.0
2000,0.002,0.005,0.1,0.0,phases,47,0.5,0.64,0.4,0.58
2000,0.002,0.005,0.1,0.0,Parkin vs rest,47,0.82,1.0,0.82,1.0
2000,0.002,0.005,0.1,0.0,phases,48,0.68,0.5,0.26,0.06
2000,0.002,0.005,0.1,0.0,Parkin vs rest,48,0.86,1.0,0.54,0.0
2000,0.002,0.005,0.1,0.0,phases,49,0.62,0.8,0.94,1.0
2000,0.002,0.005,0.1,0.0,Parkin vs rest,49,0.58,0.38,0.48,0.38
2000,0.002,0.005,0.1,0.0,phases,50,0.66,0.68,0.84,0.92
2000,0.002,0.005,0.1,0.0,Parkin vs rest,50,0.82,1.0,0.62,0.38
2000,0.002,0.005,0.1,0.0,phases,51,0.12,0.0,0.94,0.94
2000,0.002,0.005,0.1,0.0,Parkin vs rest,51,0.42,0.0,0.12,0.0
2000,0.002,0.005,0.1,0.0,phases,52,0.94,1.0,0.96,1.0
2000,0.002,0.005,0.1,0.0,Parkin vs rest,52,0.84,1.0,0.38,0.0
2000,0.002,0.005,0.1,0.0,phases,53,0.6,0.38,0.84,0.84
2000,0.002,0.005,0.1,0.0,Parkin vs rest,53,0.5,0.62,0.08,0.0
2000,0.002,0.005,0.1,0.0,phases,54,0.52,0.46,0.0,0.0
2000,0.002,0.005,0.1,0.0,Parkin vs rest,54,0.64,0.62,0.84,1.0
2000,0.002,0.005,0.1,0.0,phases,55,0.68,0.76,0.88,1.0
2000,0.002,0.005,0.1,0.0,Parkin vs rest,55,0.9,1.0,0.7,1.0
2000,0.002,0.005,0.1,0.0,phases,56,0.9,0.98,0.92,0.66
2000,0.002,0.005,0.1,0.0,Parkin vs rest,56,0.84,1.0,0.9,1.0
2000,0.002,0.005,0.1,0.0,phases,57,0.18,0.0,0.54,0.02
2000,0.002,0.005,0.1,0.0,Parkin vs rest,57,0.64,0.62,0.9,1.0
2000,0.002,0.005,0.1,0.0,phases,58,0.8,0.7,0.92,0.78
2000,0.002,0.005,0.1,0.0,Parkin vs rest,58,0.04,0.0,0.0,0.0
2000,0.002,0.005,0.1,0.0,phases,59,0.14,0.0,0.84,0.92
2000,0.002,0.005,0.1,0.0,Parkin vs rest,59,0.3,0.0,0.64,1.0
2000,0.002,0.005,0.1,0.0,phases,60,0.7,0.38,0.52,0.36
2000,0.002,0.005,0.1,0.0,Parkin vs rest,60,0.12,0.0,0.36,1.0
2000,0.002,0.005,0.1,0.0,phases,61,0.04,0.0,0.7,0.66
2000,0.002,0.005,0.1,0.0,Parkin vs rest,61,0.12,0.0,0.62,1.0
2000,0.002,0.005,0.1,0.0,phases,62,0.18,0.5,0.98,1.0
2000,0.002,0.005,0.1,0.0,Parkin vs rest,62,0.04,0.0,0.04,0.0
2000,0.002,0.005,0.1,0.0,phases,63,0.0,0.0,0.2,0.24
2000,0.002,0.005,0.1,0.0,Parkin vs rest,63,0.08,0.0,0.48,0.38
2000,0.002,0.005,0.1,0.0,phases,64,0.74,0.62,0.66,0.52
2000,0.002,0.005,0.1,0.0,Parkin vs rest,64,0.36,0.62,0.88,1.0
2000,0.002,0.005,0.1,0.0,phases,65,0.3,0.0,0.26,0.08
2000,0.002,0.005,0.1,0.0,Parkin vs rest,65,0.58,0.62,0.86,1.0
2000,0.002,0.005,0.1,0.0,phases,66,0.76,0.94,0.86,0.78
2000,0.002,0.005,0.1,0.0,Parkin vs rest,66,0.1,0.0,0.48,1.0
2000,0.002,0.005,0.1,0.0,phases,67,0.02,0.08,0.76,0.72
2000,0.002,0.005,0.1,0.0,Parkin vs rest,67,0.12,0.0,0.64,0.38
2000,0.002,0.005,0.1,0.0,phases,68,0.6,0.48,0.88,0.84
2000,0.002,0.005,0.1,0.0,Parkin vs rest,68,0.7,0.62,0.86,1.0
2000,0.002,0.005,0.1,0.0,phases,69,0.54,0.56,0.06,0.16
2000,0.002,0.005,0.1,0.0,Parkin vs rest,69,0.56,1.0,0.3,0.0
2000,0.002,0.005,0.1,0.0,phases,70,0.82,0.92,0.7,0.72
2000,0.002,0.005,0.1,0.0,Parkin vs rest,70,0.9,1.0,0.9,1.0
2000,0.002,0.005,0.1,0.0,phases,71,0.46,0.7,0.78,0.76
2000,0.002,0.005,0.1,0.0,Parkin vs rest,71,0.12,0.0,0.0,0.0
2000,0.002,0.005,0.1,0.0,phases,72,0.9,0.74,0.46,0.66
2000,0.002,0.005,0.1,0.0,Parkin vs rest,72,0.86,1.0,0.5,1.0
2000,0.002,0.005,0.1,0.0,phases,73,0.34,0.4,0.28,0.24
2000,0.002,0.005,0.1,0.0,Parkin vs rest,73,0.6,0.38,0.28,0.38
2000,0.002,0.005,0.1,0.0,phases,74,0.14,0.2,0.26,0.38
2000,0.002,0.005,0.1,0.0,Parkin vs rest,74,0.5,0.62,0.22,0.0
2000,0.002,0.005,0.1,0.0,phases,75,0.82,0.5,0.94,0.94
2000,0.002,0.005,0.1,0.0,Parkin vs rest,75,0.84,1.0,0.78,1.0
2000,0.002,0.005,0.1,0.0,phases,76,0.34,0.0,0.54,0.44
2000,0.002,0.005,0.1,0.0,Parkin vs rest,76,0.46,0.0,0.9,1.0
2000,0.002,0.005,0.1,0.0,phases,77,0.28,0.56,0.6,0.68
2000,0.002,0.005,0.1,0.0,Parkin vs rest,77,0.02,0.0,0.14,0.38
2000,0.002,0.005,0.1,0.0,phases,78,0.92,1.0,0.98,1.0
2000,0.002,0.005,0.1,0.0,Parkin vs rest,78,0.9,1.0,0.9,1.0
2000,0.002,0.005,0.1,0.0,phases,79,0.32,0.42,0.94,0.84
2000,0.002,0.005,0.1,0.0,Parkin vs rest,79,0.32,0.0,0.86,1.0
2000,0.002,0.005,0.1,0.0,phases,80,0.44,0.22,0.5,0.34
2000,0.002,0.005,0.1,0.0,Parkin vs rest,80,0.62,0.62,0.32,0.0
2000,0.002,0.005,0.1,0.0,phases,81,0.42,0.28,0.34,0.22
2000,0.002,0.005,0.1,0.0,Parkin vs rest,81,0.64,0.62,0.28,0.0
2000,0.002,0.005,0.1,0.0,phases,82,0.64,0.66,0.98,1.0
2000,0.002,0.005,0.1,0.0,Parkin vs rest,82,0.68,0.38,0.3,0.0
2000,0.002,0.005,0.1,0.0,phases,83,0.14,0.02,0.48,0.3
2000,0.002,0.005,0.1,0.0,Parkin vs rest,83,0.2,0.0,0.56,0.38
2000,0.002,0.005,0.1,0.0,phases,84,0.9,0.84,0.9,0.84
2000,0.002,0.005,0.1,0.0,Parkin vs rest,84,0.76,1.0,0.1,0.0
2000,0.002,0.005,0.1,0.0,phases,85,0.48,0.3,0.44,0.44
2000,0.002,0.005,0.1,0.0,Parkin vs rest,85,0.66,0.62,0.84,1.0
2000,0.002,0.005,0.1,0.0,phases,86,0.66,0.42,0.74,0.42
2000,0.002,0.005,0.1,0.0,Parkin vs rest,86,0.9,1.0,0.9,1.0
2000,0.002,0.005,0.1,0.0,phases,87,0.82,0.76,0.92,0.84
2000,0.002,0.005,0.1,0.0,Parkin vs rest,87,0.46,0.62,0.44,1.0
2000,0.002,0.005,0.1,0.0,phases,88,0.26,0.02,0.3,0.16
2000,0.002,0.005,0.1,0.0,Parkin vs rest,88,0.36,0.62,0.04,0.0
2000,0.002,0.005,0.1,0.0,phases,89,0.78,0.86,0.54,0.56
2000,0.002,0.005,0.1,0.0,Parkin vs rest,89,0.86,1.0,0.46,0.38
2000,0.002,0.005,0.1,0.0,phases,90,0.16,0.08,0.88,0.72
2000,0.002,0.005,0.1,0.0,Parkin vs rest,90,0.2,0.38,0.06,0.0
2000,0.002,0.005,0.1,0.0,phases,91,0.4,0.56,0.86,0.84
2000,0.002,0.005,0.1,0.0,Parkin vs rest,91,0.56,0.38,0.56,0.38
2000,0.002,0.005,0.1,0.0,phases,92,0.1,0.0,0.78,0.78
2000,0.002,0.005,0.1,0.0,Parkin vs rest,92,0.1,0.0,0.32,1.0
2000,0.002,0.005,0.1,0.0,phases,93,0.22,0.22,0.32,0.3
2000,0.002,0.005,0.1,0.0,Parkin vs rest,93,0.8,1.0,0.74,1.0
2000,0.002,0.005,0.1,0.0,phases,94,0.96,1.0,0.76,1.0
2000,0.002,0.005,0.1,0.0,Parkin vs rest,94,0.8,1.0,0.8,1.0
2000,0.002,0.005,0.1,0.0,phases,95,0.92,0.84,0.94,0.84
2000,0.002,0.005,0.1,0.0,Parkin vs rest,95,0.04,0.0,0.04,0.0
2000,0.002,0.005,0.1,0.0,phases,96,0.36,0.2,0.18,0.08
2000,0.002,0.005,0.1,0.0,Parkin vs rest,96,0.66,0.62,0.74,1.0
2000,0.002,0.005,0.1,0.0,phases,97,0.66,0.9,0.78,0.92
2000,0.002,0.005,0.1,0.0,Parkin vs rest,97,0.84,1.0,0.9,1.0
2000,0.002,0.005,0.1,0.0,phases,98,0.84,0.6,0.7,0.58
2000,0.002,0.005,0.1,0.0,Parkin vs rest,98,0.86,1.0,0.9,1.0
2000,0.002,0.005,0.1,0.0,phases,99,0.42,0.52,0.42,0.58
2000,0.002,0.005,0.1,0.0,Parkin vs rest,99,0.66,1.0,0.06,0.0
2000,0.002,0.005,0.03,0.0,phases,0,0.4,0.36,0.46,0.46
2000,0.002,0.005,0.03,0.0,Parkin vs rest,0,0.52,0.62,0.26,0.0
2000,0.002,0.005,0.03,0.0,phases,1,0.94,0.98,0.9,0.98
2000,0.002,0.005,0.03,0.0,Parkin vs rest,1,0.82,1.0,0.38,1.0
2000,0.002,0.005,0.03,0.0,phases,2,0.64,0.8,0.76,0.88
2000,0.002,0.005,0.03,0.0,Parkin vs rest,2,0.64,0.38,0.82,1.0
2000,0.002,0.005,0.03,0.0,phases,3,0.72,0.58,0.74,0.58
2000,0.002,0.005,0.03,0.0,Parkin vs rest,3,0.9,1.0,0.9,1.0
2000,0.002,0.005,0.03,0.0,phases,4,0.68,0.66,0.8,0.6
2000,0.002,0.005,0.03,0.0,Parkin vs rest,4,0.4,0.38,0.06,0.0
2000,0.002,0.005,0.03,0.0,phases,5,0.68,0.66,0.6,0.46
2000,0.002,0.005,0.03,0.0,Parkin vs rest,5,0.42,1.0,0.24,0.38
2000,0.002,0.005,0.03,0.0,phases,6,0.32,0.4,0.78,0.62
2000,0.002,0.005,0.03,0.0,Parkin vs rest,6,0.64,0.62,0.04,0.0
2000,0.002,0.005,0.03,0.0,phases,7,0.74,0.84,0.86,0.78
2000,0.002,0.005,0.03,0.0,Parkin vs rest,7,0.66,1.0,0.38,1.0
2000,0.002,0.005,0.03,0.0,phases,8,0.66,0.78,0.78,0.7
2000,0.002,0.005,0.03,0.0,Parkin vs rest,8,0.54,0.62,0.04,0.0
2000,0.002,0.005,0.03,0.0,phases,9,0.08,0.16,0.22,0.22
2000,0.002,0.005,0.03,0.0,Parkin vs rest,9,0.04,0.0,0.18,0.0
2000,0.002,0.005,0.03,0.0,phases,10,0.48,0.72,0.98,1.0
2000,0.002,0.005,0.03,0.0,Parkin vs rest,10,0.46,0.38,0.0,0.0
2000,0.002,0.005,0.03,0.0,phases,11,0.16,0.0,0.46,0.76
2000,0.002,0.005,0.03,0.0,Parkin vs rest,11,0.38,0.0,0.9,1.0
2000,0.002,0.005,0.03,0.0,phases,12,0.9,1.0,0.94,1.0
2000,0.002,0.005,0.03,0.0,Parkin vs rest,12,0.68,1.0,0.08,0.0
2000,0.002,0.005,0.03,0.0,phases,13,0.86,0.52,0.26,0.26
2000,0.002,0.005,0.03,0.0,Parkin vs rest,13,0.9,1.0,0.72,0.62
2000,0.002,0.005,0.03,0.0,phases,14,0.38,0.68,0.12,0.22
2000,0.002,0.005,0.03,0.0,Parkin vs rest,14,0.34,0.62,0.0,0.0
2000,0.002,0.005,0.03,0.0,phases,15,0.54,0.5,0.48,0.22
2000,0.002,0.005,0.03,0.0,Parkin vs rest,15,0.9,1.0,0.9,1.0
2000,0.002,0.005,0.03,0.0,phases,16,0.78,0.84,0.36,0.36
2000,0.002,0.005,0.03,0.0,Parkin vs rest,16,0.74,1.0,0.6,1.0
2000,0.002,0.005,0.03,0.0,phases,17,0.6,0.58,0.04,0.08
2000,0.002,0.005,0.03,0.0,Parkin vs rest,17,0.34,0.38,0.6,0.62
2000,0.002,0.005,0.03,0.0,phases,18,0.84,0.38,0.42,0.3
2000,0.002,0.005,0.03,0.0,Parkin vs rest,18,0.22,0.0,0.72,1.0
2000,0.002,0.005,0.03,0.0,phases,19,0.28,0.3,0.48,0.24
2000,0.002,0.005,0.03,0.0,Parkin vs rest,19,0.5,0.62,0.14,0.0
2000,0.002,0.005,0.03,0.0,phases,20,0.9,0.98,0.96,1.0
2000,0.002,0.005,0.03,0.0,Parkin vs rest,20,0.9,1.0,0.9,1.0
2000,0.002,0.005,0.03,0.0,phases,21,0.8,0.78,0.14,0.08
2000,0.002,0.005,0.03,0.0,Parkin vs rest,21,0.44,0.0,0.18,0.0
2000,0.002,0.005,0.03,0.0,phases,22,0.58,0.68,0.68,0.58
2000,0.002,0.005,0.03,0.0,Parkin vs rest,22,0.86,1.0,0.9,1.0
2000,0.002,0.005,0.03,0.0,phases,23,0.22,0.22,0.62,0.68
2000,0.002,0.005,0.03,0.0,Parkin vs rest,23,0.1,0.0,0.12,0.0
2000,0.002,0.005,0.03,0.0,phases,24,0.42,0.72,0.44,0.56
2000,0.002,0.005,0.03,0.0,Parkin vs rest,24,0.4,0.38,0.14,0.0
2000,0.002,0.005,0.03,0.0,phases,25,0.58,0.72,0.06,0.22
2000,0.002,0.005,0.03,0.0,Parkin vs rest,25,0.38,0.38,0.36,0.0
2000,0.002,0.005,0.03,0.0,phases,26,0.18,0.16,0.7,0.66
2000,0.002,0.005,0.03,0.0,Parkin vs rest,26,0.18,0.0,0.36,1.0
2000,0.002,0.005,0.03,0.0,phases,27,0.94,1.0,0.96,0.94
2000,0.002,0.005,0.03,0.0,Parkin vs rest,27,0.18,0.0,0.18,0.38
2000,0.002,0.005,0.03,0.0,phases,28,0.42,0.3,0.76,0.92
2000,0.002,0.005,0.03,0.0,Parkin vs rest,28,0.42,0.38,0.0,0.0
2000,0.002,0.005,0.03,0.0,phases,29,0.22,0.4,0.4,0.3
2000,0.002,0.005,0.03,0.0,Parkin vs rest,29,0.72,1.0,0.44,0.0
2000,0.002,0.005,0.03,0.0,phases,30,0.38,0.56,0.84,1.0
2000,0.002,0.005,0.03,0.0,Parkin vs rest,30,0.48,0.38,0.6,0.38
2000,0.002,0.005,0.03,0.0,phases,31,0.9,0.78,0.86,0.84
2000,0.002,0.005,0.03,0.0,Parkin vs rest,31,0.62,0.62,0.08,0.0
2000,0.002,0.005,0.03,0.0,phases,32,0.48,0.48,0.58,0.48
2000,0.002,0.005,0.03,0.0,Parkin vs rest,32,0.4,0.38,0.02,0.0
2000,0.002,0.005,0.03,0.0,phases,33,0.92,1.0,0.96,1.0
2000,0.002,0.005,0.03,0.0,Parkin vs rest,33,0.7,0.38,0.8,1.0
2000,0.002,0.005,0.03,0.0,phases,34,0.24,0.22,0.12,0.0
2000,0.002,0.005,0.03,0.0,Parkin vs rest,34,0.58,0.62,0.4,0.0
2000,0.002,0.005,0.03,0.0,phases,35,0.76,1.0,0.98,1.0
2000,0.002,0.005,0.03,0.0,Parkin vs rest,35,0.46,0.62,0.18,0.38
2000,0.002,0.005,0.03,0.0,phases,36,0.98,1.0,0.9,0.84
2000,0.002,0.005,0.03,0.0,Parkin vs rest,36,0.62,1.0,0.0,0.0
2000,0.002,0.005,0.03,0.0,phases,37,0.14,0.02,0.04,0.16
2000,0.002,0.005,0.03,0.0,Parkin vs rest,37,0.26,0.0,0.86,1.0
2000,0.002,0.005,0.03,0.0,phases,38,0.74,0.92,0.94,1.0
2000,0.002,0.005,0.03,0.0,Parkin vs rest,38,0.66,1.0,0.86,1.0
2000,0.002,0.005,0.03,0.0,phases,39,0.54,0.48,0.68,0.68
2000,0.002,0.005,0.03,0.0,Parkin vs rest,39,0.7,0.62,0.04,0.0
2000,0.002,0.005,0.03,0.0,phases,40,0.48,0.38,0.1,0.16
2000,0.002,0.005,0.03,0.0,Parkin vs rest,40,0.76,1.0,0.16,0.0
2000,0.002,0.005,0.03,0.0,phases,41,0.12,0.0,0.58,0.7
2000,0.002,0.005,0.03,0.0,Parkin vs rest,41,0.52,0.62,0.8,1.0
2000,0.002,0.005,0.03,0.0,phases,42,0.08,0.0,0.1,0.02
2000,0.002,0.005,0.03,0.0,Parkin vs rest,42,0.26,0.0,0.9,1.0
2000,0.002,0.005,0.03,0.0,phases,43,0.86,0.82,0.84,0.82
2000,0.002,0.005,0.03,0.0,Parkin vs rest,43,0.78,1.0,0.24,0.38
2000,0.002,0.005,0.03,0.0,phases,44,0.84,0.64,0.18,0.16
2000,0.002,0.005,0.03,0.0,Parkin vs rest,44,0.74,1.0,0.86,1.0
2000,0.002,0.005,0.03,0.0,phases,45,0.38,0.24,0.86,0.68
2000,0.002,0.005,0.03,0.0,Parkin vs rest,45,0.52,0.38,0.5,0.38
2000,0.002,0.005,0.03,0.0,phases,46,0.42,0.3,0.78,0.84
2000,0.002,0.005,0.03,0.0,Parkin vs rest,46,0.4,0.0,0.28,0.62
2000,0.002,0.005,0.03,0.0,phases,47,0.28,0.34,0.84,0.78
2000,0.002,0.005,0.03,0.0,Parkin vs rest,47,0.1,0.0,0.52,1.0
2000,0.002,0.005,0.03,0.0,phases,48,0.42,0.3,0.8,0.7
2000,0.002,0.005,0.03,0.0,Parkin vs rest,48,0.66,0.62,0.68,0.38
2000,0.002,0.005,0.03,0.0,phases,49,0.94,1.0,0.98,1.0
2000,0.002,0.005,0.03,0.0,Parkin vs rest,49,0.88,1.0,0.88,1.0
2000,0.002,0.005,0.03,0.0,phases,50,0.84,0.84,0.38,0.84
2000,0.002,0.005,0.03,0.0,Parkin vs rest,50,0.82,1.0,0.36,0.62
2000,0.002,0.005,0.03,0.0,phases,51,0.64,0.52,0.18,0.0
2000,0.002,0.005,0.03,0.0,Parkin vs rest,51,0.62,0.62,0.46,0.62
2000,0.002,0.005,0.03,0.0,phases,52,0.1,0.0,0.24,0.28
2000,0.002,0.005,0.03,0.0,Parkin vs rest,52,0.46,0.62,0.54,0.62
2000,0.002,0.005,0.03,0.0,phases,53,0.62,0.62,0.92,0.84
2000,0.002,0.005,0.03,0.0,Parkin vs rest,53,0.86,1.0,0.9,1.0
2000,0.002,0.005,0.03,0.0,phases,54,0.32,0.22,0.7,0.36
2000,0.002,0.005,0.03,0.0,Parkin vs rest,54,0.62,0.62,0.72,1.0
2000,0.002,0.005,0.03,0.0,phases,55,0.56,0.62,0.82,0.62
2000,0.002,0.005,0.03,0.0,Parkin vs rest,55,0.66,0.62,0.6,0.62
2000,0.002,0.005,0.03,0.0,phases,56,0.28,0.42,0.04,0.16
2000,0.002,0.005,0.03,0.0,Parkin vs rest,56,0.24,0.0,0.0,0.0
2000,0.002,0.005,0.03,0.0,phases,57,0.3,0.2,0.1,0.0
2000,0.002,0.005,0.03,0.0,Parkin vs rest,57,0.62,0.62,0.86,1.0
2000,0.002,0.005,0.03,0.0,phases,58,0.54,0.56,0.18,0.24
2000,0.002,0.005,0.03,0.0,Parkin vs rest,58,0.48,0.62,0.12,0.0
2000,0.002,0.005,0.03,0.0,phases,59,0.0,0.0,0.4,0.22
2000,0.002,0.005,0.03,0.0,Parkin vs rest,59,0.0,0.0,0.1,0.0
2000,0.002,0.005,0.03,0.0,phases,60,0.86,0.58,0.56,0.48
2000,0.002,0.005,0.03,0.0,Parkin vs rest,60,0.42,0.0,0.04,0.0
2000,0.002,0.005,0.03,0.0,phases,61,0.98,1.0,0.86,1.0
2000,0.002,0.005,0.03,0.0,Parkin vs rest,61,0.76,1.0,0.76,1.0
2000,0.002,0.005,0.03,0.0,phases,62,0.3,0.22,0.84,0.94
2000,0.002,0.005,0.03,0.0,Parkin vs rest,62,0.54,0.62,0.86,1.0
2000,0.002,0.005,0.03,0.0,phases,63,0.4,0.5,0.06,0.0
2000,0.002,0.005,0.03,0.0,Parkin vs rest,63,0.48,0.38,0.66,1.0
2000,0.002,0.005,0.03,0.0,phases,64,0.34,0.68,0.66,0.74
2000,0.002,0.005,0.03,0.0,Parkin vs rest,64,0.16,0.0,0.9,1.0
2000,0.002,0.005,0.03,0.0,phases,65,0.46,0.52,0.9,0.8
2000,0.002,0.005,0.03,0.0,Parkin vs rest,65,0.54,0.38,0.9,1.0
2000,0.002,0.005,0.03,0.0,phases,66,0.3,0.32,0.72,0.76
2000,0.002,0.005,0.03,0.0,Parkin vs rest,66,0.22,0.38,0.06,0.0
2000,0.002,0.005,0.03,0.0,phases,67,0.72,0.92,0.16,0.24
2000,0.002,0.005,0.03,0.0,Parkin vs rest,67,0.86,1.0,0.86,1.0
2000,0.002,0.005,0.03,0.0,phases,68,0.86,0.92,0.82,0.86
2000,0.002,0.005,0.03,0.0,Parkin vs rest,68,0.78,1.0,0.22,0.0
2000,0.002,0.005,0.03,0.0,phases,69,0.64,0.92,0.4,0.68
2000,0.002,0.005,0.03,0.0,Parkin vs rest,69,0.4,0.38,0.0,0.0
2000,0.002,0.005,0.03,0.0,phases,70,0.86,0.76,0.84,0.9
2000,0.002,0.005,0.03,0.0,Parkin vs rest,70,0.86,1.0,0.3,0.0
2000,0.002,0.005,0.03,0.0,phases,71,0.96,1.0,0.76,0.72
2000,0.002,0.005,0.03,0.0,Parkin vs rest,71,0.9,1.0,0.9,1.0
2000,0.002,0.005,0.03,0.0,phases,72,0.66,0.9,0.56,0.76
2000,0.002,0.005,0.03,0.0,Parkin vs rest,72,0.88,1.0,0.04,0.0
2000,0.002,0.005,0.03,0.0,phases,73,0.14,0.34,0.66,0.76
2000,0.002,0.005,0.03,0.0,Parkin vs rest,73,0.22,0.0,0.6,1.0
2000,0.002,0.005,0.03,0.0,phases,74,0.98,1.0,0.88,1.0
2000,0.002,0.005,0.03,0.0,Parkin vs rest,74,0.86,1.0,0.9,1.0
2000,0.002,0.005,0.03,0.0,phases,75,0.76,0.94,0.9,0.84
2000,0.002,0.005,0.03,0.0,Parkin vs rest,75,0.62,1.0,0.04,0.0
2000,0.002,0.005,0.03,0.0,phases,76,0.64,0.92,0.96,1.0
2000,0.002,0.005,0.03,0.0,Parkin vs rest,76,0.36,0.38,0.18,0.38
2000,0.002,0.005,0.03,0.0,phases,77,0.72,0.84,0.06,0.0
2000,0.002,0.005,0.03,0.0,Parkin vs rest,77,0.58,1.0,0.0,0.0
2000,0.002,0.005,0.03,0.0,phases,78,0.08,0.02,0.5,0.36
2000,0.002,0.005,0.03,0.0,Parkin vs rest,78,0.04,0.0,0.04,0.0
2000,0.002,0.005,0.03,0.0,phases,79,0.34,0.5,0.04,0.0
2000,0.002,0.005,0.03,0.0,Parkin vs rest,79,0.3,0.38,0.74,1.0
2000,0.002,0.005,0.03,0.0,phases,80,0.74,0.56,0.76,0.78
2000,0.002,0.005,0.03,0.0,Parkin vs rest,80,0.04,0.0,0.36,1.0
2000,0.002,0.005,0.03,0.0,phases,81,0.5,0.62,0.42,0.48
2000,0.002,0.005,0.03,0.0,Parkin vs rest,81,0.04,0.0,0.82,1.0
2000,0.002,0.005,0.03,0.0,phases,82,0.52,0.34,0.9,0.98
2000,0.002,0.005,0.03,0.0,Parkin vs rest,82,0.78,1.0,0.62,1.0
2000,0.002,0.005,0.03,0.0,phases,83,0.5,0.64,0.3,0.24
2000,0.002,0.005,0.03,0.0,Parkin vs rest,83,0.48,0.38,0.0,0.0
2000,0.002,0.005,0.03,0.0,phases,84,0.86,1.0,0.52,0.5
2000,0.002,0.005,0.03,0.0,Parkin vs rest,84,0.62,0.62,0.76,0.62
2000,0.002,0.005,0.03,0.0,phases,85,0.5,0.14,0.58,0.22
2000,0.002,0.005,0.03,0.0,Parkin vs rest,85,0.82,1.0,0.34,0.38
2000,0.002,0.005,0.03,0.0,phases,86,0.94,1.0,0.62,0.42
2000,0.002,0.005,0.03,0.0,Parkin vs rest,86,0.56,0.38,0.22,0.0
2000,0.002,0.005,0.03,0.0,phases,87,0.68,0.8,0.78,0.7
2000,0.002,0.005,0.03,0.0,Parkin vs rest,87,0.9,1.0,0.74,1.0
2000,0.002,0.005,0.03,0.0,phases,88,0.96,0.92,0.56,0.62
2000,0.002,0.005,0.03,0.0,Parkin vs rest,88,0.86,1.0,0.86,1.0
2000,0.002,0.005,0.03,0.0,phases,89,0.9,1.0,0.86,0.92
2000,0.002,0.005,0.03,0.0,Parkin vs rest,89,0.86,1.0,0.56,0.62
2000,0.002,0.005,0.03,0.0,phases,90,0.86,0.7,0.98,1.0
2000,0.002,0.005,0.03,0.0,Parkin vs rest,90,0.54,1.0,0.36,1.0
2000,0.002,0.005,0.03,0.0,phases,91,0.16,0.02,0.42,0.42
2000,0.002,0.005,0.03,0.0,Parkin vs rest,91,0.44,0.62,0.0,0.0
2000,0.002,0.005,0.03,0.0,phases,92,0.28,0.02,0.58,0.34
2000,0.002,0.005,0.03,0.0,Parkin vs rest,92,0.36,0.0,0.66,0.62
2000,0.002,0.005,0.03,0.0,phases,93,0.28,0.28,0.3,0.68
2000,0.002,0.005,0.03,0.0,Parkin vs rest,93,0.7,0.62,0.0,0.0
2000,0.002,0.005,0.03,0.0,phases,94,0.56,0.3,0.52,0.42
2000,0.002,0.005,0.03,0.0,Parkin vs rest,94,0.6,0.38,0.9,1.0
2000,0.002,0.005,0.03,0.0,phases,95,0.18,0.16,0.5,0.66
2000,0.002,0.005,0.03,0.0,Parkin vs rest,95,0.32,0.38,0.9,1.0
2000,0.002,0.005,0.03,0.0,phases,96,0.8,0.7,0.88,0.78
2000,0.002,0.005,0.03,0.0,Parkin vs rest,96,0.66,0.62,0.2,0.0
2000,0.002,0.005,0.03,0.0,phases,97,0.18,0.08,0.1,0.0
2000,0.002,0.005,0.03,0.0,Parkin vs rest,97,0.24,0.0,0.76,0.62
2000,0.002,0.005,0.03,0.0,phases,98,0.42,0.5,0.78,0.7
2000,0.002,0.005,0.03,0.0,Parkin vs rest,98,0.08,0.0,0.0,0.0
2000,0.002,0.005,0.03,0.0,phases,99,0.66,0.3,0.8,0.6
2000,0.002,0.005,0.03,0.0,Parkin vs rest,99,0.86,1.0,0.16,0.38
2000,0.002,0.005,1.0,0.2,phases,0,0.32,0.1,0.1,0.16
2000,0.002,0.005,1.0,0.2,Parkin vs rest,0,0.72,0.62,0.34,0.0
2000,0.002,0.005,1.0,0.2,phases,1,0.62,0.44,0.64,0.5
2000,0.002,0.005,1.0,0.2,Parkin vs rest,1,0.9,1.0,0.9,1.0
2000,0.002,0.005,1.0,0.2,phases,2,0.48,0.64,0.88,1.0
2000,0.002,0.005,1.0,0.2,Parkin vs rest,2,0.38,0.38,0.3,0.38
2000,0.002,0.005,1.0,0.2,phases,3,0.3,0.3,0.34,0.28
2000,0.002,0.005,1.0,0.2,Parkin vs rest,3,0.42,0.38,0.68,1.0
2000,0.002,0.005,1.0,0.2,phases,4,0.94,0.84,0.76,0.58
2000,0.002,0.005,1.0,0.2,Parkin vs rest,4,0.9,1.0,0.9,1.0
2000,0.002,0.005,1.0,0.2,phases,5,0.54,0.3,0.4,0.08
2000,0.002,0.005,1.0,0.2,Parkin vs rest,5,0.76,0.62,0.54,0.0
2000,0.002,0.005,1.0,0.2,phases,6,0.04,0.02,0.44,0.46
2000,0.002,0.005,1.0,0.2,Parkin vs rest,6,0.08,0.0,0.48,0.38
2000,0.002,0.005,1.0,0.2,phases,7,0.94,0.84,0.96,1.0
2000,0.002,0.005,1.0,0.2,Parkin vs rest,7,0.86,1.0,0.86,1.0
2000,0.002,0.005,1.0,0.2,phases,8,0.7,0.7,0.94,0.84
2000,0.002,0.005,1.0,0.2,Parkin vs rest,8,0.54,0.62,0.24,0.0
2000,0.002,0.005,1.0,0.2,phases,9,0.3,0.22,0.58,0.68
2000,0.002,0.005,1.0,0.2,Parkin vs rest,9,0.56,1.0,0.54,0.62
2000,0.002,0.005,1.0,0.2,phases,10,0.76,0.76,0.78,0.84
2000,0.002,0.005,1.0,0.2,Parkin vs rest,10,0.66,0.62,0.64,0.62
2000,0.002,0.005,1.0,0.2,phases,11,0.88,0.78,0.98,1.0
2000,0.002,0.005,1.0,0.2,Parkin vs rest,11,0.9,1.0,0.18,0.38
2000,0.002,0.005,1.0,0.2,phases,12,0.92,0.92,0.98,1.0
2000,0.002,0.005,1.0,0.2,Parkin vs rest,12,0.7,0.62,0.8,1.0
2000,0.002,0.005,1.0,0.2,phases,13,0.76,0.7,0.38,0.22
2000,0.002,0.005,1.0,0.2,Parkin vs rest,13,0.76,1.0,0.12,0.0
2000,0.002,0.005,1.0,0.2,phases,14,0.4,0.68,0.54,0.82
2000,0.002,0.005,1.0,0.2,Parkin vs rest,14,0.68,1.0,0.34,0.38
2000,0.002,0.005,1.0,0.2,phases,15,0.92,0.78,0.9,0.94
2000,0.002,0.005,1.0,0.2,Parkin vs rest,15,0.7,0.38,0.0,0.0
2000,0.002,0.005,1.0,0.2,phases,16,0.68,0.7,0.94,1.0
2000,0.002,0.005,1.0,0.2,Parkin vs rest,16,0.86,1.0,0.86,1.0
2000,0.002,0.005,1.0,0.2,phases,17,0.98,1.0,0.98,1.0
2000,0.002,0.005,1.0,0.2,Parkin vs rest,17,0.88,1.0,0.88,1.0
2000,0.002,0.005,1.0,0.2,phases,18,0.72,0.62,0.96,0.98
2000,0.002,0.005,1.0,0.2,Parkin vs rest,18,0.52,0.62,0.9,1.0
2000,0.002,0.005,1.0,0.2,phases,19,0.12,0.0,0.84,0.98
2000,0.002,0.005,1.0,0.2,Parkin vs rest,19,0.16,0.0,0.04,0.0
2000,0.002,0.005,1.0,0.2,phases,20,0.56,0.48,0.94,0.94
2000,0.002,0.005,1.0,0.2,Parkin vs rest,20,0.76,0.62,0.84,1.0
2000,0.002,0.005,1.0,0.2,phases,21,0.06,0.1,0.88,0.98
2000,0.002,0.005,1.0,0.2,Parkin vs rest,21,0.0,0.0,0.1,0.0
2000,0.002,0.005,1.0,0.2,phases,22,0.9,0.84,0.88,0.62
2000,0.002,0.005,1.0,0.2,Parkin vs rest,22,0.7,0.62,0.9,1.0
2000,0.002,0.005,1.0,0.2,phases,23,0.9,0.92,0.58,0.74
2000,0.002,0.005,1.0,0.2,Parkin vs rest,23,0.76,1.0,0.26,0.0
2000,0.002,0.005,1.0,0.2,phases,24,0.02,0.4,0.68,0.86
2000,0.002,0.005,1.0,0.2,Parkin vs rest,24,0.14,0.38,0.04,0.0
2000,0.002,0.005,1.0,0.2,phases,25,0.92,0.84,0.88,0.84
2000,0.002,0.005,1.0,0.2,Parkin vs rest,25,0.86,1.0,0.0,0.0
2000,0.002,0.005,1.0,0.2,phases,26,0.08,0.06,0.34,0.3
2000,0.002,0.005,1.0,0.2,Parkin vs rest,26,0.0,0.0,0.26,0.38
2000,0.002,0.005,1.0,0.2,phases,27,0.88,1.0,0.96,1.0
2000,0.002,0.005,1.0,0.2,Parkin vs rest,27,0.8,1.0,0.84,1.0
2000,0.002,0.005,1.0,0.2,phases,28,0.04,0.0,0.82,0.76
2000,0.002,0.005,1.0,0.2,Parkin vs rest,28,0.04,0.0,0.4,1.0
2000,0.002,0.005,1.0,0.2,phases,29,0.9,0.84,0.94,0.94
2000,0.002,0.005,1.0,0.2,Parkin vs rest,29,0.72,0.62,0.76,1.0
2000,0.002,0.005,1.0,0.2,phases,30,0.0,0.0,0.04,0.02
2000,0.002,0.005,1.0,0.2,Parkin vs rest,30,0.06,0.0,0.7,1.0
2000,0.002,0.005,1.0,0.2,phases,31,0.44,0.22,0.3,0.08
2000,0.002,0.005,1.0,0.2,Parkin vs rest,31,0.72,0.62,0.64,0.62
2000,0.002,0.005,1.0,0.2,phases,32,0.94,1.0,0.28,0.08
2000,0.002,0.005,1.0,0.2,Parkin vs rest,32,0.62,1.0,0.32,0.38
2000,0.002,0.005,1.0,0.2,phases,33,0.34,0.14,0.18,0.06
2000,0.002,0.005,1.0,0.2,Parkin vs rest,33,0.76,1.0,0.68,1.0
2000,0.002,0.005,1.0,0.2,phases,34,0.92,0.92,0.82,0.84
2000,0.002,0.005,1.0,0.2,Parkin vs rest,34,0.76,0.62,0.9,1.0
2000,0.002,0.005,1.0,0.2,phases,35,0.64,0.62,0.9,0.84
2000,0.002,0.005,1.0,0.2,Parkin vs rest,35,0.66,0.62,0.76,1.0
2000,0.002,0.005,1.0,0.2,phases,36,0.74,0.6,0.86,0.7
2000,0.002,0.005,1.0,0.2,Parkin vs rest,36,0.82,1.0,0.04,0.0
2000,0.002,0.005,1.0,0.2,phases,37,0.66,0.46,0.66,0.44
2000,0.002,0.005,1.0,0.2,Parkin vs rest,37,0.72,0.62,0.9,1.0
2000,0.002,0.005,1.0,0.2,phases,38,0.92,1.0,0.74,0.64
2000,0.002,0.005,1.0,0.2,Parkin vs rest,38,0.9,1.0,0.46,0.0
2000,0.002,0.005,1.0,0.2,phases,39,0.98,1.0,0.92,1.0
2000,0.002,0.005,1.0,0.2,Parkin vs rest,39,0.7,0.38,0.24,0.38
2000,0.002,0.005,1.0,0.2,phases,40,0.62,0.56,0.94,0.84
2000,0.002,0.005,1.0,0.2,Parkin vs rest,40,0.76,0.62,0.9,1.0
2000,0.002,0.005,1.0,0.2,phases,41,0.98,1.0,0.98,1.0
2000,0.002,0.005,1.0,0.2,Parkin vs rest,41,0.9,1.0,0.88,1.0
2000,0.002,0.005,1.0,0.2,phases,42,0.56,0.46,0.64,0.66
2000,0.002,0.005,1.0,0.2,Parkin vs rest,42,0.78,1.0,0.9,1.0
2000,0.002,0.005,1.0,0.2,phases,43,0.74,0.62,0.8,0.5
2000,0.002,0.005,1.0,0.2,Parkin vs rest,43,0.76,0.62,0.9,1.0
2000,0.002,0.005,1.0,0.2,phases,44,0.08,0.02,0.6,0.68
2000,0.002,0.005,1.0,0.2,Parkin vs rest,44,0.38,0.62,0.46,0.62
2000,0.002,0.005,1.0,0.2,phases,45,0.52,0.8,0.9,0.78
2000,0.002,0.005,1.0,0.2,Parkin vs rest,45,0.52,0.38,0.5,0.38
2000,0.002,0.005,1.0,0.2,phases,46,0.92,0.84,0.86,0.76
2000,0.002,0.005,1.0,0.2,Parkin vs rest,46,0.66,0.62,0.6,1.0
2000,0.002,0.005,1.0,0.2,phases,47,0.84,1.0,0.76,0.84
2000,0.002,0.005,1.0,0.2,Parkin vs rest,47,0.5,0.62,0.6,1.0
2000,0.002,0.005,1.0,0.2,phases,48,0.28,0.64,0.66,0.6
2000,0.002,0.005,1.0,0.2,Parkin vs rest,48,0.62,0.38,0.56,0.38
2000,0.002,0.005,1.0,0.2,phases,49,0.78,1.0,0.94,1.0
2000,0.002,0.005,1.0,0.2,Parkin vs rest,49,0.5,0.38,0.0,0.0
2000,0.002,0.005,1.0,0.2,phases,50,0.84,0.7,0.7,0.76
2000,0.002,0.005,1.0,0.2,Parkin vs rest,50,0.9,1.0,0.9,1.0
2000,0.002,0.005,1.0,0.2,phases,51,0.94,0.98,0.94,0.98
2000,0.002,0.005,1.0,0.2,Parkin vs rest,51,0.86,1.0,0.68,0.38
2000,0.002,0.005,1.0,0.2,phases,52,0.92,0.78,0.92,1.0
2000,0.002,0.005,1.0,0.2,Parkin vs rest,52,0.7,0.38,0.0,0.0
2000,0.002,0.005,1.0,0.2,phases,53,0.86,0.78,0.86,0.78
2000,0.002,0.005,1.0,0.2,Parkin vs rest,53,0.78,1.0,0.04,0.0
2000,0.002,0.005,1.0,0.2,phases,54,0.92,0.78,0.88,0.84
2000,0.002,0.005,1.0,0.2,Parkin vs rest,54,0.62,0.38,0.04,0.0
2000,0.002,0.005,1.0,0.2,phases,55,0.62,0.24,0.78,0.6
2000,0.002,0.005,1.0,0.2,Parkin vs rest,55,0.72,0.38,0.64,1.0
2000,0.002,0.005,1.0,0.2,phases,56,0.44,0.48,0.46,0.62
2000,0.002,0.005,1.0,0.2,Parkin vs rest,56,0.46,0.38,0.0,0.0
2000,0.002,0.005,1.0,0.2,phases,57,0.96,1.0,0.92,0.84
2000,0.002,0.005,1.0,0.2,Parkin vs rest,57,0.66,0.38,0.04,0.0
2000,0.002,0.005,1.0,0.2,phases,58,0.88,0.84,0.7,0.76
2000,0.002,0.005,1.0,0.2,Parkin vs rest,58,0.86,1.0,0.86,1.0
2000,0.002,0.005,1.0,0.2,phases,59,0.42,0.22,0.66,0.44
2000,0.002,0.005,1.0,0.2,Parkin vs rest,59,0.62,0.62,0.86,1.0
2000,0.002,0.005,1.0,0.2,phases,60,0.96,0.98,0.7,0.58
2000,0.002,0.005,1.0,0.2,Parkin vs rest,60,0.86,1.0,0.86,1.0
2000,0.002,0.005,1.0,0.2,phases,61,0.94,0.94,0.9,0.94
2000,0.002,0.005,1.0,0.2,Parkin vs rest,61,0.48,0.38,0.0,0.0
2000,0.002,0.005,1.0,0.2,phases,62,0.2,0.2,0.76,0.6
2000,0.002,0.005,1.0,0.2,Parkin vs rest,62,0.6,0.62,0.34,0.62
2000,0.002,0.005,1.0,0.2,phases,63,0.72,0.38,0.14,0.16
2000,0.002,0.005,1.0,0.2,Parkin vs rest,63,0.9,1.0,0.4,0.0
2000,0.002,0.005,1.0,0.2,phases,64,0.98,1.0,0.98,1.0
2000,0.002,0.005,1.0,0.2,Parkin vs rest,64,0.9,1.0,0.88,1.0
2000,0.002,0.005,1.0,0.2,phases,65,0.52,0.62,0.54,0.98
2000,0.002,0.005,1.0,0.2,Parkin vs rest,65,0.6,0.62,0.1,0.0
2000,0.002,0.005,1.0,0.2,phases,66,0.3,0.12,0.44,0.36
2000,0.002,0.005,1.0,0.2,Parkin vs rest,66,0.66,0.62,0.82,1.0
2000,0.002,0.005,1.0,0.2,phases,67,0.58,0.7,0.9,0.78
2000,0.002,0.005,1.0,0.2,Parkin vs rest,67,0.64,0.62,0.82,1.0
2000,0.002,0.005,1.0,0.2,phases,68,0.98,1.0,0.98,0.92
2000,0.002,0.005,1.0,0.2,Parkin vs rest,68,0.84,1.0,0.66,0.62
2000,0.002,0.005,1.0,0.2,phases,69,0.36,0.7,0.24,0.22
2000,0.002,0.005,1.0,0.2,Parkin vs rest,69,0.44,0.38,0.84,1.0
2000,0.002,0.005,1.0,0.2,phases,70,0.98,1.0,0.98,1.0
2000,0.002,0.005,1.0,0.2,Parkin vs rest,70,0.72,0.62,0.7,0.62
2000,0.002,0.005,1.0,0.2,phases,71,0.98,1.0,0.98,1.0
2000,0.002,0.005,1.0,0.2,Parkin vs rest,71,0.8,1.0,0.8,1.0
2000,0.002,0.005,1.0,0.2,phases,72,0.94,0.98,0.88,0.76
2000,0.002,0.005,1.0,0.2,Parkin vs rest,72,0.9,1.0,0.9,1.0
2000,0.002,0.005,1.0,0.2,phases,73,0.42,0.4,0.96,1.0
2000,0.002,0.005,1.0,0.2,Parkin vs rest,73,0.36,0.38,0.9,1.0
2000,0.002,0.005,1.0,0.2,phases,74,0.96,1.0,0.72,0.76
2000,0.002,0.005,1.0,0.2,Parkin vs rest,74,0.86,1.0,0.86,1.0
2000,0.002,0.005,1.0,0.2,phases,75,0.98,1.0,0.98,1.0
2000,0.002,0.005,1.0,0.2,Parkin vs rest,75,0.9,1.0,0.9,1.0
2000,0.002,0.005,1.0,0.2,phases,76,0.92,0.84,0.94,1.0
2000,0.002,0.005,1.0,0.2,Parkin vs rest,76,0.4,0.38,0.0,0.0
2000,0.002,0.005,1.0,0.2,phases,77,0.72,0.68,0.76,0.6
2000,0.002,0.005,1.0,0.2,Parkin vs rest,77,0.7,0.62,0.7,0.62
2000,0.002,0.005,1.0,0.2,phases,78,0.54,0.58,0.86,0.84
2000,0.002,0.005,1.0,0.2,Parkin vs rest,78,0.04,0.0,0.0,0.0
2000,0.002,0.005,1.0,0.2,phases,79,0.88,0.7,0.62,0.58
2000,0.002,0.005,1.0,0.2,Parkin vs rest,79,0.86,1.0,0.86,1.0
2000,0.002,0.005,1.0,0.2,phases,80,0.96,1.0,0.92,0.98
2000,0.002,0.005,1.0,0.2,Parkin vs rest,80,0.86,1.0,0.86,1.0
2000,0.002,0.005,1.0,0.2,phases,81,0.06,0.06,0.88,0.92
2000,0.002,0.005,1.0,0.2,Parkin vs rest,81,0.36,0.62,0.04,0.0
2000,0.002,0.005,1.0,0.2,phases,82,0.94,1.0,0.98,1.0
2000,0.002,0.005,1.0,0.2,Parkin vs rest,82,0.86,1.0,0.86,1.0
2000,0.002,0.005,1.0,0.2,phases,83,0.58,0.54,0.4,0.46
2000,0.002,0.005,1.0,0.2,Parkin vs rest,83,0.66,0.62,0.62,0.62
2000,0.002,0.005,1.0,0.2,phases,84,0.72,0.62,0.84,0.7
2000,0.002,0.005,1.0,0.2,Parkin vs rest,84,0.9,1.0,0.9,1.0
2000,0.002,0.005,1.0,0.2,phases,85,0.64,0.54,0.36,0.56
2000,0.002,0.005,1.0,0.2,Parkin vs rest,85,0.9,1.0,0.9,1.0
2000,0.002,0.005,1.0,0.2,phases,86,0.82,0.76,0.84,0.84
2000,0.002,0.005,1.0,0.2,Parkin vs rest,86,0.66,0.62,0.9,1.0
2000,0.002,0.005,1.0,0.2,phases,87,0.28,0.22,0.42,0.36
2000,0.002,0.005,1.0,0.2,Parkin vs rest,87,0.54,0.62,0.18,0.62
2000,0.002,0.005,1.0,0.2,phases,88,0.88,0.72,0.88,0.7
2000,0.002,0.005,1.0,0.2,Parkin vs rest,88,0.9,1.0,0.9,1.0
2000,0.002,0.005,1.0,0.2,phases,89,0.2,0.2,0.62,0.44
2000,0.002,0.005,1.0,0.2,Parkin vs rest,89,0.66,0.62,0.9,1.0
2000,0.002,0.005,1.0,0.2,phases,90,0.44,0.3,0.56,0.24
2000,0.002,0.005,1.0,0.2,Parkin vs rest,90,0.84,1.0,0.28,0.0
2000,0.002,0.005,1.0,0.2,phases,91,0.26,0.5,0.18,0.62
2000,0.002,0.005,1.0,0.2,Parkin vs rest,91,0.12,0.0,0.44,1.0
2000,0.002,0.005,1.0,0.2,phases,92,0.8,0.92,0.98,1.0
2000,0.002,0.005,1.0,0.2,Parkin vs rest,92,0.9,1.0,0.9,1.0
2000,0.002,0.005,1.0,0.2,phases,93,0.7,0.7,0.5,0.48
2000,0.002,0.005,1.0,0.2,Parkin vs rest,93,0.9,1.0,0.9,1.0
2000,0.002,0.005,1.0,0.2,phases,94,0.82,0.68,0.56,0.34
2000,0.002,0.005,1.0,0.2,Parkin vs rest,94,0.9,1.0,0.9,1.0
2000,0.002,0.005,1.0,0.2,phases,95,0.84,0.84,0.98,1.0
2000,0.002,0.005,1.0,0.2,Parkin vs rest,95,0.7,0.62,0.48,0.62
2000,0.002,0.005,1.0,0.2,phases,96,0.3,0.4,0.76,0.82
2000,0.002,0.005,1.0,0.2,Parkin vs rest,96,0.38,0.62,0.8,1.0
2000,0.002,0.005,1.0,0.2,phases,97,0.72,0.98,0.56,0.72
2000,0.002,0.005,1.0,0.2,Parkin vs rest,97,0.86,1.0,0.9,1.0
2000,0.002,0.005,1.0,0.2,phases,98,0.92,0.78,0.94,0.84
2000,0.002,0.005,1.0,0.2,Parkin vs rest,98,0.9,1.0,0.12,0.0
2000,0.002,0.005,1.0,0.2,phases,99,0.3,0.1,0.56,0.68
2000,0.002,0.005,1.0,0.2,Parkin vs rest,99,0.34,0.0,0.28,0.0
2000,0.002,0.005,0.03,0.2,phases,0,0.98,1.0,0.98,1.0
2000,0.002,0.005,0.03,0.2,Parkin vs rest,0,0.84,1.0,0.84,1.0
2000,0.002,0.005,0.03,0.2,phases,1,0.6,0.54,0.9,0.82
2000,0.002,0.005,0.03,0.2,Parkin vs rest,1,0.76,0.62,0.7,0.62
2000,0.002,0.005,0.03,0.2,phases,2,0.94,0.84,0.94,0.84
2000,0.002,0.005,0.03,0.2,Parkin vs rest,2,0.74,0.62,0.84,1.0
2000,0.002,0.005,0.03,0.2,phases,3,0.98,1.0,0.98,1.0
2000,0.002,0.005,0.03,0.2,Parkin vs rest,3,0.9,1.0,0.9,1.0
2000,0.002,0.005,0.03,0.2,phases,4,0.98,1.0,0.98,1.0
2000,0.002,0.005,0.03,0.2,Parkin vs rest,4,0.88,1.0,0.84,1.0
2000,0.002,0.005,0.03,0.2,phases,5,0.1,0.02,0.56,0.34
2000,0.002,0.005,0.03,0.2,Parkin vs rest,5,0.6,0.62,0.04,0.0
2000,0.002,0.005,0.03,0.2,phases,6,0.56,0.34,0.96,0.98
2000,0.002,0.005,0.03,0.2,Parkin vs rest,6,0.7,0.62,0.88,1.0
2000,0.002,0.005,0.03,0.2,phases,7,0.28,0.3,0.7,0.62
2000,0.002,0.005,0.03,0.2,Parkin vs rest,7,0.34,0.38,0.34,0.0
2000,0.002,0.005,0.03,0.2,phases,8,0.54,0.3,0.8,0.7
2000,0.002,0.005,0.03,0.2,Parkin vs rest,8,0.7,0.62,0.3,0.0
2000,0.002,0.005,0.03,0.2,phases,9,0.98,1.0,0.98,1.0
2000,0.002,0.005,0.03,0.2,Parkin vs rest,9,0.84,1.0,0.8,1.0
2000,0.002,0.005,0.03,0.2,phases,10,0.14,0.0,0.96,1.0
2000,0.002,0.005,0.03,0.2,Parkin vs rest,10,0.2,0.0,0.9,1.0
2000,0.002,0.005,0.03,0.2,phases,11,0.96,1.0,0.98,1.0
2000,0.002,0.005,0.03,0.2,Parkin vs rest,11,0.9,1.0,0.9,1.0
2000,0.002,0.005,0.03,0.2,phases,12,0.98,1.0,0.98,1.0
2000,0.002,0.005,0.03,0.2,Parkin vs rest,12,0.9,1.0,0.9,1.0
2000,0.002,0.005,0.03,0.2,phases,13,0.9,0.92,0.96,1.0
2000,0.002,0.005,0.03,0.2,Parkin vs rest,13,0.72,1.0,0.28,0.0
2000,0.002,0.005,0.03,0.2,phases,14,0.88,0.84,0.88,0.84
2000,0.002,0.005,0.03,0.2,Parkin vs rest,14,0.38,0.38,0.04,0.0
2000,0.002,0.005,0.03,0.2,phases,15,0.18,0.3,0.76,0.8
2000,0.002,0.005,0.03,0.2,Parkin vs rest,15,0.24,0.38,0.06,0.0
2000,0.002,0.005,0.03,0.2,phases,16,0.98,1.0,0.96,1.0
2000,0.002,0.005,0.03,0.2,Parkin vs rest,16,0.86,1.0,0.14,0.38
2000,0.002,0.005,0.03,0.2,phases,17,0.98,1.0,0.98,1.0
2000,0.002,0.005,0.03,0.2,Parkin vs rest,17,0.9,1.0,0.88,1.0
2000,0.002,0.005,0.03,0.2,phases,18,0.86,0.78,0.86,0.78
2000,0.002,0.005,0.03,0.2,Parkin vs rest,18,0.76,1.0,0.0,0.0
2000,0.002,0.005,0.03,0.2,phases,19,0.98,1.0,0.98,1.0
2000,0.002,0.005,0.03,0.2,Parkin vs rest,19,0.84,1.0,0.8,1.0
2000,0.002,0.005,0.03,0.2,phases,20,0.88,0.9,0.68,0.72
2000,0.002,0.005,0.03,0.2,Parkin vs rest,20,0.86,1.0,0.9,1.0
2000,0.002,0.005,0.03,0.2,phases,21,0.94,0.98,0.94,0.98
2000,0.002,0.005,0.03,0.2,Parkin vs rest,21,0.9,1.0,0.9,1.0
2000,0.002,0.005,0.03,0.2,phases,22,0.76,1.0,0.98,1.0
2000,0.002,0.005,0.03,0.2,Parkin vs rest,22,0.6,0.38,0.86,1.0
2000,0.002,0.005,0.03,0.2,phases,23,0.6,0.92,0.86,0.92
2000,0.002,0.005,0.03,0.2,Parkin vs rest,23,0.76,1.0,0.1,0.0
2000,0.002,0.005,0.03,0.2,phases,24,0.88,0.78,0.9,0.84
2000,0.002,0.005,0.03,0.2,Parkin vs rest,24,0.62,0.62,0.0,0.0
2000,0.002,0.005,0.03,0.2,phases,25,0.66,0.68,0.46,0.12
2000,0.002,0.005,0.03,0.2,Parkin vs rest,25,0.84,1.0,0.88,1.0
2000,0.002,0.005,0.03,0.2,phases,26,0.92,0.78,0.9,0.84
2000,0.002,0.005,0.03,0.2,Parkin vs rest,26,0.8,1.0,0.04,0.0
2000,0.002,0.005,0.03,0.2,phases,27,0.98,1.0,0.98,1.0
2000,0.002,0.005,0.03,0.2,Parkin vs rest,27,0.84,1.0,0.8,1.0
2000,0.002,0.005,0.03,0.2,phases,28,0.94,1.0,0.78,0.94
2000,0.002,0.005,0.03,0.2,Parkin vs rest,28,0.62,0.62,0.24,0.38
2000,0.002,0.005,0.03,0.2,phases,29,0.98,1.0,0.98,1.0
2000,0.002,0.005,0.03,0.2,Parkin vs rest,29,0.84,1.0,0.8,1.0
2000,0.002,0.005,0.03,0.2,phases,30,0.98,1.0,0.98,1.0
2000,0.002,0.005,0.03,0.2,Parkin vs rest,30,0.8,1.0,0.68,1.0
2000,0.002,0.005,0.03,0.2,phases,31,0.48,0.48,0.94,1.0
2000,0.002,0.005,0.03,0.2,Parkin vs rest,31,0.62,0.62,0.0,0.0
2000,0.002,0.005,0.03,0.2,phases,32,0.98,1.0,0.98,1.0
2000,0.002,0.005,0.03,0.2,Parkin vs rest,32,0.88,1.0,0.84,1.0
2000,0.002,0.005,0.03,0.2,phases,33,0.16,0.16,0.24,0.34
2000,0.002,0.005,0.03,0.2,Parkin vs rest,33,0.26,0.0,0.12,0.0
2000,0.002,0.005,0.03,0.2,phases,34,0.4,0.28,0.96,1.0
2000,0.002,0.005,0.03,0.2,Parkin vs rest,34,0.38,0.62,0.7,1.0
2000,0.002,0.005,0.03,0.2,phases,35,0.98,1.0,0.98,1.0
2000,0.002,0.005,0.03,0.2,Parkin vs rest,35,0.84,1.0,0.74,1.0
2000,0.002,0.005,0.03,0.2,phases,36,0.9,0.7,0.88,0.78
2000,0.002,0.005,0.03,0.2,Parkin vs rest,36,0.9,1.0,0.04,0.0
2000,0.002,0.005,0.03,0.2,phases,37,0.98,1.0,0.98,1.0
2000,0.002,0.005,0.03,0.2,Parkin vs rest,37,0.88,1.0,0.88,1.0
2000,0.002,0.005,0.03,0.2,phases,38,0.1,0.0,0.44,0.32
2000,0.002,0.005,0.03,0.2,Parkin vs rest,38,0.24,0.0,0.0,0.0
2000,0.002,0.005,0.03,0.2,phases,39,0.84,0.78,0.74,0.7
2000,0.002,0.005,0.03,0.2,Parkin vs rest,39,0.58,0.62,0.04,0.0
2000,0.002,0.005,0.03,0.2,phases,40,0.88,0.78,0.9,0.84
2000,0.002,0.005,0.03,0.2,Parkin vs rest,40,0.64,0.38,0.0,0.0
2000,0.002,0.005,0.03,0.2,phases,41,0.98,1.0,0.98,1.0
2000,0.002,0.005,0.03,0.2,Parkin vs rest,41,0.9,1.0,0.88,1.0
2000,0.002,0.005,0.03,0.2,phases,42,0.88,1.0,0.52,0.64
2000,0.002,0.005,0.03,0.2,Parkin vs rest,42,0.6,0.38,0.3,0.0
2000,0.002,0.005,0.03,0.2,phases,43,0.98,1.0,0.98,1.0
2000,0.002,0.005,0.03,0.2,Parkin vs rest,43,0.84,1.0,0.8,1.0
2000,0.002,0.005,0.03,0.2,phases,44,0.96,1.0,0.98,1.0
2000,0.002,0.005,0.03,0.2,Parkin vs rest,44,0.9,1.0,0.9,1.0
2000,0.002,0.005,0.03,0.2,phases,45,0.18,0.16,0.86,0.92
2000,0.002,0.005,0.03,0.2,Parkin vs rest,45,0.46,0.38,0.24,0.38
2000,0.002,0.005,0.03,0.2,phases,46,0.98,1.0,0.8,0.84
2000,0.002,0.005,0.03,0.2,Parkin vs rest,46,0.88,1.0,0.9,1.0
2000,0.002,0.005,0.03,0.2,phases,47,0.68,0.52,0.78,0.6
2000,0.002,0.005,0.03,0.2,Parkin vs rest,47,0.5,0.62,0.4,1.0
2000,0.002,0.005,0.03,0.2,phases,48,0.98,1.0,0.98,1.0
2000,0.002,0.005,0.03,0.2,Parkin vs rest,48,0.9,1.0,0.04,0.0
2000,0.002,0.005,0.03,0.2,phases,49,0.4,0.1,0.92,0.78
2000,0.002,0.005,0.03,0.2,Parkin vs rest,49,0.36,0.0,0.06,0.0
2000,0.002,0.005,0.03,0.2,phases,50,0.86,0.78,0.86,0.78
2000,0.002,0.005,0.03,0.2,Parkin vs rest,50,0.5,0.38,0.0,0.0
2000,0.002,0.005,0.03,0.2,phases,51,0.26,0.02,0.68,0.64
2000,0.002,0.005,0.03,0.2,Parkin vs rest,51,0.38,0.0,0.0,0.0
2000,0.002,0.005,0.03,0.2,phases,52,0.92,1.0,0.9,0.92
2000,0.002,0.005,0.03,0.2,Parkin vs rest,52,0.9,1.0,0.58,0.38
2000,0.002,0.005,0.03,0.2,phases,53,0.64,0.5,0.26,0.22
2000,0.002,0.005,0.03,0.2,Parkin vs rest,53,0.72,1.0,0.64,1.0
2000,0.002,0.005,0.03,0.2,phases,54,0.06,0.16,0.64,0.6
2000,0.002,0.005,0.03,0.2,Parkin vs rest,54,0.18,0.0,0.28,0.38
2000,0.002,0.005,0.03,0.2,phases,55,0.4,0.46,0.8,0.92
2000,0.002,0.005,0.03,0.2,Parkin vs rest,55,0.36,0.38,0.18,0.38
2000,0.002,0.005,0.03,0.2,phases,56,0.96,1.0,0.98,1.0
2000,0.002,0.005,0.03,0.2,Parkin vs rest,56,0.86,1.0,0.78,1.0
2000,0.002,0.005,0.03,0.2,phases,57,0.68,0.46,0.94,0.84
2000,0.002,0.005,0.03,0.2,Parkin vs rest,57,0.7,0.62,0.74,0.62
2000,0.002,0.005,0.03,0.2,phases,58,0.94,1.0,0.96,0.98
2000,0.002,0.005,0.03,0.2,Parkin vs rest,58,0.86,1.0,0.78,1.0
2000,0.002,0.005,0.03,0.2,phases,59,0.98,1.0,0.9,0.84
2000,0.002,0.005,0.03,0.2,Parkin vs rest,59,0.62,1.0,0.04,0.0
2000,0.002,0.005,0.03,0.2,phases,60,0.92,0.78,0.94,0.84
2000,0.002,0.005,0.03,0.2,Parkin vs rest,60,0.64,0.38,0.0,0.0
2000,0.002,0.005,0.03,0.2,phases,61,0.96,1.0,0.88,0.84
2000,0.002,0.005,0.03,0.2,Parkin vs rest,61,0.56,0.38,0.0,0.0
2000,0.002,0.005,0.03,0.2,phases,62,0.78,0.8,0.98,1.0
2000,0.002,0.005,0.03,0.2,Parkin vs rest,62,0.78,1.0,0.8,1.0
2000,0.002,0.005,0.03,0.2,phases,63,0.94,0.98,0.96,1.0
2000,0.002,0.005,0.03,0.2,Parkin vs rest,63,0.9,1.0,0.9,1.0
2000,0.002,0.005,0.03,0.2,phases,64,0.98,1.0,0.98,1.0
2000,0.002,0.005,0.03,0.2,Parkin vs rest,64,0.9,1.0,0.9,1.0
2000,0.002,0.005,0.03,0.2,phases,65,0.74,0.64,0.46,0.44
2000,0.002,0.005,0.03,0.2,Parkin vs rest,65,0.86,1.0,0.46,0.38
2000,0.002,0.005,0.03,0.2,phases,66,0.98,1.0,0.98,1.0
2000,0.002,0.005,0.03,0.2,Parkin vs rest,66,0.9,1.0,0.9,1.0
2000,0.002,0.005,0.03,0.2,phases,67,0.88,0.78,0.62,0.72
2000,0.002,0.005,0.03,0.2,Parkin vs rest,67,0.52,0.62,0.0,0.0
2000,0.002,0.005,0.03,0.2,phases,68,0.58,0.7,0.14,0.22
2000,0.002,0.005,0.03,0.2,Parkin vs rest,68,0.68,0.62,0.68,0.62
2000,0.002,0.005,0.03,0.2,phases,69,0.88,0.78,0.86,0.78
2000,0.002,0.005,0.03,0.2,Parkin vs rest,69,0.52,0.62,0.0,0.0
2000,0.002,0.005,0.03,0.2,phases,70,0.74,0.98,0.6,0.8
2000,0.002,0.005,0.03,0.2,Parkin vs rest,70,0.32,0.38,0.16,0.0
2000,0.002,0.005,0.03,0.2,phases,71,0.92,1.0,0.98,1.0
2000,0.002,0.005,0.03,0.2,Parkin vs rest,71,0.58,0.62,0.9,1.0
2000,0.002,0.005,0.03,0.2,phases,72,0.44,0.46,0.62,0.4
2000,0.002,0.005,0.03,0.2,Parkin vs rest,72,0.74,1.0,0.36,0.0
2000,0.002,0.005,0.03,0.2,phases,73,0.94,0.84,0.94,0.84
2000,0.002,0.005,0.03,0.2,Parkin vs rest,73,0.66,0.62,0.72,0.62
2000,0.002,0.005,0.03,0.2,phases,74,0.98,1.0,0.98,1.0
2000,0.002,0.005,0.03,0.2,Parkin vs rest,74,0.84,1.0,0.6,1.0
2000,0.002,0.005,0.03,0.2,phases,75,0.48,0.86,0.52,0.64
2000,0.002,0.005,0.03,0.2,Parkin vs rest,75,0.24,0.0,0.12,0.0
2000,0.002,0.005,0.03,0.2,phases,76,0.46,0.78,0.36,0.38
2000,0.002,0.005,0.03,0.2,Parkin vs rest,76,0.5,0.38,0.9,1.0
2000,0.002,0.005,0.03,0.2,phases,77,0.98,1.0,0.98,1.0
2000,0.002,0.005,0.03,0.2,Parkin vs rest,77,0.8,1.0,0.7,1.0
2000,0.002,0.005,0.03,0.2,phases,78,0.34,0.32,0.76,0.6
2000,0.002,0.005,0.03,0.2,Parkin vs rest,78,0.46,0.38,0.9,1.0
2000,0.002,0.005,0.03,0.2,phases,79,0.54,0.56,0.98,0.92
2000,0.002,0.005,0.03,0.2,Parkin vs rest,79,0.7,0.62,0.76,1.0
2000,0.002,0.005,0.03,0.2,phases,80,0.66,0.92,0.68,0.5
2000,0.002,0.005,0.03,0.2,Parkin vs rest,80,0.42,0.62,0.28,0.38
2000,0.002,0.005,0.03,0.2,phases,81,0.98,1.0,0.98,1.0
2000,0.002,0.005,0.03,0.2,Parkin vs rest,81,0.8,1.0,0.56,0.62
2000,0.002,0.005,0.03,0.2,phases,82,0.78,0.58,0.58,0.66
2000,0.002,0.005,0.03,0.2,Parkin vs rest,82,0.86,1.0,0.88,1.0
2000,0.002,0.005,0.03,0.2,phases,83,0.96,1.0,0.94,0.98
2000,0.002,0.005,0.03,0.2,Parkin vs rest,83,0.9,1.0,0.9,1.0
2000,0.002,0.005,0.03,0.2,phases,84,0.98,1.0,0.98,1.0
2000,0.002,0.005,0.03,0.2,Parkin vs rest,84,0.9,1.0,0.9,1.0
2000,0.002,0.005,0.03,0.2,phases,85,0.98,1.0,0.98,1.0
2000,0.002,0.005,0.03,0.2,Parkin vs rest,85,0.9,1.0,0.9,1.0
2000,0.002,0.005,0.03,0.2,phases,86,0.84,0.6,0.8,0.58
2000,0.002,0.005,0.03,0.2,Parkin vs rest,86,0.9,1.0,0.9,1.0
2000,0.002,0.005,0.03,0.2,phases,87,0.76,0.38,0.82,0.6
2000,0.002,0.005,0.03,0.2,Parkin vs rest,87,0.32,0.0,0.16,0.0
2000,0.002,0.005,0.03,0.2,phases,88,0.34,0.06,0.82,0.76
2000,0.002,0.005,0.03,0.2,Parkin vs rest,88,0.64,0.62,0.0,0.0
2000,0.002,0.005,0.03,0.2,phases,89,0.92,0.84,0.88,0.84
2000,0.002,0.005,0.03,0.2,Parkin vs rest,89,0.68,1.0,0.0,0.0
2000,0.002,0.005,0.03,0.2,phases,90,0.96,1.0,0.94,0.84
2000,0.002,0.005,0.03,0.2,Parkin vs rest,90,0.9,1.0,0.14,0.0
2000,0.002,0.005,0.03,0.2,phases,91,0.78,0.76,0.88,0.82
2000,0.002,0.005,0.03,0.2,Parkin vs rest,91,0.58,0.62,0.14,0.0
2000,0.002,0.005,0.03,0.2,phases,92,0.98,1.0,0.98,1.0
2000,0.002,0.005,0.03,0.2,Parkin vs rest,92,0.84,1.0,0.8,1.0
2000,0.002,0.005,0.03,0.2,phases,93,0.98,1.0,0.98,1.0
2000,0.002,0.005,0.03,0.2,Parkin vs rest,93,0.9,1.0,0.32,0.38
2000,0.002,0.005,0.03,0.2,phases,94,0.98,1.0,0.98,1.0
2000,0.002,0.005,0.03,0.2,Parkin vs rest,94,0.9,1.0,0.9,1.0
2000,0.002,0.005,0.03,0.2,phases,95,0.98,1.0,0.98,1.0
2000,0.002,0.005,0.03,0.2,Parkin vs rest,95,0.9,1.0,0.9,1.0
2000,0.002,0.005,0.03,0.2,phases,96,0.66,0.94,0.96,1.0
2000,0.002,0.005,0.03,0.2,Parkin vs rest,96,0.38,0.38,0.72,1.0
2000,0.002,0.005,0.03,0.2,phases,97,0.18,0.54,0.24,0.16
2000,0.002,0.005,0.03,0.2,Parkin vs rest,97,0.4,0.38,0.28,0.0
2000,0.002,0.005,0.03,0.2,phases,98,0.56,0.88,0.98,1.0
2000,0.002,0.005,0.03,0.2,Parkin vs rest,98,0.62,0.38,0.9,1.0
2000,0.002,0.005,0.03,0.2,phases,99,0.28,0.34,0.92,1.0
2000,0.002,0.005,0.03,0.2,Parkin vs rest,99,0.46,0.62,0.26,0.38
