region,model,n_ind,innovation,mixing,loss,matched,fst_median,sim_hs,sim_rich,sim_ht,obs_hs,obs_rich,obs_ht,selected
basin,pooled,120,0.0002,0.001,1.0321422012511479,False,0.18672977382617298,0.12498950799263954,1.9655172413793103,0.4523229988077611,0.5096609240503605,5.896551724137931,0.5224925592027359,False
basin,pooled,120,0.0002,0.002,1.0794006365236686,False,0.10820285379022015,0.13115140470160727,1.9482758620689655,0.3751799312262108,0.5096609240503605,5.896551724137931,0.5224925592027359,False
basin,pooled,120,0.0002,0.005,0.7003188640861642,False,0.25232888300299927,0.2292505344947322,2.2701149425287355,0.4497689132177876,0.5096609240503605,5.896551724137931,0.5224925592027359,False
basin,pooled,120,0.0002,0.01,0.56269290507172,False,0.09441401275872469,0.2890860419151829,2.454022988505747,0.42538578811980327,0.5096609240503605,5.896551724137931,0.5224925592027359,False
basin,pooled,120,0.0002,0.02,0.7028615246376648,False,0.012143287206552661,0.2695720738596034,2.3045977011494254,0.3493028909828119,0.5096609240503605,5.896551724137931,0.5224925592027359,False
basin,pooled,120,0.0002,0.05,0.8151841426584042,False,0.015924718272069975,0.25753350980927775,2.2471264367816093,0.2962997136318938,0.5096609240503605,5.896551724137931,0.5224925592027359,False
basin,pooled,120,0.0002,0.1,1.0145615982072402,False,0.017927705878038908,0.2112867066819946,2.4080459770114944,0.22608972317293752,0.5096609240503605,5.896551724137931,0.5224925592027359,False
basin,pooled,120,0.0002,0.2,0.7827521519423557,False,0.0016718727423667276,0.2679627029101132,2.6379310344827585,0.25996763308677967,0.5096609240503605,5.896551724137931,0.5224925592027359,False
basin,pooled,120,0.0002,0.4,0.9660739719556026,False,0.005415739297770714,0.23492057112829867,2.3333333333333335,0.23143168559243035,0.5096609240503605,5.896551724137931,0.5224925592027359,False
basin,pooled,120,0.0005,0.001,1.0463736201445581,False,0.0774526506037281,0.12830274758089286,2.120689655172414,0.3780411576546577,0.5096609240503605,5.896551724137931,0.5224925592027359,False
basin,pooled,120,0.0005,0.002,0.7421950308725325,False,0.10548240827192287,0.19649103963816827,2.396551724137931,0.4645380361951738,0.5096609240503605,5.896551724137931,0.5224925592027359,False
basin,pooled,120,0.0005,0.005,0.7393701153142442,False,0.11389321103541736,0.22608391166609124,2.448275862068965,0.3676725108799519,0.5096609240503605,5.896551724137931,0.5224925592027359,False
basin,pooled,120,0.0005,0.01,0.3969382048950769,False,0.11007167772680217,0.3474534621683974,2.7126436781609193,0.5558970159507512,0.5096609240503605,5.896551724137931,0.5224925592027359,False
basin,pooled,120,0.0005,0.02,0.4994164980833635,False,0.07803434810639273,0.32558470938994294,2.770114942528736,0.3676349065087772,0.5096609240503605,5.896551724137931,0.5224925592027359,False
basin,pooled,120,0.0005,0.05,0.7162720796427475,False,0.010451045641982903,0.2765922878483446,2.7356321839080455,0.2775417905346086,0.5096609240503605,5.896551724137931,0.5224925592027359,False
basin,pooled,120,0.0005,0.1,0.46134587507473096,False,0.02073164172212448,0.3382599714791769,2.8045977011494254,0.3810471835262188,0.5096609240503605,5.896551724137931,0.5224925592027359,False
basin,pooled,120,0.0005,0.2,0.5720928960809576,False,0.004899015600247357,0.3275091087941998,2.7528735632183907,0.3134152295030604,0.5096609240503605,5.896551724137931,0.5224925592027359,False
basin,pooled,120,0.0005,0.4,0.5726242970845761,False,0.009694262551791797,0.32815063812029016,2.810344827586207,0.30589427575545725,0.5096609240503605,5.896551724137931,0.5224925592027359,False
basin,pooled,120,0.001,0.001,0.7659029768296024,False,0.0872603345109374,0.1798061324187928,2.425287356321839,0.5338062865097037,0.5096609240503605,5.896551724137931,0.5224925592027359,False
basin,pooled,120,0.001,0.002,0.5381703809616423,False,0.12470217260907704,0.251315656346265,2.7758620689655173,0.5049152832331175,0.5096609240503605,5.896551724137931,0.5224925592027359,False
basin,pooled,120,0.001,0.005,0.4180801865175065,False,0.05093806978353989,0.3031764010731375,2.954022988505747,0.4858633081116354,0.5096609240503605,5.896551724137931,0.5224925592027359,False
basin,pooled,120,0.001,0.01,0.3171218434494561,False,0.03441778793308327,0.3837673486032189,2.913793103448276,0.514679776793763,0.5096609240503605,5.896551724137931,0.5224925592027359,False
basin,pooled,120,0.001,0.02,0.26781644502215984,False,0.01864722155429517,0.4148544008728452,3.0517241379310343,0.5114147725427924,0.5096609240503605,5.896551724137931,0.5224925592027359,False
basin,pooled,120,0.001,0.05,0.17652475003606347,False,0.014422708221539841,0.4596708445257192,3.494252873563218,0.5066162472784517,0.5096609240503605,5.896551724137931,0.5224925592027359,False
basin,pooled,120,0.001,0.1,0.22878803033622092,False,0.011199980975505048,0.43873030226183446,3.2126436781609193,0.49774533738799476,0.5096609240503605,5.896551724137931,0.5224925592027359,False
basin,pooled,120,0.001,0.2,0.20196361937021973,False,0.01223763729024175,0.4328401224265983,3.408045977011495,0.5048722155708577,0.5096609240503605,5.896551724137931,0.5224925592027359,False
basin,pooled,120,0.001,0.4,0.20545944838857036,False,0.005641428576457738,0.4303267243610141,3.442528735632184,0.47568953239857464,0.5096609240503605,5.896551724137931,0.5224925592027359,False
basin,pooled,120,0.002,0.001,0.5181322631600919,False,0.051908984780307255,0.2548875064430735,2.844827586206897,0.5328443775019437,0.5096609240503605,5.896551724137931,0.5224925592027359,False
basin,pooled,120,0.002,0.002,0.46556997528034416,False,0.043723618171587174,0.27239249802208393,2.977011494252874,0.4907517387133347,0.5096609240503605,5.896551724137931,0.5224925592027359,False
basin,pooled,120,0.002,0.005,0.32764821061103017,False,0.04548007454000128,0.3501586084392339,3.1494252873563213,0.463714951636827,0.5096609240503605,5.896551724137931,0.5224925592027359,False
basin,pooled,120,0.002,0.01,0.20999914304092016,False,0.04747456646400347,0.42354903988318515,3.3850574712643677,0.5192275357148248,0.5096609240503605,5.896551724137931,0.5224925592027359,False
basin,pooled,120,0.002,0.02,0.19727403166827737,False,0.016266664572960606,0.4342093271674361,3.454022988505747,0.49040763858242303,0.5096609240503605,5.896551724137931,0.5224925592027359,False
basin,pooled,120,0.002,0.05,0.19391499652588634,False,0.015980111660746525,0.44486986943637835,3.5517241379310343,0.44930647640652016,0.5096609240503605,5.896551724137931,0.5224925592027359,False
basin,pooled,120,0.002,0.1,0.14430908658733776,False,0.015042330202375845,0.4590445157475533,3.7931034482758617,0.4781791272144377,0.5096609240503605,5.896551724137931,0.5224925592027359,False
basin,pooled,120,0.002,0.2,0.1208593579041828,False,0.009618858260076312,0.42918106490567415,4.109195402298851,0.4892694708941261,0.5096609240503605,5.896551724137931,0.5224925592027359,False
basin,pooled,120,0.002,0.4,0.07510679869384683,False,0.017337992724927614,0.49340609213236636,4.2988505747126435,0.5360462456868983,0.5096609240503605,5.896551724137931,0.5224925592027359,False
basin,pooled,120,0.004,0.001,0.34325020239508824,False,0.03813795822787064,0.31983266895949164,3.2298850574712645,0.5230787404120609,0.5096609240503605,5.896551724137931,0.5224925592027359,False
basin,pooled,120,0.004,0.002,0.28033100967015684,False,0.02245728954835189,0.35051597807238144,3.379310344827586,0.5098792949188357,0.5096609240503605,5.896551724137931,0.5224925592027359,False
basin,pooled,120,0.004,0.005,0.23008725065004834,False,0.03190237610438192,0.3686463563987304,3.586206896551724,0.5203774165624127,0.5096609240503605,5.896551724137931,0.5224925592027359,False
basin,pooled,120,0.004,0.01,0.18353372050317057,False,0.014180331399438608,0.4125878844808573,3.64367816091954,0.503786071409315,0.5096609240503605,5.896551724137931,0.5224925592027359,False
basin,pooled,120,0.004,0.02,0.11671210404879907,False,0.013190854331789893,0.464517646358686,3.954022988505747,0.5128677420742215,0.5096609240503605,5.896551724137931,0.5224925592027359,False
basin,pooled,120,0.004,0.05,0.08817670570493051,False,0.0056196659690256195,0.48315201326689955,4.17816091954023,0.5103059941971265,0.5096609240503605,5.896551724137931,0.5224925592027359,False
basin,pooled,120,0.004,0.1,0.105099997714899,False,0.006721008736541903,0.47580632177964927,4.137931034482758,0.4658866380574204,0.5096609240503605,5.896551724137931,0.5224925592027359,False
basin,pooled,120,0.004,0.2,0.05760208046679096,False,0.0030803431188164876,0.4870452256590718,4.511494252873564,0.5336793453596324,0.5096609240503605,5.896551724137931,0.5224925592027359,False
basin,pooled,120,0.004,0.4,0.06039529585994806,False,0.001803761280161483,0.4623441576533664,4.75287356321839,0.46032533305060336,0.5096609240503605,5.896551724137931,0.5224925592027359,False
basin,pooled,120,0.008,0.001,0.17882307064185432,False,0.018648097274808796,0.40712430214424744,3.718390804597701,0.49975309258697376,0.5096609240503605,5.896551724137931,0.5224925592027359,False
basin,pooled,120,0.008,0.002,0.1588985651271996,False,0.013188574559405752,0.4131628474788136,3.844827586206897,0.49925295607480447,0.5096609240503605,5.896551724137931,0.5224925592027359,False
basin,pooled,120,0.008,0.005,0.11599952379562772,False,0.012908084426926212,0.44315140847548923,4.045977011494252,0.5111139384283708,0.5096609240503605,5.896551724137931,0.5224925592027359,False
basin,pooled,120,0.008,0.01,0.10902323758370662,False,0.007055755026095959,0.4649453236122369,4.07471264367816,0.4824779725233291,0.5096609240503605,5.896551724137931,0.5224925592027359,False
basin,pooled,120,0.008,0.02,0.08794464279429157,False,0.0036008875171244215,0.48596386165404576,4.172413793103448,0.5136502807194564,0.5096609240503605,5.896551724137931,0.5224925592027359,False
basin,pooled,120,0.008,0.05,0.037847075816282785,False,0.004162812222752725,0.48660203610703245,4.833333333333333,0.49253356416909483,0.5096609240503605,5.896551724137931,0.5224925592027359,False
basin,pooled,120,0.008,0.1,0.025241607760199097,False,0.003167353081104939,0.49797937005112664,5.011494252873564,0.4980578842342196,0.5096609240503605,5.896551724137931,0.5224925592027359,False
basin,pooled,120,0.008,0.2,0.016925699210660967,False,0.0011395803455876224,0.5037507802486402,5.195402298850575,0.49558534189733877,0.5096609240503605,5.896551724137931,0.5224925592027359,False
basin,pooled,120,0.008,0.4,0.008334571105874534,True,0.0032817241016365887,0.5082678327283052,5.402298850574713,0.5036451561182195,0.5096609240503605,5.896551724137931,0.5224925592027359,False
basin,pooled,120,0.012,0.001,0.12405271847940001,False,0.02074660559304169,0.4397070338603162,3.9885057471264376,0.5107487041672029,0.5096609240503605,5.896551724137931,0.5224925592027359,False
basin,pooled,120,0.012,0.002,0.1006894746271554,False,0.008861534055047799,0.45293311035713835,4.155172413793103,0.5052756556782048,0.5096609240503605,5.896551724137931,0.5224925592027359,False
basin,pooled,120,0.012,0.005,0.08863674804821366,False,0.008154607176788476,0.4563939841871873,4.25287356321839,0.5241899191004064,0.5096609240503605,5.896551724137931,0.5224925592027359,False
basin,pooled,120,0.012,0.01,0.06639199124974171,False,0.006736413025359345,0.4929645292600644,4.390804597701149,0.5170191422194564,0.5096609240503605,5.896551724137931,0.5224925592027359,False
basin,pooled,120,0.012,0.02,0.03676703894072886,False,0.0069769285227619,0.4888104776924329,4.793103448275862,0.5179962787617823,0.5096609240503605,5.896551724137931,0.5224925592027359,False
basin,pooled,120,0.012,0.05,0.030344007230601395,False,0.003868866706644878,0.5058534958436868,4.885057471264368,0.5071501236742046,0.5096609240503605,5.896551724137931,0.5224925592027359,False
basin,pooled,120,0.012,0.1,0.011340390511139508,False,0.002393717360642004,0.5113507817916679,5.2701149425287355,0.5190694050719847,0.5096609240503605,5.896551724137931,0.5224925592027359,False
basin,pooled,120,0.012,0.2,0.0011462467711426943,True,0.0013149840610585173,0.5182798246531968,5.724137931034483,0.523695346766388,0.5096609240503605,5.896551724137931,0.5224925592027359,False
basin,pooled,120,0.012,0.4,6.687710612684523e-05,True,0.000819707749234114,0.5102276836166696,5.890804597701149,0.5182901294393362,0.5096609240503605,5.896551724137931,0.5224925592027359,False
basin,pooled,120,0.024,0.001,0.04644722204311453,False,0.0010993629008136184,0.48119912459223135,4.683908045977012,0.505679662206576,0.5096609240503605,5.896551724137931,0.5224925592027359,False
basin,pooled,120,0.024,0.002,0.0505294952453756,False,0.0069214099904534275,0.47539704663662663,4.632183908045977,0.5195494877149752,0.5096609240503605,5.896551724137931,0.5224925592027359,False
basin,pooled,120,0.024,0.005,0.026932827250494604,False,0.0020214893404451426,0.5077756389936973,4.931034482758621,0.527909257135843,0.5096609240503605,5.896551724137931,0.5224925592027359,False
basin,pooled,120,0.024,0.01,0.02658394237161055,False,0.0023216746157615877,0.4993814419292674,4.959770114942529,0.5064932043874889,0.5096609240503605,5.896551724137931,0.5224925592027359,False
basin,pooled,120,0.024,0.02,0.013265588028436678,False,0.002915648116442266,0.5014311713578673,5.224137931034483,0.5229728136957276,0.5096609240503605,5.896551724137931,0.5224925592027359,False
basin,pooled,120,0.024,0.05,0.004454434040989754,True,0.002855090806486381,0.506456883316703,5.56896551724138,0.5034484917462377,0.5096609240503605,5.896551724137931,0.5224925592027359,False
basin,pooled,120,0.024,0.1,0.0008775960700584157,True,0.0017863515245993503,0.5139944348064708,5.74712643678161,0.5291658897507654,0.5096609240503605,5.896551724137931,0.5224925592027359,False
basin,pooled,120,0.024,0.2,0.0006164654623520246,True,0.001002687910732235,0.51204921774215,6.040229885057471,0.5220306610258006,0.5096609240503605,5.896551724137931,0.5224925592027359,False
basin,pooled,120,0.024,0.4,0.0030532148909504266,True,0.00039578378498122653,0.5116348967397298,6.21264367816092,0.5157894626955302,0.5096609240503605,5.896551724137931,0.5224925592027359,False
basin,pooled,120,0.048,0.001,0.006731078895696237,True,0.0015356633894310838,0.5122385307109744,5.413793103448277,0.5233323790442915,0.5096609240503605,5.896551724137931,0.5224925592027359,False
basin,pooled,120,0.048,0.002,0.003605137853020659,True,0.0010228370971833377,0.5077680260582563,5.545977011494252,0.5185636731750725,0.5096609240503605,5.896551724137931,0.5224925592027359,False
basin,pooled,120,0.048,0.005,0.0014771854470073838,True,0.0007150636254957113,0.5185769213034644,5.695402298850575,0.521066884752355,0.5096609240503605,5.896551724137931,0.5224925592027359,False
basin,pooled,120,0.048,0.01,0.002216138592189538,True,0.0017036071305020946,0.5079664750022616,5.620689655172414,0.5203780714733629,0.5096609240503605,5.896551724137931,0.5224925592027359,False
basin,pooled,120,0.048,0.02,0.0011975699254672362,True,0.0010036378039651886,0.521152066534473,5.74712643678161,0.5260763383662709,0.5096609240503605,5.896551724137931,0.5224925592027359,False
basin,pooled,120,0.048,0.05,0.0018459095425657859,True,0.0006879541100233271,0.51544854691854,6.137931034482758,0.5191377915402783,0.5096609240503605,5.896551724137931,0.5224925592027359,False
basin,pooled,120,0.048,0.1,0.007764423573458723,True,0.0005094728192510334,0.5172673161338942,6.408045977011494,0.5246502000918818,0.5096609240503605,5.896551724137931,0.5224925592027359,False
basin,pooled,120,0.048,0.2,0.009873082297821528,True,0.00046205391866490503,0.5141671555673082,6.477011494252873,0.5171547694893684,0.5096609240503605,5.896551724137931,0.5224925592027359,False
basin,pooled,120,0.048,0.4,0.019579339951889256,False,0.0002452291589654981,0.5158664347084789,6.7183908045977025,0.5212828437755994,0.5096609240503605,5.896551724137931,0.5224925592027359,False
basin,pooled,120,0.1,0.001,0.00448610770982062,True,0.0003686943492552017,0.519491172937074,6.2701149425287355,0.5277307139617569,0.5096609240503605,5.896551724137931,0.5224925592027359,False
basin,pooled,120,0.1,0.002,0.004125543725659159,True,0.0005910792581262675,0.5145672684857547,6.264367816091955,0.5162699625663846,0.5096609240503605,5.896551724137931,0.5224925592027359,False
basin,pooled,120,0.1,0.005,0.004406939360123185,True,0.0006507749038088531,0.5134034971817771,6.275862068965517,0.5148314835809584,0.5096609240503605,5.896551724137931,0.5224925592027359,False
basin,pooled,120,0.1,0.01,0.004396474545659418,True,0.0002958374262362306,0.5187359948982028,6.2701149425287355,0.5267320606878036,0.5096609240503605,5.896551724137931,0.5224925592027359,False
basin,pooled,120,0.1,0.02,0.008111524871109834,True,0.00045130588542931585,0.5171241972291155,6.408045977011494,0.5325762222469687,0.5096609240503605,5.896551724137931,0.5224925592027359,False
basin,pooled,120,0.1,0.05,0.010313522506971168,True,0.00019853511238167407,0.5241437962204905,6.471264367816093,0.5238159824748702,0.5096609240503605,5.896551724137931,0.5224925592027359,False
basin,pooled,120,0.1,0.1,0.01894278440947594,False,0.0001996357888354036,0.5217401519284648,6.695402298850574,0.52520219597558,0.5096609240503605,5.896551724137931,0.5224925592027359,False
basin,pooled,120,0.1,0.2,0.02409350533279918,False,0.00042844364523108295,0.5195746779460735,6.804597701149426,0.5227966841164354,0.5096609240503605,5.896551724137931,0.5224925592027359,False
basin,pooled,120,0.1,0.4,0.025278943737432467,False,0.00024052598277866596,0.5183731643836914,6.827586206896552,0.5185831238592965,0.5096609240503605,5.896551724137931,0.5224925592027359,False
basin,pooled,120,0.2,0.001,0.01862967583640567,False,0.00023762605968002194,0.5181169362719799,6.695402298850574,0.5222451225601036,0.5096609240503605,5.896551724137931,0.5224925592027359,False
basin,pooled,120,0.2,0.002,0.022295681141393974,False,0.00014725138573285575,0.518170999873517,6.7701149425287355,0.5181524096177917,0.5096609240503605,5.896551724137931,0.5224925592027359,False
basin,pooled,120,0.2,0.005,0.01980926603089377,False,0.0002751496369899975,0.5142898234295854,6.724137931034483,0.5197076730762237,0.5096609240503605,5.896551724137931,0.5224925592027359,False
basin,pooled,120,0.2,0.01,0.02839502153661686,False,0.0003886297761980896,0.5222737181851796,6.879310344827586,0.5236383374521589,0.5096609240503605,5.896551724137931,0.5224925592027359,False
basin,pooled,120,0.2,0.02,0.02310206149201359,False,0.00021975582004604504,0.5181272633533339,6.787356321839081,0.521539713358849,0.5096609240503605,5.896551724137931,0.5224925592027359,False
basin,pooled,120,0.2,0.05,0.02857050073092395,False,0.00014513756568696972,0.5191241115450961,6.885057471264368,0.5282667615668543,0.5096609240503605,5.896551724137931,0.5224925592027359,False
basin,pooled,120,0.2,0.1,0.03357614393405871,False,0.0001638721030172505,0.5223841270170165,6.96551724137931,0.5273975045040603,0.5096609240503605,5.896551724137931,0.5224925592027359,False
basin,pooled,120,0.2,0.2,0.035115179587198266,False,0.00014632012900073812,0.5198877388867541,6.994252873563219,0.5264390538707039,0.5096609240503605,5.896551724137931,0.5224925592027359,False
basin,pooled,120,0.2,0.4,0.04082933864556479,False,0.0001320861011082189,0.5210780934702807,7.080459770114942,0.5245170146309431,0.5096609240503605,5.896551724137931,0.5224925592027359,False
basin,pooled,2000,0.0002,0.001,0.20982775172322626,False,0.03357689366377175,0.4267822129089824,3.419540229885058,0.47903297762537606,0.5096609240503605,5.896551724137931,0.5224925592027359,False
basin,pooled,2000,0.0002,0.002,0.20780898670667214,False,0.013559553896746613,0.4507873482916242,3.298850574712644,0.5122455886412465,0.5096609240503605,5.896551724137931,0.5224925592027359,False
basin,pooled,2000,0.0002,0.005,0.12096650214377268,False,0.009433117223091564,0.4850645072437357,3.867816091954023,0.5140048978994513,0.5096609240503605,5.896551724137931,0.5224925592027359,False
basin,pooled,2000,0.0002,0.01,0.10707458938947648,False,0.008846278736895278,0.4784752595201243,4.005747126436781,0.5107407789752286,0.5096609240503605,5.896551724137931,0.5224925592027359,False
basin,pooled,2000,0.0002,0.02,0.054984993639955335,False,0.004247683881430337,0.5046248668776797,4.517241379310344,0.5156868096789724,0.5096609240503605,5.896551724137931,0.5224925592027359,False
basin,pooled,2000,0.0002,0.05,0.05596502962143336,False,0.002934305048627002,0.4863052634350054,4.580459770114943,0.4892488471840228,0.5096609240503605,5.896551724137931,0.5224925592027359,False
basin,pooled,2000,0.0002,0.1,0.061170132743220626,False,0.0007005521861553413,0.5425057920394469,4.517241379310344,0.5475468376408998,0.5096609240503605,5.896551724137931,0.5224925592027359,False
basin,pooled,2000,0.0002,0.2,0.040134305408454606,False,0.0016818308109693507,0.5035891507168357,4.7298850574712645,0.5072999768753165,0.5096609240503605,5.896551724137931,0.5224925592027359,False
basin,pooled,2000,0.0002,0.4,0.03819213155479839,False,0.0005535975255437924,0.49504194167060017,4.764367816091954,0.5107814937459287,0.5096609240503605,5.896551724137931,0.5224925592027359,False
basin,pooled,2000,0.0005,0.001,0.17488613807746217,False,0.018493807018919527,0.4370431514260659,3.5862068965517238,0.505420974518711,0.5096609240503605,5.896551724137931,0.5224925592027359,False
basin,pooled,2000,0.0005,0.002,0.13627011255919938,False,0.02568460179344097,0.469808702765744,3.7701149425287355,0.5278811250341416,0.5096609240503605,5.896551724137931,0.5224925592027359,False
basin,pooled,2000,0.0005,0.005,0.12135402764564487,False,0.008309912969098448,0.4530323351351251,4.091954022988506,0.45776613385437287,0.5096609240503605,5.896551724137931,0.5224925592027359,False
basin,pooled,2000,0.0005,0.01,0.0553868009536197,False,0.006251491359745587,0.48483810771838803,4.60919540229885,0.48427739037486645,0.5096609240503605,5.896551724137931,0.5224925592027359,False
basin,pooled,2000,0.0005,0.02,0.047797877320930805,False,0.002442495350278942,0.5080033329072975,4.609195402298851,0.5167188138228247,0.5096609240503605,5.896551724137931,0.5224925592027359,False
basin,pooled,2000,0.0005,0.05,0.013448339951476743,False,0.0016610808101239576,0.5289206720150473,5.25287356321839,0.5278211865751149,0.5096609240503605,5.896551724137931,0.5224925592027359,False
basin,pooled,2000,0.0005,0.1,0.03196876938404573,False,0.0019380148016772797,0.5041725453055378,4.844827586206897,0.5192047027489838,0.5096609240503605,5.896551724137931,0.5224925592027359,False
basin,pooled,2000,0.0005,0.2,0.017244306522538427,True,0.0007686958498268311,0.5463121974278793,5.379310344827587,0.5570646088906347,0.5096609240503605,5.896551724137931,0.5224925592027359,False
basin,pooled,2000,0.0005,0.4,0.00560516879024507,True,0.00045415610319428064,0.49853397317172093,5.528735632183909,0.5041122995675816,0.5096609240503605,5.896551724137931,0.5224925592027359,False
basin,pooled,2000,0.001,0.001,0.12763442980264206,False,0.007473112693882216,0.4610340895821599,3.8735632183908044,0.5074624114629648,0.5096609240503605,5.896551724137931,0.5224925592027359,False
basin,pooled,2000,0.001,0.002,0.08917707511636297,False,0.015554865357369916,0.46187289540214166,4.241379310344828,0.5016461823688082,0.5096609240503605,5.896551724137931,0.5224925592027359,False
basin,pooled,2000,0.001,0.005,0.04083556765267281,False,0.003320162314318322,0.5064846309787506,4.712643678160919,0.5109950049753738,0.5096609240503605,5.896551724137931,0.5224925592027359,False
basin,pooled,2000,0.001,0.01,0.022310328309794476,False,0.006720986831205504,0.5015730273042189,5.022988505747127,0.5169970924108351,0.5096609240503605,5.896551724137931,0.5224925592027359,False
basin,pooled,2000,0.001,0.02,0.006751208939575304,True,0.002197504851892404,0.5080954718683578,5.413793103448275,0.5192355673512029,0.5096609240503605,5.896551724137931,0.5224925592027359,False
basin,pooled,2000,0.001,0.05,0.0014858353719397698,True,0.0015761341944891415,0.5044593917291983,5.689655172413793,0.5160821146979506,0.5096609240503605,5.896551724137931,0.5224925592027359,False
basin,pooled,2000,0.001,0.1,0.0035144653682070317,True,0.0016057664281540272,0.5312684050144917,5.6724137931034475,0.5311124633568775,0.5096609240503605,5.896551724137931,0.5224925592027359,False
basin,pooled,2000,0.001,0.2,0.00913531409234973,True,0.0008120492080138065,0.4854529741928615,5.609195402298851,0.4874257939724842,0.5096609240503605,5.896551724137931,0.5224925592027359,False
basin,pooled,2000,0.001,0.4,0.0014208409116405324,True,0.000648580390156624,0.49963999566566014,5.816091954022988,0.5072768399658166,0.5096609240503605,5.896551724137931,0.5224925592027359,False
basin,pooled,2000,0.002,0.001,0.048001966205036016,False,0.003005616867339649,0.48134784225706756,4.655172413793104,0.5097526833616771,0.5096609240503605,5.896551724137931,0.5224925592027359,False
basin,pooled,2000,0.002,0.002,0.04000496236838702,False,0.0033899296062163933,0.5148466984545262,4.8678160919540225,0.5733216258510773,0.5096609240503605,5.896551724137931,0.5224925592027359,False
basin,pooled,2000,0.002,0.005,0.018797070204385678,False,0.00424461697665378,0.5076603906471383,5.091954022988506,0.5158331143058043,0.5096609240503605,5.896551724137931,0.5224925592027359,False
basin,pooled,2000,0.002,0.01,0.005647152425953084,True,0.001851400046501374,0.5005319482542457,5.517241379310344,0.5044813966063904,0.5096609240503605,5.896551724137931,0.5224925592027359,False
basin,pooled,2000,0.002,0.02,0.002142093046222486,True,0.003233290486511972,0.5221610726337617,5.741379310344828,0.5377080223746035,0.5096609240503605,5.896551724137931,0.5224925592027359,False
basin,pooled,2000,0.002,0.05,0.007029584801457823,True,0.0009624789030972809,0.5174063514883102,6.373563218390806,0.5308255469551213,0.5096609240503605,5.896551724137931,0.5224925592027359,False
basin,pooled,2000,0.002,0.1,0.004229996931367019,True,0.0006601085213740392,0.5212988927956129,6.24712643678161,0.5293801781526044,0.5096609240503605,5.896551724137931,0.5224925592027359,False
basin,pooled,2000,0.002,0.2,0.016126496280436695,False,0.0003561117474527164,0.52582395533954,6.620689655172414,0.5257638441010166,0.5096609240503605,5.896551724137931,0.5224925592027359,False
basin,pooled,2000,0.002,0.4,0.008966010329113493,True,0.0002964470723831918,0.507793533766547,6.425287356321839,0.5067125499672261,0.5096609240503605,5.896551724137931,0.5224925592027359,False
basin,pooled,2000,0.004,0.001,0.01130312530661396,False,0.0022960856780026625,0.5042077817697924,5.275862068965517,0.5170548062245719,0.5096609240503605,5.896551724137931,0.5224925592027359,False
basin,pooled,2000,0.004,0.002,0.00979341936266437,True,0.002396369737152942,0.5029434829907565,5.32183908045977,0.5282186140698552,0.5096609240503605,5.896551724137931,0.5224925592027359,False
basin,pooled,2000,0.004,0.005,0.0012023174147504333,True,0.001465974206209396,0.5162378187393624,5.706896551724138,0.5230851223739242,0.5096609240503605,5.896551724137931,0.5224925592027359,False
basin,pooled,2000,0.004,0.01,0.00046351539745688783,True,0.0010477573674777018,0.5126179532116911,5.787356321839081,0.5176213926863635,0.5096609240503605,5.896551724137931,0.5224925592027359,False
basin,pooled,2000,0.004,0.02,0.005206271573930455,True,0.0012287773934241022,0.5210478105711258,6.298850574712644,0.5262711359000548,0.5096609240503605,5.896551724137931,0.5224925592027359,False
basin,pooled,2000,0.004,0.05,0.015025928039721626,False,0.001059318101617813,0.5239864022719966,6.597701149425287,0.5276298298887446,0.5096609240503605,5.896551724137931,0.5224925592027359,False
basin,pooled,2000,0.004,0.1,0.021966706685617763,False,0.000447049514935204,0.5216493839754729,6.758620689655172,0.5192168899919846,0.5096609240503605,5.896551724137931,0.5224925592027359,False
basin,pooled,2000,0.004,0.2,0.03133709743760924,False,0.00044488759299992947,0.5169965137798062,6.936781609195402,0.5209872673307443,0.5096609240503605,5.896551724137931,0.5224925592027359,False
basin,pooled,2000,0.004,0.4,0.050835606757965314,False,0.0004908247620990316,0.5180937200653689,7.218390804597701,0.5133085608393086,0.5096609240503605,5.896551724137931,0.5224925592027359,False
basin,pooled,2000,0.008,0.001,0.0003474811392088987,True,0.000799325492458556,0.5105024837018917,5.954022988505748,0.514235215375041,0.5096609240503605,5.896551724137931,0.5224925592027359,False
basin,pooled,2000,0.008,0.002,0.00030051910786219207,True,0.001598422436412502,0.5127776811134324,5.844827586206897,0.5296217552231781,0.5096609240503605,5.896551724137931,0.5224925592027359,False
basin,pooled,2000,0.008,0.005,0.00513250662714115,True,0.000942028098281201,0.5190642604459382,6.304597701149426,0.5215363084203909,0.5096609240503605,5.896551724137931,0.5224925592027359,False
basin,pooled,2000,0.008,0.01,0.0056121394743048735,True,0.0005070940067079832,0.517971217757722,6.327586206896552,0.5216269669908397,0.5096609240503605,5.896551724137931,0.5224925592027359,False
basin,pooled,2000,0.008,0.02,0.021801297089748952,False,0.0007653128649330531,0.5197042954106947,6.758620689655172,0.519234904317989,0.5096609240503605,5.896551724137931,0.5224925592027359,False
basin,pooled,2000,0.008,0.05,0.032918800438419896,False,0.0003066440527971743,0.5262237414705014,6.948275862068965,0.5261682943614808,0.5096609240503605,5.896551724137931,0.5224925592027359,False
basin,pooled,2000,0.008,0.1,0.028156425334433133,False,0.00029401751864138037,0.5183829962197248,6.879310344827587,0.5176534670783925,0.5096609240503605,5.896551724137931,0.5224925592027359,False
basin,pooled,2000,0.008,0.2,0.0483003300777916,False,0.0003243057128663898,0.5167365327528213,7.189655172413794,0.5204109251752236,0.5096609240503605,5.896551724137931,0.5224925592027359,False
basin,pooled,2000,0.008,0.4,0.06452808650782212,False,0.00020329929089914504,0.5233399541970664,7.385057471264368,0.5272661059411449,0.5096609240503605,5.896551724137931,0.5224925592027359,False
basin,pooled,2000,0.012,0.001,0.003751050216337569,True,0.0008266709992578091,0.5172330307330388,6.241379310344828,0.5279839473357754,0.5096609240503605,5.896551724137931,0.5224925592027359,False
basin,pooled,2000,0.012,0.002,0.005035315551122324,True,0.0007357486876051892,0.5169611255703227,6.298850574712644,0.5294113001023378,0.5096609240503605,5.896551724137931,0.5224925592027359,False
basin,pooled,2000,0.012,0.005,0.014995993690282828,False,0.0007674592275653152,0.5213914340472786,6.6034482758620685,0.5174187285264019,0.5096609240503605,5.896551724137931,0.5224925592027359,False
basin,pooled,2000,0.012,0.01,0.014056527355734129,False,0.0008142100611437678,0.5203697969239768,6.580459770114943,0.5291561524390016,0.5096609240503605,5.896551724137931,0.5224925592027359,False
basin,pooled,2000,0.012,0.02,0.02799904103131237,False,0.00048553143868907957,0.514499942289986,6.879310344827587,0.5165097082802282,0.5096609240503605,5.896551724137931,0.5224925592027359,False
basin,pooled,2000,0.012,0.05,0.042086248428539016,False,0.00022586317923120033,0.5167414753650929,7.1034482758620685,0.5224402377171485,0.5096609240503605,5.896551724137931,0.5224925592027359,False
basin,pooled,2000,0.012,0.1,0.05121832007539102,False,0.0002462491723835996,0.5211687953300577,7.224137931034483,0.5246893258913016,0.5096609240503605,5.896551724137931,0.5224925592027359,False
basin,pooled,2000,0.012,0.2,0.05310604322993204,False,0.00016018368763263133,0.516127196940067,7.25287356321839,0.5193529994678704,0.5096609240503605,5.896551724137931,0.5224925592027359,False
basin,pooled,2000,0.012,0.4,0.055158249314651485,False,0.0002332156817469594,0.5194156613866471,7.275862068965516,0.5179908748914684,0.5096609240503605,5.896551724137931,0.5224925592027359,False
basin,pooled,2000,0.024,0.001,0.023550568492892214,False,0.0001798837061711141,0.5146651333834054,6.798850574712643,0.5192463832140941,0.5096609240503605,5.896551724137931,0.5224925592027359,False
basin,pooled,2000,0.024,0.002,0.02950922354837199,False,0.0003292733629062972,0.5227527764701936,6.8965517241379315,0.5274049872464044,0.5096609240503605,5.896551724137931,0.5224925592027359,False
basin,pooled,2000,0.024,0.005,0.02712791653331718,False,0.00015737601061428574,0.5157035721973027,6.862068965517242,0.5155672516666424,0.5096609240503605,5.896551724137931,0.5224925592027359,False
basin,pooled,2000,0.024,0.01,0.03209402650411236,False,0.00020899031957751245,0.5166123509881123,6.948275862068965,0.517405615772822,0.5096609240503605,5.896551724137931,0.5224925592027359,False
basin,pooled,2000,0.024,0.02,0.038332577372848994,False,0.0003945178402237367,0.5189421900313423,7.0459770114942515,0.5233273167365424,0.5096609240503605,5.896551724137931,0.5224925592027359,False
basin,pooled,2000,0.024,0.05,0.05359875205350103,False,0.00018528457892933898,0.5230465250876922,7.252873563218391,0.5224771294665517,0.5096609240503605,5.896551724137931,0.5224925592027359,False
basin,pooled,2000,0.024,0.1,0.06115975261801503,False,0.0001263909084655234,0.5189512401806379,7.350574712643677,0.52007024750976,0.5096609240503605,5.896551724137931,0.5224925592027359,False
basin,pooled,2000,0.024,0.2,0.06834833463852658,False,0.00010486719291693264,0.5222241351468867,7.431034482758622,0.5202142706354558,0.5096609240503605,5.896551724137931,0.5224925592027359,False
basin,pooled,2000,0.024,0.4,0.07052615589101578,False,3.814971520831121e-05,0.517376225520419,7.459770114942529,0.5204582232544303,0.5096609240503605,5.896551724137931,0.5224925592027359,False
basin,pooled,2000,0.048,0.001,0.056432841927047575,False,0.0002580221700919717,0.524057928874812,7.287356321839081,0.5231170924589873,0.5096609240503605,5.896551724137931,0.5224925592027359,False
basin,pooled,2000,0.048,0.002,0.054674320155654786,False,0.00018868414518851578,0.5197752118038658,7.2701149425287355,0.5246988652763226,0.5096609240503605,5.896551724137931,0.5224925592027359,False
basin,pooled,2000,0.048,0.005,0.053211682369533435,False,7.416288764128747e-05,0.5185283254606722,7.252873563218391,0.5224647558389722,0.5096609240503605,5.896551724137931,0.5224925592027359,False
basin,pooled,2000,0.048,0.01,0.06016486831415437,False,0.00013287306095451253,0.5186426438500279,7.339080459770116,0.5212259930592572,0.5096609240503605,5.896551724137931,0.5224925592027359,False
basin,pooled,2000,0.048,0.02,0.06572792778612631,False,8.312307786645502e-05,0.5212342208950559,7.402298850574712,0.5215529761605644,0.5096609240503605,5.896551724137931,0.5224925592027359,False
basin,pooled,2000,0.048,0.05,0.06470235359206856,False,7.285512038439083e-05,0.5208179144708099,7.390804597701151,0.5237560205040271,0.5096609240503605,5.896551724137931,0.5224925592027359,False
basin,pooled,2000,0.048,0.1,0.07477047951961895,False,5.8110688823345704e-05,0.518110432521705,7.5057471264367805,0.52022891721442,0.5096609240503605,5.896551724137931,0.5224925592027359,False
basin,pooled,2000,0.048,0.2,0.08103479688215423,False,6.788386060394309e-05,0.5219483013444606,7.568965517241381,0.5241449337289283,0.5096609240503605,5.896551724137931,0.5224925592027359,False
basin,pooled,2000,0.048,0.4,0.07709831816188299,False,5.3009608219571035e-05,0.520769161615767,7.528735632183907,0.5215413502087367,0.5096609240503605,5.896551724137931,0.5224925592027359,False
basin,pooled,2000,0.1,0.001,0.06396925895857837,False,0.00012401027139653095,0.5175909425172106,7.385057471264368,0.5216022992483682,0.5096609240503605,5.896551724137931,0.5224925592027359,False
basin,pooled,2000,0.1,0.002,0.0754362477419329,False,7.508744831208736e-05,0.5201589416168192,7.511494252873564,0.5217204388569563,0.5096609240503605,5.896551724137931,0.5224925592027359,False
basin,pooled,2000,0.1,0.005,0.07100335076718534,False,0.00011269145540428462,0.5168706048596375,7.4655172413793105,0.5214904860282598,0.5096609240503605,5.896551724137931,0.5224925592027359,False
basin,pooled,2000,0.1,0.01,0.06484080343053832,False,6.800336038794347e-05,0.5223068853230255,7.390804597701149,0.5239567772144723,0.5096609240503605,5.896551724137931,0.5224925592027359,False
basin,pooled,2000,0.1,0.02,0.06353289009801046,False,8.005947785958747e-05,0.5183295609849975,7.379310344827586,0.5241827924552042,0.5096609240503605,5.896551724137931,0.5224925592027359,False
basin,pooled,2000,0.1,0.05,0.0780528613831724,False,9.975925704810892e-05,0.5186776994497103,7.540229885057472,0.525668338249064,0.5096609240503605,5.896551724137931,0.5224925592027359,False
basin,pooled,2000,0.1,0.1,0.0754945320454717,False,7.472746185134309e-05,0.5208466307911387,7.511494252873562,0.5215783791816483,0.5096609240503605,5.896551724137931,0.5224925592027359,False
basin,pooled,2000,0.1,0.2,0.07496552538547321,False,8.316979389629188e-05,0.5209237041807065,7.5057471264367805,0.5221963958174535,0.5096609240503605,5.896551724137931,0.5224925592027359,False
basin,pooled,2000,0.1,0.4,0.07385445415269687,False,2.3343266195027775e-05,0.5203169795188894,7.4942528735632195,0.5228981397403226,0.5096609240503605,5.896551724137931,0.5224925592027359,False
basin,pooled,2000,0.2,0.001,0.07455829061190652,False,8.560514609192548e-05,0.5221784932512202,7.500000000000001,0.5209044129732887,0.5096609240503605,5.896551724137931,0.5224925592027359,False
basin,pooled,2000,0.2,0.002,0.08504333497773839,False,4.6247774263959465e-05,0.5229638960833621,7.609195402298849,0.5217914069226571,0.5096609240503605,5.896551724137931,0.5224925592027359,False
basin,pooled,2000,0.2,0.005,0.07757353992653754,False,3.4047351537261467e-05,0.5199738171218101,7.5344827586206895,0.5234837092149418,0.5096609240503605,5.896551724137931,0.5224925592027359,False
basin,pooled,2000,0.2,0.01,0.07643449114921194,False,6.0624548206854296e-05,0.519144380707086,7.522988505747127,0.5238667278138042,0.5096609240503605,5.896551724137931,0.5224925592027359,False
basin,pooled,2000,0.2,0.02,0.07696063989846492,False,8.41365770938083e-05,0.5190573868319602,7.528735632183909,0.5229485234247763,0.5096609240503605,5.896551724137931,0.5224925592027359,False
basin,pooled,2000,0.2,0.05,0.07222650433599109,False,3.089518381652341e-05,0.5196707162742553,7.477011494252873,0.5223729191127933,0.5096609240503605,5.896551724137931,0.5224925592027359,False
basin,pooled,2000,0.2,0.1,0.06958153047564203,False,8.06809380883892e-05,0.5189098909288907,7.448275862068965,0.5226799411097233,0.5096609240503605,5.896551724137931,0.5224925592027359,False
basin,pooled,2000,0.2,0.2,0.0831173314793258,False,6.519900645594275e-05,0.5203138594827929,7.591954022988506,0.5208257890327798,0.5096609240503605,5.896551724137931,0.5224925592027359,False
basin,pooled,2000,0.2,0.4,0.07275552711981563,False,6.14742682011775e-05,0.5196806447161121,7.482758620689656,0.5213381311699151,0.5096609240503605,5.896551724137931,0.5224925592027359,False
basin,pooled,10000,0.0002,0.001,0.0478998554296936,False,0.005738442811607155,0.506364863725342,4.609195402298851,0.5297482992373014,0.5096609240503605,5.896551724137931,0.5224925592027359,False
basin,pooled,10000,0.0002,0.002,0.035011253431788895,False,0.002375873779070061,0.4941108424707084,4.8275862068965525,0.5042760593666824,0.5096609240503605,5.896551724137931,0.5224925592027359,False
basin,pooled,10000,0.0002,0.005,0.0056873495376386874,True,0.0039070031071354785,0.5165783929664509,5.477011494252873,0.5334623560913555,0.5096609240503605,5.896551724137931,0.5224925592027359,True
basin,pooled,10000,0.0002,0.01,0.0011982957944280163,True,0.0026703267687405077,0.5172992972033316,5.71264367816092,0.5229941748218812,0.5096609240503605,5.896551724137931,0.5224925592027359,False
basin,pooled,10000,0.0002,0.02,0.000954606315082426,True,0.0013748810626641995,0.5168558864639938,5.735632183908046,0.5241891457754005,0.5096609240503605,5.896551724137931,0.5224925592027359,False
basin,pooled,10000,0.0002,0.05,0.010299755652947327,True,0.0003791785496658758,0.5464911619790179,6.195402298850575,0.5486639071078959,0.5096609240503605,5.896551724137931,0.5224925592027359,False
basin,pooled,10000,0.0002,0.1,0.0016457222139236185,True,0.000398896861686204,0.5162005768988115,6.109195402298851,0.5154712469367011,0.5096609240503605,5.896551724137931,0.5224925592027359,False
basin,pooled,10000,0.0002,0.2,0.0007905080545167673,True,0.00010037873436303698,0.5197326108570821,5.781609195402299,0.52015558215007,0.5096609240503605,5.896551724137931,0.5224925592027359,False
basin,pooled,10000,0.0002,0.4,0.008197732060146129,True,0.00027112538168539633,0.5198239244397204,6.413793103448275,0.5171277821993672,0.5096609240503605,5.896551724137931,0.5224925592027359,False
basin,pooled,10000,0.0005,0.001,0.035179644082685244,False,0.0013706383315279583,0.49631201044794415,4.82183908045977,0.5038395898600853,0.5096609240503605,5.896551724137931,0.5224925592027359,False
basin,pooled,10000,0.0005,0.002,0.017526100373143737,False,0.002232883563730156,0.515876882216682,5.120689655172414,0.5183017853152934,0.5096609240503605,5.896551724137931,0.5224925592027359,False
basin,pooled,10000,0.0005,0.005,0.005121416904747729,True,0.002356048906209177,0.5116228176856741,5.477011494252873,0.5259687089669648,0.5096609240503605,5.896551724137931,0.5224925592027359,False
basin,pooled,10000,0.0005,0.01,0.0008583582982681271,True,0.0016256796614658408,0.5089673970275433,5.982758620689656,0.5092458977079164,0.5096609240503605,5.896551724137931,0.5224925592027359,False
basin,pooled,10000,0.0005,0.02,0.014122479638758307,False,0.001511843341131232,0.5203809187296022,6.586206896551725,0.5229122972735124,0.5096609240503605,5.896551724137931,0.5224925592027359,False
basin,pooled,10000,0.0005,0.05,0.0059619976460028755,True,0.0003651606473951623,0.5248801767955857,6.310344827586206,0.5287992576052586,0.5096609240503605,5.896551724137931,0.5224925592027359,False
basin,pooled,10000,0.0005,0.1,0.0074039960656848295,True,0.00027514879274162475,0.5269175312584419,6.356321839080461,0.5294599738365299,0.5096609240503605,5.896551724137931,0.5224925592027359,False
basin,pooled,10000,0.0005,0.2,0.015878435284308805,False,0.00030415199198892504,0.5202791129055667,6.626436781609196,0.51671001783868,0.5096609240503605,5.896551724137931,0.5224925592027359,False
basin,pooled,10000,0.0005,0.4,0.039142328567719625,False,0.00021445365362471753,0.5113581403153789,7.045977011494252,0.5049066471293221,0.5096609240503605,5.896551724137931,0.5224925592027359,False
basin,pooled,10000,0.001,0.001,0.00400475837176134,True,0.002089432560601779,0.5224166345953588,5.568965517241378,0.5135650281567591,0.5096609240503605,5.896551724137931,0.5224925592027359,False
basin,pooled,10000,0.001,0.002,0.0027853255866577557,True,0.0016400869713442804,0.5092357853552069,5.597701149425287,0.5148146174865547,0.5096609240503605,5.896551724137931,0.5224925592027359,False
basin,pooled,10000,0.001,0.005,0.0010692809611593742,True,0.001714137673364965,0.5128816975071792,5.718390804597701,0.5168546219199768,0.5096609240503605,5.896551724137931,0.5224925592027359,False
basin,pooled,10000,0.001,0.01,0.005849409910366654,True,0.0008530754821690426,0.5209283881366445,6.327586206896552,0.5246552063987596,0.5096609240503605,5.896551724137931,0.5224925592027359,False
basin,pooled,10000,0.001,0.02,0.012439607312123546,False,0.0008598964334160654,0.5194586530063897,6.540229885057472,0.5160139158966983,0.5096609240503605,5.896551724137931,0.5224925592027359,False
basin,pooled,10000,0.001,0.05,0.01831704755462561,False,0.00024967487559211067,0.5030888116644437,6.67816091954023,0.5099059504784861,0.5096609240503605,5.896551724137931,0.5224925592027359,False
basin,pooled,10000,0.001,0.1,0.03283823012549889,False,0.00020427421665511762,0.5258326974027404,6.948275862068965,0.5247216392488796,0.5096609240503605,5.896551724137931,0.5224925592027359,False
basin,pooled,10000,0.001,0.2,0.01785610611246645,False,0.0002344110426529397,0.5215376766156419,6.672413793103448,0.5223810234220574,0.5096609240503605,5.896551724137931,0.5224925592027359,False
basin,pooled,10000,0.001,0.4,0.03942164374331011,False,0.00018641585224430014,0.5172863577604089,7.063218390804598,0.5187652079128865,0.5096609240503605,5.896551724137931,0.5224925592027359,False
basin,pooled,10000,0.002,0.001,0.0010635070629534233,True,0.0010040881779574528,0.5240747305511552,5.879310344827586,0.5308382706950168,0.5096609240503605,5.896551724137931,0.5224925592027359,False
basin,pooled,10000,0.002,0.002,0.0025464321618357518,True,0.0010629483917957067,0.5151953435917874,6.183908045977012,0.5186667857407631,0.5096609240503605,5.896551724137931,0.5224925592027359,False
basin,pooled,10000,0.002,0.005,0.003824476594184243,True,0.0005400557979793768,0.5159618953854513,6.25287356321839,0.5248283585271591,0.5096609240503605,5.896551724137931,0.5224925592027359,False
basin,pooled,10000,0.002,0.01,0.011758797862360578,False,0.0007182455657396378,0.5205193216942633,6.522988505747127,0.520250394189704,0.5096609240503605,5.896551724137931,0.5224925592027359,False
basin,pooled,10000,0.002,0.02,0.027014934697854338,False,0.00020348114636377837,0.5156919775229248,6.862068965517242,0.5183376652016292,0.5096609240503605,5.896551724137931,0.5224925592027359,False
basin,pooled,10000,0.002,0.05,0.04387066882766164,False,0.0002615845598234703,0.5234669001278179,7.120689655172414,0.5257196850630024,0.5096609240503605,5.896551724137931,0.5224925592027359,False
basin,pooled,10000,0.002,0.1,0.03506726174419136,False,0.0001959958382819163,0.5199966483199022,6.994252873563219,0.5221188166565544,0.5096609240503605,5.896551724137931,0.5224925592027359,False
basin,pooled,10000,0.002,0.2,0.04105071059507775,False,0.00014568343158690225,0.5184455891992273,7.086206896551725,0.518843011932245,0.5096609240503605,5.896551724137931,0.5224925592027359,False
basin,pooled,10000,0.002,0.4,0.06511349577861887,False,0.00020183355102331216,0.5180114324212576,7.3965517241379315,0.5164708060568053,0.5096609240503605,5.896551724137931,0.5224925592027359,False
basin,pooled,10000,0.004,0.001,0.011398547675289727,False,0.0006514900283905206,0.5179736598058944,6.517241379310345,0.5187179876364166,0.5096609240503605,5.896551724137931,0.5224925592027359,False
basin,pooled,10000,0.004,0.002,0.0116402546743021,False,0.00026064472412177066,0.5168434145926152,6.522988505747126,0.515983861810903,0.5096609240503605,5.896551724137931,0.5224925592027359,False
basin,pooled,10000,0.004,0.005,0.01518785321183026,False,0.000548144315113353,0.5146485643586429,6.614942528735632,0.5142484277332238,0.5096609240503605,5.896551724137931,0.5224925592027359,False
basin,pooled,10000,0.004,0.01,0.03599895300288276,False,0.00044574413712633707,0.5175343061317831,7.011494252873564,0.5239341622672896,0.5096609240503605,5.896551724137931,0.5224925592027359,False
basin,pooled,10000,0.004,0.02,0.034719666432341534,False,0.000279779807225851,0.5183158546169423,6.988505747126436,0.5163605788155644,0.5096609240503605,5.896551724137931,0.5224925592027359,False
basin,pooled,10000,0.004,0.05,0.06136142600252482,False,0.00010390905054324649,0.5210534166099919,7.350574712643678,0.5263949080848042,0.5096609240503605,5.896551724137931,0.5224925592027359,False
basin,pooled,10000,0.004,0.1,0.05243788344339483,False,0.00012067879363098375,0.5195750193276737,7.241379310344828,0.5259380465663641,0.5096609240503605,5.896551724137931,0.5224925592027359,False
basin,pooled,10000,0.004,0.2,0.06788946139066004,False,0.00011896087755270688,0.5148812328789355,7.43103448275862,0.5183501405712491,0.5096609240503605,5.896551724137931,0.5224925592027359,False
basin,pooled,10000,0.004,0.4,0.06587321567214538,False,7.189142769671881e-05,0.5159394316089697,7.408045977011494,0.5205599695698618,0.5096609240503605,5.896551724137931,0.5224925592027359,False
basin,pooled,10000,0.008,0.001,0.023073624873704932,False,0.00026384877229160015,0.517490555386294,6.787356321839081,0.5245049137404304,0.5096609240503605,5.896551724137931,0.5224925592027359,False
basin,pooled,10000,0.008,0.002,0.027624218343696622,False,0.0007858518551261827,0.5208932035388665,6.8678160919540225,0.5238457732283252,0.5096609240503605,5.896551724137931,0.5224925592027359,False
basin,pooled,10000,0.008,0.005,0.04628294714986527,False,0.00017034499315887709,0.5233440753783642,7.155172413793103,0.5219375247374229,0.5096609240503605,5.896551724137931,0.5224925592027359,False
basin,pooled,10000,0.008,0.01,0.04011931665628007,False,0.00013969267563991694,0.5168181100098671,7.07471264367816,0.5226028390249472,0.5096609240503605,5.896551724137931,0.5224925592027359,False
basin,pooled,10000,0.008,0.02,0.05391639543833228,False,0.00012454374176714108,0.5214189739015581,7.2586206896551735,0.5198357137243131,0.5096609240503605,5.896551724137931,0.5224925592027359,False
basin,pooled,10000,0.008,0.05,0.06157467592693847,False,0.00014635712707043697,0.51731259809845,7.356321839080461,0.5183896062232831,0.5096609240503605,5.896551724137931,0.5224925592027359,False
basin,pooled,10000,0.008,0.1,0.07148713378030197,False,4.587683874791748e-05,0.515499372837774,7.471264367816093,0.5193266807684213,0.5096609240503605,5.896551724137931,0.5224925592027359,False
basin,pooled,10000,0.008,0.2,0.06715162954491612,False,6.799931863184228e-05,0.5193400335488527,7.419540229885057,0.5271666432642875,0.5096609240503605,5.896551724137931,0.5224925592027359,False
basin,pooled,10000,0.008,0.4,0.08071345469375371,False,0.0001184958615371145,0.5176161096856513,7.56896551724138,0.5198147976127151,0.5096609240503605,5.896551724137931,0.5224925592027359,False
basin,pooled,10000,0.012,0.001,0.03534300251044861,False,0.0002865155762764678,0.5228428867066615,6.994252873563219,0.5247434706113551,0.5096609240503605,5.896551724137931,0.5224925592027359,False
basin,pooled,10000,0.012,0.002,0.043798553827997,False,0.00028185086308641716,0.5175510979869217,7.126436781609194,0.5186345442010959,0.5096609240503605,5.896551724137931,0.5224925592027359,False
basin,pooled,10000,0.012,0.005,0.04232925697387608,False,0.00012230970934179583,0.5202880837013856,7.1034482758620685,0.523075012720491,0.5096609240503605,5.896551724137931,0.5224925592027359,False
basin,pooled,10000,0.012,0.01,0.055263883610683434,False,0.0001887486424232577,0.5212825193854015,7.275862068965517,0.519816395988722,0.5096609240503605,5.896551724137931,0.5224925592027359,False
basin,pooled,10000,0.012,0.02,0.0649482987705724,False,0.0001229849684328408,0.5169998579260245,7.3965517241379315,0.5196919800076993,0.5096609240503605,5.896551724137931,0.5224925592027359,False
basin,pooled,10000,0.012,0.05,0.06254357708042153,False,5.453766155742868e-05,0.5171610625747818,7.367816091954023,0.518107184853277,0.5096609240503605,5.896551724137931,0.5224925592027359,False
basin,pooled,10000,0.012,0.1,0.07446187492051938,False,8.228770776315529e-05,0.5212356289202317,7.5,0.5227661217479251,0.5096609240503605,5.896551724137931,0.5224925592027359,False
basin,pooled,10000,0.012,0.2,0.07962004839280538,False,0.00011580010240334799,0.5180197622203261,7.557471264367815,0.5208854440675509,0.5096609240503605,5.896551724137931,0.5224925592027359,False
basin,pooled,10000,0.012,0.4,0.08015941387571564,False,7.838398977285989e-05,0.5180010305064778,7.563218390804598,0.5225249247137969,0.5096609240503605,5.896551724137931,0.5224925592027359,False
basin,pooled,10000,0.024,0.001,0.058187640985575134,False,0.0001013698399930275,0.5171679667444545,7.316091954022988,0.5204975529654187,0.5096609240503605,5.896551724137931,0.5224925592027359,False
basin,pooled,10000,0.024,0.002,0.054942683311467275,False,9.065031645124958e-05,0.517300123659017,7.275862068965517,0.5227920839227446,0.5096609240503605,5.896551724137931,0.5224925592027359,False
basin,pooled,10000,0.024,0.005,0.06444582181091611,False,0.00011552894331177338,0.5166147916989173,7.390804597701149,0.5190915318283678,0.5096609240503605,5.896551724137931,0.5224925592027359,False
basin,pooled,10000,0.024,0.01,0.07214255253037277,False,9.894399144375296e-05,0.5184775776741842,7.477011494252873,0.5216538294544719,0.5096609240503605,5.896551724137931,0.5224925592027359,False
basin,pooled,10000,0.024,0.02,0.07066488056313404,False,9.976116804807659e-05,0.5195640569470307,7.459770114942529,0.5237167365342085,0.5096609240503605,5.896551724137931,0.5224925592027359,False
basin,pooled,10000,0.024,0.05,0.06943110150168479,False,9.320579617843605e-05,0.5161566689577558,7.448275862068965,0.5203648471455284,0.5096609240503605,5.896551724137931,0.5224925592027359,False
basin,pooled,10000,0.024,0.1,0.07983151080461195,False,7.245267444446522e-05,0.5209412465652883,7.557471264367816,0.5225964908346016,0.5096609240503605,5.896551724137931,0.5224925592027359,False
basin,pooled,10000,0.024,0.2,0.08608767250214912,False,6.145329611098882e-05,0.5220193905107111,7.6206896551724155,0.5234410117569134,0.5096609240503605,5.896551724137931,0.5224925592027359,False
basin,pooled,10000,0.024,0.4,0.0819841996119356,False,7.878671363318376e-05,0.520239606568862,7.580459770114942,0.5222228021518532,0.5096609240503605,5.896551724137931,0.5224925592027359,False
basin,pooled,10000,0.048,0.001,0.0704326502099354,False,2.927503012025337e-05,0.5227900183842197,7.454022988505746,0.5234040943582564,0.5096609240503605,5.896551724137931,0.5224925592027359,False
basin,pooled,10000,0.048,0.002,0.07815398867817619,False,9.131799945273883e-05,0.5204611150686093,7.540229885057471,0.5217514193083056,0.5096609240503605,5.896551724137931,0.5224925592027359,False
basin,pooled,10000,0.048,0.005,0.07973575699405662,False,8.290800723413836e-05,0.519688756393683,7.557471264367817,0.5238779036212252,0.5096609240503605,5.896551724137931,0.5224925592027359,False
basin,pooled,10000,0.048,0.01,0.07495832013468333,False,5.408159543258125e-05,0.5208402633894901,7.5057471264367805,0.5227904804168869,0.5096609240503605,5.896551724137931,0.5224925592027359,False
basin,pooled,10000,0.048,0.02,0.08014095122730125,False,5.309652222435588e-05,0.5177060392525066,7.563218390804598,0.5222907731022334,0.5096609240503605,5.896551724137931,0.5224925592027359,False
basin,pooled,10000,0.048,0.05,0.0904605544481341,False,5.97839048804023e-05,0.5190897872303416,7.666666666666667,0.5218973977621252,0.5096609240503605,5.896551724137931,0.5224925592027359,False
basin,pooled,10000,0.048,0.1,0.08846829557226012,False,4.485202303419952e-05,0.5228950181579841,7.643678160919541,0.5233257521320532,0.5096609240503605,5.896551724137931,0.5224925592027359,False
basin,pooled,10000,0.048,0.2,0.0781772676274719,False,5.6416819187935175e-05,0.5207433414071057,7.540229885057471,0.52184939005356,0.5096609240503605,5.896551724137931,0.5224925592027359,False
basin,pooled,10000,0.048,0.4,0.09128752147574093,False,6.545684522982433e-05,0.5219765968276767,7.672413793103449,0.5228541003988267,0.5096609240503605,5.896551724137931,0.5224925592027359,False
basin,pooled,10000,0.1,0.001,0.0796744927973109,False,6.07125237951593e-05,0.5188046155344536,7.557471264367816,0.5207579903598886,0.5096609240503605,5.896551724137931,0.5224925592027359,False
basin,pooled,10000,0.1,0.002,0.0853164433747911,False,5.5425065853068704e-05,0.5196144026243998,7.614942528735631,0.5210453697306779,0.5096609240503605,5.896551724137931,0.5224925592027359,False
basin,pooled,10000,0.1,0.005,0.08145553322288633,False,9.620988124831015e-05,0.5205560659469217,7.574712643678161,0.5230565341429907,0.5096609240503605,5.896551724137931,0.5224925592027359,False
basin,pooled,10000,0.1,0.01,0.0829764238734607,False,5.1579692077428415e-05,0.5185556050655761,7.591954022988506,0.5231503343195575,0.5096609240503605,5.896551724137931,0.5224925592027359,False
basin,pooled,10000,0.1,0.02,0.07643762985105516,False,5.935828697159431e-05,0.5192618757684723,7.522988505747126,0.5218692246216177,0.5096609240503605,5.896551724137931,0.5224925592027359,False
basin,pooled,10000,0.1,0.05,0.07126728204971723,False,4.781661840042688e-05,0.5206831338833401,7.4655172413793105,0.522549615540597,0.5096609240503605,5.896551724137931,0.5224925592027359,False
basin,pooled,10000,0.1,0.1,0.08581288280587333,False,4.033441049289736e-05,0.5187262668392941,7.620689655172414,0.5223168353091433,0.5096609240503605,5.896551724137931,0.5224925592027359,False
basin,pooled,10000,0.1,0.2,0.07263299214116252,False,4.796611510403078e-05,0.5176289129283013,7.482758620689655,0.5199102077074531,0.5096609240503605,5.896551724137931,0.5224925592027359,False
basin,pooled,10000,0.1,0.4,0.0849643096159189,False,5.236619167546825e-05,0.5221869491701138,7.609195402298852,0.5223988812876128,0.5096609240503605,5.896551724137931,0.5224925592027359,False
basin,pooled,10000,0.2,0.001,0.0834522698479761,False,4.2978433829208445e-05,0.517018832883463,7.597701149425287,0.5206706409706832,0.5096609240503605,5.896551724137931,0.5224925592027359,False
basin,pooled,10000,0.2,0.002,0.07852870666011985,False,3.43277153813019e-05,0.518154772709069,7.545977011494252,0.5214856763656619,0.5096609240503605,5.896551724137931,0.5224925592027359,False
basin,pooled,10000,0.2,0.005,0.08313658254966473,False,4.35959096806339e-05,0.5206569434016045,7.5919540229885065,0.5229695523930915,0.5096609240503605,5.896551724137931,0.5224925592027359,False
basin,pooled,10000,0.2,0.01,0.07970469579040519,False,4.570664543851688e-05,0.5250457410677379,7.551724137931033,0.5224616817758898,0.5096609240503605,5.896551724137931,0.5224925592027359,False
basin,pooled,10000,0.2,0.02,0.08342750055877211,False,8.22733710876992e-05,0.5166626002010736,7.597701149425287,0.5211020267951532,0.5096609240503605,5.896551724137931,0.5224925592027359,False
basin,pooled,10000,0.2,0.05,0.08283371951267869,False,8.873870833823131e-05,0.5233635762795162,7.586206896551725,0.5226861144576548,0.5096609240503605,5.896551724137931,0.5224925592027359,False
basin,pooled,10000,0.2,0.1,0.08713675841361668,False,3.873474944315051e-05,0.5209449218235728,7.6321839080459775,0.5238170456364454,0.5096609240503605,5.896551724137931,0.5224925592027359,False
basin,pooled,10000,0.2,0.2,0.08131879531260404,False,5.535560692176992e-05,0.5187893065633703,7.57471264367816,0.5220810400078909,0.5096609240503605,5.896551724137931,0.5224925592027359,False
basin,pooled,10000,0.2,0.4,0.0849659907831072,False,2.7045462262728058e-05,0.5221862083117882,7.609195402298851,0.5217945352766603,0.5096609240503605,5.896551724137931,0.5224925592027359,False
basin,uniform,120,0.0002,0.001,0.754920820071777,False,0.14226025223893757,0.2215357454883948,3.3160919540229887,0.7804859884521039,0.5096609240503605,5.896551724137931,0.5224925592027359,False
basin,uniform,120,0.0002,0.002,0.5611767881698397,False,0.19688555901585975,0.29773915715463944,3.695402298850574,0.783179549555053,0.5096609240503605,5.896551724137931,0.5224925592027359,False
basin,uniform,120,0.0002,0.005,0.24967126798025335,False,0.208833995324071,0.33017217638683144,4.120689655172414,0.6201615260226763,0.5096609240503605,5.896551724137931,0.5224925592027359,False
basin,uniform,120,0.0002,0.01,0.1475575085122189,False,0.09203183993806635,0.48036901360103545,4.454022988505748,0.6742907214377962,0.5096609240503605,5.896551724137931,0.5224925592027359,False
basin,uniform,120,0.0002,0.02,0.07949362767906339,False,0.06153170889189595,0.4789344535241303,4.6724137931034475,0.6170626237751772,0.5096609240503605,5.896551724137931,0.5224925592027359,False
basin,uniform,120,0.0002,0.05,0.0695503711960436,False,0.032838055406159104,0.5790482213222348,5.270114942528736,0.6266360846850269,0.5096609240503605,5.896551724137931,0.5224925592027359,False
basin,uniform,120,0.0002,0.1,0.03326126657795597,False,0.02672545861695031,0.54070595833156,5.413793103448275,0.601470108448397,0.5096609240503605,5.896551724137931,0.5224925592027359,False
basin,uniform,120,0.0002,0.2,0.002895208100218992,True,0.01510404883155062,0.5259966736165729,5.655172413793103,0.5297349889844662,0.5096609240503605,5.896551724137931,0.5224925592027359,True
basin,uniform,120,0.0002,0.4,0.11371029640569343,False,0.02113532229393784,0.6097652468553975,5.781609195402299,0.6653462875334852,0.5096609240503605,5.896551724137931,0.5224925592027359,False
basin,uniform,120,0.0005,0.001,0.5859544902656625,False,0.13136856453382917,0.26681649942594093,4.132183908045977,0.7936789361343358,0.5096609240503605,5.896551724137931,0.5224925592027359,False
basin,uniform,120,0.0005,0.002,0.46869331945076903,False,0.11335830237155191,0.3221052703507675,4.712643678160919,0.8052938925542357,0.5096609240503605,5.896551724137931,0.5224925592027359,False
basin,uniform,120,0.0005,0.005,0.22299062609863615,False,0.09193619794788119,0.4598157512530819,5.373563218390804,0.7593834713287134,0.5096609240503605,5.896551724137931,0.5224925592027359,False
basin,uniform,120,0.0005,0.01,0.2460260417121085,False,0.0527117367880627,0.5617636036975019,6.172413793103448,0.7749091113557434,0.5096609240503605,5.896551724137931,0.5224925592027359,False
basin,uniform,120,0.0005,0.02,0.1507595223984967,False,0.03694521274211955,0.5785385384605372,6.206896551724138,0.7106809603837151,0.5096609240503605,5.896551724137931,0.5224925592027359,False
basin,uniform,120,0.0005,0.05,0.3252139060389241,False,0.03887839429315816,0.6634156641187762,7.2298850574712645,0.7460511019969394,0.5096609240503605,5.896551724137931,0.5224925592027359,False
basin,uniform,120,0.0005,0.1,0.25094799622441333,False,0.02377373441230531,0.6571605137943753,7.442528735632184,0.6864348424855035,0.5096609240503605,5.896551724137931,0.5224925592027359,False
basin,uniform,120,0.0005,0.2,0.3067541569893351,False,0.010294801727059476,0.6622501495596366,7.620689655172413,0.7120509798004738,0.5096609240503605,5.896551724137931,0.5224925592027359,False
basin,uniform,120,0.0005,0.4,0.32976725204938884,False,0.02971290003459582,0.6636989335506847,8.057471264367814,0.6910876915297334,0.5096609240503605,5.896551724137931,0.5224925592027359,False
basin,uniform,120,0.001,0.001,0.45187760585593223,False,0.08293614224781391,0.35674165080677706,5.201149425287356,0.8306943179337744,0.5096609240503605,5.896551724137931,0.5224925592027359,False
basin,uniform,120,0.001,0.002,0.407964342645794,False,0.09776363867887497,0.39682472230769994,5.82183908045977,0.835460023267772,0.5096609240503605,5.896551724137931,0.5224925592027359,False
basin,uniform,120,0.001,0.005,0.3452511846767625,False,0.06983116209487668,0.5374417733950185,6.609195402298851,0.821581751887544,0.5096609240503605,5.896551724137931,0.5224925592027359,False
basin,uniform,120,0.001,0.01,0.4076676384150172,False,0.043930676781368416,0.6265484574517567,7.137931034482758,0.8137547538070727,0.5096609240503605,5.896551724137931,0.5224925592027359,False
basin,uniform,120,0.001,0.02,0.4820178999178057,False,0.04269863963209436,0.6714113706092429,7.862068965517241,0.7940800853358202,0.5096609240503605,5.896551724137931,0.5224925592027359,False
basin,uniform,120,0.001,0.05,0.6195738871439116,False,0.03839898187810006,0.7136987128650173,8.482758620689655,0.7924421098732918,0.5096609240503605,5.896551724137931,0.5224925592027359,False
basin,uniform,120,0.001,0.1,0.6094745773415673,False,0.030134895086034508,0.7083704145544142,8.724137931034482,0.7717125529938381,0.5096609240503605,5.896551724137931,0.5224925592027359,False
basin,uniform,120,0.001,0.2,0.8472568216827838,False,0.01434310859348569,0.7687519480089463,9.097701149425289,0.8058469870809769,0.5096609240503605,5.896551724137931,0.5224925592027359,False
basin,uniform,120,0.001,0.4,0.8668443112530861,False,0.008085943634728483,0.7685814731294344,9.270114942528735,0.7996737823579275,0.5096609240503605,5.896551724137931,0.5224925592027359,False
basin,uniform,120,0.002,0.001,0.4228440711783786,False,0.07962194486910848,0.42628381065346455,6.632183908045977,0.8447977004185336,0.5096609240503605,5.896551724137931,0.5224925592027359,False
basin,uniform,120,0.002,0.002,0.43161266426388384,False,0.06543768961095851,0.47635272268973755,7.304597701149426,0.8404498761493286,0.5096609240503605,5.896551724137931,0.5224925592027359,False
basin,uniform,120,0.002,0.005,0.5078225662748945,False,0.050797363122726966,0.602839658756359,7.959770114942529,0.8324701901976992,0.5096609240503605,5.896551724137931,0.5224925592027359,False
basin,uniform,120,0.002,0.01,0.6985861034373796,False,0.058841105882514996,0.681857223150716,8.586206896551724,0.8430364037706374,0.5096609240503605,5.896551724137931,0.5224925592027359,False
basin,uniform,120,0.002,0.02,0.7927118227219777,False,0.03387964735969783,0.7314522507510715,8.948275862068964,0.8251251569879686,0.5096609240503605,5.896551724137931,0.5224925592027359,False
basin,uniform,120,0.002,0.05,1.0760627918834595,False,0.02224660720206898,0.7949408897642605,9.413793103448276,0.8558030719673675,0.5096609240503605,5.896551724137931,0.5224925592027359,False
basin,uniform,120,0.002,0.1,1.1863289124803758,False,0.012229136275300957,0.8116795796379807,9.597701149425287,0.8695418870715605,0.5096609240503605,5.896551724137931,0.5224925592027359,False
basin,uniform,120,0.002,0.2,1.2112147240381304,False,0.006776906870782582,0.8223179782468263,9.672413793103447,0.863048379595388,0.5096609240503605,5.896551724137931,0.5224925592027359,False
basin,uniform,120,0.002,0.4,1.1533194728471994,False,0.007861506635980935,0.8142718031259825,9.712643678160921,0.8434204940808258,0.5096609240503605,5.896551724137931,0.5224925592027359,False
basin,uniform,120,0.004,0.001,0.6282493566172334,False,0.040184049482538994,0.5671610663798504,8.252873563218392,0.8752553968885869,0.5096609240503605,5.896551724137931,0.5224925592027359,False
basin,uniform,120,0.004,0.002,0.6867862799670081,False,0.029201253233618,0.6089150233861739,8.557471264367814,0.8711241557744716,0.5096609240503605,5.896551724137931,0.5224925592027359,False
basin,uniform,120,0.004,0.005,0.8381791233858975,False,0.030401764022114294,0.6896798539860676,9.022988505747128,0.866025862977185,0.5096609240503605,5.896551724137931,0.5224925592027359,False
basin,uniform,120,0.004,0.01,1.0112682368343013,False,0.024588819828866182,0.7554160271417998,9.28735632183908,0.8722414347103747,0.5096609240503605,5.896551724137931,0.5224925592027359,False
basin,uniform,120,0.004,0.02,1.1669990465417763,False,0.015358678625627257,0.7955990107863338,9.580459770114942,0.8776019898465478,0.5096609240503605,5.896551724137931,0.5224925592027359,False
basin,uniform,120,0.004,0.05,1.276595000275595,False,0.012373823622445048,0.8293723383560359,9.71264367816092,0.8784988510638999,0.5096609240503605,5.896551724137931,0.5224925592027359,False
basin,uniform,120,0.004,0.1,1.3432230203463156,False,0.009038332190919408,0.8405733667908378,9.810344827586206,0.8849023241014692,0.5096609240503605,5.896551724137931,0.5224925592027359,False
basin,uniform,120,0.004,0.2,1.3950313529530551,False,0.0060509472341592485,0.8564377019178572,9.844827586206895,0.8858883908590355,0.5096609240503605,5.896551724137931,0.5224925592027359,False
basin,uniform,120,0.004,0.4,1.4125181606124568,False,0.0027527958664780123,0.8594258652405752,9.89080459770115,0.8855017339135044,0.5096609240503605,5.896551724137931,0.5224925592027359,False
basin,uniform,120,0.008,0.001,0.9542436654436374,False,0.02337355789954031,0.7114890761356275,9.293103448275861,0.8790227939310965,0.5096609240503605,5.896551724137931,0.5224925592027359,False
basin,uniform,120,0.008,0.002,1.0412126399101185,False,0.03430676182453709,0.7356036230655424,9.459770114942527,0.8843033751210294,0.5096609240503605,5.896551724137931,0.5224925592027359,False
basin,uniform,120,0.008,0.005,1.0985311190845697,False,0.019766280154372703,0.761600450093011,9.563218390804597,0.8797398440462435,0.5096609240503605,5.896551724137931,0.5224925592027359,False
basin,uniform,120,0.008,0.01,1.2541769803028529,False,0.009938568582887098,0.8049811661648817,9.71264367816092,0.8917981486751548,0.5096609240503605,5.896551724137931,0.5224925592027359,False
basin,uniform,120,0.008,0.02,1.365393576225059,False,0.00838594970936327,0.8400901868627813,9.833333333333332,0.8916973599318695,0.5096609240503605,5.896551724137931,0.5224925592027359,False
basin,uniform,120,0.008,0.05,1.42305127174497,False,0.008051761926030868,0.859628447346838,9.873563218390805,0.8907062295840916,0.5096609240503605,5.896551724137931,0.5224925592027359,False
basin,uniform,120,0.008,0.1,1.4543951186274906,False,0.005615186788165459,0.867275302384343,9.89655172413793,0.89264337837185,0.5096609240503605,5.896551724137931,0.5224925592027359,False
basin,uniform,120,0.008,0.2,1.49798307451407,False,0.0030494786144819887,0.8753042385176282,9.959770114942527,0.8950588532561928,0.5096609240503605,5.896551724137931,0.5224925592027359,False
basin,uniform,120,0.008,0.4,1.5061674188371699,False,0.0019283929102024435,0.878091875867673,9.959770114942527,0.8951710892615035,0.5096609240503605,5.896551724137931,0.5224925592027359,False
basin,uniform,120,0.012,0.001,1.164991063677976,False,0.015122441278868963,0.7707071581388352,9.67816091954023,0.8887400847422621,0.5096609240503605,5.896551724137931,0.5224925592027359,False
basin,uniform,120,0.012,0.002,1.1774025470858787,False,0.015297754411149916,0.7800858700730692,9.655172413793103,0.8880714245095639,0.5096609240503605,5.896551724137931,0.5224925592027359,False
basin,uniform,120,0.012,0.005,1.236965946773678,False,0.011257012398404839,0.800366261630213,9.758620689655173,0.8854782028604692,0.5096609240503605,5.896551724137931,0.5224925592027359,False
basin,uniform,120,0.012,0.01,1.3517085419700876,False,0.010307614517294502,0.8292945854093173,9.879310344827587,0.8927531362317443,0.5096609240503605,5.896551724137931,0.5224925592027359,False
basin,uniform,120,0.012,0.02,1.4026097735667318,False,0.009209432696863022,0.8476485211774974,9.89080459770115,0.8934151631398909,0.5096609240503605,5.896551724137931,0.5224925592027359,False
basin,uniform,120,0.012,0.05,1.4716208304783032,False,0.0050763692646194096,0.8676855736632493,9.925287356321839,0.8961155943955025,0.5096609240503605,5.896551724137931,0.5224925592027359,False
basin,uniform,120,0.012,0.1,1.4976240257794904,False,0.0035710874209433623,0.8749280326916383,9.959770114942527,0.8953150593787411,0.5096609240503605,5.896551724137931,0.5224925592027359,False
basin,uniform,120,0.012,0.2,1.5171432977219121,False,0.002176697484846632,0.8810047612253308,9.954022988505747,0.8966414306051261,0.5096609240503605,5.896551724137931,0.5224925592027359,False
basin,uniform,120,0.012,0.4,1.5389668610526175,False,0.001381421941829099,0.8847104854727452,9.994252873563218,0.8972754579327168,0.5096609240503605,5.896551724137931,0.5224925592027359,False
basin,uniform,120,0.024,0.001,1.392032150108829,False,0.004539429871802255,0.8423753629726455,9.89655172413793,0.8940463382704453,0.5096609240503605,5.896551724137931,0.5224925592027359,False
basin,uniform,120,0.024,0.002,1.4135599469736002,False,0.005414849831342832,0.8485376055161765,9.885057471264368,0.8970599169923114,0.5096609240503605,5.896551724137931,0.5224925592027359,False
basin,uniform,120,0.024,0.005,1.4387365273383201,False,0.00337824175975271,0.8544065882251157,9.93103448275862,0.896739607399387,0.5096609240503605,5.896551724137931,0.5224925592027359,False
basin,uniform,120,0.024,0.01,1.456764200347452,False,0.004070088660567912,0.862420463305039,9.925287356321837,0.8959513998415479,0.5096609240503605,5.896551724137931,0.5224925592027359,False
basin,uniform,120,0.024,0.02,1.4938124324394695,False,0.002522511127206096,0.8708406020493551,9.971264367816092,0.8971154514744398,0.5096609240503605,5.896551724137931,0.5224925592027359,False
basin,uniform,120,0.024,0.05,1.532048836008677,False,0.001480686784359251,0.8824938370054257,9.977011494252872,0.8985551103255464,0.5096609240503605,5.896551724137931,0.5224925592027359,False
basin,uniform,120,0.024,0.1,1.5490489372220353,False,0.001164052342941702,0.8874620978156265,9.988505747126437,0.8985337697187958,0.5096609240503605,5.896551724137931,0.5224925592027359,False
basin,uniform,120,0.024,0.2,1.546671622256118,False,0.0012971673973609977,0.8887816928052437,9.959770114942527,0.8987215196925772,0.5096609240503605,5.896551724137931,0.5224925592027359,False
basin,uniform,120,0.024,0.4,1.557476374299306,False,0.0006008209728618055,0.8903641080085257,9.982758620689655,0.8990072156173342,0.5096609240503605,5.896551724137931,0.5224925592027359,False
basin,uniform,120,0.048,0.001,1.5178150063734923,False,0.00225515459217767,0.8780701218934143,9.971264367816092,0.8984599285091682,0.5096609240503605,5.896551724137931,0.5224925592027359,False
basin,uniform,120,0.048,0.002,1.5247395801819748,False,0.0023778838980193654,0.8797609375037059,9.977011494252872,0.8987391680892255,0.5096609240503605,5.896551724137931,0.5224925592027359,False
basin,uniform,120,0.048,0.005,1.5312107159579231,False,0.00152445598655624,0.8811972489989387,9.988505747126437,0.8986189089972884,0.5096609240503605,5.896551724137931,0.5224925592027359,False
basin,uniform,120,0.048,0.01,1.532863209932461,False,0.0012077922924968918,0.8826500451485236,9.971264367816092,0.899176672970706,0.5096609240503605,5.896551724137931,0.5224925592027359,False
basin,uniform,120,0.048,0.02,1.5404193202025,False,0.0010982398160910732,0.8851626656446264,9.977011494252872,0.8988024896848449,0.5096609240503605,5.896551724137931,0.5224925592027359,False
basin,uniform,120,0.048,0.05,1.5538410389499082,False,0.0009775190799527873,0.8888348838628276,9.982758620689655,0.8993109724642401,0.5096609240503605,5.896551724137931,0.5224925592027359,False
basin,uniform,120,0.048,0.1,1.5650035002208074,False,0.0007484309083810311,0.89118105026943,10.0,0.899394496267223,0.5096609240503605,5.896551724137931,0.5224925592027359,False
basin,uniform,120,0.048,0.2,1.5690771653856572,False,0.0004544404142610096,0.8929018964897922,9.994252873563218,0.8995258623410834,0.5096609240503605,5.896551724137931,0.5224925592027359,False
basin,uniform,120,0.048,0.4,1.5729574932785095,False,0.0003651328810626732,0.8936521709557265,10.0,0.899637591773629,0.5096609240503605,5.896551724137931,0.5224925592027359,False
basin,uniform,120,0.1,0.001,1.5609247011624583,False,0.0007303378374768192,0.8899306222504774,10.0,0.8992453911693504,0.5096609240503605,5.896551724137931,0.5224925592027359,False
basin,uniform,120,0.1,0.002,1.5620439060678497,False,0.0006852402449633219,0.8904195698806219,9.994252873563218,0.8996228242156836,0.5096609240503605,5.896551724137931,0.5224925592027359,False
basin,uniform,120,0.1,0.005,1.5595268729836793,False,0.0006081942672882153,0.8904013008473157,9.988505747126437,0.8992209333232734,0.5096609240503605,5.896551724137931,0.5224925592027359,False
basin,uniform,120,0.1,0.01,1.5613603402809872,False,0.0004771909513150266,0.8906950165996023,9.988505747126437,0.8995729860053636,0.5096609240503605,5.896551724137931,0.5224925592027359,False
basin,uniform,120,0.1,0.02,1.5651915039801685,False,0.0005378166509763684,0.8915507229393246,9.994252873563218,0.8995600181700683,0.5096609240503605,5.896551724137931,0.5224925592027359,False
basin,uniform,120,0.1,0.05,1.569770087749045,False,0.0004554633167177433,0.892543120502958,10.0,0.8996690232243597,0.5096609240503605,5.896551724137931,0.5224925592027359,False
basin,uniform,120,0.1,0.1,1.5723289008943167,False,0.00031251901557773586,0.8934333542769667,10.0,0.8996441682423346,0.5096609240503605,5.896551724137931,0.5224925592027359,False
basin,uniform,120,0.1,0.2,1.5741591285738148,False,0.00029287630250796797,0.8939735863600901,10.0,0.8997284063770392,0.5096609240503605,5.896551724137931,0.5224925592027359,False
basin,uniform,120,0.1,0.4,1.5740453941420982,False,0.00018883191253786716,0.8943988032770577,9.994252873563218,0.8997222278992573,0.5096609240503605,5.896551724137931,0.5224925592027359,False
basin,uniform,120,0.2,0.001,1.5743491752933134,False,0.0003117013001495683,0.894077111637105,10.0,0.8996863108215031,0.5096609240503605,5.896551724137931,0.5224925592027359,False
basin,uniform,120,0.2,0.002,1.5738353277988724,False,0.00033968208631071954,0.8938182334504808,10.0,0.8997775422252895,0.5096609240503605,5.896551724137931,0.5224925592027359,False
basin,uniform,120,0.2,0.005,1.5742619757512828,False,0.000364968046151256,0.8940458679055386,10.0,0.8996882191259948,0.5096609240503605,5.896551724137931,0.5224925592027359,False
basin,uniform,120,0.2,0.01,1.5735213067167488,False,0.0002474831582930259,0.8937724892294473,10.0,0.8997128753263022,0.5096609240503605,5.896551724137931,0.5224925592027359,False
basin,uniform,120,0.2,0.02,1.5729629849297604,False,0.00025115214232108865,0.8939541368999403,9.994252873563218,0.8998069174608309,0.5096609240503605,5.896551724137931,0.5224925592027359,False
basin,uniform,120,0.2,0.05,1.575237390123676,False,0.00024641641736888973,0.894273386799961,10.0,0.8997974362141187,0.5096609240503605,5.896551724137931,0.5224925592027359,False
basin,uniform,120,0.2,0.1,1.5744239811061898,False,0.0003128622242675684,0.8944979829839571,9.994252873563218,0.899752892009808,0.5096609240503605,5.896551724137931,0.5224925592027359,False
basin,uniform,120,0.2,0.2,1.5772720093349961,False,0.0002021426695334595,0.8950104843488348,10.0,0.899743064498168,0.5096609240503605,5.896551724137931,0.5224925592027359,False
basin,uniform,120,0.2,0.4,1.5775045928168403,False,0.0001853396892774067,0.8949622123268975,10.0,0.8998790140937043,0.5096609240503605,5.896551724137931,0.5224925592027359,False
basin,uniform,2000,0.0002,0.001,0.7830902031358491,False,0.03838303417942397,0.7146849403028073,8.620689655172413,0.8561651475229151,0.5096609240503605,5.896551724137931,0.5224925592027359,False
basin,uniform,2000,0.0002,0.002,1.0219045222810732,False,0.020384478802773717,0.7792035316825113,9.183908045977013,0.8656683709433132,0.5096609240503605,5.896551724137931,0.5224925592027359,False
basin,uniform,2000,0.0002,0.005,1.2234636581808294,False,0.01608945336105766,0.8237235602699878,9.614942528735632,0.8714598190107933,0.5096609240503605,5.896551724137931,0.5224925592027359,False
basin,uniform,2000,0.0002,0.01,1.3496186589654848,False,0.014821414563443706,0.850198561398504,9.741379310344827,0.8837345071581014,0.5096609240503605,5.896551724137931,0.5224925592027359,False
basin,uniform,2000,0.0002,0.02,1.3610033873522314,False,0.0054231879360124675,0.8574587417394318,9.839080459770116,0.8723177587677818,0.5096609240503605,5.896551724137931,0.5224925592027359,False
basin,uniform,2000,0.0002,0.05,1.3726819373817867,False,0.003664250029650382,0.8585940550141213,9.919540229885056,0.8684728625045478,0.5096609240503605,5.896551724137931,0.5224925592027359,False
basin,uniform,2000,0.0002,0.1,1.3983686106098396,False,0.0019448618002371717,0.8656924328196413,9.925287356321839,0.8704756173814748,0.5096609240503605,5.896551724137931,0.5224925592027359,False
basin,uniform,2000,0.0002,0.2,1.4317832966129096,False,0.0007884173144824284,0.8710086585605713,9.948275862068964,0.8756888910817291,0.5096609240503605,5.896551724137931,0.5224925592027359,False
basin,uniform,2000,0.0002,0.4,1.4656286198658877,False,0.000787080610566642,0.8772960317758244,9.959770114942527,0.8808749227093932,0.5096609240503605,5.896551724137931,0.5224925592027359,False
basin,uniform,2000,0.0005,0.001,1.0280835436348068,False,0.02473701222484458,0.7652042750427767,9.21264367816092,0.8770235440247179,0.5096609240503605,5.896551724137931,0.5224925592027359,False
basin,uniform,2000,0.0005,0.002,1.1560558043151157,False,0.014854865874547776,0.8013660891863976,9.528735632183908,0.8726143680225951,0.5096609240503605,5.896551724137931,0.5224925592027359,False
basin,uniform,2000,0.0005,0.005,1.316724520808559,False,0.008928428730996696,0.8404068214842764,9.724137931034482,0.8823015624266967,0.5096609240503605,5.896551724137931,0.5224925592027359,False
basin,uniform,2000,0.0005,0.01,1.4002493742045399,False,0.006047504160595535,0.8589594149054323,9.89655172413793,0.8808335513177927,0.5096609240503605,5.896551724137931,0.5224925592027359,False
basin,uniform,2000,0.0005,0.02,1.4483852787739195,False,0.003434464042457991,0.8701918397621483,9.913793103448274,0.8859266428738716,0.5096609240503605,5.896551724137931,0.5224925592027359,False
basin,uniform,2000,0.0005,0.05,1.4548703516448376,False,0.0032885551776366062,0.8742547576202689,9.936781609195402,0.882081275946828,0.5096609240503605,5.896551724137931,0.5224925592027359,False
basin,uniform,2000,0.0005,0.1,1.4700316497361445,False,0.0012470384147621116,0.8772413005390071,9.942528735632182,0.8841277427097759,0.5096609240503605,5.896551724137931,0.5224925592027359,False
basin,uniform,2000,0.0005,0.2,1.507871324323901,False,0.0011263711332729098,0.8818324482626893,9.982758620689655,0.889877862134412,0.5096609240503605,5.896551724137931,0.5224925592027359,False
basin,uniform,2000,0.0005,0.4,1.4966298741584168,False,0.0008968817280844842,0.880625459604309,9.994252873563218,0.8859580444004728,0.5096609240503605,5.896551724137931,0.5224925592027359,False
basin,uniform,2000,0.001,0.001,1.1718742654848961,False,0.013442472860733575,0.7915533160618957,9.591954022988505,0.8819116138269124,0.5096609240503605,5.896551724137931,0.5224925592027359,False
basin,uniform,2000,0.001,0.002,1.3134618101783124,False,0.007864429696018183,0.8274634572653619,9.787356321839079,0.8879553030697718,0.5096609240503605,5.896551724137931,0.5224925592027359,False
basin,uniform,2000,0.001,0.005,1.4035981971146052,False,0.008151627248925784,0.8536339824353476,9.879310344827585,0.8889395064090406,0.5096609240503605,5.896551724137931,0.5224925592027359,False
basin,uniform,2000,0.001,0.01,1.4523354428205655,False,0.005564199124579815,0.8675205111527712,9.902298850574713,0.8911437460077364,0.5096609240503605,5.896551724137931,0.5224925592027359,False
basin,uniform,2000,0.001,0.02,1.5021700971523064,False,0.0039486339370811635,0.8782427444729018,9.959770114942527,0.8935466826817873,0.5096609240503605,5.896551724137931,0.5224925592027359,False
basin,uniform,2000,0.001,0.05,1.5274786779060703,False,0.0019169577884628835,0.8854732615349589,9.971264367816092,0.8942440016808675,0.5096609240503605,5.896551724137931,0.5224925592027359,False
basin,uniform,2000,0.001,0.1,1.5230518031262803,False,0.001089265150328044,0.885403462458731,9.977011494252872,0.8921920823140236,0.5096609240503605,5.896551724137931,0.5224925592027359,False
basin,uniform,2000,0.001,0.2,1.5380888511013147,False,0.0010767431185725496,0.8877322041500046,9.994252873563218,0.8937482302442281,0.5096609240503605,5.896551724137931,0.5224925592027359,False
basin,uniform,2000,0.001,0.4,1.5302917796479192,False,0.0006381779125180041,0.8861840147818526,9.988505747126437,0.893032114616899,0.5096609240503605,5.896551724137931,0.5224925592027359,False
basin,uniform,2000,0.002,0.001,1.3582410644537781,False,0.004644675963696505,0.8343417000286698,9.844827586206897,0.8934451740494419,0.5096609240503605,5.896551724137931,0.5224925592027359,False
basin,uniform,2000,0.002,0.002,1.424541716979732,False,0.005013990502273752,0.8523009501671407,9.896551724137932,0.8965008470443815,0.5096609240503605,5.896551724137931,0.5224925592027359,False
basin,uniform,2000,0.002,0.005,1.4719740460965682,False,0.0039009258860345465,0.8689113093686739,9.948275862068964,0.8930435918030538,0.5096609240503605,5.896551724137931,0.5224925592027359,False
basin,uniform,2000,0.002,0.01,1.5090948643205695,False,0.0024599307331753077,0.8784831911014964,9.959770114942527,0.8958359221980291,0.5096609240503605,5.896551724137931,0.5224925592027359,False
basin,uniform,2000,0.002,0.02,1.5401098752925393,False,0.0023224179031034187,0.8860651932284503,9.982758620689655,0.8972497475480733,0.5096609240503605,5.896551724137931,0.5224925592027359,False
basin,uniform,2000,0.002,0.05,1.5437979374072186,False,0.0011649779081082438,0.8888007975023559,9.982758620689655,0.8956916096632517,0.5096609240503605,5.896551724137931,0.5224925592027359,False
basin,uniform,2000,0.002,0.1,1.5492268845968218,False,0.0012505728174650765,0.8896841513882777,9.977011494252872,0.8972235853090732,0.5096609240503605,5.896551724137931,0.5224925592027359,False
basin,uniform,2000,0.002,0.2,1.5598843708610488,False,0.0008354798148812305,0.8915435783127864,9.988505747126437,0.898133771741325,0.5096609240503605,5.896551724137931,0.5224925592027359,False
basin,uniform,2000,0.002,0.4,1.5565552823120767,False,0.0005626467433581708,0.8918639069355262,9.982758620689655,0.8970713676742369,0.5096609240503605,5.896551724137931,0.5224925592027359,False
basin,uniform,2000,0.004,0.001,1.4574543633725012,False,0.003910358967858948,0.8617901970377372,9.93103448275862,0.8963414433435716,0.5096609240503605,5.896551724137931,0.5224925592027359,False
basin,uniform,2000,0.004,0.002,1.4835476250855661,False,0.002872964622888585,0.8679881699023384,9.959770114942527,0.8972344268212181,0.5096609240503605,5.896551724137931,0.5224925592027359,False
basin,uniform,2000,0.004,0.005,1.5106503058898193,False,0.0025526881265384915,0.8773424965646899,9.959770114942529,0.8975830305336311,0.5096609240503605,5.896551724137931,0.5224925592027359,False
basin,uniform,2000,0.004,0.01,1.5315861393514747,False,0.0019047762930333415,0.8841310611095711,9.96551724137931,0.897654287580926,0.5096609240503605,5.896551724137931,0.5224925592027359,False
basin,uniform,2000,0.004,0.02,1.5567142743567302,False,0.001309935036656266,0.8894673374643668,9.994252873563218,0.8987018321802421,0.5096609240503605,5.896551724137931,0.5224925592027359,False
basin,uniform,2000,0.004,0.05,1.5634114279349012,False,0.0009624561810109923,0.8921235879231508,9.988505747126437,0.898794658540135,0.5096609240503605,5.896551724137931,0.5224925592027359,False
basin,uniform,2000,0.004,0.1,1.5687463783877436,False,0.0004486668700191362,0.8927911894267501,10.0,0.8990332624346916,0.5096609240503605,5.896551724137931,0.5224925592027359,False
basin,uniform,2000,0.004,0.2,1.571925516505738,False,0.0005606031980335655,0.8938899973542848,10.0,0.8990089982404816,0.5096609240503605,5.896551724137931,0.5224925592027359,False
basin,uniform,2000,0.004,0.4,1.5698430040984495,False,0.00033001104707049166,0.8941336131041364,9.988505747126437,0.8989748573735615,0.5096609240503605,5.896551724137931,0.5224925592027359,False
basin,uniform,2000,0.008,0.001,1.5251429724836092,False,0.002704825612729959,0.8793862478300856,9.982758620689655,0.8987829475182818,0.5096609240503605,5.896551724137931,0.5224925592027359,False
basin,uniform,2000,0.008,0.002,1.5364325154158012,False,0.0017565222347605204,0.8829376649452216,9.988505747126437,0.8987028667001503,0.5096609240503605,5.896551724137931,0.5224925592027359,False
basin,uniform,2000,0.008,0.005,1.5456823052881727,False,0.0013962780096777425,0.885961290751955,9.988505747126437,0.8988931080714625,0.5096609240503605,5.896551724137931,0.5224925592027359,False
basin,uniform,2000,0.008,0.01,1.5523878375555933,False,0.0012047980995724171,0.8885162644757573,9.982758620689655,0.8991213317129572,0.5096609240503605,5.896551724137931,0.5224925592027359,False
basin,uniform,2000,0.008,0.02,1.5665566922642589,False,0.0007677498955024464,0.8921034104888493,9.994252873563218,0.8994654852798144,0.5096609240503605,5.896551724137931,0.5224925592027359,False
basin,uniform,2000,0.008,0.05,1.5742852162869576,False,0.0004049285411715506,0.8942054842346484,10.0,0.8995256067035194,0.5096609240503605,5.896551724137931,0.5224925592027359,False
basin,uniform,2000,0.008,0.1,1.5725822858699392,False,0.0003718505054810517,0.8944924460601817,9.988505747126437,0.899582221874213,0.5096609240503605,5.896551724137931,0.5224925592027359,False
basin,uniform,2000,0.008,0.2,1.5768278917507548,False,0.00031158615680129166,0.8950133305194642,10.0,0.8995792799047884,0.5096609240503605,5.896551724137931,0.5224925592027359,False
basin,uniform,2000,0.008,0.4,1.575940596749363,False,0.00024887464346059335,0.8951530889214087,9.994252873563218,0.8995986643284396,0.5096609240503605,5.896551724137931,0.5224925592027359,False
basin,uniform,2000,0.012,0.001,1.5532034427711023,False,0.000858099960128857,0.8878108269448922,9.994252873563218,0.8991814839157667,0.5096609240503605,5.896551724137931,0.5224925592027359,False
basin,uniform,2000,0.012,0.002,1.5516181314282933,False,0.0008062379713785026,0.8876184904937436,9.988505747126437,0.8993004101014749,0.5096609240503605,5.896551724137931,0.5224925592027359,False
basin,uniform,2000,0.012,0.005,1.5584803472797966,False,0.0007032023538161485,0.8900905728288367,9.988505747126437,0.8991716589690518,0.5096609240503605,5.896551724137931,0.5224925592027359,False
basin,uniform,2000,0.012,0.01,1.5652175147395413,False,0.0006340560997775091,0.891822797983285,9.994252873563218,0.8992796222361467,0.5096609240503605,5.896551724137931,0.5224925592027359,False
basin,uniform,2000,0.012,0.02,1.5701219135318936,False,0.0005045205362465703,0.89367805377285,9.988505747126437,0.8995641780515667,0.5096609240503605,5.896551724137931,0.5224925592027359,False
basin,uniform,2000,0.012,0.05,1.574564499857682,False,0.0003677440485565968,0.8941558973687528,10.0,0.8996798356673504,0.5096609240503605,5.896551724137931,0.5224925592027359,False
basin,uniform,2000,0.012,0.1,1.5760204339917596,False,0.0002829043553775882,0.8951042713755792,9.994252873563218,0.8996799981126253,0.5096609240503605,5.896551724137931,0.5224925592027359,False
basin,uniform,2000,0.012,0.2,1.5758429189995653,False,0.0002310362574006707,0.895399301407239,9.988505747126437,0.899788644932337,0.5096609240503605,5.896551724137931,0.5224925592027359,False
basin,uniform,2000,0.012,0.4,1.5799745203762987,False,0.0001468305338886172,0.8958230472657199,10.0,0.8998476429187202,0.5096609240503605,5.896551724137931,0.5224925592027359,False
basin,uniform,2000,0.024,0.001,1.5700371002158418,False,0.00040752272994227693,0.8930504185959377,9.994252873563218,0.8997146493996984,0.5096609240503605,5.896551724137931,0.5224925592027359,False
basin,uniform,2000,0.024,0.002,1.5694327181544943,False,0.0004797994157876342,0.8928597727370436,9.994252873563218,0.8996995428441137,0.5096609240503605,5.896551724137931,0.5224925592027359,False
basin,uniform,2000,0.024,0.005,1.5730715771405857,False,0.0005117372701456057,0.8936815142768695,10.0,0.899647481270966,0.5096609240503605,5.896551724137931,0.5224925592027359,False
basin,uniform,2000,0.024,0.01,1.5739917966323937,False,0.000247781581289663,0.8939118034172839,10.0,0.8997340047541952,0.5096609240503605,5.896551724137931,0.5224925592027359,False
basin,uniform,2000,0.024,0.02,1.5769631492932508,False,0.00020485340034687364,0.894934276258026,10.0,0.8997131147193387,0.5096609240503605,5.896551724137931,0.5224925592027359,False
basin,uniform,2000,0.024,0.05,1.5791188909036167,False,0.00021976351959954215,0.8955692251852697,10.0,0.8998110375859859,0.5096609240503605,5.896551724137931,0.5224925592027359,False
basin,uniform,2000,0.024,0.1,1.5788073576328518,False,0.00014904905001718912,0.8958244251701859,9.994252873563218,0.8999143151618766,0.5096609240503605,5.896551724137931,0.5224925592027359,False
basin,uniform,2000,0.024,0.2,1.5813347597493024,False,0.00018201452968476074,0.8962237698471113,10.0,0.8999084649945446,0.5096609240503605,5.896551724137931,0.5224925592027359,False
basin,uniform,2000,0.024,0.4,1.579906425814447,False,0.0001073109348150611,0.8957350852137972,10.0,0.899917598693866,0.5096609240503605,5.896551724137931,0.5224925592027359,False
basin,uniform,2000,0.048,0.001,1.5766334788285332,False,0.00020586351514569732,0.8951198756884873,9.994252873563218,0.8998850361110374,0.5096609240503605,5.896551724137931,0.5224925592027359,False
basin,uniform,2000,0.048,0.002,1.5777197448069336,False,0.0002241284911352607,0.8955082117254056,9.994252873563218,0.8998608574143406,0.5096609240503605,5.896551724137931,0.5224925592027359,False
basin,uniform,2000,0.048,0.005,1.5788491351744582,False,0.0001323914924801298,0.8954020809671164,10.0,0.899893068174903,0.5096609240503605,5.896551724137931,0.5224925592027359,False
basin,uniform,2000,0.048,0.01,1.5769629883338547,False,0.0002438929578800994,0.895674844495788,9.988505747126437,0.899897673070957,0.5096609240503605,5.896551724137931,0.5224925592027359,False
basin,uniform,2000,0.048,0.02,1.5793611683960762,False,0.00012338260650118077,0.8955632119422953,10.0,0.899905136148873,0.5096609240503605,5.896551724137931,0.5224925592027359,False
basin,uniform,2000,0.048,0.05,1.5802163265789344,False,0.00011797940051118302,0.8958711330820224,10.0,0.8998833885739606,0.5096609240503605,5.896551724137931,0.5224925592027359,False
basin,uniform,2000,0.048,0.1,1.5805517698814326,False,6.80329547422641e-05,0.8959502399660373,10.0,0.8999196219925131,0.5096609240503605,5.896551724137931,0.5224925592027359,False
basin,uniform,2000,0.048,0.2,1.579324780670654,False,0.00012783157289632968,0.8959653711713739,9.994252873563218,0.8999498547681104,0.5096609240503605,5.896551724137931,0.5224925592027359,False
basin,uniform,2000,0.048,0.4,1.5812979252764425,False,0.00011896961146521114,0.8961710472714993,10.0,0.8999518904638967,0.5096609240503605,5.896551724137931,0.5224925592027359,False
basin,uniform,2000,0.1,0.001,1.5806750510564047,False,0.00010021841049201479,0.8959828189823416,10.0,0.8999291618050215,0.5096609240503605,5.896551724137931,0.5224925592027359,False
basin,uniform,2000,0.1,0.002,1.5811052316598397,False,7.272313217636866e-05,0.8961205799340766,10.0,0.8999365158736085,0.5096609240503605,5.896551724137931,0.5224925592027359,False
basin,uniform,2000,0.1,0.005,1.5808842595668053,False,8.688901222846774e-05,0.8960494109046162,10.0,0.8999331806156236,0.5096609240503605,5.896551724137931,0.5224925592027359,False
basin,uniform,2000,0.1,0.01,1.5783061031678638,False,0.00011308284317356016,0.896105006660659,9.988505747126437,0.899920782621253,0.5096609240503605,5.896551724137931,0.5224925592027359,False
basin,uniform,2000,0.1,0.02,1.5812692619316322,False,0.00010257864991966476,0.896175539441535,10.0,0.8999366902885351,0.5096609240503605,5.896551724137931,0.5224925592027359,False
basin,uniform,2000,0.1,0.05,1.581025012043867,False,9.599335917192633e-05,0.8961023871854549,10.0,0.8999270816505285,0.5096609240503605,5.896551724137931,0.5224925592027359,False
basin,uniform,2000,0.1,0.1,1.5790781257244153,False,0.00011175154667596531,0.8958944759136096,9.994252873563218,0.8999369065972432,0.5096609240503605,5.896551724137931,0.5224925592027359,False
basin,uniform,2000,0.1,0.2,1.578686096638352,False,9.856733552494727e-05,0.895753150921614,9.994252873563218,0.899947094480901,0.5096609240503605,5.896551724137931,0.5224925592027359,False
basin,uniform,2000,0.1,0.4,1.5799226243061733,False,8.171612967578107e-05,0.8961496038985235,9.994252873563218,0.8999678395974727,0.5096609240503605,5.896551724137931,0.5224925592027359,False
basin,uniform,2000,0.2,0.001,1.5800133545202186,False,8.290046992350122e-05,0.8961895852077774,9.994252873563218,0.8999576230721482,0.5096609240503605,5.896551724137931,0.5224925592027359,False
basin,uniform,2000,0.2,0.002,1.5796058172337086,False,7.147063915392578e-05,0.8960549670983097,9.994252873563218,0.8999551030329505,0.5096609240503605,5.896551724137931,0.5224925592027359,False
basin,uniform,2000,0.2,0.005,1.5815323057809774,False,8.195272971615912e-05,0.8962495753914045,10.0,0.8999521290019582,0.5096609240503605,5.896551724137931,0.5224925592027359,False
basin,uniform,2000,0.2,0.01,1.5797781224522947,False,8.164388418118705e-05,0.8961151960051256,9.994252873563218,0.8999526099254692,0.5096609240503605,5.896551724137931,0.5224925592027359,False
basin,uniform,2000,0.2,0.02,1.5795979036145993,False,9.799720023202294e-05,0.8960433979322954,9.994252873563218,0.8999646877316535,0.5096609240503605,5.896551724137931,0.5224925592027359,False
basin,uniform,2000,0.2,0.05,1.5803730373342573,False,7.081970976378734e-05,0.8963286984010034,9.994252873563218,0.8999379475294648,0.5096609240503605,5.896551724137931,0.5224925592027359,False
basin,uniform,2000,0.2,0.1,1.5795323343829892,False,8.527834473684085e-05,0.8960372385613365,9.994252873563218,0.8999476027636161,0.5096609240503605,5.896551724137931,0.5224925592027359,False
basin,uniform,2000,0.2,0.2,1.578789022916852,False,6.910914717034506e-05,0.8957659209002987,9.994252873563218,0.8999705866325677,0.5096609240503605,5.896551724137931,0.5224925592027359,False
basin,uniform,2000,0.2,0.4,1.5817698780316811,False,8.053187737795283e-05,0.8963445788832113,10.0,0.8999357660604189,0.5096609240503605,5.896551724137931,0.5224925592027359,False
basin,uniform,10000,0.0002,0.001,1.4089130621513375,False,0.006489296175069279,0.8538008840529168,9.873563218390805,0.8912374504270885,0.5096609240503605,5.896551724137931,0.5224925592027359,False
basin,uniform,10000,0.0002,0.002,1.4708082159890643,False,0.007612485731586131,0.8689244833758806,9.959770114942527,0.8916097224160451,0.5096609240503605,5.896551724137931,0.5224925592027359,False
basin,uniform,10000,0.0002,0.005,1.5134989112580497,False,0.003512109369853341,0.8807260688031469,9.959770114942527,0.8951096216794553,0.5096609240503605,5.896551724137931,0.5224925592027359,False
basin,uniform,10000,0.0002,0.01,1.5260653257528194,False,0.002662961916760493,0.8848610989729728,9.971264367816092,0.8943748992283563,0.5096609240503605,5.896551724137931,0.5224925592027359,False
basin,uniform,10000,0.0002,0.02,1.5408604107907227,False,0.0013066950797321914,0.8884804058263325,9.977011494252872,0.8954527924523998,0.5096609240503605,5.896551724137931,0.5224925592027359,False
basin,uniform,10000,0.0002,0.05,1.5423895344739718,False,0.0006126418061401003,0.8892184220184088,9.994252873563218,0.8937356599723687,0.5096609240503605,5.896551724137931,0.5224925592027359,False
basin,uniform,10000,0.0002,0.1,1.5472593381249802,False,0.0004021565112964517,0.8900300167503074,10.0,0.8941545225486114,0.5096609240503605,5.896551724137931,0.5224925592027359,False
basin,uniform,10000,0.0002,0.2,1.552227017919376,False,0.0003197239623996865,0.8913200271560563,9.994252873563218,0.8950857858277859,0.5096609240503605,5.896551724137931,0.5224925592027359,False
basin,uniform,10000,0.0002,0.4,1.556916403012694,False,0.00024414898062268507,0.8917480163479862,10.0,0.8958453294893926,0.5096609240503605,5.896551724137931,0.5224925592027359,False
basin,uniform,10000,0.0005,0.001,1.4566166478864648,False,0.005446831049107976,0.864495946270959,9.913793103448276,0.8948014210993075,0.5096609240503605,5.896551724137931,0.5224925592027359,False
basin,uniform,10000,0.0005,0.002,1.498621579371799,False,0.003996202754577619,0.8748283194616847,9.977011494252872,0.8943030629354102,0.5096609240503605,5.896551724137931,0.5224925592027359,False
basin,uniform,10000,0.0005,0.005,1.5319561887349018,False,0.002268820813032095,0.8842854760117868,9.988505747126437,0.8956583917419855,0.5096609240503605,5.896551724137931,0.5224925592027359,False
basin,uniform,10000,0.0005,0.01,1.5382777149756774,False,0.0016512957560736083,0.8877254006985398,9.977011494252872,0.8953126923800916,0.5096609240503605,5.896551724137931,0.5224925592027359,False
basin,uniform,10000,0.0005,0.02,1.5511367223247896,False,0.0012517335375471362,0.890123325463239,9.988505747126437,0.8964660260447449,0.5096609240503605,5.896551724137931,0.5224925592027359,False
basin,uniform,10000,0.0005,0.05,1.5540113914674862,False,0.0006738096808397113,0.8914920111609984,9.982758620689655,0.8965426014648404,0.5096609240503605,5.896551724137931,0.5224925592027359,False
basin,uniform,10000,0.0005,0.1,1.5602208509435234,False,0.0003468648055760654,0.8925893835582553,9.988505747126437,0.8971357943252127,0.5096609240503605,5.896551724137931,0.5224925592027359,False
basin,uniform,10000,0.0005,0.2,1.5627396564219087,False,0.0003802150168049322,0.8928488528451726,10.0,0.896787407776483,0.5096609240503605,5.896551724137931,0.5224925592027359,False
basin,uniform,10000,0.0005,0.4,1.5651568861209575,False,0.00024756744080255545,0.8932166998335968,10.0,0.8972726395071984,0.5096609240503605,5.896551724137931,0.5224925592027359,False
basin,uniform,10000,0.001,0.001,1.4959106896490684,False,0.003661323020905382,0.8738145568006815,9.948275862068966,0.896811743788604,0.5096609240503605,5.896551724137931,0.5224925592027359,False
basin,uniform,10000,0.001,0.002,1.5262802688431563,False,0.0019592257512147018,0.8808189792777489,9.988505747126437,0.8972195126350379,0.5096609240503605,5.896551724137931,0.5224925592027359,False
basin,uniform,10000,0.001,0.005,1.5470084705663594,False,0.0021227735424706176,0.8872743459571396,9.994252873563218,0.8974984974325063,0.5096609240503605,5.896551724137931,0.5224925592027359,False
basin,uniform,10000,0.001,0.01,1.547772109831762,False,0.0012282010866665205,0.8898926339728453,9.959770114942527,0.8979416947384071,0.5096609240503605,5.896551724137931,0.5224925592027359,False
basin,uniform,10000,0.001,0.02,1.5625850328385615,False,0.0008650191831732295,0.8923408205523068,9.988505747126437,0.8982624044596924,0.5096609240503605,5.896551724137931,0.5224925592027359,False
basin,uniform,10000,0.001,0.05,1.5678065100834297,False,0.0004926246998340877,0.8934527686241225,9.994252873563218,0.8984754625523186,0.5096609240503605,5.896551724137931,0.5224925592027359,False
basin,uniform,10000,0.001,0.1,1.5700120012220726,False,0.0002720414902384552,0.8942806006206037,9.994252873563218,0.8983870786432048,0.5096609240503605,5.896551724137931,0.5224925592027359,False
basin,uniform,10000,0.001,0.2,1.570996537105015,False,0.0001889565157707971,0.894654654775726,9.988505747126437,0.8988334517542288,0.5096609240503605,5.896551724137931,0.5224925592027359,False
basin,uniform,10000,0.001,0.4,1.574300602648812,False,0.00027401471937716303,0.8948141200184666,10.0,0.8988776915873928,0.5096609240503605,5.896551724137931,0.5224925592027359,False
basin,uniform,10000,0.002,0.001,1.5368690633144129,False,0.0014653354377648993,0.8837793225363111,9.982758620689655,0.898472991246703,0.5096609240503605,5.896551724137931,0.5224925592027359,False
basin,uniform,10000,0.002,0.002,1.5429333601206807,False,0.0009777420071099326,0.8858904126726421,9.982758620689655,0.8984606565204922,0.5096609240503605,5.896551724137931,0.5224925592027359,False
basin,uniform,10000,0.002,0.005,1.560995794637358,False,0.0014356893717822634,0.8902162057171553,10.0,0.8989679863659236,0.5096609240503605,5.896551724137931,0.5224925592027359,False
basin,uniform,10000,0.002,0.01,1.5664160743702513,False,0.0009891313774634323,0.8929581782644475,9.988505747126437,0.898992030831525,0.5096609240503605,5.896551724137931,0.5224925592027359,False
basin,uniform,10000,0.002,0.02,1.5727081872988964,False,0.0006761140291727467,0.8939284749041034,10.0,0.8992513935222556,0.5096609240503605,5.896551724137931,0.5224925592027359,False
basin,uniform,10000,0.002,0.05,1.5722643540628776,False,0.0004795354249816612,0.8943078306256567,9.994252873563218,0.899174870255643,0.5096609240503605,5.896551724137931,0.5224925592027359,False
basin,uniform,10000,0.002,0.1,1.5748943547392884,False,0.0003416519229658181,0.8949218043984191,9.994252873563218,0.8994683468815771,0.5096609240503605,5.896551724137931,0.5224925592027359,False
basin,uniform,10000,0.002,0.2,1.5766069252328525,False,0.00018391032061452993,0.8951611032834519,10.0,0.8993404759460509,0.5096609240503605,5.896551724137931,0.5224925592027359,False
basin,uniform,10000,0.002,0.4,1.5762713286409278,False,0.00015230814950387595,0.895260439099807,9.994252873563218,0.8996030289764819,0.5096609240503605,5.896551724137931,0.5224925592027359,False
basin,uniform,10000,0.004,0.001,1.5568513367503576,False,0.0008232659664189655,0.8889468655143092,9.994252873563218,0.8993029433927875,0.5096609240503605,5.896551724137931,0.5224925592027359,False
basin,uniform,10000,0.004,0.002,1.5607061440394467,False,0.0008485954823094805,0.8906479785400796,9.988505747126437,0.899386079037061,0.5096609240503605,5.896551724137931,0.5224925592027359,False
basin,uniform,10000,0.004,0.005,1.5681394293525566,False,0.0005559823884395633,0.8927522912539314,9.994252873563218,0.8993461170719635,0.5096609240503605,5.896551724137931,0.5224925592027359,False
basin,uniform,10000,0.004,0.01,1.569497026582652,False,0.00045653910217526917,0.893898076631781,9.982758620689655,0.899591747579632,0.5096609240503605,5.896551724137931,0.5224925592027359,False
basin,uniform,10000,0.004,0.02,1.5744861961702936,False,0.0003559318143507487,0.8950268012716851,9.988505747126437,0.8996978546957181,0.5096609240503605,5.896551724137931,0.5224925592027359,False
basin,uniform,10000,0.004,0.05,1.5767194345404272,False,0.00025389919513245975,0.8953471309062156,9.994252873563218,0.8996720459889344,0.5096609240503605,5.896551724137931,0.5224925592027359,False
basin,uniform,10000,0.004,0.1,1.578263403683607,False,0.00014837035657614157,0.8957596499699126,9.994252873563218,0.8997872149864309,0.5096609240503605,5.896551724137931,0.5224925592027359,False
basin,uniform,10000,0.004,0.2,1.5791548087820153,False,0.00012534795032065663,0.8956206850300478,10.0,0.8997687103321891,0.5096609240503605,5.896551724137931,0.5224925592027359,False
basin,uniform,10000,0.004,0.4,1.5801849242268637,False,0.000137178703153143,0.8959879645595769,10.0,0.899746328793217,0.5096609240503605,5.896551724137931,0.5224925592027359,False
basin,uniform,10000,0.008,0.001,1.5705424549802047,False,0.00022153412601434928,0.8928173272113407,10.0,0.8996558886689141,0.5096609240503605,5.896551724137931,0.5224925592027359,False
basin,uniform,10000,0.008,0.002,1.5740525445510691,False,0.0003498607300028153,0.8939022266783313,10.0,0.8997662360341608,0.5096609240503605,5.896551724137931,0.5224925592027359,False
basin,uniform,10000,0.008,0.005,1.5753354972658957,False,0.0003218489865829764,0.8943078096010275,10.0,0.8997960485894815,0.5096609240503605,5.896551724137931,0.5224925592027359,False
basin,uniform,10000,0.008,0.01,1.5771594335803782,False,0.00021827907438542695,0.8949684988932659,10.0,0.8997474026419813,0.5096609240503605,5.896551724137931,0.5224925592027359,False
basin,uniform,10000,0.008,0.02,1.578486300752925,False,0.00020716995326146157,0.8953574624593541,10.0,0.8998097551232896,0.5096609240503605,5.896551724137931,0.5224925592027359,False
basin,uniform,10000,0.008,0.05,1.5784710715210555,False,0.00015458483547649756,0.8958154028509223,9.994252873563218,0.8998023783978618,0.5096609240503605,5.896551724137931,0.5224925592027359,False
basin,uniform,10000,0.008,0.1,1.578551027099044,False,0.00013469258592901527,0.8957840997539085,9.994252873563218,0.8998649677072814,0.5096609240503605,5.896551724137931,0.5224925592027359,False
basin,uniform,10000,0.008,0.2,1.576848153346513,False,0.0001095018404713245,0.8956660497688201,9.988505747126437,0.8998655922666146,0.5096609240503605,5.896551724137931,0.5224925592027359,False
basin,uniform,10000,0.008,0.4,1.5814847860221013,False,8.131967174384402e-05,0.8962667131376163,10.0,0.8999164953484599,0.5096609240503605,5.896551724137931,0.5224925592027359,False
basin,uniform,10000,0.012,0.001,1.5752898302768643,False,0.0002674033626839828,0.8942989052419672,10.0,0.899789067717539,0.5096609240503605,5.896551724137931,0.5224925592027359,False
basin,uniform,10000,0.012,0.002,1.5744697637601355,False,0.00021698958148472653,0.894473925021431,9.994252873563218,0.8997952461953213,0.5096609240503605,5.896551724137931,0.5224925592027359,False
basin,uniform,10000,0.012,0.005,1.5773930744867681,False,0.00023516675380453407,0.8949749509643854,10.0,0.8998250053146964,0.5096609240503605,5.896551724137931,0.5224925592027359,False
basin,uniform,10000,0.012,0.01,1.5785853792097537,False,0.00016887949832825576,0.8953275909097155,10.0,0.899877682469938,0.5096609240503605,5.896551724137931,0.5224925592027359,False
basin,uniform,10000,0.012,0.02,1.5799892842607255,False,0.00022671423693141417,0.8958206320316157,10.0,0.8998555809353213,0.5096609240503605,5.896551724137931,0.5224925592027359,False
basin,uniform,10000,0.012,0.05,1.5807502259973383,False,0.00010850133487285682,0.8960303070015474,10.0,0.8999052605477548,0.5096609240503605,5.896551724137931,0.5224925592027359,False
basin,uniform,10000,0.012,0.1,1.5780211251971994,False,0.00010808406019800858,0.8960081489650037,9.988505747126437,0.8999219334177789,0.5096609240503605,5.896551724137931,0.5224925592027359,False
basin,uniform,10000,0.012,0.2,1.579605937798336,False,0.00011319222165971693,0.8960714633873829,9.994252873563218,0.8999373982079434,0.5096609240503605,5.896551724137931,0.5224925592027359,False
basin,uniform,10000,0.012,0.4,1.580883789393061,False,8.933981699779141e-05,0.8960461238698642,10.0,0.8999365470802007,0.5096609240503605,5.896551724137931,0.5224925592027359,False
basin,uniform,10000,0.024,0.001,1.5789307190715376,False,0.00013539341349703493,0.8954270005503834,10.0,0.8998958058052716,0.5096609240503605,5.896551724137931,0.5224925592027359,False
basin,uniform,10000,0.024,0.002,1.5798878673310957,False,0.0001856976231160805,0.8957146953231829,10.0,0.8999328065640038,0.5096609240503605,5.896551724137931,0.5224925592027359,False
basin,uniform,10000,0.024,0.005,1.5780460816874722,False,0.0001259211925151266,0.895549430720126,9.994252873563218,0.8999345943170022,0.5096609240503605,5.896551724137931,0.5224925592027359,False
basin,uniform,10000,0.024,0.01,1.5801853317020578,False,0.00012351437155798856,0.8958178077510609,10.0,0.8999295251694521,0.5096609240503605,5.896551724137931,0.5224925592027359,False
basin,uniform,10000,0.024,0.02,1.578923624395573,False,0.00011161899870335638,0.8958248161315797,9.994252873563218,0.8999559417635536,0.5096609240503605,5.896551724137931,0.5224925592027359,False
basin,uniform,10000,0.024,0.05,1.5818757997753616,False,7.830765536089929e-05,0.8963671755182147,10.0,0.8999497406289304,0.5096609240503605,5.896551724137931,0.5224925592027359,False
basin,uniform,10000,0.024,0.1,1.57736571453668,False,8.912799474624523e-05,0.8957665196630819,9.988505747126437,0.8999447685210579,0.5096609240503605,5.896551724137931,0.5224925592027359,False
basin,uniform,10000,0.024,0.2,1.5792327556439376,False,0.00010164439902899197,0.8959320053963095,9.994252873563218,0.8999524632972343,0.5096609240503605,5.896551724137931,0.5224925592027359,False
basin,uniform,10000,0.024,0.4,1.579700895768127,False,7.935585932188734e-05,0.8960877136157235,9.994252873563218,0.8999542536151579,0.5096609240503605,5.896551724137931,0.5224925592027359,False
basin,uniform,10000,0.048,0.001,1.5816174342068563,False,0.0001122610147554156,0.8962884297927328,10.0,0.8999410882806075,0.5096609240503605,5.896551724137931,0.5224925592027359,False
basin,uniform,10000,0.048,0.002,1.5798769035014812,False,8.416717947888226e-05,0.8961740360312797,9.994252873563218,0.8999250121832246,0.5096609240503605,5.896551724137931,0.5224925592027359,False
basin,uniform,10000,0.048,0.005,1.5807565375094423,False,8.722110397600798e-05,0.8959897855554825,10.0,0.8999511363758314,0.5096609240503605,5.896551724137931,0.5224925592027359,False
basin,uniform,10000,0.048,0.01,1.5811432292570817,False,0.00010521110948268372,0.8961148242149436,10.0,0.8999564504737564,0.5096609240503605,5.896551724137931,0.5224925592027359,False
basin,uniform,10000,0.048,0.02,1.5817399021049279,False,9.789312150201287e-05,0.8963181451264225,10.0,0.8999533858154004,0.5096609240503605,5.896551724137931,0.5224925592027359,False
basin,uniform,10000,0.048,0.05,1.5816275703217795,False,8.219664892539566e-05,0.8962756979445894,10.0,0.8999584596653136,0.5096609240503605,5.896551724137931,0.5224925592027359,False
basin,uniform,10000,0.048,0.1,1.5823513483776654,False,7.420413689988961e-05,0.8965164844837754,10.0,0.8999609142989139,0.5096609240503605,5.896551724137931,0.5224925592027359,False
basin,uniform,10000,0.048,0.2,1.5802131317895822,False,7.744701178623105e-05,0.8962498543357001,9.994252873563218,0.8999649985151135,0.5096609240503605,5.896551724137931,0.5224925592027359,False
basin,uniform,10000,0.048,0.4,1.5804303957062147,False,5.829482045869932e-05,0.8963130194111226,9.994252873563218,0.8999755694276298,0.5096609240503605,5.896551724137931,0.5224925592027359,False
basin,uniform,10000,0.1,0.001,1.58032260257996,False,8.296813758204288e-05,0.8962974504034981,9.994252873563218,0.8999533503339325,0.5096609240503605,5.896551724137931,0.5224925592027359,False
basin,uniform,10000,0.1,0.002,1.5819655797826058,False,9.621744832415249e-05,0.8963861708579328,10.0,0.8999617538844923,0.5096609240503605,5.896551724137931,0.5224925592027359,False
basin,uniform,10000,0.1,0.005,1.582256767686487,False,8.018650988321437e-05,0.8964785512471569,10.0,0.899967568997844,0.5096609240503605,5.896551724137931,0.5224925592027359,False
basin,uniform,10000,0.1,0.01,1.5799866596227328,False,8.391515125287952e-05,0.8961922662636859,9.994252873563218,0.8999450840068809,0.5096609240503605,5.896551724137931,0.5224925592027359,False
basin,uniform,10000,0.1,0.02,1.5794041893262318,False,8.699936334023997e-05,0.8959895167977763,9.994252873563218,0.8999525988107925,0.5096609240503605,5.896551724137931,0.5224925592027359,False
basin,uniform,10000,0.1,0.05,1.580347102767704,False,7.201697410529729e-05,0.8962970371054375,9.994252873563218,0.89996265502828,0.5096609240503605,5.896551724137931,0.5224925592027359,False
basin,uniform,10000,0.1,0.1,1.581717779381358,False,5.723138996020609e-05,0.8963128154364065,10.0,0.8999511235512045,0.5096609240503605,5.896551724137931,0.5224925592027359,False
basin,uniform,10000,0.1,0.2,1.581587622877374,False,6.05367622112209e-05,0.8962529025475297,10.0,0.8999685513642691,0.5096609240503605,5.896551724137931,0.5224925592027359,False
basin,uniform,10000,0.1,0.4,1.5810850446272942,False,6.983409233482759e-05,0.896084049098838,10.0,0.8999685227226023,0.5096609240503605,5.896551724137931,0.5224925592027359,False
basin,uniform,10000,0.2,0.001,1.5804440772106847,False,7.99156467974091e-05,0.8963314795805147,9.994252873563218,0.8999606432717974,0.5096609240503605,5.896551724137931,0.5224925592027359,False
basin,uniform,10000,0.2,0.002,1.5823995159057986,False,5.607645258671581e-05,0.8965389556677014,10.0,0.8999541275063262,0.5096609240503605,5.896551724137931,0.5224925592027359,False
basin,uniform,10000,0.2,0.005,1.5817328224770522,False,6.918549323680083e-05,0.8963075696574564,10.0,0.8999622108686997,0.5096609240503605,5.896551724137931,0.5224925592027359,False
basin,uniform,10000,0.2,0.01,1.5801062219187179,False,8.811435730281015e-05,0.8962148832843465,9.994252873563218,0.8999639785297825,0.5096609240503605,5.896551724137931,0.5224925592027359,False
basin,uniform,10000,0.2,0.02,1.5811301168472964,False,6.610624314823398e-05,0.8961077643213761,10.0,0.899959305235718,0.5096609240503605,5.896551724137931,0.5224925592027359,False
basin,uniform,10000,0.2,0.05,1.5790999755868798,False,7.201362029242604e-05,0.8963336310384745,9.988505747126437,0.899961795350786,0.5096609240503605,5.896551724137931,0.5224925592027359,False
basin,uniform,10000,0.2,0.1,1.580524597158284,False,7.286164973118034e-05,0.8963532319098962,9.994252873563218,0.8999663412535561,0.5096609240503605,5.896551724137931,0.5224925592027359,False
basin,uniform,10000,0.2,0.2,1.5814311022698107,False,5.787170779510931e-05,0.8961902277878923,10.0,0.8999794074109914,0.5096609240503605,5.896551724137931,0.5224925592027359,False
basin,uniform,10000,0.2,0.4,1.5820140260597362,False,7.408281820710352e-05,0.8963971894809877,10.0,0.8999674082625194,0.5096609240503605,5.896551724137931,0.5224925592027359,False
valley,pooled,120,0.0002,0.001,1.1540385020366455,False,0.07205983696350024,0.10532919607302181,1.9545454545454544,0.3998470392110129,0.5203010332021039,6.0181818181818185,0.5324236708095569,False
valley,pooled,120,0.0002,0.002,0.7706380103508935,False,0.11673964893504032,0.19030908854401674,2.381818181818182,0.5629786502324134,0.5203010332021039,6.0181818181818185,0.5324236708095569,False
valley,pooled,120,0.0002,0.005,0.6908617770448738,False,0.09394140192150063,0.24698223049987655,2.3818181818181823,0.41358599302412186,0.5203010332021039,6.0181818181818185,0.5324236708095569,False
valley,pooled,120,0.0002,0.01,0.36598458856375254,False,0.06361880835388829,0.3847648452811325,2.7484848484848485,0.5035140432988566,0.5203010332021039,6.0181818181818185,0.5324236708095569,False
valley,pooled,120,0.0002,0.02,0.4076990047982597,False,0.05922036172206821,0.37200727134558514,2.8636363636363638,0.41134914390496435,0.5203010332021039,6.0181818181818185,0.5324236708095569,False
valley,pooled,120,0.0002,0.05,0.5984989647064823,False,0.008450332244700074,0.3144188241256971,2.878787878787879,0.3130279634035042,0.5203010332021039,6.0181818181818185,0.5324236708095569,False
valley,pooled,120,0.0002,0.1,0.3611345771845608,False,0.01508094845985734,0.39257184874288936,3.045454545454545,0.4054492010242188,0.5203010332021039,6.0181818181818185,0.5324236708095569,False
valley,pooled,120,0.0002,0.2,0.4586534406581676,False,0.010543145216564747,0.36206306144198885,2.93030303030303,0.3616353584576551,0.5203010332021039,6.0181818181818185,0.5324236708095569,False
valley,pooled,120,0.0002,0.4,0.5058709365455144,False,0.0053724346406502695,0.3303436343356661,3.063636363636364,0.3393068077159926,0.5203010332021039,6.0181818181818185,0.5324236708095569,False
valley,pooled,120,0.0005,0.001,0.9663863007374164,False,0.06892742271860297,0.14857185165182596,2.112121212121212,0.4332584346167523,0.5203010332021039,6.0181818181818185,0.5324236708095569,False
valley,pooled,120,0.0005,0.002,0.6791332471667337,False,0.030902096024542983,0.2170342308293786,2.518181818181818,0.5141858278227168,0.5203010332021039,6.0181818181818185,0.5324236708095569,False
valley,pooled,120,0.0005,0.005,0.5124781978812724,False,0.053034055113085565,0.300815080612429,2.6606060606060606,0.4512097099328057,0.5203010332021039,6.0181818181818185,0.5324236708095569,False
valley,pooled,120,0.0005,0.01,0.428039353087039,False,0.06202752608911656,0.34001206188417693,2.7757575757575754,0.46159677130755705,0.5203010332021039,6.0181818181818185,0.5324236708095569,False
valley,pooled,120,0.0005,0.02,0.29836805776777864,False,0.019916364020989778,0.376709913295419,3.2939393939393935,0.46240273749997113,0.5203010332021039,6.0181818181818185,0.5324236708095569,False
valley,pooled,120,0.0005,0.05,0.2261584308988557,False,0.02368606667563005,0.4260965595563356,3.475757575757575,0.4674189526629431,0.5203010332021039,6.0181818181818185,0.5324236708095569,False
valley,pooled,120,0.0005,0.1,0.18448465712355216,False,0.005342504681567526,0.44766193735067744,3.684848484848485,0.46793304999298996,0.5203010332021039,6.0181818181818185,0.5324236708095569,False
valley,pooled,120,0.0005,0.2,0.20125457236926206,False,0.006389582577791968,0.46197384229864014,3.4787878787878785,0.4774971685955061,0.5203010332021039,6.0181818181818185,0.5324236708095569,False
valley,pooled,120,0.0005,0.4,0.16606566050377375,False,0.005785081661301309,0.44859240841084813,3.8515151515151516,0.4620784013362678,0.5203010332021039,6.0181818181818185,0.5324236708095569,False
valley,pooled,120,0.001,0.001,0.7580248711258135,False,0.09975822521349925,0.19088756480593796,2.4242424242424243,0.5450063154982532,0.5203010332021039,6.0181818181818185,0.5324236708095569,False
valley,pooled,120,0.001,0.002,0.5731336094983877,False,0.05471396736027821,0.24791617897829243,2.7454545454545456,0.5016485026160279,0.5203010332021039,6.0181818181818185,0.5324236708095569,False
valley,pooled,120,0.001,0.005,0.38201095658185336,False,0.04623377199527219,0.33322380727613704,3.0939393939393938,0.46376260622732196,0.5203010332021039,6.0181818181818185,0.5324236708095569,False
valley,pooled,120,0.001,0.01,0.4791922012380095,False,0.030186611514002856,0.3015584423099086,3.2181818181818183,0.37630531443849785,0.5203010332021039,6.0181818181818185,0.5324236708095569,False
valley,pooled,120,0.001,0.02,0.1985404857037611,False,0.016055181312321275,0.43930523242452185,3.5333333333333328,0.4994792879484014,0.5203010332021039,6.0181818181818185,0.5324236708095569,False
valley,pooled,120,0.001,0.05,0.1753788385338931,False,0.013071846105321746,0.45228236273850597,3.657575757575758,0.49697871401984434,0.5203010332021039,6.0181818181818185,0.5324236708095569,False
valley,pooled,120,0.001,0.1,0.1913764994634418,False,0.008567791091591406,0.4254577085772726,3.742424242424242,0.4668829293363242,0.5203010332021039,6.0181818181818185,0.5324236708095569,False
valley,pooled,120,0.001,0.2,0.08343333754458543,False,0.007692696534845523,0.47768358753512685,4.393939393939394,0.49924198873059344,0.5203010332021039,6.0181818181818185,0.5324236708095569,False
valley,pooled,120,0.001,0.4,0.12276551671113554,False,0.0034543025239386106,0.4598557845426577,4.121212121212122,0.4794104560525933,0.5203010332021039,6.0181818181818185,0.5324236708095569,False
valley,pooled,120,0.002,0.001,0.5615331078165637,False,0.07269787264082478,0.24612223074146414,2.8121212121212125,0.5288918345239545,0.5203010332021039,6.0181818181818185,0.5324236708095569,False
valley,pooled,120,0.002,0.002,0.41828640702711173,False,0.03597412579378964,0.3062494051809586,3.0606060606060606,0.48624243897459224,0.5203010332021039,6.0181818181818185,0.5324236708095569,False
valley,pooled,120,0.002,0.005,0.3561266206483564,False,0.02825566116891564,0.33703053890830886,3.215151515151515,0.4669520365579338,0.5203010332021039,6.0181818181818185,0.5324236708095569,False
valley,pooled,120,0.002,0.01,0.18607954948791444,False,0.02569244694397591,0.4341089670931035,3.621212121212121,0.5334351123081776,0.5203010332021039,6.0181818181818185,0.5324236708095569,False
valley,pooled,120,0.002,0.02,0.11235525611881872,False,0.021791551506115385,0.46913763427829874,4.1000000000000005,0.5500509217831988,0.5203010332021039,6.0181818181818185,0.5324236708095569,False
valley,pooled,120,0.002,0.05,0.09488367810930295,False,0.0030879373920256236,0.4657782831810167,4.278787878787878,0.5222074785476774,0.5203010332021039,6.0181818181818185,0.5324236708095569,False
valley,pooled,120,0.002,0.1,0.05856964112617681,False,0.0038214316605427847,0.48474348182995836,4.621212121212122,0.5302103387103377,0.5203010332021039,6.0181818181818185,0.5324236708095569,False
valley,pooled,120,0.002,0.2,0.04185844992335927,False,0.00381262141269985,0.5066085054979085,4.827272727272727,0.5085693183265759,0.5203010332021039,6.0181818181818185,0.5324236708095569,False
valley,pooled,120,0.002,0.4,0.05660296453804901,False,0.004406515168542033,0.4858077733719348,4.784848484848484,0.4786257012854254,0.5203010332021039,6.0181818181818185,0.5324236708095569,False
valley,pooled,120,0.004,0.001,0.317093628125068,False,0.012132890771803555,0.34119554650689915,3.3454545454545457,0.5520855384916619,0.5203010332021039,6.0181818181818185,0.5324236708095569,False
valley,pooled,120,0.004,0.002,0.2677236113513206,False,0.00964826470806996,0.36834310154521316,3.460606060606061,0.5551519932095847,0.5203010332021039,6.0181818181818185,0.5324236708095569,False
valley,pooled,120,0.004,0.005,0.18030649205913493,False,0.027288867169239003,0.42147647649119957,3.7515151515151515,0.55837246766895,0.5203010332021039,6.0181818181818185,0.5324236708095569,False
valley,pooled,120,0.004,0.01,0.14026159418488654,False,0.01662871835265048,0.4399898298191875,3.9727272727272727,0.5162902034087737,0.5203010332021039,6.0181818181818185,0.5324236708095569,False
valley,pooled,120,0.004,0.02,0.0902195507377001,False,0.005615278508587581,0.4808111876160123,4.296969696969696,0.5049541114062478,0.5203010332021039,6.0181818181818185,0.5324236708095569,False
valley,pooled,120,0.004,0.05,0.0572364439286913,False,0.007996546384218838,0.5034352316746759,4.593939393939394,0.5395537133257721,0.5203010332021039,6.0181818181818185,0.5324236708095569,False
valley,pooled,120,0.004,0.1,0.05282152183010999,False,0.004005611080668055,0.48005926716785524,4.775757575757576,0.4978367812333202,0.5203010332021039,6.0181818181818185,0.5324236708095569,False
valley,pooled,120,0.004,0.2,0.020852255071652427,False,0.004177208834130882,0.5258539798285738,5.151515151515151,0.532329746470693,0.5203010332021039,6.0181818181818185,0.5324236708095569,False
valley,pooled,120,0.004,0.4,0.010196039837796269,True,0.0010021876327168794,0.5067882196684556,5.4818181818181815,0.5112704590165994,0.5203010332021039,6.0181818181818185,0.5324236708095569,False
valley,pooled,120,0.008,0.001,0.15229082283378234,False,0.01649034999533587,0.41617016023109005,4.006060606060605,0.5437554882427377,0.5203010332021039,6.0181818181818185,0.5324236708095569,False
valley,pooled,120,0.008,0.002,0.14446808771319808,False,0.008152070858653163,0.43059829497536556,3.981818181818182,0.5239859802180485,0.5203010332021039,6.0181818181818185,0.5324236708095569,False
valley,pooled,120,0.008,0.005,0.10585111233316338,False,0.002394491509293856,0.4493447632663437,4.2696969696969695,0.5040349207902496,0.5203010332021039,6.0181818181818185,0.5324236708095569,False
valley,pooled,120,0.008,0.01,0.0773956928999838,False,0.013129412476164674,0.48097961679074225,4.457575757575758,0.49694717827887747,0.5203010332021039,6.0181818181818185,0.5324236708095569,False
valley,pooled,120,0.008,0.02,0.036180291185600275,False,0.007949804701116319,0.5091038279163338,4.912121212121213,0.555872531160059,0.5203010332021039,6.0181818181818185,0.5324236708095569,False
valley,pooled,120,0.008,0.05,0.0229648846393631,False,0.00408404953492991,0.508163591594294,5.13939393939394,0.5147793727633566,0.5203010332021039,6.0181818181818185,0.5324236708095569,False
valley,pooled,120,0.008,0.1,0.004784564956971693,True,0.0030156304438315826,0.5241839022139635,5.615151515151516,0.5407413290323523,0.5203010332021039,6.0181818181818185,0.5324236708095569,False
valley,pooled,120,0.008,0.2,0.0016549005921980742,True,0.001974855082506075,0.5306940825157535,5.839393939393939,0.5427110903563656,0.5203010332021039,6.0181818181818185,0.5324236708095569,False
valley,pooled,120,0.008,0.4,0.0006058263140302167,True,0.0022626176627082513,0.5181033463101586,6.163636363636364,0.5313809195141156,0.5203010332021039,6.0181818181818185,0.5324236708095569,False
valley,pooled,120,0.012,0.001,0.10442468911457357,False,0.006127523691593355,0.4517071763360036,4.251515151515151,0.5167215319329653,0.5203010332021039,6.0181818181818185,0.5324236708095569,False
valley,pooled,120,0.012,0.002,0.08894809120399612,False,0.006614251278840114,0.4660004657618609,4.33939393939394,0.5407012294571413,0.5203010332021039,6.0181818181818185,0.5324236708095569,False
valley,pooled,120,0.012,0.005,0.06609030005571377,False,0.00639750932546636,0.4799615105053064,4.554545454545455,0.5161711416354963,0.5203010332021039,6.0181818181818185,0.5324236708095569,False
valley,pooled,120,0.012,0.01,0.04738250768254541,False,0.0034668175418038245,0.4860365287016586,4.7727272727272725,0.5245649347694897,0.5203010332021039,6.0181818181818185,0.5324236708095569,False
valley,pooled,120,0.012,0.02,0.034766832104280644,False,0.0027320197954854627,0.503059843193716,4.921212121212121,0.5212015318086409,0.5203010332021039,6.0181818181818185,0.5324236708095569,False
valley,pooled,120,0.012,0.05,0.010457161335791436,True,0.0030609103810238405,0.5060839015965445,5.427272727272727,0.536870843572435,0.5203010332021039,6.0181818181818185,0.5324236708095569,False
valley,pooled,120,0.012,0.1,0.0016264136696328229,True,0.0030265991183959966,0.5173216678647298,5.86969696969697,0.5157147149415753,0.5203010332021039,6.0181818181818185,0.5324236708095569,False
valley,pooled,120,0.012,0.2,0.0004216655467121003,True,0.0008604745172883523,0.5124434100367702,6.039393939393939,0.5252572861876597,0.5203010332021039,6.0181818181818185,0.5324236708095569,False
valley,pooled,120,0.012,0.4,0.0027260354853486587,True,0.00038035203400027843,0.5264455902912041,6.324242424242424,0.5321647670604261,0.5203010332021039,6.0181818181818185,0.5324236708095569,False
valley,pooled,120,0.024,0.001,0.0238295214965566,False,0.002911200789212723,0.5118521155487304,5.124242424242424,0.5530564877682312,0.5203010332021039,6.0181818181818185,0.5324236708095569,False
valley,pooled,120,0.024,0.002,0.026123838016765526,False,0.002213124916727825,0.5028425824022051,5.069696969696969,0.5257067600474721,0.5203010332021039,6.0181818181818185,0.5324236708095569,False
valley,pooled,120,0.024,0.005,0.015576771852567572,False,0.002991965836750583,0.5108405771077904,5.278787878787879,0.5389787171596414,0.5203010332021039,6.0181818181818185,0.5324236708095569,False
valley,pooled,120,0.024,0.01,0.016156081386327622,False,0.002620584381886681,0.5069291371674263,5.2696969696969695,0.529630047322695,0.5203010332021039,6.0181818181818185,0.5324236708095569,False
valley,pooled,120,0.024,0.02,0.007476686009917066,True,0.0014538855882896568,0.510514655009343,5.521212121212121,0.5231440411457536,0.5203010332021039,6.0181818181818185,0.5324236708095569,False
valley,pooled,120,0.024,0.05,0.0002684293761535563,True,0.001171727852098309,0.5212231659025307,5.921212121212122,0.5336910539846529,0.5203010332021039,6.0181818181818185,0.5324236708095569,False
valley,pooled,120,0.024,0.1,0.001103055179981955,True,0.0011493944686828575,0.5184614648276388,6.1454545454545455,0.5189194564323983,0.5203010332021039,6.0181818181818185,0.5324236708095569,False
valley,pooled,120,0.024,0.2,0.006683764890194106,True,0.0004702651695752257,0.5211797187137922,6.506060606060605,0.5268655713196152,0.5203010332021039,6.0181818181818185,0.5324236708095569,False
valley,pooled,120,0.024,0.4,0.011701842060645031,False,0.000372281689762315,0.520199359394192,6.657575757575757,0.521589420504062,0.5203010332021039,6.0181818181818185,0.5324236708095569,False
valley,pooled,120,0.048,0.001,0.002360225776876501,True,0.0009237051418114139,0.5114399365396353,5.787878787878788,0.5193196611503783,0.5203010332021039,6.0181818181818185,0.5324236708095569,False
valley,pooled,120,0.048,0.002,0.00221814379982194,True,0.000851110971477154,0.5181047295485177,5.739393939393939,0.5284971718668742,0.5203010332021039,6.0181818181818185,0.5324236708095569,False
valley,pooled,120,0.048,0.005,0.0013750637319383536,True,0.0005404966858023872,0.5229407665777395,5.875757575757576,0.5473814612638864,0.5203010332021039,6.0181818181818185,0.5324236708095569,False
valley,pooled,120,0.048,0.01,0.0001602615021925427,True,0.0003672665349287892,0.515723546102325,5.9818181818181815,0.5287988288868498,0.5203010332021039,6.0181818181818185,0.5324236708095569,False
valley,pooled,120,0.048,0.02,0.00012021659950808929,True,0.0007089052464939298,0.5184099498894509,5.975757575757576,0.5283929369893716,0.5203010332021039,6.0181818181818185,0.5324236708095569,False
valley,pooled,120,0.048,0.05,0.0022431044568362903,True,0.0004617082661560256,0.5170223166721098,6.296969696969697,0.5283878918219002,0.5203010332021039,6.0181818181818185,0.5324236708095569,False
valley,pooled,120,0.048,0.1,0.0050229469461575815,True,0.0006209808527430599,0.520262511491111,6.43939393939394,0.5264864609216833,0.5203010332021039,6.0181818181818185,0.5324236708095569,False
valley,pooled,120,0.048,0.2,0.010595695495414231,False,0.00040234280954542877,0.5263882296808722,6.633333333333333,0.5306731423563349,0.5203010332021039,6.0181818181818185,0.5324236708095569,False
valley,pooled,120,0.048,0.4,0.01758904145704947,False,0.0002671507882517265,0.5273807541150602,6.8121212121212125,0.532262718670011,0.5203010332021039,6.0181818181818185,0.5324236708095569,False
valley,pooled,120,0.1,0.001,0.004059617129287166,True,0.0003722751519329783,0.5228757745063236,6.3999999999999995,0.530742194699234,0.5203010332021039,6.0181818181818185,0.5324236708095569,False
valley,pooled,120,0.1,0.002,0.0039717469439195805,True,0.0002792378279495698,0.5275778644785404,6.387878787878787,0.5332651582231763,0.5203010332021039,6.0181818181818185,0.5324236708095569,False
valley,pooled,120,0.1,0.005,0.002324386546955073,True,0.00018672437856695305,0.5271553615678973,6.296969696969698,0.5312450722032225,0.5203010332021039,6.0181818181818185,0.5324236708095569,False
valley,pooled,120,0.1,0.01,0.004606503667114149,True,0.00011668426484591772,0.5240577603528793,6.424242424242423,0.5331495861847992,0.5203010332021039,6.0181818181818185,0.5324236708095569,False
valley,pooled,120,0.1,0.02,0.005792772752347782,True,0.00011200294883235304,0.5276653888941633,6.460606060606061,0.5397246630345746,0.5203010332021039,6.0181818181818185,0.5324236708095569,False
valley,pooled,120,0.1,0.05,0.00891683457791958,True,0.0004838681642566449,0.5281154031334617,6.578787878787879,0.5304344493570526,0.5203010332021039,6.0181818181818185,0.5324236708095569,False
valley,pooled,120,0.1,0.1,0.014559156317663866,False,0.00016664768223734376,0.5273652789644204,6.739393939393939,0.5304703267158309,0.5203010332021039,6.0181818181818185,0.5324236708095569,False
valley,pooled,120,0.1,0.2,0.016423792744885393,False,0.0003047953727778822,0.5295072274476184,6.781818181818181,0.5341154209492505,0.5203010332021039,6.0181818181818185,0.5324236708095569,False
valley,pooled,120,0.1,0.4,0.02209691899518477,False,0.00020834839475510075,0.5288631122678301,6.906060606060606,0.5365551059152992,0.5203010332021039,6.0181818181818185,0.5324236708095569,False
valley,pooled,120,0.2,0.001,0.012243053383931725,False,0.0002988655143160373,0.5258945505425993,6.67878787878788,0.5277099225293709,0.5203010332021039,6.0181818181818185,0.5324236708095569,False
valley,pooled,120,0.2,0.002,0.0143991501866171,False,0.0001455987506125415,0.5263853250095488,6.736363636363637,0.5348912853653282,0.5203010332021039,6.0181818181818185,0.5324236708095569,False
valley,pooled,120,0.2,0.005,0.01468839740945378,False,8.921218530972598e-05,0.5277610499592993,6.742424242424242,0.5320360677589716,0.5203010332021039,6.0181818181818185,0.5324236708095569,False
valley,pooled,120,0.2,0.01,0.018681410235074237,False,0.0001588510402150901,0.5298259663900283,6.833333333333333,0.5322716650479019,0.5203010332021039,6.0181818181818185,0.5324236708095569,False
valley,pooled,120,0.2,0.02,0.015438712721027596,False,0.00017099495792174382,0.5297518417091726,6.757575757575758,0.5344295058157682,0.5203010332021039,6.0181818181818185,0.5324236708095569,False
valley,pooled,120,0.2,0.05,0.015804804437276374,False,9.381955878200187e-05,0.5272728726891692,6.7696969696969695,0.5354217831635456,0.5203010332021039,6.0181818181818185,0.5324236708095569,False
valley,pooled,120,0.2,0.1,0.016732462510450276,False,0.0001453542936260958,0.5258617339308824,6.793939393939394,0.5315931223991385,0.5203010332021039,6.0181818181818185,0.5324236708095569,False
valley,pooled,120,0.2,0.2,0.02939546557674886,False,9.831996342100512e-05,0.5280711911625814,7.045454545454546,0.5292422167206369,0.5203010332021039,6.0181818181818185,0.5324236708095569,False
valley,pooled,120,0.2,0.4,0.027775756698636828,False,8.149737958541136e-05,0.5269948488682846,7.0181818181818185,0.532302667845409,0.5203010332021039,6.0181818181818185,0.5324236708095569,False
valley,pooled,2000,0.0002,0.001,0.1936713040764224,False,0.014504022482289072,0.4429650307134025,3.5606060606060606,0.49545312880833353,0.5203010332021039,6.0181818181818185,0.5324236708095569,False
valley,pooled,2000,0.0002,0.002,0.1083625478575888,False,0.010800669204672146,0.48031440262220354,4.103030303030303,0.5507701463185111,0.5203010332021039,6.0181818181818185,0.5324236708095569,False
valley,pooled,2000,0.0002,0.005,0.059475545964184647,False,0.01309089351029323,0.49297826155740915,4.675757575757576,0.4880006180711319,0.5203010332021039,6.0181818181818185,0.5324236708095569,False
valley,pooled,2000,0.0002,0.01,0.03283732329671809,False,0.0016524877529455395,0.5191231073847553,4.930303030303031,0.5257719231200895,0.5203010332021039,6.0181818181818185,0.5324236708095569,False
valley,pooled,2000,0.0002,0.02,0.04798166904107009,False,0.005509467016706145,0.5311418454397997,4.715151515151515,0.5461900458380583,0.5203010332021039,6.0181818181818185,0.5324236708095569,False
valley,pooled,2000,0.0002,0.05,0.01880153143658424,False,0.0034040351405867078,0.5418679800229124,5.248484848484849,0.5467710309017856,0.5203010332021039,6.0181818181818185,0.5324236708095569,False
valley,pooled,2000,0.0002,0.1,0.007204552889944029,True,0.000720312651676192,0.5475786094844666,5.6818181818181825,0.5518566357165505,0.5203010332021039,6.0181818181818185,0.5324236708095569,False
valley,pooled,2000,0.0002,0.2,0.0025054929241695363,True,0.0009379228573545195,0.5213167614593952,5.754545454545455,0.5195718458165602,0.5203010332021039,6.0181818181818185,0.5324236708095569,False
valley,pooled,2000,0.0002,0.4,0.014515549812544735,True,0.0003641725094715436,0.485540677504058,5.6909090909090905,0.48757677256909243,0.5203010332021039,6.0181818181818185,0.5324236708095569,False
valley,pooled,2000,0.0005,0.001,0.13978580895964351,False,0.015189093736592389,0.4447448654449375,3.9515151515151516,0.517631681568442,0.5203010332021039,6.0181818181818185,0.5324236708095569,False
valley,pooled,2000,0.0005,0.002,0.09975328704303876,False,0.0283649154523355,0.462046517809497,4.248484848484849,0.5178698526459301,0.5203010332021039,6.0181818181818185,0.5324236708095569,False
valley,pooled,2000,0.0005,0.005,0.040566398132191914,False,0.010747312466772626,0.5305460621999376,4.83030303030303,0.5510139878133805,0.5203010332021039,6.0181818181818185,0.5324236708095569,False
valley,pooled,2000,0.0005,0.01,0.012146325869086013,False,0.004421288948719735,0.5132233220984727,5.36060606060606,0.5298996788264344,0.5203010332021039,6.0181818181818185,0.5324236708095569,False
valley,pooled,2000,0.0005,0.02,0.005824375648121196,True,0.0019109528403639096,0.5389224095973596,5.654545454545455,0.5483300856973566,0.5203010332021039,6.0181818181818185,0.5324236708095569,False
valley,pooled,2000,0.0005,0.05,0.000310071011978767,True,0.0010744066079438944,0.528122350515235,5.963636363636364,0.5316791956381396,0.5203010332021039,6.0181818181818185,0.5324236708095569,False
valley,pooled,2000,0.0005,0.1,0.005770181894709224,True,0.0008007496586468039,0.530975920357293,5.578787878787878,0.5301257616624545,0.5203010332021039,6.0181818181818185,0.5324236708095569,False
valley,pooled,2000,0.0005,0.2,0.0026733172330307706,True,0.00046913070470358775,0.5258453466209433,6.321212121212121,0.5297938791020214,0.5203010332021039,6.0181818181818185,0.5324236708095569,False
valley,pooled,2000,0.0005,0.4,0.003983477873815358,True,0.00039515596828373434,0.499488268254575,6.084848484848485,0.5071088727666427,0.5203010332021039,6.0181818181818185,0.5324236708095569,False
valley,pooled,2000,0.001,0.001,0.07891675532818575,False,0.011014063988601004,0.48189657521007395,4.393939393939394,0.5190774439734905,0.5203010332021039,6.0181818181818185,0.5324236708095569,False
valley,pooled,2000,0.001,0.002,0.05366070644819611,False,0.015054209189387489,0.5040725697637992,4.666666666666666,0.5577083161009303,0.5203010332021039,6.0181818181818185,0.5324236708095569,False
valley,pooled,2000,0.001,0.005,0.019312153118944467,False,0.004967527345081145,0.5087012935042937,5.196969696969697,0.5249868709975657,0.5203010332021039,6.0181818181818185,0.5324236708095569,False
valley,pooled,2000,0.001,0.01,0.006111202644270971,True,0.004052017124256442,0.5138098824901748,5.5636363636363635,0.5239889404537595,0.5203010332021039,6.0181818181818185,0.5324236708095569,False
valley,pooled,2000,0.001,0.02,0.0016225039060239626,True,0.0022212868845970187,0.5181792348561232,5.79090909090909,0.5252858669741303,0.5203010332021039,6.0181818181818185,0.5324236708095569,False
valley,pooled,2000,0.001,0.05,0.0023054774565551706,True,0.0003600936442149757,0.5067481005024961,6.124242424242424,0.5131062786297941,0.5203010332021039,6.0181818181818185,0.5324236708095569,False
valley,pooled,2000,0.001,0.1,0.004580749587828153,True,0.0004798087474662009,0.5132641835786284,6.3999999999999995,0.5221452658371954,0.5203010332021039,6.0181818181818185,0.5324236708095569,False
valley,pooled,2000,0.001,0.2,0.0049875803648136985,True,0.00039382084246708407,0.51141591943149,6.339393939393939,0.5095404878068411,0.5203010332021039,6.0181818181818185,0.5324236708095569,False
valley,pooled,2000,0.001,0.4,0.00789090229934551,True,0.00034851231552169833,0.5093823688948286,6.506060606060607,0.5166421343791042,0.5203010332021039,6.0181818181818185,0.5324236708095569,False
valley,pooled,2000,0.002,0.001,0.04275876016696962,False,0.004206647468156295,0.48855940904455025,4.863636363636363,0.507262514097563,0.5203010332021039,6.0181818181818185,0.5324236708095569,False
valley,pooled,2000,0.002,0.002,0.03245690394524017,False,0.0021738353485408054,0.4920129229708537,5.0,0.5166508017710824,0.5203010332021039,6.0181818181818185,0.5324236708095569,False
valley,pooled,2000,0.002,0.005,0.0034307577949399468,True,0.005021944372179199,0.5144234581775287,5.672727272727273,0.5339463490567408,0.5203010332021039,6.0181818181818185,0.5324236708095569,True
valley,pooled,2000,0.002,0.01,0.0006086241038570953,True,0.0012990518798755158,0.5218296506221011,5.884848484848486,0.5268613148900949,0.5203010332021039,6.0181818181818185,0.5324236708095569,False
valley,pooled,2000,0.002,0.02,0.002755466343857502,True,0.000991387139826932,0.5330855265608926,6.266666666666666,0.5436795175084351,0.5203010332021039,6.0181818181818185,0.5324236708095569,False
valley,pooled,2000,0.002,0.05,0.008140192067115493,True,0.002164162124753881,0.5257075293360041,6.551515151515152,0.5395400898581203,0.5203010332021039,6.0181818181818185,0.5324236708095569,False
valley,pooled,2000,0.002,0.1,0.012322350511592983,False,0.0005008457813361631,0.5308924600127081,6.672727272727273,0.5371542489436393,0.5203010332021039,6.0181818181818185,0.5324236708095569,False
valley,pooled,2000,0.002,0.2,0.021886452173523304,False,0.00014263570227700947,0.5308821501592325,6.896969696969697,0.5389533645731288,0.5203010332021039,6.0181818181818185,0.5324236708095569,False
valley,pooled,2000,0.002,0.4,0.018786147580672072,False,0.00021326998545127135,0.5227669287227585,6.842424242424244,0.5337275660076807,0.5203010332021039,6.0181818181818185,0.5324236708095569,False
valley,pooled,2000,0.004,0.001,0.01658738601311434,False,0.0014520134334717388,0.5007500297033345,5.290909090909092,0.5196936370594231,0.5203010332021039,6.0181818181818185,0.5324236708095569,False
valley,pooled,2000,0.004,0.002,0.004569270411910603,True,0.0004643133462172699,0.5150450494320107,5.63939393939394,0.5204505685500187,0.5203010332021039,6.0181818181818185,0.5324236708095569,False
valley,pooled,2000,0.004,0.005,0.0016305113150398122,True,0.003978089045762138,0.516508687950792,5.781818181818181,0.5355674833843332,0.5203010332021039,6.0181818181818185,0.5324236708095569,False
valley,pooled,2000,0.004,0.01,0.00260611359878585,True,0.0007768074594708288,0.521841880914056,6.324242424242424,0.5341904408352689,0.5203010332021039,6.0181818181818185,0.5324236708095569,False
valley,pooled,2000,0.004,0.02,0.005566014031049928,True,0.0015233780273044017,0.5209702139598485,6.451515151515152,0.522047830408954,0.5203010332021039,6.0181818181818185,0.5324236708095569,False
valley,pooled,2000,0.004,0.05,0.017397612887617386,False,0.0007804444199418904,0.5260959206933634,6.809090909090909,0.5316045380893811,0.5203010332021039,6.0181818181818185,0.5324236708095569,False
valley,pooled,2000,0.004,0.1,0.02265511698602641,False,0.0004954764751536645,0.5263365575568822,6.921212121212121,0.5311810269112008,0.5203010332021039,6.0181818181818185,0.5324236708095569,False
valley,pooled,2000,0.004,0.2,0.02335679646897066,False,0.00013385471117269808,0.5268400747797428,6.933333333333334,0.5278050847390631,0.5203010332021039,6.0181818181818185,0.5324236708095569,False
valley,pooled,2000,0.004,0.4,0.037754067220944536,False,0.0002095182740431005,0.5264194793817879,7.184848484848485,0.5355846200079251,0.5203010332021039,6.0181818181818185,0.5324236708095569,False
valley,pooled,2000,0.008,0.001,0.00014723933570693514,True,0.0009321669940438609,0.5221854026924487,5.948484848484849,0.5324447490563423,0.5203010332021039,6.0181818181818185,0.5324236708095569,False
valley,pooled,2000,0.008,0.002,0.000375522562767569,True,0.0004234924022041699,0.5198806812127622,6.112121212121212,0.5385226695650965,0.5203010332021039,6.0181818181818185,0.5324236708095569,False
valley,pooled,2000,0.008,0.005,0.004812781975690038,True,0.0010357156949326461,0.5254880721852283,6.427272727272727,0.5375493758883868,0.5203010332021039,6.0181818181818185,0.5324236708095569,False
valley,pooled,2000,0.008,0.01,0.005349145066983919,True,0.0011717212617869625,0.522337672655622,6.457575757575758,0.5314704241650362,0.5203010332021039,6.0181818181818185,0.5324236708095569,False
valley,pooled,2000,0.008,0.02,0.015140347391457476,False,0.00022170290992004288,0.5291041745087419,6.751515151515153,0.533721016382842,0.5203010332021039,6.0181818181818185,0.5324236708095569,False
valley,pooled,2000,0.008,0.05,0.027262989739170854,False,0.0004696065528581682,0.5267264825411595,7.009090909090909,0.5323657356534542,0.5203010332021039,6.0181818181818185,0.5324236708095569,False
valley,pooled,2000,0.008,0.1,0.0321957818484983,False,0.00019445055101083563,0.5241213567736785,7.093939393939394,0.52508748617636,0.5203010332021039,6.0181818181818185,0.5324236708095569,False
valley,pooled,2000,0.008,0.2,0.0402818352601656,False,0.00011442893466449825,0.5258914205869609,7.224242424242424,0.5336260865466017,0.5203010332021039,6.0181818181818185,0.5324236708095569,False
valley,pooled,2000,0.008,0.4,0.04495650628609322,False,0.00023600751955912052,0.5234168228620966,7.290909090909092,0.5249564183648713,0.5203010332021039,6.0181818181818185,0.5324236708095569,False
valley,pooled,2000,0.012,0.001,0.005859935773263555,True,0.000379049380124227,0.5195769145936248,6.478787878787879,0.5327042909139931,0.5203010332021039,6.0181818181818185,0.5324236708095569,False
valley,pooled,2000,0.012,0.002,0.005041254782419897,True,0.0004250036365853484,0.5310323679388276,6.418181818181818,0.5399197690199257,0.5203010332021039,6.0181818181818185,0.5324236708095569,False
valley,pooled,2000,0.012,0.005,0.009089968762884114,True,0.0003040855933091166,0.5173626548670872,6.587878787878787,0.5271782881218786,0.5203010332021039,6.0181818181818185,0.5324236708095569,False
valley,pooled,2000,0.012,0.01,0.015648824629472292,False,0.0003591097920905382,0.527261158755724,6.766666666666668,0.5331444698357369,0.5203010332021039,6.0181818181818185,0.5324236708095569,False
valley,pooled,2000,0.012,0.02,0.016077189655082515,False,0.0003316017560793643,0.523430597096882,6.778787878787878,0.5280357785348496,0.5203010332021039,6.0181818181818185,0.5324236708095569,False
valley,pooled,2000,0.012,0.05,0.029270329842922934,False,0.00030596319183772086,0.528631360394934,7.042424242424243,0.5287005553527795,0.5203010332021039,6.0181818181818185,0.5324236708095569,False
valley,pooled,2000,0.012,0.1,0.0345905943835791,False,8.937487065589809e-05,0.5285196596329028,7.133333333333333,0.5311112673447531,0.5203010332021039,6.0181818181818185,0.5324236708095569,False
valley,pooled,2000,0.012,0.2,0.03990233905956416,False,9.82003793822604e-05,0.5264953870138392,7.218181818181818,0.5316841951116221,0.5203010332021039,6.0181818181818185,0.5324236708095569,False
valley,pooled,2000,0.012,0.4,0.04442260373107589,False,5.791451958189803e-05,0.5296287534545655,7.281818181818182,0.53043902518526,0.5203010332021039,6.0181818181818185,0.5324236708095569,False
valley,pooled,2000,0.024,0.001,0.018622891249134212,False,7.808450989053388e-05,0.5285354357847977,6.833333333333333,0.5351501771743208,0.5203010332021039,6.0181818181818185,0.5324236708095569,False
valley,pooled,2000,0.024,0.002,0.022929190937105257,False,0.00014766494524397368,0.5304674686272428,6.921212121212121,0.535449111613252,0.5203010332021039,6.0181818181818185,0.5324236708095569,False
valley,pooled,2000,0.024,0.005,0.02224789072169518,False,0.00044175749604744805,0.529431977518079,6.909090909090909,0.5350952837683319,0.5203010332021039,6.0181818181818185,0.5324236708095569,False
valley,pooled,2000,0.024,0.01,0.028146649712695072,False,0.00010728708034440132,0.5276667041226947,7.0242424242424235,0.5321003571349646,0.5203010332021039,6.0181818181818185,0.5324236708095569,False
valley,pooled,2000,0.024,0.02,0.026137197793603698,False,0.00014584408328488494,0.5298412994212583,6.984848484848485,0.5328994689994072,0.5203010332021039,6.0181818181818185,0.5324236708095569,False
valley,pooled,2000,0.024,0.05,0.04298941168714558,False,6.731094648336303e-05,0.5267819450215425,7.263636363636363,0.5310643800308007,0.5203010332021039,6.0181818181818185,0.5324236708095569,False
valley,pooled,2000,0.024,0.1,0.043460056585716444,False,3.305728166414361e-05,0.527497421062809,7.2696969696969695,0.5298599776385144,0.5203010332021039,6.0181818181818185,0.5324236708095569,False
valley,pooled,2000,0.024,0.2,0.039373848020052074,False,6.662621701554611e-05,0.530864108053222,7.206060606060606,0.5332058951859757,0.5203010332021039,6.0181818181818185,0.5324236708095569,False
valley,pooled,2000,0.024,0.4,0.045337574292889704,False,9.515135867544314e-05,0.5274003332090959,7.296969696969698,0.532047587006948,0.5203010332021039,6.0181818181818185,0.5324236708095569,False
valley,pooled,2000,0.048,0.001,0.03469063249024295,False,8.191198537550571e-05,0.526606156135259,7.136363636363636,0.5299311160612642,0.5203010332021039,6.0181818181818185,0.5324236708095569,False
valley,pooled,2000,0.048,0.002,0.03503051218351449,False,9.446501170388909e-05,0.5262534783961933,7.142424242424242,0.5315767499443682,0.5203010332021039,6.0181818181818185,0.5324236708095569,False
valley,pooled,2000,0.048,0.005,0.03490284809681152,False,7.334675191487957e-05,0.5267097824034644,7.13939393939394,0.5289772143164888,0.5203010332021039,6.0181818181818185,0.5324236708095569,False
valley,pooled,2000,0.048,0.01,0.03764274991318308,False,0.00010354768909034718,0.5282277598789844,7.1818181818181825,0.5297571824660933,0.5203010332021039,6.0181818181818185,0.5324236708095569,False
valley,pooled,2000,0.048,0.02,0.04515167434401021,False,3.710967437731215e-05,0.5278629880227289,7.293939393939394,0.531460239916317,0.5203010332021039,6.0181818181818185,0.5324236708095569,False
valley,pooled,2000,0.048,0.05,0.05097397866443981,False,0.0001419617271747344,0.529330408489423,7.372727272727272,0.5344028967593665,0.5203010332021039,6.0181818181818185,0.5324236708095569,False
valley,pooled,2000,0.048,0.1,0.04655140321055687,False,4.431317104417144e-05,0.5255049617575654,7.315151515151514,0.5309725341943924,0.5203010332021039,6.0181818181818185,0.5324236708095569,False
valley,pooled,2000,0.048,0.2,0.0516988908425215,False,2.177895033312283e-05,0.5261626141754668,7.384848484848486,0.5316206340840369,0.5203010332021039,6.0181818181818185,0.5324236708095569,False
valley,pooled,2000,0.048,0.4,0.04360319250267392,False,4.90273867794161e-05,0.526621293196711,7.2727272727272725,0.5320906798828672,0.5203010332021039,6.0181818181818185,0.5324236708095569,False
valley,pooled,2000,0.1,0.001,0.04595065789449362,False,2.2567706749077613e-05,0.5303006007060072,7.303030303030304,0.5317914074461881,0.5203010332021039,6.0181818181818185,0.5324236708095569,False
valley,pooled,2000,0.1,0.002,0.04900959550635682,False,5.514635666249643e-05,0.5265623715081595,7.348484848484849,0.5315242030050817,0.5203010332021039,6.0181818181818185,0.5324236708095569,False
valley,pooled,2000,0.1,0.005,0.04464559522781739,False,8.998833911425814e-05,0.5299732560714528,7.284848484848484,0.5329571444575117,0.5203010332021039,6.0181818181818185,0.5324236708095569,False
valley,pooled,2000,0.1,0.01,0.045216086065501836,False,4.536361220179538e-05,0.5288805408501205,7.293939393939393,0.5310136243418078,0.5203010332021039,6.0181818181818185,0.5324236708095569,False
valley,pooled,2000,0.1,0.02,0.044382698584560065,False,2.989770816633621e-05,0.524829384920178,7.284848484848485,0.5309238737699714,0.5203010332021039,6.0181818181818185,0.5324236708095569,False
valley,pooled,2000,0.1,0.05,0.04556403765420633,False,3.0009881523911528e-05,0.5275844995683981,7.300000000000001,0.5315109320011141,0.5203010332021039,6.0181818181818185,0.5324236708095569,False
valley,pooled,2000,0.1,0.1,0.05098917711446654,False,3.8461663300161334e-05,0.5297543814368639,7.372727272727274,0.5322817822481549,0.5203010332021039,6.0181818181818185,0.5324236708095569,False
valley,pooled,2000,0.1,0.2,0.05051046019798208,False,2.066927210644044e-05,0.5293518212575296,7.366666666666667,0.5318451644725205,0.5203010332021039,6.0181818181818185,0.5324236708095569,False
valley,pooled,2000,0.1,0.4,0.04853888142137285,False,2.4946622417787993e-05,0.5298880818359452,7.33939393939394,0.5315049617025784,0.5203010332021039,6.0181818181818185,0.5324236708095569,False
valley,pooled,2000,0.2,0.001,0.043554877113391545,False,7.60493182985155e-05,0.5294502134245068,7.26969696969697,0.5325896157636619,0.5203010332021039,6.0181818181818185,0.5324236708095569,False
valley,pooled,2000,0.2,0.002,0.04972841587691755,False,1.3440812953529656e-05,0.5274262110579567,7.357575757575758,0.530838891905492,0.5203010332021039,6.0181818181818185,0.5324236708095569,False
valley,pooled,2000,0.2,0.005,0.045433368803874066,False,3.4528231249472146e-05,0.5290054760692057,7.296969696969696,0.5315671248155648,0.5203010332021039,6.0181818181818185,0.5324236708095569,False
valley,pooled,2000,0.2,0.01,0.05221366677592398,False,2.696922652894381e-05,0.527227210202739,7.3909090909090915,0.5308835859079714,0.5203010332021039,6.0181818181818185,0.5324236708095569,False
valley,pooled,2000,0.2,0.02,0.04477485584467723,False,2.2873358160726052e-05,0.5287281544295809,7.287878787878788,0.531816839480541,0.5203010332021039,6.0181818181818185,0.5324236708095569,False
valley,pooled,2000,0.2,0.05,0.0430060231274494,False,1.4747079251320433e-05,0.5272175119388814,7.263636363636363,0.5330915382862415,0.5203010332021039,6.0181818181818185,0.5324236708095569,False
valley,pooled,2000,0.2,0.1,0.048993739530663646,False,3.312626945844518e-05,0.5256948427265996,7.348484848484849,0.5297964857259579,0.5203010332021039,6.0181818181818185,0.5324236708095569,False
valley,pooled,2000,0.2,0.2,0.045550090584948556,False,3.458501840358423e-05,0.5273711443718699,7.300000000000001,0.532717309797358,0.5203010332021039,6.0181818181818185,0.5324236708095569,False
valley,pooled,2000,0.2,0.4,0.04678356377838673,False,2.7255132225055885e-05,0.526030316586869,7.3181818181818175,0.5318676918387268,0.5203010332021039,6.0181818181818185,0.5324236708095569,False
valley,pooled,10000,0.0002,0.001,0.05399066872175706,False,0.0022140385940608706,0.48244610167457086,4.709090909090909,0.5126367593451188,0.5203010332021039,6.0181818181818185,0.5324236708095569,False
valley,pooled,10000,0.0002,0.002,0.013471868487589285,False,0.0026598955736745187,0.5185856343221837,5.33030303030303,0.5218220782229045,0.5203010332021039,6.0181818181818185,0.5324236708095569,False
valley,pooled,10000,0.0002,0.005,0.0007571220730675243,True,0.0029244485891785302,0.5315415137701401,5.918181818181818,0.5304105805622842,0.5203010332021039,6.0181818181818185,0.5324236708095569,False
valley,pooled,10000,0.0002,0.01,0.001872496285464679,True,0.0011251429936662669,0.5160974346471185,6.251515151515151,0.523140517657002,0.5203010332021039,6.0181818181818185,0.5324236708095569,False
valley,pooled,10000,0.0002,0.02,0.0018350599873202503,True,0.0004890158797004739,0.5118000840490863,6.193939393939394,0.5181848068463293,0.5203010332021039,6.0181818181818185,0.5324236708095569,False
valley,pooled,10000,0.0002,0.05,0.0069219513164901,True,0.0004292644016363568,0.5319519128052131,6.5,0.5341776495033769,0.5203010332021039,6.0181818181818185,0.5324236708095569,False
valley,pooled,10000,0.0002,0.1,0.011801050841204032,False,0.00015445972213994492,0.5292567969839365,6.663636363636364,0.5331861218584847,0.5203010332021039,6.0181818181818185,0.5324236708095569,False
valley,pooled,10000,0.0002,0.2,0.012319762864801348,True,6.932083186857646e-05,0.5055500473245437,6.596969696969698,0.5070750231647342,0.5203010332021039,6.0181818181818185,0.5324236708095569,False
valley,pooled,10000,0.0002,0.4,0.03015255970672537,False,0.00014875443552295992,0.5258833706975019,7.060606060606061,0.529279154455502,0.5203010332021039,6.0181818181818185,0.5324236708095569,False
valley,pooled,10000,0.0005,0.001,0.016483092148075508,False,0.0008392540772739464,0.5155160681931521,5.260606060606061,0.5449378636065164,0.5203010332021039,6.0181818181818185,0.5324236708095569,False
valley,pooled,10000,0.0005,0.002,0.0053071607624516045,True,0.0022070101239127036,0.5151422095362496,5.584848484848485,0.535046741137963,0.5203010332021039,6.0181818181818185,0.5324236708095569,False
valley,pooled,10000,0.0005,0.005,0.0006603292619118251,True,0.0027451002701171807,0.5252659210097107,6.133333333333333,0.5400126320642303,0.5203010332021039,6.0181818181818185,0.5324236708095569,False
valley,pooled,10000,0.0005,0.01,0.006186998962101289,True,0.0012440020523296217,0.5201548210896266,6.490909090909092,0.5346086342893697,0.5203010332021039,6.0181818181818185,0.5324236708095569,False
valley,pooled,10000,0.0005,0.02,0.011680593124785145,False,0.0010183291215831536,0.5232268377795787,6.657575757575757,0.5223041656507418,0.5203010332021039,6.0181818181818185,0.5324236708095569,False
valley,pooled,10000,0.0005,0.05,0.020976707124570934,False,0.00019370623452495174,0.5362625925841272,6.866666666666666,0.5391222061587491,0.5203010332021039,6.0181818181818185,0.5324236708095569,False
valley,pooled,10000,0.0005,0.1,0.0260589345332664,False,0.0001694645682977952,0.5198310456866925,6.987878787878788,0.5272091809323467,0.5203010332021039,6.0181818181818185,0.5324236708095569,False
valley,pooled,10000,0.0005,0.2,0.03821777150450271,False,3.447721188765728e-05,0.52184508005214,7.190909090909091,0.52422767455467,0.5203010332021039,6.0181818181818185,0.5324236708095569,False
valley,pooled,10000,0.0005,0.4,0.02278979140681452,False,5.884881996797247e-05,0.536399840759321,6.903030303030303,0.5402275990911619,0.5203010332021039,6.0181818181818185,0.5324236708095569,False
valley,pooled,10000,0.001,0.001,0.005355547918635402,True,0.0011730621134226021,0.5101207681771142,5.6060606060606055,0.5234622781952033,0.5203010332021039,6.0181818181818185,0.5324236708095569,False
valley,pooled,10000,0.001,0.002,0.0005262910492185079,True,0.001556470876112442,0.5244028065665206,5.890909090909091,0.5346126147180114,0.5203010332021039,6.0181818181818185,0.5324236708095569,False
valley,pooled,10000,0.001,0.005,0.005904398653875823,True,0.0003711280531998696,0.5204829301504816,6.472727272727273,0.5248998673462856,0.5203010332021039,6.0181818181818185,0.5324236708095569,False
valley,pooled,10000,0.001,0.01,0.0070714513312709025,True,0.0013292247139492844,0.5231985875180981,6.5181818181818185,0.526171598109262,0.5203010332021039,6.0181818181818185,0.5324236708095569,False
valley,pooled,10000,0.001,0.02,0.018407546037225095,False,0.0007221399559333323,0.5225900160813791,6.833333333333333,0.5289734171230394,0.5203010332021039,6.0181818181818185,0.5324236708095569,False
valley,pooled,10000,0.001,0.05,0.01521052852981708,False,0.00028553078363162594,0.5276403522719145,6.754545454545454,0.5290378633281506,0.5203010332021039,6.0181818181818185,0.5324236708095569,False
valley,pooled,10000,0.001,0.1,0.04314865864412003,False,0.0002165607658934605,0.529618079158496,7.263636363636365,0.5321536840867168,0.5203010332021039,6.0181818181818185,0.5324236708095569,False
valley,pooled,10000,0.001,0.2,0.023328911393073807,False,9.919560442546018e-05,0.5236137401449997,6.9363636363636365,0.5342202888836763,0.5203010332021039,6.0181818181818185,0.5324236708095569,False
valley,pooled,10000,0.001,0.4,0.04401140847891056,False,8.906134649532281e-05,0.5251643687091065,7.278787878787878,0.5287378742535833,0.5203010332021039,6.0181818181818185,0.5324236708095569,False
valley,pooled,10000,0.002,0.001,0.0005689232193115981,True,0.0003632823317652838,0.5188907590343061,6.115151515151516,0.5231718318165649,0.5203010332021039,6.0181818181818185,0.5324236708095569,False
valley,pooled,10000,0.002,0.002,0.0027164992078818253,True,0.000537553582672888,0.5260685514522773,6.315151515151515,0.5391299376276154,0.5203010332021039,6.0181818181818185,0.5324236708095569,False
valley,pooled,10000,0.002,0.005,0.006305446205765877,True,0.0005319226030841007,0.5241112041727726,6.493939393939393,0.5332457118717674,0.5203010332021039,6.0181818181818185,0.5324236708095569,False
valley,pooled,10000,0.002,0.01,0.018268994707417135,False,0.0002684642554195663,0.5332995856150087,6.8121212121212125,0.5406900746129868,0.5203010332021039,6.0181818181818185,0.5324236708095569,False
valley,pooled,10000,0.002,0.02,0.024655617194067416,False,0.000332993297813483,0.5185698471704432,6.939393939393939,0.5138752790739427,0.5203010332021039,6.0181818181818185,0.5324236708095569,False
valley,pooled,10000,0.002,0.05,0.03667845051748757,False,0.00022699222222840942,0.5278541915393391,7.166666666666667,0.5361653671873677,0.5203010332021039,6.0181818181818185,0.5324236708095569,False
valley,pooled,10000,0.002,0.1,0.03486780904762381,False,0.00021389050064378215,0.5296390400706148,7.136363636363637,0.5298241356409137,0.5203010332021039,6.0181818181818185,0.5324236708095569,False
valley,pooled,10000,0.002,0.2,0.034434249505543545,False,0.00016595568566660668,0.5242497434452905,7.133333333333334,0.5289877992486799,0.5203010332021039,6.0181818181818185,0.5324236708095569,False
valley,pooled,10000,0.002,0.4,0.0406840304844715,False,3.356030958387149e-05,0.5248884791042784,7.2303030303030305,0.5290413232127062,0.5203010332021039,6.0181818181818185,0.5324236708095569,False
valley,pooled,10000,0.004,0.001,0.009018883621315227,True,0.00040677153857639615,0.5266926704388083,6.584848484848485,0.5331833795302893,0.5203010332021039,6.0181818181818185,0.5324236708095569,False
valley,pooled,10000,0.004,0.002,0.008204013663659098,True,0.0002584865215396826,0.5283798931693114,6.554545454545455,0.5347960081170003,0.5203010332021039,6.0181818181818185,0.5324236708095569,False
valley,pooled,10000,0.004,0.005,0.013773962319421695,False,0.00023532015842472984,0.527514264460123,6.718181818181819,0.5362913792689553,0.5203010332021039,6.0181818181818185,0.5324236708095569,False
valley,pooled,10000,0.004,0.01,0.021445891300962104,False,0.00030981813108210134,0.5239923906142102,6.896969696969697,0.5278719196605951,0.5203010332021039,6.0181818181818185,0.5324236708095569,False
valley,pooled,10000,0.004,0.02,0.03144160364411292,False,0.0002196975718743275,0.5276889265178665,7.081818181818182,0.5313640685353598,0.5203010332021039,6.0181818181818185,0.5324236708095569,False
valley,pooled,10000,0.004,0.05,0.03826767081699269,False,0.00018089004287241944,0.5291540281275545,7.1909090909090905,0.5337449499298965,0.5203010332021039,6.0181818181818185,0.5324236708095569,False
valley,pooled,10000,0.004,0.1,0.042363304541837225,False,0.00010325251408097079,0.5298928592973887,7.251515151515151,0.5351008393766957,0.5203010332021039,6.0181818181818185,0.5324236708095569,False
valley,pooled,10000,0.004,0.2,0.04435335689670341,False,9.610766747044222e-05,0.5282089103388761,7.281818181818182,0.5292717577697313,0.5203010332021039,6.0181818181818185,0.5324236708095569,False
valley,pooled,10000,0.004,0.4,0.04819049681207003,False,4.371165944808048e-05,0.5311129154366728,7.333333333333333,0.5334130359117925,0.5203010332021039,6.0181818181818185,0.5324236708095569,False
valley,pooled,10000,0.008,0.001,0.02093930945037713,False,0.00041008739942371357,0.5299680111443563,6.88181818181818,0.5320260251845801,0.5203010332021039,6.0181818181818185,0.5324236708095569,False
valley,pooled,10000,0.008,0.002,0.018362486571080278,False,0.00017453017298988823,0.5224005157094017,6.833333333333333,0.5324665574884803,0.5203010332021039,6.0181818181818185,0.5324236708095569,False
valley,pooled,10000,0.008,0.005,0.02135472225379845,False,0.00018461418305140036,0.5270470123358221,6.8939393939393945,0.5341851375771257,0.5203010332021039,6.0181818181818185,0.5324236708095569,False
valley,pooled,10000,0.008,0.01,0.03587605803979726,False,8.220307403493507e-05,0.5279213253302159,7.154545454545455,0.5309271276871494,0.5203010332021039,6.0181818181818185,0.5324236708095569,False
valley,pooled,10000,0.008,0.02,0.037426614607218474,False,0.0001446307598022969,0.528278290153915,7.178787878787879,0.5327773280482765,0.5203010332021039,6.0181818181818185,0.5324236708095569,False
valley,pooled,10000,0.008,0.05,0.03998327038959214,False,3.812224399052182e-05,0.5280984355750048,7.218181818181819,0.5324684936277538,0.5203010332021039,6.0181818181818185,0.5324236708095569,False
valley,pooled,10000,0.008,0.1,0.041322252957179645,False,2.6647013852772747e-05,0.5263631955920888,7.239393939393939,0.5307573566077223,0.5203010332021039,6.0181818181818185,0.5324236708095569,False
valley,pooled,10000,0.008,0.2,0.04280949103427735,False,6.0429804735905734e-05,0.5271254754952216,7.260606060606061,0.5346741902384452,0.5203010332021039,6.0181818181818185,0.5324236708095569,False
valley,pooled,10000,0.008,0.4,0.04485116662169939,False,1.7928620948252406e-05,0.5244535523757815,7.29090909090909,0.5281800629308316,0.5203010332021039,6.0181818181818185,0.5324236708095569,False
valley,pooled,10000,0.012,0.001,0.02502605381139166,False,7.424938280188635e-05,0.5274201712123779,6.966666666666666,0.5322921942779653,0.5203010332021039,6.0181818181818185,0.5324236708095569,False
valley,pooled,10000,0.012,0.002,0.03041567445832746,False,0.00024726000787864583,0.527266798864633,7.0636363636363635,0.5283276637000974,0.5203010332021039,6.0181818181818185,0.5324236708095569,False
valley,pooled,10000,0.012,0.005,0.03335148797120243,False,9.470206090459612e-05,0.5317619562034567,7.1090909090909085,0.5339173301590586,0.5203010332021039,6.0181818181818185,0.5324236708095569,False
valley,pooled,10000,0.012,0.01,0.03471050387471761,False,8.9816598408813e-05,0.5251781939001633,7.136363636363637,0.5270789073696421,0.5203010332021039,6.0181818181818185,0.5324236708095569,False
valley,pooled,10000,0.012,0.02,0.03757387693955004,False,6.510815754763787e-05,0.5260900075334947,7.1818181818181825,0.5281470610787095,0.5203010332021039,6.0181818181818185,0.5324236708095569,False
valley,pooled,10000,0.012,0.05,0.04384583166336551,False,3.467044475751343e-05,0.5269777519426279,7.275757575757576,0.5303117247168764,0.5203010332021039,6.0181818181818185,0.5324236708095569,False
valley,pooled,10000,0.012,0.1,0.0451832659340775,False,2.2106627915936357e-05,0.5283890636078189,7.293939393939393,0.5313000916695128,0.5203010332021039,6.0181818181818185,0.5324236708095569,False
valley,pooled,10000,0.012,0.2,0.050415574637703076,False,4.1832307123741385e-05,0.5278128434506174,7.366666666666667,0.5320658028353057,0.5203010332021039,6.0181818181818185,0.5324236708095569,False
valley,pooled,10000,0.012,0.4,0.04604029380432617,False,1.7370302559824753e-05,0.5284473949938481,7.306060606060606,0.5324859280659374,0.5203010332021039,6.0181818181818185,0.5324236708095569,False
valley,pooled,10000,0.024,0.001,0.03636096100054747,False,5.585011919516581e-05,0.5293141278688178,7.16060606060606,0.5351336019668252,0.5203010332021039,6.0181818181818185,0.5324236708095569,False
valley,pooled,10000,0.024,0.002,0.03538000186276863,False,4.9011305303444806e-05,0.525643521808723,7.148484848484848,0.5321820644166428,0.5203010332021039,6.0181818181818185,0.5324236708095569,False
valley,pooled,10000,0.024,0.005,0.04183760886526956,False,6.598343727138533e-05,0.5285281617155914,7.245454545454545,0.5329969926009741,0.5203010332021039,6.0181818181818185,0.5324236708095569,False
valley,pooled,10000,0.024,0.01,0.04389855637963902,False,5.581301614096758e-05,0.5281556466605223,7.275757575757576,0.5312058105042221,0.5203010332021039,6.0181818181818185,0.5324236708095569,False
valley,pooled,10000,0.024,0.02,0.04651593883101397,False,3.741280743250457e-05,0.5246643877185194,7.315151515151516,0.5317354447090089,0.5203010332021039,6.0181818181818185,0.5324236708095569,False
valley,pooled,10000,0.024,0.05,0.04881027409602892,False,3.2375688880457555e-05,0.5270458514631469,7.345454545454545,0.5315559173888801,0.5203010332021039,6.0181818181818185,0.5324236708095569,False
valley,pooled,10000,0.024,0.1,0.05535685846513568,False,2.3544910902743036e-05,0.5293064874432839,7.43030303030303,0.5326522973541717,0.5203010332021039,6.0181818181818185,0.5324236708095569,False
valley,pooled,10000,0.024,0.2,0.047579286609446755,False,3.1640427940439136e-05,0.5286928313596769,7.327272727272727,0.5333525122715783,0.5203010332021039,6.0181818181818185,0.5324236708095569,False
valley,pooled,10000,0.024,0.4,0.04934037969741362,False,1.2923495353747192e-05,0.5286187371547599,7.351515151515152,0.5325235107978638,0.5203010332021039,6.0181818181818185,0.5324236708095569,False
valley,pooled,10000,0.048,0.001,0.044714470247229104,False,1.7393044622459906e-05,0.5275725115386003,7.287878787878786,0.5309244535555105,0.5203010332021039,6.0181818181818185,0.5324236708095569,False
valley,pooled,10000,0.048,0.002,0.04743363047791681,False,2.3577760675376252e-05,0.529842614191605,7.324242424242424,0.5323437251574453,0.5203010332021039,6.0181818181818185,0.5324236708095569,False
valley,pooled,10000,0.048,0.005,0.04447628954865889,False,1.5815446773046808e-05,0.5272284549170113,7.284848484848484,0.5323877927619244,0.5203010332021039,6.0181818181818185,0.5324236708095569,False
valley,pooled,10000,0.048,0.01,0.04555897982225289,False,6.666753635029781e-05,0.5275385642176192,7.300000000000001,0.5321109487260784,0.5203010332021039,6.0181818181818185,0.5324236708095569,False
valley,pooled,10000,0.048,0.02,0.04398440869360392,False,5.257360870113863e-05,0.5257141635799795,7.278787878787878,0.5323010400831568,0.5203010332021039,6.0181818181818185,0.5324236708095569,False
valley,pooled,10000,0.048,0.05,0.04628670508694555,False,1.9076961911631448e-05,0.5288089882517152,7.3090909090909095,0.5308787600257235,0.5203010332021039,6.0181818181818185,0.5324236708095569,False
valley,pooled,10000,0.048,0.1,0.05082849249021249,False,1.98021121676449e-05,0.5305657047621241,7.36969696969697,0.5338018575452911,0.5203010332021039,6.0181818181818185,0.5324236708095569,False
valley,pooled,10000,0.048,0.2,0.052819780536734716,False,2.751963262812337e-05,0.5297556039709547,7.396969696969697,0.5318741204548608,0.5203010332021039,6.0181818181818185,0.5324236708095569,False
valley,pooled,10000,0.048,0.4,0.046131227991875697,False,1.4958514197768191e-05,0.5298086332513843,7.306060606060606,0.5316379695568473,0.5203010332021039,6.0181818181818185,0.5324236708095569,False
valley,pooled,10000,0.1,0.001,0.052883627910286314,False,3.376091739186363e-05,0.526818837281513,7.3999999999999995,0.5309937472269648,0.5203010332021039,6.0181818181818185,0.5324236708095569,False
valley,pooled,10000,0.1,0.002,0.047582771306912554,False,2.0764019628784627e-05,0.528732554915147,7.327272727272727,0.5313509242805475,0.5203010332021039,6.0181818181818185,0.5324236708095569,False
valley,pooled,10000,0.1,0.005,0.04821173398821471,False,2.599747237997524e-05,0.528131315352636,7.336363636363636,0.5307663989659521,0.5203010332021039,6.0181818181818185,0.5324236708095569,False
valley,pooled,10000,0.1,0.01,0.05358725757042696,False,3.324082679110132e-05,0.5271207101816495,7.409090909090909,0.532368876139323,0.5203010332021039,6.0181818181818185,0.5324236708095569,False
valley,pooled,10000,0.1,0.02,0.049061464193009795,False,1.1549088102646283e-05,0.5276507430827432,7.348484848484848,0.5324407426808627,0.5203010332021039,6.0181818181818185,0.5324236708095569,False
valley,pooled,10000,0.1,0.05,0.05057309643612088,False,1.920232897840907e-05,0.526434676773139,7.369696969696968,0.5317630964609089,0.5203010332021039,6.0181818181818185,0.5324236708095569,False
valley,pooled,10000,0.1,0.1,0.04895275798321259,False,1.4752262327327943e-05,0.5295029004594243,7.345454545454545,0.5320849398912211,0.5203010332021039,6.0181818181818185,0.5324236708095569,False
valley,pooled,10000,0.1,0.2,0.055457601312630896,False,1.80704264783462e-05,0.5267396828061707,7.433333333333334,0.5306729315669786,0.5203010332021039,6.0181818181818185,0.5324236708095569,False
valley,pooled,10000,0.1,0.4,0.049510533020082535,False,4.25343335160609e-05,0.5277007426845023,7.3545454545454545,0.5322389194495071,0.5203010332021039,6.0181818181818185,0.5324236708095569,False
valley,pooled,10000,0.2,0.001,0.05559144982402315,False,2.858344084467469e-05,0.5292256483730279,7.433333333333334,0.5314163018164098,0.5203010332021039,6.0181818181818185,0.5324236708095569,False
valley,pooled,10000,0.2,0.002,0.051481424564731336,False,3.896665378556182e-05,0.5302268019373436,7.378787878787879,0.5313375302013128,0.5203010332021039,6.0181818181818185,0.5324236708095569,False
valley,pooled,10000,0.2,0.005,0.05288023934255229,False,2.651921032337175e-05,0.5305710901842198,7.396969696969697,0.5316509326430297,0.5203010332021039,6.0181818181818185,0.5324236708095569,False
valley,pooled,10000,0.2,0.01,0.04834442119994294,False,4.039827405314398e-05,0.5302896038865353,7.336363636363636,0.5327217512990147,0.5203010332021039,6.0181818181818185,0.5324236708095569,False
valley,pooled,10000,0.2,0.02,0.05235715975200471,False,5.7257693776856396e-05,0.5325783548014317,7.387878787878788,0.5331216540692781,0.5203010332021039,6.0181818181818185,0.5324236708095569,False
valley,pooled,10000,0.2,0.05,0.04701746570892846,False,2.9281434858881092e-05,0.526311993929226,7.321212121212121,0.5312345327354027,0.5203010332021039,6.0181818181818185,0.5324236708095569,False
valley,pooled,10000,0.2,0.1,0.04946510926353621,False,4.2392800674381597e-05,0.5304310670979852,7.351515151515152,0.5318251787483467,0.5203010332021039,6.0181818181818185,0.5324236708095569,False
valley,pooled,10000,0.2,0.2,0.05048069587749488,False,1.3490361721625407e-05,0.528830625000886,7.366666666666666,0.5312021935609302,0.5203010332021039,6.0181818181818185,0.5324236708095569,False
valley,pooled,10000,0.2,0.4,0.04904365107848294,False,1.132583272282986e-05,0.5270090998517569,7.348484848484849,0.5303270030417085,0.5203010332021039,6.0181818181818185,0.5324236708095569,False
valley,uniform,120,0.0002,0.001,0.8819345645229624,False,0.11684723401608474,0.21402220871159192,3.266666666666667,0.8365980826274545,0.5203010332021039,6.0181818181818185,0.5324236708095569,False
valley,uniform,120,0.0002,0.002,0.5539891180207461,False,0.1175724889853206,0.3097372783936751,3.984848484848485,0.8121652984332988,0.5203010332021039,6.0181818181818185,0.5324236708095569,False
valley,uniform,120,0.0002,0.005,0.2563238500618169,False,0.0435054154420394,0.44216476621373646,4.536363636363636,0.7539690188641992,0.5203010332021039,6.0181818181818185,0.5324236708095569,False
valley,uniform,120,0.0002,0.01,0.1314887511495312,False,0.06227355066771286,0.5395078364961967,5.293939393939394,0.7134819763067147,0.5203010332021039,6.0181818181818185,0.5324236708095569,False
valley,uniform,120,0.0002,0.02,0.1637397360749136,False,0.04572896966783763,0.5867787550452429,5.593939393939394,0.7333709704388104,0.5203010332021039,6.0181818181818185,0.5324236708095569,False
valley,uniform,120,0.0002,0.05,0.17013849652426064,False,0.022276070242359718,0.6590627228237466,6.315151515151516,0.697884379306939,0.5203010332021039,6.0181818181818185,0.5324236708095569,False
valley,uniform,120,0.0002,0.1,0.108702229091682,False,0.009831287318853271,0.6336948673573201,6.86969696969697,0.640474621645407,0.5203010332021039,6.0181818181818185,0.5324236708095569,True
valley,uniform,120,0.0002,0.2,0.12519925631404005,False,0.008860174103020169,0.6325845459212555,6.990909090909091,0.6544204955214009,0.5203010332021039,6.0181818181818185,0.5324236708095569,False
valley,uniform,120,0.0002,0.4,0.39379457094587916,False,0.008283225869249528,0.7276477846890762,7.472727272727273,0.7561474214678898,0.5203010332021039,6.0181818181818185,0.5324236708095569,False
valley,uniform,120,0.0005,0.001,0.7059151466195022,False,0.07180096136982733,0.25986643949825466,4.003030303030303,0.8443568911947429,0.5203010332021039,6.0181818181818185,0.5324236708095569,False
valley,uniform,120,0.0005,0.002,0.4822350970502054,False,0.08400868047332347,0.3616218510662492,4.872727272727272,0.8487561559915018,0.5203010332021039,6.0181818181818185,0.5324236708095569,False
valley,uniform,120,0.0005,0.005,0.21010290168573353,False,0.06159278817844342,0.4889487152591323,5.79090909090909,0.7735156235738029,0.5203010332021039,6.0181818181818185,0.5324236708095569,False
valley,uniform,120,0.0005,0.01,0.24499732363383406,False,0.04237753179931934,0.5928119285236735,6.466666666666666,0.7821648263592836,0.5203010332021039,6.0181818181818185,0.5324236708095569,False
valley,uniform,120,0.0005,0.02,0.3780564128910299,False,0.05638463684784781,0.6842273576268707,7.242424242424242,0.7918467743750819,0.5203010332021039,6.0181818181818185,0.5324236708095569,False
valley,uniform,120,0.0005,0.05,0.46908215566345135,False,0.022155629107146354,0.7280617780980346,7.836363636363637,0.7812207226456925,0.5203010332021039,6.0181818181818185,0.5324236708095569,False
valley,uniform,120,0.0005,0.1,0.7345105924144324,False,0.009833911782911667,0.7743606258672758,8.642424242424243,0.8269162569980693,0.5203010332021039,6.0181818181818185,0.5324236708095569,False
valley,uniform,120,0.0005,0.2,0.6630916570969076,False,0.007534151810626664,0.7604968196232287,8.696969696969697,0.7996159974979791,0.5203010332021039,6.0181818181818185,0.5324236708095569,False
valley,uniform,120,0.0005,0.4,0.6635839912619752,False,0.00736222306637598,0.7646349594085877,8.757575757575758,0.7909997896760794,0.5203010332021039,6.0181818181818185,0.5324236708095569,False
valley,uniform,120,0.001,0.001,0.5351860612172058,False,0.08907491972309656,0.3184357956678045,4.96969696969697,0.8493418381217591,0.5203010332021039,6.0181818181818185,0.5324236708095569,False
valley,uniform,120,0.001,0.002,0.37467998898126637,False,0.0690581915231826,0.41778767495912095,5.7272727272727275,0.8399064064213236,0.5203010332021039,6.0181818181818185,0.5324236708095569,False
valley,uniform,120,0.001,0.005,0.4071235042688609,False,0.05424987453092196,0.5563994933415127,6.8999999999999995,0.8609942854539355,0.5203010332021039,6.0181818181818185,0.5324236708095569,False
valley,uniform,120,0.001,0.01,0.5562097481262326,False,0.04151394365575039,0.6666281848050764,7.9424242424242415,0.8584147380760285,0.5203010332021039,6.0181818181818185,0.5324236708095569,False
valley,uniform,120,0.001,0.02,0.6861024526378643,False,0.05170855421681525,0.7369898119478528,8.303030303030303,0.8556346099299551,0.5203010332021039,6.0181818181818185,0.5324236708095569,False
valley,uniform,120,0.001,0.05,0.8308055701944571,False,0.012804215990536699,0.7806204503585704,9.021212121212121,0.8389660521406307,0.5203010332021039,6.0181818181818185,0.5324236708095569,False
valley,uniform,120,0.001,0.1,0.9848637016606788,False,0.010371425294841958,0.8117061862012419,9.421212121212122,0.8480579587277716,0.5203010332021039,6.0181818181818185,0.5324236708095569,False
valley,uniform,120,0.001,0.2,0.9939639540598246,False,0.011104159015852957,0.8128525251974302,9.445454545454545,0.8489797364501733,0.5203010332021039,6.0181818181818185,0.5324236708095569,False
valley,uniform,120,0.001,0.4,1.0347462693170386,False,0.005086006284426103,0.8166048623233175,9.618181818181817,0.8485796160020121,0.5203010332021039,6.0181818181818185,0.5324236708095569,False
valley,uniform,120,0.002,0.001,0.4500908844751982,False,0.03249506954225449,0.44546019814136223,6.424242424242423,0.879459371995964,0.5203010332021039,6.0181818181818185,0.5324236708095569,False
valley,uniform,120,0.002,0.002,0.4375009736774338,False,0.03921450678050443,0.5010102032659981,6.912121212121213,0.8750258948008008,0.5203010332021039,6.0181818181818185,0.5324236708095569,False
valley,uniform,120,0.002,0.005,0.5523162571819057,False,0.030751892447758014,0.6314437645420798,8.024242424242425,0.8672901855782444,0.5203010332021039,6.0181818181818185,0.5324236708095569,False
valley,uniform,120,0.002,0.01,0.6903357875456336,False,0.033986052833582504,0.7052005444615855,8.472727272727273,0.8681893381171569,0.5203010332021039,6.0181818181818185,0.5324236708095569,False
valley,uniform,120,0.002,0.02,0.9119442913091483,False,0.026728125579474373,0.7702693032421597,9.121212121212121,0.8755286175422333,0.5203010332021039,6.0181818181818185,0.5324236708095569,False
valley,uniform,120,0.002,0.05,1.0905190287144264,False,0.016825028497443304,0.8203360244797854,9.548484848484847,0.8749502301473392,0.5203010332021039,6.0181818181818185,0.5324236708095569,False
valley,uniform,120,0.002,0.1,1.1962986706736913,False,0.008589095722932294,0.8428975778994098,9.784848484848483,0.8775343652935915,0.5203010332021039,6.0181818181818185,0.5324236708095569,False
valley,uniform,120,0.002,0.2,1.24443444431596,False,0.004594178155681427,0.8560846847302165,9.80909090909091,0.8820252752405958,0.5203010332021039,6.0181818181818185,0.5324236708095569,False
valley,uniform,120,0.002,0.4,1.247079571658761,False,0.005538344569559321,0.8509272464099645,9.86969696969697,0.8830586748823137,0.5203010332021039,6.0181818181818185,0.5324236708095569,False
valley,uniform,120,0.004,0.001,0.5308161088883684,False,0.02644225650306506,0.5691981897126435,7.893939393939394,0.8794555270419631,0.5203010332021039,6.0181818181818185,0.5324236708095569,False
valley,uniform,120,0.004,0.002,0.5910894368271375,False,0.021647951694971967,0.5986054128662773,8.236363636363636,0.8826064789006928,0.5203010332021039,6.0181818181818185,0.5324236708095569,False
valley,uniform,120,0.004,0.005,0.7400323436055075,False,0.01919178001475664,0.6866068308097275,8.8,0.8791965580813105,0.5203010332021039,6.0181818181818185,0.5324236708095569,False
valley,uniform,120,0.004,0.01,0.9502828341093186,False,0.020411655362561794,0.7569827475592873,9.342424242424242,0.8848888008867054,0.5203010332021039,6.0181818181818185,0.5324236708095569,False
valley,uniform,120,0.004,0.02,1.091008716709094,False,0.014415475818291659,0.804270260184221,9.618181818181817,0.8837047917906053,0.5203010332021039,6.0181818181818185,0.5324236708095569,False
valley,uniform,120,0.004,0.05,1.2517695302496847,False,0.010933941553116736,0.8501262752387279,9.842424242424242,0.8880453590993848,0.5203010332021039,6.0181818181818185,0.5324236708095569,False
valley,uniform,120,0.004,0.1,1.318139241219013,False,0.006009652385227764,0.8670079872802905,9.915151515151514,0.891486939423855,0.5203010332021039,6.0181818181818185,0.5324236708095569,False
valley,uniform,120,0.004,0.2,1.3286550209862995,False,0.00489843981027452,0.8687829472197294,9.942424242424243,0.891513893825782,0.5203010332021039,6.0181818181818185,0.5324236708095569,False
valley,uniform,120,0.004,0.4,1.3452204238933894,False,0.0025100913312416555,0.8738347788945262,9.942424242424241,0.8928789592685074,0.5203010332021039,6.0181818181818185,0.5324236708095569,False
valley,uniform,120,0.008,0.001,0.8162440610112509,False,0.01579609603463234,0.7024972798314423,9.00909090909091,0.8882459499707448,0.5203010332021039,6.0181818181818185,0.5324236708095569,False
valley,uniform,120,0.008,0.002,0.8892887954205839,False,0.013817762797420412,0.7304728972618652,9.212121212121211,0.8873792282239008,0.5203010332021039,6.0181818181818185,0.5324236708095569,False
valley,uniform,120,0.008,0.005,0.9873478066496966,False,0.012687711930666054,0.767513766937129,9.436363636363636,0.8851915814277276,0.5203010332021039,6.0181818181818185,0.5324236708095569,False
valley,uniform,120,0.008,0.01,1.105519016775038,False,0.01413649163764353,0.7969230079306765,9.663636363636364,0.8919331081616676,0.5203010332021039,6.0181818181818185,0.5324236708095569,False
valley,uniform,120,0.008,0.02,1.2358646610924793,False,0.007348278797842547,0.8395040669166193,9.821212121212122,0.8935933916754232,0.5203010332021039,6.0181818181818185,0.5324236708095569,False
valley,uniform,120,0.008,0.05,1.328069036556466,False,0.004292099537982575,0.8673081392421699,9.9,0.8963545894218132,0.5203010332021039,6.0181818181818185,0.5324236708095569,False
valley,uniform,120,0.008,0.1,1.3683550260764785,False,0.004639393554510016,0.8769580674818243,9.957575757575759,0.8974317081078325,0.5203010332021039,6.0181818181818185,0.5324236708095569,False
valley,uniform,120,0.008,0.2,1.3869149219455246,False,0.002268871615282757,0.8824485549043887,9.966666666666667,0.898208107533932,0.5203010332021039,6.0181818181818185,0.5324236708095569,False
valley,uniform,120,0.008,0.4,1.3859420354054581,False,0.0017887720333021517,0.8829524179672835,9.96969696969697,0.897050440218841,0.5203010332021039,6.0181818181818185,0.5324236708095569,False
valley,uniform,120,0.012,0.001,1.0358164762200766,False,0.007684838278942908,0.772059496514507,9.548484848484849,0.892579326561131,0.5203010332021039,6.0181818181818185,0.5324236708095569,False
valley,uniform,120,0.012,0.002,1.0635152209801197,False,0.00965615614268685,0.7825156125730258,9.557575757575757,0.8949612022017606,0.5203010332021039,6.0181818181818185,0.5324236708095569,False
valley,uniform,120,0.012,0.005,1.1306372253972188,False,0.007849870454727438,0.8061051433328575,9.672727272727272,0.8935888415644359,0.5203010332021039,6.0181818181818185,0.5324236708095569,False
valley,uniform,120,0.012,0.01,1.2051891730319293,False,0.011742983515557671,0.8265142150733477,9.793939393939395,0.8955663864806093,0.5203010332021039,6.0181818181818185,0.5324236708095569,False
valley,uniform,120,0.012,0.02,1.2819491068398907,False,0.005565137111640752,0.8507733812243138,9.881818181818183,0.8960225199522992,0.5203010332021039,6.0181818181818185,0.5324236708095569,False
valley,uniform,120,0.012,0.05,1.3565431463327353,False,0.003367347960234214,0.8737517123663,9.94848484848485,0.8968775596519797,0.5203010332021039,6.0181818181818185,0.5324236708095569,False
valley,uniform,120,0.012,0.1,1.3822230236884074,False,0.002928161136801664,0.8814306790076775,9.96969696969697,0.8971862811004291,0.5203010332021039,6.0181818181818185,0.5324236708095569,False
valley,uniform,120,0.012,0.2,1.3987353089548418,False,0.0016025770987379488,0.8854543278469765,9.981818181818182,0.8983766726594379,0.5203010332021039,6.0181818181818185,0.5324236708095569,False
valley,uniform,120,0.012,0.4,1.4111073900082416,False,0.0008629481173701334,0.8892254505900216,9.987878787878788,0.8986935951456357,0.5203010332021039,6.0181818181818185,0.5324236708095569,False
valley,uniform,120,0.024,0.001,1.2579158557094714,False,0.003534609394868342,0.8431062605530512,9.845454545454546,0.8968754398182779,0.5203010332021039,6.0181818181818185,0.5324236708095569,False
valley,uniform,120,0.024,0.002,1.284303275435526,False,0.0042479351006265,0.8488656016670438,9.893939393939393,0.8977369616350946,0.5203010332021039,6.0181818181818185,0.5324236708095569,False
valley,uniform,120,0.024,0.005,1.2936489847524397,False,0.0036659541190281067,0.8530968714159584,9.89090909090909,0.8976038123361162,0.5203010332021039,6.0181818181818185,0.5324236708095569,False
valley,uniform,120,0.024,0.01,1.3245121824515225,False,0.0013936213746684988,0.862897211618466,9.912121212121212,0.8983265686264291,0.5203010332021039,6.0181818181818185,0.5324236708095569,False
valley,uniform,120,0.024,0.02,1.3568591868013768,False,0.001319632654469527,0.8732230830946213,9.93939393939394,0.8983005565769192,0.5203010332021039,6.0181818181818185,0.5324236708095569,False
valley,uniform,120,0.024,0.05,1.3913939817488217,False,0.002241768670623011,0.8830378016131477,9.972727272727273,0.8988193622247799,0.5203010332021039,6.0181818181818185,0.5324236708095569,False
valley,uniform,120,0.024,0.1,1.4067519617095063,False,0.0006935215625626166,0.8875791932158976,9.981818181818182,0.8992539240005262,0.5203010332021039,6.0181818181818185,0.5324236708095569,False
valley,uniform,120,0.024,0.2,1.4168828659515702,False,0.0007466835147225989,0.8900174857881228,9.993939393939394,0.8995767150644701,0.5203010332021039,6.0181818181818185,0.5324236708095569,False
valley,uniform,120,0.024,0.4,1.4191103991783556,False,0.00026966961648983466,0.8911129258977212,9.99090909090909,0.899536570024888,0.5203010332021039,6.0181818181818185,0.5324236708095569,False
valley,uniform,120,0.048,0.001,1.3696879390548207,False,0.0014190890075309187,0.8764455114143789,9.94848484848485,0.8992359373309678,0.5203010332021039,6.0181818181818185,0.5324236708095569,False
valley,uniform,120,0.048,0.002,1.3758624742717844,False,0.0012792471370674545,0.8774429554866345,9.966666666666667,0.8990779605819234,0.5203010332021039,6.0181818181818185,0.5324236708095569,False
valley,uniform,120,0.048,0.005,1.3845932999751795,False,0.0012495058236182627,0.880421189830385,9.966666666666667,0.899402501105678,0.5203010332021039,6.0181818181818185,0.5324236708095569,False
valley,uniform,120,0.048,0.01,1.3884391901845874,False,0.00077576569087324,0.8819733814960878,9.966666666666667,0.8992894498140923,0.5203010332021039,6.0181818181818185,0.5324236708095569,False
valley,uniform,120,0.048,0.02,1.3961629623735479,False,0.0006912300237620181,0.8839643875629198,9.975757575757576,0.8994457836460944,0.5203010332021039,6.0181818181818185,0.5324236708095569,False
valley,uniform,120,0.048,0.05,1.4083371276567567,False,0.0007674553519683826,0.8882102906968511,9.975757575757575,0.89971604200707,0.5203010332021039,6.0181818181818185,0.5324236708095569,False
valley,uniform,120,0.048,0.1,1.4148391267126952,False,0.0005768522014077578,0.8899995671452939,9.984848484848486,0.8995762383774286,0.5203010332021039,6.0181818181818185,0.5324236708095569,False
valley,uniform,120,0.048,0.2,1.4185525609347724,False,0.0003085710377003965,0.8917260409361796,9.978787878787879,0.8996972140170302,0.5203010332021039,6.0181818181818185,0.5324236708095569,False
valley,uniform,120,0.048,0.4,1.4211487287673672,False,0.0002514066797130528,0.8923544060125225,9.981818181818182,0.8997772623084034,0.5203010332021039,6.0181818181818185,0.5324236708095569,False
valley,uniform,120,0.1,0.001,1.4124803924958478,False,0.0004548917813580564,0.8893750231309672,9.981818181818182,0.8995797685251032,0.5203010332021039,6.0181818181818185,0.5324236708095569,False
valley,uniform,120,0.1,0.002,1.4115898417251256,False,0.00040963995059294155,0.8891406592108906,9.978787878787879,0.8997385057690807,0.5203010332021039,6.0181818181818185,0.5324236708095569,False
valley,uniform,120,0.1,0.005,1.4123128737294146,False,0.00032354866619056224,0.8892701397224511,9.981818181818182,0.8996254822612775,0.5203010332021039,6.0181818181818185,0.5324236708095569,False
valley,uniform,120,0.1,0.01,1.4131485456794362,False,0.0003568208378198837,0.8890531461662418,9.987878787878786,0.899663879448375,0.5203010332021039,6.0181818181818185,0.5324236708095569,False
valley,uniform,120,0.1,0.02,1.4140456949368314,False,0.0002729091603969512,0.8897950532879237,9.981818181818182,0.8997416244412358,0.5203010332021039,6.0181818181818185,0.5324236708095569,False
valley,uniform,120,0.1,0.05,1.4180968678427939,False,0.00028089265568052044,0.8910208053003772,9.984848484848486,0.8997555464123338,0.5203010332021039,6.0181818181818185,0.5324236708095569,False
valley,uniform,120,0.1,0.1,1.4186454213128659,False,0.0002574472657127888,0.8918495330303848,9.975757575757575,0.899857886022573,0.5203010332021039,6.0181818181818185,0.5324236708095569,False
valley,uniform,120,0.1,0.2,1.422577718692926,False,0.0002570744353433209,0.8925398545162442,9.984848484848484,0.8998758742994578,0.5203010332021039,6.0181818181818185,0.5324236708095569,False
valley,uniform,120,0.1,0.4,1.4273291197977627,False,0.00020361257409834058,0.8932665443161917,9.996969696969698,0.8999113259463986,0.5203010332021039,6.0181818181818185,0.5324236708095569,False
valley,uniform,120,0.2,0.001,1.4225334660795688,False,0.00019511421145298972,0.8923304825664728,9.987878787878788,0.8998247064460912,0.5203010332021039,6.0181818181818185,0.5324236708095569,False
valley,uniform,120,0.2,0.002,1.4220223634058498,False,0.0002496069878234759,0.8919823419404396,9.990909090909092,0.8997401321536246,0.5203010332021039,6.0181818181818185,0.5324236708095569,False
valley,uniform,120,0.2,0.005,1.4233382727130919,False,0.0001863990968906807,0.8923707835204286,9.99090909090909,0.8998360915971352,0.5203010332021039,6.0181818181818185,0.5324236708095569,False
valley,uniform,120,0.2,0.01,1.4221951561408783,False,0.00019322894092888265,0.8922069999907009,9.987878787878788,0.8998251027668204,0.5203010332021039,6.0181818181818185,0.5324236708095569,False
valley,uniform,120,0.2,0.02,1.4220436918493586,False,0.0001546871087121461,0.8921077977547291,9.987878787878788,0.8998718056974905,0.5203010332021039,6.0181818181818185,0.5324236708095569,False
valley,uniform,120,0.2,0.05,1.4258806319955744,False,0.0002028843522897994,0.8928033027309139,9.996969696969698,0.8998446524463449,0.5203010332021039,6.0181818181818185,0.5324236708095569,False
valley,uniform,120,0.2,0.1,1.4223353201868756,False,0.00014180155852721167,0.8927155411486867,9.981818181818182,0.8998518985026848,0.5203010332021039,6.0181818181818185,0.5324236708095569,False
valley,uniform,120,0.2,0.2,1.4235363315809995,False,0.00013162964683709037,0.8928687481812333,9.984848484848486,0.8998966012306494,0.5203010332021039,6.0181818181818185,0.5324236708095569,False
valley,uniform,120,0.2,0.4,1.4276472230249109,False,0.0001374739477153159,0.8936442652413423,9.993939393939394,0.8998890814696118,0.5203010332021039,6.0181818181818185,0.5324236708095569,False
valley,uniform,2000,0.0002,0.001,0.7801409917509862,False,0.018521084661882202,0.7414092116395251,8.56060606060606,0.8779162529216603,0.5203010332021039,6.0181818181818185,0.5324236708095569,False
valley,uniform,2000,0.0002,0.002,0.9481408941802719,False,0.026017703807957114,0.7795745485387441,9.212121212121213,0.8767191340134536,0.5203010332021039,6.0181818181818185,0.5324236708095569,False
valley,uniform,2000,0.0002,0.005,1.1635534960442588,False,0.0183760778607912,0.8350751299827511,9.703030303030303,0.8785617206997661,0.5203010332021039,6.0181818181818185,0.5324236708095569,False
valley,uniform,2000,0.0002,0.01,1.2856294516758187,False,0.008414440046858238,0.8624537274934309,9.884848484848485,0.8857467597204685,0.5203010332021039,6.0181818181818185,0.5324236708095569,False
valley,uniform,2000,0.0002,0.02,1.3230541011227976,False,0.0029058841243286577,0.8714604807896595,9.936363636363636,0.887062149138203,0.5203010332021039,6.0181818181818185,0.5324236708095569,False
valley,uniform,2000,0.0002,0.05,1.327036569572587,False,0.002851602574036408,0.8758089227718049,9.930303030303032,0.8846324853920686,0.5203010332021039,6.0181818181818185,0.5324236708095569,False
valley,uniform,2000,0.0002,0.1,1.357617563105822,False,0.0013084296817687576,0.8806618254044497,9.987878787878788,0.8867263228880137,0.5203010332021039,6.0181818181818185,0.5324236708095569,False
valley,uniform,2000,0.0002,0.2,1.3635265049079202,False,0.0007799702438258244,0.8821919748277628,9.972727272727273,0.8887772502839958,0.5203010332021039,6.0181818181818185,0.5324236708095569,False
valley,uniform,2000,0.0002,0.4,1.3664059351799245,False,0.0004406795278398615,0.8833587328244809,9.972727272727273,0.8886797673248209,0.5203010332021039,6.0181818181818185,0.5324236708095569,False
valley,uniform,2000,0.0005,0.001,0.9618554518651273,False,0.010758704802103444,0.7742304220400135,9.196969696969697,0.887465555650067,0.5203010332021039,6.0181818181818185,0.5324236708095569,False
valley,uniform,2000,0.0005,0.002,1.097127484892016,False,0.008955905174221773,0.8094740842468818,9.536363636363637,0.8881877952998006,0.5203010332021039,6.0181818181818185,0.5324236708095569,False
valley,uniform,2000,0.0005,0.005,1.2358423035329709,False,0.008765112510774508,0.8463974527212276,9.812121212121212,0.8878386075761379,0.5203010332021039,6.0181818181818185,0.5324236708095569,False
valley,uniform,2000,0.0005,0.01,1.3133047765112307,False,0.006097763274165564,0.8657762979307638,9.921212121212122,0.8903045603861877,0.5203010332021039,6.0181818181818185,0.5324236708095569,False
valley,uniform,2000,0.0005,0.02,1.3514568443266868,False,0.003817688307399821,0.8762523842468393,9.96060606060606,0.8912833931387628,0.5203010332021039,6.0181818181818185,0.5324236708095569,False
valley,uniform,2000,0.0005,0.05,1.3900615853362936,False,0.001469312505580912,0.8851913622624173,9.984848484848486,0.8950195270196689,0.5203010332021039,6.0181818181818185,0.5324236708095569,False
valley,uniform,2000,0.0005,0.1,1.3902552832868533,False,0.0010983577948250516,0.8866225747465885,9.981818181818182,0.893841568818035,0.5203010332021039,6.0181818181818185,0.5324236708095569,False
valley,uniform,2000,0.0005,0.2,1.3759911653656958,False,0.0008714523335438997,0.8846941659402113,9.972727272727273,0.8910576361307346,0.5203010332021039,6.0181818181818185,0.5324236708095569,False
valley,uniform,2000,0.0005,0.4,1.3938568826315505,False,0.0003613163315255235,0.8880096740935458,9.978787878787879,0.8940389817757867,0.5203010332021039,6.0181818181818185,0.5324236708095569,False
valley,uniform,2000,0.001,0.001,1.0991964924237878,False,0.008058195075390458,0.8044553707130433,9.542424242424241,0.8927479341659734,0.5203010332021039,6.0181818181818185,0.5324236708095569,False
valley,uniform,2000,0.001,0.002,1.1947576608864738,False,0.008069204178217684,0.8272907115658019,9.751515151515152,0.8942389917135175,0.5203010332021039,6.0181818181818185,0.5324236708095569,False
valley,uniform,2000,0.001,0.005,1.2891563506700687,False,0.008171557989942442,0.8577010164567412,9.863636363636365,0.8936706126799275,0.5203010332021039,6.0181818181818185,0.5324236708095569,False
valley,uniform,2000,0.001,0.01,1.3504038543663373,False,0.0044688720052392,0.873180820180496,9.957575757575757,0.8942918775690237,0.5203010332021039,6.0181818181818185,0.5324236708095569,False
valley,uniform,2000,0.001,0.02,1.3779814209597627,False,0.002752760025912844,0.8819195902921515,9.957575757575757,0.896055309637357,0.5203010332021039,6.0181818181818185,0.5324236708095569,False
valley,uniform,2000,0.001,0.05,1.3993654987037007,False,0.0012874677390233105,0.8875493284352715,9.990909090909092,0.8956437613291975,0.5203010332021039,6.0181818181818185,0.5324236708095569,False
valley,uniform,2000,0.001,0.1,1.4042823180986799,False,0.0008725894347121041,0.889424500754155,9.978787878787879,0.8966067963609444,0.5203010332021039,6.0181818181818185,0.5324236708095569,False
valley,uniform,2000,0.001,0.2,1.4010166922540637,False,0.0004948741735020679,0.8891647205827727,9.975757575757575,0.8958685468233182,0.5203010332021039,6.0181818181818185,0.5324236708095569,False
valley,uniform,2000,0.001,0.4,1.407198323256994,False,0.00030923844934637563,0.889842335363021,9.984848484848486,0.8967816578425959,0.5203010332021039,6.0181818181818185,0.5324236708095569,False
valley,uniform,2000,0.002,0.001,1.2324329828377758,False,0.0050027444450466705,0.8375979329141742,9.796969696969699,0.8959890698857721,0.5203010332021039,6.0181818181818185,0.5324236708095569,False
valley,uniform,2000,0.002,0.002,1.274808658894741,False,0.004312288552040862,0.8516068947755141,9.821212121212122,0.8974429502068402,0.5203010332021039,6.0181818181818185,0.5324236708095569,False
valley,uniform,2000,0.002,0.005,1.3372385890988105,False,0.0028351980923979067,0.8684204343451922,9.912121212121212,0.8977970811475667,0.5203010332021039,6.0181818181818185,0.5324236708095569,False
valley,uniform,2000,0.002,0.01,1.3777024980752155,False,0.0025316273827379085,0.8794103877498173,9.966666666666667,0.8977746835155503,0.5203010332021039,6.0181818181818185,0.5324236708095569,False
valley,uniform,2000,0.002,0.02,1.3972084165775631,False,0.001478581321771317,0.8859483491339805,9.97272727272727,0.8980383768672789,0.5203010332021039,6.0181818181818185,0.5324236708095569,False
valley,uniform,2000,0.002,0.05,1.4135034429797817,False,0.0005971485142159099,0.890292997847514,9.984848484848484,0.8987501578747411,0.5203010332021039,6.0181818181818185,0.5324236708095569,False
valley,uniform,2000,0.002,0.1,1.41866541595002,False,0.0008547647699084962,0.8917014665695472,9.990909090909092,0.8987409166672929,0.5203010332021039,6.0181818181818185,0.5324236708095569,False
valley,uniform,2000,0.002,0.2,1.4179536966691944,False,0.0002752814016355942,0.8920288449217896,9.984848484848484,0.8986318402935164,0.5203010332021039,6.0181818181818185,0.5324236708095569,False
valley,uniform,2000,0.002,0.4,1.4206922829758686,False,0.0002984743527348776,0.8926614521181095,9.987878787878788,0.8987617756288548,0.5203010332021039,6.0181818181818185,0.5324236708095569,False
valley,uniform,2000,0.004,0.001,1.315469833530555,False,0.0021733083429064585,0.8614607496476064,9.893939393939393,0.8977397149849559,0.5203010332021039,6.0181818181818185,0.5324236708095569,False
valley,uniform,2000,0.004,0.002,1.3361051976484002,False,0.0019618100074302383,0.8673657684909352,9.912121212121212,0.8984075383749778,0.5203010332021039,6.0181818181818185,0.5324236708095569,False
valley,uniform,2000,0.004,0.005,1.372683484520463,False,0.0021418348493913806,0.87709233929101,9.966666666666667,0.8982054650895819,0.5203010332021039,6.0181818181818185,0.5324236708095569,False
valley,uniform,2000,0.004,0.01,1.3994575649941265,False,0.0013578240909196248,0.8847865549710122,9.984848484848486,0.8990958069548624,0.5203010332021039,6.0181818181818185,0.5324236708095569,False
valley,uniform,2000,0.004,0.02,1.4111350773132025,False,0.0007854048706335806,0.8890916757012214,9.984848484848486,0.8991021095106949,0.5203010332021039,6.0181818181818185,0.5324236708095569,False
valley,uniform,2000,0.004,0.05,1.4222274819429048,False,0.0008797916264046627,0.8922413253884737,9.993939393939394,0.8992878767009328,0.5203010332021039,6.0181818181818185,0.5324236708095569,False
valley,uniform,2000,0.004,0.1,1.4240905430959274,False,0.0003518858432717634,0.8929154057510037,9.99090909090909,0.8995482355395527,0.5203010332021039,6.0181818181818185,0.5324236708095569,False
valley,uniform,2000,0.004,0.2,1.4237114429847826,False,0.0001863459030891322,0.8930706361095749,9.987878787878788,0.8994934119374468,0.5203010332021039,6.0181818181818185,0.5324236708095569,False
valley,uniform,2000,0.004,0.4,1.4260109218876476,False,0.00031922149705678935,0.8933742716310142,9.993939393939394,0.8995449118184919,0.5203010332021039,6.0181818181818185,0.5324236708095569,False
valley,uniform,2000,0.008,0.001,1.3799801003613834,False,0.0011062133323872787,0.8789799203856896,9.966666666666667,0.8990986714398526,0.5203010332021039,6.0181818181818185,0.5324236708095569,False
valley,uniform,2000,0.008,0.002,1.3843102271376848,False,0.0010147475851100063,0.8810483730142479,9.966666666666667,0.898647357191487,0.5203010332021039,6.0181818181818185,0.5324236708095569,False
valley,uniform,2000,0.008,0.005,1.3939442870072645,False,0.0007048418540463482,0.8837572219679036,9.96969696969697,0.8993149305274688,0.5203010332021039,6.0181818181818185,0.5324236708095569,False
valley,uniform,2000,0.008,0.01,1.4053547064283496,False,0.0008913969474810377,0.8875412681816512,9.972727272727274,0.8995216381936709,0.5203010332021039,6.0181818181818185,0.5324236708095569,False
valley,uniform,2000,0.008,0.02,1.416295363432222,False,0.0005831651758006717,0.8912047868760854,9.975757575757575,0.899633392143357,0.5203010332021039,6.0181818181818185,0.5324236708095569,False
valley,uniform,2000,0.008,0.05,1.424726307400985,False,0.0003409735791669185,0.8932464572075701,9.987878787878788,0.899698214233192,0.5203010332021039,6.0181818181818185,0.5324236708095569,False
valley,uniform,2000,0.008,0.1,1.4263043733597751,False,0.00028863727067246134,0.8936628117273727,9.99090909090909,0.899607794784019,0.5203010332021039,6.0181818181818185,0.5324236708095569,False
valley,uniform,2000,0.008,0.2,1.4289286203572873,False,0.00017851476877066584,0.8941558059711427,9.993939393939394,0.899838737715374,0.5203010332021039,6.0181818181818185,0.5324236708095569,False
valley,uniform,2000,0.008,0.4,1.428129323638181,False,0.00010591296908630549,0.894346282231834,9.987878787878788,0.8998402894740566,0.5203010332021039,6.0181818181818185,0.5324236708095569,False
valley,uniform,2000,0.012,0.001,1.4021017138346692,False,0.0005461320073446958,0.8852865029179289,9.987878787878788,0.8993403974637628,0.5203010332021039,6.0181818181818185,0.5324236708095569,False
valley,uniform,2000,0.012,0.002,1.404877758023988,False,0.0005062943388349998,0.8863892810557695,9.984848484848486,0.8995188035590252,0.5203010332021039,6.0181818181818185,0.5324236708095569,False
valley,uniform,2000,0.012,0.005,1.4092462840314175,False,0.0004846937529092678,0.8880164856847133,9.984848484848486,0.8995024993008113,0.5203010332021039,6.0181818181818185,0.5324236708095569,False
valley,uniform,2000,0.012,0.01,1.4146164515764612,False,0.000568132746208042,0.8903368605285102,9.97878787878788,0.8996465549972302,0.5203010332021039,6.0181818181818185,0.5324236708095569,False
valley,uniform,2000,0.012,0.02,1.4223773993781195,False,0.0003090449921639448,0.8923629753809093,9.987878787878788,0.8997300314858702,0.5203010332021039,6.0181818181818185,0.5324236708095569,False
valley,uniform,2000,0.012,0.05,1.4265984877305162,False,0.00028413508435570713,0.893584813051679,9.990909090909092,0.8998043149868494,0.5203010332021039,6.0181818181818185,0.5324236708095569,False
valley,uniform,2000,0.012,0.1,1.4276867624604495,False,0.00014637596742968835,0.8939553405087569,9.99090909090909,0.8998297518431809,0.5203010332021039,6.0181818181818185,0.5324236708095569,False
valley,uniform,2000,0.012,0.2,1.4281135797589855,False,0.0001661685117564473,0.8940867586382977,9.990909090909092,0.8998544298119057,0.5203010332021039,6.0181818181818185,0.5324236708095569,False
valley,uniform,2000,0.012,0.4,1.4300995929015834,False,5.7262092164084465e-05,0.8945073477141802,9.993939393939394,0.8999157130285808,0.5203010332021039,6.0181818181818185,0.5324236708095569,False
valley,uniform,2000,0.024,0.001,1.4187912556886557,False,0.0002571468763857724,0.89123733089496,9.984848484848484,0.8997945876780203,0.5203010332021039,6.0181818181818185,0.5324236708095569,False
valley,uniform,2000,0.024,0.002,1.423929271864005,False,0.00018694251082245112,0.8918576260200122,10.0,0.8998376327933881,0.5203010332021039,6.0181818181818185,0.5324236708095569,False
valley,uniform,2000,0.024,0.005,1.4222319984811855,False,0.0002251641164189566,0.8919229422807687,9.99090909090909,0.899883930448226,0.5203010332021039,6.0181818181818185,0.5324236708095569,False
valley,uniform,2000,0.024,0.01,1.42433954166382,False,0.00023119675702402753,0.8927224654344269,9.990909090909092,0.8998492480217033,0.5203010332021039,6.0181818181818185,0.5324236708095569,False
valley,uniform,2000,0.024,0.02,1.4257889359773794,False,0.0001486020184635051,0.8934486419159438,9.987878787878788,0.8998932056391435,0.5203010332021039,6.0181818181818185,0.5324236708095569,False
valley,uniform,2000,0.024,0.05,1.4293782060535032,False,0.0001453322781743462,0.8942336531305979,9.993939393939394,0.8999292085989868,0.5203010332021039,6.0181818181818185,0.5324236708095569,False
valley,uniform,2000,0.024,0.1,1.4287252368720158,False,9.200599440687342e-05,0.8944665756818361,9.987878787878788,0.8999419021135959,0.5203010332021039,6.0181818181818185,0.5324236708095569,False
valley,uniform,2000,0.024,0.2,1.4301315830820904,False,8.571737800494139e-05,0.8944993266670447,9.993939393939394,0.8999366032181956,0.5203010332021039,6.0181818181818185,0.5324236708095569,False
valley,uniform,2000,0.024,0.4,1.4318175492924472,False,4.668455141425197e-05,0.8946296873546561,10.0,0.8999342659362144,0.5203010332021039,6.0181818181818185,0.5324236708095569,False
valley,uniform,2000,0.048,0.001,1.4275771971183802,False,9.338475284689194e-05,0.893597476543647,9.993939393939394,0.8999118455720123,0.5203010332021039,6.0181818181818185,0.5324236708095569,False
valley,uniform,2000,0.048,0.002,1.4268446013655178,False,0.00010518855726410217,0.8936042568407266,9.990909090909092,0.8998785713929003,0.5203010332021039,6.0181818181818185,0.5324236708095569,False
valley,uniform,2000,0.048,0.005,1.4301046917493418,False,7.317641213541761e-05,0.8940362522351234,10.0,0.8999061058099841,0.5203010332021039,6.0181818181818185,0.5324236708095569,False
valley,uniform,2000,0.048,0.01,1.4270126385000954,False,5.501968729870914e-05,0.8941015774584425,9.984848484848486,0.8999264313688501,0.5203010332021039,6.0181818181818185,0.5324236708095569,False
valley,uniform,2000,0.048,0.02,1.426805655649081,False,9.47701078305433e-05,0.8940138497413391,9.984848484848484,0.8999400291192821,0.5203010332021039,6.0181818181818185,0.5324236708095569,False
valley,uniform,2000,0.048,0.05,1.4289606543576643,False,5.195240377829863e-05,0.8943141301574843,9.99090909090909,0.8999388998577845,0.5203010332021039,6.0181818181818185,0.5324236708095569,False
valley,uniform,2000,0.048,0.1,1.4293152449267554,False,6.0181967200794795e-05,0.8944289812205398,9.990909090909092,0.8999532420298869,0.5203010332021039,6.0181818181818185,0.5324236708095569,False
valley,uniform,2000,0.048,0.2,1.4292983333153397,False,5.321680332365673e-05,0.8946553532297581,9.98787878787879,0.8999616196439045,0.5203010332021039,6.0181818181818185,0.5324236708095569,False
valley,uniform,2000,0.048,0.4,1.428619981985625,False,4.0734805519318504e-05,0.8943991614993013,9.98787878787879,0.8999731705791699,0.5203010332021039,6.0181818181818185,0.5324236708095569,False
valley,uniform,2000,0.1,0.001,1.4286536328708537,False,5.469736366669483e-05,0.894418362753541,9.987878787878788,0.8999656820461849,0.5203010332021039,6.0181818181818185,0.5324236708095569,False
valley,uniform,2000,0.1,0.002,1.4293823280320292,False,4.24171365935566e-05,0.8944444168296154,9.990909090909092,0.8999626586655142,0.5203010332021039,6.0181818181818185,0.5324236708095569,False
valley,uniform,2000,0.1,0.005,1.4300628820915797,False,4.1610785530952226e-05,0.8944667232111766,9.993939393939394,0.8999448674009037,0.5203010332021039,6.0181818181818185,0.5324236708095569,False
valley,uniform,2000,0.1,0.01,1.4290850434733715,False,5.431332282611923e-05,0.8945770326102833,9.987878787878788,0.899962891498202,0.5203010332021039,6.0181818181818185,0.5324236708095569,False
valley,uniform,2000,0.1,0.02,1.428102500423142,False,4.443785558271261e-05,0.8944666671662458,9.984848484848486,0.8999577232554636,0.5203010332021039,6.0181818181818185,0.5324236708095569,False
valley,uniform,2000,0.1,0.05,1.4315222616180607,False,3.4737503284744585e-05,0.894758728703276,9.996969696969698,0.8999395992743199,0.5203010332021039,6.0181818181818185,0.5324236708095569,False
valley,uniform,2000,0.1,0.1,1.4298023236707387,False,4.9143554256691934e-05,0.8945950587455126,9.990909090909092,0.8999640152488667,0.5203010332021039,6.0181818181818185,0.5324236708095569,False
valley,uniform,2000,0.1,0.2,1.4296336464955322,False,3.586924729566242e-05,0.8947718095934313,9.987878787878788,0.8999667026983517,0.5203010332021039,6.0181818181818185,0.5324236708095569,False
valley,uniform,2000,0.1,0.4,1.4307504094163395,False,3.185562553603587e-05,0.8946897877828777,9.993939393939394,0.8999721428088439,0.5203010332021039,6.0181818181818185,0.5324236708095569,False
valley,uniform,2000,0.2,0.001,1.4310919043403396,False,3.3010314976327515e-05,0.8948094000487018,9.993939393939394,0.8999762309283441,0.5203010332021039,6.0181818181818185,0.5324236708095569,False
valley,uniform,2000,0.2,0.002,1.429791597839639,False,3.7404056238443694e-05,0.8948231065256197,9.987878787878788,0.8999728828677717,0.5203010332021039,6.0181818181818185,0.5324236708095569,False
valley,uniform,2000,0.2,0.005,1.4300752502673029,False,4.406834067801518e-05,0.894453436411102,9.993939393939394,0.8999638012448578,0.5203010332021039,6.0181818181818185,0.5324236708095569,False
valley,uniform,2000,0.2,0.01,1.4278330437295528,False,5.7075030693941385e-05,0.8943564649176506,9.984848484848486,0.8999712707195459,0.5203010332021039,6.0181818181818185,0.5324236708095569,False
valley,uniform,2000,0.2,0.02,1.4296600474035337,False,4.18428856827055e-05,0.8945438482428526,9.990909090909092,0.8999637544027786,0.5203010332021039,6.0181818181818185,0.5324236708095569,False
valley,uniform,2000,0.2,0.05,1.4310089402485096,False,3.581355434669245e-05,0.8947932234060906,9.993939393939394,0.8999614970278736,0.5203010332021039,6.0181818181818185,0.5324236708095569,False
valley,uniform,2000,0.2,0.1,1.4295253554595775,False,2.9367522461421035e-05,0.8947327256909454,9.987878787878788,0.8999666374868297,0.5203010332021039,6.0181818181818185,0.5324236708095569,False
valley,uniform,2000,0.2,0.2,1.4316280617295554,False,2.7141929680265907e-05,0.8947624371683442,9.996969696969698,0.8999764440138809,0.5203010332021039,6.0181818181818185,0.5324236708095569,False
valley,uniform,2000,0.2,0.4,1.4304933241778675,False,2.9996043812799192e-05,0.8948420977630261,9.990909090909092,0.8999669660702382,0.5203010332021039,6.0181818181818185,0.5324236708095569,False
valley,uniform,10000,0.0002,0.001,1.2941167956476005,False,0.00466712271732544,0.8575358501418936,9.84848484848485,0.897022692027366,0.5203010332021039,6.0181818181818185,0.5324236708095569,False
valley,uniform,10000,0.0002,0.002,1.3513249970685794,False,0.00615234738400501,0.8707562001883772,9.951515151515151,0.8976207067126807,0.5203010332021039,6.0181818181818185,0.5324236708095569,False
valley,uniform,10000,0.0002,0.005,1.3807357777532845,False,0.0037620536704853734,0.8818472948953406,9.987878787878788,0.8946220446531153,0.5203010332021039,6.0181818181818185,0.5324236708095569,False
valley,uniform,10000,0.0002,0.01,1.3990157086754353,False,0.002723002594324667,0.8869601602503977,9.981818181818182,0.896905700260677,0.5203010332021039,6.0181818181818185,0.5324236708095569,False
valley,uniform,10000,0.0002,0.02,1.4074592647393387,False,0.0007890642820317428,0.8895371397574068,9.984848484848486,0.8972069129697542,0.5203010332021039,6.0181818181818185,0.5324236708095569,False
valley,uniform,10000,0.0002,0.05,1.4113281546985406,False,0.0005348335810395194,0.8908061957308582,9.98787878787879,0.8971047476396037,0.5203010332021039,6.0181818181818185,0.5324236708095569,False
valley,uniform,10000,0.0002,0.1,1.4125722675566181,False,0.0001461813801941514,0.8914456018179954,9.987878787878788,0.8969074044857347,0.5203010332021039,6.0181818181818185,0.5324236708095569,False
valley,uniform,10000,0.0002,0.2,1.4137335447958397,False,0.00017189431818629455,0.8921135494031195,9.978787878787879,0.8974198311149569,0.5203010332021039,6.0181818181818185,0.5324236708095569,False
valley,uniform,10000,0.0002,0.4,1.4139005444502883,False,0.00012025414226286595,0.8917021384515271,9.984848484848486,0.897408172488833,0.5203010332021039,6.0181818181818185,0.5324236708095569,False
valley,uniform,10000,0.0005,0.001,1.3284462248385396,False,0.003764971852264135,0.8658519809770872,9.903030303030302,0.8976967816935711,0.5203010332021039,6.0181818181818185,0.5324236708095569,False
valley,uniform,10000,0.0005,0.002,1.3642919914979614,False,0.002754414401023515,0.8755507796331314,9.951515151515153,0.8978024186187973,0.5203010332021039,6.0181818181818185,0.5324236708095569,False
valley,uniform,10000,0.0005,0.005,1.393690344379528,False,0.002078780531471973,0.8853761300102311,9.972727272727274,0.8972725061169515,0.5203010332021039,6.0181818181818185,0.5324236708095569,False
valley,uniform,10000,0.0005,0.01,1.407448734727451,False,0.0011176444740005073,0.8886167179001582,9.984848484848486,0.8981758955678513,0.5203010332021039,6.0181818181818185,0.5324236708095569,False
valley,uniform,10000,0.0005,0.02,1.4160702608884894,False,0.0011601406319427673,0.8913555784900695,9.98787878787879,0.8983607564557037,0.5203010332021039,6.0181818181818185,0.5324236708095569,False
valley,uniform,10000,0.0005,0.05,1.4179159461361532,False,0.00033590736569969674,0.8919752196139629,9.99090909090909,0.8981597235696257,0.5203010332021039,6.0181818181818185,0.5324236708095569,False
valley,uniform,10000,0.0005,0.1,1.4222247351631558,False,0.00014712925305513015,0.8932131540740254,9.984848484848486,0.8990238600470102,0.5203010332021039,6.0181818181818185,0.5324236708095569,False
valley,uniform,10000,0.0005,0.2,1.4209916527935293,False,0.00010605263956098735,0.8927627552005095,9.996969696969698,0.8979970628422794,0.5203010332021039,6.0181818181818185,0.5324236708095569,False
valley,uniform,10000,0.0005,0.4,1.422900502071767,False,0.00015139466237642946,0.8931780737915456,9.993939393939394,0.8985514253021408,0.5203010332021039,6.0181818181818185,0.5324236708095569,False
valley,uniform,10000,0.001,0.001,1.3535068623203452,False,0.0022463749933196867,0.8731064640804712,9.92121212121212,0.89864110423315,0.5203010332021039,6.0181818181818185,0.5324236708095569,False
valley,uniform,10000,0.001,0.002,1.3811320469404733,False,0.002003307408132224,0.8802563894925761,9.963636363636363,0.8984889262579688,0.5203010332021039,6.0181818181818185,0.5324236708095569,False
valley,uniform,10000,0.001,0.005,1.403553442748561,False,0.001912310867708927,0.8873955464423342,9.972727272727274,0.8989783837358846,0.5203010332021039,6.0181818181818185,0.5324236708095569,False
valley,uniform,10000,0.001,0.01,1.4129923238463022,False,0.001147242302368181,0.8904081762235471,9.978787878787879,0.898943758943489,0.5203010332021039,6.0181818181818185,0.5324236708095569,False
valley,uniform,10000,0.001,0.02,1.4207900366878414,False,0.000486172721309162,0.8920782958671097,9.99090909090909,0.8991624719590483,0.5203010332021039,6.0181818181818185,0.5324236708095569,False
valley,uniform,10000,0.001,0.05,1.4222104223509584,False,0.0004170577135299144,0.8930867457643247,9.984848484848484,0.8991529271965576,0.5203010332021039,6.0181818181818185,0.5324236708095569,False
valley,uniform,10000,0.001,0.1,1.4250353186467788,False,0.00018427153853647243,0.8936242111609761,9.99090909090909,0.8991587480137521,0.5203010332021039,6.0181818181818185,0.5324236708095569,False
valley,uniform,10000,0.001,0.2,1.426350513351906,False,0.0001337093050505607,0.8938385731519244,9.990909090909092,0.8994383786940742,0.5203010332021039,6.0181818181818185,0.5324236708095569,False
valley,uniform,10000,0.001,0.4,1.4246787032839716,False,0.0001102820044821338,0.8938815641174908,9.984848484848486,0.8992599452742658,0.5203010332021039,6.0181818181818185,0.5324236708095569,False
valley,uniform,10000,0.002,0.001,1.3898821985031349,False,0.0011460380407515745,0.8818071414494723,9.975757575757576,0.8992518425130362,0.5203010332021039,6.0181818181818185,0.5324236708095569,False
valley,uniform,10000,0.002,0.002,1.3975098003506154,False,0.0011196520977641723,0.8855071592206887,9.966666666666667,0.8991280136397283,0.5203010332021039,6.0181818181818185,0.5324236708095569,False
valley,uniform,10000,0.002,0.005,1.4124518760385614,False,0.0004576252566390906,0.8893947018374586,9.981818181818182,0.8995480440381115,0.5203010332021039,6.0181818181818185,0.5324236708095569,False
valley,uniform,10000,0.002,0.01,1.4139984101679341,False,0.0004264375235274777,0.8912693598945781,9.966666666666667,0.8994444128264236,0.5203010332021039,6.0181818181818185,0.5324236708095569,False
valley,uniform,10000,0.002,0.02,1.4252935702805622,False,0.00028488431057764054,0.893348929898177,9.99090909090909,0.8995516763658117,0.5203010332021039,6.0181818181818185,0.5324236708095569,False
valley,uniform,10000,0.002,0.05,1.4278643624815683,False,0.00018808194844413024,0.8938243168829536,9.993939393939394,0.8997812183975334,0.5203010332021039,6.0181818181818185,0.5324236708095569,False
valley,uniform,10000,0.002,0.1,1.4286103562376735,False,0.00015037638568944598,0.8944391146200448,9.990909090909092,0.8996704917589371,0.5203010332021039,6.0181818181818185,0.5324236708095569,False
valley,uniform,10000,0.002,0.2,1.4285200862112921,False,8.12578509761209e-05,0.8941172047893455,9.993939393939394,0.8997222465160016,0.5203010332021039,6.0181818181818185,0.5324236708095569,False
valley,uniform,10000,0.002,0.4,1.4279573388818865,False,0.00010255736185142548,0.8943563800823796,9.987878787878788,0.8997631704199595,0.5203010332021039,6.0181818181818185,0.5324236708095569,False
valley,uniform,10000,0.004,0.001,1.407353952026071,False,0.0006300915775045346,0.8873113791495971,9.984848484848486,0.8995107444252225,0.5203010332021039,6.0181818181818185,0.5324236708095569,False
valley,uniform,10000,0.004,0.002,1.412062726132634,False,0.000529075556910873,0.8889350293345167,9.984848484848486,0.8996252544801863,0.5203010332021039,6.0181818181818185,0.5324236708095569,False
valley,uniform,10000,0.004,0.005,1.4189537839112494,False,0.00047260476939057746,0.8913580011331671,9.984848484848486,0.8997296820072206,0.5203010332021039,6.0181818181818185,0.5324236708095569,False
valley,uniform,10000,0.004,0.01,1.4246254872395334,False,0.000360514885773081,0.8929307055708532,9.99090909090909,0.8997384536457868,0.5203010332021039,6.0181818181818185,0.5324236708095569,False
valley,uniform,10000,0.004,0.02,1.4260633197339327,False,0.0002617587607776162,0.8934313242704416,9.99090909090909,0.8997611151089256,0.5203010332021039,6.0181818181818185,0.5324236708095569,False
valley,uniform,10000,0.004,0.05,1.4280488062217762,False,0.00015662034341817606,0.8943202160400863,9.98787878787879,0.8998370148912551,0.5203010332021039,6.0181818181818185,0.5324236708095569,False
valley,uniform,10000,0.004,0.1,1.429820698883368,False,8.701591666164965e-05,0.894706114278868,9.990909090909092,0.8998526392504665,0.5203010332021039,6.0181818181818185,0.5324236708095569,False
valley,uniform,10000,0.004,0.2,1.429671849067452,False,7.290005727626024e-05,0.8944133653114461,9.993939393939394,0.8998509297441939,0.5203010332021039,6.0181818181818185,0.5324236708095569,False
valley,uniform,10000,0.004,0.4,1.4285815571910108,False,4.601914522747147e-05,0.8944751443098219,9.987878787878788,0.8998773498249525,0.5203010332021039,6.0181818181818185,0.5324236708095569,False
valley,uniform,10000,0.008,0.001,1.4209772640521325,False,0.00036124018448730106,0.8912723663291112,9.993939393939394,0.8998317897032441,0.5203010332021039,6.0181818181818185,0.5324236708095569,False
valley,uniform,10000,0.008,0.002,1.4210644136684445,False,0.00022314769769489167,0.8918234728495431,9.987878787878788,0.8997952009877924,0.5203010332021039,6.0181818181818185,0.5324236708095569,False
valley,uniform,10000,0.008,0.005,1.4238071158559837,False,0.00020313012561492053,0.8925362961989345,9.99090909090909,0.8998414070250341,0.5203010332021039,6.0181818181818185,0.5324236708095569,False
valley,uniform,10000,0.008,0.01,1.4274086775031716,False,0.00016879793721270115,0.8935987012066291,9.993939393939394,0.8998455401496694,0.5203010332021039,6.0181818181818185,0.5324236708095569,False
valley,uniform,10000,0.008,0.02,1.4266124856925557,False,0.00018310147543001507,0.8939946038616489,9.984848484848484,0.899886019053875,0.5203010332021039,6.0181818181818185,0.5324236708095569,False
valley,uniform,10000,0.008,0.05,1.429022355445571,False,0.00011148819023731611,0.8943819992734975,9.99090909090909,0.8998903609013041,0.5203010332021039,6.0181818181818185,0.5324236708095569,False
valley,uniform,10000,0.008,0.1,1.4308732823335317,False,8.680395655711661e-05,0.8947843681909168,9.993939393939394,0.8999186273406847,0.5203010332021039,6.0181818181818185,0.5324236708095569,False
valley,uniform,10000,0.008,0.2,1.4293964670181913,False,5.955802568749716e-05,0.8944743214527486,9.990909090909092,0.8999362319258325,0.5203010332021039,6.0181818181818185,0.5324236708095569,False
valley,uniform,10000,0.008,0.4,1.4299550523861853,False,4.6156359657971614e-05,0.8946781142604462,9.99090909090909,0.8999343332142985,0.5203010332021039,6.0181818181818185,0.5324236708095569,False
valley,uniform,10000,0.012,0.001,1.4243676940839038,False,0.0001316030719623806,0.8926536682488644,9.99090909090909,0.8999331116463508,0.5203010332021039,6.0181818181818185,0.5324236708095569,False
valley,uniform,10000,0.012,0.002,1.4239092459218101,False,0.0001284687480843524,0.8930447219424987,9.984848484848486,0.8998535666777112,0.5203010332021039,6.0181818181818185,0.5324236708095569,False
valley,uniform,10000,0.012,0.005,1.4259232238870791,False,0.00013027783158655576,0.8934735646899529,9.987878787878788,0.899918499443439,0.5203010332021039,6.0181818181818185,0.5324236708095569,False
valley,uniform,10000,0.012,0.01,1.426442593884539,False,0.0001286616406673173,0.8939027057594084,9.984848484848486,0.8999183371034881,0.5203010332021039,6.0181818181818185,0.5324236708095569,False
valley,uniform,10000,0.012,0.02,1.428408170786197,False,5.028239017672856e-05,0.8941356955083358,9.99090909090909,0.8999159304768604,0.5203010332021039,6.0181818181818185,0.5324236708095569,False
valley,uniform,10000,0.012,0.05,1.4300617961291586,False,4.369099597754688e-05,0.8946965215201496,9.99090909090909,0.8999558647270859,0.5203010332021039,6.0181818181818185,0.5324236708095569,False
valley,uniform,10000,0.012,0.1,1.428736294515629,False,5.4097342295679655e-05,0.8944674594264699,9.98787878787879,0.8999452244569485,0.5203010332021039,6.0181818181818185,0.5324236708095569,False
valley,uniform,10000,0.012,0.2,1.4302632550455028,False,4.3255688448436204e-05,0.8945240915004044,9.993939393939394,0.899960979009586,0.5203010332021039,6.0181818181818185,0.5324236708095569,False
valley,uniform,10000,0.012,0.4,1.4280163369752363,False,2.1965423374813307e-05,0.8944251601768839,9.984848484848486,0.899968740099179,0.5203010332021039,6.0181818181818185,0.5324236708095569,False
valley,uniform,10000,0.024,0.001,1.4266676658142265,False,7.723452341766219e-05,0.894204716275702,9.981818181818182,0.8999394155798918,0.5203010332021039,6.0181818181818185,0.5324236708095569,False
valley,uniform,10000,0.024,0.002,1.4281696564886206,False,6.468575998120639e-05,0.8940359695942585,9.990909090909092,0.8999301532475842,0.5203010332021039,6.0181818181818185,0.5324236708095569,False
valley,uniform,10000,0.024,0.005,1.4288279444504304,False,5.1996947422037736e-05,0.8942755194176323,9.990909090909092,0.8999288618757538,0.5203010332021039,6.0181818181818185,0.5324236708095569,False
valley,uniform,10000,0.024,0.01,1.4292801747044261,False,7.164905220783367e-05,0.894186356751022,9.993939393939394,0.8999417891415226,0.5203010332021039,6.0181818181818185,0.5324236708095569,False
valley,uniform,10000,0.024,0.02,1.4280710609084806,False,4.9921164100543706e-05,0.8944499147101249,9.984848484848486,0.899963457047423,0.5203010332021039,6.0181818181818185,0.5324236708095569,False
valley,uniform,10000,0.024,0.05,1.4289068543623549,False,5.4469829400253836e-05,0.8945247040738673,9.987878787878788,0.89994997043212,0.5203010332021039,6.0181818181818185,0.5324236708095569,False
valley,uniform,10000,0.024,0.1,1.4295718771466186,False,4.0676682360831076e-05,0.8947417198895679,9.987878787878788,0.8999749829543223,0.5203010332021039,6.0181818181818185,0.5324236708095569,False
valley,uniform,10000,0.024,0.2,1.429584551159805,False,3.4157411032911475e-05,0.8947544270844606,9.987878787878788,0.8999663144142541,0.5203010332021039,6.0181818181818185,0.5324236708095569,False
valley,uniform,10000,0.024,0.4,1.4303909341158527,False,2.0555176683506193e-05,0.8945587943332756,9.993939393939394,0.8999732155843048,0.5203010332021039,6.0181818181818185,0.5324236708095569,False
valley,uniform,10000,0.048,0.001,1.4297130767192938,False,3.1258923223008714e-05,0.8945672870952439,9.99090909090909,0.8999592123284225,0.5203010332021039,6.0181818181818185,0.5324236708095569,False
valley,uniform,10000,0.048,0.002,1.429022457356141,False,3.559243093289109e-05,0.8945456432161252,9.987878787878788,0.8999722259305726,0.5203010332021039,6.0181818181818185,0.5324236708095569,False
valley,uniform,10000,0.048,0.005,1.430769941873532,False,3.047630034788196e-05,0.8947039756540948,9.993939393939394,0.8999645415334037,0.5203010332021039,6.0181818181818185,0.5324236708095569,False
valley,uniform,10000,0.048,0.01,1.4291399016177895,False,2.7533413357063715e-05,0.8945918025057912,9.987878787878788,0.8999682969363708,0.5203010332021039,6.0181818181818185,0.5324236708095569,False
valley,uniform,10000,0.048,0.02,1.4279846602075594,False,3.4058364650172164e-05,0.8944290336533505,9.984848484848486,0.8999523954281908,0.5203010332021039,6.0181818181818185,0.5324236708095569,False
valley,uniform,10000,0.048,0.05,1.4299370776851617,False,3.0018762150849745e-05,0.8946489610337683,9.990909090909092,0.8999584968386246,0.5203010332021039,6.0181818181818185,0.5324236708095569,False
valley,uniform,10000,0.048,0.1,1.4307627980040754,False,2.798796833078303e-05,0.8946938234831491,9.993939393939394,0.8999726155923785,0.5203010332021039,6.0181818181818185,0.5324236708095569,False
valley,uniform,10000,0.048,0.2,1.4283420649830145,False,2.086249434408918e-05,0.8945372896061304,9.984848484848486,0.8999748164812468,0.5203010332021039,6.0181818181818185,0.5324236708095569,False
valley,uniform,10000,0.048,0.4,1.4286059203090358,False,2.2411866293457426e-05,0.8943946924115423,9.987878787878788,0.8999725111161725,0.5203010332021039,6.0181818181818185,0.5324236708095569,False
valley,uniform,10000,0.1,0.001,1.4278634571528819,False,3.417680867853036e-05,0.8946080815240096,9.981818181818182,0.8999706337591159,0.5203010332021039,6.0181818181818185,0.5324236708095569,False
valley,uniform,10000,0.1,0.002,1.4290489890842701,False,3.080169140523564e-05,0.8947962551939931,9.984848484848486,0.8999712238774666,0.5203010332021039,6.0181818181818185,0.5324236708095569,False
valley,uniform,10000,0.1,0.005,1.4294551476363666,False,3.564607997834877e-05,0.8947068598075735,9.987878787878788,0.8999671548162632,0.5203010332021039,6.0181818181818185,0.5324236708095569,False
valley,uniform,10000,0.1,0.01,1.431260752311289,False,3.0081621709785418e-05,0.8946371491637258,9.996969696969698,0.8999684381514624,0.5203010332021039,6.0181818181818185,0.5324236708095569,False
valley,uniform,10000,0.1,0.02,1.4300529003316125,False,1.9743708339360414e-05,0.8949255228322351,9.987878787878788,0.8999643546243229,0.5203010332021039,6.0181818181818185,0.5324236708095569,False
valley,uniform,10000,0.1,0.05,1.431492033378979,False,3.8009260646438204e-05,0.8949680831030257,9.993939393939394,0.8999611863546719,0.5203010332021039,6.0181818181818185,0.5324236708095569,False
valley,uniform,10000,0.1,0.1,1.4317503710112833,False,2.929839136696701e-05,0.8948101514343008,9.996969696969698,0.8999727035360859,0.5203010332021039,6.0181818181818185,0.5324236708095569,False
valley,uniform,10000,0.1,0.2,1.4313567797693685,False,2.3578465638171433e-05,0.8949136152484236,9.993939393939394,0.8999671646898387,0.5203010332021039,6.0181818181818185,0.5324236708095569,False
valley,uniform,10000,0.1,0.4,1.4307712325263493,False,4.068041724551761e-05,0.8949362878866808,9.990909090909092,0.8999736162677762,0.5203010332021039,6.0181818181818185,0.5324236708095569,False
valley,uniform,10000,0.2,0.001,1.4290791241157281,False,2.434968593793685e-05,0.8948052938109615,9.984848484848486,0.8999732011183686,0.5203010332021039,6.0181818181818185,0.5324236708095569,False
valley,uniform,10000,0.2,0.002,1.4286449071827039,False,2.7933693858735e-05,0.8944031628980366,9.987878787878788,0.8999785176943577,0.5203010332021039,6.0181818181818185,0.5324236708095569,False
valley,uniform,10000,0.2,0.005,1.429802361733079,False,2.4682556748746123e-05,0.8945789584333718,9.990909090909092,0.8999811982553015,0.5203010332021039,6.0181818181818185,0.5324236708095569,False
valley,uniform,10000,0.2,0.01,1.4311029227441425,False,2.4224381131397073e-05,0.8948152701264142,9.993939393939394,0.8999742167189386,0.5203010332021039,6.0181818181818185,0.5324236708095569,False
valley,uniform,10000,0.2,0.02,1.431173531884392,False,2.423277854160797e-05,0.8948450091956898,9.993939393939394,0.8999697132204124,0.5203010332021039,6.0181818181818185,0.5324236708095569,False
valley,uniform,10000,0.2,0.05,1.429593370382027,False,2.7264020682163e-05,0.8947442675578915,9.98787878787879,0.8999805534878585,0.5203010332021039,6.0181818181818185,0.5324236708095569,False
valley,uniform,10000,0.2,0.1,1.4306820565513174,False,2.1167079259421945e-05,0.8949034772823218,9.990909090909092,0.899974245650811,0.5203010332021039,6.0181818181818185,0.5324236708095569,False
valley,uniform,10000,0.2,0.2,1.4292255263953388,False,3.022370665045227e-05,0.8948521563695236,9.984848484848486,0.8999796545332504,0.5203010332021039,6.0181818181818185,0.5324236708095569,False
valley,uniform,10000,0.2,0.4,1.4309951813346053,False,2.4700317302928738e-05,0.8947757525728891,9.993939393939394,0.899974830947183,0.5203010332021039,6.0181818181818185,0.5324236708095569,False
cmv,pooled,120,0.0002,0.001,0.8882743683748519,False,0.13463095600759167,0.10306981190465242,1.7777777777777777,0.3831238410707054,0.3076890351829412,5.0256410256410255,0.3278923981582379,False
cmv,pooled,120,0.0002,0.002,0.7921136793816642,False,0.09623062684114544,0.12344013356088811,1.735042735042735,0.3506585344492452,0.3076890351829412,5.0256410256410255,0.3278923981582379,False
cmv,pooled,120,0.0002,0.005,0.5600477462948482,False,0.0746277644291566,0.17509333202103552,2.0042735042735043,0.2906395200291611,0.3076890351829412,5.0256410256410255,0.3278923981582379,False
cmv,pooled,120,0.0002,0.01,0.5009290859167846,False,0.037569345983846175,0.21180224513172272,2.0811965811965814,0.2472068806024453,0.3076890351829412,5.0256410256410255,0.3278923981582379,False
cmv,pooled,120,0.0002,0.02,0.3643427006685613,False,0.02417639027632293,0.23418058081744772,2.388888888888889,0.26923802897973936,0.3076890351829412,5.0256410256410255,0.3278923981582379,False
cmv,pooled,120,0.0002,0.05,0.23463417879058082,False,0.009967530912969683,0.3261424588940435,2.6324786324786325,0.3493434203787587,0.3076890351829412,5.0256410256410255,0.3278923981582379,False
cmv,pooled,120,0.0002,0.1,0.8046604868664033,False,0.007007662192832673,0.15338684318664383,2.358974358974359,0.1570036810084247,0.3076890351829412,5.0256410256410255,0.3278923981582379,False
cmv,pooled,120,0.0002,0.2,0.6483789763763482,False,0.008441597389722803,0.18297921091321026,2.243589743589743,0.1896864528990382,0.3076890351829412,5.0256410256410255,0.3278923981582379,False
cmv,pooled,120,0.0002,0.4,0.5804146877033025,False,0.005098294726326797,0.19006915934210092,2.316239316239316,0.20362175129892213,0.3076890351829412,5.0256410256410255,0.3278923981582379,False
cmv,pooled,120,0.0005,0.001,0.7852192120169249,False,0.05353298407138063,0.11789891374548318,1.8974358974358976,0.2847598119530231,0.3076890351829412,5.0256410256410255,0.3278923981582379,False
cmv,pooled,120,0.0005,0.002,0.925720989828285,False,0.10580053464607922,0.10173605912608957,1.8119658119658117,0.24189820162968348,0.3076890351829412,5.0256410256410255,0.3278923981582379,False
cmv,pooled,120,0.0005,0.005,0.26182919492938356,False,0.0573867606281319,0.2558771883792793,2.7478632478632474,0.3828134446241091,0.3076890351829412,5.0256410256410255,0.3278923981582379,False
cmv,pooled,120,0.0005,0.01,0.5496668738745575,False,0.05085492606922705,0.1700227250505206,2.4743589743589745,0.22856191719561256,0.3076890351829412,5.0256410256410255,0.3278923981582379,False
cmv,pooled,120,0.0005,0.02,0.31199357176847475,False,0.018319868740224617,0.22585433757275264,2.7820512820512824,0.2607285372305343,0.3076890351829412,5.0256410256410255,0.3278923981582379,False
cmv,pooled,120,0.0005,0.05,0.2667701288525357,False,0.018670789004367014,0.2298444699139889,3.05982905982906,0.2547503400511791,0.3076890351829412,5.0256410256410255,0.3278923981582379,False
cmv,pooled,120,0.0005,0.1,0.19736482212497714,False,0.007090219865192399,0.25140520254532506,3.192307692307693,0.2703219034299015,0.3076890351829412,5.0256410256410255,0.3278923981582379,False
cmv,pooled,120,0.0005,0.2,0.32948819714911504,False,0.013505132636212131,0.20911397928551886,3.1965811965811963,0.22715235992602256,0.3076890351829412,5.0256410256410255,0.3278923981582379,False
cmv,pooled,120,0.0005,0.4,0.842298000312817,False,0.007421182400037219,0.12930534052151285,3.2863247863247866,0.12406907858712644,0.3076890351829412,5.0256410256410255,0.3278923981582379,False
cmv,pooled,120,0.001,0.001,0.7031797849481017,False,0.052522447950950846,0.12733366582394057,2.0128205128205128,0.33260806971277224,0.3076890351829412,5.0256410256410255,0.3278923981582379,False
cmv,pooled,120,0.001,0.002,0.5778968825527971,False,0.05214218607607861,0.14929152179930852,2.26068376068376,0.2947875686829608,0.3076890351829412,5.0256410256410255,0.3278923981582379,False
cmv,pooled,120,0.001,0.005,0.35381504191705254,False,0.061988461412934494,0.1999837207204749,2.611111111111111,0.3208739840772156,0.3076890351829412,5.0256410256410255,0.3278923981582379,False
cmv,pooled,120,0.001,0.01,0.2385052052031908,False,0.020883274119201024,0.22675995320154776,3.0683760683760686,0.28433246229254755,0.3076890351829412,5.0256410256410255,0.3278923981582379,False
cmv,pooled,120,0.001,0.02,0.05794145752509274,False,0.017960543797820163,0.3054540841451163,3.854700854700855,0.34757377348915264,0.3076890351829412,5.0256410256410255,0.3278923981582379,False
cmv,pooled,120,0.001,0.05,0.2778329836725647,False,0.01195438821464262,0.21898744106444903,3.5769230769230766,0.21834057600016535,0.3076890351829412,5.0256410256410255,0.3278923981582379,False
cmv,pooled,120,0.001,0.1,0.09417608974339543,False,0.013934611338198673,0.3744415083421784,4.683760683760684,0.3954748481593786,0.3076890351829412,5.0256410256410255,0.3278923981582379,False
cmv,pooled,120,0.001,0.2,0.18953705657818598,False,0.016619932355314768,0.22933137164651454,3.9786324786324783,0.23441145545493627,0.3076890351829412,5.0256410256410255,0.3278923981582379,False
cmv,pooled,120,0.001,0.4,0.14413183900247153,False,0.011866514207979035,0.2491913787904461,3.991452991452991,0.24388530963453717,0.3076890351829412,5.0256410256410255,0.3278923981582379,False
cmv,pooled,120,0.002,0.001,0.5139644582197848,False,0.04831794376593788,0.16114371304946795,2.3547008547008548,0.30548063986696333,0.3076890351829412,5.0256410256410255,0.3278923981582379,False
cmv,pooled,120,0.002,0.002,0.40126686222462477,False,0.07161700989554556,0.1836435274385967,2.5726495726495724,0.3352111894654028,0.3076890351829412,5.0256410256410255,0.3278923981582379,False
cmv,pooled,120,0.002,0.005,0.272044783641661,False,0.03294542506060166,0.2120696071164294,3.0598290598290596,0.2787461279576078,0.3076890351829412,5.0256410256410255,0.3278923981582379,False
cmv,pooled,120,0.002,0.01,0.10723821330407708,False,0.03252372759510472,0.2533486340062935,3.6452991452991452,0.319795896017639,0.3076890351829412,5.0256410256410255,0.3278923981582379,False
cmv,pooled,120,0.002,0.02,0.08485971908049332,False,0.01730189713855155,0.33995247521188804,4.047008547008547,0.3900586827237385,0.3076890351829412,5.0256410256410255,0.3278923981582379,False
cmv,pooled,120,0.002,0.05,0.001345104928462854,True,0.00751371493066684,0.3075025645140009,4.8418803418803416,0.3288061410942514,0.3076890351829412,5.0256410256410255,0.3278923981582379,False
cmv,pooled,120,0.002,0.1,0.0025412072090916513,True,0.010285645757701233,0.304180798543569,5.085470085470085,0.31227191007864286,0.3076890351829412,5.0256410256410255,0.3278923981582379,False
cmv,pooled,120,0.002,0.2,0.015625705072490254,True,0.008192043247135801,0.3300918579297531,5.431623931623932,0.3481014108939964,0.3076890351829412,5.0256410256410255,0.3278923981582379,False
cmv,pooled,120,0.002,0.4,0.006398141609964953,True,0.007638019253062551,0.3138789508436495,5.41025641025641,0.3317232088828182,0.3076890351829412,5.0256410256410255,0.3278923981582379,False
cmv,pooled,120,0.004,0.001,0.2466620358456836,False,0.05690207100021431,0.23845753824884217,2.9957264957264957,0.3873579628037022,0.3076890351829412,5.0256410256410255,0.3278923981582379,False
cmv,pooled,120,0.004,0.002,0.23556423207768687,False,0.038394480352705485,0.21410607260927939,3.1452991452991452,0.3097236634197912,0.3076890351829412,5.0256410256410255,0.3278923981582379,False
cmv,pooled,120,0.004,0.005,0.09063443398781368,False,0.02709993480426852,0.26408551003588815,3.692307692307693,0.32368653129154584,0.3076890351829412,5.0256410256410255,0.3278923981582379,False
cmv,pooled,120,0.004,0.01,0.033352423087286726,False,0.02710223239116913,0.28395711250084343,4.205128205128205,0.3368594758472234,0.3076890351829412,5.0256410256410255,0.3278923981582379,False
cmv,pooled,120,0.004,0.02,0.0014153833766975476,True,0.008812172130935261,0.3029298519243938,5.0256410256410255,0.33913743201863383,0.3076890351829412,5.0256410256410255,0.3278923981582379,False
cmv,pooled,120,0.004,0.05,0.006928998782990411,True,0.006445707195537164,0.3128060714251008,5.397435897435898,0.3391532168601447,0.3076890351829412,5.0256410256410255,0.3278923981582379,False
cmv,pooled,120,0.004,0.1,0.08553305318099279,False,0.005356632270746424,0.3337676590089043,6.427350427350427,0.3356360758598214,0.3076890351829412,5.0256410256410255,0.3278923981582379,False
cmv,pooled,120,0.004,0.2,0.10043927611614178,False,0.004765783679920317,0.2888194682200861,6.478632478632478,0.29037708042341853,0.3076890351829412,5.0256410256410255,0.3278923981582379,False
cmv,pooled,120,0.004,0.4,0.09878085196990226,False,0.0032813671140206804,0.32409107240768775,6.581196581196582,0.3316909579592679,0.3076890351829412,5.0256410256410255,0.3278923981582379,False
cmv,pooled,120,0.008,0.001,0.09025521121784771,False,0.02693225466272453,0.2533366771650844,3.820512820512821,0.31498762975202027,0.3076890351829412,5.0256410256410255,0.3278923981582379,False
cmv,pooled,120,0.008,0.002,0.07382446162752082,False,0.016363677491983954,0.26134149060916295,3.9059829059829063,0.3151942948664555,0.3076890351829412,5.0256410256410255,0.3278923981582379,False
cmv,pooled,120,0.008,0.005,0.02730837281450128,False,0.016605818709747693,0.27241134075364287,4.452991452991452,0.3391525356196164,0.3076890351829412,5.0256410256410255,0.3278923981582379,False
cmv,pooled,120,0.008,0.01,0.0027451217029805064,True,0.010873310409793249,0.29161968267569244,5.034188034188034,0.32914867630894507,0.3076890351829412,5.0256410256410255,0.3278923981582379,False
cmv,pooled,120,0.008,0.02,0.01276348783332122,False,0.007028510752651535,0.3056888164811795,5.585470085470085,0.3220962085093157,0.3076890351829412,5.0256410256410255,0.3278923981582379,False
cmv,pooled,120,0.008,0.05,0.07108576812316353,False,0.003864652288747693,0.3145632770581047,6.337606837606837,0.31170496011062543,0.3076890351829412,5.0256410256410255,0.3278923981582379,False
cmv,pooled,120,0.008,0.1,0.13751812475927538,False,0.002190064968324788,0.3053542694252599,6.867521367521367,0.3095164084507522,0.3076890351829412,5.0256410256410255,0.3278923981582379,False
cmv,pooled,120,0.008,0.2,0.2440676789477065,False,0.004626403599746004,0.3163869674544801,7.5,0.3182596238558668,0.3076890351829412,5.0256410256410255,0.3278923981582379,False
cmv,pooled,120,0.008,0.4,0.28961847580441485,False,0.002113687656226447,0.30962370939285777,7.722222222222221,0.31446344424278055,0.3076890351829412,5.0256410256410255,0.3278923981582379,False
cmv,pooled,120,0.012,0.001,0.026175294173138998,False,0.013111397681332796,0.2756099899976994,4.435897435897435,0.31504479580172395,0.3076890351829412,5.0256410256410255,0.3278923981582379,False
cmv,pooled,120,0.012,0.002,0.014252097407266696,False,0.018338048509899847,0.31162443471501716,4.722222222222221,0.36140080449189393,0.3076890351829412,5.0256410256410255,0.3278923981582379,False
cmv,pooled,120,0.012,0.005,0.0011281189714930626,True,0.015380063659966697,0.2984393712602769,4.970085470085469,0.33120737687786234,0.3076890351829412,5.0256410256410255,0.3278923981582379,True
cmv,pooled,120,0.012,0.01,0.008556375173327736,True,0.008294217653292907,0.28917079550233016,5.286324786324786,0.3123613145901798,0.3076890351829412,5.0256410256410255,0.3278923981582379,False
cmv,pooled,120,0.012,0.02,0.04099008306159323,False,0.010069869331096642,0.30259479384947374,6.021367521367522,0.31536035970696213,0.3076890351829412,5.0256410256410255,0.3278923981582379,False
cmv,pooled,120,0.012,0.05,0.1667334618212288,False,0.0022344549371690506,0.30769411807499003,7.076923076923077,0.3240655917987147,0.3076890351829412,5.0256410256410255,0.3278923981582379,False
cmv,pooled,120,0.012,0.1,0.28709995651964304,False,0.0033180979499283095,0.31440360543191437,7.709401709401708,0.3153928557109464,0.3076890351829412,5.0256410256410255,0.3278923981582379,False
cmv,pooled,120,0.012,0.2,0.3925110795281372,False,0.0016481556673666163,0.3281404030522474,8.153846153846153,0.3362546090283345,0.3076890351829412,5.0256410256410255,0.3278923981582379,False
cmv,pooled,120,0.012,0.4,0.3932832793687441,False,0.00185403668266072,0.3233094859748287,8.166666666666666,0.3249415383471206,0.3076890351829412,5.0256410256410255,0.3278923981582379,False
cmv,pooled,120,0.024,0.001,0.02511171858685485,False,0.007450979151849708,0.31218269316724195,5.816239316239316,0.32386226227052517,0.3076890351829412,5.0256410256410255,0.3278923981582379,False
cmv,pooled,120,0.024,0.002,0.024487915285326362,False,0.004369160782589291,0.2949076838340908,5.756410256410256,0.31469977655144515,0.3076890351829412,5.0256410256410255,0.3278923981582379,False
cmv,pooled,120,0.024,0.005,0.0426701930402177,False,0.005522982700983057,0.3153056084491835,6.047008547008548,0.33689880917992543,0.3076890351829412,5.0256410256410255,0.3278923981582379,False
cmv,pooled,120,0.024,0.01,0.0664902788457583,False,0.006009035520074705,0.3099255445573168,6.320512820512821,0.32552011509708273,0.3076890351829412,5.0256410256410255,0.3278923981582379,False
cmv,pooled,120,0.024,0.02,0.12967316118407066,False,0.004169619238151468,0.3115946644560444,6.8247863247863245,0.31583189030804576,0.3076890351829412,5.0256410256410255,0.3278923981582379,False
cmv,pooled,120,0.024,0.05,0.27115537884700774,False,0.0034680077494345946,0.31805450194606266,7.636752136752136,0.3249567541035561,0.3076890351829412,5.0256410256410255,0.3278923981582379,False
cmv,pooled,120,0.024,0.1,0.4935490212246901,False,0.0014290695426078534,0.3233664231097366,8.547008547008547,0.3278082691068902,0.3076890351829412,5.0256410256410255,0.3278923981582379,False
cmv,pooled,120,0.024,0.2,0.5544306840103945,False,0.0011586322229034081,0.32526465675989996,8.756410256410257,0.33098320305106693,0.3076890351829412,5.0256410256410255,0.3278923981582379,False
cmv,pooled,120,0.024,0.4,0.6207074683399497,False,0.0008833271305138763,0.3255202093798111,8.974358974358976,0.3274168881155313,0.3076890351829412,5.0256410256410255,0.3278923981582379,False
cmv,pooled,120,0.048,0.001,0.1882913753788158,False,0.0021459395393029442,0.31712316370661603,7.200854700854701,0.32917923659289144,0.3076890351829412,5.0256410256410255,0.3278923981582379,False
cmv,pooled,120,0.048,0.002,0.21434962641033634,False,0.0024129273550138235,0.3122676162510942,7.346153846153847,0.31789695881434105,0.3076890351829412,5.0256410256410255,0.3278923981582379,False
cmv,pooled,120,0.048,0.005,0.2511615609780201,False,0.002962049538461179,0.315786198188077,7.538461538461539,0.3207912299686415,0.3076890351829412,5.0256410256410255,0.3278923981582379,False
cmv,pooled,120,0.048,0.01,0.26065160676122456,False,0.0028116258669917456,0.3173095132259635,7.585470085470085,0.32288997418812876,0.3076890351829412,5.0256410256410255,0.3278923981582379,False
cmv,pooled,120,0.048,0.02,0.2689428476323282,False,0.0018395683304761401,0.3195218677737119,7.623931623931623,0.3236441489920889,0.3076890351829412,5.0256410256410255,0.3278923981582379,False
cmv,pooled,120,0.048,0.05,0.41391915531391443,False,0.0011442885612534754,0.3203287031442594,8.252136752136751,0.3304090003637658,0.3076890351829412,5.0256410256410255,0.3278923981582379,False
cmv,pooled,120,0.048,0.1,0.5553126736325101,False,0.0008731254544889047,0.3244579982544015,8.760683760683762,0.3280595596298392,0.3076890351829412,5.0256410256410255,0.3278923981582379,False
cmv,pooled,120,0.048,0.2,0.6677189173539904,False,0.000886879296964556,0.31890753616869094,9.128205128205128,0.3281341388520728,0.3076890351829412,5.0256410256410255,0.3278923981582379,False
cmv,pooled,120,0.048,0.4,0.7976271248383725,False,0.000518393383173627,0.3211672317212652,9.508547008547009,0.32975144540547546,0.3076890351829412,5.0256410256410255,0.3278923981582379,False
cmv,pooled,120,0.1,0.001,0.441167455389442,False,0.001606247050175673,0.3185160045869378,8.35897435897436,0.3269425287046927,0.3076890351829412,5.0256410256410255,0.3278923981582379,False
cmv,pooled,120,0.1,0.002,0.47783307184143675,False,0.0008351705010968406,0.31717833205466894,8.495726495726496,0.32423286127186307,0.3076890351829412,5.0256410256410255,0.3278923981582379,False
cmv,pooled,120,0.1,0.005,0.5015367898296137,False,0.002195269020982709,0.32213240661674325,8.576923076923077,0.3285130705881663,0.3076890351829412,5.0256410256410255,0.3278923981582379,False
cmv,pooled,120,0.1,0.01,0.49304282097827895,False,0.0011373955907157693,0.32146570007714936,8.547008547008547,0.3248656631063209,0.3076890351829412,5.0256410256410255,0.3278923981582379,False
cmv,pooled,120,0.1,0.02,0.5367110966931649,False,0.0008259761344147256,0.32483011210238927,8.696581196581196,0.32531432230283613,0.3076890351829412,5.0256410256410255,0.3278923981582379,False
cmv,pooled,120,0.1,0.05,0.6142851862976237,False,0.0009607342715901152,0.3195389256625091,8.957264957264956,0.3186853534931347,0.3076890351829412,5.0256410256410255,0.3278923981582379,False
cmv,pooled,120,0.1,0.1,0.7114273388484927,False,0.0006950849177731991,0.3237502032614014,9.256410256410257,0.32909620001873235,0.3076890351829412,5.0256410256410255,0.3278923981582379,False
cmv,pooled,120,0.1,0.2,0.7645156425694086,False,0.0005272026178451139,0.3208354450580655,9.414529914529915,0.3299244098832847,0.3076890351829412,5.0256410256410255,0.3278923981582379,False
cmv,pooled,120,0.1,0.4,0.9021960622198717,False,0.0004767521012933347,0.31945039208840226,9.794871794871794,0.323583888282668,0.3076890351829412,5.0256410256410255,0.3278923981582379,False
cmv,pooled,120,0.2,0.001,0.6991543188627771,False,0.0006037449996262945,0.32084144807326026,9.222222222222223,0.32568522038538167,0.3076890351829412,5.0256410256410255,0.3278923981582379,False
cmv,pooled,120,0.2,0.002,0.6799043606978865,False,0.000555685838321728,0.31715659086126924,9.166666666666666,0.3266137346099249,0.3076890351829412,5.0256410256410255,0.3278923981582379,False
cmv,pooled,120,0.2,0.005,0.7038781380521947,False,0.0006155599920106768,0.32253490812902147,9.235042735042734,0.32828380407303076,0.3076890351829412,5.0256410256410255,0.3278923981582379,False
cmv,pooled,120,0.2,0.01,0.6867901898334455,False,0.0006153687689652765,0.3221783346319653,9.183760683760683,0.32669152480123437,0.3076890351829412,5.0256410256410255,0.3278923981582379,False
cmv,pooled,120,0.2,0.02,0.7055142835372413,False,0.0005041328079528396,0.32201411660943313,9.23931623931624,0.3215610026883579,0.3076890351829412,5.0256410256410255,0.3278923981582379,False
cmv,pooled,120,0.2,0.05,0.747541414665235,False,0.0005900024936753971,0.31807060064514103,9.36752136752137,0.32822594432108176,0.3076890351829412,5.0256410256410255,0.3278923981582379,False
cmv,pooled,120,0.2,0.1,0.788758258834169,False,0.0006413132846980636,0.3217583729594422,9.482905982905983,0.33058331901482046,0.3076890351829412,5.0256410256410255,0.3278923981582379,False
cmv,pooled,120,0.2,0.2,0.8043187427451697,False,0.0005510883279334693,0.3273538120077482,9.521367521367521,0.32768456164240645,0.3076890351829412,5.0256410256410255,0.3278923981582379,False
cmv,pooled,120,0.2,0.4,0.9274936949840833,False,0.0006209793574138299,0.33079378663952547,9.850427350427351,0.33240843300671497,0.3076890351829412,5.0256410256410255,0.3278923981582379,False
cmv,pooled,2000,0.0002,0.001,0.07316645933718101,False,0.017960464985550546,0.30977400955067635,3.7136752136752134,0.35101086041958135,0.3076890351829412,5.0256410256410255,0.3278923981582379,False
cmv,pooled,2000,0.0002,0.002,0.043255173610395214,False,0.010733008309541952,0.2845382180947665,4.089743589743589,0.3101910318074028,0.3076890351829412,5.0256410256410255,0.3278923981582379,False
cmv,pooled,2000,0.0002,0.005,0.07468491162864987,False,0.007857124824990503,0.3668590947594483,5.683760683760684,0.37490269268294335,0.3076890351829412,5.0256410256410255,0.3278923981582379,False
cmv,pooled,2000,0.0002,0.01,0.03711279211730412,False,0.003800708355288857,0.2845309668434761,5.739316239316239,0.29306455769220824,0.3076890351829412,5.0256410256410255,0.3278923981582379,False
cmv,pooled,2000,0.0002,0.02,0.037003973575140195,False,0.002047813394052995,0.32130887893435006,5.965811965811966,0.3256303057525462,0.3076890351829412,5.0256410256410255,0.3278923981582379,False
cmv,pooled,2000,0.0002,0.05,0.1394525838806079,False,0.0011835788547859168,0.2640679277456904,6.478632478632478,0.2658817438222243,0.3076890351829412,5.0256410256410255,0.3278923981582379,False
cmv,pooled,2000,0.0002,0.1,0.0897789069427894,False,0.0015599355222385772,0.30809920196479224,6.517094017094017,0.31435133863680736,0.3076890351829412,5.0256410256410255,0.3278923981582379,False
cmv,pooled,2000,0.0002,0.2,0.05111904901669228,False,0.000987927630401538,0.27587371220684326,5.645299145299146,0.2758157136701529,0.3076890351829412,5.0256410256410255,0.3278923981582379,False
cmv,pooled,2000,0.0002,0.4,0.07347280420800861,False,0.0010180085089678986,0.3100615911773132,6.371794871794872,0.31450933659252084,0.3076890351829412,5.0256410256410255,0.3278923981582379,False
cmv,pooled,2000,0.0005,0.001,0.11983096802749324,False,0.016047619330592396,0.2488833953372799,3.7008547008547006,0.2893512360353377,0.3076890351829412,5.0256410256410255,0.3278923981582379,False
cmv,pooled,2000,0.0005,0.002,0.014993433035850743,False,0.011789457085456709,0.2884576977021933,4.512820512820513,0.3193764013927681,0.3076890351829412,5.0256410256410255,0.3278923981582379,False
cmv,pooled,2000,0.0005,0.005,0.03184082471864435,False,0.00897849361403662,0.3358922345440199,5.760683760683761,0.3427291854724361,0.3076890351829412,5.0256410256410255,0.3278923981582379,False
cmv,pooled,2000,0.0005,0.01,0.055100222734012785,False,0.0033937877241299414,0.3071240258663375,6.196581196581197,0.31855453869606537,0.3076890351829412,5.0256410256410255,0.3278923981582379,False
cmv,pooled,2000,0.0005,0.02,0.22612555454713196,False,0.0017472665982768004,0.3379152497604249,7.358974358974359,0.3378052246263532,0.3076890351829412,5.0256410256410255,0.3278923981582379,False
cmv,pooled,2000,0.0005,0.05,0.34401447259616036,False,0.0015396535151087115,0.3237077768092104,7.961538461538463,0.32979055858117734,0.3076890351829412,5.0256410256410255,0.3278923981582379,False
cmv,pooled,2000,0.0005,0.1,0.23385145478898864,False,0.0008924093329265977,0.3434862833326566,7.363247863247864,0.34853758345009545,0.3076890351829412,5.0256410256410255,0.3278923981582379,False
cmv,pooled,2000,0.0005,0.2,0.2260805426955558,False,0.0010582656604821374,0.373998835366135,7.008547008547008,0.3786474261744208,0.3076890351829412,5.0256410256410255,0.3278923981582379,False
cmv,pooled,2000,0.0005,0.4,0.19532054987184275,False,0.0019525017832111007,0.2954249156384744,7.1923076923076925,0.29881283619323934,0.3076890351829412,5.0256410256410255,0.3278923981582379,False
cmv,pooled,2000,0.001,0.001,0.020900619512761984,False,0.01284399124697566,0.2958549196782065,4.35042735042735,0.31575408350111367,0.3076890351829412,5.0256410256410255,0.3278923981582379,False
cmv,pooled,2000,0.001,0.002,0.06668674000334972,False,0.015186838854504461,0.35252513029121446,5.465811965811966,0.3916264622599475,0.3076890351829412,5.0256410256410255,0.3278923981582379,False
cmv,pooled,2000,0.001,0.005,0.05416926147402683,False,0.004271601423432362,0.3023335349216623,6.188034188034187,0.32158458441079407,0.3076890351829412,5.0256410256410255,0.3278923981582379,False
cmv,pooled,2000,0.001,0.01,0.1572287890150556,False,0.004782461975652814,0.33007749660878105,6.9743589743589745,0.34092700103978896,0.3076890351829412,5.0256410256410255,0.3278923981582379,False
cmv,pooled,2000,0.001,0.02,0.2893870718981263,False,0.003386890484111501,0.32733903908731393,7.705128205128205,0.3384945195777977,0.3076890351829412,5.0256410256410255,0.3278923981582379,False
cmv,pooled,2000,0.001,0.05,0.3700945359009155,False,0.0007352703195000357,0.32893073559973424,8.059829059829061,0.3373088827467577,0.3076890351829412,5.0256410256410255,0.3278923981582379,False
cmv,pooled,2000,0.001,0.1,0.4445688714458469,False,0.0007450874355135592,0.3286569957498153,8.35897435897436,0.3272328119400794,0.3076890351829412,5.0256410256410255,0.3278923981582379,False
cmv,pooled,2000,0.001,0.2,0.3559983644044261,False,0.0008682717382663521,0.31972416282982385,8.017094017094017,0.32374454058409863,0.3076890351829412,5.0256410256410255,0.3278923981582379,False
cmv,pooled,2000,0.001,0.4,0.4893768938544396,False,0.0013839658224306,0.3400453635029816,8.49145299145299,0.3450390893322834,0.3076890351829412,5.0256410256410255,0.3278923981582379,False
cmv,pooled,2000,0.002,0.001,0.002193426852021999,True,0.012186073420716429,0.3050565309885601,5.256410256410256,0.3267694022245626,0.3076890351829412,5.0256410256410255,0.3278923981582379,False
cmv,pooled,2000,0.002,0.002,0.0358685746389227,False,0.007186749161436237,0.32912725338496746,5.888888888888889,0.3406317123480811,0.3076890351829412,5.0256410256410255,0.3278923981582379,False
cmv,pooled,2000,0.002,0.005,0.11046777161000718,False,0.0030311058218195712,0.3276132603041522,6.64957264957265,0.3420417182394824,0.3076890351829412,5.0256410256410255,0.3278923981582379,False
cmv,pooled,2000,0.002,0.01,0.25921384307652584,False,0.0037712853568738942,0.31116363473749403,7.576923076923077,0.3157351915381686,0.3076890351829412,5.0256410256410255,0.3278923981582379,False
cmv,pooled,2000,0.002,0.02,0.4185767383763269,False,0.0016772357540382062,0.3170139705036532,8.273504273504274,0.3269529093149391,0.3076890351829412,5.0256410256410255,0.3278923981582379,False
cmv,pooled,2000,0.002,0.05,0.7749176736645281,False,0.0009543023314019026,0.35164534319501345,9.35897435897436,0.36234851806840135,0.3076890351829412,5.0256410256410255,0.3278923981582379,False
cmv,pooled,2000,0.002,0.1,0.7495384032193649,False,0.0007023127290051697,0.3249164822588694,9.367521367521366,0.3283050139153347,0.3076890351829412,5.0256410256410255,0.3278923981582379,False
cmv,pooled,2000,0.002,0.2,0.6946811417915474,False,0.0009814123114156815,0.32420260460727535,9.205128205128204,0.33238630099735444,0.3076890351829412,5.0256410256410255,0.3278923981582379,False
cmv,pooled,2000,0.002,0.4,0.6527785943553451,False,0.0006383180285413198,0.3184043493856113,9.081196581196581,0.32166484617597174,0.3076890351829412,5.0256410256410255,0.3278923981582379,False
cmv,pooled,2000,0.004,0.001,0.05268576637270478,False,0.002925518363661949,0.31730893839828744,6.166666666666667,0.332049431709982,0.3076890351829412,5.0256410256410255,0.3278923981582379,False
cmv,pooled,2000,0.004,0.002,0.09878374375101479,False,0.004486575229699299,0.3029075000890832,6.602564102564102,0.3248309198393741,0.3076890351829412,5.0256410256410255,0.3278923981582379,False
cmv,pooled,2000,0.004,0.005,0.17968058486828897,False,0.0021221866539254787,0.31320153265588185,7.14957264957265,0.3188962514374382,0.3076890351829412,5.0256410256410255,0.3278923981582379,False
cmv,pooled,2000,0.004,0.01,0.3622133348284262,False,0.0027220135689339036,0.31613121504379466,8.047008547008547,0.3260804686629107,0.3076890351829412,5.0256410256410255,0.3278923981582379,False
cmv,pooled,2000,0.004,0.02,0.5813293632901425,False,0.0009099639730352223,0.3218712739525031,8.850427350427351,0.32756659487554596,0.3076890351829412,5.0256410256410255,0.3278923981582379,False
cmv,pooled,2000,0.004,0.05,0.7389869854102274,False,0.0010225513272561068,0.32367886183685485,9.337606837606836,0.33168857777132427,0.3076890351829412,5.0256410256410255,0.3278923981582379,False
cmv,pooled,2000,0.004,0.1,0.8334443655436444,False,0.0005339379311311131,0.323004522296233,9.606837606837606,0.3265539723691832,0.3076890351829412,5.0256410256410255,0.3278923981582379,False
cmv,pooled,2000,0.004,0.2,1.0461958357806336,False,0.000729749411429888,0.33500734817433986,10.145299145299147,0.3355684544295697,0.3076890351829412,5.0256410256410255,0.3278923981582379,False
cmv,pooled,2000,0.004,0.4,1.1016143482811478,False,0.0006145233188144278,0.334151674195389,10.282051282051283,0.33330356229146246,0.3076890351829412,5.0256410256410255,0.3278923981582379,False
cmv,pooled,2000,0.008,0.001,0.2196502113294657,False,0.002648144056319677,0.30027163973605037,7.367521367521367,0.3135033603352155,0.3076890351829412,5.0256410256410255,0.3278923981582379,False
cmv,pooled,2000,0.008,0.002,0.2580323074667786,False,0.002580410215878181,0.3038754051192004,7.576923076923077,0.323654396677354,0.3076890351829412,5.0256410256410255,0.3278923981582379,False
cmv,pooled,2000,0.008,0.005,0.4007554273194035,False,0.0013508559664724361,0.32622929618488256,8.192307692307693,0.33110509110487124,0.3076890351829412,5.0256410256410255,0.3278923981582379,False
cmv,pooled,2000,0.008,0.01,0.5410086619124522,False,0.001111780981083877,0.3201769012746265,8.713675213675215,0.31841692395542937,0.3076890351829412,5.0256410256410255,0.3278923981582379,False
cmv,pooled,2000,0.008,0.02,0.7253319383294631,False,0.0009094628890656693,0.3263982177008799,9.294871794871794,0.3283220947754119,0.3076890351829412,5.0256410256410255,0.3278923981582379,False
cmv,pooled,2000,0.008,0.05,0.8923345379291344,False,0.0005156659058112728,0.32864190541348753,9.760683760683762,0.3278680853484053,0.3076890351829412,5.0256410256410255,0.3278923981582379,False
cmv,pooled,2000,0.008,0.1,1.0426615452218073,False,0.00035314503911840363,0.31928106184840227,10.153846153846153,0.32688931717317815,0.3076890351829412,5.0256410256410255,0.3278923981582379,False
cmv,pooled,2000,0.008,0.2,1.1518283058540495,False,0.0004724211394694453,0.3263022387931643,10.41025641025641,0.3326400714019829,0.3076890351829412,5.0256410256410255,0.3278923981582379,False
cmv,pooled,2000,0.008,0.4,1.164683724391135,False,0.0004279094328576591,0.3268987237447032,10.440170940170939,0.32986614304858086,0.3076890351829412,5.0256410256410255,0.3278923981582379,False
cmv,pooled,2000,0.012,0.001,0.37488198052279814,False,0.0015928902507544732,0.3210451627300945,8.094017094017095,0.33290277270378194,0.3076890351829412,5.0256410256410255,0.3278923981582379,False
cmv,pooled,2000,0.012,0.002,0.40485347448740056,False,0.0012917343275509548,0.3188203136855365,8.217948717948717,0.3304421900699955,0.3076890351829412,5.0256410256410255,0.3278923981582379,False
cmv,pooled,2000,0.012,0.005,0.5318148006438553,False,0.0011990533521227319,0.3156779449892961,8.68803418803419,0.32502469123063826,0.3076890351829412,5.0256410256410255,0.3278923981582379,False
cmv,pooled,2000,0.012,0.01,0.6751865464770277,False,0.0011362925848695973,0.3305953481846636,9.136752136752138,0.3350444807695187,0.3076890351829412,5.0256410256410255,0.3278923981582379,False
cmv,pooled,2000,0.012,0.02,0.7689326173489818,False,0.0006965312201123021,0.3201574563514127,9.427350427350428,0.3235337506413422,0.3076890351829412,5.0256410256410255,0.3278923981582379,False
cmv,pooled,2000,0.012,0.05,1.1109192926543183,False,0.0004979770560139975,0.33171969535514545,10.307692307692307,0.33223879580734006,0.3076890351829412,5.0256410256410255,0.3278923981582379,False
cmv,pooled,2000,0.012,0.1,1.089363684430988,False,0.00035826331321299465,0.3228912068395509,10.264957264957266,0.3249438146874228,0.3076890351829412,5.0256410256410255,0.3278923981582379,False
cmv,pooled,2000,0.012,0.2,1.2250863622373427,False,0.00035403364835694194,0.31832759852666453,10.585470085470085,0.32697957738928124,0.3076890351829412,5.0256410256410255,0.3278923981582379,False
cmv,pooled,2000,0.012,0.4,1.217824657028646,False,0.0004677008961937001,0.32526078364030736,10.564102564102564,0.3306216429484469,0.3076890351829412,5.0256410256410255,0.3278923981582379,False
cmv,pooled,2000,0.024,0.001,0.761663027067421,False,0.0007277081263243287,0.3207154398136665,9.405982905982906,0.32341478278321745,0.3076890351829412,5.0256410256410255,0.3278923981582379,False
cmv,pooled,2000,0.024,0.002,0.7860922897831606,False,0.0008113830962020231,0.32672995742090566,9.47008547008547,0.3234790727811294,0.3076890351829412,5.0256410256410255,0.3278923981582379,False
cmv,pooled,2000,0.024,0.005,0.8443615232426398,False,0.0005795207803081284,0.3224132108298416,9.636752136752136,0.3228760461424481,0.3076890351829412,5.0256410256410255,0.3278923981582379,False
cmv,pooled,2000,0.024,0.01,0.8865523759976947,False,0.0004472227066527239,0.32996243605417835,9.743589743589745,0.3267237300318225,0.3076890351829412,5.0256410256410255,0.3278923981582379,False
cmv,pooled,2000,0.024,0.02,0.9364365982970816,False,0.000574551016560818,0.3163705952763012,9.884615384615387,0.31823642844665717,0.3076890351829412,5.0256410256410255,0.3278923981582379,False
cmv,pooled,2000,0.024,0.05,1.0882713414006921,False,0.00033356734475857423,0.3250554773863759,10.26068376068376,0.329214166785593,0.3076890351829412,5.0256410256410255,0.3278923981582379,False
cmv,pooled,2000,0.024,0.1,1.2496865178898047,False,0.000471957703934765,0.3294364246294951,10.632478632478632,0.3295092187046782,0.3076890351829412,5.0256410256410255,0.3278923981582379,False
cmv,pooled,2000,0.024,0.2,1.1511183776937388,False,0.00032920803734093275,0.3239872528742764,10.41025641025641,0.32172839262477043,0.3076890351829412,5.0256410256410255,0.3278923981582379,False
cmv,pooled,2000,0.024,0.4,1.1453057426333213,False,0.0003732780829965119,0.3168781591188811,10.401709401709402,0.32467863350394416,0.3076890351829412,5.0256410256410255,0.3278923981582379,False
cmv,pooled,2000,0.048,0.001,0.8930513820345303,False,0.0004979949065548138,0.3264587962016104,9.764957264957266,0.3296815060958648,0.3076890351829412,5.0256410256410255,0.3278923981582379,False
cmv,pooled,2000,0.048,0.002,1.0232077677084337,False,0.00039961654731716944,0.3234829662464002,10.102564102564104,0.33044549657890143,0.3076890351829412,5.0256410256410255,0.3278923981582379,False
cmv,pooled,2000,0.048,0.005,1.1292633933995722,False,0.00033490087678428565,0.32417507189319456,10.35897435897436,0.3324727977749289,0.3076890351829412,5.0256410256410255,0.3278923981582379,False
cmv,pooled,2000,0.048,0.01,1.0483728161516168,False,0.0004468236992954081,0.32095963461125754,10.166666666666666,0.32520576413229735,0.3076890351829412,5.0256410256410255,0.3278923981582379,False
cmv,pooled,2000,0.048,0.02,1.0828351334512396,False,0.00047230774724572216,0.3247388509414512,10.247863247863247,0.3284846994125032,0.3076890351829412,5.0256410256410255,0.3278923981582379,False
cmv,pooled,2000,0.048,0.05,1.1813283849936866,False,0.0005973740135209776,0.3305735894066301,10.474358974358974,0.3339599001553942,0.3076890351829412,5.0256410256410255,0.3278923981582379,False
cmv,pooled,2000,0.048,0.1,1.1454583814716974,False,0.00034698237042633524,0.31739403724161647,10.401709401709402,0.32393387560411696,0.3076890351829412,5.0256410256410255,0.3278923981582379,False
cmv,pooled,2000,0.048,0.2,1.2007392298632817,False,0.0003200280936338319,0.32469471920989373,10.525641025641027,0.3279079586888433,0.3076890351829412,5.0256410256410255,0.3278923981582379,False
cmv,pooled,2000,0.048,0.4,1.2551282231667718,False,0.00038705382217138885,0.3288991643495336,10.645299145299147,0.3289907198922882,0.3076890351829412,5.0256410256410255,0.3278923981582379,False
cmv,pooled,2000,0.1,0.001,1.113054367750017,False,0.00032874316596231273,0.3246580559467613,10.32051282051282,0.3279964659567575,0.3076890351829412,5.0256410256410255,0.3278923981582379,False
cmv,pooled,2000,0.1,0.002,1.2168959646803643,False,0.00032016287940157405,0.32771877312903336,10.55982905982906,0.3299092979744907,0.3076890351829412,5.0256410256410255,0.3278923981582379,False
cmv,pooled,2000,0.1,0.005,1.2000072250308669,False,0.00032249654557100756,0.3225132478375214,10.525641025641026,0.32750017807793563,0.3076890351829412,5.0256410256410255,0.3278923981582379,False
cmv,pooled,2000,0.1,0.01,1.1733972169985012,False,0.0003306951451129388,0.3258046881024836,10.461538461538462,0.32830439498339126,0.3076890351829412,5.0256410256410255,0.3278923981582379,False
cmv,pooled,2000,0.1,0.02,1.2292519625644398,False,0.0002723694336244902,0.32574771526160495,10.58974358974359,0.33001697136312397,0.3076890351829412,5.0256410256410255,0.3278923981582379,False
cmv,pooled,2000,0.1,0.05,1.1442374445014585,False,0.00035838295313274674,0.32576987162796456,10.393162393162394,0.32457775175106646,0.3076890351829412,5.0256410256410255,0.3278923981582379,False
cmv,pooled,2000,0.1,0.1,1.2148943271306523,False,0.00022129814778541426,0.32229336241413425,10.55982905982906,0.3263906283368843,0.3076890351829412,5.0256410256410255,0.3278923981582379,False
cmv,pooled,2000,0.1,0.2,1.2152766461522668,False,0.00034087813326854596,0.3235453677198796,10.559829059829061,0.32811632690459935,0.3076890351829412,5.0256410256410255,0.3278923981582379,False
cmv,pooled,2000,0.1,0.4,1.2928024913418918,False,0.00026200483772473364,0.32741617360655173,10.730769230769228,0.3272707370987624,0.3076890351829412,5.0256410256410255,0.3278923981582379,False
cmv,pooled,2000,0.2,0.001,1.2208363220858962,False,0.00046865222021518345,0.32298305345766615,10.572649572649572,0.3314892983011539,0.3076890351829412,5.0256410256410255,0.3278923981582379,False
cmv,pooled,2000,0.2,0.002,1.2649741803446468,False,0.00021996474854895856,0.32498669336635777,10.67094017094017,0.3267397931850126,0.3076890351829412,5.0256410256410255,0.3278923981582379,False
cmv,pooled,2000,0.2,0.005,1.1999174127323526,False,0.0004077219808612139,0.32728017147901994,10.521367521367521,0.32994605588568304,0.3076890351829412,5.0256410256410255,0.3278923981582379,False
cmv,pooled,2000,0.2,0.01,1.169989948009628,False,0.0003022250859717925,0.3210899933238221,10.457264957264957,0.32736105131563903,0.3076890351829412,5.0256410256410255,0.3278923981582379,False
cmv,pooled,2000,0.2,0.02,1.2412836883998986,False,0.0004944708643166545,0.32245128693855335,10.61965811965812,0.32818700976332316,0.3076890351829412,5.0256410256410255,0.3278923981582379,False
cmv,pooled,2000,0.2,0.05,1.2582429745866226,False,0.0004018545210030991,0.3272599823504465,10.653846153846155,0.3295572378541169,0.3076890351829412,5.0256410256410255,0.3278923981582379,False
cmv,pooled,2000,0.2,0.1,1.2527743588139524,False,0.00025497974674722294,0.32771321893708616,10.64102564102564,0.3307294409542498,0.3076890351829412,5.0256410256410255,0.3278923981582379,False
cmv,pooled,2000,0.2,0.2,1.2427935112516026,False,0.00024803311421602096,0.32099584809891996,10.623931623931623,0.32561113132401603,0.3076890351829412,5.0256410256410255,0.3278923981582379,False
cmv,pooled,2000,0.2,0.4,1.3087023652795693,False,0.0002579114509347052,0.3233106026978541,10.769230769230768,0.3273995787906428,0.3076890351829412,5.0256410256410255,0.3278923981582379,False
cmv,pooled,10000,0.0002,0.001,0.03452594813702261,False,0.0054300785885857145,0.32014475896031547,5.927350427350427,0.3365367173773808,0.3076890351829412,5.0256410256410255,0.3278923981582379,False
cmv,pooled,10000,0.0002,0.002,0.08194025489342009,False,0.005117206114452475,0.31165633634931905,6.461538461538463,0.32399406154323607,0.3076890351829412,5.0256410256410255,0.3278923981582379,False
cmv,pooled,10000,0.0002,0.005,0.2444435727712098,False,0.002881749940642782,0.3051089158170049,7.504273504273505,0.31687160043322243,0.3076890351829412,5.0256410256410255,0.3278923981582379,False
cmv,pooled,10000,0.0002,0.01,0.4915384811665533,False,0.0012982373781835338,0.3202074036914347,8.542735042735044,0.32428159489307534,0.3076890351829412,5.0256410256410255,0.3278923981582379,False
cmv,pooled,10000,0.0002,0.02,0.4638712573602361,False,0.0006789003514344072,0.289901633145699,8.393162393162394,0.29267159821669836,0.3076890351829412,5.0256410256410255,0.3278923981582379,False
cmv,pooled,10000,0.0002,0.05,0.5437627487438036,False,0.0005132969773603861,0.3129939109200084,8.726495726495726,0.3165881877577987,0.3076890351829412,5.0256410256410255,0.3278923981582379,False
cmv,pooled,10000,0.0002,0.1,0.6324397652984104,False,0.0004537517866668116,0.31290577211983023,9.017094017094017,0.31575341056839673,0.3076890351829412,5.0256410256410255,0.3278923981582379,False
cmv,pooled,10000,0.0002,0.2,0.5754456134524072,False,0.0003826676953161261,0.3264157519899515,8.824786324786325,0.3333532596187882,0.3076890351829412,5.0256410256410255,0.3278923981582379,False
cmv,pooled,10000,0.0002,0.4,0.6695804878505055,False,0.000445433247477866,0.33044874355482234,9.11965811965812,0.3351777712943618,0.3076890351829412,5.0256410256410255,0.3278923981582379,False
cmv,pooled,10000,0.0005,0.001,0.04337499930829378,False,0.005011488713207699,0.3110148251906357,6.068376068376068,0.32315240963996555,0.3076890351829412,5.0256410256410255,0.3278923981582379,False
cmv,pooled,10000,0.0005,0.002,0.2592340152254223,False,0.005140511409743628,0.3351864648800351,7.538461538461539,0.3394733043686476,0.3076890351829412,5.0256410256410255,0.3278923981582379,False
cmv,pooled,10000,0.0005,0.005,0.4218349206928735,False,0.0036461174938286077,0.3485744532888955,8.192307692307692,0.3556172551778974,0.3076890351829412,5.0256410256410255,0.3278923981582379,False
cmv,pooled,10000,0.0005,0.01,0.6713243988590905,False,0.0013295468639460957,0.32171998608017854,9.136752136752136,0.3307588422985169,0.3076890351829412,5.0256410256410255,0.3278923981582379,False
cmv,pooled,10000,0.0005,0.02,0.6659159059323402,False,0.0007507932690264792,0.3127016582205267,9.119658119658121,0.31310002855727065,0.3076890351829412,5.0256410256410255,0.3278923981582379,False
cmv,pooled,10000,0.0005,0.05,0.6868783728577283,False,0.00035969030318523947,0.31567004863531306,9.188034188034187,0.32282872069525476,0.3076890351829412,5.0256410256410255,0.3278923981582379,False
cmv,pooled,10000,0.0005,0.1,0.858992433251513,False,0.00048064432599031603,0.32421043970094904,9.675213675213675,0.3236221000608414,0.3076890351829412,5.0256410256410255,0.3278923981582379,False
cmv,pooled,10000,0.0005,0.2,1.0690575465404253,False,0.0003937187895038222,0.3371758670360627,10.196581196581196,0.33931949354984026,0.3076890351829412,5.0256410256410255,0.3278923981582379,False
cmv,pooled,10000,0.0005,0.4,0.7982617999438579,False,0.0003845181336974748,0.33023891620083196,9.5,0.3330319799393606,0.3076890351829412,5.0256410256410255,0.3278923981582379,False
cmv,pooled,10000,0.001,0.001,0.10476519806178664,False,0.003862154783598821,0.30854430784285936,6.64957264957265,0.3339823603233021,0.3076890351829412,5.0256410256410255,0.3278923981582379,False
cmv,pooled,10000,0.001,0.002,0.23473777234663618,False,0.0018062099335617206,0.31733202256099896,7.452991452991454,0.3207601130613366,0.3076890351829412,5.0256410256410255,0.3278923981582379,False
cmv,pooled,10000,0.001,0.005,0.4959236192634203,False,0.0012585305881567819,0.3233244935012995,8.555555555555557,0.3273872416908304,0.3076890351829412,5.0256410256410255,0.3278923981582379,False
cmv,pooled,10000,0.001,0.01,0.5598012825416423,False,0.001201404420766044,0.3220088124734439,8.777777777777777,0.3229652346508907,0.3076890351829412,5.0256410256410255,0.3278923981582379,False
cmv,pooled,10000,0.001,0.02,0.7486271717153579,False,0.0006393909859353829,0.3148509048965125,9.367521367521368,0.3144391272790424,0.3076890351829412,5.0256410256410255,0.3278923981582379,False
cmv,pooled,10000,0.001,0.05,1.0267407639248682,False,0.0004753183604482329,0.3283381159446563,10.106837606837606,0.3286913852964666,0.3076890351829412,5.0256410256410255,0.3278923981582379,False
cmv,pooled,10000,0.001,0.1,0.8939291058664997,False,0.0006767022824672871,0.31872917865683326,9.773504273504274,0.3241411845739297,0.3076890351829412,5.0256410256410255,0.3278923981582379,False
cmv,pooled,10000,0.001,0.2,0.9206142872059936,False,0.0004057364195829912,0.32674643225935024,9.837606837606836,0.3272055207798882,0.3076890351829412,5.0256410256410255,0.3278923981582379,False
cmv,pooled,10000,0.001,0.4,1.1115440696995404,False,0.00044888304738209344,0.31971635830478556,10.32051282051282,0.32849234259891896,0.3076890351829412,5.0256410256410255,0.3278923981582379,False
cmv,pooled,10000,0.002,0.001,0.3034022467266702,False,0.0025717926654093928,0.3136344764672647,7.786324786324787,0.31617645262870203,0.3076890351829412,5.0256410256410255,0.3278923981582379,False
cmv,pooled,10000,0.002,0.002,0.3367122254119352,False,0.0018299595546828076,0.3226008266236726,7.931623931623932,0.329030813389726,0.3076890351829412,5.0256410256410255,0.3278923981582379,False
cmv,pooled,10000,0.002,0.005,0.5345002645016541,False,0.0017075352183652322,0.32544624698456454,8.688034188034187,0.3312598448602637,0.3076890351829412,5.0256410256410255,0.3278923981582379,False
cmv,pooled,10000,0.002,0.01,0.7008206903549882,False,0.0005079906493745819,0.3132961344112598,9.226495726495727,0.31403550057379553,0.3076890351829412,5.0256410256410255,0.3278923981582379,False
cmv,pooled,10000,0.002,0.02,1.0601883226956392,False,0.0005874238480737563,0.325303826543409,10.192307692307692,0.32822516338681756,0.3076890351829412,5.0256410256410255,0.3278923981582379,False
cmv,pooled,10000,0.002,0.05,0.9615583466374297,False,0.00046404971309969747,0.3212870764511199,9.948717948717949,0.32863006118719656,0.3076890351829412,5.0256410256410255,0.3278923981582379,False
cmv,pooled,10000,0.002,0.1,1.1052424504923455,False,0.00044210139225773554,0.32718277241491045,10.2991452991453,0.3319964611049957,0.3076890351829412,5.0256410256410255,0.3278923981582379,False
cmv,pooled,10000,0.002,0.2,0.993774712112577,False,0.0003864010704175963,0.3266774562004478,10.025641025641026,0.3318307327308474,0.3076890351829412,5.0256410256410255,0.3278923981582379,False
cmv,pooled,10000,0.002,0.4,1.0867923343906238,False,0.00040302981104963853,0.31139993786277903,10.26068376068376,0.314869525906273,0.3076890351829412,5.0256410256410255,0.3278923981582379,False
cmv,pooled,10000,0.004,0.001,0.5249846452417882,False,0.0013071774002232752,0.32662405420056767,8.653846153846153,0.32743525668636336,0.3076890351829412,5.0256410256410255,0.3278923981582379,False
cmv,pooled,10000,0.004,0.002,0.5291770614502614,False,0.0007034214319122809,0.3244606757390817,8.67094017094017,0.3248238166606941,0.3076890351829412,5.0256410256410255,0.3278923981582379,False
cmv,pooled,10000,0.004,0.005,0.7842047206418106,False,0.001202934831337169,0.33381051239456894,9.452991452991453,0.3378397186589605,0.3076890351829412,5.0256410256410255,0.3278923981582379,False
cmv,pooled,10000,0.004,0.01,0.8835639595814606,False,0.0005950708973798768,0.3223234220369949,9.743589743589745,0.32739166144645343,0.3076890351829412,5.0256410256410255,0.3278923981582379,False
cmv,pooled,10000,0.004,0.02,1.0438806766382198,False,0.0005444718448684353,0.32319300711245036,10.153846153846153,0.3244712746872636,0.3076890351829412,5.0256410256410255,0.3278923981582379,False
cmv,pooled,10000,0.004,0.05,1.10395119493263,False,0.00034421809891858,0.317012917948667,10.303418803418804,0.3235454438857773,0.3076890351829412,5.0256410256410255,0.3278923981582379,False
cmv,pooled,10000,0.004,0.1,1.1333301273534728,False,0.00034058087736958166,0.31834530478270623,10.371794871794872,0.32047065229927063,0.3076890351829412,5.0256410256410255,0.3278923981582379,False
cmv,pooled,10000,0.004,0.2,1.175088060102808,False,0.00035297002597249095,0.31792266271604436,10.47008547008547,0.32157891432956726,0.3076890351829412,5.0256410256410255,0.3278923981582379,False
cmv,pooled,10000,0.004,0.4,1.1135121028841375,False,0.0004187378078239038,0.3203061053731929,10.324786324786324,0.3295433471935872,0.3076890351829412,5.0256410256410255,0.3278923981582379,False
cmv,pooled,10000,0.008,0.001,0.7750731477672186,False,0.0007927105415327113,0.3258104762959915,9.440170940170939,0.32659981902596125,0.3076890351829412,5.0256410256410255,0.3278923981582379,False
cmv,pooled,10000,0.008,0.002,0.7477020352257516,False,0.0006749732513319163,0.3331738704976754,9.350427350427351,0.33362291871256905,0.3076890351829412,5.0256410256410255,0.3278923981582379,False
cmv,pooled,10000,0.008,0.005,0.8635170161910554,False,0.0003859144052271517,0.31807545184513997,9.692307692307692,0.3241161323688894,0.3076890351829412,5.0256410256410255,0.3278923981582379,False
cmv,pooled,10000,0.008,0.01,0.9260994734971646,False,0.0006106705543094908,0.31496756072880855,9.85897435897436,0.31981884219250917,0.3076890351829412,5.0256410256410255,0.3278923981582379,False
cmv,pooled,10000,0.008,0.02,1.040900280837077,False,0.00042585607574897817,0.31883465911784437,10.149572649572649,0.3247822152955014,0.3076890351829412,5.0256410256410255,0.3278923981582379,False
cmv,pooled,10000,0.008,0.05,1.2398889114411469,False,0.00032722487121323863,0.32395119530465377,10.615384615384615,0.3270371754451736,0.3076890351829412,5.0256410256410255,0.3278923981582379,False
cmv,pooled,10000,0.008,0.1,1.189115031246851,False,0.00036458111411120074,0.32328686916314203,10.5,0.3283363260562056,0.3076890351829412,5.0256410256410255,0.3278923981582379,False
cmv,pooled,10000,0.008,0.2,1.3249615024826427,False,0.00047004109869949815,0.3248470863264591,10.803418803418806,0.3316886940806827,0.3076890351829412,5.0256410256410255,0.3278923981582379,False
cmv,pooled,10000,0.008,0.4,1.259979854388619,False,0.0003123565026686402,0.32114539732067554,10.662393162393162,0.3248923187189461,0.3076890351829412,5.0256410256410255,0.3278923981582379,False
cmv,pooled,10000,0.012,0.001,0.9285632976907633,False,0.0007610099544395423,0.3297284592390302,9.854700854700855,0.331686023119343,0.3076890351829412,5.0256410256410255,0.3278923981582379,False
cmv,pooled,10000,0.012,0.002,0.9034246205132788,False,0.0007279572382197764,0.32408479519532807,9.794871794871794,0.3263242240009911,0.3076890351829412,5.0256410256410255,0.3278923981582379,False
cmv,pooled,10000,0.012,0.005,0.9761291342764032,False,0.0003401386252501118,0.31922793668167776,9.987179487179485,0.3251439914012159,0.3076890351829412,5.0256410256410255,0.3278923981582379,False
cmv,pooled,10000,0.012,0.01,1.1054373979160006,False,0.0005158516949508832,0.32243571538809573,10.303418803418802,0.32237437064798424,0.3076890351829412,5.0256410256410255,0.3278923981582379,False
cmv,pooled,10000,0.012,0.02,1.1455538442325104,False,0.00040263478833319535,0.31834410391099444,10.401709401709402,0.325900824704799,0.3076890351829412,5.0256410256410255,0.3278923981582379,False
cmv,pooled,10000,0.012,0.05,1.1699802758592248,False,0.0003067752104065188,0.3208444869565747,10.457264957264957,0.3253143139950249,0.3076890351829412,5.0256410256410255,0.3278923981582379,False
cmv,pooled,10000,0.012,0.1,1.2693317266076212,False,0.00031776429672724944,0.3206756244857786,10.683760683760683,0.3267892537397155,0.3076890351829412,5.0256410256410255,0.3278923981582379,False
cmv,pooled,10000,0.012,0.2,1.2386669466501428,False,0.0003210562487578442,0.3253941258838817,10.61111111111111,0.32377106742564826,0.3076890351829412,5.0256410256410255,0.3278923981582379,False
cmv,pooled,10000,0.012,0.4,1.1698869653261237,False,0.00031691098843495465,0.32068652245674195,10.45726495726496,0.3267496130179947,0.3076890351829412,5.0256410256410255,0.3278923981582379,False
cmv,pooled,10000,0.024,0.001,1.065266328877815,False,0.00041109445692196335,0.32481654963120526,10.205128205128206,0.3270801932921968,0.3076890351829412,5.0256410256410255,0.3278923981582379,False
cmv,pooled,10000,0.024,0.002,1.0488107267271587,False,0.0003895681081683048,0.314064699589806,10.170940170940172,0.32330869618654673,0.3076890351829412,5.0256410256410255,0.3278923981582379,False
cmv,pooled,10000,0.024,0.005,1.1307696171838553,False,0.0005839625604606466,0.3238730020663796,10.363247863247864,0.3278021960968142,0.3076890351829412,5.0256410256410255,0.3278923981582379,False
cmv,pooled,10000,0.024,0.01,1.1320906047087478,False,0.0005313250596000661,0.3223701569744718,10.367521367521368,0.3285520342232644,0.3076890351829412,5.0256410256410255,0.3278923981582379,False
cmv,pooled,10000,0.024,0.02,1.1816470183888002,False,0.0003125051827328533,0.3230041360651945,10.482905982905983,0.32626355620881525,0.3076890351829412,5.0256410256410255,0.3278923981582379,False
cmv,pooled,10000,0.024,0.05,1.2092070822343277,False,0.00027462319585707995,0.32154979645907583,10.547008547008547,0.3236284056896345,0.3076890351829412,5.0256410256410255,0.3278923981582379,False
cmv,pooled,10000,0.024,0.1,1.3082890810624563,False,0.00027818405826318313,0.32725063091849377,10.764957264957266,0.3305893671014626,0.3076890351829412,5.0256410256410255,0.3278923981582379,False
cmv,pooled,10000,0.024,0.2,1.2227754957778583,False,0.0003299939801652572,0.3233620238150204,10.576923076923078,0.32540138401158053,0.3076890351829412,5.0256410256410255,0.3278923981582379,False
cmv,pooled,10000,0.024,0.4,1.2692115405166493,False,0.00033554789979021516,0.32604543842420736,10.67948717948718,0.3296072093392161,0.3076890351829412,5.0256410256410255,0.3278923981582379,False
cmv,pooled,10000,0.048,0.001,1.1310444265546855,False,0.0002836576102511206,0.3242522179598412,10.363247863247864,0.32396159046268574,0.3076890351829412,5.0256410256410255,0.3278923981582379,False
cmv,pooled,10000,0.048,0.002,1.2578830828654988,False,0.0003300860652114681,0.3203912260719381,10.658119658119658,0.3245795046992553,0.3076890351829412,5.0256410256410255,0.3278923981582379,False
cmv,pooled,10000,0.048,0.005,1.2058980361758396,False,0.00034675591644638473,0.3234478267058943,10.538461538461538,0.3280451705006302,0.3076890351829412,5.0256410256410255,0.3278923981582379,False
cmv,pooled,10000,0.048,0.01,1.2371488685869314,False,0.00031851411046043555,0.3305504656578242,10.602564102564102,0.3326191855643205,0.3076890351829412,5.0256410256410255,0.3278923981582379,False
cmv,pooled,10000,0.048,0.02,1.174326919153671,False,0.0002469102330376607,0.3279767951347292,10.461538461538462,0.325569741808012,0.3076890351829412,5.0256410256410255,0.3278923981582379,False
cmv,pooled,10000,0.048,0.05,1.194713962416951,False,0.0003744099955630019,0.3233605413782161,10.512820512820513,0.3267404204247674,0.3076890351829412,5.0256410256410255,0.3278923981582379,False
cmv,pooled,10000,0.048,0.1,1.2019860819192731,False,0.00029143901894568345,0.3228513358748386,10.52991452991453,0.32899341577706204,0.3076890351829412,5.0256410256410255,0.3278923981582379,False
cmv,pooled,10000,0.048,0.2,1.2697792536844297,False,0.00024393714925600443,0.33160214169226926,10.675213675213675,0.3295848654806667,0.3076890351829412,5.0256410256410255,0.3278923981582379,False
cmv,pooled,10000,0.048,0.4,1.2780430701136198,False,0.00041402075583944786,0.3288648877545221,10.696581196581198,0.3292418317972938,0.3076890351829412,5.0256410256410255,0.3278923981582379,False
cmv,pooled,10000,0.1,0.001,1.1292262409529528,False,0.0004347905824115657,0.32461274535237983,10.35897435897436,0.3285086674481658,0.3076890351829412,5.0256410256410255,0.3278923981582379,False
cmv,pooled,10000,0.1,0.002,1.1693918245080512,False,0.0002677743722947175,0.3248878799747592,10.452991452991453,0.3291324179221887,0.3076890351829412,5.0256410256410255,0.3278923981582379,False
cmv,pooled,10000,0.1,0.005,1.2160230933570249,False,0.0005362663623508068,0.32558861595330346,10.55982905982906,0.3264864921717238,0.3076890351829412,5.0256410256410255,0.3278923981582379,False
cmv,pooled,10000,0.1,0.01,1.2216087649141698,False,0.0003203887793882017,0.3183684433344685,10.576923076923078,0.3223962825003448,0.3076890351829412,5.0256410256410255,0.3278923981582379,False
cmv,pooled,10000,0.1,0.02,1.2724149389824748,False,0.0002195146871491007,0.32917427114483205,10.683760683760683,0.3279533858011496,0.3076890351829412,5.0256410256410255,0.3278923981582379,False
cmv,pooled,10000,0.1,0.05,1.22178469800273,False,0.00036086217698524806,0.3198052836657003,10.576923076923077,0.32443896560903407,0.3076890351829412,5.0256410256410255,0.3278923981582379,False
cmv,pooled,10000,0.1,0.1,1.2204241855014781,False,0.0002713118180824567,0.32140957206710813,10.572649572649572,0.3233676234922506,0.3076890351829412,5.0256410256410255,0.3278923981582379,False
cmv,pooled,10000,0.1,0.2,1.2371495805779673,False,0.00032097443816612255,0.3262104651549889,10.606837606837606,0.32305502962955995,0.3076890351829412,5.0256410256410255,0.3278923981582379,False
cmv,pooled,10000,0.1,0.4,1.2756169595263245,False,0.0003068490281678749,0.3277328161518159,10.692307692307693,0.32742316466698473,0.3076890351829412,5.0256410256410255,0.3278923981582379,False
cmv,pooled,10000,0.2,0.001,1.2674434358220479,False,0.0002997558298721948,0.3262587865995847,10.675213675213676,0.3248064824123717,0.3076890351829412,5.0256410256410255,0.3278923981582379,False
cmv,pooled,10000,0.2,0.002,1.2337847083526623,False,0.00023038748275242931,0.32241068998116346,10.602564102564104,0.3250531911773768,0.3076890351829412,5.0256410256410255,0.3278923981582379,False
cmv,pooled,10000,0.2,0.005,1.251439163080046,False,0.000317001182313959,0.32428336403940894,10.64102564102564,0.32522242960180847,0.3076890351829412,5.0256410256410255,0.3278923981582379,False
cmv,pooled,10000,0.2,0.01,1.2536353701179073,False,0.0003273768241326146,0.325119494437452,10.645299145299147,0.3253306596138001,0.3076890351829412,5.0256410256410255,0.3278923981582379,False
cmv,pooled,10000,0.2,0.02,1.2802408022451002,False,0.00038564221804238873,0.32481825950817345,10.705128205128206,0.3268065298333587,0.3076890351829412,5.0256410256410255,0.3278923981582379,False
cmv,pooled,10000,0.2,0.05,1.1654309003953078,False,0.0003197281932007814,0.3237885726625966,10.444444444444445,0.32444759742499724,0.3076890351829412,5.0256410256410255,0.3278923981582379,False
cmv,pooled,10000,0.2,0.1,1.2164399374608095,False,0.0003145777081642574,0.32053588191579585,10.564102564102564,0.3232242306688405,0.3076890351829412,5.0256410256410255,0.3278923981582379,False
cmv,pooled,10000,0.2,0.2,1.1654640478002976,False,0.00030635223409775493,0.3236242852312323,10.444444444444445,0.32326560772312746,0.3076890351829412,5.0256410256410255,0.3278923981582379,False
cmv,pooled,10000,0.2,0.4,1.2436065139047217,False,0.00025318130108461704,0.3285424128708709,10.61965811965812,0.32603284413450995,0.3076890351829412,5.0256410256410255,0.3278923981582379,False
cmv,uniform,120,0.0002,0.001,3.0787057872209327,False,0.12920857903152239,0.24042897235813754,3.6025641025641026,0.8911366669356736,0.3076890351829412,5.0256410256410255,0.3278923981582379,False
cmv,uniform,120,0.0002,0.002,3.0507982624991055,False,0.11864802577534125,0.35208599175153377,4.722222222222222,0.8983057930218804,0.3076890351829412,5.0256410256410255,0.3278923981582379,False
cmv,uniform,120,0.0002,0.005,2.9739955704801395,False,0.08801387772577127,0.5143944853960184,6.111111111111111,0.8438444385259597,0.3076890351829412,5.0256410256410255,0.3278923981582379,True
cmv,uniform,120,0.0002,0.01,3.1018422195572612,False,0.047026955392913954,0.6122696829275606,7.128205128205129,0.7854067204511049,0.3076890351829412,5.0256410256410255,0.3278923981582379,False
cmv,uniform,120,0.0002,0.02,4.472895539860119,False,0.031862736804471055,0.7199008712589818,8.444444444444445,0.8159260635032815,0.3076890351829412,5.0256410256410255,0.3278923981582379,False
cmv,uniform,120,0.0002,0.05,4.360944269023371,False,0.01314900986557848,0.73783039283354,8.286324786324787,0.7899366958069794,0.3076890351829412,5.0256410256410255,0.3278923981582379,False
cmv,uniform,120,0.0002,0.1,4.631286869018507,False,0.016336443674186872,0.7479016982189779,8.944444444444445,0.7888509811766097,0.3076890351829412,5.0256410256410255,0.3278923981582379,False
cmv,uniform,120,0.0002,0.2,5.079662460289561,False,0.021039817673020905,0.7608489394742418,9.457264957264957,0.8067713289721644,0.3076890351829412,5.0256410256410255,0.3278923981582379,False
cmv,uniform,120,0.0002,0.4,4.29536176439977,False,0.023112952866718377,0.7282465697041015,8.867521367521368,0.7730000634882942,0.3076890351829412,5.0256410256410255,0.3278923981582379,False
cmv,uniform,120,0.0005,0.001,3.2373483374908143,False,0.10626671916839306,0.2905826460658441,4.448717948717948,0.9163728692270908,0.3076890351829412,5.0256410256410255,0.3278923981582379,False
cmv,uniform,120,0.0005,0.002,3.3713309917388714,False,0.09377391590578507,0.4262628872880145,5.871794871794871,0.9139374883389483,0.3076890351829412,5.0256410256410255,0.3278923981582379,False
cmv,uniform,120,0.0005,0.005,4.438887997607116,False,0.07204274391012454,0.5911608879647618,8.299145299145298,0.9113046681608431,0.3076890351829412,5.0256410256410255,0.3278923981582379,False
cmv,uniform,120,0.0005,0.01,5.220810134672184,False,0.04357103913363894,0.692507373055257,9.705128205128204,0.8755451897332134,0.3076890351829412,5.0256410256410255,0.3278923981582379,False
cmv,uniform,120,0.0005,0.02,6.6670417350231705,False,0.024752398662452137,0.7770350791891163,11.320512820512823,0.8737461290376233,0.3076890351829412,5.0256410256410255,0.3278923981582379,False
cmv,uniform,120,0.0005,0.05,8.551748103994756,False,0.01732438863136894,0.8304562424090342,13.405982905982905,0.8847783333875833,0.3076890351829412,5.0256410256410255,0.3278923981582379,False
cmv,uniform,120,0.0005,0.1,7.21543384810062,False,0.01714973565406091,0.7742069914164534,13.277777777777779,0.8164836090288828,0.3076890351829412,5.0256410256410255,0.3278923981582379,False
cmv,uniform,120,0.0005,0.2,9.749786173572765,False,0.013145028944797566,0.8461958967994067,14.846153846153847,0.883209943227242,0.3076890351829412,5.0256410256410255,0.3278923981582379,False
cmv,uniform,120,0.0005,0.4,7.344488756180634,False,0.02112451561095843,0.7794523315399581,13.303418803418802,0.8230723223388257,0.3076890351829412,5.0256410256410255,0.3278923981582379,False
cmv,uniform,120,0.001,0.001,3.5684852046637743,False,0.0979400146937027,0.36340964352348953,5.6923076923076925,0.9429064359501061,0.3076890351829412,5.0256410256410255,0.3278923981582379,False
cmv,uniform,120,0.001,0.002,3.746695892655889,False,0.09550419400724486,0.4539564343123336,7.029914529914531,0.9290781089287986,0.3076890351829412,5.0256410256410255,0.3278923981582379,False
cmv,uniform,120,0.001,0.005,5.4542542339417555,False,0.05754940684615069,0.6247244641773263,10.102564102564102,0.9300073999337003,0.3076890351829412,5.0256410256410255,0.3278923981582379,False
cmv,uniform,120,0.001,0.01,7.487572602269784,False,0.04164758196014755,0.7464476870433683,12.269230769230768,0.9304234966637409,0.3076890351829412,5.0256410256410255,0.3278923981582379,False
cmv,uniform,120,0.001,0.02,10.297664092097762,False,0.028604340440580987,0.8258866757573865,15.243589743589743,0.9260166223021234,0.3076890351829412,5.0256410256410255,0.3278923981582379,False
cmv,uniform,120,0.001,0.05,10.8996070918863,False,0.016359028569010413,0.8245675774956486,16.576923076923077,0.8760390392694123,0.3076890351829412,5.0256410256410255,0.3278923981582379,False
cmv,uniform,120,0.001,0.1,14.022357109133488,False,0.01689439578500159,0.8746784181197991,18.670940170940174,0.9194379739055966,0.3076890351829412,5.0256410256410255,0.3278923981582379,False
cmv,uniform,120,0.001,0.2,15.364591440223506,False,0.01392370219378547,0.8501938157176538,20.38888888888889,0.8873097068816409,0.3076890351829412,5.0256410256410255,0.3278923981582379,False
cmv,uniform,120,0.001,0.4,15.86097951523994,False,0.013908215307481294,0.8716187214733195,20.41025641025641,0.9080638200416411,0.3076890351829412,5.0256410256410255,0.3278923981582379,False
cmv,uniform,120,0.002,0.001,4.351880746905701,False,0.0706491311760548,0.49721293066629824,8.0,0.9519401422858905,0.3076890351829412,5.0256410256410255,0.3278923981582379,False
cmv,uniform,120,0.002,0.002,4.975777898037206,False,0.06639903002075717,0.5649243747638434,9.209401709401709,0.9486243410929455,0.3076890351829412,5.0256410256410255,0.3278923981582379,False
cmv,uniform,120,0.002,0.005,7.2681510483259535,False,0.049325096722850986,0.6832820259282859,12.452991452991453,0.9494975377558039,0.3076890351829412,5.0256410256410255,0.3278923981582379,False
cmv,uniform,120,0.002,0.01,10.621040910449224,False,0.029214952544588564,0.7932617426511349,15.62820512820513,0.956877233627767,0.3076890351829412,5.0256410256410255,0.3278923981582379,False
cmv,uniform,120,0.002,0.02,14.68402398694538,False,0.020801449271245647,0.8579218569751323,19.08119658119658,0.9555454997807319,0.3076890351829412,5.0256410256410255,0.3278923981582379,False
cmv,uniform,120,0.002,0.05,19.55340268187767,False,0.012187255389506785,0.8997331927685243,22.615384615384613,0.9501105088446371,0.3076890351829412,5.0256410256410255,0.3278923981582379,False
cmv,uniform,120,0.002,0.1,23.34442318122365,False,0.009999917826157698,0.9123410761514684,25.038461538461537,0.9521969491955572,0.3076890351829412,5.0256410256410255,0.3278923981582379,False
cmv,uniform,120,0.002,0.2,25.04500420789506,False,0.010350500354348976,0.9136366090150919,26.0982905982906,0.9487430721784476,0.3076890351829412,5.0256410256410255,0.3278923981582379,False
cmv,uniform,120,0.002,0.4,25.84370893220875,False,0.009819442166626478,0.9187424278905946,26.50854700854701,0.9523544819138365,0.3076890351829412,5.0256410256410255,0.3278923981582379,False
cmv,uniform,120,0.004,0.001,6.553363675396519,False,0.04864116243383489,0.6300168306558696,11.683760683760683,0.9586718870294512,0.3076890351829412,5.0256410256410255,0.3278923981582379,False
cmv,uniform,120,0.004,0.002,7.44545310887457,False,0.040159675764282296,0.6639644306004562,12.807692307692307,0.9591977797939175,0.3076890351829412,5.0256410256410255,0.3278923981582379,False
cmv,uniform,120,0.004,0.005,10.971849027719413,False,0.03060458163050106,0.762241351253021,16.273504273504273,0.9654160519509375,0.3076890351829412,5.0256410256410255,0.3278923981582379,False
cmv,uniform,120,0.004,0.01,15.09823505202437,False,0.02695216243819858,0.8320671390683708,19.60683760683761,0.9650409335002404,0.3076890351829412,5.0256410256410255,0.3278923981582379,False
cmv,uniform,120,0.004,0.02,20.6553772745325,False,0.014290948131982676,0.8902541011803916,23.333333333333332,0.9670866406522509,0.3076890351829412,5.0256410256410255,0.3278923981582379,False
cmv,uniform,120,0.004,0.05,28.00291222193763,False,0.008264120310709201,0.927661695978275,27.568376068376068,0.9689913850156627,0.3076890351829412,5.0256410256410255,0.3278923981582379,False
cmv,uniform,120,0.004,0.1,33.49484143458294,False,0.005734330293640774,0.940505816039145,30.376068376068375,0.9688185866940797,0.3076890351829412,5.0256410256410255,0.3278923981582379,False
cmv,uniform,120,0.004,0.2,35.154650043811486,False,0.005627339087195186,0.9433513169962366,31.17094017094017,0.9689064293370883,0.3076890351829412,5.0256410256410255,0.3278923981582379,False
cmv,uniform,120,0.004,0.4,36.72311363898446,False,0.0054916352065545095,0.9433350527039387,31.91452991452992,0.9695191678072045,0.3076890351829412,5.0256410256410255,0.3278923981582379,False
cmv,uniform,120,0.008,0.001,11.438549328590081,False,0.029184469013999292,0.7518823890202221,16.897435897435898,0.9649022761292837,0.3076890351829412,5.0256410256410255,0.3278923981582379,False
cmv,uniform,120,0.008,0.002,12.94145151040789,False,0.03483851547705406,0.7759566382600575,18.166666666666668,0.9660755592448883,0.3076890351829412,5.0256410256410255,0.3278923981582379,False
cmv,uniform,120,0.008,0.005,16.85867763018281,False,0.01977178874603692,0.838527482456799,20.952991452991455,0.9702831001355618,0.3076890351829412,5.0256410256410255,0.3278923981582379,False
cmv,uniform,120,0.008,0.01,20.421591399070437,False,0.014791561087281973,0.8702812372269434,23.31196581196581,0.9703384592363031,0.3076890351829412,5.0256410256410255,0.3278923981582379,False
cmv,uniform,120,0.008,0.02,27.26160569188079,False,0.009819278859244478,0.9128809821387511,27.23931623931624,0.9717589786629318,0.3076890351829412,5.0256410256410255,0.3278923981582379,False
cmv,uniform,120,0.008,0.05,35.62453106663225,False,0.005218121198159808,0.9408610123378637,31.38888888888889,0.9730983432346659,0.3076890351829412,5.0256410256410255,0.3278923981582379,False
cmv,uniform,120,0.008,0.1,39.892316291584365,False,0.00297932414772402,0.9517782839650311,33.29059829059829,0.9737072891889138,0.3076890351829412,5.0256410256410255,0.3278923981582379,False
cmv,uniform,120,0.008,0.2,42.10370983701219,False,0.0028305397659156356,0.9546507688545521,34.243589743589745,0.973981513425016,0.3076890351829412,5.0256410256410255,0.3278923981582379,False
cmv,uniform,120,0.008,0.4,43.66236169371217,False,0.0030113218268834688,0.9559423501989149,34.901709401709404,0.9740794957517426,0.3076890351829412,5.0256410256410255,0.3278923981582379,False
cmv,uniform,120,0.012,0.001,16.75774570489216,False,0.01786899423544054,0.838118846707442,20.87606837606838,0.9703192017296599,0.3076890351829412,5.0256410256410255,0.3278923981582379,False
cmv,uniform,120,0.012,0.002,17.859425805362832,False,0.017195405755142536,0.8409775865653734,21.700854700854702,0.970939251073739,0.3076890351829412,5.0256410256410255,0.3278923981582379,False
cmv,uniform,120,0.012,0.005,21.181516032551784,False,0.014589723589396166,0.8711726642205462,23.81623931623932,0.9710958699327731,0.3076890351829412,5.0256410256410255,0.3278923981582379,False
cmv,uniform,120,0.012,0.01,25.57969861490073,False,0.010520502464737035,0.8990350003770803,26.35897435897436,0.9726709520351338,0.3076890351829412,5.0256410256410255,0.3278923981582379,False
cmv,uniform,120,0.012,0.02,31.15901133266609,False,0.007061786063765509,0.9257913447867391,29.260683760683758,0.9728612923003221,0.3076890351829412,5.0256410256410255,0.3278923981582379,False
cmv,uniform,120,0.012,0.05,38.818926766259175,False,0.0034290586574308992,0.9481286142997655,32.824786324786324,0.9745483429297693,0.3076890351829412,5.0256410256410255,0.3278923981582379,False
cmv,uniform,120,0.012,0.1,42.76350252975649,False,0.0023953573154887834,0.9562448938480936,34.51282051282052,0.9749961256521903,0.3076890351829412,5.0256410256410255,0.3278923981582379,False
cmv,uniform,120,0.012,0.2,45.08382644726873,False,0.0018188519622383123,0.9590493958406362,35.47435897435897,0.9750004581757943,0.3076890351829412,5.0256410256410255,0.3278923981582379,False
cmv,uniform,120,0.012,0.4,45.978013951090404,False,0.0016945483889507591,0.9600295818260038,35.837606837606835,0.9749702883589801,0.3076890351829412,5.0256410256410255,0.3278923981582379,False
cmv,uniform,120,0.024,0.001,28.319662574068957,False,0.008070863258906704,0.9089706470961948,27.850427350427353,0.973272890350532,0.3076890351829412,5.0256410256410255,0.3278923981582379,False
cmv,uniform,120,0.024,0.002,29.06707773207311,False,0.008042832755646509,0.9165658102115127,28.205128205128208,0.9736278415892459,0.3076890351829412,5.0256410256410255,0.3278923981582379,False
cmv,uniform,120,0.024,0.005,31.56381506754905,False,0.005178698303378718,0.9239831329486372,29.474358974358974,0.9742363015365313,0.3076890351829412,5.0256410256410255,0.3278923981582379,False
cmv,uniform,120,0.024,0.01,33.88223894561994,False,0.005102684122134322,0.9329133409499221,30.58547008547008,0.9743472772801648,0.3076890351829412,5.0256410256410255,0.3278923981582379,False
cmv,uniform,120,0.024,0.02,37.867495668535916,False,0.004107568707174479,0.9431257907326643,32.418803418803414,0.9748104419152476,0.3076890351829412,5.0256410256410255,0.3278923981582379,False
cmv,uniform,120,0.024,0.05,42.751934748566505,False,0.002137799215434686,0.9550849257824475,34.51282051282051,0.9753541341654705,0.3076890351829412,5.0256410256410255,0.3278923981582379,False
cmv,uniform,120,0.024,0.1,45.71283802649492,False,0.0013674975568190896,0.9598361387289321,35.72649572649573,0.9756426270675171,0.3076890351829412,5.0256410256410255,0.3278923981582379,False
cmv,uniform,120,0.024,0.2,47.49268341144146,False,0.00108436015278508,0.9623713435009803,36.43589743589744,0.9756691497551614,0.3076890351829412,5.0256410256410255,0.3278923981582379,False
cmv,uniform,120,0.024,0.4,48.27736383329136,False,0.0009852237202038817,0.9635078809978178,36.743589743589745,0.975660301936104,0.3076890351829412,5.0256410256410255,0.3278923981582379,False
cmv,uniform,120,0.048,0.001,39.85014854886163,False,0.0028106142360177933,0.9474035434183924,33.29059829059829,0.9751337362389205,0.3076890351829412,5.0256410256410255,0.3278923981582379,False
cmv,uniform,120,0.048,0.002,40.419428970428314,False,0.003087895484094542,0.9488493961357359,33.53418803418804,0.9753140448219382,0.3076890351829412,5.0256410256410255,0.3278923981582379,False
cmv,uniform,120,0.048,0.005,40.323385505535285,False,0.0028162416491607388,0.9496006814260333,33.487179487179496,0.9752980605929554,0.3076890351829412,5.0256410256410255,0.3278923981582379,False
cmv,uniform,120,0.048,0.01,41.58861967647876,False,0.0024658686918675866,0.9517891622456783,34.02991452991453,0.9753524892188287,0.3076890351829412,5.0256410256410255,0.3278923981582379,False
cmv,uniform,120,0.048,0.02,43.36042918394258,False,0.0018524781256935587,0.9554540973605655,34.76923076923077,0.9755311279317705,0.3076890351829412,5.0256410256410255,0.3278923981582379,False
cmv,uniform,120,0.048,0.05,45.9024458564291,False,0.0013578198485929352,0.9598961312346868,35.8034188034188,0.9757705507462466,0.3076890351829412,5.0256410256410255,0.3278923981582379,False
cmv,uniform,120,0.048,0.1,47.310694300468796,False,0.0011132148663247372,0.962090508576781,36.36324786324786,0.9758668299716522,0.3076890351829412,5.0256410256410255,0.3278923981582379,False
cmv,uniform,120,0.048,0.2,48.469815120825416,False,0.00082126398054683,0.9640028611675046,36.81623931623932,0.975902138169769,0.3076890351829412,5.0256410256410255,0.3278923981582379,False
cmv,uniform,120,0.048,0.4,48.95456855152241,False,0.0006600809196939301,0.9646917468230559,37.004273504273506,0.975939215931697,0.3076890351829412,5.0256410256410255,0.3278923981582379,False
cmv,uniform,120,0.1,0.001,46.306767652571466,False,0.0011844340855771125,0.9603984752736378,35.96581196581197,0.975818279122289,0.3076890351829412,5.0256410256410255,0.3278923981582379,False
cmv,uniform,120,0.1,0.002,46.396151254997015,False,0.001158371843074736,0.9601024116149711,36.004273504273506,0.9757498186030937,0.3076890351829412,5.0256410256410255,0.3278923981582379,False
cmv,uniform,120,0.1,0.005,46.363651206762455,False,0.001126520996992585,0.9607578121433312,35.98717948717949,0.9757816416743609,0.3076890351829412,5.0256410256410255,0.3278923981582379,False
cmv,uniform,120,0.1,0.01,46.89792424202427,False,0.0010999645984534087,0.9613333018320116,36.200854700854705,0.9758357296799701,0.3076890351829412,5.0256410256410255,0.3278923981582379,False
cmv,uniform,120,0.1,0.02,47.3085097717,False,0.0009856450552869138,0.9619518811243887,36.363247863247864,0.9758445733451216,0.3076890351829412,5.0256410256410255,0.3278923981582379,False
cmv,uniform,120,0.1,0.05,47.1882092095132,False,0.0009481086237467558,0.96244047992193,36.31196581196581,0.9758525031510282,0.3076890351829412,5.0256410256410255,0.3278923981582379,False
cmv,uniform,120,0.1,0.1,48.541488434657296,False,0.0007209960831711015,0.9637131670300646,36.84615384615385,0.9759309953523942,0.3076890351829412,5.0256410256410255,0.3278923981582379,False
cmv,uniform,120,0.1,0.2,49.03236269592472,False,0.0005811408045913351,0.9648098683234164,37.03418803418803,0.9759697388304925,0.3076890351829412,5.0256410256410255,0.3278923981582379,False
cmv,uniform,120,0.1,0.4,49.309528253086704,False,0.0005680048433913964,0.9652241981331615,37.14102564102564,0.9759836128753996,0.3076890351829412,5.0256410256410255,0.3278923981582379,False
cmv,uniform,120,0.2,0.001,48.653912049447065,False,0.0007000555023945535,0.9640497022056395,36.888888888888886,0.9759314356663943,0.3076890351829412,5.0256410256410255,0.3278923981582379,False
cmv,uniform,120,0.2,0.002,48.27501185844612,False,0.0006667615134973272,0.9638560260433501,36.73931623931623,0.9759553413934722,0.3076890351829412,5.0256410256410255,0.3278923981582379,False
cmv,uniform,120,0.2,0.005,48.34396136173905,False,0.0006800317491036836,0.9641887857491306,36.76495726495726,0.9759485456038113,0.3076890351829412,5.0256410256410255,0.3278923981582379,False
cmv,uniform,120,0.2,0.01,48.71732189182979,False,0.000715425769802604,0.9639563495025495,36.91452991452991,0.9759300150306583,0.3076890351829412,5.0256410256410255,0.3278923981582379,False
cmv,uniform,120,0.2,0.02,48.59408450559454,False,0.0006662861591514869,0.9643783294771741,36.863247863247864,0.9759549800036796,0.3076890351829412,5.0256410256410255,0.3278923981582379,False
cmv,uniform,120,0.2,0.05,48.885986329976504,False,0.0007123449607508816,0.9644157281143567,36.97863247863248,0.9759517814963209,0.3076890351829412,5.0256410256410255,0.3278923981582379,False
cmv,uniform,120,0.2,0.1,48.8370428122422,False,0.0006965447179805341,0.9647720213845533,36.95726495726496,0.975964932761643,0.3076890351829412,5.0256410256410255,0.3278923981582379,False
cmv,uniform,120,0.2,0.2,48.97928921225498,False,0.0005813133998695776,0.9648884580126121,37.01282051282051,0.9759677449557754,0.3076890351829412,5.0256410256410255,0.3278923981582379,False
cmv,uniform,120,0.2,0.4,49.411650974687774,False,0.0005505131413117582,0.9655027441798295,37.17948717948718,0.9760154068693271,0.3076890351829412,5.0256410256410255,0.3278923981582379,False
cmv,uniform,2000,0.0002,0.001,10.201561609558777,False,0.0276827160220032,0.7973172388294563,15.034188034188034,0.9588820995793207,0.3076890351829412,5.0256410256410255,0.3278923981582379,False
cmv,uniform,2000,0.0002,0.002,14.694543362270942,False,0.016974143618118602,0.8610067950541672,19.047008547008545,0.9566207174914969,0.3076890351829412,5.0256410256410255,0.3278923981582379,False
cmv,uniform,2000,0.0002,0.005,22.176681695492967,False,0.009020400689882795,0.9139020437263521,24.217948717948715,0.9595527227248198,0.3076890351829412,5.0256410256410255,0.3278923981582379,False
cmv,uniform,2000,0.0002,0.01,29.11799850931616,False,0.004580262343238968,0.9360824031276068,28.15811965811966,0.9637332964599435,0.3076890351829412,5.0256410256410255,0.3278923981582379,False
cmv,uniform,2000,0.0002,0.02,32.27489011510565,False,0.0024772769256819933,0.942632590321491,29.794871794871796,0.9607906655359403,0.3076890351829412,5.0256410256410255,0.3278923981582379,False
cmv,uniform,2000,0.0002,0.05,34.61823407640016,False,0.0018919802218723906,0.9458948148973604,30.952991452991455,0.9586524716743927,0.3076890351829412,5.0256410256410255,0.3278923981582379,False
cmv,uniform,2000,0.0002,0.1,36.953383262545145,False,0.001764495387741034,0.948480596571407,32.034188034188034,0.9615564754296564,0.3076890351829412,5.0256410256410255,0.3278923981582379,False
cmv,uniform,2000,0.0002,0.2,37.380210750039666,False,0.0014010390310662895,0.9484596598530429,32.239316239316246,0.960430467914377,0.3076890351829412,5.0256410256410255,0.3278923981582379,False
cmv,uniform,2000,0.0002,0.4,36.930628054279026,False,0.001617285171142817,0.9474668592999825,32.042735042735046,0.9592340766215814,0.3076890351829412,5.0256410256410255,0.3278923981582379,False
cmv,uniform,2000,0.0005,0.001,13.04663489417385,False,0.021606244997793858,0.8293292601243981,17.76068376068376,0.9629550954656415,0.3076890351829412,5.0256410256410255,0.3278923981582379,False
cmv,uniform,2000,0.0005,0.002,18.88886684982969,False,0.01649644172363974,0.8831738338377213,22.153846153846157,0.9649745665494983,0.3076890351829412,5.0256410256410255,0.3278923981582379,False
cmv,uniform,2000,0.0005,0.005,28.02430871921779,False,0.008530494862706081,0.9242291385686032,27.615384615384613,0.9674994682585364,0.3076890351829412,5.0256410256410255,0.3278923981582379,False
cmv,uniform,2000,0.0005,0.01,34.34815559514793,False,0.005035296614364246,0.9412980238796739,30.799145299145298,0.9676725573535153,0.3076890351829412,5.0256410256410255,0.3278923981582379,False
cmv,uniform,2000,0.0005,0.02,38.10075201563609,False,0.002626804968062125,0.949680266393447,32.529914529914535,0.9667253671691213,0.3076890351829412,5.0256410256410255,0.3278923981582379,False
cmv,uniform,2000,0.0005,0.05,41.23538500241533,False,0.0016916218485649036,0.9537799852745645,33.9059829059829,0.9673039106878382,0.3076890351829412,5.0256410256410255,0.3278923981582379,False
cmv,uniform,2000,0.0005,0.1,42.487625200044164,False,0.0012166981840923108,0.9553512739095932,34.440170940170944,0.9671213382262355,0.3076890351829412,5.0256410256410255,0.3278923981582379,False
cmv,uniform,2000,0.0005,0.2,42.225830844626,False,0.001416683262890622,0.9559590361972384,34.320512820512825,0.9677961443547352,0.3076890351829412,5.0256410256410255,0.3278923981582379,False
cmv,uniform,2000,0.0005,0.4,43.18532685848994,False,0.0014932095200984661,0.9568480004140021,34.72222222222222,0.9685571523335071,0.3076890351829412,5.0256410256410255,0.3278923981582379,False
cmv,uniform,2000,0.001,0.001,17.633809598541596,False,0.01665229034119071,0.8654057900976843,21.333333333333332,0.968662661537291,0.3076890351829412,5.0256410256410255,0.3278923981582379,False
cmv,uniform,2000,0.001,0.002,22.89294892227758,False,0.013035561805973123,0.8983915365483779,24.722222222222218,0.9710160360198784,0.3076890351829412,5.0256410256410255,0.3278923981582379,False
cmv,uniform,2000,0.001,0.005,32.05701951967826,False,0.006703203783929958,0.9320636820769824,29.688034188034184,0.9718890706804162,0.3076890351829412,5.0256410256410255,0.3278923981582379,False
cmv,uniform,2000,0.001,0.01,38.165701059389946,False,0.0031699965282190575,0.9476494067997124,32.54700854700855,0.9713541971719114,0.3076890351829412,5.0256410256410255,0.3278923981582379,False
cmv,uniform,2000,0.001,0.02,42.32245997201179,False,0.0022222802175640294,0.9548522883726055,34.34615384615384,0.9721719724254436,0.3076890351829412,5.0256410256410255,0.3278923981582379,False
cmv,uniform,2000,0.001,0.05,44.91589909118597,False,0.001523780996088258,0.9586780643996179,35.42307692307693,0.9717293696233819,0.3076890351829412,5.0256410256410255,0.3278923981582379,False
cmv,uniform,2000,0.001,0.1,45.82960463777087,False,0.001480312534103058,0.9595447308853925,35.794871794871796,0.9718445200422043,0.3076890351829412,5.0256410256410255,0.3278923981582379,False
cmv,uniform,2000,0.001,0.2,45.83920734745163,False,0.0014187657967964958,0.9600287135756073,35.794871794871796,0.9720895215519829,0.3076890351829412,5.0256410256410255,0.3278923981582379,False
cmv,uniform,2000,0.001,0.4,46.79308975599118,False,0.0010510249002459056,0.9613440991158111,36.175213675213676,0.972365851818255,0.3076890351829412,5.0256410256410255,0.3278923981582379,False
cmv,uniform,2000,0.002,0.001,24.786767827573367,False,0.008961744456525726,0.9055348100777681,25.83333333333333,0.9728750417280593,0.3076890351829412,5.0256410256410255,0.3278923981582379,False
cmv,uniform,2000,0.002,0.002,28.755396279733883,False,0.00785067829228148,0.9192488218048256,28.021367521367523,0.9727685189712941,0.3076890351829412,5.0256410256410255,0.3278923981582379,False
cmv,uniform,2000,0.002,0.005,35.97761546216059,False,0.005125412004554639,0.939480015811374,31.56410256410257,0.9734769966590803,0.3076890351829412,5.0256410256410255,0.3278923981582379,False
cmv,uniform,2000,0.002,0.01,41.44371499388893,False,0.0031129745807136153,0.952431478724562,33.97008547008547,0.9739910923314697,0.3076890351829412,5.0256410256410255,0.3278923981582379,False
cmv,uniform,2000,0.002,0.02,44.93648224094356,False,0.0017138526310547385,0.9586851125437672,35.418803418803414,0.9742935506643482,0.3076890351829412,5.0256410256410255,0.3278923981582379,False
cmv,uniform,2000,0.002,0.05,47.23157678489215,False,0.001203451777219472,0.9626392422519755,36.333333333333336,0.9748281998619474,0.3076890351829412,5.0256410256410255,0.3278923981582379,False
cmv,uniform,2000,0.002,0.1,48.155730512737186,False,0.0009376275928012549,0.9635391046686047,36.700854700854705,0.9744305464730408,0.3076890351829412,5.0256410256410255,0.3278923981582379,False
cmv,uniform,2000,0.002,0.2,48.57158697541614,False,0.0009265154195460654,0.9638884905245496,36.863247863247864,0.9746509734769303,0.3076890351829412,5.0256410256410255,0.3278923981582379,False
cmv,uniform,2000,0.002,0.4,48.73768419166195,False,0.0009909279161407901,0.9640357705993142,36.927350427350426,0.9748408360429676,0.3076890351829412,5.0256410256410255,0.3278923981582379,False
cmv,uniform,2000,0.004,0.001,32.518097003544206,False,0.0054703605737293805,0.9301712191971879,29.918803418803417,0.9746562447832137,0.3076890351829412,5.0256410256410255,0.3278923981582379,False
cmv,uniform,2000,0.004,0.002,35.74097935869178,False,0.004398562641229016,0.9370175398249865,31.461538461538463,0.9744159870336997,0.3076890351829412,5.0256410256410255,0.3278923981582379,False
cmv,uniform,2000,0.004,0.005,40.14558352721904,False,0.003172649099059393,0.9488456441809806,33.414529914529915,0.974962159165602,0.3076890351829412,5.0256410256410255,0.3278923981582379,False
cmv,uniform,2000,0.004,0.01,43.88444078111156,False,0.0021647209649621347,0.9562949727122912,34.98717948717948,0.9753060485535411,0.3076890351829412,5.0256410256410255,0.3278923981582379,False
cmv,uniform,2000,0.004,0.02,46.73119644360181,False,0.0013498931327124138,0.9609941182458434,36.136752136752136,0.9755069065078626,0.3076890351829412,5.0256410256410255,0.3278923981582379,False
cmv,uniform,2000,0.004,0.05,48.538190219419604,False,0.0009339267510280638,0.9638338801965194,36.84615384615385,0.9755184792890335,0.3076890351829412,5.0256410256410255,0.3278923981582379,False
cmv,uniform,2000,0.004,0.1,49.25937102273613,False,0.0006772423289752966,0.9650836083257935,37.12393162393162,0.9755899430820216,0.3076890351829412,5.0256410256410255,0.3278923981582379,False
cmv,uniform,2000,0.004,0.2,49.49174133443364,False,0.0007302953676841509,0.9652917288495692,37.21367521367522,0.9756776569539546,0.3076890351829412,5.0256410256410255,0.3278923981582379,False
cmv,uniform,2000,0.004,0.4,49.30516437519348,False,0.0006751844702215541,0.9652379285249572,37.141025641025635,0.9756057154618154,0.3076890351829412,5.0256410256410255,0.3278923981582379,False
cmv,uniform,2000,0.008,0.001,40.59835224840666,False,0.0025182055099775293,0.9492821218723567,33.611111111111114,0.9752454763011955,0.3076890351829412,5.0256410256410255,0.3278923981582379,False
cmv,uniform,2000,0.008,0.002,42.47939390620175,False,0.002584645078519334,0.9526538012940402,34.41025641025641,0.9753303156704115,0.3076890351829412,5.0256410256410255,0.3278923981582379,False
cmv,uniform,2000,0.008,0.005,44.36957986487469,False,0.001739866015239852,0.9566257139354352,35.18803418803419,0.9755115713439196,0.3076890351829412,5.0256410256410255,0.3278923981582379,False
cmv,uniform,2000,0.008,0.01,46.19100435601787,False,0.001369811491683268,0.9597180229936159,35.92307692307693,0.9756725601117088,0.3076890351829412,5.0256410256410255,0.3278923981582379,False
cmv,uniform,2000,0.008,0.02,48.114470719801574,False,0.0008959271947872542,0.9632066581107823,36.679487179487175,0.975835974760404,0.3076890351829412,5.0256410256410255,0.3278923981582379,False
cmv,uniform,2000,0.008,0.05,49.50579452540792,False,0.0006241582571140184,0.9653349705716862,37.21794871794872,0.9758900046113338,0.3076890351829412,5.0256410256410255,0.3278923981582379,False
cmv,uniform,2000,0.008,0.1,49.896008225179614,False,0.00047585840794137194,0.9659170794900609,37.36752136752137,0.9758859088603522,0.3076890351829412,5.0256410256410255,0.3278923981582379,False
cmv,uniform,2000,0.008,0.2,49.79904049068649,False,0.0004883045695740905,0.9659980225600376,37.32905982905983,0.9759148366593738,0.3076890351829412,5.0256410256410255,0.3278923981582379,False
cmv,uniform,2000,0.008,0.4,50.319555011553604,False,0.0005162295166756749,0.9663242147621746,37.52991452991453,0.9759645506023222,0.3076890351829412,5.0256410256410255,0.3278923981582379,False
cmv,uniform,2000,0.012,0.001,44.38751335152973,False,0.0016205270647080923,0.956446426112601,35.1965811965812,0.9755094279285986,0.3076890351829412,5.0256410256410255,0.3278923981582379,False
cmv,uniform,2000,0.012,0.002,45.12881113412436,False,0.0014395220815780992,0.9580216334531447,35.495726495726494,0.9756297084209121,0.3076890351829412,5.0256410256410255,0.3278923981582379,False
cmv,uniform,2000,0.012,0.005,46.213652748659825,False,0.0013425172517698117,0.9598331727386263,35.93162393162393,0.975684826595125,0.3076890351829412,5.0256410256410255,0.3278923981582379,False
cmv,uniform,2000,0.012,0.01,47.60831596384987,False,0.0010395777567385144,0.9621156521306186,36.48290598290598,0.9758482869367825,0.3076890351829412,5.0256410256410255,0.3278923981582379,False
cmv,uniform,2000,0.012,0.02,48.72988427540636,False,0.0007496091760671583,0.9640963556727083,36.918803418803414,0.9759158460584495,0.3076890351829412,5.0256410256410255,0.3278923981582379,False
cmv,uniform,2000,0.012,0.05,49.892494880494155,False,0.0005756372450893387,0.9655942539238961,37.36752136752137,0.9759667521723223,0.3076890351829412,5.0256410256410255,0.3278923981582379,False
cmv,uniform,2000,0.012,0.1,49.99943761134267,False,0.0004160870860501825,0.9661871113269477,37.40598290598291,0.9759783623386441,0.3076890351829412,5.0256410256410255,0.3278923981582379,False
cmv,uniform,2000,0.012,0.2,50.389260251089844,False,0.00044216179632275415,0.9665431372018644,37.55555555555555,0.9760172885885915,0.3076890351829412,5.0256410256410255,0.3278923981582379,False
cmv,uniform,2000,0.012,0.4,50.211050727340094,False,0.0004271031211836254,0.9664163224253275,37.48717948717949,0.9759758658413421,0.3076890351829412,5.0256410256410255,0.3278923981582379,False
cmv,uniform,2000,0.024,0.001,48.27835877763981,False,0.0008673622518359231,0.9633854288707125,36.743589743589745,0.9758836075966162,0.3076890351829412,5.0256410256410255,0.3278923981582379,False
cmv,uniform,2000,0.024,0.002,47.93193737620944,False,0.0008094488856576844,0.9631230366533288,36.60683760683761,0.9758786353715402,0.3076890351829412,5.0256410256410255,0.3278923981582379,False
cmv,uniform,2000,0.024,0.005,48.694720969099485,False,0.000716108611349125,0.9639018261309373,36.90598290598291,0.975907991022845,0.3076890351829412,5.0256410256410255,0.3278923981582379,False
cmv,uniform,2000,0.024,0.01,49.12853175230815,False,0.0006041090433945356,0.9646885288089372,37.072649572649574,0.9759953975057591,0.3076890351829412,5.0256410256410255,0.3278923981582379,False
cmv,uniform,2000,0.024,0.02,49.74649849330293,False,0.000577373407700492,0.9652818336244405,37.31196581196581,0.976008328614081,0.3076890351829412,5.0256410256410255,0.3278923981582379,False
cmv,uniform,2000,0.024,0.05,50.02037248676346,False,0.00044921496136036596,0.9660859101903845,37.414529914529915,0.976013583304742,0.3076890351829412,5.0256410256410255,0.3278923981582379,False
cmv,uniform,2000,0.024,0.1,50.33412276723222,False,0.0004091138137823068,0.9665049043193634,37.53418803418804,0.9760518989305571,0.3076890351829412,5.0256410256410255,0.3278923981582379,False
cmv,uniform,2000,0.024,0.2,50.3907358318835,False,0.0003652526536829137,0.9666201094527701,37.55555555555555,0.9760508106072739,0.3076890351829412,5.0256410256410255,0.3278923981582379,False
cmv,uniform,2000,0.024,0.4,50.30325790491792,False,0.00036095385137921004,0.9666622397048626,37.521367521367516,0.9760470347070284,0.3076890351829412,5.0256410256410255,0.3278923981582379,False
cmv,uniform,2000,0.048,0.001,49.67440829761914,False,0.0004711224969280592,0.9655704810731186,37.28205128205128,0.9760368285608196,0.3076890351829412,5.0256410256410255,0.3278923981582379,False
cmv,uniform,2000,0.048,0.002,49.91870070100259,False,0.0005175080013319344,0.96585437937446,37.376068376068375,0.9760246326937998,0.3076890351829412,5.0256410256410255,0.3278923981582379,False
cmv,uniform,2000,0.048,0.005,49.820356490854266,False,0.0004852717250401152,0.9658624926351793,37.337606837606835,0.9760255507069507,0.3076890351829412,5.0256410256410255,0.3278923981582379,False
cmv,uniform,2000,0.048,0.01,49.81024464251783,False,0.0005272750246016558,0.9659177239631495,37.333333333333336,0.9760300161555361,0.3076890351829412,5.0256410256410255,0.3278923981582379,False
cmv,uniform,2000,0.048,0.02,49.86785010879177,False,0.0004232490420165616,0.966140773398028,37.35470085470086,0.9760151327115535,0.3076890351829412,5.0256410256410255,0.3278923981582379,False
cmv,uniform,2000,0.048,0.05,50.23362594001702,False,0.0004284447583924474,0.9663892488218925,37.495726495726494,0.9760570705431046,0.3076890351829412,5.0256410256410255,0.3278923981582379,False
cmv,uniform,2000,0.048,0.1,50.36800188521772,False,0.0004198016343904586,0.9665689779019276,37.547008547008545,0.9760500795198777,0.3076890351829412,5.0256410256410255,0.3278923981582379,False
cmv,uniform,2000,0.048,0.2,50.545916054826705,False,0.00037487843886545806,0.9666889791349277,37.61538461538462,0.9760479693358018,0.3076890351829412,5.0256410256410255,0.3278923981582379,False
cmv,uniform,2000,0.048,0.4,50.54694021758772,False,0.0003346983847851379,0.9667391620753244,37.61538461538461,0.9760749655686914,0.3076890351829412,5.0256410256410255,0.3278923981582379,False
cmv,uniform,2000,0.1,0.001,50.27974399450015,False,0.0003883491957749342,0.9665448687327635,37.51282051282052,0.9760561691455765,0.3076890351829412,5.0256410256410255,0.3278923981582379,False
cmv,uniform,2000,0.1,0.002,50.34439032103638,False,0.00039082640503919,0.9664458741794305,37.53846153846154,0.9760591516498408,0.3076890351829412,5.0256410256410255,0.3278923981582379,False
cmv,uniform,2000,0.1,0.005,50.42452596505382,False,0.00038347483846949075,0.9666645758620414,37.56837606837607,0.9760624373892184,0.3076890351829412,5.0256410256410255,0.3278923981582379,False
cmv,uniform,2000,0.1,0.01,50.43480578207183,False,0.0003844569326657987,0.9666136839581081,37.57264957264957,0.9760603687441994,0.3076890351829412,5.0256410256410255,0.3278923981582379,False
cmv,uniform,2000,0.1,0.02,50.31145914135594,False,0.0003525209212943618,0.9664485176030593,37.52564102564103,0.9760618558424259,0.3076890351829412,5.0256410256410255,0.3278923981582379,False
cmv,uniform,2000,0.1,0.05,50.46948599233371,False,0.00038850616264928905,0.9667398152033005,37.585470085470085,0.9760500836737833,0.3076890351829412,5.0256410256410255,0.3278923981582379,False
cmv,uniform,2000,0.1,0.1,50.601645260238534,False,0.0004023611827501519,0.9667255809795549,37.636752136752136,0.9760529124835385,0.3076890351829412,5.0256410256410255,0.3278923981582379,False
cmv,uniform,2000,0.1,0.2,50.55839156847808,False,0.0003665099994966765,0.9667798162154915,37.61965811965812,0.9760630397055392,0.3076890351829412,5.0256410256410255,0.3278923981582379,False
cmv,uniform,2000,0.1,0.4,50.56854739066273,False,0.0003331519024972466,0.9667184496357164,37.62393162393162,0.976061353219841,0.3076890351829412,5.0256410256410255,0.3278923981582379,False
cmv,uniform,2000,0.2,0.001,50.401288082585,False,0.0003559358400712295,0.96658152028773,37.55982905982906,0.9760574900875764,0.3076890351829412,5.0256410256410255,0.3278923981582379,False
cmv,uniform,2000,0.2,0.002,50.41434421109999,False,0.0003748163832915307,0.966730429470191,37.56410256410256,0.9760552386707082,0.3076890351829412,5.0256410256410255,0.3278923981582379,False
cmv,uniform,2000,0.2,0.005,50.36827117394786,False,0.00035128631959629824,0.9665789833263873,37.547008547008545,0.976060863058973,0.3076890351829412,5.0256410256410255,0.3278923981582379,False
cmv,uniform,2000,0.2,0.01,50.413313669648986,False,0.00036305197555109876,0.9666540275374796,37.56410256410256,0.9760579844023501,0.3076890351829412,5.0256410256410255,0.3278923981582379,False
cmv,uniform,2000,0.2,0.02,50.57007401308242,False,0.0003587155249314811,0.9668304639587734,37.62393162393162,0.9760586157960104,0.3076890351829412,5.0256410256410255,0.3278923981582379,False
cmv,uniform,2000,0.2,0.05,50.53500308472439,False,0.00034018030142780593,0.9666803197299986,37.61111111111111,0.9760674802306907,0.3076890351829412,5.0256410256410255,0.3278923981582379,False
cmv,uniform,2000,0.2,0.1,50.52518628163432,False,0.00033386142472893255,0.9667629973939368,37.60683760683761,0.9760723195307855,0.3076890351829412,5.0256410256410255,0.3278923981582379,False
cmv,uniform,2000,0.2,0.2,50.4026989459319,False,0.00035482182731883525,0.9666737373470049,37.55982905982906,0.9760680368540493,0.3076890351829412,5.0256410256410255,0.3278923981582379,False
cmv,uniform,2000,0.2,0.4,50.47029470824626,False,0.00034673363679837575,0.9667766071589456,37.585470085470085,0.9760746706413895,0.3076890351829412,5.0256410256410255,0.3278923981582379,False
cmv,uniform,10000,0.0002,0.001,28.657174353523594,False,0.006834528110743289,0.9267756984143815,27.91880341880342,0.9719579465901775,0.3076890351829412,5.0256410256410255,0.3278923981582379,False
cmv,uniform,10000,0.0002,0.002,35.64736923897355,False,0.0047489207231938705,0.9439265548345608,31.384615384615387,0.9723192491506468,0.3076890351829412,5.0256410256410255,0.3278923981582379,False
cmv,uniform,10000,0.0002,0.005,42.76092373901536,False,0.001982700086696764,0.9558455972591101,34.52564102564103,0.9727449538644807,0.3076890351829412,5.0256410256410255,0.3278923981582379,False
cmv,uniform,10000,0.0002,0.01,45.22173644856967,False,0.0012724227500245482,0.9593089055623946,35.542735042735046,0.9724443772508664,0.3076890351829412,5.0256410256410255,0.3278923981582379,False
cmv,uniform,10000,0.0002,0.02,46.87067600897546,False,0.0008245965113324232,0.9619231800843302,36.2008547008547,0.9728923053599856,0.3076890351829412,5.0256410256410255,0.3278923981582379,False
cmv,uniform,10000,0.0002,0.05,47.847699032242865,False,0.0006368641825612319,0.9629384289951819,36.58974358974359,0.9726396149708288,0.3076890351829412,5.0256410256410255,0.3278923981582379,False
cmv,uniform,10000,0.0002,0.1,47.536023345078284,False,0.0006497368940415293,0.9626523695064982,36.46581196581196,0.9727590979132555,0.3076890351829412,5.0256410256410255,0.3278923981582379,False
cmv,uniform,10000,0.0002,0.2,47.81565123700857,False,0.0005879230263743342,0.9629191009178616,36.57692307692307,0.9726610574318498,0.3076890351829412,5.0256410256410255,0.3278923981582379,False
cmv,uniform,10000,0.0002,0.4,47.47430778946961,False,0.000666729223783381,0.9628108437163311,36.440170940170944,0.9727509022573869,0.3076890351829412,5.0256410256410255,0.3278923981582379,False
cmv,uniform,10000,0.0005,0.001,32.86074364444124,False,0.005501960626078866,0.9367026835868953,30.055555555555557,0.973491718100742,0.3076890351829412,5.0256410256410255,0.3278923981582379,False
cmv,uniform,10000,0.0005,0.002,38.22098265374029,False,0.003636544107138498,0.9474090819586932,32.55982905982906,0.9739042050867633,0.3076890351829412,5.0256410256410255,0.3278923981582379,False
cmv,uniform,10000,0.0005,0.005,44.48916687390066,False,0.001813839480458415,0.9577916498724316,35.23931623931624,0.9739325970319547,0.3076890351829412,5.0256410256410255,0.3278923981582379,False
cmv,uniform,10000,0.0005,0.01,46.20465472709865,False,0.001141196096120648,0.9607288848650984,35.93162393162393,0.9739109634912735,0.3076890351829412,5.0256410256410255,0.3278923981582379,False
cmv,uniform,10000,0.0005,0.02,48.35772428161321,False,0.0007630629837718927,0.9634629499035415,36.78205128205128,0.9743580774348829,0.3076890351829412,5.0256410256410255,0.3278923981582379,False
cmv,uniform,10000,0.0005,0.05,49.06178931804234,False,0.0006590090372631259,0.9644535270742162,37.05555555555555,0.9743248960364644,0.3076890351829412,5.0256410256410255,0.3278923981582379,False
cmv,uniform,10000,0.0005,0.1,48.95371744772044,False,0.0005778332912007093,0.9643522358370885,37.01282051282052,0.9744621369255909,0.3076890351829412,5.0256410256410255,0.3278923981582379,False
cmv,uniform,10000,0.0005,0.2,48.96996560120537,False,0.0006153597719456301,0.9646965232820056,37.01709401709402,0.9745158136945397,0.3076890351829412,5.0256410256410255,0.3278923981582379,False
cmv,uniform,10000,0.0005,0.4,49.03323214176469,False,0.0005328427099566665,0.9647551433408057,37.04273504273504,0.9743055554517079,0.3076890351829412,5.0256410256410255,0.3278923981582379,False
cmv,uniform,10000,0.001,0.001,37.460684029562344,False,0.0037377214810642,0.9453715214342792,32.21794871794872,0.9745673387403561,0.3076890351829412,5.0256410256410255,0.3278923981582379,False
cmv,uniform,10000,0.001,0.002,40.88064388194024,False,0.0027070243190589387,0.9519811081024065,33.72222222222223,0.9747168793441441,0.3076890351829412,5.0256410256410255,0.3278923981582379,False
cmv,uniform,10000,0.001,0.005,45.313616323538085,False,0.0015537265429652865,0.9593035243528142,35.568376068376075,0.9749387560611091,0.3076890351829412,5.0256410256410255,0.3278923981582379,False
cmv,uniform,10000,0.001,0.01,47.779593127869155,False,0.0010524838714249785,0.9627138501396176,36.55128205128205,0.9752253963212313,0.3076890351829412,5.0256410256410255,0.3278923981582379,False
cmv,uniform,10000,0.001,0.02,48.58583621034258,False,0.0007862565132824883,0.9644044016311688,36.863247863247864,0.9752403877667611,0.3076890351829412,5.0256410256410255,0.3278923981582379,False
cmv,uniform,10000,0.001,0.05,49.539829120398444,False,0.0006000583016162184,0.9652144161155264,37.23504273504273,0.9752361424751758,0.3076890351829412,5.0256410256410255,0.3278923981582379,False
cmv,uniform,10000,0.001,0.1,49.42210060164697,False,0.0005469913191045478,0.9653629750984717,37.188034188034194,0.9752375298796664,0.3076890351829412,5.0256410256410255,0.3278923981582379,False
cmv,uniform,10000,0.001,0.2,49.551922473939044,False,0.0005040029417313553,0.9654051080940391,37.239316239316246,0.9751152015118622,0.3076890351829412,5.0256410256410255,0.3278923981582379,False
cmv,uniform,10000,0.001,0.4,49.71096524264358,False,0.0005739137363240507,0.9656463101418242,37.2991452991453,0.9753587823859049,0.3076890351829412,5.0256410256410255,0.3278923981582379,False
cmv,uniform,10000,0.002,0.001,41.45010917126799,False,0.002291614593436163,0.9525612148344789,33.96581196581196,0.9751898388887751,0.3076890351829412,5.0256410256410255,0.3278923981582379,False
cmv,uniform,10000,0.002,0.002,44.32111659519602,False,0.0018462558248444,0.956882277311046,35.166666666666664,0.9754315131201192,0.3076890351829412,5.0256410256410255,0.3278923981582379,False
cmv,uniform,10000,0.002,0.005,46.66294126173961,False,0.0012873758954255615,0.9614098296676161,36.10683760683761,0.9754792082649164,0.3076890351829412,5.0256410256410255,0.3278923981582379,False
cmv,uniform,10000,0.002,0.01,48.64587126211152,False,0.0009047903005838372,0.963739845018639,36.88888888888889,0.9756206736761,0.3076890351829412,5.0256410256410255,0.3278923981582379,False
cmv,uniform,10000,0.002,0.02,49.48115634247416,False,0.0006439524644768029,0.9652873860148422,37.20940170940171,0.9757081175441651,0.3076890351829412,5.0256410256410255,0.3278923981582379,False
cmv,uniform,10000,0.002,0.05,50.049343456837,False,0.0005357911015530473,0.9659717402596238,37.427350427350426,0.9758203851524591,0.3076890351829412,5.0256410256410255,0.3278923981582379,False
cmv,uniform,10000,0.002,0.1,49.97447885342115,False,0.000480455785549967,0.966143092722049,37.3974358974359,0.9757764160610397,0.3076890351829412,5.0256410256410255,0.3278923981582379,False
cmv,uniform,10000,0.002,0.2,50.24071818792901,False,0.0004666407578903461,0.9663237663205605,37.5,0.9758094396110429,0.3076890351829412,5.0256410256410255,0.3278923981582379,False
cmv,uniform,10000,0.002,0.4,50.29413458544897,False,0.00048118058288156593,0.9662472106375205,37.52136752136752,0.9757693419596993,0.3076890351829412,5.0256410256410255,0.3278923981582379,False
cmv,uniform,10000,0.004,0.001,45.659632137314276,False,0.0012331839060952697,0.959694657667609,35.705128205128204,0.9756983060189944,0.3076890351829412,5.0256410256410255,0.3278923981582379,False
cmv,uniform,10000,0.004,0.002,46.22585242238163,False,0.0012156480649665557,0.9606758003872531,35.93162393162393,0.9757332403656015,0.3076890351829412,5.0256410256410255,0.3278923981582379,False
cmv,uniform,10000,0.004,0.005,48.08547392758828,False,0.0008944059247221859,0.9634377567111349,36.666666666666664,0.9758302423705921,0.3076890351829412,5.0256410256410255,0.3278923981582379,False
cmv,uniform,10000,0.004,0.01,49.192532294216946,False,0.0007428404312027057,0.96471897067387,37.098290598290596,0.9758696089345392,0.3076890351829412,5.0256410256410255,0.3278923981582379,False
cmv,uniform,10000,0.004,0.02,49.89324340402633,False,0.0005118361250091884,0.9656536346701409,37.36752136752137,0.9759603800810387,0.3076890351829412,5.0256410256410255,0.3278923981582379,False
cmv,uniform,10000,0.004,0.05,50.26585270396685,False,0.00042311528166782774,0.9664148966176865,37.50854700854701,0.9759658050818317,0.3076890351829412,5.0256410256410255,0.3278923981582379,False
cmv,uniform,10000,0.004,0.1,50.299125841319345,False,0.00042827213157189026,0.9664634660476965,37.52136752136752,0.9759337867769983,0.3076890351829412,5.0256410256410255,0.3278923981582379,False
cmv,uniform,10000,0.004,0.2,50.26540293006962,False,0.00042205325498446175,0.9663910032078405,37.508547008547005,0.975956076634774,0.3076890351829412,5.0256410256410255,0.3278923981582379,False
cmv,uniform,10000,0.004,0.4,50.379933705850654,False,0.0004183857504903321,0.966673978380618,37.55128205128205,0.9760056410371186,0.3076890351829412,5.0256410256410255,0.3278923981582379,False
cmv,uniform,10000,0.008,0.001,48.005904930980414,False,0.0008397346778252244,0.9630567182956297,36.63675213675214,0.9758820083429368,0.3076890351829412,5.0256410256410255,0.3278923981582379,False
cmv,uniform,10000,0.008,0.002,48.508116965874514,False,0.0007596816737833161,0.963651802808958,36.833333333333336,0.9759124689331472,0.3076890351829412,5.0256410256410255,0.3278923981582379,False
cmv,uniform,10000,0.008,0.005,49.19571066647947,False,0.0006269745947514672,0.9648508519865774,37.0982905982906,0.9759814029975878,0.3076890351829412,5.0256410256410255,0.3278923981582379,False
cmv,uniform,10000,0.008,0.01,49.54105188167478,False,0.0004611325790164141,0.9654362355703473,37.230769230769226,0.9759864084539092,0.3076890351829412,5.0256410256410255,0.3278923981582379,False
cmv,uniform,10000,0.008,0.02,50.32936100297384,False,0.00043953390855292797,0.9662082732974278,37.53418803418804,0.9759992938692689,0.3076890351829412,5.0256410256410255,0.3278923981582379,False
cmv,uniform,10000,0.008,0.05,50.1347387655275,False,0.00037324998445644494,0.9664070384029534,37.45726495726496,0.9760320058763475,0.3076890351829412,5.0256410256410255,0.3278923981582379,False
cmv,uniform,10000,0.008,0.1,50.467974585785726,False,0.00040017500208219434,0.9666280978101786,37.585470085470085,0.9760537224951422,0.3076890351829412,5.0256410256410255,0.3278923981582379,False
cmv,uniform,10000,0.008,0.2,50.591242230392275,False,0.00037234168919482696,0.9667816477362194,37.63247863247864,0.9760405753837258,0.3076890351829412,5.0256410256410255,0.3278923981582379,False
cmv,uniform,10000,0.008,0.4,50.45751704720916,False,0.0003957572317479667,0.9666937715235623,37.58119658119658,0.9760243419204033,0.3076890351829412,5.0256410256410255,0.3278923981582379,False
cmv,uniform,10000,0.012,0.001,49.336664862975184,False,0.0006357030125143431,0.9648103646201657,37.15384615384615,0.9760062682768735,0.3076890351829412,5.0256410256410255,0.3278923981582379,False
cmv,uniform,10000,0.012,0.002,49.350814034996574,False,0.0006485374646470044,0.9650581468628757,37.15811965811966,0.9759926559280231,0.3076890351829412,5.0256410256410255,0.3278923981582379,False
cmv,uniform,10000,0.012,0.005,49.64077741342815,False,0.0005457667508796264,0.9655245231236548,37.269230769230774,0.976015934415346,0.3076890351829412,5.0256410256410255,0.3278923981582379,False
cmv,uniform,10000,0.012,0.01,50.04978537018221,False,0.0004907814500515121,0.9658118568483062,37.42735042735043,0.9760414601656314,0.3076890351829412,5.0256410256410255,0.3278923981582379,False
cmv,uniform,10000,0.012,0.02,50.14400224990348,False,0.0004447550363570834,0.9662755395176794,37.46153846153846,0.9760417592468391,0.3076890351829412,5.0256410256410255,0.3278923981582379,False
cmv,uniform,10000,0.012,0.05,50.40099799390343,False,0.00040887297609530605,0.9665674621597719,37.55982905982906,0.9760496599754059,0.3076890351829412,5.0256410256410255,0.3278923981582379,False
cmv,uniform,10000,0.012,0.1,50.557560114918374,False,0.0003536034639309045,0.9667302464396098,37.61965811965812,0.9760513215376703,0.3076890351829412,5.0256410256410255,0.3278923981582379,False
cmv,uniform,10000,0.012,0.2,50.63568028061295,False,0.0003493148606401432,0.9667787870890218,37.64957264957264,0.9760679122368794,0.3076890351829412,5.0256410256410255,0.3278923981582379,False
cmv,uniform,10000,0.012,0.4,50.54647839717497,False,0.00037489763671251107,0.9667313965215075,37.61538461538461,0.9760456306869149,0.3076890351829412,5.0256410256410255,0.3278923981582379,False
cmv,uniform,10000,0.024,0.001,49.82150726368624,False,0.00043140790535638304,0.9659397413831382,37.337606837606835,0.9760319061826118,0.3076890351829412,5.0256410256410255,0.3278923981582379,False
cmv,uniform,10000,0.024,0.002,49.95622144598787,False,0.0004601949174512138,0.9661844837124364,37.38888888888889,0.9760313578670644,0.3076890351829412,5.0256410256410255,0.3278923981582379,False
cmv,uniform,10000,0.024,0.005,50.01098194776704,False,0.00040542116785525855,0.9661748153559012,37.410256410256416,0.976041161084424,0.3076890351829412,5.0256410256410255,0.3278923981582379,False
cmv,uniform,10000,0.024,0.01,50.12241614189379,False,0.0004306856534293754,0.9662778571712303,37.452991452991455,0.9760692456405965,0.3076890351829412,5.0256410256410255,0.3278923981582379,False
cmv,uniform,10000,0.024,0.02,50.4124544795587,False,0.00036928957238586583,0.9665918303918555,37.56410256410256,0.9760585327178973,0.3076890351829412,5.0256410256410255,0.3278923981582379,False
cmv,uniform,10000,0.024,0.05,50.43568697822119,False,0.0003706261066634026,0.9666790103908601,37.572649572649574,0.9760580300953124,0.3076890351829412,5.0256410256410255,0.3278923981582379,False
cmv,uniform,10000,0.024,0.1,50.53693371773662,False,0.00037479551174294926,0.9668344375028465,37.61111111111111,0.976049635051972,0.3076890351829412,5.0256410256410255,0.3278923981582379,False
cmv,uniform,10000,0.024,0.2,50.59234894087589,False,0.0003607901288840465,0.9668461866033661,37.63247863247863,0.9760578307078406,0.3076890351829412,5.0256410256410255,0.3278923981582379,False
cmv,uniform,10000,0.024,0.4,50.42528087528323,False,0.00037682476794747557,0.9667163584720307,37.56837606837606,0.976065257891162,0.3076890351829412,5.0256410256410255,0.3278923981582379,False
cmv,uniform,10000,0.048,0.001,50.43452005694529,False,0.00035893374957403866,0.966596543396795,37.572649572649574,0.9760564599189725,0.3076890351829412,5.0256410256410255,0.3278923981582379,False
cmv,uniform,10000,0.048,0.002,50.45732191344276,False,0.0003506202941960764,0.9666442885919082,37.581196581196586,0.9760652911224073,0.3076890351829412,5.0256410256410255,0.3278923981582379,False
cmv,uniform,10000,0.048,0.005,50.5126411994561,False,0.000366351429486413,0.9666563220112955,37.60256410256411,0.9760694034890115,0.3076890351829412,5.0256410256410255,0.3278923981582379,False
cmv,uniform,10000,0.048,0.01,50.50184153416694,False,0.0003412788275884496,0.9666844948672034,37.598290598290596,0.9760554255964631,0.3076890351829412,5.0256410256410255,0.3278923981582379,False
cmv,uniform,10000,0.048,0.02,50.335786903810366,False,0.0003525777752590172,0.9666109447125627,37.53418803418803,0.9760675051541247,0.3076890351829412,5.0256410256410255,0.3278923981582379,False
cmv,uniform,10000,0.048,0.05,50.491913421496896,False,0.00035025121041453724,0.9667524807293185,37.5940170940171,0.9760676380791059,0.3076890351829412,5.0256410256410255,0.3278923981582379,False
cmv,uniform,10000,0.048,0.1,50.669788399984576,False,0.0003242382868177981,0.9668460259691892,37.66239316239316,0.9760716839832194,0.3076890351829412,5.0256410256410255,0.3278923981582379,False
cmv,uniform,10000,0.048,0.2,50.55889492685462,False,0.00035340247934767923,0.9668080604365752,37.61965811965812,0.9760721699901816,0.3076890351829412,5.0256410256410255,0.3278923981582379,False
cmv,uniform,10000,0.048,0.4,50.55828454741604,False,0.00035248907949574077,0.9667745579723613,37.61965811965812,0.9760602358192182,0.3076890351829412,5.0256410256410255,0.3278923981582379,False
cmv,uniform,10000,0.1,0.001,50.51361889869611,False,0.0003410270055021459,0.9667349503974257,37.6025641025641,0.9760597041192937,0.3076890351829412,5.0256410256410255,0.3278923981582379,False
cmv,uniform,10000,0.1,0.002,50.45851846960347,False,0.00032516549037983015,0.9667226688433943,37.58119658119658,0.9760740309399177,0.3076890351829412,5.0256410256410255,0.3278923981582379,False
cmv,uniform,10000,0.1,0.005,50.64760871408802,False,0.0003445623926278261,0.966842280252847,37.65384615384616,0.9760682154719925,0.3076890351829412,5.0256410256410255,0.3278923981582379,False
cmv,uniform,10000,0.1,0.01,50.43632216973733,False,0.00033946281943296236,0.9667146345188353,37.572649572649574,0.9760695779530494,0.3076890351829412,5.0256410256410255,0.3278923981582379,False
cmv,uniform,10000,0.1,0.02,50.47020001416634,False,0.0003637018847331375,0.9667742523369608,37.585470085470085,0.9760695364139927,0.3076890351829412,5.0256410256410255,0.3278923981582379,False
cmv,uniform,10000,0.1,0.05,50.58084945993951,False,0.00032375413898956323,0.9667979203993812,37.62820512820513,0.9760749198757291,0.3076890351829412,5.0256410256410255,0.3278923981582379,False
cmv,uniform,10000,0.1,0.1,50.62557676760093,False,0.0003250419515114534,0.9668393049886704,37.64529914529915,0.9760756301935971,0.3076890351829412,5.0256410256410255,0.3278923981582379,False
cmv,uniform,10000,0.1,0.2,50.448303189853746,False,0.00034389540653053877,0.9667875212631626,37.57692307692307,0.9760655611262754,0.3076890351829412,5.0256410256410255,0.3278923981582379,False
cmv,uniform,10000,0.1,0.4,50.62527225983655,False,0.00033454061133231174,0.9668156489444155,37.64529914529915,0.9760776946847104,0.3076890351829412,5.0256410256410255,0.3278923981582379,False
cmv,uniform,10000,0.2,0.001,50.55904692147976,False,0.00033008778296748204,0.9668227746434278,37.61965811965812,0.9760677834658038,0.3076890351829412,5.0256410256410255,0.3278923981582379,False
cmv,uniform,10000,0.2,0.002,50.58077428348684,False,0.00034652460991762136,0.9668043198178737,37.62820512820513,0.9760612950651617,0.3076890351829412,5.0256410256410255,0.3278923981582379,False
cmv,uniform,10000,0.2,0.005,50.603767082826124,False,0.00032121896828917276,0.9668620223044879,37.636752136752136,0.9760713267473324,0.3076890351829412,5.0256410256410255,0.3278923981582379,False
cmv,uniform,10000,0.2,0.01,50.537677892469226,False,0.0003332309244944888,0.9668742504532792,37.61111111111111,0.9760653742005206,0.3076890351829412,5.0256410256410255,0.3278923981582379,False
cmv,uniform,10000,0.2,0.02,50.492276426705715,False,0.00032459274536482245,0.9667769157977902,37.5940170940171,0.9760695281061814,0.3076890351829412,5.0256410256410255,0.3278923981582379,False
cmv,uniform,10000,0.2,0.05,50.592108081869824,False,0.00034200624196892537,0.9668197352841875,37.63247863247864,0.9760684023977473,0.3076890351829412,5.0256410256410255,0.3278923981582379,False
cmv,uniform,10000,0.2,0.1,50.559101568283246,False,0.0003193813803850165,0.9668306269839161,37.61965811965812,0.9760632474008224,0.3076890351829412,5.0256410256410255,0.3278923981582379,False
cmv,uniform,10000,0.2,0.2,50.503918251331555,False,0.00033072053712129574,0.9668272696910445,37.598290598290596,0.9760627946251054,0.3076890351829412,5.0256410256410255,0.3278923981582379,False
cmv,uniform,10000,0.2,0.4,50.61383475527595,False,0.0003387067953569118,0.9667947444981202,37.64102564102564,0.9760686848633323,0.3076890351829412,5.0256410256410255,0.3278923981582379,False
